unique_id,ds,Chronos-q-5,Chronos-q-10,Chronos-q-50,Chronos-q-90,Chronos-q-95
AAA,2019-01-31,-0.30731818079948425,-0.24784240126609802,-0.066495247185230255,0.12124383449554443,0.18578936159610748
AAA,2019-02-28,-0.29693412780761719,-0.23437958955764771,-0.041426464915275574,0.15914253890514374,0.22793881595134735
AAA,2019-03-31,-0.25620582699775696,-0.19277496635913849,0.0046381037682294846,0.20871438086032867,0.27623489499092102
AAA,2019-04-30,-0.26830169558525085,-0.20399849116802216,-0.0031154989264905453,0.19949057698249817,0.26575830578804016
AAA,2019-05-31,-0.28779077529907227,-0.2237347811460495,-0.024635132402181625,0.18575204908847809,0.25492426753044128
AAA,2019-06-30,-0.28766465187072754,-0.22431346774101257,-0.018054068088531494,0.18774254620075226,0.25315934419631958
AAA,2019-07-31,-0.28347787261009216,-0.21943812072277069,-0.018010737374424934,0.18578669428825378,0.25144743919372559
AAA,2019-08-31,-0.28168517351150513,-0.21774198114871979,-0.016999036073684692,0.18785768747329712,0.25522145628929138
AAA,2019-09-30,-0.28111350536346436,-0.21847157180309296,-0.021117988973855972,0.17986577749252319,0.24771229922771454
AAA,2019-10-31,-0.27693784236907959,-0.21185210347175598,-0.014984352514147758,0.19013293087482452,0.26045966148376465
AAA,2019-11-30,-0.26775309443473816,-0.20562303066253662,-0.010546219535171986,0.18868216872215271,0.25603750348091125
AAA,2019-12-31,-0.27533605694770813,-0.21334320306777954,-0.019086439162492752,0.18121713399887085,0.2471480518579483
AAA,2020-01-31,-0.28475353121757507,-0.21813726425170898,-0.015034791082143784,0.1867055743932724,0.25270426273345947
AAA,2020-02-29,-0.28083193302154541,-0.21399234235286713,-0.010147655382752419,0.19133085012435913,0.25602191686630249
AAA,2020-03-31,-0.28304362297058105,-0.21630434691905975,-0.013074498623609543,0.19126144051551819,0.25971499085426331
AAA,2020-04-30,-0.28691920638084412,-0.21977443993091583,-0.016309693455696106,0.18769542872905731,0.25457385182380676
AAA,2020-05-31,-0.27549001574516296,-0.2138078510761261,-0.012109773233532906,0.19173209369182587,0.25583881139755249
AAA,2020-06-30,-0.27570515871047974,-0.21531219780445099,-0.016505392268300056,0.18775829672813416,0.25212773680686951
AAA,2020-07-31,-0.2706475555896759,-0.20982465147972107,-0.0135799590498209,0.18354547023773193,0.24537764489650726
AAA,2020-08-31,-0.27861705422401428,-0.21577726304531097,-0.016447151079773903,0.18283398449420929,0.24623022973537445
AAA,2020-09-30,-0.27468967437744141,-0.21392825245857239,-0.017298988997936249,0.1873496025800705,0.25464844703674316
AAA,2020-10-31,-0.27781727910041809,-0.21748852729797363,-0.014979883097112179,0.18582415580749512,0.24950893223285675
AAA,2020-11-30,-0.27638658881187439,-0.21451453864574432,-0.014625778421759605,0.18559646606445312,0.24958433210849762
AAA,2020-12-31,-0.27570539712905884,-0.2143583744764328,-0.015022406354546547,0.18958032131195068,0.25574517250061035
AAAFFM,2019-01-31,1.2953776121139526,1.4006401300430298,1.6746201515197754,1.9240189790725708,2.0449991226196289
AAAFFM,2019-02-28,1.1077114343643188,1.2432315349578857,1.6297817230224609,2.0473499298095703,2.1904306411743164
AAAFFM,2019-03-31,0.94103801250457764,1.1127681732177734,1.603236198425293,2.1199302673339844,2.305854320526123
AAAFFM,2019-04-30,0.81202483177185059,1.0121560096740723,1.6093926429748535,2.2136986255645752,2.4192054271697998
AAAFFM,2019-05-31,0.64800119400024414,0.89911913871765137,1.6048413515090942,2.3211979866027832,2.5684127807617188
AAAFFM,2019-06-30,0.53570294380187988,0.8023298978805542,1.603750467300415,2.4218862056732178,2.6961007118225098
AAAFFM,2019-07-31,0.43601417541503906,0.72618222236633301,1.5995033979415894,2.4963078498840332,2.8023107051849365
AAAFFM,2019-08-31,0.3422691822052002,0.65349352359771729,1.6001832485198975,2.6161220073699951,2.9654915332794189
AAAFFM,2019-09-30,0.25194835662841797,0.587485671043396,1.5979735851287842,2.6789684295654297,3.0612907409667969
AAAFFM,2019-10-31,0.17268991470336914,0.53947055339813232,1.6206746101379395,2.7828109264373779,3.2061681747436523
AAAFFM,2019-11-30,0.090774774551391602,0.47870922088623047,1.6493864059448242,2.8865747451782227,3.3462104797363281
AAAFFM,2019-12-31,0.033022880554199219,0.42903280258178711,1.6686251163482666,2.994373083114624,3.4752421379089355
AAAFFM,2020-01-31,0.028659582138061523,0.43299627304077148,1.682500958442688,3.0637075901031494,3.5700044631958008
AAAFFM,2020-02-29,-0.043902873992919922,0.3731997013092041,1.7058627605438232,3.1634044647216797,3.685401439666748
AAAFFM,2020-03-31,-0.074886560440063477,0.35752558708190918,1.7208130359649658,3.2277438640594482,3.7583956718444824
AAAFFM,2020-04-30,-0.13074541091918945,0.32689738273620605,1.7640353441238403,3.2858142852783203,3.8153724670410156
AAAFFM,2020-05-31,-0.39898824691772461,0.18333840370178223,1.7962570190429688,3.5215849876403809,4.1145029067993164
AAAFFM,2020-06-30,-0.46138310432434082,0.13550615310668945,1.822791576385498,3.5830209255218506,4.1835880279541016
AAAFFM,2020-07-31,-0.54308271408081055,0.094896316528320312,1.8413572311401367,3.6180634498596191,4.2275862693786621
AAAFFM,2020-08-31,-0.55179476737976074,0.09386754035949707,1.8518675565719604,3.7076802253723145,4.3437447547912598
AAAFFM,2020-09-30,-0.5428316593170166,0.12571382522583008,1.917536735534668,3.8040575981140137,4.4636921882629395
AAAFFM,2020-10-31,-0.59340786933898926,0.09675288200378418,1.961296558380127,3.8688898086547852,4.5116815567016602
AAAFFM,2020-11-30,-0.63393831253051758,0.071504354476928711,2.0051798820495605,3.9314074516296387,4.593604564666748
AAAFFM,2020-12-31,-0.61058402061462402,0.086312532424926758,2.0293416976928711,3.9876852035522461,4.6580095291137695
ACOGNO,2019-01-31,-0.024176092818379402,-0.017727434635162354,0.0012785709695890546,0.020045286044478416,0.026090357452630997
ACOGNO,2019-02-28,-0.024010077118873596,-0.017605755478143692,0.002037079306319356,0.021693821996450424,0.027970714494585991
ACOGNO,2019-03-31,-0.026395775377750397,-0.019608689472079277,0.0006184801459312439,0.02050451934337616,0.026810409501194954
ACOGNO,2019-04-30,-0.025432605296373367,-0.018312560394406319,0.0025966777466237545,0.022524479776620865,0.028753861784934998
ACOGNO,2019-05-31,-0.025950782001018524,-0.019073929637670517,0.0014527975581586361,0.021540399640798569,0.027917478233575821
ACOGNO,2019-06-30,-0.026893066242337227,-0.019930506125092506,0.00069423159584403038,0.020733507350087166,0.027046676725149155
ACOGNO,2019-07-31,-0.025512475520372391,-0.018518932163715363,0.002439501229673624,0.02236737497150898,0.028501227498054504
ACOGNO,2019-08-31,-0.025385748594999313,-0.018430599942803383,0.0027819362003356218,0.022857865318655968,0.029177384451031685
ACOGNO,2019-09-30,-0.02618853934109211,-0.019385825842618942,0.0015845044981688261,0.02138797752559185,0.027809394523501396
ACOGNO,2019-10-31,-0.026119865477085114,-0.019090708345174789,0.0018346842844039202,0.022323723882436752,0.029164385050535202
ACOGNO,2019-11-30,-0.026528295129537582,-0.019437612965703011,0.0019134097965434194,0.022359171882271767,0.028800388798117638
ACOGNO,2019-12-31,-0.026878565549850464,-0.019782945513725281,0.002173928776755929,0.02300603874027729,0.02959451824426651
ACOGNO,2020-01-31,-0.027093455195426941,-0.019892260432243347,0.0019023639615625143,0.022782446816563606,0.029329970479011536
ACOGNO,2020-02-29,-0.027372078970074654,-0.020055327564477921,0.0020105177536606789,0.023060142993927002,0.029545675963163376
ACOGNO,2020-03-31,-0.027368867769837379,-0.020018406212329865,0.0022180487867444754,0.023068374022841454,0.029649561271071434
ACOGNO,2020-04-30,-0.027714649215340614,-0.020206544548273087,0.0022027287632226944,0.023083094507455826,0.029699230566620827
ACOGNO,2020-05-31,-0.025062248110771179,-0.018179401755332947,0.002367513021454215,0.022287745028734207,0.028840139508247375
ACOGNO,2020-06-30,-0.025066357105970383,-0.018186332657933235,0.0022919178009033203,0.021997271105647087,0.028460431843996048
ACOGNO,2020-07-31,-0.02536454051733017,-0.018372246995568275,0.0022740019485354424,0.022154754027724266,0.028687311336398125
ACOGNO,2020-08-31,-0.025705067440867424,-0.018729314208030701,0.0021161572076380253,0.022263260558247566,0.028928842395544052
ACOGNO,2020-09-30,-0.025402741506695747,-0.018341327086091042,0.0023203331511467695,0.022290619090199471,0.028939351439476013
ACOGNO,2020-10-31,-0.025825032964348793,-0.018665548413991928,0.0024797171354293823,0.022519247606396675,0.029152112081646919
ACOGNO,2020-11-30,-0.026247601956129074,-0.018889117985963821,0.0024549541994929314,0.022572968155145645,0.029222592711448669
ACOGNO,2020-12-31,-0.026164734736084938,-0.018925067037343979,0.0024167459923774004,0.02284620888531208,0.029701277613639832
AMDMNOx,2019-01-31,-0.078282430768013,-0.063463352620601654,-0.023412683978676796,0.0098324399441480637,0.020290464162826538
AMDMNOx,2019-02-28,-0.037970293313264847,-0.023519687354564667,0.016593156382441521,0.055449135601520538,0.068682014942169189
AMDMNOx,2019-03-31,-0.086379848420619965,-0.068924032151699066,-0.022321436554193497,0.020327994599938393,0.034034837037324905
AMDMNOx,2019-04-30,-0.058343797922134399,-0.041175708174705505,0.0062314858660101891,0.052081596106290817,0.066756851971149445
AMDMNOx,2019-05-31,-0.063079893589019775,-0.045715354382991791,0.0026180916465818882,0.048112817108631134,0.062023047357797623
AMDMNOx,2019-06-30,-0.058805216103792191,-0.042041677981615067,0.0060565713793039322,0.052591994404792786,0.067042544484138489
AMDMNOx,2019-07-31,-0.073974542319774628,-0.05639074370265007,-0.0072302976623177528,0.038421180099248886,0.052774772047996521
AMDMNOx,2019-08-31,-0.060952194035053253,-0.044009119272232056,0.0042059510014951229,0.050216540694236755,0.064759872853755951
AMDMNOx,2019-09-30,-0.069816485047340393,-0.05149555578827858,-0.0015166837256401777,0.044005591422319412,0.058144129812717438
AMDMNOx,2019-10-31,-0.063711315393447876,-0.046094752848148346,0.003020961070433259,0.049210209399461746,0.063812248408794403
AMDMNOx,2019-11-30,-0.068839281797409058,-0.05013512447476387,0.00070217438042163849,0.047761730849742889,0.062151391059160233
AMDMNOx,2019-12-31,-0.067258186638355255,-0.049055848270654678,0.0024920401629060507,0.05048273503780365,0.065419584512710571
AMDMNOx,2020-01-31,-0.069832704961299896,-0.051404949277639389,-0.00047274632379412651,0.047484949231147766,0.062166366726160049
AMDMNOx,2020-02-29,-0.067778848111629486,-0.049187939614057541,0.0025788596831262112,0.050751630216836929,0.065821543335914612
AMDMNOx,2020-03-31,-0.067221015691757202,-0.048860687762498856,0.0027285849209874868,0.050546802580356598,0.065581128001213074
AMDMNOx,2020-04-30,-0.069383397698402405,-0.050368525087833405,0.002471147570759058,0.050721641629934311,0.066160142421722412
AMDMNOx,2020-05-31,-0.067188151180744171,-0.048087209463119507,0.0029812317807227373,0.050395768135786057,0.066061899065971375
AMDMNOx,2020-06-30,-0.066934026777744293,-0.047875776886940002,0.0033084475435316563,0.050478048622608185,0.066083289682865143
AMDMNOx,2020-07-31,-0.067803353071212769,-0.048391997814178467,0.0031647095456719398,0.051008440554141998,0.066756442189216614
AMDMNOx,2020-08-31,-0.067757576704025269,-0.048631180077791214,0.0032972360495477915,0.051505450159311295,0.067498542368412018
AMDMNOx,2020-09-30,-0.067442961037158966,-0.048002559691667557,0.0035552000626921654,0.05158722773194313,0.067346729338169098
AMDMNOx,2020-10-31,-0.068174459040164948,-0.048448227345943451,0.0038456434849649668,0.051781706511974335,0.067664854228496552
AMDMNOx,2020-11-30,-0.068466812372207642,-0.048485580831766129,0.0036315126344561577,0.050917956978082657,0.066639669239521027
AMDMNOx,2020-12-31,-0.067142501473426819,-0.0475938580930233,0.0040003550238907337,0.05118907243013382,0.067042991518974304
AMDMUOx,2019-01-31,-0.013885350897908211,-0.0118360985070467,-0.0048125414177775383,0.0025335485115647316,0.005052921362221241
AMDMUOx,2019-02-28,-0.010590645484626293,-0.0082452725619077682,-0.00054056337103247643,0.007497978862375021,0.010368077084422112
AMDMUOx,2019-03-31,-0.015064919367432594,-0.012640073895454407,-0.0046085948124527931,0.0041472902521491051,0.007046140730381012
AMDMUOx,2019-04-30,-0.014313578605651855,-0.011713964864611626,-0.0034330817870795727,0.0052647297270596027,0.0081554176285862923
AMDMUOx,2019-05-31,-0.014704655855894089,-0.012048866599798203,-0.0031201150268316269,0.0061160977929830551,0.0091884788125753403
AMDMUOx,2019-06-30,-0.013140011578798294,-0.010422714985907078,-0.0011420221999287605,0.0081009678542613983,0.011283520609140396
AMDMUOx,2019-07-31,-0.014566501602530479,-0.011790022253990173,-0.002611958421766758,0.0068761389702558517,0.010173453018069267
AMDMUOx,2019-08-31,-0.013782545924186707,-0.011073210276663303,-0.0019316975958645344,0.0076248962432146072,0.010896110907196999
AMDMUOx,2019-09-30,-0.014676054939627647,-0.011762462556362152,-0.0022881622426211834,0.0075305169448256493,0.010931884869933128
AMDMUOx,2019-10-31,-0.014467749744653702,-0.011521747335791588,-0.0016791382804512978,0.008399629034101963,0.011954615823924541
AMDMUOx,2019-11-30,-0.014965387061238289,-0.011881401762366295,-0.0016653933562338352,0.0086039919406175613,0.012122015468776226
AMDMUOx,2019-12-31,-0.014503652229905128,-0.011478052474558353,-0.001366050448268652,0.0089661739766597748,0.012433147989213467
AMDMUOx,2020-01-31,-0.014800693839788437,-0.011695118620991707,-0.0015526702627539635,0.0087897814810276031,0.012347289361059666
AMDMUOx,2020-02-29,-0.015243792906403542,-0.012063514441251755,-0.001425083726644516,0.0092823971062898636,0.012976952828466892
AMDMUOx,2020-03-31,-0.014784354716539383,-0.011641758494079113,-0.001145560760051012,0.00959760881960392,0.013385974802076817
AMDMUOx,2020-04-30,-0.014923768118023872,-0.011631868779659271,-0.00095532089471817017,0.0097406450659036636,0.013537957333028316
AMDMUOx,2020-05-31,-0.015635563060641289,-0.012381259351968765,-0.0014342381618916988,0.0098782647401094437,0.013904635794460773
AMDMUOx,2020-06-30,-0.015771547332406044,-0.012417107820510864,-0.0014545009471476078,0.010006716474890709,0.014138969592750072
AMDMUOx,2020-07-31,-0.015871100127696991,-0.012444542720913887,-0.0012968205846846104,0.010160172358155251,0.014322075992822647
AMDMUOx,2020-08-31,-0.015638511627912521,-0.012231873348355293,-0.0013194368220865726,0.01037137396633625,0.014611219987273216
AMDMUOx,2020-09-30,-0.015863360837101936,-0.012346753850579262,-0.0010606185533106327,0.010691295377910137,0.014908093027770519
AMDMUOx,2020-10-31,-0.015832537785172462,-0.012265654280781746,-0.00096366694197058678,0.010977905243635178,0.015148723497986794
AMDMUOx,2020-11-30,-0.015716884285211563,-0.012231318280100822,-0.00080812163650989532,0.011114785447716713,0.015339783392846584
AMDMUOx,2020-12-31,-0.015481984242796898,-0.012068804353475571,-0.00069441692903637886,0.011193160898983479,0.015424883924424648
ANDENOx,2019-01-31,-0.15031886100769043,-0.12131523340940475,-0.043347697705030441,0.024955585598945618,0.046403754502534866
ANDENOx,2019-02-28,-0.10962001979351044,-0.080431796610355377,-0.00060566351749002934,0.075475409626960754,0.10026926547288895
ANDENOx,2019-03-31,-0.14587180316448212,-0.11313371360301971,-0.024175968021154404,0.057997941970825195,0.085089951753616333
ANDENOx,2019-04-30,-0.13080400228500366,-0.097978651523590088,-0.0029848797712475061,0.087426915764808655,0.11636386811733246
ANDENOx,2019-05-31,-0.13153858482837677,-0.0971880704164505,0.0015760945389047265,0.098078593611717224,0.12761956453323364
ANDENOx,2019-06-30,-0.11069969087839127,-0.076759219169616699,0.020909719169139862,0.11620212346315384,0.14673124253749847
ANDENOx,2019-07-31,-0.14832645654678345,-0.11248567700386047,-0.012083164416253567,0.08178267627954483,0.11178367584943771
ANDENOx,2019-08-31,-0.13137063384056091,-0.09661797434091568,0.0025398954749107361,0.098509937524795532,0.1291411817073822
ANDENOx,2019-09-30,-0.14440228044986725,-0.10717833787202835,-0.0045895567163825035,0.091579511761665344,0.12203583121299744
ANDENOx,2019-10-31,-0.14184226095676422,-0.10437021404504776,-0.00062436820007860661,0.097652465105056763,0.12939912080764771
ANDENOx,2019-11-30,-0.14676158130168915,-0.10718213766813278,0.00038714171387255192,0.1013106033205986,0.13194705545902252
ANDENOx,2019-12-31,-0.14766541123390198,-0.10877809673547745,0.0018586649093776941,0.10608276724815369,0.13856777548789978
ANDENOx,2020-01-31,-0.15438860654830933,-0.11503717303276062,-0.0062858220189809799,0.097851738333702087,0.12982475757598877
ANDENOx,2020-02-29,-0.150795578956604,-0.1109052449464798,-0.0013302403967827559,0.10126907378435135,0.13328877091407776
ANDENOx,2020-03-31,-0.14496409893035889,-0.10625921934843063,0.001826027873903513,0.10224727541208267,0.13394975662231445
ANDENOx,2020-04-30,-0.14668303728103638,-0.10704866796731949,0.0024811995681375265,0.10435955226421356,0.13720192015171051
ANDENOx,2020-05-31,-0.15156795084476471,-0.11003696918487549,0.0025130847934633493,0.11031229794025421,0.1482069343328476
ANDENOx,2020-06-30,-0.15249654650688171,-0.11077545583248138,0.0017523713177070022,0.10911792516708374,0.1472497433423996
ANDENOx,2020-07-31,-0.15511220693588257,-0.11253884434700012,0.0020933751948177814,0.11228648573160172,0.15094131231307983
ANDENOx,2020-08-31,-0.15544717013835907,-0.11390814930200577,0.0015486464835703373,0.11365941911935806,0.15375806391239166
ANDENOx,2020-09-30,-0.15701819956302643,-0.11340957134962082,0.0024196300655603409,0.11486633867025375,0.15436705946922302
ANDENOx,2020-10-31,-0.15976940095424652,-0.11484666913747787,0.0021468810737133026,0.11380825936794281,0.15358106791973114
ANDENOx,2020-11-30,-0.15798327326774597,-0.11335121840238571,0.00240743113681674,0.11163432896137238,0.1507212370634079
ANDENOx,2020-12-31,-0.15558290481567383,-0.11196504533290863,0.0026442217640578747,0.11135385930538177,0.15059061348438263
AWHMAN,2019-01-31,41.702892303466797,41.795562744140625,41.999794006347656,42.172027587890625,42.226428985595703
AWHMAN,2019-02-28,41.642723083496094,41.749240875244141,41.986812591552734,42.181610107421875,42.247604370117188
AWHMAN,2019-03-31,41.578121185302734,41.695865631103516,41.974338531494141,42.199722290039062,42.273677825927734
AWHMAN,2019-04-30,41.531768798828125,41.663551330566406,41.969707489013672,42.227714538574219,42.308811187744141
AWHMAN,2019-05-31,41.528331756591797,41.6578369140625,41.973476409912109,42.247837066650391,42.337020874023438
AWHMAN,2019-06-30,41.477836608886719,41.623752593994141,41.962383270263672,42.265434265136719,42.362300872802734
AWHMAN,2019-07-31,41.431591033935547,41.583538055419922,41.959537506103516,42.281940460205078,42.3875732421875
AWHMAN,2019-08-31,41.404251098632812,41.558425903320312,41.951927185058594,42.286872863769531,42.394477844238281
AWHMAN,2019-09-30,41.322643280029297,41.485614776611328,41.933242797851562,42.324687957763672,42.449329376220703
AWHMAN,2019-10-31,41.338306427001953,41.507038116455078,41.952274322509766,42.316337585449219,42.432571411132812
AWHMAN,2019-11-30,41.310173034667969,41.485095977783203,41.943775177001953,42.335403442382812,42.462238311767578
AWHMAN,2019-12-31,41.269248962402344,41.439804077148438,41.936614990234375,42.348434448242188,42.484455108642578
AWHMAN,2020-01-31,41.210765838623047,41.395698547363281,41.926494598388672,42.362010955810547,42.50726318359375
AWHMAN,2020-02-29,41.209747314453125,41.393642425537109,41.914649963378906,42.354244232177734,42.515270233154297
AWHMAN,2020-03-31,41.205570220947266,41.386188507080078,41.914669036865234,42.349887847900391,42.495090484619141
AWHMAN,2020-04-30,41.181373596191406,41.370460510253906,41.909019470214844,42.355831146240234,42.506721496582031
AWHMAN,2020-05-31,41.197052001953125,41.407306671142578,41.942413330078125,42.403656005859375,42.553142547607422
AWHMAN,2020-06-30,41.190834045410156,41.400619506835938,41.946266174316406,42.403064727783203,42.561435699462891
AWHMAN,2020-07-31,41.176517486572266,41.392509460449219,41.942211151123047,42.394054412841797,42.55059814453125
AWHMAN,2020-08-31,41.168701171875,41.382537841796875,41.935977935791016,42.425384521484375,42.589836120605469
AWHMAN,2020-09-30,41.134681701660156,41.357189178466797,41.933265686035156,42.426986694335938,42.592319488525391
AWHMAN,2020-10-31,41.138702392578125,41.359844207763672,41.937023162841797,42.451042175292969,42.621353149414062
AWHMAN,2020-11-30,41.115028381347656,41.343135833740234,41.941486358642578,42.466911315917969,42.646884918212891
AWHMAN,2020-12-31,41.092628479003906,41.322303771972656,41.933475494384766,42.46673583984375,42.645591735839844
AWOTMAN,2019-01-31,-0.18700589239597321,-0.13488340377807617,-0.0033909049816429615,0.12024804204702377,0.16547475755214691
AWOTMAN,2019-02-28,-0.19766652584075928,-0.14445103704929352,-0.011393018066883087,0.11498474329710007,0.16255484521389008
AWOTMAN,2019-03-31,-0.20458747446537018,-0.14890098571777344,-0.0082183405756950378,0.12386755645275116,0.17220631241798401
AWOTMAN,2019-04-30,-0.21094115078449249,-0.15153965353965759,0.00058583798818290234,0.14040274918079376,0.19094648957252502
AWOTMAN,2019-05-31,-0.21886603534221649,-0.16006222367286682,-0.0099257640540599823,0.13678225874900818,0.18999259173870087
AWOTMAN,2019-06-30,-0.19933216273784637,-0.14370067417621613,-9.6252188086509705e-06,0.13373513519763947,0.18236379325389862
AWOTMAN,2019-07-31,-0.18981219828128815,-0.13693678379058838,-0.0014436477795243263,0.1265157014131546,0.17370253801345825
AWOTMAN,2019-08-31,-0.18959756195545197,-0.13645109534263611,0.00077447900548577309,0.13019005954265594,0.17827180027961731
AWOTMAN,2019-09-30,-0.19862709939479828,-0.14410492777824402,-0.0039075696840882301,0.12631131708621979,0.1742444634437561
AWOTMAN,2019-10-31,-0.18676801025867462,-0.13293392956256866,0.00020109186880290508,0.12685193121433258,0.17479535937309265
AWOTMAN,2019-11-30,-0.18498070538043976,-0.13259072601795197,-0.00031190784648060799,0.12234850972890854,0.16708238422870636
AWOTMAN,2019-12-31,-0.18527381122112274,-0.13324578106403351,0.0018056337721645832,0.12787389755249023,0.17241500318050385
AWOTMAN,2020-01-31,-0.19607304036617279,-0.14116956293582916,-0.00050478661432862282,0.12923154234886169,0.17473956942558289
AWOTMAN,2020-02-29,-0.19671012461185455,-0.14142595231533051,0.00053168181329965591,0.13257224857807159,0.17863312363624573
AWOTMAN,2020-03-31,-0.20394779741764069,-0.14742034673690796,-0.00055509991943836212,0.13660551607608795,0.18448615074157715
AWOTMAN,2020-04-30,-0.21337834000587463,-0.15393738448619843,2.9247952625155449e-05,0.1467004269361496,0.19869762659072876
AWOTMAN,2020-05-31,-0.20119871199131012,-0.14503465592861176,0.0012797592207789421,0.14303217828273773,0.19357526302337646
AWOTMAN,2020-06-30,-0.18950296938419342,-0.13555064797401428,0.0017025412525981665,0.13116106390953064,0.17838150262832642
AWOTMAN,2020-07-31,-0.18048661947250366,-0.1284496933221817,0.0024114358238875866,0.12505844235420227,0.16990050673484802
AWOTMAN,2020-08-31,-0.18410773575305939,-0.13129794597625732,0.0018084724433720112,0.12671151757240295,0.17254260182380676
AWOTMAN,2020-09-30,-0.1847563236951828,-0.13183876872062683,0.0020653621759265661,0.13127806782722473,0.17894366383552551
AWOTMAN,2020-10-31,-0.1855430006980896,-0.13289856910705566,0.0036786755081266165,0.13148611783981323,0.17826090753078461
AWOTMAN,2020-11-30,-0.18596303462982178,-0.13254550099372864,0.0040648393332958221,0.1311897337436676,0.17789386212825775
AWOTMAN,2020-12-31,-0.18681298196315765,-0.13325738906860352,0.0034657253418117762,0.13286969065666199,0.18119831383228302
BAA,2019-01-31,-0.29065787792205811,-0.23208405077457428,-0.0483088418841362,0.14333236217498779,0.20715579390525818
BAA,2019-02-28,-0.28118830919265747,-0.2204950749874115,-0.025126146152615547,0.17696800827980042,0.24251618981361389
BAA,2019-03-31,-0.24984277784824371,-0.18796880543231964,0.013782791793346405,0.22227737307548523,0.28840139508247375
BAA,2019-04-30,-0.26601159572601318,-0.20361910760402679,-0.00078836642205715179,0.20034569501876831,0.26295575499534607
BAA,2019-05-31,-0.28458940982818604,-0.22262375056743622,-0.020967554301023483,0.18952061235904694,0.25588312745094299
BAA,2019-06-30,-0.28875640034675598,-0.22652623057365417,-0.019070450216531754,0.18810772895812988,0.2506217360496521
BAA,2019-07-31,-0.28149059414863586,-0.21919561922550201,-0.015459347516298294,0.1891084611415863,0.2515847384929657
BAA,2019-08-31,-0.28101769089698792,-0.21924103796482086,-0.017814742401242256,0.18844196200370789,0.25294002890586853
BAA,2019-09-30,-0.28112375736236572,-0.22020983695983887,-0.019246660172939301,0.18515583872795105,0.25073936581611633
BAA,2019-10-31,-0.27628636360168457,-0.21245907247066498,-0.0096633220091462135,0.19911700487136841,0.26633042097091675
BAA,2019-11-30,-0.26919722557067871,-0.20798373222351074,-0.0061303824186325073,0.1995915025472641,0.2649664580821991
BAA,2019-12-31,-0.28020089864730835,-0.21898792684078217,-0.018785379827022552,0.18549887835979462,0.25002405047416687
BAA,2020-01-31,-0.28908258676528931,-0.22395603358745575,-0.017419561743736267,0.19001574814319611,0.25484660267829895
BAA,2020-02-29,-0.28674560785293579,-0.22091679275035858,-0.012743929401040077,0.19336873292922974,0.2560272216796875
BAA,2020-03-31,-0.28810074925422668,-0.22172921895980835,-0.013694636523723602,0.19494493305683136,0.26178222894668579
BAA,2020-04-30,-0.28904628753662109,-0.2230394184589386,-0.016171034425497055,0.19065035879611969,0.25579342246055603
BAA,2020-05-31,-0.27496814727783203,-0.21433021128177643,-0.012028837576508522,0.19252921640872955,0.25634253025054932
BAA,2020-06-30,-0.2765066921710968,-0.21648555994033813,-0.014369383454322815,0.19200623035430908,0.25606533885002136
BAA,2020-07-31,-0.27342236042022705,-0.2129574716091156,-0.012852529063820839,0.18772543966770172,0.24969249963760376
BAA,2020-08-31,-0.2806628942489624,-0.2190040796995163,-0.016854416579008102,0.18644736707210541,0.25036314129829407
BAA,2020-09-30,-0.27654188871383667,-0.21616968512535095,-0.015178573317825794,0.19235256314277649,0.25908923149108887
BAA,2020-10-31,-0.27992519736289978,-0.21961499750614166,-0.012014024890959263,0.19243402779102325,0.25588682293891907
BAA,2020-11-30,-0.27946555614471436,-0.21732287108898163,-0.01186140812933445,0.19178329408168793,0.25557678937911987
BAA,2020-12-31,-0.27829262614250183,-0.21668091416358948,-0.012642617337405682,0.19251492619514465,0.25770357251167297
BAAFFM,2019-01-31,2.403867244720459,2.5087757110595703,2.7869040966033936,3.0289032459259033,3.1484091281890869
BAAFFM,2019-02-28,2.2301738262176514,2.3632147312164307,2.7519972324371338,3.1624739170074463,3.3050673007965088
BAAFFM,2019-03-31,2.0572881698608398,2.2275800704956055,2.7230396270751953,3.2406167984008789,3.4297842979431152
BAAFFM,2019-04-30,1.9206255674362183,2.1224989891052246,2.7328372001647949,3.3436846733093262,3.5549020767211914
BAAFFM,2019-05-31,1.7633415460586548,2.0141921043395996,2.7311687469482422,3.4625186920166016,3.718583345413208
BAAFFM,2019-06-30,1.6561193466186523,1.9226000308990479,2.7344350814819336,3.5779240131378174,3.8667933940887451
BAAFFM,2019-07-31,1.5466258525848389,1.837475061416626,2.7333521842956543,3.6705307960510254,3.9970521926879883
BAAFFM,2019-08-31,1.4561195373535156,1.7670695781707764,2.7366592884063721,3.8009419441223145,4.1734480857849121
BAAFFM,2019-09-30,1.3707427978515625,1.705619215965271,2.7348175048828125,3.8650825023651123,4.2775321006774902
BAAFFM,2019-10-31,1.2925386428833008,1.6571370363235474,2.7603771686553955,3.9774672985076904,4.4356169700622559
BAAFFM,2019-11-30,1.2053766250610352,1.5915375947952271,2.7903623580932617,4.0935912132263184,4.595550537109375
BAAFFM,2019-12-31,1.140641450881958,1.5366458892822266,2.8107342720031738,4.2016515731811523,4.7219486236572266
BAAFFM,2020-01-31,1.1327095031738281,1.5354869365692139,2.8281755447387695,4.2811446189880371,4.8264312744140625
BAAFFM,2020-02-29,1.0592236518859863,1.471301794052124,2.8437867164611816,4.3846840858459473,4.9534711837768555
BAAFFM,2020-03-31,1.0400388240814209,1.4657273292541504,2.8563966751098633,4.4390730857849121,5.0111026763916016
BAAFFM,2020-04-30,0.98439264297485352,1.4340205192565918,2.8980512619018555,4.5027456283569336,5.080878734588623
BAAFFM,2020-05-31,0.68408751487731934,1.2473032474517822,2.9122915267944336,4.777984619140625,5.436154842376709
BAAFFM,2020-06-30,0.62118697166442871,1.1944713592529297,2.9220964908599854,4.8248324394226074,5.4979453086853027
BAAFFM,2020-07-31,0.53997230529785156,1.1490755081176758,2.9332752227783203,4.8583340644836426,5.542689323425293
BAAFFM,2020-08-31,0.52233099937438965,1.1420433521270752,2.9343054294586182,4.9352350234985352,5.6465568542480469
BAAFFM,2020-09-30,0.52232122421264648,1.1606788635253906,2.9836702346801758,5.0209264755249023,5.7509613037109375
BAAFFM,2020-10-31,0.47513127326965332,1.1282072067260742,3.0163793563842773,5.0813918113708496,5.7927947044372559
BAAFFM,2020-11-30,0.42173600196838379,1.0906665325164795,3.0549237728118896,5.1397104263305664,5.8732500076293945
BAAFFM,2020-12-31,0.43412518501281738,1.0943927764892578,3.0671825408935547,5.1950769424438477,5.9425926208496094
BOGMBASE,2019-01-31,-0.029772914946079254,-0.020088694989681244,0.00078925356501713395,0.021214626729488373,0.030562626197934151
BOGMBASE,2019-02-28,-0.028503302484750748,-0.019003715366125107,0.0019463521894067526,0.022058458998799324,0.031000033020973206
BOGMBASE,2019-03-31,-0.031911354511976242,-0.022455815225839615,-0.001974449260160327,0.016917876899242401,0.025357330217957497
BOGMBASE,2019-04-30,-0.030965326353907585,-0.021888159215450287,-0.0024571400135755539,0.015760848298668861,0.023979609832167625
BOGMBASE,2019-05-31,-0.025925023481249809,-0.017374839633703232,0.00029177038231864572,0.016889734193682671,0.024409638717770576
BOGMBASE,2019-06-30,-0.023506805300712585,-0.016196282580494881,0.00014284637290984392,0.015243684872984886,0.022115085273981094
BOGMBASE,2019-07-31,-0.024241527542471886,-0.016550574451684952,0.0003260705852881074,0.015800228342413902,0.022694241255521774
BOGMBASE,2019-08-31,-0.025505902245640755,-0.017569521442055702,-7.1936243330128491e-05,0.015979155898094177,0.022978760302066803
BOGMBASE,2019-09-30,-0.027294022962450981,-0.019133072346448898,-0.00084604742005467415,0.015552756376564503,0.023139467462897301
BOGMBASE,2019-10-31,-0.02808324433863163,-0.019294381141662598,0.0005113479564897716,0.018996244296431541,0.027350921183824539
BOGMBASE,2019-11-30,-0.033035855740308762,-0.023460902273654938,-0.00063970702467486262,0.020485697314143181,0.029824137687683105
BOGMBASE,2019-12-31,-0.037810537964105606,-0.027727242559194565,-0.0011841340456157923,0.023185597732663155,0.033334705978631973
BOGMBASE,2020-01-31,-0.038296576589345932,-0.028760688379406929,-0.00035710842348635197,0.02665773406624794,0.037795592099428177
BOGMBASE,2020-02-29,-0.035355951637029648,-0.025726312771439552,0.0032172943465411663,0.029882322996854782,0.040945552289485931
BOGMBASE,2020-03-31,-0.039647560566663742,-0.030563198029994965,-0.0014395087491720915,0.026460509747266769,0.03779061883687973
BOGMBASE,2020-04-30,-0.036350339651107788,-0.026952994987368584,-0.0013482421636581421,0.02367895282804966,0.034652736037969589
BOGMBASE,2020-05-31,-0.029007134959101677,-0.019891327247023582,-2.1084892068756744e-05,0.018438497558236122,0.026928640902042389
BOGMBASE,2020-06-30,-0.02535640075802803,-0.017170747742056847,0.00035058334469795227,0.015812808647751808,0.023134877905249596
BOGMBASE,2020-07-31,-0.025008033961057663,-0.01681428961455822,0.00042567186756059527,0.01525486446917057,0.022246828302741051
BOGMBASE,2020-08-31,-0.027058133855462074,-0.018343636766076088,0.00027149872039444745,0.017472350969910622,0.025609007105231285
BOGMBASE,2020-09-30,-0.031810402870178223,-0.022109854966402054,-0.0014549607876688242,0.017800528556108475,0.026627687737345695
BOGMBASE,2020-10-31,-0.033031392842531204,-0.02254052460193634,0.00021091671078465879,0.022468321025371552,0.032416496425867081
BOGMBASE,2020-11-30,-0.039064869284629822,-0.026696853339672089,0.00097492820350453258,0.030969813466072083,0.043865818530321121
BOGMBASE,2020-12-31,-0.045850228518247604,-0.032735623419284821,-0.0012815841473639011,0.030497541651129723,0.043424833565950394
BUSINVx,2019-01-31,-0.0016755401156842709,-0.00027963519096374512,0.0036163649056106806,0.0071254279464483261,0.0082072820514440536
BUSINVx,2019-02-28,-0.0013644932769238949,6.2248902395367622e-05,0.0041161109693348408,0.0076796025969088078,0.0087343119084835052
BUSINVx,2019-03-31,-0.0019162744283676147,-0.00050240056589245796,0.0036036106757819653,0.0073405010625720024,0.0084458477795124054
BUSINVx,2019-04-30,-0.0031241741962730885,-0.0016003772616386414,0.0026904514525085688,0.0067219971679151058,0.0079530924558639526
BUSINVx,2019-05-31,-0.0023556957021355629,-0.00080610997974872589,0.0036794040352106094,0.0077530029229819775,0.0089995497837662697
BUSINVx,2019-06-30,-0.0027476069517433643,-0.0012333807535469532,0.0032482161186635494,0.0073040500283241272,0.0085234940052032471
BUSINVx,2019-07-31,-0.0030251233838498592,-0.0014793556183576584,0.0030362550169229507,0.0071677607484161854,0.0084250364452600479
BUSINVx,2019-08-31,-0.0029511968605220318,-0.0013697808608412743,0.0032529945019632578,0.00749922264367342,0.0087954485788941383
BUSINVx,2019-09-30,-0.0028120595961809158,-0.001205559354275465,0.0034579536877572536,0.0076384572312235832,0.0089076738804578781
BUSINVx,2019-10-31,-0.0033771973103284836,-0.001692689023911953,0.0030014924705028534,0.0073944441974163055,0.0087933707982301712
BUSINVx,2019-11-30,-0.0032430188730359077,-0.0016034492291510105,0.0031273411586880684,0.0074805011972784996,0.0088259624317288399
BUSINVx,2019-12-31,-0.0034580901265144348,-0.0018073376268148422,0.0030631760600954294,0.0074299173429608345,0.0087379533797502518
BUSINVx,2020-01-31,-0.0035901977680623531,-0.0018715397454798222,0.0031440104357898235,0.0076898830011487007,0.0090327300131320953
BUSINVx,2020-02-29,-0.0036801234818994999,-0.0019209957681596279,0.0030891916248947382,0.0075208572670817375,0.0087974891066551208
BUSINVx,2020-03-31,-0.0036261486820876598,-0.0018513849936425686,0.0031738863326609135,0.0076937773264944553,0.0090704280883073807
BUSINVx,2020-04-30,-0.00357795599848032,-0.0018300670199096203,0.0032255644910037518,0.0076918927952647209,0.0090297069400548935
BUSINVx,2020-05-31,-0.0039433948695659637,-0.0020962436683475971,0.0031115286983549595,0.0080252792686223984,0.0096133444458246231
BUSINVx,2020-06-30,-0.0039432183839380741,-0.0021010180935263634,0.0030656107701361179,0.0079367198050022125,0.009518967941403389
BUSINVx,2020-07-31,-0.0038275276310741901,-0.0019637122750282288,0.003202247666195035,0.0079385386779904366,0.0094658602029085159
BUSINVx,2020-08-31,-0.0040327152237296104,-0.002111310139298439,0.0031072662677615881,0.0079488698393106461,0.0095495320856571198
BUSINVx,2020-09-30,-0.0039545311592519283,-0.0020426143892109394,0.0031840391457080841,0.0082009844481945038,0.009891437366604805
BUSINVx,2020-10-31,-0.004038679413497448,-0.0020994632504880428,0.0032653659582138062,0.0081602167338132858,0.0097742835059762001
BUSINVx,2020-11-30,-0.0040339622646570206,-0.0020498563535511494,0.0032921996898949146,0.008223225362598896,0.0098585439845919609
BUSINVx,2020-12-31,-0.0040845051407814026,-0.0020835776813328266,0.0033290330320596695,0.0084076337516307831,0.010103089734911919
BUSLOANS,2019-01-31,-0.011699948459863663,-0.0092638414353132248,-0.0020766013767570257,0.0044278409332036972,0.0066083944402635098
BUSLOANS,2019-02-28,-0.0088005922734737396,-0.0062890243716537952,0.0011572953080758452,0.0082729635760188103,0.010584564879536629
BUSLOANS,2019-03-31,-0.010953742079436779,-0.0083670709282159805,-0.00075832352740690112,0.006390940397977829,0.0086375018581748009
BUSLOANS,2019-04-30,-0.010997069999575615,-0.0084875831380486488,-0.00095531850820407271,0.0063327481038868427,0.0087037533521652222
BUSLOANS,2019-05-31,-0.0098857162520289421,-0.0073535293340682983,0.00025617916253395379,0.00762559799477458,0.0099140256643295288
BUSLOANS,2019-06-30,-0.010597940534353256,-0.0080098267644643784,-0.00021976341668050736,0.0073500229045748711,0.0096699018031358719
BUSLOANS,2019-07-31,-0.010473268106579781,-0.0078175505623221397,6.985893560340628e-05,0.0075508276931941509,0.0098382038995623589
BUSLOANS,2019-08-31,-0.010297583416104317,-0.0076957154087722301,0.00023506980505771935,0.007783304899930954,0.010110062547028065
BUSLOANS,2019-09-30,-0.010885546915233135,-0.0082474024966359138,-0.00013565838162321597,0.0075188246555626392,0.0098893558606505394
BUSLOANS,2019-10-31,-0.010500548407435417,-0.0077497069723904133,0.00028783030575141311,0.0079315053299069405,0.010317900218069553
BUSLOANS,2019-11-30,-0.010735281743109226,-0.0080758333206176758,-2.3689441150054336e-05,0.0076122041791677475,0.009943145327270031
BUSLOANS,2019-12-31,-0.010504120960831642,-0.0079153245314955711,8.9714361820369959e-05,0.0076613272540271282,0.010021495632827282
BUSLOANS,2020-01-31,-0.010799378156661987,-0.0080964574590325356,6.4169915276579559e-05,0.0078168073669075966,0.010181395336985588
BUSLOANS,2020-02-29,-0.010956915095448494,-0.0081757325679063797,0.00010565311094978824,0.00787349883466959,0.010222559794783592
BUSLOANS,2020-03-31,-0.010992608033120632,-0.0082673002034425735,-7.9593337432015687e-06,0.0077148699201643467,0.01013737078756094
BUSLOANS,2020-04-30,-0.010905303992331028,-0.0081406328827142715,0.00011989189079031348,0.0078478986397385597,0.010299880988895893
BUSLOANS,2020-05-31,-0.010505556128919125,-0.0077785965986549854,0.00012461331789381802,0.0078496737405657768,0.010425273329019547
BUSLOANS,2020-06-30,-0.010341274552047253,-0.0076572643592953682,0.00016177730867639184,0.0076524065807461739,0.01017573568969965
BUSLOANS,2020-07-31,-0.010143834166228771,-0.0074640698730945587,0.00017088100139517337,0.0075940918177366257,0.010109258815646172
BUSLOANS,2020-08-31,-0.010353456251323223,-0.0076159210875630379,0.00014452936011366546,0.0076070125214755535,0.010136021301150322
BUSLOANS,2020-09-30,-0.010339390486478806,-0.0076091038063168526,0.00013207332813180983,0.0077262166887521744,0.010301434434950352
BUSLOANS,2020-10-31,-0.010466918349266052,-0.0077184517867863178,0.0001700058055575937,0.0077769733034074306,0.01034631859511137
BUSLOANS,2020-11-30,-0.010422194376587868,-0.0076220720075070858,0.00019614443590398878,0.0076664085499942303,0.010193428955972195
BUSLOANS,2020-12-31,-0.010312202386558056,-0.0075695319101214409,0.00019449315732344985,0.0076894867233932018,0.010268978774547577
CE16OV,2019-01-31,-0.0025191730819642544,-0.0016646562144160271,0.00086278107482939959,0.003276085713878274,0.0040592104196548462
CE16OV,2019-02-28,-0.0027625965885818005,-0.0018924693576991558,0.00066272472031414509,0.0031135568860918283,0.0039205960929393768
CE16OV,2019-03-31,-0.0024250589776784182,-0.0015569219831377268,0.00099756708368659019,0.0034182802774012089,0.0041950689628720284
CE16OV,2019-04-30,-0.0027006210293620825,-0.0017971217166632414,0.00084143131971359253,0.0032827600371092558,0.0040559796616435051
CE16OV,2019-05-31,-0.0026452131569385529,-0.0017528482712805271,0.00090516044292598963,0.0034284761641174555,0.0042316094040870667
CE16OV,2019-06-30,-0.0027653146535158157,-0.001866471953690052,0.00076681852806359529,0.0032336984295397997,0.0040190024301409721
CE16OV,2019-07-31,-0.0024923824239522219,-0.0016108131967484951,0.00094395526684820652,0.0033090966753661633,0.0040712980553507805
CE16OV,2019-08-31,-0.0025809723883867264,-0.0016992844175547361,0.00087978824740275741,0.003292781999334693,0.0040819244459271431
CE16OV,2019-09-30,-0.0026655332185328007,-0.0017788037657737732,0.00084765022620558739,0.0032966851722449064,0.0041043916717171669
CE16OV,2019-10-31,-0.0026601834688335657,-0.0017481332179158926,0.00087988784071058035,0.0033588127698749304,0.0041966843418776989
CE16OV,2019-11-30,-0.0025911603588610888,-0.001680843997746706,0.0009339680545963347,0.0033699390478432178,0.0041818954050540924
CE16OV,2019-12-31,-0.0026788522955030203,-0.0017798757180571556,0.00088278762996196747,0.0033541226293891668,0.0041544213891029358
CE16OV,2020-01-31,-0.0028412810061126947,-0.0018977848812937737,0.00089648808352649212,0.00350403250195086,0.0043379892595112324
CE16OV,2020-02-29,-0.0028719205874949694,-0.0019211643375456333,0.00085229112301021814,0.0034189315047115088,0.0042441738769412041
CE16OV,2020-03-31,-0.0027805664576590061,-0.0018451667856425047,0.0008821001392789185,0.0033889645710587502,0.0042155375704169273
CE16OV,2020-04-30,-0.0027361153624951839,-0.001807851018384099,0.00093800207832828164,0.003462774446234107,0.0042747734114527702
CE16OV,2020-05-31,-0.0027922175358980894,-0.0018540108576416969,0.00095584377413615584,0.003617401234805584,0.0044923014938831329
CE16OV,2020-06-30,-0.002744289580732584,-0.0018137374427169561,0.00091540295397862792,0.0035157660022377968,0.0043883062899112701
CE16OV,2020-07-31,-0.0026829694397747517,-0.001755785197019577,0.00093779538292437792,0.0034825156908482313,0.0043413974344730377
CE16OV,2020-08-31,-0.0027460246346890926,-0.001792027847841382,0.00094008853193372488,0.0035127706360071898,0.0043823104351758957
CE16OV,2020-09-30,-0.0027315742336213589,-0.0017837088089436293,0.00096027232939377427,0.0036070626229047775,0.0045094653032720089
CE16OV,2020-10-31,-0.0027615933213382959,-0.0018100065644830465,0.00097461609402671456,0.0035726141650229692,0.0044497093185782433
CE16OV,2020-11-30,-0.0026546928565949202,-0.0017034353222697973,0.0010030800476670265,0.0035619675181806087,0.0044347718358039856
CE16OV,2020-12-31,-0.0026410806458443403,-0.0016919299960136414,0.0010248058242723346,0.0035945896524935961,0.0044858665205538273
CES0600000007,2019-01-31,40.924453735351562,41.025886535644531,41.279701232910156,41.483188629150391,41.544464111328125
CES0600000007,2019-02-28,40.869297027587891,40.982616424560547,41.271953582763672,41.49859619140625,41.571403503417969
CES0600000007,2019-03-31,40.856613159179688,40.971866607666016,41.265987396240234,41.513973236083984,41.592979431152344
CES0600000007,2019-04-30,40.817516326904297,40.944446563720703,41.264389038085938,41.540050506591797,41.625267028808594
CES0600000007,2019-05-31,40.778656005859375,40.910369873046875,41.256904602050781,41.549388885498047,41.641082763671875
CES0600000007,2019-06-30,40.761039733886719,40.897842407226562,41.252010345458984,41.563816070556641,41.660545349121094
CES0600000007,2019-07-31,40.716388702392578,40.857257843017578,41.245613098144531,41.576602935791016,41.68096923828125
CES0600000007,2019-08-31,40.691295623779297,40.835674285888672,41.244731903076172,41.591850280761719,41.698986053466797
CES0600000007,2019-09-30,40.619213104248047,40.769603729248047,41.226352691650391,41.626506805419922,41.749946594238281
CES0600000007,2019-10-31,40.624847412109375,40.779193878173828,41.241107940673828,41.619972229003906,41.734043121337891
CES0600000007,2019-11-30,40.620140075683594,40.778148651123047,41.236885070800781,41.635463714599609,41.757743835449219
CES0600000007,2019-12-31,40.573596954345703,40.729251861572266,41.225116729736328,41.647750854492188,41.780178070068359
CES0600000007,2020-01-31,40.515758514404297,40.681556701660156,41.210365295410156,41.665176391601562,41.80596923828125
CES0600000007,2020-02-29,40.493202209472656,40.657016754150391,41.193126678466797,41.662540435791016,41.818588256835938
CES0600000007,2020-03-31,40.510364532470703,40.677009582519531,41.201736450195312,41.652900695800781,41.794868469238281
CES0600000007,2020-04-30,40.499423980712891,40.675128936767578,41.207553863525391,41.658981323242188,41.803989410400391
CES0600000007,2020-05-31,40.466251373291016,40.653400421142578,41.214359283447266,41.709182739257812,41.854438781738281
CES0600000007,2020-06-30,40.468276977539062,40.656997680664062,41.220550537109375,41.706584930419922,41.858566284179688
CES0600000007,2020-07-31,40.455413818359375,40.646190643310547,41.2147216796875,41.69482421875,41.845184326171875
CES0600000007,2020-08-31,40.454357147216797,40.643272399902344,41.214607238769531,41.721382141113281,41.876960754394531
CES0600000007,2020-09-30,40.420677185058594,40.619407653808594,41.205913543701172,41.728523254394531,41.886238098144531
CES0600000007,2020-10-31,40.419345855712891,40.615413665771484,41.209800720214844,41.74969482421875,41.911293029785156
CES0600000007,2020-11-30,40.402053833007812,40.604484558105469,41.214332580566406,41.766357421875,41.936988830566406
CES0600000007,2020-12-31,40.384628295898438,40.590969085693359,41.212818145751953,41.768417358398438,41.938262939453125
CES0600000008,2019-01-31,-0.0024274524766951799,-0.001497814548201859,0.0012930897064507008,0.0043180449865758419,0.0053254272788763046
CES0600000008,2019-02-28,-0.0047368439845740795,-0.0035878124181181192,-0.00016671241610310972,0.0033023348078131676,0.0044483602978289127
CES0600000008,2019-03-31,-0.0052496939897537231,-0.003973767627030611,-0.0002131406799890101,0.0035417275503277779,0.0047703706659376621
CES0600000008,2019-04-30,-0.0050906823016703129,-0.0037524462677538395,0.00014670082600787282,0.0040432191453874111,0.005292150191962719
CES0600000008,2019-05-31,-0.0051703536882996559,-0.003854312002658844,7.61963747208938e-05,0.0040757893584668636,0.0053421533666551113
CES0600000008,2019-06-30,-0.0053859353065490723,-0.0040468499064445496,-3.2295578421326354e-05,0.0039563737809658051,0.0052275764755904675
CES0600000008,2019-07-31,-0.0051941270940005779,-0.0038833832368254662,5.9849211538676172e-05,0.0038852042052894831,0.0051049552857875824
CES0600000008,2019-08-31,-0.0051490627229213715,-0.0038556952495127916,5.7750748965190724e-05,0.0039597130380570889,0.0052285012789070606
CES0600000008,2019-09-30,-0.0053056692704558372,-0.0040043061599135399,1.9100667486782186e-05,0.0039197802543640137,0.0051646358333528042
CES0600000008,2019-10-31,-0.0053823892958462238,-0.0040401741862297058,2.2805525077274069e-05,0.0040384870953857899,0.0053229304030537605
CES0600000008,2019-11-30,-0.0053879674524068832,-0.0040487260557711124,4.3109652324346825e-05,0.0040561072528362274,0.0053138085640966892
CES0600000008,2019-12-31,-0.0054943067952990532,-0.0041507510468363762,2.5498191462247632e-05,0.0040921587496995926,0.0054058050736784935
CES0600000008,2020-01-31,-0.0055833370424807072,-0.0041878372430801392,2.2028209059499204e-05,0.0040889088995754719,0.0053714686073362827
CES0600000008,2020-02-29,-0.005665031261742115,-0.0042449589818716049,2.1675610696547665e-05,0.0041610989719629288,0.0054563581943511963
CES0600000008,2020-03-31,-0.0055712726898491383,-0.0041724164038896561,4.6918499720050022e-05,0.0040960772894322872,0.0054166065528988838
CES0600000008,2020-04-30,-0.0055692624300718307,-0.0041414368897676468,6.5707848989404738e-05,0.0040892590768635273,0.0054036728106439114
CES0600000008,2020-05-31,-0.0054366635158658028,-0.0040596146136522293,1.3347578715183772e-05,0.004023547749966383,0.0053671267814934254
CES0600000008,2020-06-30,-0.0054335771128535271,-0.0040702163241803646,-3.754269073397154e-06,0.0039989100769162178,0.0053511355072259903
CES0600000008,2020-07-31,-0.0054163648746907711,-0.0040330491028726101,9.3684311650577001e-06,0.0039943684823811054,0.0053475378081202507
CES0600000008,2020-08-31,-0.0054737958125770092,-0.0040787123143672943,-6.1685941545874812e-06,0.0039824708364903927,0.0053400322794914246
CES0600000008,2020-09-30,-0.0054581114090979099,-0.0040518976747989655,1.4090061085880734e-05,0.0040513165295124054,0.0054220603778958321
CES0600000008,2020-10-31,-0.0055218986235558987,-0.0041115740314126015,3.5680193832376972e-05,0.0040710652247071266,0.0054358541965484619
CES0600000008,2020-11-30,-0.0055015040561556816,-0.0040753758512437344,3.2685853511793539e-05,0.0039754225872457027,0.0053183175623416901
CES0600000008,2020-12-31,-0.0054196612909436226,-0.0040191933512687683,3.9764167013345286e-05,0.0039915572851896286,0.0053561828099191189
CES1021000001,2019-01-31,-0.0075184297747910023,-0.0037108536344021559,0.0044023860245943069,0.01122327521443367,0.013787753880023956
CES1021000001,2019-02-28,-0.0099773220717906952,-0.0056264088489115238,0.0038812560960650444,0.011701095849275589,0.014535857364535332
CES1021000001,2019-03-31,-0.0116881113499403,-0.0071696103550493717,0.0032475416082888842,0.011871246621012688,0.014875622466206551
CES1021000001,2019-04-30,-0.01223728246986866,-0.0075037907809019089,0.0035759881138801575,0.012299614027142525,0.015421420335769653
CES1021000001,2019-05-31,-0.013081006705760956,-0.0080879740417003632,0.0030478476546704769,0.012539178133010864,0.015864403918385506
CES1021000001,2019-06-30,-0.013317322358489037,-0.008294006809592247,0.0033659941982477903,0.012678250670433044,0.015914740040898323
CES1021000001,2019-07-31,-0.014210676774382591,-0.0088726114481687546,0.0030310747679322958,0.012451654300093651,0.015722854062914848
CES1021000001,2019-08-31,-0.015232713893055916,-0.0095786750316619873,0.002947166794911027,0.012954698875546455,0.016514016315340996
CES1021000001,2019-09-30,-0.014955922961235046,-0.0094569958746433258,0.0028741010464727879,0.012529268860816956,0.016051335260272026
CES1021000001,2019-10-31,-0.015738068148493767,-0.0099436473101377487,0.002680980134755373,0.012967593967914581,0.016954764723777771
CES1021000001,2019-11-30,-0.015838140621781349,-0.010096818208694458,0.0026252693496644497,0.012803180143237114,0.016592983156442642
CES1021000001,2019-12-31,-0.016303902491927147,-0.010514765977859497,0.0023697970900684595,0.012748286128044128,0.016443705186247826
CES1021000001,2020-01-31,-0.016686731949448586,-0.010831316933035851,0.0023254447150975466,0.012742381542921066,0.016449717804789543
CES1021000001,2020-02-29,-0.016978854313492775,-0.010934576392173767,0.0024151208344846964,0.013014703989028931,0.016581499949097633
CES1021000001,2020-03-31,-0.016819419339299202,-0.010862570255994797,0.0024290417786687613,0.013262944296002388,0.017206901684403419
CES1021000001,2020-04-30,-0.016686966642737389,-0.010835215449333191,0.0021876974496990442,0.01287771575152874,0.016662722453474998
CES1021000001,2020-05-31,-0.018934013321995735,-0.012113761156797409,0.002207527868449688,0.013797737658023834,0.018302362412214279
CES1021000001,2020-06-30,-0.018449950963258743,-0.011807825416326523,0.0022448136005550623,0.013726431876420975,0.018112193793058395
CES1021000001,2020-07-31,-0.018356656655669212,-0.011729573830962181,0.002255311468616128,0.013579253107309341,0.017897633835673332
CES1021000001,2020-08-31,-0.018552495166659355,-0.011790679767727852,0.0023397160694003105,0.013668868690729141,0.018178874626755714
CES1021000001,2020-09-30,-0.019126920029520988,-0.012149300426244736,0.0022408298682421446,0.014190642163157463,0.019044412299990654
CES1021000001,2020-10-31,-0.018475985154509544,-0.011802038177847862,0.0024934208486229181,0.013979893177747726,0.018539046868681908
CES1021000001,2020-11-30,-0.018646027892827988,-0.011800458654761314,0.002474537817761302,0.013780664652585983,0.018300758674740791
CES1021000001,2020-12-31,-0.019496599212288857,-0.012411948293447495,0.0023185743484646082,0.014143198728561401,0.018877921625971794
CES2000000008,2019-01-31,-0.0053879907354712486,-0.0032045436091721058,0.0026667909696698189,0.0089497286826372147,0.011218230240046978
CES2000000008,2019-02-28,-0.01044860016554594,-0.0077272574417293072,-0.00052052515093237162,0.0065848622471094131,0.0090954862534999847
CES2000000008,2019-03-31,-0.010845309123396873,-0.0079354783520102501,-0.0002157428243663162,0.0073269489221274853,0.0099428398534655571
CES2000000008,2019-04-30,-0.010943002067506313,-0.0078861964866518974,6.4389052568003535e-05,0.0077367480844259262,0.010392672382295132
CES2000000008,2019-05-31,-0.011055978015065193,-0.0080261686816811562,-4.1794601202127524e-06,0.0079497573897242546,0.010725152678787708
CES2000000008,2019-06-30,-0.011450538411736488,-0.0083714909851551056,-3.3444041037000716e-05,0.0079073766246438026,0.010637209750711918
CES2000000008,2019-07-31,-0.011288686655461788,-0.0081919226795434952,5.6147855502786115e-05,0.0078057101927697659,0.010461268946528435
CES2000000008,2019-08-31,-0.011169265955686569,-0.0081168785691261292,7.3147402872564271e-06,0.0078836763277649879,0.01062645111232996
CES2000000008,2019-09-30,-0.0113874776288867,-0.008306724950671196,-5.2044615586055443e-06,0.0078418981283903122,0.010537614114582539
CES2000000008,2019-10-31,-0.011668754741549492,-0.0084833689033985138,-3.5287335776956752e-05,0.0080485185608267784,0.010819345712661743
CES2000000008,2019-11-30,-0.011872566305100918,-0.0086267348378896713,-4.4445900130085647e-05,0.0080886939540505409,0.01085985079407692
CES2000000008,2019-12-31,-0.01181292999535799,-0.0086417580023407936,-2.7634010621113703e-05,0.0081337355077266693,0.010937568731606007
CES2000000008,2020-01-31,-0.012020622380077839,-0.0087461080402135849,-6.9433581302291714e-06,0.0081637660041451454,0.010916035622358322
CES2000000008,2020-02-29,-0.012190626934170723,-0.0088579859584569931,3.0314375180751085e-05,0.0084651792421936989,0.011305010877549648
CES2000000008,2020-03-31,-0.011955628171563148,-0.0087024876847863197,3.5979435779154301e-05,0.0082000046968460083,0.011019682511687279
CES2000000008,2020-04-30,-0.011861579492688179,-0.0085684489458799362,6.9439745857380331e-05,0.0080423429608345032,0.010774891823530197
CES2000000008,2020-05-31,-0.011735253036022186,-0.0084840506315231323,-5.0085942348232493e-05,0.0081004975363612175,0.011015263386070728
CES2000000008,2020-06-30,-0.011732281185686588,-0.0084861079230904579,-4.1023864469025284e-05,0.0081366412341594696,0.011081784963607788
CES2000000008,2020-07-31,-0.011712739244103432,-0.0084460834041237831,-3.6371762689668685e-05,0.0081199081614613533,0.011069344356656075
CES2000000008,2020-08-31,-0.011818408966064453,-0.0084928618744015694,-4.9084264901466668e-05,0.0080506755039095879,0.011001437902450562
CES2000000008,2020-09-30,-0.011752649210393429,-0.0084421886131167412,-5.5768086895113811e-05,0.008161444216966629,0.011174517683684826
CES2000000008,2020-10-31,-0.012054711580276489,-0.0086923502385616302,-2.57654937740881e-05,0.0082452688366174698,0.011236595921218395
CES2000000008,2020-11-30,-0.012000320479273796,-0.0086191706359386444,-3.5376742744119838e-05,0.0080769993364810944,0.011030694469809532
CES2000000008,2020-12-31,-0.011819647625088692,-0.00849114079028368,-3.0998646252555773e-05,0.0080676600337028503,0.011044731363654137
CES3000000008,2019-01-31,-0.0033023799769580364,-0.0020597293041646481,0.0015159208560362458,0.0051929089240729809,0.0064135282300412655
CES3000000008,2019-02-28,-0.0056608403101563454,-0.0042427759617567062,-0.00014214088150765747,0.0039794091135263443,0.005326543003320694
CES3000000008,2019-03-31,-0.0060181575827300549,-0.0044991248287260532,-0.00015125401841942221,0.0041111945174634457,0.0054995664395391941
CES3000000008,2019-04-30,-0.0057774563319981098,-0.0042325952090322971,0.00015537936997134238,0.0044989855960011482,0.0058792135678231716
CES3000000008,2019-05-31,-0.0058099143207073212,-0.0042872452177107334,0.00012490438530221581,0.0045467759482562542,0.005921253003180027
CES3000000008,2019-06-30,-0.0059547494165599346,-0.0044228527694940567,4.5569351641461253e-05,0.0044308663345873356,0.0058105327188968658
CES3000000008,2019-07-31,-0.0058884816244244576,-0.004374020267277956,3.3823929697973654e-05,0.0042781364172697067,0.005621638149023056
CES3000000008,2019-08-31,-0.0057623195461928844,-0.0042682047933340073,8.7091699242591858e-05,0.0044047343544661999,0.0057973796501755714
CES3000000008,2019-09-30,-0.0059632710181176662,-0.0044456557370722294,5.1283597713336349e-05,0.0044126026332378387,0.005784305278211832
CES3000000008,2019-10-31,-0.0059892479330301285,-0.0044720163568854332,3.5035263863392174e-05,0.0044728731736540794,0.0058936029672622681
CES3000000008,2019-11-30,-0.0059517105109989643,-0.0044262651354074478,5.1885523134842515e-05,0.0044003431685268879,0.0057656588032841682
CES3000000008,2019-12-31,-0.0059734778478741646,-0.0044590011239051819,5.4561332945013419e-05,0.0044295634143054485,0.0058394810184836388
CES3000000008,2020-01-31,-0.0061362152919173241,-0.0045389388687908649,4.1946754208765924e-05,0.0044103092513978481,0.0057871285825967789
CES3000000008,2020-02-29,-0.0060949563048779964,-0.0045013739727437496,7.8957178629934788e-05,0.0044722883030772209,0.00583995645865798
CES3000000008,2020-03-31,-0.0060412809252738953,-0.0044717169366776943,4.3151583668077365e-05,0.0043984525837004185,0.0058281589299440384
CES3000000008,2020-04-30,-0.0061178146861493587,-0.0045002666302025318,5.7807254052022472e-05,0.0044551817700266838,0.005894890520721674
CES3000000008,2020-05-31,-0.0061866347678005695,-0.0045505133457481861,1.1430362064857036e-05,0.0044568632729351521,0.0060124499723315239
CES3000000008,2020-06-30,-0.0061547853983938694,-0.0045359246432781219,4.4678949961962644e-06,0.0044059804640710354,0.0059608784504234791
CES3000000008,2020-07-31,-0.006085369735956192,-0.0044558211229741573,1.5477955457754433e-05,0.0043881377205252647,0.0059440475888550282
CES3000000008,2020-08-31,-0.0061484584584832191,-0.0045117894187569618,5.3594835662806872e-06,0.0043980753980576992,0.0059595536440610886
CES3000000008,2020-09-30,-0.0061428621411323547,-0.0044900970533490181,2.559343192842789e-05,0.0044940290972590446,0.0060763102956116199
CES3000000008,2020-10-31,-0.006247352808713913,-0.0045774858444929123,4.954016549163498e-05,0.0045093321241438389,0.0060926354490220547
CES3000000008,2020-11-30,-0.0061632394790649414,-0.0044992533512413502,3.4428790968377143e-05,0.0043744044378399849,0.0059280088171362877
CES3000000008,2020-12-31,-0.0060560526326298714,-0.0044283145107328892,4.8088775656651706e-05,0.0043784286826848984,0.0059390352107584476
CLAIMSx,2019-01-31,-0.067588143050670624,-0.050812188535928726,0.00031115033198148012,0.052926212549209595,0.072535410523414612
CLAIMSx,2019-02-28,-0.074091538786888123,-0.056108061224222183,-0.0013910232810303569,0.05393388494849205,0.074204772710800171
CLAIMSx,2019-03-31,-0.069465421140193939,-0.052162695676088333,0.00027153885457664728,0.055326882749795914,0.075404562056064606
CLAIMSx,2019-04-30,-0.070430554449558258,-0.053993500769138336,-0.003359499853104353,0.047923114150762558,0.0667995885014534
CLAIMSx,2019-05-31,-0.065616428852081299,-0.049229837954044342,-0.00026041670935228467,0.048735301941633224,0.067095957696437836
CLAIMSx,2019-06-30,-0.067717812955379486,-0.051304895430803299,-0.0028354213573038578,0.043811477720737457,0.060983430594205856
CLAIMSx,2019-07-31,-0.06288522481918335,-0.047025877982378006,-0.0012655828613787889,0.043078061193227768,0.059607125818729401
CLAIMSx,2019-08-31,-0.064966470003128052,-0.049025274813175201,-0.0026745358482003212,0.043022602796554565,0.060078762471675873
CLAIMSx,2019-09-30,-0.066251948475837708,-0.049986626952886581,-0.0013971223961561918,0.045310575515031815,0.062538720667362213
CLAIMSx,2019-10-31,-0.068200439214706421,-0.051497854292392731,-0.0023171915672719479,0.046018693596124649,0.063751734793186188
CLAIMSx,2019-11-30,-0.066543839871883392,-0.05020938441157341,-0.0018261370714753866,0.044313833117485046,0.061023380607366562
CLAIMSx,2019-12-31,-0.066500820219516754,-0.050318643450737,-0.0024569882079958916,0.042837820947170258,0.059245962649583817
CLAIMSx,2020-01-31,-0.068577811121940613,-0.051562339067459106,-0.0013464372605085373,0.046166013926267624,0.063329420983791351
CLAIMSx,2020-02-29,-0.07077605277299881,-0.053370144218206406,-0.0018380645196884871,0.046761050820350647,0.063879884779453278
CLAIMSx,2020-03-31,-0.069565005600452423,-0.052611600607633591,-0.0018234062008559704,0.046152587980031967,0.063641220331192017
CLAIMSx,2020-04-30,-0.070752039551734924,-0.053257033228874207,-0.0018697448540478945,0.0461842380464077,0.063330195844173431
CLAIMSx,2020-05-31,-0.071395114064216614,-0.053960412740707397,-0.0035132355988025665,0.04557332769036293,0.063766986131668091
CLAIMSx,2020-06-30,-0.070087209343910217,-0.052920378744602203,-0.0037401672452688217,0.043844480067491531,0.061553057283163071
CLAIMSx,2020-07-31,-0.068373031914234161,-0.051355782896280289,-0.0033026745077222586,0.04256114736199379,0.059673961251974106
CLAIMSx,2020-08-31,-0.070578999817371368,-0.053122803568840027,-0.0040217558853328228,0.043130218982696533,0.060933884233236313
CLAIMSx,2020-09-30,-0.071219004690647125,-0.053298186510801315,-0.0038912307936698198,0.044898040592670441,0.063893765211105347
CLAIMSx,2020-10-31,-0.074441120028495789,-0.055712077766656876,-0.0038630873896181583,0.04502594843506813,0.063595600426197052
CLAIMSx,2020-11-30,-0.07279060035943985,-0.054259933531284332,-0.0037390363868325949,0.044061854481697083,0.06232159212231636
CLAIMSx,2020-12-31,-0.072081759572029114,-0.053994853049516678,-0.0039060376584529877,0.044301759451627731,0.062764577567577362
CLF16OV,2019-01-31,-0.0026991174090653658,-0.0018648691475391388,0.00067794136703014374,0.0031115917954593897,0.0038986369036138058
CLF16OV,2019-02-28,-0.0028403450269252062,-0.0019879154860973358,0.00061846943572163582,0.0031038993038237095,0.0039198566228151321
CLF16OV,2019-03-31,-0.002608180046081543,-0.0017534694634377956,0.00085320294601842761,0.003303728299215436,0.0040880804881453514
CLF16OV,2019-04-30,-0.0027842374984174967,-0.0019308996852487326,0.00073907611658796668,0.0032310693059116602,0.0040176445618271828
CLF16OV,2019-05-31,-0.0027507031336426735,-0.0018876662943512201,0.00081184983719140291,0.0033612861298024654,0.00416202237829566
CLF16OV,2019-06-30,-0.0028314492665231228,-0.0019515231251716614,0.00077707209857180715,0.0033144159242510796,0.0041080815717577934
CLF16OV,2019-07-31,-0.002730152802541852,-0.0018619627226144075,0.00081204460002481937,0.0032768368255347013,0.0040535465814173222
CLF16OV,2019-08-31,-0.0027059710118919611,-0.0018550362437963486,0.00080226344289258122,0.0032767225056886673,0.0040690051391720772
CLF16OV,2019-09-30,-0.0027865380980074406,-0.0019384771585464478,0.00074385153129696846,0.0032359296455979347,0.0040471963584423065
CLF16OV,2019-10-31,-0.0027384024579077959,-0.0018777619116008282,0.00079069711500778794,0.0033104231115430593,0.004141057375818491
CLF16OV,2019-11-30,-0.0026802599895745516,-0.0018203784711658955,0.00081836589379236102,0.003282854100689292,0.0040820925496518612
CLF16OV,2019-12-31,-0.0027260333299636841,-0.0018778184894472361,0.00078485015546903014,0.0032570804469287395,0.0040510720573365688
CLF16OV,2020-01-31,-0.002864782465621829,-0.0019764059688895941,0.00077675539068877697,0.0033705257810652256,0.0041920365765690804
CLF16OV,2020-02-29,-0.0029026179108768702,-0.0020012559834867716,0.00077194266486912966,0.0033357490319758654,0.0041466876864433289
CLF16OV,2020-03-31,-0.0028099948540329933,-0.0019298484548926353,0.00079883338185027242,0.003312369342893362,0.0041281045414507389
CLF16OV,2020-04-30,-0.0028448086231946945,-0.0019432278349995613,0.00081827602116391063,0.0033420859836041927,0.0041528539732098579
CLF16OV,2020-05-31,-0.0028446577489376068,-0.0019511021673679352,0.00084463774692267179,0.0034544942900538445,0.0042907949537038803
CLF16OV,2020-06-30,-0.0028110484126955271,-0.0019241778645664454,0.00081427599070593715,0.0033592141699045897,0.0041908537968993187
CLF16OV,2020-07-31,-0.002741330536082387,-0.0018630630802363157,0.00082460761768743396,0.0033255915623158216,0.0041435090824961662
CLF16OV,2020-08-31,-0.0027931551449000835,-0.0019093004520982504,0.00079573580296710134,0.0033104731701314449,0.0041332719847559929
CLF16OV,2020-09-30,-0.0027809315361082554,-0.0018935410771518946,0.00080298347165808082,0.0033646582160145044,0.0042126011103391647
CLF16OV,2020-10-31,-0.0028332932852208614,-0.001931079663336277,0.00082552403910085559,0.0033661003690212965,0.0041953679174184799
CLF16OV,2020-11-30,-0.0028071026317775249,-0.0018907599151134491,0.00084738258738070726,0.0033658954780548811,0.0041901273652911186
CLF16OV,2020-12-31,-0.0027539804577827454,-0.0018632016144692898,0.00084530620370060205,0.0033785507548600435,0.0042222081683576107
CMRMTSPLx,2019-01-31,-0.0086908796802163124,-0.0059344656765460968,0.002255020197480917,0.0099815530702471733,0.012417076155543327
CMRMTSPLx,2019-02-28,-0.0095333224162459373,-0.0068122623488306999,0.0014741691993549466,0.0095630493015050888,0.012054778635501862
CMRMTSPLx,2019-03-31,-0.012347967363893986,-0.0094888806343078613,-0.0009356208611279726,0.0075057037174701691,0.010222549550235271
CMRMTSPLx,2019-04-30,-0.010370315983891487,-0.0073800347745418549,0.0014885609271004796,0.0097133303061127663,0.012265166267752647
CMRMTSPLx,2019-05-31,-0.010815107263624668,-0.0079184798523783684,0.00087151560001075268,0.0093473885208368301,0.011972013860940933
CMRMTSPLx,2019-06-30,-0.010622480884194374,-0.0077771162614226341,0.0012151987757533789,0.0095434011891484261,0.012087883427739143
CMRMTSPLx,2019-07-31,-0.011320069432258606,-0.0084255235269665718,0.00045767123810946941,0.0088488385081291199,0.011453106068074703
CMRMTSPLx,2019-08-31,-0.01038040779531002,-0.0075003756210207939,0.0013403806369751692,0.0098007647320628166,0.012447439134120941
CMRMTSPLx,2019-09-30,-0.011821671389043331,-0.0088149318471550941,0.0001818421296775341,0.0085529489442706108,0.011218974366784096
CMRMTSPLx,2019-10-31,-0.010602069087326527,-0.0075103743001818657,0.0014421208761632442,0.009908788837492466,0.012695561163127422
CMRMTSPLx,2019-11-30,-0.010717942379415035,-0.0077148228883743286,0.0012808741303160787,0.009672701358795166,0.01231845561414957
CMRMTSPLx,2019-12-31,-0.011017273180186749,-0.0080265123397111893,0.0012317325454205275,0.0098385261371731758,0.012520316988229752
CMRMTSPLx,2020-01-31,-0.011783734895288944,-0.0086585190147161484,0.00086163729429244995,0.00982697494328022,0.012578651309013367
CMRMTSPLx,2020-02-29,-0.011319168843328953,-0.0081770243123173714,0.0014694128185510635,0.010547352954745293,0.013351275585591793
CMRMTSPLx,2020-03-31,-0.0119529003277421,-0.0087790340185165405,0.00099613948259502649,0.0099241612479090691,0.012709422037005424
CMRMTSPLx,2020-04-30,-0.012018336914479733,-0.0087148873135447502,0.0012485077604651451,0.010255384258925915,0.0130732087418437
CMRMTSPLx,2020-05-31,-0.010973655618727207,-0.0078544905409216881,0.0015694140456616879,0.010640794411301613,0.013638212345540524
CMRMTSPLx,2020-06-30,-0.010976371355354786,-0.0078576914966106415,0.0014317102031782269,0.010329828597605228,0.013289147056639194
CMRMTSPLx,2020-07-31,-0.01090408768504858,-0.0077794967219233513,0.0013846852816641331,0.010155916213989258,0.013098389841616154
CMRMTSPLx,2020-08-31,-0.010994034819304943,-0.0078080547973513603,0.0014733367133885622,0.010278327390551567,0.013221482746303082
CMRMTSPLx,2020-09-30,-0.010863847099244595,-0.0077198008075356483,0.001427303534001112,0.01044418103992939,0.01350866723805666
CMRMTSPLx,2020-10-31,-0.010959554463624954,-0.0078127942979335785,0.0015045985346660018,0.010338569991290569,0.01330383587628603
CMRMTSPLx,2020-11-30,-0.011089678853750229,-0.0078680906444787979,0.0014605327742174268,0.01035589724779129,0.013352706097066402
CMRMTSPLx,2020-12-31,-0.011098878458142281,-0.0078914081677794456,0.0014813179150223732,0.010504957288503647,0.01357643399387598
COMPAPFFx,2019-01-31,0.09195275604724884,0.138967365026474,0.2602354884147644,0.42243009805679321,0.49749299883842468
COMPAPFFx,2019-02-28,0.043624304234981537,0.097056254744529724,0.24772816896438599,0.44716119766235352,0.53584718704223633
COMPAPFFx,2019-03-31,0.023672435432672501,0.079146057367324829,0.24092712998390198,0.46087163686752319,0.55593293905258179
COMPAPFFx,2019-04-30,-0.0079627335071563721,0.049866847693920135,0.23175154626369476,0.46893310546875,0.57181119918823242
COMPAPFFx,2019-05-31,-0.029665857553482056,0.030937667936086655,0.215067058801651,0.48239424824714661,0.60029399394989014
COMPAPFFx,2019-06-30,-0.039306316524744034,0.022264463827013969,0.21370737254619598,0.48041212558746338,0.59779304265975952
COMPAPFFx,2019-07-31,-0.059320386499166489,0.0069947615265846252,0.21102461218833923,0.49508178234100342,0.61756038665771484
COMPAPFFx,2019-08-31,-0.077009305357933044,-0.0091640278697013855,0.19912590086460114,0.50087481737136841,0.63355451822280884
COMPAPFFx,2019-09-30,-0.078082308173179626,-0.012240968644618988,0.1945207417011261,0.49632164835929871,0.63121426105499268
COMPAPFFx,2019-10-31,-0.086843430995941162,-0.013310749083757401,0.21381016075611115,0.5431591272354126,0.68935626745223999
COMPAPFFx,2019-11-30,-0.076744288206100464,-0.0043882541358470917,0.23052138090133667,0.58243656158447266,0.73698198795318604
COMPAPFFx,2019-12-31,-0.08808310329914093,-0.012627247720956802,0.23653876781463623,0.60673487186431885,0.76683080196380615
COMPAPFFx,2020-01-31,-0.12342379987239838,-0.049185287207365036,0.19370920956134796,0.56058698892593384,0.72369831800460815
COMPAPFFx,2020-02-29,-0.125592440366745,-0.050679441541433334,0.18978546559810638,0.57000976800918579,0.7424318790435791
COMPAPFFx,2020-03-31,-0.12826535105705261,-0.049398858100175858,0.20509234070777893,0.58624303340911865,0.75242424011230469
COMPAPFFx,2020-04-30,-0.12306833267211914,-0.048264797776937485,0.20180739462375641,0.59195560216903687,0.76803529262542725
COMPAPFFx,2020-05-31,-0.18054243922233582,-0.084049403667449951,0.17988145351409912,0.59919261932373047,0.79786127805709839
COMPAPFFx,2020-06-30,-0.17472705245018005,-0.082684040069580078,0.17427647113800049,0.59267646074295044,0.79212981462478638
COMPAPFFx,2020-07-31,-0.17075042426586151,-0.078441128134727478,0.17115113139152527,0.58119231462478638,0.78219097852706909
COMPAPFFx,2020-08-31,-0.18310412764549255,-0.088032960891723633,0.16602747142314911,0.59038102626800537,0.79714024066925049
COMPAPFFx,2020-09-30,-0.19979719817638397,-0.10134704411029816,0.15794676542282104,0.59919220209121704,0.82193291187286377
COMPAPFFx,2020-10-31,-0.20209974050521851,-0.10203146934509277,0.17701016366481781,0.63749456405639648,0.86604446172714233
COMPAPFFx,2020-11-30,-0.200672447681427,-0.094540640711784363,0.20311051607131958,0.72444897890090942,0.98605096340179443
COMPAPFFx,2020-12-31,-0.20399157702922821,-0.094820663332939148,0.2205691784620285,0.76825165748596191,1.0332701206207275
CONSPI,2019-01-31,-1.1502983570098877,-0.75695657730102539,0.21901765465736389,1.3441982269287109,1.817641019821167
CONSPI,2019-02-28,-1.1075431108474731,-0.7554815411567688,0.046060234308242798,0.78231674432754517,1.1080914735794067
CONSPI,2019-03-31,-0.93072694540023804,-0.64013457298278809,0.029078517109155655,0.68435633182525635,0.9648546576499939
CONSPI,2019-04-30,-0.96860784292221069,-0.6680646538734436,0.029254179447889328,0.69668865203857422,0.98973840475082397
CONSPI,2019-05-31,-1.1611881256103516,-0.80378556251525879,0.0055449679493904114,0.72915983200073242,1.0272144079208374
CONSPI,2019-06-30,-1.0142776966094971,-0.69074302911758423,0.040657259523868561,0.71499419212341309,1.0170402526855469
CONSPI,2019-07-31,-0.99208015203475952,-0.66441231966018677,0.04394921287894249,0.71685034036636353,1.0166642665863037
CONSPI,2019-08-31,-1.0528082847595215,-0.71033084392547607,0.038847126066684723,0.74651283025741577,1.0489630699157715
CONSPI,2019-09-30,-1.2013614177703857,-0.81713604927062988,0.0097240544855594635,0.75482326745986938,1.099355936050415
CONSPI,2019-10-31,-1.2160161733627319,-0.82001280784606934,0.022065103054046631,0.79617905616760254,1.1541097164154053
CONSPI,2019-11-30,-1.2642085552215576,-0.85014182329177856,0.031643196940422058,0.8187633752822876,1.1980279684066772
CONSPI,2019-12-31,-1.4884005784988403,-1.0220494270324707,0.0072264932096004486,0.91507101058959961,1.3035229444503784
CONSPI,2020-01-31,-1.417163610458374,-0.96982496976852417,0.030108079314231873,0.92074382305145264,1.3019833564758301
CONSPI,2020-02-29,-1.2672973871231079,-0.86030840873718262,0.014194883406162262,0.79854226112365723,1.1328326463699341
CONSPI,2020-03-31,-1.1273263692855835,-0.76803141832351685,0.032808061689138412,0.77439033985137939,1.1132349967956543
CONSPI,2020-04-30,-1.2011978626251221,-0.81123119592666626,0.022853542119264603,0.80808466672897339,1.1485729217529297
CONSPI,2020-05-31,-1.5808234214782715,-1.0425815582275391,0.052691970020532608,1.0531631708145142,1.5369892120361328
CONSPI,2020-06-30,-1.2671866416931152,-0.82571440935134888,0.078212939202785492,0.93105196952819824,1.3540806770324707
CONSPI,2020-07-31,-1.0036293268203735,-0.66136324405670166,0.084218725562095642,0.84460616111755371,1.2084195613861084
CONSPI,2020-08-31,-1.1366262435913086,-0.75959211587905884,0.051505874842405319,0.85640537738800049,1.2721796035766602
CONSPI,2020-09-30,-1.1631671190261841,-0.75973182916641235,0.038424879312515259,0.85813683271408081,1.2822614908218384
CONSPI,2020-10-31,-1.3497147560119629,-0.88014751672744751,0.05068172886967659,0.92877191305160522,1.3898299932479858
CONSPI,2020-11-30,-1.7726128101348877,-1.1257421970367432,0.065722182393074036,1.1867281198501587,1.7322803735733032
CONSPI,2020-12-31,-3.3069431781768799,-2.3382971286773682,-0.028447121381759644,2.0837054252624512,3.0267581939697266
CP3Mx,2019-01-31,-0.11512141674757004,-0.074381709098815918,0.035050436854362488,0.17778529226779938,0.23883144557476044
CP3Mx,2019-02-28,-0.11380370706319809,-0.071131303906440735,0.043536223471164703,0.18654389679431915,0.24855317175388336
CP3Mx,2019-03-31,-0.094536513090133667,-0.055261611938476562,0.0474519282579422,0.1844908744096756,0.24431537091732025
CP3Mx,2019-04-30,-0.098741456866264343,-0.06111520528793335,0.042207159101963043,0.17915499210357666,0.24122966825962067
CP3Mx,2019-05-31,-0.11621160805225372,-0.074492432177066803,0.040047720074653625,0.18879629671573639,0.25186517834663391
CP3Mx,2019-06-30,-0.11253903061151505,-0.071839392185211182,0.045503124594688416,0.20043596625328064,0.27070903778076172
CP3Mx,2019-07-31,-0.12201442569494247,-0.077624022960662842,0.043285638093948364,0.20119315385818481,0.27238628268241882
CP3Mx,2019-08-31,-0.13288290798664093,-0.087127678096294403,0.036867216229438782,0.20273937284946442,0.27550575137138367
CP3Mx,2019-09-30,-0.13146780431270599,-0.087879851460456848,0.034358665347099304,0.20297703146934509,0.27768602967262268
CP3Mx,2019-10-31,-0.13709928095340729,-0.091750264167785645,0.037862278521060944,0.2106955498456955,0.28709882497787476
CP3Mx,2019-11-30,-0.13283336162567139,-0.087874986231327057,0.040313214063644409,0.21474342048168182,0.29254016280174255
CP3Mx,2019-12-31,-0.14569884538650513,-0.098649755120277405,0.038181774318218231,0.21440683305263519,0.28951144218444824
CP3Mx,2020-01-31,-0.16963024437427521,-0.11864198744297028,0.033276014029979706,0.22270336747169495,0.30190309882164001
CP3Mx,2020-02-29,-0.16196314990520477,-0.11151683330535889,0.037457071244716644,0.22422397136688232,0.30417460203170776
CP3Mx,2020-03-31,-0.15057258307933807,-0.10156957805156708,0.040114358067512512,0.21945697069168091,0.29917013645172119
CP3Mx,2020-04-30,-0.15176363289356232,-0.10334915667772293,0.031502068042755127,0.2071848064661026,0.28386053442955017
CP3Mx,2020-05-31,-0.17402678728103638,-0.11757771670818329,0.033599257469177246,0.22784554958343506,0.31431305408477783
CP3Mx,2020-06-30,-0.16559888422489166,-0.11071058362722397,0.033554203808307648,0.21729511022567749,0.30067810416221619
CP3Mx,2020-07-31,-0.16007806360721588,-0.10588756948709488,0.030806543305516243,0.21251390874385834,0.294931560754776
CP3Mx,2020-08-31,-0.15593215823173523,-0.10432115197181702,0.031095774844288826,0.22074377536773682,0.30910339951515198
CP3Mx,2020-09-30,-0.1768157035112381,-0.12074635922908783,0.02899659238755703,0.22693711519241333,0.31679928302764893
CP3Mx,2020-10-31,-0.16527855396270752,-0.11326315999031067,0.031658962368965149,0.23174664378166199,0.32680550217628479
CP3Mx,2020-11-30,-0.1710323840379715,-0.11584969609975815,0.036233767867088318,0.24037425220012665,0.33650124073028564
CP3Mx,2020-12-31,-0.17851954698562622,-0.12229293584823608,0.034469142556190491,0.24621136486530304,0.34354889392852783
CPIAPPSL,2019-01-31,-0.0098072141408920288,-0.0068923495709896088,0.0011354013113304973,0.0098164426162838936,0.013253465294837952
CPIAPPSL,2019-02-28,-0.012711870484054089,-0.0098354276269674301,-0.0012200293131172657,0.0076562417671084404,0.011243490502238274
CPIAPPSL,2019-03-31,-0.010549436323344707,-0.0075821778737008572,0.0012559520546346903,0.010798785835504532,0.014567936770617962
CPIAPPSL,2019-04-30,-0.012597874738276005,-0.009788823314011097,-0.00087594869546592236,0.0085462937131524086,0.012303628027439117
CPIAPPSL,2019-05-31,-0.012208086438477039,-0.0092144003137946129,-0.00037030800012871623,0.0089259250089526176,0.012574965134263039
CPIAPPSL,2019-06-30,-0.011546265333890915,-0.0086015732958912849,2.5464156351517886e-05,0.0089268581941723824,0.012463251128792763
CPIAPPSL,2019-07-31,-0.011723649688065052,-0.0088193090632557869,-0.00037994649028405547,0.0080536780878901482,0.011464778333902359
CPIAPPSL,2019-08-31,-0.01101509016007185,-0.0082500288262963295,-7.3907795012928545e-06,0.0085340039804577827,0.011931415647268295
CPIAPPSL,2019-09-30,-0.011639982461929321,-0.0087026413530111313,-0.00015660062490496784,0.0084463851526379585,0.011783614754676819
CPIAPPSL,2019-10-31,-0.01132634375244379,-0.0085196048021316528,-6.5634638303890824e-05,0.008581048808991909,0.011882789433002472
CPIAPPSL,2019-11-30,-0.011145885102450848,-0.0083171585574746132,-2.2327498300001025e-05,0.0085122687742114067,0.011719156987965107
CPIAPPSL,2019-12-31,-0.011313950642943382,-0.0084999473765492439,-0.00011668902152450755,0.0084256697446107864,0.011690154671669006
CPIAPPSL,2020-01-31,-0.011477545835077763,-0.0085913138464093208,-0.00022391478705685586,0.0083123473450541496,0.011551199480891228
CPIAPPSL,2020-02-29,-0.011294797994196415,-0.0084363417699933052,-7.6468364568427205e-05,0.0083114048466086388,0.011427812278270721
CPIAPPSL,2020-03-31,-0.011136623099446297,-0.0083383740857243538,-5.231351315160282e-05,0.0082920100539922714,0.011545896530151367
CPIAPPSL,2020-04-30,-0.01134106982499361,-0.00847635418176651,-0.00012203643564134836,0.0085031874477863312,0.011889164336025715
CPIAPPSL,2020-05-31,-0.011312881484627724,-0.0084115397185087204,-8.3953018474858254e-05,0.0084785204380750656,0.011862239800393581
CPIAPPSL,2020-06-30,-0.011255484074354172,-0.0083690471947193146,-0.00012785004219040275,0.0083407806232571602,0.011727228760719299
CPIAPPSL,2020-07-31,-0.011310430243611336,-0.0083790095522999763,-6.9373978476505727e-05,0.0083772260695695877,0.011793476529419422
CPIAPPSL,2020-08-31,-0.011207918636500835,-0.0083621162921190262,-0.00012385593436192721,0.0085315955802798271,0.012048580683767796
CPIAPPSL,2020-09-30,-0.01148376427590847,-0.0084688877686858177,-9.1258501925040036e-05,0.0086814174428582191,0.01224350742995739
CPIAPPSL,2020-10-31,-0.011467510834336281,-0.0084227928891777992,-6.1928643845021725e-05,0.008489060215651989,0.011990014463663101
CPIAPPSL,2020-11-30,-0.011233209632337093,-0.0082306340336799622,-4.3123429350089282e-05,0.0082511547952890396,0.011701039969921112
CPIAPPSL,2020-12-31,-0.011049636639654636,-0.0081274397671222687,-4.9653335736365989e-05,0.008187868632376194,0.011604689992964268
CPIAUCSL,2019-01-31,-0.001171269454061985,-0.00044085015542805195,0.001608769060112536,0.0036512657534331083,0.0044115330092608929
CPIAUCSL,2019-02-28,-0.00092905107885599136,-0.00015516020357608795,0.0021289919968694448,0.0043758074752986431,0.0052088145166635513
CPIAUCSL,2019-03-31,-0.0015078792348504066,-0.00072479131631553173,0.0015939957229420543,0.0039600338786840439,0.0048420559614896774
CPIAUCSL,2019-04-30,-0.0015235869213938713,-0.00070719746872782707,0.0016909538535401225,0.0041278591379523277,0.0050372094847261906
CPIAUCSL,2019-05-31,-0.0017791679129004478,-0.00095565151423215866,0.0014717632438987494,0.0039314068853855133,0.0048246937803924084
CPIAUCSL,2019-06-30,-0.0015746676363050938,-0.00073906965553760529,0.0017498808447271585,0.0042276480235159397,0.0051491456106305122
CPIAUCSL,2019-07-31,-0.001476731151342392,-0.00064647034741938114,0.0018024318851530552,0.0042798034846782684,0.0052157575264573097
CPIAUCSL,2019-08-31,-0.0013809842057526112,-0.00053434702567756176,0.002005924703553319,0.0045006806030869484,0.0054412074387073517
CPIAUCSL,2019-09-30,-0.0015888409689068794,-0.00076825986616313457,0.0017151751089841127,0.0041976929642260075,0.0051305247470736504
CPIAUCSL,2019-10-31,-0.0016167308203876019,-0.0007802832406014204,0.0016478779725730419,0.0040984693914651871,0.0050065522082149982
CPIAUCSL,2019-11-30,-0.0016680699773132801,-0.00084321945905685425,0.00166022137273103,0.0040752170607447624,0.004983389750123024
CPIAUCSL,2019-12-31,-0.0016532572917640209,-0.00081404112279415131,0.0017681018216535449,0.0042389486916363239,0.0051489435136318207
CPIAUCSL,2020-01-31,-0.0017101764678955078,-0.00083109154365956783,0.0017634358955547214,0.0042778169736266136,0.0052080340683460236
CPIAUCSL,2020-02-29,-0.0016909260302782059,-0.00081711728125810623,0.0017762379720807076,0.0042926426976919174,0.0052019217982888222
CPIAUCSL,2020-03-31,-0.0017298385500907898,-0.00085408124141395092,0.0017508248565718532,0.0042924461886286736,0.005249696783721447
CPIAUCSL,2020-04-30,-0.0017090504989027977,-0.00080243335105478764,0.0018288770224899054,0.0043312422931194305,0.0052582924254238605
CPIAUCSL,2020-05-31,-0.0016705482266843319,-0.00084750587120652199,0.001608938560821116,0.0040343161672353745,0.004947085864841938
CPIAUCSL,2020-06-30,-0.0016261660493910313,-0.00080349389463663101,0.0016686993185430765,0.0040835654363036156,0.0050044567324221134
CPIAUCSL,2020-07-31,-0.0016233832575380802,-0.00079384958371520042,0.0016678684623911977,0.004057600162923336,0.0049644466489553452
CPIAUCSL,2020-08-31,-0.001739399041980505,-0.00087025598622858524,0.0016381272580474615,0.0041483393870294094,0.005113416351377964
CPIAUCSL,2020-09-30,-0.0017257663421332836,-0.00085298414342105389,0.0016481432830914855,0.0041467654518783092,0.0051048668101429939
CPIAUCSL,2020-10-31,-0.0017909863963723183,-0.00090223713777959347,0.0016838375013321638,0.0042477762326598167,0.0052375323139131069
CPIAUCSL,2020-11-30,-0.0018305713310837746,-0.00094141997396945953,0.0016555770998820662,0.0042583756148815155,0.0052693337202072144
CPIAUCSL,2020-12-31,-0.0017711622640490532,-0.000904817134141922,0.0016612441977486014,0.0042865090072154999,0.0053005670197308064
CPIMEDSL,2019-01-31,-0.0036404440179467201,-0.0027639439795166254,-0.00017765355005394667,0.0022933268919587135,0.0031538745388388634
CPIMEDSL,2019-02-28,-0.0036509819328784943,-0.0027062234003096819,6.5057916799560189e-05,0.0027698467019945383,0.0036711969878524542
CPIMEDSL,2019-03-31,-0.0038491070736199617,-0.0028917335439473391,-1.1746717063942924e-05,0.0028553102165460587,0.0038138816598802805
CPIMEDSL,2019-04-30,-0.0037772890646010637,-0.002855837345123291,-2.329311246285215e-05,0.0028694057837128639,0.0038490055594593287
CPIMEDSL,2019-05-31,-0.0037711551412940025,-0.0028301824349910021,-4.4787419028580189e-05,0.0027877376414835453,0.0037452913820743561
CPIMEDSL,2019-06-30,-0.0037890407256782055,-0.0028378083370625973,-4.9831414798973128e-05,0.0027553695254027843,0.0036950842477381229
CPIMEDSL,2019-07-31,-0.0037232132162898779,-0.002780199283733964,-2.5677220037323423e-05,0.0026816755998879671,0.0036058137193322182
CPIMEDSL,2019-08-31,-0.0036462501157075167,-0.0027383945416659117,-2.6678908398025669e-05,0.0026829466223716736,0.0036084512248635292
CPIMEDSL,2019-09-30,-0.0037185747642070055,-0.002782922238111496,-1.6906104065128602e-05,0.0027710169088095427,0.0037036021240055561
CPIMEDSL,2019-10-31,-0.0037740541156381369,-0.0028370285872370005,-1.1015291420335416e-05,0.0028059112373739481,0.00373860914260149
CPIMEDSL,2019-11-30,-0.0038733223918825388,-0.0029099395032972097,-1.7752037820173427e-05,0.0028660788666456938,0.0038191208150237799
CPIMEDSL,2019-12-31,-0.0038297099526971579,-0.0028747383039444685,-6.7021733229921665e-06,0.0028261733241379261,0.0037614209577441216
CPIMEDSL,2020-01-31,-0.0038141119293868542,-0.0028611971065402031,-2.4704640964046121e-05,0.0028110120911151171,0.0037416496779769659
CPIMEDSL,2020-02-29,-0.003824395127594471,-0.0028744966257363558,8.2788383224396966e-06,0.0028118013869971037,0.0037335343658924103
CPIMEDSL,2020-03-31,-0.0037888716906309128,-0.0028569332789629698,-1.2346532457740977e-05,0.0027794600464403629,0.0037061560433357954
CPIMEDSL,2020-04-30,-0.0037699057720601559,-0.0028305440209805965,-1.3512997611542232e-05,0.0027860025875270367,0.0037205284461379051
CPIMEDSL,2020-05-31,-0.0039512999355792999,-0.0029472163878381252,-5.4543608712265268e-05,0.0027557231951504946,0.0037340272683650255
CPIMEDSL,2020-06-30,-0.0039721284992992878,-0.0029576998203992844,-5.8634090237319469e-05,0.002735622227191925,0.0037124149966984987
CPIMEDSL,2020-07-31,-0.0039387629367411137,-0.002930572722107172,-4.4281845475779846e-05,0.0027564549818634987,0.0037405979819595814
CPIMEDSL,2020-08-31,-0.0039043189026415348,-0.0029167546890676022,-4.1340706957271323e-05,0.0028149336576461792,0.0038250277284532785
CPIMEDSL,2020-09-30,-0.0039548692293465137,-0.0029266010969877243,-4.3788302718894556e-05,0.0028397899586707354,0.0038469706196337938
CPIMEDSL,2020-10-31,-0.0039918124675750732,-0.002945862477645278,-3.344935248605907e-05,0.0028439911548048258,0.0038432222791016102
CPIMEDSL,2020-11-30,-0.0039321333169937134,-0.0028957019094377756,-2.5641980755608529e-05,0.002796464366838336,0.003790529677644372
CPIMEDSL,2020-12-31,-0.0039115920662879944,-0.0028923021163791418,-1.8349335732636973e-05,0.0028018592856824398,0.0037949786055833101
CPITRNSL,2019-01-31,-0.018605470657348633,-0.012506108731031418,0.00211359653621912,0.017068106681108475,0.022985665127635002
CPITRNSL,2019-02-28,-0.021746329963207245,-0.015479282476007938,0.00021374598145484924,0.01637587882578373,0.022659450769424438
CPITRNSL,2019-03-31,-0.022945569828152657,-0.016627192497253418,-0.00057673279661685228,0.015480163507163525,0.02186245284974575
CPITRNSL,2019-04-30,-0.02213560976088047,-0.015698382630944252,0.00052051316015422344,0.016638915985822678,0.022985907271504402
CPITRNSL,2019-05-31,-0.023003984242677689,-0.01654607430100441,-0.00015184917720034719,0.016494525596499443,0.023058587685227394
CPITRNSL,2019-06-30,-0.023457445204257965,-0.01673559844493866,0.00018584953795652837,0.016447149217128754,0.022796474397182465
CPITRNSL,2019-07-31,-0.022773042321205139,-0.0162374097853899,0.00019525214156601578,0.015861039981245995,0.021999532356858253
CPITRNSL,2019-08-31,-0.022536257281899452,-0.016110030934214592,0.00019406602950766683,0.01582634449005127,0.021935086697340012
CPITRNSL,2019-09-30,-0.023787898942828178,-0.017135519534349442,-0.00022115846513770521,0.015807516872882843,0.021932110190391541
CPITRNSL,2019-10-31,-0.023273687809705734,-0.01691628061234951,-0.00019970118592027575,0.01576525904238224,0.021856978535652161
CPITRNSL,2019-11-30,-0.022539697587490082,-0.016073033213615417,1.2598633475136012e-05,0.015162372030317783,0.020761223509907722
CPITRNSL,2019-12-31,-0.022461693733930588,-0.0161701999604702,0.00011206198541913182,0.015402724966406822,0.021159714087843895
CPITRNSL,2020-01-31,-0.02283814549446106,-0.016431486234068871,8.0687314039096236e-06,0.015758128836750984,0.021670075133442879
CPITRNSL,2020-02-29,-0.023492304608225822,-0.016967117786407471,-9.3740076408721507e-05,0.016031863167881966,0.022115027531981468
CPITRNSL,2020-03-31,-0.023154148831963539,-0.01674698106944561,-0.00014238225412555039,0.015368127264082432,0.021146170794963837
CPITRNSL,2020-04-30,-0.02373136393725872,-0.017041048035025597,-0.00010118470527231693,0.015716519206762314,0.021698428317904472
CPITRNSL,2020-05-31,-0.022399729117751122,-0.01585005596280098,-4.7935991460690275e-05,0.015232698991894722,0.021506883203983307
CPITRNSL,2020-06-30,-0.022238623350858688,-0.015632444992661476,7.4591291195247322e-05,0.014976085163652897,0.021092414855957031
CPITRNSL,2020-07-31,-0.021812025457620621,-0.015366407111287117,3.9490500057581812e-05,0.01460676733404398,0.020729253068566322
CPITRNSL,2020-08-31,-0.022083915770053864,-0.015579818747937679,-4.3912747059948742e-05,0.014864711090922356,0.021100213751196861
CPITRNSL,2020-09-30,-0.022165533155202866,-0.015629023313522339,-8.6926418589428067e-05,0.015203681774437428,0.021592481061816216
CPITRNSL,2020-10-31,-0.02299928292632103,-0.016173716634511948,0.00013241221313364804,0.015526705421507359,0.021873526275157928
CPITRNSL,2020-11-30,-0.022821206599473953,-0.016012368723750114,6.0245518398005515e-05,0.015211301855742931,0.02148064412176609
CPITRNSL,2020-12-31,-0.022428959608078003,-0.015759540721774101,3.8339727325364947e-05,0.015123303048312664,0.021453425288200378
CPIULFSL,2019-01-31,-0.0034054501447826624,-0.0022937043104320765,0.0005718510365113616,0.0033296048641204834,0.0042685642838478088
CPIULFSL,2019-02-28,-0.0040768585167825222,-0.0028760612476617098,0.00036602007457986474,0.0035547651350498199,0.0045978380367159843
CPIULFSL,2019-03-31,-0.0049684648402035236,-0.0037212199531495571,-0.00035690970253199339,0.0029106542933732271,0.00402827188372612
CPIULFSL,2019-04-30,-0.0045233522541821003,-0.0032586376182734966,0.00017269494128413498,0.003407477168366313,0.0044892113655805588
CPIULFSL,2019-05-31,-0.0046778586693108082,-0.0034416904672980309,-2.3391732611344196e-05,0.0033384261187165976,0.0044456454925239086
CPIULFSL,2019-06-30,-0.0046619190834462643,-0.0033787495922297239,0.00020606862381100655,0.0035498808138072491,0.0046385130845010281
CPIULFSL,2019-07-31,-0.0046577490866184235,-0.0033763314131647348,0.00015483905735891312,0.0034334245137870312,0.0045019243843853474
CPIULFSL,2019-08-31,-0.0046100891195237637,-0.0033394680358469486,0.00019134898320771754,0.0034943344071507454,0.0045864838175475597
CPIULFSL,2019-09-30,-0.0048813000321388245,-0.0035696632694453001,3.3681812055874616e-05,0.0033752345480024815,0.0044678202830255032
CPIULFSL,2019-10-31,-0.0049779363907873631,-0.0037101928610354662,-8.132134098559618e-05,0.0033582428004592657,0.0045188483782112598
CPIULFSL,2019-11-30,-0.0048860497772693634,-0.0035443424712866545,5.2036528359167278e-05,0.0034056906588375568,0.0044802525080740452
CPIULFSL,2019-12-31,-0.0048307669349014759,-0.003544532461091876,6.113227573223412e-05,0.0033856164664030075,0.0044781900942325592
CPIULFSL,2020-01-31,-0.0048552355729043484,-0.0035531132016330957,4.0406179323326796e-05,0.0034421579912304878,0.0045545827597379684
CPIULFSL,2020-02-29,-0.0050049228593707085,-0.0036777823697775602,1.0585339623503387e-05,0.0034799580462276936,0.0046126982197165489
CPIULFSL,2020-03-31,-0.004823226947337389,-0.0035146311856806278,8.9270310127176344e-05,0.003404146758839488,0.0044980598613619804
CPIULFSL,2020-04-30,-0.0048993532545864582,-0.003560543991625309,7.824374915799126e-05,0.0033997972495853901,0.0045070750638842583
CPIULFSL,2020-05-31,-0.0047719897702336311,-0.0034897346049547195,-2.2932774299988523e-05,0.0032746174838393927,0.0044146380387246609
CPIULFSL,2020-06-30,-0.0047210576012730598,-0.0034262302797287703,5.399339715950191e-05,0.0033025701995939016,0.0044229207560420036
CPIULFSL,2020-07-31,-0.004674823023378849,-0.0033950889483094215,4.5007822336629033e-05,0.0032783749047666788,0.0044074999168515205
CPIULFSL,2020-08-31,-0.0047798529267311096,-0.0034818321000784636,1.2377742677927017e-05,0.0033019671682268381,0.0044482601806521416
CPIULFSL,2020-09-30,-0.0047963778488337994,-0.0034822532907128334,1.5280438674381003e-05,0.0033521938603371382,0.0045137703418731689
CPIULFSL,2020-10-31,-0.0049278917722404003,-0.0035645165480673313,6.7846653109882027e-05,0.0034264835994690657,0.0045885690487921238
CPIULFSL,2020-11-30,-0.0049118450842797756,-0.0035445638932287693,4.7958128561731428e-05,0.0033465719316154718,0.0044959182851016521
CPIULFSL,2020-12-31,-0.0048013278283178806,-0.0034744341392070055,5.4823947721160948e-05,0.0033553349785506725,0.0045306938700377941
CUMFNS,2019-01-31,-0.82005631923675537,-0.66186666488647461,-0.17482484877109528,0.30299314856529236,0.45384761691093445
CUMFNS,2019-02-28,-0.57398748397827148,-0.40776890516281128,0.10271306335926056,0.58854097127914429,0.73845726251602173
CUMFNS,2019-03-31,-0.86203223466873169,-0.68967342376708984,-0.16851036250591278,0.33799922466278076,0.49611130356788635
CUMFNS,2019-04-30,-0.70615792274475098,-0.52910017967224121,0.0093425950035452843,0.51602447032928467,0.67025434970855713
CUMFNS,2019-05-31,-0.74126887321472168,-0.56264358758926392,-0.013457100838422775,0.50859588384628296,0.66445016860961914
CUMFNS,2019-06-30,-0.71894168853759766,-0.54231464862823486,0.019003370776772499,0.55075228214263916,0.70724129676818848
CUMFNS,2019-07-31,-0.83598828315734863,-0.65377753973007202,-0.08779589831829071,0.44872146844863892,0.60994088649749756
CUMFNS,2019-08-31,-0.71432662010192871,-0.53131711483001709,0.042621787637472153,0.58581697940826416,0.74986755847930908
CUMFNS,2019-09-30,-0.84907126426696777,-0.65769809484481812,-0.081315584480762482,0.45922198891639709,0.6231730580329895
CUMFNS,2019-10-31,-0.71912944316864014,-0.52956843376159668,0.041300613433122635,0.58426332473754883,0.74989044666290283
CUMFNS,2019-11-30,-0.77848237752914429,-0.58825129270553589,-0.01504208892583847,0.52977371215820312,0.69326132535934448
CUMFNS,2019-12-31,-0.7573552131652832,-0.57357329130172729,0.00018731213640421629,0.5508582592010498,0.71759092807769775
CUMFNS,2020-01-31,-0.7943689227104187,-0.60332876443862915,-0.021281048655509949,0.53739649057388306,0.70441508293151855
CUMFNS,2020-02-29,-0.74849843978881836,-0.55739068984985352,0.024490322917699814,0.58765459060668945,0.75435662269592285
CUMFNS,2020-03-31,-0.78755086660385132,-0.59455794095993042,-0.011608783155679703,0.53798508644104004,0.70467293262481689
CUMFNS,2020-04-30,-0.75408154726028442,-0.56507426500320435,0.013113763183355331,0.55888360738754272,0.72762995958328247
CUMFNS,2020-05-31,-0.73602211475372314,-0.55317008495330811,0.014698771759867668,0.56694048643112183,0.73718100786209106
CUMFNS,2020-06-30,-0.72999197244644165,-0.54608947038650513,0.014938348904252052,0.56337761878967285,0.73328769207000732
CUMFNS,2020-07-31,-0.71995115280151367,-0.53576147556304932,0.020831996574997902,0.55877882242202759,0.72573322057723999
CUMFNS,2020-08-31,-0.73016864061355591,-0.54365015029907227,0.020840615034103394,0.56503283977508545,0.73509687185287476
CUMFNS,2020-09-30,-0.73100137710571289,-0.54650586843490601,0.014253029599785805,0.57522433996200562,0.75115090608596802
CUMFNS,2020-10-31,-0.72947001457214355,-0.54256492853164673,0.034374050796031952,0.58246678113937378,0.75017839670181274
CUMFNS,2020-11-30,-0.72501665353775024,-0.53416919708251953,0.03418361023068428,0.57625746726989746,0.74435710906982422
CUMFNS,2020-12-31,-0.7217286229133606,-0.53262710571289062,0.037813559174537659,0.59041786193847656,0.76644909381866455
CUSR0000SA0L2,2019-01-31,-0.0047311685048043728,-0.0032705389894545078,0.00050099979853257537,0.0041187368333339691,0.0053687668405473232
CUSR0000SA0L2,2019-02-28,-0.0051415348425507545,-0.0036421522963792086,0.00041547144064679742,0.0043586273677647114,0.005688332486897707
CUSR0000SA0L2,2019-03-31,-0.0059173307381570339,-0.0043850517831742764,-0.00022934877779334784,0.0038105377461761236,0.0052175568416714668
CUSR0000SA0L2,2019-04-30,-0.005548449233174324,-0.0039911726489663124,0.0002278389292769134,0.0042815408669412136,0.0056676329113543034
CUSR0000SA0L2,2019-05-31,-0.0056658918038010597,-0.0041341930627822876,9.825273446040228e-05,0.0042837741784751415,0.0056847739033401012
CUSR0000SA0L2,2019-06-30,-0.0057895625941455364,-0.0042069950141012669,0.00018581410404294729,0.0043310914188623428,0.0057298592291772366
CUSR0000SA0L2,2019-07-31,-0.0056450408883392811,-0.0040926192887127399,0.00013796042185276747,0.0041023748926818371,0.0054407184943556786
CUSR0000SA0L2,2019-08-31,-0.0055898111313581467,-0.0040512452833354473,0.00016874165157787502,0.0041389185935258865,0.0054960465058684349
CUSR0000SA0L2,2019-09-30,-0.0058023729361593723,-0.0042559662833809853,2.4974302505142987e-05,0.0040403492748737335,0.0053945807740092278
CUSR0000SA0L2,2019-10-31,-0.0057950234040617943,-0.0042714830487966537,2.4018238036660478e-05,0.0041035832837224007,0.0054907910525798798
CUSR0000SA0L2,2019-11-30,-0.0056919939815998077,-0.0041323741897940636,0.00011267949594184756,0.0041011767461895943,0.0054123681038618088
CUSR0000SA0L2,2019-12-31,-0.0056932694278657436,-0.004169834777712822,0.0001116141866077669,0.0041026193648576736,0.0054401070810854435
CUSR0000SA0L2,2020-01-31,-0.0057561458088457584,-0.0041953497566282749,0.00010211279732175171,0.0041423286311328411,0.0054852659814059734
CUSR0000SA0L2,2020-02-29,-0.0058535579591989517,-0.0042803096584975719,6.2505074311047792e-05,0.004148595966398716,0.0055036144331097603
CUSR0000SA0L2,2020-03-31,-0.0057604503817856312,-0.0042074993252754211,5.8859099226538092e-05,0.003980166744440794,0.0053047616966068745
CUSR0000SA0L2,2020-04-30,-0.0057547716423869133,-0.0041801640763878822,9.7639909654390067e-05,0.0040085329674184322,0.0053330319933593273
CUSR0000SA0L2,2020-05-31,-0.0055832867510616779,-0.0040396656841039658,4.2818955989787355e-05,0.0039599956944584846,0.0053383251652121544
CUSR0000SA0L2,2020-06-30,-0.0055183963850140572,-0.0039695207960903645,0.00010429011308588088,0.0039399364031851292,0.0052867424674332142
CUSR0000SA0L2,2020-07-31,-0.0054597924463450909,-0.0039319884963333607,7.3488459747750312e-05,0.0038918990176171064,0.0052538905292749405
CUSR0000SA0L2,2020-08-31,-0.0055534010753035545,-0.0040022754110395908,5.1533552323235199e-05,0.0039069466292858124,0.0052827801555395126
CUSR0000SA0L2,2020-09-30,-0.0055487179197371006,-0.0040015787817537785,3.5250064684078097e-05,0.0039532179944217205,0.0053501906804740429
CUSR0000SA0L2,2020-10-31,-0.0056879329495131969,-0.0041005406528711319,9.3956346972845495e-05,0.0040190601721405983,0.0054079564288258553
CUSR0000SA0L2,2020-11-30,-0.0056422930210828781,-0.0040551433339715004,7.585920684505254e-05,0.0039223809726536274,0.0052926940843462944
CUSR0000SA0L2,2020-12-31,-0.0055298474617302418,-0.0039739473722875118,0.0001048088088282384,0.0039390949532389641,0.0053306426852941513
CUSR0000SA0L5,2019-01-31,-0.0031565290410071611,-0.0021107383072376251,0.00066344032529741526,0.0033849289175122976,0.0043060434982180595
CUSR0000SA0L5,2019-02-28,-0.0038197960238903761,-0.0026972664054483175,0.00040696078212931752,0.0034604913089424372,0.0044540404342114925
CUSR0000SA0L5,2019-03-31,-0.0047576506622135639,-0.003623640863224864,-0.00047440052730962634,0.0026678422000259161,0.0037492392584681511
CUSR0000SA0L5,2019-04-30,-0.0042267595417797565,-0.0030508511699736118,0.00020369021513033658,0.003319478128105402,0.0043538454920053482
CUSR0000SA0L5,2019-05-31,-0.0043786624446511269,-0.0032402346841990948,-9.7329502750653774e-06,0.0032003829255700111,0.0042425962164998055
CUSR0000SA0L5,2019-06-30,-0.0043408637866377831,-0.0031716220546513796,0.00018671728321351111,0.0033586141653358936,0.0043849200010299683
CUSR0000SA0L5,2019-07-31,-0.0043652034364640713,-0.003196351695805788,0.00011151155922561884,0.0032061613164842129,0.0042045284062623978
CUSR0000SA0L5,2019-08-31,-0.0042938590049743652,-0.0031448663212358952,0.00014196230040397495,0.0032678039278835058,0.0042916173115372658
CUSR0000SA0L5,2019-09-30,-0.0045205932110548019,-0.0033469847403466702,-1.0766826562758069e-05,0.0031163536477833986,0.0041322782635688782
CUSR0000SA0L5,2019-10-31,-0.0045394492335617542,-0.0033989956136792898,-6.8602996179834008e-05,0.0031113345175981522,0.0041682813316583633
CUSR0000SA0L5,2019-11-30,-0.0044471472501754761,-0.0032583551947027445,5.5328786402242258e-05,0.0031923973001539707,0.004190277773886919
CUSR0000SA0L5,2019-12-31,-0.0044579911045730114,-0.0033026768360286951,5.166588380234316e-05,0.0031863546464592218,0.0042079975828528404
CUSR0000SA0L5,2020-01-31,-0.004491106141358614,-0.0033137465361505747,4.3058029405074194e-05,0.0032448102720081806,0.0042784055694937706
CUSR0000SA0L5,2020-02-29,-0.0046221539378166199,-0.0034264088608324528,7.7041677286615595e-06,0.0032698428258299828,0.0043271193280816078
CUSR0000SA0L5,2020-03-31,-0.0044723395258188248,-0.0032963459379971027,5.804814281873405e-05,0.0031861301977187395,0.0042100446298718452
CUSR0000SA0L5,2020-04-30,-0.0045672091655433178,-0.0033545419573783875,4.6353277866728604e-05,0.003179935971274972,0.0042167557403445244
CUSR0000SA0L5,2020-05-31,-0.00434144027531147,-0.0031932194251567125,2.2277517928159796e-06,0.0030918968841433525,0.0041495957411825657
CUSR0000SA0L5,2020-06-30,-0.0042874803766608238,-0.0031307379249483347,6.8524241214618087e-05,0.0031076667364686728,0.0041472725570201874
CUSR0000SA0L5,2020-07-31,-0.0042610052041709423,-0.0031129077542573214,5.1831382734235376e-05,0.0030885492451488972,0.0041407253593206406
CUSR0000SA0L5,2020-08-31,-0.0043655922636389732,-0.0031991202849894762,2.0138306354056112e-05,0.0030981427989900112,0.0041582710109651089
CUSR0000SA0L5,2020-09-30,-0.0043748593889176846,-0.0031997456680983305,9.2467016656883061e-06,0.0031337139662355185,0.0042077633552253246
CUSR0000SA0L5,2020-10-31,-0.0044744689948856831,-0.003263428108766675,6.8338034907355905e-05,0.0031980355270206928,0.0042673656716942787
CUSR0000SA0L5,2020-11-30,-0.0044891149736940861,-0.0032682791352272034,3.4232300095027313e-05,0.003124589566141367,0.0041899681091308594
CUSR0000SA0L5,2020-12-31,-0.0043751788325607777,-0.0031911807600408792,5.0410657422617078e-05,0.0031441827304661274,0.0042306794784963131
CUSR0000SAC,2019-01-31,-0.0076610767282545567,-0.0051581608131527901,0.0011773216538131237,0.0076542505994439125,0.010089755058288574
CUSR0000SAC,2019-02-28,-0.0093386583030223846,-0.0067641865462064743,6.9757319579366595e-05,0.0070677511394023895,0.0096411295235157013
CUSR0000SAC,2019-03-31,-0.009688112884759903,-0.00709135876968503,-0.00012257444905117154,0.0068807462230324745,0.0094860512763261795
CUSR0000SAC,2019-04-30,-0.0094046024605631828,-0.0067605217918753624,0.00027592596597969532,0.0072936373762786388,0.0098755257204174995
CUSR0000SAC,2019-05-31,-0.009819813072681427,-0.0071534966118633747,-7.1842964644019958e-06,0.0072309598326683044,0.0099036553874611855
CUSR0000SAC,2019-06-30,-0.0098248757421970367,-0.0071094627492129803,0.00011674198321998119,0.007045175414532423,0.0095761306583881378
CUSR0000SAC,2019-07-31,-0.0093203987926244736,-0.0067239440977573395,0.00015369123138953,0.0067205722443759441,0.0091332653537392616
CUSR0000SAC,2019-08-31,-0.0092677948996424675,-0.0067110029049217701,0.00010069495328934863,0.0066658700816333294,0.0091039864346385002
CUSR0000SAC,2019-09-30,-0.0098609896376729012,-0.0071949167177081108,-6.682304956484586e-05,0.0066572553478181362,0.0090962378308176994
CUSR0000SAC,2019-10-31,-0.0096092335879802704,-0.00706885801628232,-3.2554729841649532e-05,0.0067212372086942196,0.0091757019981741905
CUSR0000SAC,2019-11-30,-0.0093639399856328964,-0.0067933537065982819,4.9905480409506708e-05,0.0065241423435509205,0.0088032232597470284
CUSR0000SAC,2019-12-31,-0.0093440627679228783,-0.0068231094628572464,0.00010393364209448919,0.0066077238880097866,0.0089513296261429787
CUSR0000SAC,2020-01-31,-0.009566660039126873,-0.0069727534428238869,6.1541417380794883e-05,0.0067827766761183739,0.009188246913254261
CUSR0000SAC,2020-02-29,-0.0097736213356256485,-0.0071554076857864857,-6.2647018239658792e-06,0.0068109170533716679,0.0092578902840614319
CUSR0000SAC,2020-03-31,-0.0095597533509135246,-0.0070060989819467068,-2.705009319470264e-05,0.0064716129563748837,0.008824152871966362
CUSR0000SAC,2020-04-30,-0.0097958743572235107,-0.0071190758608281612,2.9068585718050599e-05,0.0065973983146250248,0.0089780846610665321
CUSR0000SAC,2020-05-31,-0.0093387989327311516,-0.0066951564513146877,1.6157890058821067e-05,0.0065132128074765205,0.0089935567229986191
CUSR0000SAC,2020-06-30,-0.0092299198731780052,-0.0065803905017673969,8.7772292317822576e-05,0.0064116190187633038,0.0088200364261865616
CUSR0000SAC,2020-07-31,-0.0091175856068730354,-0.0065069105476140976,6.0192658565938473e-05,0.0063028843142092228,0.0087338900193572044
CUSR0000SAC,2020-08-31,-0.0092645119875669479,-0.0066154100932180882,2.5139561330433935e-05,0.0063938633538782597,0.0088616320863366127
CUSR0000SAC,2020-09-30,-0.0093619711697101593,-0.0066882618702948093,-6.8735521381313447e-06,0.0065436391159892082,0.0090836435556411743
CUSR0000SAC,2020-10-31,-0.0096537386998534203,-0.00688187126070261,5.6871889682952315e-05,0.0066142729483544827,0.0091501381248235703
CUSR0000SAC,2020-11-30,-0.0095149818807840347,-0.0067841317504644394,1.5615043594152667e-05,0.0064344126731157303,0.0089328484609723091
CUSR0000SAC,2020-12-31,-0.0092879608273506165,-0.0066148051992058754,6.2989318394102156e-05,0.0064167818054556847,0.0089210262522101402
CUSR0000SAD,2019-01-31,-0.0036714472807943821,-0.0027299902867525816,-0.00010235668742097914,0.0025330812204629183,0.0034396324772387743
CUSR0000SAD,2019-02-28,-0.0036342733073979616,-0.0026839184574782848,3.7750021874671802e-05,0.0027288012206554413,0.0036418626550585032
CUSR0000SAD,2019-03-31,-0.0038227797485888004,-0.0028583260718733072,-0.00014357369218487293,0.0025577626656740904,0.003471278352662921
CUSR0000SAD,2019-04-30,-0.003912139218300581,-0.0029160026460886002,-0.0001086069896700792,0.0026153239887207747,0.0035395314916968346
CUSR0000SAD,2019-05-31,-0.0036936523392796516,-0.002716525224968791,0.00011129113408969715,0.0028937447350472212,0.0038335234858095646
CUSR0000SAD,2019-06-30,-0.0040063071064651012,-0.003006897633895278,-0.00012324654380790889,0.0026313480921089649,0.0035649824421852827
CUSR0000SAD,2019-07-31,-0.0039362390525639057,-0.0029525542631745338,-0.00012502068420872092,0.0025992149021476507,0.0035453590098768473
CUSR0000SAD,2019-08-31,-0.0038398441392928362,-0.002865595743060112,-3.3602707844693214e-05,0.0027765380218625069,0.0037516248412430286
CUSR0000SAD,2019-09-30,-0.0037059891037642956,-0.0026995358057320118,0.00023227045312523842,0.0031611204613000154,0.0041681481525301933
CUSR0000SAD,2019-10-31,-0.0042968858033418655,-0.0032637387048453093,-0.00022055258159525692,0.0027067265473306179,0.0037183701060712337
CUSR0000SAD,2019-11-30,-0.0041760704480111599,-0.0031007693614810705,-0.00010870288679143414,0.0027763531543314457,0.0037615636829286814
CUSR0000SAD,2019-12-31,-0.0039797346107661724,-0.0029636833351105452,-2.0844187019974925e-05,0.0028245898429304361,0.0038033784367144108
CUSR0000SAD,2020-01-31,-0.0040421527810394764,-0.0029920288361608982,1.8498289136914536e-05,0.0029183912556618452,0.0039051352068781853
CUSR0000SAD,2020-02-29,-0.0042073256336152554,-0.0031408318318426609,-8.9063258201349527e-05,0.0028177360072731972,0.0037946032825857401
CUSR0000SAD,2020-03-31,-0.0040433956310153008,-0.0030008878093212843,-2.2553798771696165e-05,0.0027991102542728186,0.0037653374020010233
CUSR0000SAD,2020-04-30,-0.0040286160074174404,-0.0029902129899710417,-4.0979244658956304e-05,0.0028055522125214338,0.0037761460989713669
CUSR0000SAD,2020-05-31,-0.0041235345415771008,-0.0030963052995502949,-4.8988316848408431e-05,0.0029451355803757906,0.0039842473343014717
CUSR0000SAD,2020-06-30,-0.0040893238037824631,-0.0030626645311713219,-5.5262058594962582e-05,0.0028781592845916748,0.0039069461636245251
CUSR0000SAD,2020-07-31,-0.0040017911233007908,-0.0029820448253303766,-1.8393002392258495e-05,0.0028819176368415356,0.0039056390523910522
CUSR0000SAD,2020-08-31,-0.0040606502443552017,-0.0030324258841574192,-5.0171693146694452e-05,0.0028699357062578201,0.0039080148562788963
CUSR0000SAD,2020-09-30,-0.0040364610031247139,-0.0029976947698742151,-2.2321202777675353e-05,0.0029380142223089933,0.0040098326280713081
CUSR0000SAD,2020-10-31,-0.0041627543978393078,-0.0031000406015664339,-5.0493694288888946e-05,0.0029149109032005072,0.0039739706553518772
CUSR0000SAD,2020-11-30,-0.004115578718483448,-0.0030438688118010759,-2.8770922654075548e-05,0.0028890550602227449,0.003935694694519043
CUSR0000SAD,2020-12-31,-0.0040813065133988857,-0.0030317667406052351,-3.580858901841566e-05,0.0029087429866194725,0.0039729434065520763
CUSR0000SAS,2019-01-31,-0.0028411457315087318,-0.0022724908776581287,-0.0008537180838175118,0.00041175712249241769,0.00085393362678587437
CUSR0000SAS,2019-02-28,-0.0019351671217009425,-0.0013457307359203696,0.00016713709919713438,0.0015831802738830447,0.002067923080176115
CUSR0000SAS,2019-03-31,-0.0022467854432761669,-0.0016438550082966685,-0.00010164996638195589,0.0013909684494137764,0.0018947701901197433
CUSR0000SAS,2019-04-30,-0.0022555033210664988,-0.0016297147376462817,-1.0076983926410321e-05,0.0015410390915349126,0.0020638727582991123
CUSR0000SAS,2019-05-31,-0.0023566992022097111,-0.0017221706220880151,-6.5379856096114963e-05,0.0015658278716728091,0.0021201397757977247
CUSR0000SAS,2019-06-30,-0.0020927402656525373,-0.0014860195806249976,0.0001462497457396239,0.0016994833713397384,0.0022104904055595398
CUSR0000SAS,2019-07-31,-0.0022601117379963398,-0.0016298526898026466,-1.9618501028162427e-06,0.0015446984907612205,0.0020627665799111128
CUSR0000SAS,2019-08-31,-0.0022389402147382498,-0.0016051159473136067,2.9100639949319884e-05,0.0015991303371265531,0.0021378102246671915
CUSR0000SAS,2019-09-30,-0.0022457940503954887,-0.0016275879461318254,-9.8566597444005311e-06,0.0015300313243642449,0.0020629940554499626
CUSR0000SAS,2019-10-31,-0.0022788757923990488,-0.0016194487689062953,2.3177672119345516e-05,0.0016026591183617711,0.0021638262551277876
CUSR0000SAS,2019-11-30,-0.002244242001324892,-0.0016125809634104371,1.1085883670602925e-05,0.0015723061515018344,0.0021092446986585855
CUSR0000SAS,2019-12-31,-0.0023025672417134047,-0.0016728054033592343,-2.5705279767862521e-05,0.0015584585489705205,0.0020790379494428635
CUSR0000SAS,2020-01-31,-0.0023434225004166365,-0.0016802211757749319,5.6962569942697883e-05,0.0016641061520203948,0.002185530262067914
CUSR0000SAS,2020-02-29,-0.002354905940592289,-0.0016948698321357369,-4.4567113945959136e-06,0.0015748982550576329,0.0020877234637737274
CUSR0000SAS,2020-03-31,-0.0022354032844305038,-0.0016035803128033876,4.6128781832521781e-05,0.0016054848674684763,0.002132349880412221
CUSR0000SAS,2020-04-30,-0.0022796764969825745,-0.0016457453602924943,-2.5440391254960559e-05,0.0015313569456338882,0.002051088260486722
CUSR0000SAS,2020-05-31,-0.0022794585675001144,-0.0016379533335566521,6.1791188272763975e-06,0.0015845139278098941,0.0021500855218619108
CUSR0000SAS,2020-06-30,-0.002191862091422081,-0.0015638249460607767,2.2855112547404133e-05,0.0015093432739377022,0.0020534200593829155
CUSR0000SAS,2020-07-31,-0.0021642032079398632,-0.0015409723855555058,2.8696511435555294e-05,0.0015112891560420394,0.002049116650596261
CUSR0000SAS,2020-08-31,-0.0022061481140553951,-0.0015672027366235852,1.4044240742805414e-05,0.0015369689790531993,0.0020994762890040874
CUSR0000SAS,2020-09-30,-0.0022296491079032421,-0.0015888860216364264,1.0987082532665227e-05,0.0015874402597546577,0.0021868615876883268
CUSR0000SAS,2020-10-31,-0.0021973229013383389,-0.0015687878476455808,2.8851320166722871e-05,0.0015644190134480596,0.0021368751768022776
CUSR0000SAS,2020-11-30,-0.0022109872661530972,-0.0015663874801248312,3.2597148674540222e-05,0.0015586731024086475,0.0021315279882401228
CUSR0000SAS,2020-12-31,-0.0022514939773827791,-0.0015976185677573085,2.6506950234761462e-05,0.0015997397713363171,0.0021970251109451056
DDURRG3M086SBEA,2019-01-31,-0.0032669734209775925,-0.00223206402733922,0.00094720517517998815,0.0042326510883867741,0.0052433265373110771
DDURRG3M086SBEA,2019-02-28,-0.0044525363482534885,-0.0034025674685835838,-3.6172255931887776e-05,0.0034489806275814772,0.0044974097982048988
DDURRG3M086SBEA,2019-03-31,-0.0052371881902217865,-0.0041960510425269604,-0.00078028446296229959,0.0027207429520785809,0.0038402604404836893
DDURRG3M086SBEA,2019-04-30,-0.0041943034157156944,-0.0030544309411197901,0.00048673455603420734,0.0041187671013176441,0.0052306964062154293
DDURRG3M086SBEA,2019-05-31,-0.0050643500871956348,-0.0039764568209648132,-0.00040312344208359718,0.0032030395232141018,0.0043170354329049587
DDURRG3M086SBEA,2019-06-30,-0.0049095270223915577,-0.0038457438349723816,-0.00028487475356087089,0.0033146904315799475,0.0043898927979171276
DDURRG3M086SBEA,2019-07-31,-0.004135429859161377,-0.0030545564368367195,0.0004957753699272871,0.0041257170960307121,0.0052432063966989517
DDURRG3M086SBEA,2019-08-31,-0.0048021702095866203,-0.0037680785171687603,-0.000195189772057347,0.0033587261568754911,0.0044356784783303738
DDURRG3M086SBEA,2019-09-30,-0.0046069812960922718,-0.0035588063765317202,5.3562609537038952e-05,0.0036708174739032984,0.0047372099943459034
DDURRG3M086SBEA,2019-10-31,-0.0045189321972429752,-0.0034929546527564526,4.8749385314295068e-05,0.0036504417657852173,0.0047246566973626614
DDURRG3M086SBEA,2019-11-30,-0.00470000971108675,-0.0036521675065159798,-0.00013396050781011581,0.0033900872804224491,0.004469284787774086
DDURRG3M086SBEA,2019-12-31,-0.0046322941780090332,-0.0036213821731507778,-0.00013034348376095295,0.0033898439723998308,0.004450799897313118
DDURRG3M086SBEA,2020-01-31,-0.0045402511022984982,-0.0034906936343759298,8.857614011503756e-05,0.0037371092475950718,0.0048275855369865894
DDURRG3M086SBEA,2020-02-29,-0.0047661936841905117,-0.0036952444352209568,-3.8744532503187656e-05,0.0036213092971593142,0.0046973172575235367
DDURRG3M086SBEA,2020-03-31,-0.0047325310297310352,-0.0036879249382764101,-4.8682089982321486e-05,0.0035398411564528942,0.004613200668245554
DDURRG3M086SBEA,2020-04-30,-0.0045502921566367149,-0.0034851483069360256,0.00014889512385707349,0.0038308268412947655,0.0049223266541957855
DDURRG3M086SBEA,2020-05-31,-0.0052624950185418129,-0.0041639665141701698,-0.00043421477312222123,0.0032507614232599735,0.0043663396500051022
DDURRG3M086SBEA,2020-06-30,-0.0048666559159755707,-0.0037791912909597158,-0.00010358612780692056,0.0035527870059013367,0.0046538752503693104
DDURRG3M086SBEA,2020-07-31,-0.0045007704757153988,-0.0034170476719737053,0.00021681671205442399,0.0037926121149212122,0.0048864525742828846
DDURRG3M086SBEA,2020-08-31,-0.0048613757826387882,-0.0037973395083099604,-0.00015807135787326843,0.0034437139984220266,0.0045283576473593712
DDURRG3M086SBEA,2020-09-30,-0.0047177737578749657,-0.0036309889983385801,5.3500370995607227e-06,0.0036178044974803925,0.0046817059628665447
DDURRG3M086SBEA,2020-10-31,-0.0045607802458107471,-0.0034756194800138474,0.00019260609406046569,0.0038315707352012396,0.0049427961930632591
DDURRG3M086SBEA,2020-11-30,-0.0049142125062644482,-0.0038354659918695688,-0.00019193578918930143,0.0034047311637550592,0.0045269201509654522
DDURRG3M086SBEA,2020-12-31,-0.0049000321887433529,-0.0038306403439491987,-0.00018204659863840789,0.0034431291278451681,0.0045770597644150257
DMANEMP,2019-01-31,-0.0028756167739629745,-0.0019432277185842395,0.00023559603141620755,0.0023231005761772394,0.003057507099583745
DMANEMP,2019-02-28,-0.0015571339754387736,-0.00062899535987526178,0.0015917816199362278,0.0036529465578496456,0.004390025045722723
DMANEMP,2019-03-31,-0.0027297993656247854,-0.0017177260015159845,0.00074024253990501165,0.0030457458924502134,0.0038093305192887783
DMANEMP,2019-04-30,-0.0027634641155600548,-0.0017131946515291929,0.00093772902619093657,0.0032764144707471132,0.004070608876645565
DMANEMP,2019-05-31,-0.0029190063942223787,-0.0017996157985180616,0.00089895655401051044,0.0034773731604218483,0.0043389806523919106
DMANEMP,2019-06-30,-0.00312252645380795,-0.0019894880242645741,0.00084990006871521473,0.0033900421112775803,0.0042335004545748234
DMANEMP,2019-07-31,-0.0035449618007987738,-0.0023115540388971567,0.0006898106075823307,0.0032935650087893009,0.0041603250429034233
DMANEMP,2019-08-31,-0.0036574152763932943,-0.0023470257874578238,0.00083176605403423309,0.003579337615519762,0.0044676344841718674
DMANEMP,2019-09-30,-0.0037860679440200329,-0.0025048884563148022,0.00070781481917947531,0.0035324306227266788,0.0044487663544714451
DMANEMP,2019-10-31,-0.0040075518190860748,-0.0026511645410209894,0.00065689801704138517,0.0036367345601320267,0.004682113416492939
DMANEMP,2019-11-30,-0.004047321155667305,-0.0026619147974997759,0.00073634181171655655,0.0037515787407755852,0.0047480762004852295
DMANEMP,2019-12-31,-0.0044301543384790421,-0.0030066692270338535,0.00053207995370030403,0.0037486003711819649,0.0047577600926160812
DMANEMP,2020-01-31,-0.0047426964156329632,-0.0032169304322451353,0.00058974442072212696,0.0038990476168692112,0.0049385526217520237
DMANEMP,2020-02-29,-0.0046305474825203419,-0.0030970864463597536,0.00064264005050063133,0.003988433163613081,0.0050535844638943672
DMANEMP,2020-03-31,-0.0046829464845359325,-0.003122186753898859,0.00067827256862074137,0.0039783036336302757,0.0050048534758388996
DMANEMP,2020-04-30,-0.004562553483992815,-0.0030715817119926214,0.0006218557246029377,0.0039416993968188763,0.0050062304362654686
DMANEMP,2020-05-31,-0.0046277409419417381,-0.0030014293733984232,0.00083237176295369864,0.0041978238150477409,0.0053481035865843296
DMANEMP,2020-06-30,-0.0045022214762866497,-0.0029292001854628325,0.00077429739758372307,0.0041736210696399212,0.0053337579593062401
DMANEMP,2020-07-31,-0.0045239017345011234,-0.0029615019448101521,0.00075946538709104061,0.0041952598839998245,0.0053763100877404213
DMANEMP,2020-08-31,-0.0046371174976229668,-0.0030166408978402615,0.00078892463352531195,0.0042332150042057037,0.0054219672456383705
DMANEMP,2020-09-30,-0.0047212736681103706,-0.0030845587607473135,0.0007765674963593483,0.0043563302606344223,0.0055753379128873348
DMANEMP,2020-10-31,-0.0044234348461031914,-0.002878901083022356,0.00086390599608421326,0.0042937751859426498,0.0054708328098058701
DMANEMP,2020-11-30,-0.0044545289129018784,-0.0028821956366300583,0.00088392302859574556,0.0042518344707787037,0.005421807523816824
DMANEMP,2020-12-31,-0.0046396260149776936,-0.0029852986335754395,0.0008843735558912158,0.0043201488442718983,0.0055070230737328529
DNDGRG3M086SBEA,2019-01-31,-0.006741237360984087,-0.0041205035522580147,0.0028483001515269279,0.010445965453982353,0.013296208344399929
DNDGRG3M086SBEA,2019-02-28,-0.011488716118037701,-0.0084872925654053688,-0.00052073702681809664,0.0075717112049460411,0.010572877712547779
DNDGRG3M086SBEA,2019-03-31,-0.011730056256055832,-0.0086843417957425117,-0.00051004299893975258,0.0077117453329265118,0.010799494571983814
DNDGRG3M086SBEA,2019-04-30,-0.010727209039032459,-0.0075497198849916458,0.00083391799125820398,0.0094166798517107964,0.01255347952246666
DNDGRG3M086SBEA,2019-05-31,-0.011892030946910381,-0.0087300539016723633,-0.00023528390738647431,0.0085118953138589859,0.011701247654855251
DNDGRG3M086SBEA,2019-06-30,-0.011793636716902256,-0.0085727991536259651,0.00011643761536106467,0.0087396474555134773,0.01181798055768013
DNDGRG3M086SBEA,2019-07-31,-0.010995663702487946,-0.0078974710777401924,0.00044325127964839339,0.0086655756458640099,0.011629811488091946
DNDGRG3M086SBEA,2019-08-31,-0.01096201129257679,-0.0080016488209366798,0.00016324255557265133,0.008285067044198513,0.011222721077501774
DNDGRG3M086SBEA,2019-09-30,-0.011640729382634163,-0.0086255772039294243,-0.00021708771237172186,0.0080072041600942612,0.010935578495264053
DNDGRG3M086SBEA,2019-10-31,-0.011494257487356663,-0.00857557263225317,-0.00015790561155881733,0.0080813448876142502,0.011037586256861687
DNDGRG3M086SBEA,2019-11-30,-0.011174898594617844,-0.0081873731687664986,-5.0093858590116724e-05,0.0078222770243883133,0.010559556074440479
DNDGRG3M086SBEA,2019-12-31,-0.010733842849731445,-0.0078638689592480659,0.00024829275207594037,0.0079994332045316696,0.010772651992738247
DNDGRG3M086SBEA,2020-01-31,-0.011063850484788418,-0.008105739951133728,0.00016259246331173927,0.0082002710551023483,0.011031073518097401
DNDGRG3M086SBEA,2020-02-29,-0.011636989191174507,-0.0086017511785030365,-3.2337440643459558e-05,0.0082396669313311577,0.011171390302479267
DNDGRG3M086SBEA,2020-03-31,-0.011197846382856369,-0.0082662235945463181,-1.5115395399334375e-05,0.0078392354771494865,0.01066418644040823
DNDGRG3M086SBEA,2020-04-30,-0.01143185980618,-0.0083613358438014984,1.7247353753191419e-05,0.0079682404175400734,0.010825308971107006
DNDGRG3M086SBEA,2020-05-31,-0.01107022725045681,-0.0080118943005800247,-6.5275788074359298e-05,0.0077356318943202496,0.010609681718051434
DNDGRG3M086SBEA,2020-06-30,-0.010842335410416126,-0.0077684735879302025,0.0001149461604654789,0.0077342512086033821,0.010530891828238964
DNDGRG3M086SBEA,2020-07-31,-0.01055600680410862,-0.0075616012327373028,9.0159031969960779e-05,0.0074898134917020798,0.010287625715136528
DNDGRG3M086SBEA,2020-08-31,-0.010702674277126789,-0.0076791774481534958,4.589253876474686e-05,0.0075488924048841,0.010371440090239048
DNDGRG3M086SBEA,2020-09-30,-0.010779948905110359,-0.0077414144761860371,-2.1813877538079396e-05,0.0076883579604327679,0.010571655817329884
DNDGRG3M086SBEA,2020-10-31,-0.011223406530916691,-0.0080451061949133873,5.2122035413049161e-05,0.0078748343512415886,0.010776293464004993
DNDGRG3M086SBEA,2020-11-30,-0.011014719493687153,-0.0079250652343034744,-1.5205300769594032e-05,0.0076748454011976719,0.010544981807470322
DNDGRG3M086SBEA,2020-12-31,-0.010796207934617996,-0.007752465084195137,7.0225403760559857e-05,0.0076514510437846184,0.01050980668514967
DPCERA3M086SBEA,2019-01-31,-0.0011669490486383438,0.00038038869388401508,0.0047609126195311546,0.00955240149050951,0.011317839846014977
DPCERA3M086SBEA,2019-02-28,-0.0062171132303774357,-0.0045246230438351631,2.3023225367069244e-05,0.0042549902573227882,0.0057489695027470589
DPCERA3M086SBEA,2019-03-31,-0.0038237231783568859,-0.0023153838701546192,0.0018453339580446482,0.0058753257617354393,0.0072958152741193771
DPCERA3M086SBEA,2019-04-30,-0.0043768519535660744,-0.0028075329028069973,0.0014177799457684159,0.0054598376154899597,0.0069083706475794315
DPCERA3M086SBEA,2019-05-31,-0.0051540839485824108,-0.0035472209565341473,0.00072846631519496441,0.0046473005786538124,0.006017009261995554
DPCERA3M086SBEA,2019-06-30,-0.004581318236887455,-0.0030437656678259373,0.0013649618485942483,0.0054535199888050556,0.0069037885405123234
DPCERA3M086SBEA,2019-07-31,-0.0044176504015922546,-0.0028255488723516464,0.0015378561802208424,0.0056843739002943039,0.0071770669892430305
DPCERA3M086SBEA,2019-08-31,-0.0052458913996815681,-0.0036001182161271572,0.00093835557345300913,0.0054737390018999577,0.0070778564549982548
DPCERA3M086SBEA,2019-09-30,-0.0052813808433711529,-0.0035301176831126213,0.0011643845355138183,0.0056155268102884293,0.0072063500992953777
DPCERA3M086SBEA,2019-10-31,-0.005083257332444191,-0.0033528609201312065,0.0012377757811918855,0.0057401983067393303,0.007380705326795578
DPCERA3M086SBEA,2019-11-30,-0.0049602920189499855,-0.0032063862308859825,0.0013656859518960118,0.0057613980025053024,0.0074082333594560623
DPCERA3M086SBEA,2019-12-31,-0.0053454316221177578,-0.0035825702361762524,0.0012034350074827671,0.0057364511303603649,0.0073553458787500858
DPCERA3M086SBEA,2020-01-31,-0.0055067497305572033,-0.0036823046393692493,0.0012515450362116098,0.0059636570513248444,0.0076232952997088432
DPCERA3M086SBEA,2020-02-29,-0.0056597455404698849,-0.0038337912410497665,0.0011975801317021251,0.0058623254299163818,0.007488524541258812
DPCERA3M086SBEA,2020-03-31,-0.0054409964941442013,-0.0036499602720141411,0.0012274056207388639,0.0058113764971494675,0.0074767591431736946
DPCERA3M086SBEA,2020-04-30,-0.0054830838926136494,-0.0036037573590874672,0.0013156654313206673,0.0058374982327222824,0.0074266400188207626
DPCERA3M086SBEA,2020-05-31,-0.0046579055488109589,-0.00297953886911273,0.0016077058389782906,0.0060805603861808777,0.0077475341968238354
DPCERA3M086SBEA,2020-06-30,-0.0046852980740368366,-0.0030137388966977596,0.0015035083051770926,0.0058820890262722969,0.0075459727086126804
DPCERA3M086SBEA,2020-07-31,-0.0046356436796486378,-0.002962545957416296,0.0015728094149380922,0.0059154629707336426,0.0075581544078886509
DPCERA3M086SBEA,2020-08-31,-0.0048272074200212955,-0.0031236135400831699,0.0014903533738106489,0.0059824977070093155,0.0076883356086909771
DPCERA3M086SBEA,2020-09-30,-0.0048242001794278622,-0.0030898535624146461,0.0014992495998740196,0.0061093671247363091,0.0078993476927280426
DPCERA3M086SBEA,2020-10-31,-0.0048715374432504177,-0.0031121810898184776,0.0014827200211584568,0.0059727579355239868,0.0076981866732239723
DPCERA3M086SBEA,2020-11-30,-0.0047703962773084641,-0.0030137826688587666,0.0015536046121269464,0.0059936782345175743,0.0077222022227942944
DPCERA3M086SBEA,2020-12-31,-0.0048158932477235794,-0.0030464711599051952,0.0016119752544909716,0.006147368811070919,0.0079003237187862396
DSERRG3M086SBEA,2019-01-31,-0.0024476905819028616,-0.0019482438219711185,-0.00069974490907043219,0.00044942510430701077,0.00085221137851476669
DSERRG3M086SBEA,2019-02-28,-0.0015085190534591675,-0.00099782401230186224,0.00034963717916980386,0.0016832791734486818,0.0021440386772155762
DSERRG3M086SBEA,2019-03-31,-0.0019961982034146786,-0.001465441775508225,-0.00012465588224586099,0.0011886014835909009,0.0016410829266533256
DSERRG3M086SBEA,2019-04-30,-0.0020835308823734522,-0.0015249740099534392,-0.00012822949793189764,0.0012212994042783976,0.0016899901675060391
DSERRG3M086SBEA,2019-05-31,-0.0019396392162889242,-0.0013799092266708612,6.0034111811546609e-05,0.0014727695379406214,0.001954035134986043
DSERRG3M086SBEA,2019-06-30,-0.0018888714257627726,-0.0013534702593460679,5.6383916671620682e-05,0.0014342019567266107,0.0019003530032932758
DSERRG3M086SBEA,2019-07-31,-0.0020165182650089264,-0.0014657449210062623,-7.3105213232338428e-05,0.0012855585664510727,0.0017551255878061056
DSERRG3M086SBEA,2019-08-31,-0.001956491032615304,-0.0014039817033335567,-7.1157558068080107e-08,0.0013816409045830369,0.0018702942179515958
DSERRG3M086SBEA,2019-09-30,-0.0019529073033481836,-0.0013955928152427077,5.0781894969986752e-05,0.0014526871964335442,0.0019308836199343204
DSERRG3M086SBEA,2019-10-31,-0.0020449527073651552,-0.0014551142230629921,5.0365765673632268e-06,0.0014128985349088907,0.0019074453739449382
DSERRG3M086SBEA,2019-11-30,-0.001984873553737998,-0.0014231859240680933,-2.2866943254484795e-06,0.0013854461722075939,0.0018739072838798165
DSERRG3M086SBEA,2019-12-31,-0.0020014829933643341,-0.0014489775057882071,-3.3412281482014805e-05,0.0013385938946157694,0.0018065058393403888
DSERRG3M086SBEA,2020-01-31,-0.0020317132584750652,-0.0014437612844631076,6.4951265812851489e-05,0.0014797191834077239,0.0019559483043849468
DSERRG3M086SBEA,2020-02-29,-0.0021363794803619385,-0.001538850599899888,-4.8924979637376964e-05,0.0013702345313504338,0.0018472621450200677
DSERRG3M086SBEA,2020-03-31,-0.0019990920554846525,-0.0014209738001227379,5.1153481763321906e-05,0.0014404036337509751,0.0019217822700738907
DSERRG3M086SBEA,2020-04-30,-0.0020960241090506315,-0.0015146752120926976,-5.8739504311233759e-05,0.0013351107481867075,0.0018104484770447016
DSERRG3M086SBEA,2020-05-31,-0.0020209357608109713,-0.0014615460531786084,8.8487686298321933e-06,0.0014681449392810464,0.001986006973311305
DSERRG3M086SBEA,2020-06-30,-0.0019997970666736364,-0.0014465546701103449,-6.8251074480940588e-06,0.0014157148543745279,0.0019286518217995763
DSERRG3M086SBEA,2020-07-31,-0.0019738576374948025,-0.0014267653459683061,-5.3998282965039834e-06,0.0013968161074444652,0.0019030722323805094
DSERRG3M086SBEA,2020-08-31,-0.0020131433848291636,-0.0014451794559136033,-7.3265491664642468e-06,0.0014055577339604497,0.0019208445446565747
DSERRG3M086SBEA,2020-09-30,-0.0020085773430764675,-0.0014447824796661735,1.9604474346124334e-06,0.0014603023882955313,0.0020057251676917076
DSERRG3M086SBEA,2020-10-31,-0.0020332892891019583,-0.0014687982620671391,6.6430784499971196e-06,0.0014431440504267812,0.001968724187463522
DSERRG3M086SBEA,2020-11-30,-0.0020382867660373449,-0.001470660325139761,-1.5646033716620877e-05,0.0014168366324156523,0.0019463940989226103
DSERRG3M086SBEA,2020-12-31,-0.0020340022165328264,-0.0014605185715481639,9.5629493443993852e-06,0.0014603090239688754,0.0020031936001032591
DTCOLNVHFNM,2019-01-31,-0.025584645569324493,-0.016881262883543968,-0.00079378660302609205,0.013313700444996357,0.020278874784708023
DTCOLNVHFNM,2019-02-28,-0.022319881245493889,-0.01412601862102747,0.0011135292006656528,0.014856630936264992,0.021961770951747894
DTCOLNVHFNM,2019-03-31,-0.019954439252614975,-0.012254376895725727,0.0019415542483329773,0.015673069283366203,0.022404901683330536
DTCOLNVHFNM,2019-04-30,-0.022150911390781403,-0.014184459112584591,0.00091330951545387506,0.014605768956243992,0.021500743925571442
DTCOLNVHFNM,2019-05-31,-0.02435389906167984,-0.015408808365464211,0.00048075514496304095,0.014950614422559738,0.02193622849881649
DTCOLNVHFNM,2019-06-30,-0.024997372180223465,-0.0159751046448946,0.0008504942525178194,0.015775579959154129,0.023300506174564362
DTCOLNVHFNM,2019-07-31,-0.027204087004065514,-0.017161287367343903,0.00083458167500793934,0.016440300270915031,0.024277577176690102
DTCOLNVHFNM,2019-08-31,-0.030934803187847137,-0.01992419920861721,-0.00016023489297367632,0.017519034445285797,0.025968786329030991
DTCOLNVHFNM,2019-09-30,-0.034727290272712708,-0.022354964166879654,8.4809485997539014e-05,0.019318461418151855,0.028454398736357689
DTCOLNVHFNM,2019-10-31,-0.038858097046613693,-0.025494957342743874,-0.00059737719129770994,0.021164966747164726,0.031256258487701416
DTCOLNVHFNM,2019-11-30,-0.041044071316719055,-0.026440942659974098,-0.00020203775784466416,0.020962487906217575,0.031001660972833633
DTCOLNVHFNM,2019-12-31,-0.039351928979158401,-0.025757733732461929,-0.00035283408942632377,0.020912893116474152,0.030686881393194199
DTCOLNVHFNM,2020-01-31,-0.04083038866519928,-0.02678213082253933,0.00049582135397940874,0.021624498069286346,0.031564652919769287
DTCOLNVHFNM,2020-02-29,-0.037151888012886047,-0.023854898288846016,0.00068605912383645773,0.020945159718394279,0.030780352652072906
DTCOLNVHFNM,2020-03-31,-0.034967526793479919,-0.021947860717773438,0.0018526961794123054,0.020695721730589867,0.030284222215414047
DTCOLNVHFNM,2020-04-30,-0.034927010536193848,-0.02250356413424015,0.00043582750367932022,0.02009258046746254,0.029719986021518707
DTCOLNVHFNM,2020-05-31,-0.039965484291315079,-0.024149861186742783,0.00014013366308063269,0.02207515761256218,0.036045469343662262
DTCOLNVHFNM,2020-06-30,-0.033536899834871292,-0.019900498911738396,0.00044809744576923549,0.018758183345198631,0.031180039048194885
DTCOLNVHFNM,2020-07-31,-0.031138772144913673,-0.018485598266124725,0.00065308529883623123,0.017256885766983032,0.02827046811580658
DTCOLNVHFNM,2020-08-31,-0.034706462174654007,-0.020679153501987457,0.00015986678772605956,0.017883749678730965,0.029734322801232338
DTCOLNVHFNM,2020-09-30,-0.043654803186655045,-0.025495812296867371,-0.00022833615366835147,0.021581852808594704,0.03594367578625679
DTCOLNVHFNM,2020-10-31,-0.054406236857175827,-0.032133746892213821,-0.00024494665558449924,0.026829637587070465,0.04405868798494339
DTCOLNVHFNM,2020-11-30,-0.070857040584087372,-0.042039848864078522,-0.00023943508858792484,0.036524798721075058,0.058391116559505463
DTCOLNVHFNM,2020-12-31,-0.068018943071365356,-0.040764674544334412,4.9486763600725681e-05,0.038736552000045776,0.062021110206842422
DTCTHFNM,2019-01-31,-0.032465726137161255,-0.024611497297883034,-0.0060744951479136944,0.01187540590763092,0.017945606261491776
DTCTHFNM,2019-02-28,-0.011629275977611542,-0.0075167231261730194,0.0001066156619344838,0.0075709223747253418,0.011498227715492249
DTCTHFNM,2019-03-31,-0.0062265442684292793,-0.0028387818019837141,0.0031601195223629475,0.010490188375115395,0.014027309603989124
DTCTHFNM,2019-04-30,-0.0071909856051206589,-0.0041183279827237129,0.00073326169513165951,0.0067940638400614262,0.0094288699328899384
DTCTHFNM,2019-05-31,-0.0089751128107309341,-0.0051275705918669701,0.0011409521102905273,0.0079502454027533531,0.010994249954819679
DTCTHFNM,2019-06-30,-0.0099584842100739479,-0.0058561493642628193,0.0013880720362067223,0.0088376691564917564,0.012327723205089569
DTCTHFNM,2019-07-31,-0.015828387811779976,-0.01039968803524971,-0.0005313411820679903,0.0073292539454996586,0.010786276310682297
DTCTHFNM,2019-08-31,-0.013203876093029976,-0.0085132969543337822,-0.00049448059871792793,0.0068689128383994102,0.010052266530692577
DTCTHFNM,2019-09-30,-0.014893529005348682,-0.0093109263107180595,0.00035646941978484392,0.0091401087120175362,0.013839897699654102
DTCTHFNM,2019-10-31,-0.023014577105641365,-0.01543401088565588,-0.00088900537230074406,0.010676763020455837,0.016332194209098816
DTCTHFNM,2019-11-30,-0.024602992460131645,-0.016509879380464554,-0.00019922701176255941,0.014057961292564869,0.02134382538497448
DTCTHFNM,2019-12-31,-0.026271454989910126,-0.017436165362596512,-2.9900882509537041e-05,0.016834348440170288,0.024286042898893356
DTCTHFNM,2020-01-31,-0.036744032055139542,-0.027111029252409935,-0.0024427026510238647,0.019332133233547211,0.02762242779135704
DTCTHFNM,2020-02-29,-0.01774151623249054,-0.01151497196406126,-0.00017591797222848982,0.010547514073550701,0.01590997725725174
DTCTHFNM,2020-03-31,-0.0090350694954395294,-0.0048545417375862598,0.0024187378585338593,0.0096426745876669884,0.01369897648692131
DTCTHFNM,2020-04-30,-0.01023834478110075,-0.0064415102824568748,0.00040006646304391325,0.0069432873278856277,0.010718773119151592
DTCTHFNM,2020-05-31,-0.012869710102677345,-0.0076126423664391041,0.00061306136194616556,0.010045126080513,0.016003226861357689
DTCTHFNM,2020-06-30,-0.012921529822051525,-0.0077477432787418365,0.00068009045207872987,0.0096339993178844452,0.015724902972579002
DTCTHFNM,2020-07-31,-0.015269383788108826,-0.0094450553879141808,0.00017085323634091765,0.0085939196869730949,0.013919699937105179
DTCTHFNM,2020-08-31,-0.014649036340415478,-0.0088885612785816193,9.4641829491592944e-05,0.0090775210410356522,0.0149842519313097
DTCTHFNM,2020-09-30,-0.017325650900602341,-0.010168622247874737,0.00033555176923982799,0.010831784456968307,0.017949499189853668
DTCTHFNM,2020-10-31,-0.029953058809041977,-0.019113758578896523,-0.00076267990516498685,0.01447716448456049,0.02420935221016407
DTCTHFNM,2020-11-30,-0.036045677959918976,-0.021723140031099319,0.00023598202096763998,0.021405190229415894,0.033994447439908981
DTCTHFNM,2020-12-31,-0.042813483625650406,-0.027262208983302116,0.00028510598349384964,0.027817334979772568,0.042568519711494446
EXCAUSx,2019-01-31,-0.022331522777676582,-0.015374533832073212,0.0050185066647827625,0.025220032781362534,0.031304851174354553
EXCAUSx,2019-02-28,-0.025693556293845177,-0.018866263329982758,0.002627064473927021,0.023366304114460945,0.029564546421170235
EXCAUSx,2019-03-31,-0.026695217937231064,-0.019717544317245483,0.0020467620342969894,0.023173904046416283,0.029565762728452682
EXCAUSx,2019-04-30,-0.027369283139705658,-0.020690780133008957,0.00099705904722213745,0.022554162889719009,0.029196938499808311
EXCAUSx,2019-05-31,-0.027505712583661079,-0.020573431625962257,0.0011166438926011324,0.023000458255410194,0.029520545154809952
EXCAUSx,2019-06-30,-0.028291620314121246,-0.021127378568053246,0.00089502130867913365,0.022516956552863121,0.029039643704891205
EXCAUSx,2019-07-31,-0.027596708387136459,-0.020609026774764061,0.0011140455026179552,0.022127533331513405,0.028564810752868652
EXCAUSx,2019-08-31,-0.027220306918025017,-0.020456433296203613,0.00085345073603093624,0.021822014823555946,0.028262978419661522
EXCAUSx,2019-09-30,-0.02725818008184433,-0.020420888438820839,0.0011598668061196804,0.021964846178889275,0.028345206752419472
EXCAUSx,2019-10-31,-0.027164161205291748,-0.02037508599460125,0.0010117539204657078,0.02213597483932972,0.028856052085757256
EXCAUSx,2019-11-30,-0.027354449033737183,-0.020499579608440399,0.0010524194221943617,0.02187410369515419,0.028309768065810204
EXCAUSx,2019-12-31,-0.027555976063013077,-0.020739296451210976,0.00092802883591502905,0.022206667810678482,0.028807675465941429
EXCAUSx,2020-01-31,-0.027501912787556648,-0.020616320893168449,0.0010696869576349854,0.022674845531582832,0.029344525188207626
EXCAUSx,2020-02-29,-0.028008392080664635,-0.021066069602966309,0.00098134088329970837,0.022591382265090942,0.029244353994727135
EXCAUSx,2020-03-31,-0.027670333161950111,-0.02090422622859478,0.00085848814342170954,0.022007523104548454,0.028637383133172989
EXCAUSx,2020-04-30,-0.027559353038668633,-0.02066412940621376,0.000934033771045506,0.02227531373500824,0.028915928676724434
EXCAUSx,2020-05-31,-0.02797013521194458,-0.020978976041078568,0.0008176396950148046,0.022253260016441345,0.028848046436905861
EXCAUSx,2020-06-30,-0.02763373963534832,-0.020708346739411354,0.00091480952687561512,0.021788865327835083,0.028311656787991524
EXCAUSx,2020-07-31,-0.027357576414942741,-0.020365180447697639,0.00099124654661864042,0.021678440272808075,0.028126077726483345
EXCAUSx,2020-08-31,-0.027139250189065933,-0.02030625194311142,0.00099484133534133434,0.021720467135310173,0.028156829997897148
EXCAUSx,2020-09-30,-0.027299895882606506,-0.020282741636037827,0.00093802594346925616,0.021910551935434341,0.028348846361041069
EXCAUSx,2020-10-31,-0.027543392032384872,-0.020408716052770615,0.0010163577971979976,0.021928386762738228,0.02835458517074585
EXCAUSx,2020-11-30,-0.02764550969004631,-0.020427778363227844,0.0010581348324194551,0.021806051954627037,0.028233837336301804
EXCAUSx,2020-12-31,-0.027334166690707207,-0.020325768738985062,0.0010203054407611489,0.021883051842451096,0.028401745483279228
EXJPUSx,2019-01-31,-0.044689517468214035,-0.034863080829381943,-0.0036977769341319799,0.026559861376881599,0.036129463464021683
EXJPUSx,2019-02-28,-0.043002456426620483,-0.033121597021818161,-0.0010815559653565288,0.029883155599236488,0.039441168308258057
EXJPUSx,2019-03-31,-0.041761130094528198,-0.031658776104450226,0.00046082516200840473,0.031470853835344315,0.041017439216375351
EXJPUSx,2019-04-30,-0.043224826455116272,-0.032777857035398483,-0.00022942258510738611,0.030383018776774406,0.03963581845164299
EXJPUSx,2019-05-31,-0.04250633716583252,-0.032457932829856873,-0.00047914544120430946,0.030830996111035347,0.040300309658050537
EXJPUSx,2019-06-30,-0.043145023286342621,-0.03311929851770401,-0.00031791138462722301,0.03045930527150631,0.039662729948759079
EXJPUSx,2019-07-31,-0.043003052473068237,-0.032716341316699982,-0.00018444680608808994,0.030450137332081795,0.039670303463935852
EXJPUSx,2019-08-31,-0.042903348803520203,-0.032833430916070938,-0.00069547293242067099,0.030251270160079002,0.039683122187852859
EXJPUSx,2019-09-30,-0.042823750525712967,-0.032722502946853638,-0.00030270044226199389,0.030753972008824348,0.040256202220916748
EXJPUSx,2019-10-31,-0.043201539665460587,-0.032999735325574875,-0.00073346181306988001,0.030818628147244453,0.040597759187221527
EXJPUSx,2019-11-30,-0.04342656210064888,-0.033165577799081802,-0.00043256161734461784,0.030659718438982964,0.04008769616484642
EXJPUSx,2019-12-31,-0.043658260256052017,-0.033506926149129868,-0.00075966410804539919,0.03036661259829998,0.039896611124277115
EXJPUSx,2020-01-31,-0.043709628283977509,-0.03327091783285141,-0.00027222605422139168,0.030943041667342186,0.040503427386283875
EXJPUSx,2020-02-29,-0.044179879128932953,-0.033617302775382996,-0.00043343834113329649,0.031276680529117584,0.040795646607875824
EXJPUSx,2020-03-31,-0.044236328452825546,-0.033680856227874756,-0.00028173788450658321,0.031059229746460915,0.04061642661690712
EXJPUSx,2020-04-30,-0.044935915619134903,-0.034176580607891083,-0.0006119010504335165,0.030706839635968208,0.040297031402587891
EXJPUSx,2020-05-31,-0.042743291705846786,-0.032582677900791168,-0.00034869648516178131,0.03060544840991497,0.039966147392988205
EXJPUSx,2020-06-30,-0.04264870285987854,-0.032617844641208649,-0.00040723045822232962,0.030064774677157402,0.039255861192941666
EXJPUSx,2020-07-31,-0.042806066572666168,-0.032574411481618881,-0.000538636464625597,0.03029298223555088,0.039580892771482468
EXJPUSx,2020-08-31,-0.043448891490697861,-0.033065509051084518,-0.00070208974648267031,0.029911128804087639,0.039185043424367905
EXJPUSx,2020-09-30,-0.042936477810144424,-0.032656669616699219,-0.00047481339424848557,0.030566813424229622,0.039946861565113068
EXJPUSx,2020-10-31,-0.043906740844249725,-0.033503059297800064,-0.00055026996415108442,0.030509399250149727,0.039788801223039627
EXJPUSx,2020-11-30,-0.044391922652721405,-0.033617205917835236,-0.00038484996184706688,0.030654413625597954,0.039894521236419678
EXJPUSx,2020-12-31,-0.043615091592073441,-0.033118832856416702,-0.00042525888420641422,0.030515147373080254,0.039924416691064835
EXSZUSx,2019-01-31,-0.037607524544000626,-0.028507772833108902,0.00012884917668998241,0.028665218502283096,0.03745332732796669
EXSZUSx,2019-02-28,-0.038912553340196609,-0.029804367572069168,-0.00044855114538222551,0.028846105560660362,0.037801962345838547
EXSZUSx,2019-03-31,-0.038687556982040405,-0.029328750446438789,0.00024161068722605705,0.02953009121119976,0.038522303104400635
EXSZUSx,2019-04-30,-0.040592923760414124,-0.030761875212192535,-0.00061118300072848797,0.028059870004653931,0.03673921525478363
EXSZUSx,2019-05-31,-0.039866317063570023,-0.030502382665872574,-0.00096197251696139574,0.028615515679121017,0.03775937482714653
EXSZUSx,2019-06-30,-0.04071519523859024,-0.031361449509859085,-0.0010069063864648342,0.027959506958723068,0.036675933748483658
EXSZUSx,2019-07-31,-0.040437795221805573,-0.030893635004758835,-0.00080766109749674797,0.027990272268652916,0.0366080142557621
EXSZUSx,2019-08-31,-0.040907789021730423,-0.031445775181055069,-0.0015669474378228188,0.027785448357462883,0.036747440695762634
EXSZUSx,2019-09-30,-0.04073016345500946,-0.031249368563294411,-0.0010190154425799847,0.028174599632620811,0.037104558199644089
EXSZUSx,2019-10-31,-0.041039630770683289,-0.031446274369955063,-0.0013575800694525242,0.028470480814576149,0.037783320993185043
EXSZUSx,2019-11-30,-0.040908686816692352,-0.031252048909664154,-0.0007587353466078639,0.028671560809016228,0.037643782794475555
EXSZUSx,2019-12-31,-0.041284795850515366,-0.031717635691165924,-0.0012190989218652248,0.028109699487686157,0.037079107016324997
EXSZUSx,2020-01-31,-0.041355673223733902,-0.031510546803474426,-0.00058372551575303078,0.028719114139676094,0.037668485194444656
EXSZUSx,2020-02-29,-0.041788801550865173,-0.031862668693065643,-0.00093527522403746843,0.028695497661828995,0.037535589188337326
EXSZUSx,2020-03-31,-0.041898034512996674,-0.031974624842405319,-0.00082459300756454468,0.028633516281843185,0.037594471126794815
EXSZUSx,2020-04-30,-0.042070548981428146,-0.032098706811666489,-0.0010436149314045906,0.028433265164494514,0.037423554807901382
EXSZUSx,2020-05-31,-0.040503643453121185,-0.031000634655356407,-0.00097884051501750946,0.027985427528619766,0.036689784377813339
EXSZUSx,2020-06-30,-0.040590375661849976,-0.031142007559537888,-0.0011821547523140907,0.027846971526741982,0.036599200218915939
EXSZUSx,2020-07-31,-0.040533360093832016,-0.03097592294216156,-0.0011468753218650818,0.02789190411567688,0.036645591259002686
EXSZUSx,2020-08-31,-0.041238758713006973,-0.031439498066902161,-0.0012200621422380209,0.027475327253341675,0.036154400557279587
EXSZUSx,2020-09-30,-0.040599621832370758,-0.030990596860647202,-0.0010824515484273434,0.028048621490597725,0.036928713321685791
EXSZUSx,2020-10-31,-0.041279520839452744,-0.031644389033317566,-0.0011804881505668163,0.027697142213582993,0.03632204607129097
EXSZUSx,2020-11-30,-0.041362836956977844,-0.031413659453392029,-0.00090537086362019181,0.027783511206507683,0.036297734826803207
EXSZUSx,2020-12-31,-0.041227705776691437,-0.031472127884626389,-0.0012791459448635578,0.027761343866586685,0.036611918359994888
EXUSUKx,2019-01-31,-0.037770949304103851,-0.030231907963752747,-0.0055326996371150017,0.01884692907333374,0.026905758306384087
EXUSUKx,2019-02-28,-0.036439992487430573,-0.028642117977142334,-0.0030279476195573807,0.022178864106535912,0.030079547315835953
EXUSUKx,2019-03-31,-0.035648159682750702,-0.027631133794784546,-0.0018442533910274506,0.023263437673449516,0.030831100419163704
EXUSUKx,2019-04-30,-0.035701636224985123,-0.027630249038338661,-0.0015630822163075209,0.023415638133883476,0.030895346775650978
EXUSUKx,2019-05-31,-0.034516539424657822,-0.026447949931025505,-0.00033200476900674403,0.02482897974550724,0.032261144369840622
EXUSUKx,2019-06-30,-0.035196468234062195,-0.02721918560564518,-0.000857542734593153,0.024574374780058861,0.032035145908594131
EXUSUKx,2019-07-31,-0.034857809543609619,-0.026680843904614449,-0.00035288601065985858,0.02460213378071785,0.031933706253767014
EXUSUKx,2019-08-31,-0.034646574407815933,-0.026657132431864738,-0.00064300786470994353,0.024542761966586113,0.032144308090209961
EXUSUKx,2019-09-30,-0.034467283636331558,-0.02649538591504097,-0.00039027881575748324,0.024908386170864105,0.032640483230352402
EXUSUKx,2019-10-31,-0.034904558211565018,-0.026639387011528015,-0.00062198552768677473,0.02497708797454834,0.03297135978937149
EXUSUKx,2019-11-30,-0.034647319465875626,-0.026605378836393356,-0.00052196369506418705,0.024830656126141548,0.032496031373739243
EXUSUKx,2019-12-31,-0.034843564033508301,-0.02689049020409584,-0.00076314102625474334,0.024641510099172592,0.032377168536186218
EXUSUKx,2020-01-31,-0.035270091146230698,-0.02697426825761795,-0.00037507555680349469,0.02532222680747509,0.033112123608589172
EXUSUKx,2020-02-29,-0.035759739577770233,-0.027347395196557045,-0.00067456287797540426,0.025394000113010406,0.033195998519659042
EXUSUKx,2020-03-31,-0.03558528795838356,-0.027277743443846703,-0.0005519982660189271,0.025117760524153709,0.03300001472234726
EXUSUKx,2020-04-30,-0.035573910921812057,-0.027184268459677696,-0.00033722922671586275,0.025403331965208054,0.033303424715995789
EXUSUKx,2020-05-31,-0.034993089735507965,-0.02679065428674221,-0.00055565877119079232,0.024848945438861847,0.032561331987380981
EXUSUKx,2020-06-30,-0.034588098526000977,-0.026513708755373955,-0.0004753952962346375,0.024708440527319908,0.032307684421539307
EXUSUKx,2020-07-31,-0.034365382045507431,-0.026196613907814026,-0.00043643041863106191,0.024472983554005623,0.031994439661502838
EXUSUKx,2020-08-31,-0.034933861345052719,-0.026719056069850922,-0.00069283187622204423,0.024245848879218102,0.031828910112380981
EXUSUKx,2020-09-30,-0.034614160656929016,-0.026425724849104881,-0.00057998590636998415,0.024739421904087067,0.032438397407531738
EXUSUKx,2020-10-31,-0.03487657755613327,-0.026689296588301659,-0.00038241961738094687,0.024706099182367325,0.032192066311836243
EXUSUKx,2020-11-30,-0.035249460488557816,-0.026796746999025345,-0.00038131466135382652,0.024647900834679604,0.032102473080158234
EXUSUKx,2020-12-31,-0.034822158515453339,-0.026558563113212585,-0.00050695904064923525,0.024801427498459816,0.032565992325544357
FEDFUNDS,2019-01-31,-0.076478615403175354,-0.047828033566474915,0.044939376413822174,0.20255789160728455,0.27311986684799194
FEDFUNDS,2019-02-28,-0.081912904977798462,-0.051014803349971771,0.047449618577957153,0.20650917291641235,0.27623379230499268
FEDFUNDS,2019-03-31,-0.081601053476333618,-0.051001541316509247,0.041224367916584015,0.20185443758964539,0.2722841203212738
FEDFUNDS,2019-04-30,-0.077705256640911102,-0.049042671918869019,0.043931007385253906,0.20621003210544586,0.27879738807678223
FEDFUNDS,2019-05-31,-0.096222758293151855,-0.064072810113430023,0.035935446619987488,0.20382088422775269,0.27752846479415894
FEDFUNDS,2019-06-30,-0.083107717335224152,-0.054878368973731995,0.041121616959571838,0.20888279378414154,0.28722286224365234
FEDFUNDS,2019-07-31,-0.091110885143280029,-0.061027765274047852,0.036489874124526978,0.20716482400894165,0.28531923890113831
FEDFUNDS,2019-08-31,-0.096093706786632538,-0.064526624977588654,0.03603719174861908,0.21054203808307648,0.29055917263031006
FEDFUNDS,2019-09-30,-0.093886159360408783,-0.064741171896457672,0.032999575138092041,0.20805767178535461,0.28787791728973389
FEDFUNDS,2019-10-31,-0.096494331955909729,-0.065684378147125244,0.033057026565074921,0.20817773044109344,0.28879690170288086
FEDFUNDS,2019-11-30,-0.09679345041513443,-0.066472969949245453,0.032888151705265045,0.21005640923976898,0.29189187288284302
FEDFUNDS,2019-12-31,-0.10454753041267395,-0.071612007915973663,0.035783134400844574,0.21266968548297882,0.29058831930160522
FEDFUNDS,2020-01-31,-0.11830870062112808,-0.08199705183506012,0.032564036548137665,0.21689830720424652,0.298174649477005
FEDFUNDS,2020-02-29,-0.1148063912987709,-0.078478716313838959,0.03467966616153717,0.21771374344825745,0.29920122027397156
FEDFUNDS,2020-03-31,-0.10681794583797455,-0.07357700914144516,0.032113343477249146,0.21324466168880463,0.29628026485443115
FEDFUNDS,2020-04-30,-0.11038662493228912,-0.075335651636123657,0.031583435833454132,0.20634645223617554,0.28519710898399353
FEDFUNDS,2020-05-31,-0.13294790685176849,-0.089039787650108337,0.028778931125998497,0.21852350234985352,0.31182721257209778
FEDFUNDS,2020-06-30,-0.12891313433647156,-0.085641920566558838,0.030136773362755775,0.21260413527488708,0.30351957678794861
FEDFUNDS,2020-07-31,-0.12624618411064148,-0.083401061594486237,0.023941241204738617,0.20888547599315643,0.30027368664741516
FEDFUNDS,2020-08-31,-0.1219928041100502,-0.081199899315834045,0.025414124131202698,0.21760255098342896,0.31470125913619995
FEDFUNDS,2020-09-30,-0.14068089425563812,-0.095257103443145752,0.022357217967510223,0.22194136679172516,0.32125958800315857
FEDFUNDS,2020-10-31,-0.1312347948551178,-0.089360348880290985,0.025707652792334557,0.2276005744934082,0.33232453465461731
FEDFUNDS,2020-11-30,-0.13791221380233765,-0.093792811036109924,0.025577928870916367,0.2313159853219986,0.33662453293800354
FEDFUNDS,2020-12-31,-0.14345210790634155,-0.097350306808948517,0.028394272550940514,0.23935814201831818,0.34545129537582397
GS1,2019-01-31,-0.13129673898220062,-0.085911400616168976,0.03668421134352684,0.17448467016220093,0.22657696902751923
GS1,2019-02-28,-0.13652408123016357,-0.08764396607875824,0.044876690953969955,0.1861673891544342,0.23689055442810059
GS1,2019-03-31,-0.1386307030916214,-0.088982582092285156,0.046683508902788162,0.1918150782585144,0.24275059998035431
GS1,2019-04-30,-0.13884519040584564,-0.089822418987751007,0.046730674803256989,0.19031649827957153,0.24267460405826569
GS1,2019-05-31,-0.15497969090938568,-0.10264309495687485,0.039340581744909286,0.18981225788593292,0.24281556904315948
GS1,2019-06-30,-0.14428596198558807,-0.095583148300647736,0.043565474450588226,0.19291308522224426,0.24711649119853973
GS1,2019-07-31,-0.15851800143718719,-0.10721371322870255,0.037724047899246216,0.19342781603336334,0.24931634962558746
GS1,2019-08-31,-0.16693510115146637,-0.1141590029001236,0.034227479249238968,0.19660124182701111,0.25514885783195496
GS1,2019-09-30,-0.16404227912425995,-0.11262688785791397,0.033257666975259781,0.19478774070739746,0.25319382548332214
GS1,2019-10-31,-0.16876387596130371,-0.11434380710124969,0.038398176431655884,0.20436710119247437,0.26659718155860901
GS1,2019-11-30,-0.16414892673492432,-0.11073756217956543,0.041202019900083542,0.20917479693889618,0.27070567011833191
GS1,2019-12-31,-0.16946712136268616,-0.11543648689985275,0.037911556661128998,0.20296309888362885,0.26079586148262024
GS1,2020-01-31,-0.18136647343635559,-0.12662126123905182,0.03424583375453949,0.2035774439573288,0.26329225301742554
GS1,2020-02-29,-0.18199288845062256,-0.12527485191822052,0.038289055228233337,0.20938517153263092,0.27017098665237427
GS1,2020-03-31,-0.18504941463470459,-0.12837003171443939,0.035538677126169205,0.21087473630905151,0.27412909269332886
GS1,2020-04-30,-0.18531420826911926,-0.13000069558620453,0.030807368457317352,0.20668134093284607,0.26755708456039429
GS1,2020-05-31,-0.20442630350589752,-0.14136037230491638,0.03139602392911911,0.21572788059711456,0.28387489914894104
GS1,2020-06-30,-0.19784876704216003,-0.13611102104187012,0.030831668525934219,0.21133236587047577,0.27827617526054382
GS1,2020-07-31,-0.19269643723964691,-0.13111451268196106,0.03190174326300621,0.20906668901443481,0.27543908357620239
GS1,2020-08-31,-0.19092185795307159,-0.13010470569133759,0.032352238893508911,0.21204730868339539,0.28106707334518433
GS1,2020-09-30,-0.20220394432544708,-0.13804669678211212,0.030181188136339188,0.21625003218650818,0.28792786598205566
GS1,2020-10-31,-0.19262388348579407,-0.13283254206180573,0.031446408480405807,0.21557289361953735,0.28694716095924377
GS1,2020-11-30,-0.20018689334392548,-0.13759508728981018,0.034716758877038956,0.22344303131103516,0.29602974653244019
GS1,2020-12-31,-0.20569907128810883,-0.14245082437992096,0.032814789563417435,0.22745348513126373,0.30186364054679871
GS10,2019-01-31,-0.38801941275596619,-0.31874498724937439,-0.095635533332824707,0.13495215773582458,0.20969825983047485
GS10,2019-02-28,-0.33885276317596436,-0.26567330956459045,-0.026397693902254105,0.22375708818435669,0.30393865704536438
GS10,2019-03-31,-0.304942786693573,-0.22953847050666809,0.017376832664012909,0.27496927976608276,0.35573947429656982
GS10,2019-04-30,-0.32537728548049927,-0.24882277846336365,0.00080420169979333878,0.25015124678611755,0.32661101222038269
GS10,2019-05-31,-0.34583911299705505,-0.27002289891242981,-0.021804135292768478,0.23704919219017029,0.3172839879989624
GS10,2019-06-30,-0.34122353792190552,-0.26703277230262756,-0.011270670220255852,0.24234277009963989,0.31761139631271362
GS10,2019-07-31,-0.33689907193183899,-0.26127955317497253,-0.010745351202785969,0.24024340510368347,0.31600522994995117
GS10,2019-08-31,-0.3405265212059021,-0.26397049427032471,-0.012075942009687424,0.24049156904220581,0.31836000084877014
GS10,2019-09-30,-0.35094544291496277,-0.27589133381843567,-0.028177447617053986,0.22331994771957397,0.3031361997127533
GS10,2019-10-31,-0.34178179502487183,-0.26328146457672119,-0.014968957751989365,0.24211609363555908,0.32471290230751038
GS10,2019-11-30,-0.32642507553100586,-0.25100678205490112,-0.0013468349352478981,0.25086098909378052,0.32888272404670715
GS10,2019-12-31,-0.33446198701858521,-0.25974339246749878,-0.010899981483817101,0.24195659160614014,0.31974178552627563
GS10,2020-01-31,-0.34560069441795349,-0.26544922590255737,-0.0072740698233246803,0.24646264314651489,0.32460036873817444
GS10,2020-02-29,-0.34655821323394775,-0.26563110947608948,-0.0072334920987486839,0.24616137146949768,0.32229608297348022
GS10,2020-03-31,-0.34603992104530334,-0.26540586352348328,-0.0073708938434720039,0.24885568022727966,0.32917940616607666
GS10,2020-04-30,-0.35033801198005676,-0.26985248923301697,-0.012208075262606144,0.24383831024169922,0.3225681483745575
GS10,2020-05-31,-0.34623095393180847,-0.26858317852020264,-0.012835722416639328,0.24586665630340576,0.32428660988807678
GS10,2020-06-30,-0.34485441446304321,-0.26858821511268616,-0.015428546816110611,0.24508145451545715,0.32419520616531372
GS10,2020-07-31,-0.33917152881622314,-0.26205378770828247,-0.0098242079839110374,0.24252814054489136,0.3186587393283844
GS10,2020-08-31,-0.34985232353210449,-0.26995152235031128,-0.014111483469605446,0.23957282304763794,0.31705880165100098
GS10,2020-09-30,-0.34303522109985352,-0.26621535420417786,-0.01446300745010376,0.24341964721679688,0.324851393699646
GS10,2020-10-31,-0.34601074457168579,-0.26987627148628235,-0.011238841339945793,0.24204245209693909,0.31903079152107239
GS10,2020-11-30,-0.34585320949554443,-0.26693698763847351,-0.0092740263789892197,0.24364110827445984,0.32083553075790405
GS10,2020-12-31,-0.34504765272140503,-0.26718565821647644,-0.010558421723544598,0.24831646680831909,0.32860222458839417
GS5,2019-01-31,-0.35862895846366882,-0.29114788770675659,-0.077441483736038208,0.15156915783882141,0.22663716971874237
GS5,2019-02-28,-0.30229157209396362,-0.23052707314491272,0.0067027173936367035,0.25721237063407898,0.33639511466026306
GS5,2019-03-31,-0.28255099058151245,-0.2072281539440155,0.043161585927009583,0.30538678169250488,0.38796854019165039
GS5,2019-04-30,-0.30264672636985779,-0.22790704667568207,0.02050476148724556,0.27273929119110107,0.35035055875778198
GS5,2019-05-31,-0.32420036196708679,-0.25030443072319031,-0.0035920343361794949,0.25417217612266541,0.33480557799339294
GS5,2019-06-30,-0.32551053166389465,-0.25312525033950806,-0.0018453379161655903,0.25280013680458069,0.32935196161270142
GS5,2019-07-31,-0.32156547904014587,-0.24800883233547211,-0.0017114854417741299,0.24917395412921906,0.32595443725585938
GS5,2019-08-31,-0.33091902732849121,-0.25635972619056702,-0.0093981651589274406,0.24632914364337921,0.32598182559013367
GS5,2019-09-30,-0.3408215343952179,-0.26696667075157166,-0.023087121546268463,0.22987627983093262,0.31080338358879089
GS5,2019-10-31,-0.33494618535041809,-0.25675883889198303,-0.010152575559914112,0.25081118941307068,0.3354465663433075
GS5,2019-11-30,-0.31909263134002686,-0.24355863034725189,0.0064242919906973839,0.26230216026306152,0.34152525663375854
GS5,2019-12-31,-0.32195025682449341,-0.2472204715013504,0.0018970789387822151,0.25827109813690186,0.33680650591850281
GS5,2020-01-31,-0.33495751023292542,-0.25498482584953308,0.0048474501818418503,0.26070907711982727,0.33951810002326965
GS5,2020-02-29,-0.33663764595985413,-0.2559305727481842,0.0035100877285003662,0.25953999161720276,0.33666294813156128
GS5,2020-03-31,-0.33808347582817078,-0.25698372721672058,0.0033583585172891617,0.26341673731803894,0.34529337286949158
GS5,2020-04-30,-0.34456956386566162,-0.26437029242515564,-0.0063358847983181477,0.25393149256706238,0.33405402302742004
GS5,2020-05-31,-0.34472495317459106,-0.26593890786170959,-0.0090816197916865349,0.25421196222305298,0.33513918519020081
GS5,2020-06-30,-0.34173157811164856,-0.26451975107192993,-0.010492886416614056,0.25174981355667114,0.33220618963241577
GS5,2020-07-31,-0.3367825448513031,-0.25885346531867981,-0.0062353489920496941,0.24845848977565765,0.32651305198669434
GS5,2020-08-31,-0.34431421756744385,-0.2640213668346405,-0.0081294616684317589,0.24839140474796295,0.32785311341285706
GS5,2020-09-30,-0.3395029604434967,-0.26139819622039795,-0.0073757395148277283,0.25223806500434875,0.33578833937644958
GS5,2020-10-31,-0.34043470025062561,-0.26359730958938599,-0.0058638001792132854,0.25082224607467651,0.3304484486579895
GS5,2020-11-30,-0.33967104554176331,-0.25924432277679443,0.00066508445888757706,0.25685524940490723,0.336212158203125
GS5,2020-12-31,-0.34045431017875671,-0.26075798273086548,-0.001507642213255167,0.26165807247161865,0.34455779194831848
HOUST,2019-01-31,6.9455971717834473,6.9804472923278809,7.0723109245300293,7.1597065925598145,7.187171459197998
HOUST,2019-02-28,6.9387702941894531,6.9753751754760742,7.0745997428894043,7.1703090667724609,7.2017884254455566
HOUST,2019-03-31,6.9278078079223633,6.9668788909912109,7.0743412971496582,7.1725244522094727,7.2020573616027832
HOUST,2019-04-30,6.9250473976135254,6.9653797149658203,7.0773816108703613,7.1795263290405273,7.2101969718933105
HOUST,2019-05-31,6.9157533645629883,6.9610099792480469,7.0859909057617188,7.1949081420898438,7.2272434234619141
HOUST,2019-06-30,6.9178009033203125,6.9618659019470215,7.0886659622192383,7.2065591812133789,7.2412137985229492
HOUST,2019-07-31,6.9116177558898926,6.9586000442504883,7.0889954566955566,7.2083091735839844,7.2435908317565918
HOUST,2019-08-31,6.9014015197753906,6.9524750709533691,7.0932855606079102,7.2173128128051758,7.2531867027282715
HOUST,2019-09-30,6.8970541954040527,6.9492998123168945,7.0942621231079102,7.2277712821960449,7.2670235633850098
HOUST,2019-10-31,6.8928995132446289,6.9490551948547363,7.0987229347229004,7.2332315444946289,7.2715344429016113
HOUST,2019-11-30,6.8900060653686523,6.9462056159973145,7.1013436317443848,7.2401947975158691,7.2809672355651855
HOUST,2019-12-31,6.8864765167236328,6.9423856735229492,7.1045627593994141,7.2507767677307129,7.294440746307373
HOUST,2020-01-31,6.8765549659729004,6.9357490539550781,7.1066484451293945,7.2594351768493652,7.3055448532104492
HOUST,2020-02-29,6.8726568222045898,6.9343433380126953,7.1085877418518066,7.2603812217712402,7.3045520782470703
HOUST,2020-03-31,6.8667030334472656,6.9315223693847656,7.1077356338500977,7.2641415596008301,7.3107075691223145
HOUST,2020-04-30,6.8672928810119629,6.9300994873046875,7.1080174446105957,7.2706360816955566,7.3181829452514648
HOUST,2020-05-31,6.8275980949401855,6.9042134284973145,7.1135644912719727,7.2994661331176758,7.3559556007385254
HOUST,2020-06-30,6.8262548446655273,6.9029474258422852,7.114865779876709,7.2960391044616699,7.3498439788818359
HOUST,2020-07-31,6.8234238624572754,6.9023537635803223,7.1170954704284668,7.2975668907165527,7.3504242897033691
HOUST,2020-08-31,6.8083329200744629,6.8932185173034668,7.1174087524414062,7.3098058700561523,7.3665890693664551
HOUST,2020-09-30,6.8145503997802734,6.8989100456237793,7.1251935958862305,7.3159165382385254,7.3714141845703125
HOUST,2020-10-31,6.8080434799194336,6.8930554389953613,7.1269211769104004,7.3217253684997559,7.379791259765625
HOUST,2020-11-30,6.8065762519836426,6.8943691253662109,7.1299166679382324,7.329981803894043,7.3901338577270508
HOUST,2020-12-31,6.8019471168518066,6.8919596672058105,7.133514404296875,7.3431940078735352,7.4064421653747559
HOUSTMW,2019-01-31,4.6571736335754395,4.7406740188598633,4.9928989410400391,5.2197380065917969,5.2877645492553711
HOUSTMW,2019-02-28,4.6913504600524902,4.777681827545166,5.0376605987548828,5.2663664817810059,5.3309030532836914
HOUSTMW,2019-03-31,4.6986474990844727,4.7923583984375,5.0556421279907227,5.2669539451599121,5.3286852836608887
HOUSTMW,2019-04-30,4.6929540634155273,4.7956390380859375,5.0663847923278809,5.2813720703125,5.3413252830505371
HOUSTMW,2019-05-31,4.7061648368835449,4.8041362762451172,5.068631649017334,5.293088436126709,5.3563079833984375
HOUSTMW,2019-06-30,4.7051825523376465,4.8040633201599121,5.0775485038757324,5.3043885231018066,5.3676609992980957
HOUSTMW,2019-07-31,4.6820063591003418,4.786931037902832,5.074312686920166,5.3112854957580566,5.3765096664428711
HOUSTMW,2019-08-31,4.6774120330810547,4.7830982208251953,5.0770621299743652,5.3295187950134277,5.3974189758300781
HOUSTMW,2019-09-30,4.6644353866577148,4.7755494117736816,5.0795416831970215,5.337038516998291,5.4067449569702148
HOUSTMW,2019-10-31,4.6625165939331055,4.7774429321289062,5.0884571075439453,5.3466744422912598,5.4188675880432129
HOUSTMW,2019-11-30,4.6455497741699219,4.7618618011474609,5.0856389999389648,5.3495063781738281,5.4236464500427246
HOUSTMW,2019-12-31,4.628939151763916,4.7463936805725098,5.0815143585205078,5.3626117706298828,5.4379668235778809
HOUSTMW,2020-01-31,4.6161403656005859,4.7382731437683105,5.0759391784667969,5.3674864768981934,5.4456539154052734
HOUSTMW,2020-02-29,4.6060304641723633,4.7318758964538574,5.0829625129699707,5.3806447982788086,5.4585442543029785
HOUSTMW,2020-03-31,4.6074767112731934,4.7340898513793945,5.0837182998657227,5.3738665580749512,5.452826976776123
HOUSTMW,2020-04-30,4.6034736633300781,4.7341518402099609,5.0966215133666992,5.3859896659851074,5.463768482208252
HOUSTMW,2020-05-31,4.6024842262268066,4.7269010543823242,5.101679801940918,5.4152388572692871,5.4994621276855469
HOUSTMW,2020-06-30,4.5943536758422852,4.7221560478210449,5.1010127067565918,5.4115242958068848,5.4978570938110352
HOUSTMW,2020-07-31,4.5802607536315918,4.7173910140991211,5.1073660850524902,5.4108757972717285,5.4964456558227539
HOUSTMW,2020-08-31,4.5775661468505859,4.7195825576782227,5.108665943145752,5.4209475517272949,5.5071501731872559
HOUSTMW,2020-09-30,4.587489128112793,4.7272610664367676,5.1146864891052246,5.4321160316467285,5.5198731422424316
HOUSTMW,2020-10-31,4.5827059745788574,4.7264847755432129,5.1200432777404785,5.445610523223877,5.5373363494873047
HOUSTMW,2020-11-30,4.5551018714904785,4.7070169448852539,5.1199474334716797,5.4539957046508789,5.5459485054016113
HOUSTMW,2020-12-31,4.5519909858703613,4.7021832466125488,5.1187376976013184,5.4694232940673828,5.5650482177734375
HOUSTNE,2019-01-31,4.3273553848266602,4.4025192260742188,4.6261773109436035,4.8446187973022461,4.9165291786193848
HOUSTNE,2019-02-28,4.3230977058410645,4.4030213356018066,4.6404752731323242,4.8761892318725586,4.9524636268615723
HOUSTNE,2019-03-31,4.3080458641052246,4.3958072662353516,4.6436071395874023,4.8702487945556641,4.9450817108154297
HOUSTNE,2019-04-30,4.2962722778320312,4.390343189239502,4.6425065994262695,4.8711466789245605,4.9436626434326172
HOUSTNE,2019-05-31,4.315375804901123,4.4094562530517578,4.6660261154174805,4.9038252830505371,4.9791412353515625
HOUSTNE,2019-06-30,4.2969784736633301,4.391667366027832,4.653632640838623,4.8953890800476074,4.9733519554138184
HOUSTNE,2019-07-31,4.2757358551025391,4.3748922348022461,4.6506009101867676,4.898643970489502,4.9782133102416992
HOUSTNE,2019-08-31,4.2719049453735352,4.3714737892150879,4.6526370048522949,4.9186534881591797,5.0020017623901367
HOUSTNE,2019-09-30,4.249943733215332,4.3569378852844238,4.6517257690429688,4.9234018325805664,5.0081300735473633
HOUSTNE,2019-10-31,4.2513365745544434,4.3585104942321777,4.6594963073730469,4.9330377578735352,5.0192632675170898
HOUSTNE,2019-11-30,4.2398033142089844,4.350499153137207,4.6620888710021973,4.9346156120300293,5.021723747253418
HOUSTNE,2019-12-31,4.2277655601501465,4.3374571800231934,4.6551971435546875,4.9410295486450195,5.0307044982910156
HOUSTNE,2020-01-31,4.2159790992736816,4.3311748504638672,4.6587138175964355,4.9623465538024902,5.0596380233764648
HOUSTNE,2020-02-29,4.1917390823364258,4.3118176460266113,4.6541604995727539,4.9672226905822754,5.0642819404602051
HOUSTNE,2020-03-31,4.1951723098754883,4.3140726089477539,4.6517386436462402,4.9550261497497559,5.0518097877502441
HOUSTNE,2020-04-30,4.1851530075073242,4.3103289604187012,4.6613879203796387,4.9700093269348145,5.0661287307739258
HOUSTNE,2020-05-31,4.2176990509033203,4.3268957138061523,4.675145149230957,4.9957766532897949,5.0971975326538086
HOUSTNE,2020-06-30,4.2119345664978027,4.3229303359985352,4.6778078079223633,5.0045428276062012,5.1089258193969727
HOUSTNE,2020-07-31,4.2043900489807129,4.3222379684448242,4.6822800636291504,4.9993791580200195,5.1041536331176758
HOUSTNE,2020-08-31,4.2075438499450684,4.3265886306762695,4.6789422035217285,5.0021276473999023,5.1073765754699707
HOUSTNE,2020-09-30,4.2060074806213379,4.3259363174438477,4.6847133636474609,5.0110015869140625,5.116919994354248
HOUSTNE,2020-10-31,4.2004508972167969,4.3228745460510254,4.6844863891601562,5.0228962898254395,5.1338071823120117
HOUSTNE,2020-11-30,4.1922726631164551,4.3158144950866699,4.6879229545593262,5.0299677848815918,5.1432137489318848
HOUSTNE,2020-12-31,4.1936631202697754,4.3153338432312012,4.6880226135253906,5.040283203125,5.1545605659484863
HOUSTS,2019-01-31,6.2904376983642578,6.3283863067626953,6.4349784851074219,6.5390605926513672,6.5739002227783203
HOUSTS,2019-02-28,6.2904057502746582,6.3330864906311035,6.4494328498840332,6.5573444366455078,6.5906648635864258
HOUSTS,2019-03-31,6.2601571083068848,6.3063235282897949,6.4337954521179199,6.5493459701538086,6.5851640701293945
HOUSTS,2019-04-30,6.254732608795166,6.3010773658752441,6.4317703247070312,6.5560994148254395,6.5952162742614746
HOUSTS,2019-05-31,6.2652525901794434,6.3136458396911621,6.4488091468811035,6.5752553939819336,6.6148819923400879
HOUSTS,2019-06-30,6.2580699920654297,6.3066873550415039,6.4435343742370605,6.5714192390441895,6.6128120422363281
HOUSTS,2019-07-31,6.2529330253601074,6.3051133155822754,6.4482698440551758,6.5789933204650879,6.6210975646972656
HOUSTS,2019-08-31,6.2407569885253906,6.2963213920593262,6.4492359161376953,6.5900568962097168,6.6336283683776855
HOUSTS,2019-09-30,6.2403278350830078,6.2950778007507324,6.4496235847473145,6.5914702415466309,6.6346244812011719
HOUSTS,2019-10-31,6.2320957183837891,6.2903833389282227,6.4516520500183105,6.6005043983459473,6.6480240821838379
HOUSTS,2019-11-30,6.2352147102355957,6.2945127487182617,6.4591245651245117,6.6071233749389648,6.6532516479492188
HOUSTS,2019-12-31,6.2310409545898438,6.2905282974243164,6.4586505889892578,6.6090579032897949,6.6538763046264648
HOUSTS,2020-01-31,6.2214517593383789,6.2817749977111816,6.4598183631896973,6.617396354675293,6.6645107269287109
HOUSTS,2020-02-29,6.2185044288635254,6.2809629440307617,6.4619784355163574,6.6206750869750977,6.6669321060180664
HOUSTS,2020-03-31,6.2195935249328613,6.2826957702636719,6.4652495384216309,6.6275010108947754,6.677006721496582
HOUSTS,2020-04-30,6.2189416885375977,6.2801847457885742,6.4601836204528809,6.6255011558532715,6.6746292114257812
HOUSTS,2020-05-31,6.1816115379333496,6.2584033012390137,6.4714303016662598,6.6587729454040527,6.7150869369506836
HOUSTS,2020-06-30,6.1851034164428711,6.259770393371582,6.4676113128662109,6.6590685844421387,6.7151761054992676
HOUSTS,2020-07-31,6.184295654296875,6.2604918479919434,6.472895622253418,6.6631460189819336,6.7197999954223633
HOUSTS,2020-08-31,6.1748857498168945,6.2551918029785156,6.4719114303588867,6.6670036315917969,6.7265477180480957
HOUSTS,2020-09-30,6.1711721420288086,6.2532167434692383,6.4751815795898438,6.6786985397338867,6.7423787117004395
HOUSTS,2020-10-31,6.1784348487854004,6.2580103874206543,6.4781608581542969,6.6799015998840332,6.7403101921081543
HOUSTS,2020-11-30,6.1736717224121094,6.2564268112182617,6.4823503494262695,6.6840558052062988,6.7444210052490234
HOUSTS,2020-12-31,6.1662087440490723,6.2506346702575684,6.4813098907470703,6.6918649673461914,6.7551016807556152
HOUSTW,2019-01-31,5.4692497253417969,5.532808780670166,5.7034912109375,5.8631777763366699,5.9132418632507324
HOUSTW,2019-02-28,5.4444756507873535,5.5115704536437988,5.6955714225769043,5.8642435073852539,5.9163990020751953
HOUSTW,2019-03-31,5.4214272499084473,5.4920458793640137,5.6849942207336426,5.864659309387207,5.9182047843933105
HOUSTW,2019-04-30,5.4285087585449219,5.5013594627380371,5.706200122833252,5.8923163414001465,5.9470424652099609
HOUSTW,2019-05-31,5.413367748260498,5.4918675422668457,5.7111730575561523,5.8949480056762695,5.9470386505126953
HOUSTW,2019-06-30,5.4210963249206543,5.4972014427185059,5.7151546478271484,5.9037880897521973,5.9604043960571289
HOUSTW,2019-07-31,5.413020133972168,5.4924850463867188,5.7129793167114258,5.9079475402832031,5.9671330451965332
HOUSTW,2019-08-31,5.3976898193359375,5.4838180541992188,5.7198882102966309,5.9241538047790527,5.9844880104064941
HOUSTW,2019-09-30,5.3912482261657715,5.479426383972168,5.7204923629760742,5.9281721115112305,5.989567756652832
HOUSTW,2019-10-31,5.3835282325744629,5.4780416488647461,5.726931095123291,5.9412131309509277,6.0038299560546875
HOUSTW,2019-11-30,5.3781428337097168,5.4711904525756836,5.7261185646057129,5.9460725784301758,6.0108070373535156
HOUSTW,2019-12-31,5.3750514984130859,5.4671597480773926,5.7291836738586426,5.9523591995239258,6.0163679122924805
HOUSTW,2020-01-31,5.3631010055541992,5.4596652984619141,5.732295036315918,5.9605274200439453,6.0271410942077637
HOUSTW,2020-02-29,5.3600339889526367,5.4598135948181152,5.7355833053588867,5.9614377021789551,6.0251626968383789
HOUSTW,2020-03-31,5.3532743453979492,5.4555249214172363,5.7313575744628906,5.9694008827209473,6.0412135124206543
HOUSTW,2020-04-30,5.3571991920471191,5.4557704925537109,5.7335367202758789,5.9733376502990723,6.0423989295959473
HOUSTW,2020-05-31,5.2953510284423828,5.4146976470947266,5.7312660217285156,6.0000705718994141,6.0793333053588867
HOUSTW,2020-06-30,5.2963123321533203,5.4151368141174316,5.7335910797119141,5.9996309280395508,6.0766105651855469
HOUSTW,2020-07-31,5.2941808700561523,5.4157352447509766,5.7370896339416504,6.0020980834960938,6.0783348083496094
HOUSTW,2020-08-31,5.2730274200439453,5.4038186073303223,5.739354133605957,6.015350341796875,6.0953550338745117
HOUSTW,2020-09-30,5.2836122512817383,5.4118556976318359,5.7470545768737793,6.0256290435791016,6.1100497245788574
HOUSTW,2020-10-31,5.2743253707885742,5.4039187431335449,5.7490401268005371,6.0290980339050293,6.1113119125366211
HOUSTW,2020-11-30,5.268216609954834,5.4025101661682129,5.753173828125,6.0386795997619629,6.1218781471252441
HOUSTW,2020-12-31,5.2667512893676758,5.4029927253723145,5.7581701278686523,6.0531373023986816,6.1399340629577637
HWI,2019-01-31,-207.2364501953125,-148.55033874511719,22.809036254882812,187.63998413085938,238.52198791503906
HWI,2019-02-28,-178.6761474609375,-114.90194702148438,76.773880004882812,266.0789794921875,323.919677734375
HWI,2019-03-31,-300.6104736328125,-236.19184875488281,-35.37359619140625,166.67414855957031,231.00820922851562
HWI,2019-04-30,-262.07809448242188,-191.51437377929688,24.804069519042969,239.76521301269531,306.38473510742188
HWI,2019-05-31,-192.26667785644531,-116.54512023925781,111.89081573486328,344.4617919921875,418.28692626953125
HWI,2019-06-30,-336.10321044921875,-264.06838989257812,-35.860931396484375,197.07209777832031,271.28970336914062
HWI,2019-07-31,-288.23654174804688,-214.85337829589844,20.612655639648438,262.6888427734375,338.51983642578125
HWI,2019-08-31,-216.55589294433594,-136.76039123535156,99.602134704589844,354.27505493164062,428.958740234375
HWI,2019-09-30,-362.7440185546875,-288.46688842773438,-49.813571929931641,182.44908142089844,253.39425659179688
HWI,2019-10-31,-249.05361938476562,-174.09713745117188,61.657672882080078,315.49371337890625,387.72879028320312
HWI,2019-11-30,-275.17227172851562,-194.26710510253906,46.209060668945312,293.80825805664062,368.75289916992188
HWI,2019-12-31,-320.14675903320312,-238.95494079589844,6.6006603240966797,248.1539306640625,320.47625732421875
HWI,2020-01-31,-276.2431640625,-199.97102355957031,44.475818634033203,294.23593139648438,371.1270751953125
HWI,2020-02-29,-289.50320434570312,-213.29359436035156,35.837638854980469,285.63143920898438,362.06942749023438
HWI,2020-03-31,-309.86257934570312,-235.73541259765625,13.104045867919922,252.54664611816406,327.98678588867188
HWI,2020-04-30,-284.05673217773438,-207.62620544433594,41.934860229492188,285.86801147460938,358.78314208984375
HWI,2020-05-31,-287.97946166992188,-210.89938354492188,32.269355773925781,280.56851196289062,354.75823974609375
HWI,2020-06-30,-297.84231567382812,-220.79815673828125,23.796035766601562,271.40505981445312,347.24395751953125
HWI,2020-07-31,-271.54244995117188,-194.56979370117188,50.272029876708984,293.3427734375,369.3756103515625
HWI,2020-08-31,-287.06204223632812,-211.46578979492188,32.045131683349609,280.96334838867188,358.79263305664062
HWI,2020-09-30,-287.5067138671875,-210.73431396484375,32.363384246826172,282.22064208984375,358.51312255859375
HWI,2020-10-31,-277.11849975585938,-197.28863525390625,51.209739685058594,297.479248046875,373.27618408203125
HWI,2020-11-30,-292.80184936523438,-213.926025390625,32.649452209472656,281.34103393554688,359.93728637695312
HWI,2020-12-31,-279.9761962890625,-202.0975341796875,44.576137542724609,291.10922241210938,366.77969360351562
HWIURATIO,2019-01-31,-0.0021600197069346905,0.0074741998687386513,0.040931880474090576,0.07391040027141571,0.084032170474529266
HWIURATIO,2019-02-28,-0.046629864722490311,-0.032909929752349854,0.0033162643667310476,0.039240241050720215,0.050581034272909164
HWIURATIO,2019-03-31,-0.050417650490999222,-0.036067750304937363,0.0035856394097208977,0.044151484966278076,0.057056725025177002
HWIURATIO,2019-04-30,-0.045927856117486954,-0.03092244453728199,0.010248640552163124,0.052484329789876938,0.065978974103927612
HWIURATIO,2019-05-31,-0.038031548261642456,-0.023002186790108681,0.020431173965334892,0.062594875693321228,0.076024539768695831
HWIURATIO,2019-06-30,-0.061166044324636459,-0.046333156526088715,-0.0027497753035277128,0.039499487727880478,0.053232427686452866
HWIURATIO,2019-07-31,-0.044488605111837387,-0.029763868078589439,0.014307641424238682,0.059437558054924011,0.073581822216510773
HWIURATIO,2019-08-31,-0.051231246441602707,-0.036706872284412384,0.0071916067972779274,0.052260693162679672,0.066067300736904144
HWIURATIO,2019-09-30,-0.053510040044784546,-0.038964796811342239,0.00502376863732934,0.049204863607883453,0.062503904104232788
HWIURATIO,2019-10-31,-0.048805486410856247,-0.034115850925445557,0.0094311824068427086,0.054321315139532089,0.066977284848690033
HWIURATIO,2019-11-30,-0.052606817334890366,-0.036755573004484177,0.007274257019162178,0.051327437162399292,0.064772471785545349
HWIURATIO,2019-12-31,-0.053128831088542938,-0.037932053208351135,0.0064551057294011116,0.050805844366550446,0.06419750303030014
HWIURATIO,2020-01-31,-0.050913181155920029,-0.03592006117105484,0.008527497760951519,0.052013784646987915,0.065030060708522797
HWIURATIO,2020-02-29,-0.053995236754417419,-0.038861334323883057,0.0064831627532839775,0.050864763557910919,0.063918009400367737
HWIURATIO,2020-03-31,-0.052213184535503387,-0.037720296531915665,0.006860019639134407,0.050908014178276062,0.064351797103881836
HWIURATIO,2020-04-30,-0.052370708435773849,-0.037447288632392883,0.0070166774094104767,0.051132682710886002,0.064178876578807831
HWIURATIO,2020-05-31,-0.049995310604572296,-0.035096593201160431,0.0082458993420004845,0.052150752395391464,0.065785534679889679
HWIURATIO,2020-06-30,-0.050532534718513489,-0.035755909979343414,0.007921871729195118,0.051546391099691391,0.065185479819774628
HWIURATIO,2020-07-31,-0.050159383565187454,-0.035175789147615433,0.0088271917775273323,0.051822490990161896,0.065499201416969299
HWIURATIO,2020-08-31,-0.049431171268224716,-0.03467680886387825,0.0084594907239079475,0.052615012973546982,0.066803410649299622
HWIURATIO,2020-09-30,-0.048982013016939163,-0.034312915056943893,0.0089326947927474976,0.052346445620059967,0.066018946468830109
HWIURATIO,2020-10-31,-0.050473812967538834,-0.035099901258945465,0.0088979518041014671,0.052310556173324585,0.066018521785736084
HWIURATIO,2020-11-30,-0.050227560102939606,-0.034913074225187302,0.0087198745459318161,0.05265677347779274,0.066956818103790283
HWIURATIO,2020-12-31,-0.049199141561985016,-0.034095589071512222,0.009357876144349575,0.05276348814368248,0.066439352929592133
INDPRO,2019-01-31,-0.00891916174441576,-0.0070945997722446918,-0.0013385462807491422,0.0042419200763106346,0.0059647038578987122
INDPRO,2019-02-28,-0.0064916587434709072,-0.0046134558506309986,0.0013006016379222274,0.006966716144233942,0.008704070933163166
INDPRO,2019-03-31,-0.0090667847543954849,-0.0070461141876876354,-0.00094162754248827696,0.0050431829877197742,0.0069455206394195557
INDPRO,2019-04-30,-0.0076012103818356991,-0.0054574431851506233,0.0010357701685279608,0.0069503504782915115,0.0087407408282160759
INDPRO,2019-05-31,-0.007791376207023859,-0.0056559001095592976,0.00095414376119151711,0.0071591092273592949,0.0090163704007863998
INDPRO,2019-06-30,-0.0081488229334354401,-0.0060021090321242809,0.00054166570771485567,0.0067653395235538483,0.0086509846150875092
INDPRO,2019-07-31,-0.0083267157897353172,-0.0061743506230413914,0.00041534192860126495,0.0065989438444375992,0.0084936777129769325
INDPRO,2019-08-31,-0.0078094904311001301,-0.0056685116142034531,0.0010412842966616154,0.0073885261081159115,0.009334733709692955
INDPRO,2019-09-30,-0.0087309600785374641,-0.0064643765799701214,0.00041554728522896767,0.0067687449045479298,0.0086885346099734306
INDPRO,2019-10-31,-0.0078477505594491959,-0.0055762846022844315,0.0012208061525598168,0.0075706811621785164,0.0095114894211292267
INDPRO,2019-11-30,-0.008243609219789505,-0.0060406988486647606,0.0006996101001277566,0.0070817098021507263,0.0090522831305861473
INDPRO,2019-12-31,-0.0080403424799442291,-0.0058601167984306812,0.00093265034956857562,0.007350653875619173,0.0093099325895309448
INDPRO,2020-01-31,-0.0084179630503058434,-0.0061294552870094776,0.00082979182479903102,0.0074712936766445637,0.0094839520752429962
INDPRO,2020-02-29,-0.008034607395529747,-0.0057386318221688271,0.0012242145603522658,0.0077869105152785778,0.0097795072942972183
INDPRO,2020-03-31,-0.0086313504725694656,-0.0063591501675546169,0.00056503631640225649,0.0070535149425268173,0.0090789273381233215
INDPRO,2020-04-30,-0.0081839263439178467,-0.005868145264685154,0.0011269776150584221,0.0076119173318147659,0.0096396589651703835
INDPRO,2020-05-31,-0.0081072067841887474,-0.0058707837015390396,0.0011552562937140465,0.0078339902684092522,0.0098622264340519905
INDPRO,2020-06-30,-0.0080316523090004921,-0.0058141383342444897,0.001072702812962234,0.0076800696551799774,0.0097072524949908257
INDPRO,2020-07-31,-0.007925114594399929,-0.0056735198013484478,0.0012000265996903181,0.0076294653117656708,0.0095950644463300705
INDPRO,2020-08-31,-0.0080584827810525894,-0.0057841124944388866,0.001251263776794076,0.0078497352078557014,0.0098549574613571167
INDPRO,2020-09-30,-0.0080488771200180054,-0.0057887197472155094,0.0011926561128348112,0.0080086449161171913,0.010102552361786366
INDPRO,2020-10-31,-0.0080764638260006905,-0.0057709445245563984,0.0013485654490068555,0.0080213630571961403,0.010042912326753139
INDPRO,2020-11-30,-0.0080868899822235107,-0.0057420777156949043,0.0013554652687162161,0.0079971626400947571,0.010020959191024303
INDPRO,2020-12-31,-0.0080465683713555336,-0.0057175313122570515,0.0014660703018307686,0.008238842710852623,0.010330814868211746
INVEST,2019-01-31,-0.021448289975523949,-0.016997022554278374,-0.0050359577871859074,0.0054838224314153194,0.0089963926002383232
INVEST,2019-02-28,-0.015792738646268845,-0.011416317895054817,0.00055258546490222216,0.012133854441344738,0.015898372977972031
INVEST,2019-03-31,-0.016033172607421875,-0.011626970022916794,0.00048480791156180203,0.012315500527620316,0.016166422516107559
INVEST,2019-04-30,-0.016619903966784477,-0.012128753587603569,6.1792146880179644e-05,0.011651926673948765,0.015367519110441208
INVEST,2019-05-31,-0.016170116141438484,-0.011768289841711521,0.00020577503892127424,0.011727677658200264,0.015362775884568691
INVEST,2019-06-30,-0.015745293349027634,-0.011536255478858948,0.00023115483054425567,0.011417306028306484,0.014942023903131485
INVEST,2019-07-31,-0.015986129641532898,-0.011630642227828503,0.00013013787975069135,0.011213324032723904,0.014734726399183273
INVEST,2019-08-31,-0.01599777489900589,-0.01163017749786377,7.936012843856588e-05,0.011141825467348099,0.014753243885934353
INVEST,2019-09-30,-0.0158840361982584,-0.011636829003691673,0.00010075636237161234,0.011462975293397903,0.015136114321649075
INVEST,2019-10-31,-0.016248233616352081,-0.011803008615970612,6.8313900555949658e-05,0.011373733170330524,0.015045393258333206
INVEST,2019-11-30,-0.01624729298055172,-0.011867872439324856,0.00017257616855204105,0.01164539810270071,0.015337348915636539
INVEST,2019-12-31,-0.016317745670676231,-0.011944573372602463,3.0970364605309442e-05,0.011297395452857018,0.014985661953687668
INVEST,2020-01-31,-0.01645221933722496,-0.011948032304644585,8.8169705122709274e-05,0.011393612250685692,0.015071431174874306
INVEST,2020-02-29,-0.016278991475701332,-0.011764491908252239,0.00025978605845011771,0.011353889480233192,0.014884237200021744
INVEST,2020-03-31,-0.016821479424834251,-0.012153039686381817,0.00021048336930107325,0.011566298082470894,0.015300270169973373
INVEST,2020-04-30,-0.017025841400027275,-0.012350424192845821,0.00017749195103533566,0.0116628622636199,0.015527171082794666
INVEST,2020-05-31,-0.015827573835849762,-0.011526583693921566,-8.3207496572867967e-06,0.010976334102451801,0.014722603373229504
INVEST,2020-06-30,-0.015654062852263451,-0.011381899006664753,6.662493251496926e-05,0.010916279628872871,0.014638733118772507
INVEST,2020-07-31,-0.015774589031934738,-0.011457166634500027,-2.7370962925488129e-05,0.010850357823073864,0.014637821353971958
INVEST,2020-08-31,-0.015753637999296188,-0.011378733441233635,4.4057869672542438e-06,0.010765518993139267,0.014496101997792721
INVEST,2020-09-30,-0.015522794798016548,-0.011204605922102928,9.8687254649121314e-05,0.010945933870971203,0.014723761938512325
INVEST,2020-10-31,-0.015808992087841034,-0.011480263434350491,0.00011759404151234776,0.011010621674358845,0.014758547767996788
INVEST,2020-11-30,-0.016114948317408562,-0.011623182334005833,9.4033712230157107e-05,0.010971881449222565,0.014726132154464722
INVEST,2020-12-31,-0.016095282509922981,-0.011609334498643875,0.00011669959349092096,0.011169783771038055,0.015034300275146961
IPB51222S,2019-01-31,-0.079349420964717865,-0.058939822018146515,0.00030581513419747353,0.057834886014461517,0.077513232827186584
IPB51222S,2019-02-28,-0.076583512127399445,-0.055674340575933456,0.0055893072858452797,0.065033257007598877,0.084725804626941681
IPB51222S,2019-03-31,-0.080940522253513336,-0.059489011764526367,0.0044910036958754063,0.065837480127811432,0.085906326770782471
IPB51222S,2019-04-30,-0.079256929457187653,-0.05943453311920166,0.0013566450215876102,0.062611944973468781,0.082946091890335083
IPB51222S,2019-05-31,-0.076201431453227997,-0.056251734495162964,0.00073352310573682189,0.05696830153465271,0.075334228575229645
IPB51222S,2019-06-30,-0.071621440351009369,-0.052905470132827759,0.0017455747583881021,0.054330471903085709,0.071142330765724182
IPB51222S,2019-07-31,-0.06950833648443222,-0.051184672862291336,0.0012592222774401307,0.051119320094585419,0.067472964525222778
IPB51222S,2019-08-31,-0.067147135734558105,-0.049611415714025497,0.001935625565238297,0.052281942218542099,0.069216109812259674
IPB51222S,2019-09-30,-0.06600479781627655,-0.048724126070737839,0.0027411021292209625,0.052993722259998322,0.069905653595924377
IPB51222S,2019-10-31,-0.069965466856956482,-0.051404185593128204,0.0018568650120869279,0.053587969392538071,0.071214444935321808
IPB51222S,2019-11-30,-0.075173862278461456,-0.05574784055352211,0.00096871471032500267,0.056702114641666412,0.075368747115135193
IPB51222S,2019-12-31,-0.077527999877929688,-0.057340107858181,0.0016185602871701121,0.058412905782461166,0.077648662030696869
IPB51222S,2020-01-31,-0.081279478967189789,-0.060307040810585022,0.0018649592529982328,0.064408004283905029,0.085619270801544189
IPB51222S,2020-02-29,-0.081487633287906647,-0.060525029897689819,0.0021259482018649578,0.063522979617118835,0.084763303399085999
IPB51222S,2020-03-31,-0.079962544143199921,-0.05961049348115921,0.001363254152238369,0.063610218465328217,0.084669575095176697
IPB51222S,2020-04-30,-0.080525174736976624,-0.059769820421934128,0.00086753640789538622,0.061405863612890244,0.082067996263504028
IPB51222S,2020-05-31,-0.075731262564659119,-0.055308394134044647,0.0010509397834539413,0.056127879768610001,0.075505770742893219
IPB51222S,2020-06-30,-0.073191747069358826,-0.053438629955053329,0.0013492734869942069,0.054142363369464874,0.072511501610279083
IPB51222S,2020-07-31,-0.073355279862880707,-0.053312230855226517,0.0012059231521561742,0.053190324455499649,0.071419335901737213
IPB51222S,2020-08-31,-0.072787560522556305,-0.053230751305818558,0.00094627309590578079,0.053041748702526093,0.071414008736610413
IPB51222S,2020-09-30,-0.072440721094608307,-0.05252089723944664,0.00093224586453288794,0.052942622452974319,0.071429282426834106
IPB51222S,2020-10-31,-0.076317757368087769,-0.055228617042303085,0.0013123149983584881,0.05621723085641861,0.075292803347110748
IPB51222S,2020-11-30,-0.079467631876468658,-0.057518843561410904,0.0010822742478922009,0.057774513959884644,0.077768325805664062
IPB51222S,2020-12-31,-0.080701492726802826,-0.058631107211112976,0.0012679959181696177,0.060382518917322159,0.081248968839645386
IPBUSEQ,2019-01-31,-0.023811899125576019,-0.020454395562410355,-0.010367318987846375,-0.00085102301090955734,0.001873743487522006
IPBUSEQ,2019-02-28,-0.012849969789385796,-0.0093834307044744492,0.00098279491066932678,0.010556251741945744,0.013548614457249641
IPBUSEQ,2019-03-31,-0.022909190505743027,-0.018950698897242546,-0.0072525055147707462,0.0036376896314322948,0.0067440150305628777
IPBUSEQ,2019-04-30,-0.018363881856203079,-0.014140503481030464,-0.0018828166648745537,0.0089268861338496208,0.012213980779051781
IPBUSEQ,2019-05-31,-0.019869424402713776,-0.015480849891901016,-0.0026863371022045612,0.0088829100131988525,0.012374645099043846
IPBUSEQ,2019-06-30,-0.020823784172534943,-0.016325434669852257,-0.003543464932590723,0.0082595692947506905,0.011755550280213356
IPBUSEQ,2019-07-31,-0.021966176107525826,-0.017464486882090569,-0.0041995961219072342,0.0078405411913990974,0.011458540335297585
IPBUSEQ,2019-08-31,-0.01959727518260479,-0.015094025060534477,-0.0014332635328173637,0.010828222148120403,0.014486543834209442
IPBUSEQ,2019-09-30,-0.022743472829461098,-0.01768031157553196,-0.0033378573134541512,0.0093116220086812973,0.012892419472336769
IPBUSEQ,2019-10-31,-0.020389949902892113,-0.015576789155602455,-0.00099730631336569786,0.011538513004779816,0.015213631093502045
IPBUSEQ,2019-11-30,-0.022454902529716492,-0.017426008358597755,-0.0025659585371613503,0.010177666321396828,0.014041552320122719
IPBUSEQ,2019-12-31,-0.021292530000209808,-0.016372706741094589,-0.0017682681791484356,0.011142926290631294,0.01504829153418541
IPBUSEQ,2020-01-31,-0.021984649822115898,-0.016891833394765854,-0.0021469597704708576,0.010842055082321167,0.014837495982646942
IPBUSEQ,2020-02-29,-0.021341733634471893,-0.016217218711972237,-0.0010704882442951202,0.011942800134420395,0.016003783792257309
IPBUSEQ,2020-03-31,-0.021416366100311279,-0.016488989815115929,-0.001726092305034399,0.011181658133864403,0.015238923951983452
IPBUSEQ,2020-04-30,-0.021408271044492722,-0.016214828938245773,-0.0012987442314624786,0.011514103040099144,0.015557916834950447
IPBUSEQ,2020-05-31,-0.019955594092607498,-0.015240158885717392,-0.0010300441645085812,0.011816246435046196,0.015822160989046097
IPBUSEQ,2020-06-30,-0.019929854199290276,-0.015229916200041771,-0.00094056688249111176,0.01168377697467804,0.015661822631955147
IPBUSEQ,2020-07-31,-0.020120404660701752,-0.015211042016744614,-0.00081577664241194725,0.011657636612653732,0.015559965744614601
IPBUSEQ,2020-08-31,-0.019946282729506493,-0.015092592686414719,-0.00082700746133923531,0.012000421062111855,0.016052119433879852
IPBUSEQ,2020-09-30,-0.020132368430495262,-0.015153083950281143,-0.00077996589243412018,0.012265743687748909,0.016391253098845482
IPBUSEQ,2020-10-31,-0.02005317248404026,-0.014980882406234741,-0.00043580471538007259,0.012532329186797142,0.016527842730283737
IPBUSEQ,2020-11-30,-0.020189199596643448,-0.015129756182432175,-0.00048831594176590443,0.012521332129836082,0.016590792685747147
IPBUSEQ,2020-12-31,-0.01989467442035675,-0.014931531623005867,-0.00020537432283163071,0.012957518920302391,0.017096107825636864
IPCONGD,2019-01-31,-0.015653394162654877,-0.013111517764627934,-0.0054258094169199467,0.0014465874992311001,0.0035368199460208416
IPCONGD,2019-02-28,-0.0093833869323134422,-0.0067612715065479279,0.00096724129980430007,0.0083286315202713013,0.010699084959924221
IPCONGD,2019-03-31,-0.013131991028785706,-0.01032144483178854,-0.0020101279951632023,0.0058064493350684643,0.0083702085539698601
IPCONGD,2019-04-30,-0.011412571184337139,-0.0083777746185660362,0.00056567031424492598,0.0089579829946160316,0.011599374935030937
IPCONGD,2019-05-31,-0.013630727306008339,-0.010536463931202888,-0.00056581984972581267,0.0088279740884900093,0.011548949405550957
IPCONGD,2019-06-30,-0.012792197056114674,-0.0095507316291332245,3.8784171920269728e-05,0.0094462353736162186,0.012343131937086582
IPCONGD,2019-07-31,-0.01397534366697073,-0.010917958803474903,-0.0015793468337506056,0.0074475137516856194,0.01032640878111124
IPCONGD,2019-08-31,-0.011845645494759083,-0.0088988235220313072,0.00035455368924885988,0.0093171140179038048,0.012170853093266487
IPCONGD,2019-09-30,-0.013067865744233131,-0.009883577935397625,-0.00021025579189881682,0.008870050311088562,0.011733065359294415
IPCONGD,2019-10-31,-0.011983033269643784,-0.0089690787717700005,0.00031928980024531484,0.0092401746660470963,0.012102373875677586
IPCONGD,2019-11-30,-0.013660485856235027,-0.010412917472422123,-0.00073407095624133945,0.0082443198189139366,0.011056925170123577
IPCONGD,2019-12-31,-0.012777668423950672,-0.0096589727327227592,1.0143441613763571e-05,0.0093370992690324783,0.012257077731192112
IPCONGD,2020-01-31,-0.013902955688536167,-0.010689614340662956,-0.00091091735521331429,0.0085685988888144493,0.011499553918838501
IPCONGD,2020-02-29,-0.012298174202442169,-0.0091827530413866043,0.00040069530950859189,0.0098376506939530373,0.012905418872833252
IPCONGD,2020-03-31,-0.013077257201075554,-0.010010823607444763,-0.00041254650568589568,0.0084675997495651245,0.011292338371276855
IPCONGD,2020-04-30,-0.012762922793626785,-0.0096214087679982185,-0.00012870278442278504,0.0086697442457079887,0.011492130346596241
IPCONGD,2020-05-31,-0.01312533300369978,-0.0099199889227747917,-0.00011360511416569352,0.0090717170387506485,0.012148728594183922
IPCONGD,2020-06-30,-0.012776657938957214,-0.0095287356525659561,0.00018067721975967288,0.0092053348198533058,0.012244789861142635
IPCONGD,2020-07-31,-0.012764840386807919,-0.0095231169834733009,5.4861360695213079e-05,0.0090213445946574211,0.012077236548066139
IPCONGD,2020-08-31,-0.012510711327195168,-0.0093408459797501564,0.00023265101481229067,0.0091648353263735771,0.012186229228973389
IPCONGD,2020-09-30,-0.012576662003993988,-0.0093681551516056061,7.7855831477791071e-05,0.0091636953875422478,0.01225902047008276
IPCONGD,2020-10-31,-0.012557263486087322,-0.0092620756477117538,0.00026895233895629644,0.0092644551768898964,0.01231616735458374
IPCONGD,2020-11-30,-0.012679487466812134,-0.0094092590734362602,8.3185965195298195e-05,0.0090187937021255493,0.012070922181010246
IPCONGD,2020-12-31,-0.012447626329958439,-0.0092236120253801346,0.00028531689895316958,0.0092153185978531837,0.012284436263144016
IPDCONGD,2019-01-31,-0.050140112638473511,-0.042002312839031219,-0.018852394074201584,0.0012854766100645065,0.0070951618254184723
IPDCONGD,2019-02-28,-0.022400133311748505,-0.014724479056894779,0.0068545043468475342,0.028030509129166603,0.035246681421995163
IPDCONGD,2019-03-31,-0.037083886563777924,-0.02884606271982193,-0.0053414590656757355,0.015872834250330925,0.022918274626135826
IPDCONGD,2019-04-30,-0.028613455593585968,-0.02033630944788456,0.002957184799015522,0.024774964898824692,0.032062757760286331
IPDCONGD,2019-05-31,-0.031499635428190231,-0.0233333520591259,0.00028356024995446205,0.022431038320064545,0.029508011415600777
IPDCONGD,2019-06-30,-0.028300333768129349,-0.020409762859344482,0.0032304911874234676,0.026212288066744804,0.033701539039611816
IPDCONGD,2019-07-31,-0.036809060722589493,-0.028473969548940659,-0.0040376372635364532,0.018517427146434784,0.025864941999316216
IPDCONGD,2019-08-31,-0.027703000232577324,-0.019606815651059151,0.0047285184264183044,0.028322355821728706,0.036072801798582077
IPDCONGD,2019-09-30,-0.03269195556640625,-0.02437177486717701,0.00015910947695374489,0.023000074550509453,0.030523926019668579
IPDCONGD,2019-10-31,-0.030324621126055717,-0.022377576678991318,0.0011935407528653741,0.023836715146899223,0.031634043902158737
IPDCONGD,2019-11-30,-0.032718956470489502,-0.024391857907176018,-0.00029263366013765335,0.022301826626062393,0.029708409681916237
IPDCONGD,2019-12-31,-0.030280722305178642,-0.022254375740885735,0.0015536755090579391,0.024362806230783463,0.031905140727758408
IPDCONGD,2020-01-31,-0.032588791102170944,-0.024249475449323654,-0.0001981658861041069,0.022784270346164703,0.030204316601157188
IPDCONGD,2020-02-29,-0.030427368357777596,-0.02209119126200676,0.0019392432877793908,0.02518855407834053,0.032818187028169632
IPDCONGD,2020-03-31,-0.031066505238413811,-0.022728467360138893,0.001517384429462254,0.024287808686494827,0.031743712723255157
IPDCONGD,2020-04-30,-0.0315878726541996,-0.023172350600361824,0.0011567971669137478,0.023552054539322853,0.030941048637032509
IPDCONGD,2020-05-31,-0.031028857454657555,-0.022574609145522118,0.0014190560905262828,0.02394784614443779,0.031550489366054535
IPDCONGD,2020-06-30,-0.030849354341626167,-0.022302325814962387,0.001596190151758492,0.023910891264677048,0.031486749649047852
IPDCONGD,2020-07-31,-0.03067970834672451,-0.02216377854347229,0.0015724822878837585,0.023871053010225296,0.031509023159742355
IPDCONGD,2020-08-31,-0.030354117974638939,-0.022002741694450378,0.0016660180408507586,0.023992033675312996,0.03166976198554039
IPDCONGD,2020-09-30,-0.030284864827990532,-0.021908778697252274,0.001509109977632761,0.023999936878681183,0.031746700406074524
IPDCONGD,2020-10-31,-0.030102921649813652,-0.021703101694583893,0.0019544675014913082,0.023921828716993332,0.031474530696868896
IPDCONGD,2020-11-30,-0.030117915943264961,-0.021672515198588371,0.0016146452398970723,0.023362200707197189,0.030874777585268021
IPDCONGD,2020-12-31,-0.029808839783072472,-0.021406369283795357,0.001984340138733387,0.023777300491929054,0.031368792057037354
IPDMAT,2019-01-31,-0.01370612345635891,-0.010648853145539761,-0.0011377711780369282,0.0082054166123270988,0.01106579601764679
IPDMAT,2019-02-28,-0.011977128684520721,-0.0088076135143637657,0.001142796128988266,0.010485522449016571,0.013255796395242214
IPDMAT,2019-03-31,-0.013653729110956192,-0.010352200828492641,-0.0001115559134632349,0.0095290355384349823,0.012353444471955299
IPDMAT,2019-04-30,-0.012972109019756317,-0.0094560775905847549,0.0012593443971127272,0.010817239992320538,0.013610697351396084
IPDMAT,2019-05-31,-0.013005603104829788,-0.0095588192343711853,0.0011300155892968178,0.01107209175825119,0.014047691598534584
IPDMAT,2019-06-30,-0.013143444433808327,-0.009691149927675724,0.001167931710369885,0.011125949211418629,0.014052095822989941
IPDMAT,2019-07-31,-0.013602526858448982,-0.010081414133310318,0.00091943144798278809,0.011048275977373123,0.014014682732522488
IPDMAT,2019-08-31,-0.013192338868975639,-0.009611569344997406,0.0016362726455554366,0.011904902756214142,0.014948587864637375
IPDMAT,2019-09-30,-0.013595262542366982,-0.010003038682043552,0.0011449865996837616,0.011400585994124413,0.014493984170258045
IPDMAT,2019-10-31,-0.013154452666640282,-0.0094302631914615631,0.0016551244771108031,0.012008761055767536,0.015210967510938644
IPDMAT,2019-11-30,-0.013319356366991997,-0.0096958652138710022,0.0013996599009260535,0.011779583059251308,0.014911993406713009
IPDMAT,2019-12-31,-0.013282418251037598,-0.0097005162388086319,0.0014466396532952785,0.011825612746179104,0.014934725128114223
IPDMAT,2020-01-31,-0.013664793223142624,-0.0099298534914851189,0.0014350105775520205,0.012090275995433331,0.015244322828948498
IPDMAT,2020-02-29,-0.013524485751986504,-0.0097100948914885521,0.0017665661871433258,0.012274083681404591,0.015309631824493408
IPDMAT,2020-03-31,-0.013806039467453957,-0.010005672462284565,0.0014368542470037937,0.012037946842610836,0.015240587294101715
IPDMAT,2020-04-30,-0.01344338059425354,-0.0096443807706236839,0.0018844200531020761,0.012449023313820362,0.015656206756830215
IPDMAT,2020-05-31,-0.012932451441884041,-0.0093306247144937515,0.0018104837508872151,0.012345677241683006,0.0155365951359272
IPDMAT,2020-06-30,-0.012877076864242554,-0.0093012023717164993,0.001660457463003695,0.012122576124966145,0.015313317067921162
IPDMAT,2020-07-31,-0.012845521792769432,-0.0092261079698801041,0.0018198066391050816,0.012203656136989594,0.015337774530053139
IPDMAT,2020-08-31,-0.013105059042572975,-0.0094377929344773293,0.0018099715234711766,0.01239598635584116,0.015588697046041489
IPDMAT,2020-09-30,-0.012987907975912094,-0.0093455612659454346,0.0017850203439593315,0.012650144286453724,0.015991132706403732
IPDMAT,2020-10-31,-0.013004746288061142,-0.0093327192589640617,0.0020852331072092056,0.012646950781345367,0.015818974003195763
IPDMAT,2020-11-30,-0.012986971065402031,-0.0092475768178701401,0.0020853648893535137,0.012671397067606449,0.015874020755290985
IPDMAT,2020-12-31,-0.013025127351284027,-0.0092793265357613564,0.0021639359183609486,0.013001041486859322,0.016333663836121559
IPFINAL,2019-01-31,-0.014400816522538662,-0.012278052046895027,-0.0056885280646383762,0.00039279263000935316,0.0021760677918791771
IPFINAL,2019-02-28,-0.0059882486239075661,-0.0037399278953671455,0.0028865099884569645,0.0092217419296503067,0.011308186687529087
IPFINAL,2019-03-31,-0.012750235386192799,-0.010331705212593079,-0.0030999272130429745,0.0037780152633786201,0.0059165600687265396
IPFINAL,2019-04-30,-0.010112087242305279,-0.0075495275668799877,0.0001148964511230588,0.0070936689153313637,0.0092833647504448891
IPFINAL,2019-05-31,-0.011384184472262859,-0.0087467599660158157,-0.00065338111016899347,0.0069639920257031918,0.0092650121077895164
IPFINAL,2019-06-30,-0.011254224926233292,-0.0085331276059150696,-0.00042306038085371256,0.007318105548620224,0.0096922675147652626
IPFINAL,2019-07-31,-0.012906479649245739,-0.010245818644762039,-0.0020921630784869194,0.0056389705277979374,0.0081034908071160316
IPFINAL,2019-08-31,-0.010635416954755783,-0.0080287232995033264,0.00029551191255450249,0.0082295387983322144,0.010719061829149723
IPFINAL,2019-09-30,-0.01238517090678215,-0.0094584459438920021,-0.00065748987253755331,0.0074165863916277885,0.0098906466737389565
IPFINAL,2019-10-31,-0.011075712740421295,-0.0083164544776082039,0.00035941204987466335,0.0083959158509969711,0.010890781879425049
IPFINAL,2019-11-30,-0.01265670545399189,-0.0097522838041186333,-0.00090023258235305548,0.0072665875777602196,0.009837648831307888
IPFINAL,2019-12-31,-0.011717798188328743,-0.0089228404685854912,-0.0002145825419574976,0.0081146201118826866,0.010730171576142311
IPFINAL,2020-01-31,-0.012905447743833065,-0.010001825168728828,-0.0011156968539580703,0.0073725641705095768,0.010032609105110168
IPFINAL,2020-02-29,-0.011478127911686897,-0.0086105875670909882,0.00029335101135075092,0.0088089555501937866,0.011612281203269958
IPFINAL,2020-03-31,-0.012246902100741863,-0.0094399228692054749,-0.00061779643874615431,0.007601443212479353,0.010237148962914944
IPFINAL,2020-04-30,-0.011986256577074528,-0.0091097922995686531,-0.00037581182550638914,0.0077437483705580235,0.010366312228143215
IPFINAL,2020-05-31,-0.011829612776637077,-0.0090010492131114006,-8.8975764811038971e-05,0.0081909988075494766,0.010924250818789005
IPFINAL,2020-06-30,-0.011674130335450172,-0.0088223228231072426,4.0654558688402176e-06,0.008177529089152813,0.010926238261163235
IPFINAL,2020-07-31,-0.011604974046349525,-0.0087362723425030708,-1.6692094504833221e-05,0.0079585546627640724,0.010670126415789127
IPFINAL,2020-08-31,-0.011454978957772255,-0.0086493510752916336,0.0001011780695989728,0.0082208653911948204,0.010938749648630619
IPFINAL,2020-09-30,-0.011528820730745792,-0.0086817461997270584,-4.0487735532224178e-05,0.0082205226644873619,0.011025941930711269
IPFINAL,2020-10-31,-0.011462505906820297,-0.0085386186838150024,0.00016473745927214622,0.0082964450120925903,0.011034508235752583
IPFINAL,2020-11-30,-0.011589271947741508,-0.0086852554231882095,1.7612124793231487e-05,0.0081540290266275406,0.010930816642940044
IPFINAL,2020-12-31,-0.011430792510509491,-0.0085668256506323814,0.00024506088811904192,0.0084696728736162186,0.011258011683821678
IPFPNSS,2019-01-31,-0.011876353994011879,-0.010094696655869484,-0.0042205071076750755,0.0012963709887117147,0.0029375636950135231
IPFPNSS,2019-02-28,-0.006365153007209301,-0.0044230464845895767,0.0015792613849043846,0.0071532102301716805,0.0088719902560114861
IPFPNSS,2019-03-31,-0.010775526985526085,-0.008782525546848774,-0.0025479656178504229,0.0034738222602754831,0.0053130481392145157
IPFPNSS,2019-04-30,-0.0089666135609149933,-0.0068808458745479584,-0.00027850840706378222,0.0057089002802968025,0.0075400974601507187
IPFPNSS,2019-05-31,-0.009821426123380661,-0.0076476223766803741,-0.0007486462127417326,0.0057038981467485428,0.0076038883998990059
IPFPNSS,2019-06-30,-0.0094432663172483444,-0.0072349337860941887,-0.00036470708437263966,0.0060878461226820946,0.008005102165043354
IPFPNSS,2019-07-31,-0.010774348862469196,-0.0086077786982059479,-0.0017443187534809113,0.0047762002795934677,0.006781519390642643
IPFPNSS,2019-08-31,-0.008954348973929882,-0.0067824022844433784,0.00028873165138065815,0.0068906676024198532,0.0088838087394833565
IPFPNSS,2019-09-30,-0.010738540440797806,-0.0083385100588202477,-0.0010311591904610395,0.0057065254077315331,0.0076744053512811661
IPFPNSS,2019-10-31,-0.0093424124643206596,-0.0070478003472089767,0.00022309483028948307,0.0068894531577825546,0.0088940989226102829
IPFPNSS,2019-11-30,-0.010568734258413315,-0.0081906551495194435,-0.00081233051605522633,0.0059610465541481972,0.0080462703481316566
IPFPNSS,2019-12-31,-0.0097415642812848091,-0.0074746003374457359,-0.00026067532598972321,0.0066238809376955032,0.0087302215397357941
IPFPNSS,2020-01-31,-0.010563995689153671,-0.0082145119085907936,-0.00084657571278512478,0.0062111970037221909,0.0083659933879971504
IPFPNSS,2020-02-29,-0.0096963997930288315,-0.0073432996869087219,0.00010676740203052759,0.0071273017674684525,0.0093403952196240425
IPFPNSS,2020-03-31,-0.010276399552822113,-0.0079722907394170761,-0.00058493460528552532,0.0062700482085347176,0.0084085883572697639
IPFPNSS,2020-04-30,-0.010036380961537361,-0.0076606953516602516,-0.00027580221649259329,0.0065193315967917442,0.0086499759927392006
IPFPNSS,2020-05-31,-0.010001757182180882,-0.0076755741611123085,-0.00015232886653393507,0.0068587213754653931,0.0090813012793660164
IPFPNSS,2020-06-30,-0.0099474340677261353,-0.0076108193024992943,-0.00017770403064787388,0.0067467382177710533,0.0089870495721697807
IPFPNSS,2020-07-31,-0.0098754242062568665,-0.0075114341452717781,-0.00014426244888454676,0.006587623618543148,0.0087770819664001465
IPFPNSS,2020-08-31,-0.0097722792997956276,-0.0074492031708359718,-7.3049217462539673e-05,0.006793399341404438,0.0090152602642774582
IPFPNSS,2020-09-30,-0.0098294634371995926,-0.0074817715212702751,-0.00017573591321706772,0.0068541737273335457,0.0091581931337714195
IPFPNSS,2020-10-31,-0.0097467033192515373,-0.0073445132002234459,5.5628595873713493e-05,0.0069103315472602844,0.0091182449832558632
IPFPNSS,2020-11-30,-0.0098891258239746094,-0.0074804071336984634,-6.167776882648468e-05,0.0068218084052205086,0.0090657444670796394
IPFPNSS,2020-12-31,-0.0097719086334109306,-0.0073982533067464828,0.00010916939936578274,0.0070969127118587494,0.0093811769038438797
IPFUELS,2019-01-31,-0.024440465494990349,-0.017602011561393738,0.0016561845550313592,0.020266538485884666,0.026466473937034607
IPFUELS,2019-02-28,-0.024554688483476639,-0.017918195575475693,0.00090253615053370595,0.019121769815683365,0.025221638381481171
IPFUELS,2019-03-31,-0.024805830791592598,-0.018132852390408516,0.00069936737418174744,0.018747199326753616,0.024712326005101204
IPFUELS,2019-04-30,-0.024459674954414368,-0.017699142917990685,0.001119219814427197,0.019051134586334229,0.02506224624812603
IPFUELS,2019-05-31,-0.024772441014647484,-0.017996048554778099,0.0010319192660972476,0.01948867179453373,0.025709273293614388
IPFUELS,2019-06-30,-0.024784456938505173,-0.018102383241057396,0.0011282928753644228,0.019144594669342041,0.025107907131314278
IPFUELS,2019-07-31,-0.024384556338191032,-0.017616521567106247,0.0010838621528819203,0.018703371286392212,0.024551458656787872
IPFUELS,2019-08-31,-0.024786578491330147,-0.01793220266699791,0.00089161132927983999,0.019110925495624542,0.025298880413174629
IPFUELS,2019-09-30,-0.025609180331230164,-0.018635576590895653,0.00083008850924670696,0.019121676683425903,0.025244785472750664
IPFUELS,2019-10-31,-0.025846423581242561,-0.018749220296740532,0.00084811827400699258,0.019581906497478485,0.025940293446183205
IPFUELS,2019-11-30,-0.025731684640049934,-0.01862141489982605,0.00093246251344680786,0.019260084256529808,0.025385329499840736
IPFUELS,2019-12-31,-0.026163831353187561,-0.01907690055668354,0.00090231199283152819,0.019511934369802475,0.025740990415215492
IPFUELS,2020-01-31,-0.027092963457107544,-0.019669398665428162,0.0010455576702952385,0.020391453057527542,0.026770090684294701
IPFUELS,2020-02-29,-0.027220658957958221,-0.019743217155337334,0.00095348589820787311,0.020389541983604431,0.026776969432830811
IPFUELS,2020-03-31,-0.027175417169928551,-0.019709190353751183,0.00094273785362020135,0.020083131268620491,0.026449507102370262
IPFUELS,2020-04-30,-0.027715887874364853,-0.020059255883097649,0.00091491831699386239,0.020271824672818184,0.026762492954730988
IPFUELS,2020-05-31,-0.027245201170444489,-0.019571732729673386,0.0009744762210175395,0.020797228440642357,0.027716856449842453
IPFUELS,2020-06-30,-0.026907792314887047,-0.019271012395620346,0.0010155111085623503,0.020282428711652756,0.027035504579544067
IPFUELS,2020-07-31,-0.02627398818731308,-0.018755225464701653,0.00102354830596596,0.020017296075820923,0.026761956512928009
IPFUELS,2020-08-31,-0.026521125808358192,-0.018903682008385658,0.0010021701455116272,0.020104728639125824,0.026961101219058037
IPFUELS,2020-09-30,-0.026512227952480316,-0.018932247534394264,0.00093493523309007287,0.020676335319876671,0.027844473719596863
IPFUELS,2020-10-31,-0.027329819276928902,-0.019595513120293617,0.00094479479594156146,0.020653698593378067,0.027729181572794914
IPFUELS,2020-11-30,-0.026773776859045029,-0.019110443070530891,0.0010814109118655324,0.020325778052210808,0.027223316952586174
IPFUELS,2020-12-31,-0.026502232998609543,-0.018969293683767319,0.00099894322920590639,0.020282300189137459,0.027314694598317146
IPMANSICS,2019-01-31,-0.010774677619338036,-0.0089258663356304169,-0.0026690179947763681,0.0032511590979993343,0.0049900077283382416
IPMANSICS,2019-02-28,-0.0073655098676681519,-0.0054495418444275856,0.00087335536954924464,0.0068634934723377228,0.0086229611188173294
IPMANSICS,2019-03-31,-0.010613587684929371,-0.0086146323010325432,-0.0021673848386853933,0.0042368513531982899,0.0061739608645439148
IPMANSICS,2019-04-30,-0.0087856128811836243,-0.0066992221400141716,7.4049457907676697e-05,0.0063102291896939278,0.0081711094826459885
IPMANSICS,2019-05-31,-0.0094130057841539383,-0.0072983130812644958,-0.00043717538937926292,0.0061369379982352257,0.008084750734269619
IPMANSICS,2019-06-30,-0.0090623442083597183,-0.0069546066224575043,-1.0541407391428947e-05,0.0064724795520305634,0.0083586527034640312
IPMANSICS,2019-07-31,-0.010169032961130142,-0.0080614974722266197,-0.0010972954332828522,0.0056452220305800438,0.0076281558722257614
IPMANSICS,2019-08-31,-0.008844294585287571,-0.0066863633692264557,0.00042674201540648937,0.0071344133466482162,0.0091253034770488739
IPMANSICS,2019-09-30,-0.010595203377306461,-0.0082649337127804756,-0.0011826273985207081,0.0056648664176464081,0.0076660867780447006
IPMANSICS,2019-10-31,-0.0089609837159514427,-0.0066604260355234146,0.00050128472503274679,0.007174353115260601,0.0091888504102826118
IPMANSICS,2019-11-30,-0.0097772544249892235,-0.0075620301067829132,-0.00038591725751757622,0.0063413912430405617,0.0083827925845980644
IPMANSICS,2019-12-31,-0.0093227969482541084,-0.0071268752217292786,-2.7960981242358685e-05,0.0067956345155835152,0.0088406195864081383
IPMANSICS,2020-01-31,-0.0099071711301803589,-0.0076101459562778473,-0.00034113624133169651,0.0066509433090686798,0.0087231937795877457
IPMANSICS,2020-02-29,-0.0094775231555104256,-0.0071600014343857765,0.00016720034182071686,0.0070516997948288918,0.0090770786628127098
IPMANSICS,2020-03-31,-0.0099347233772277832,-0.007642713375389576,-0.00032319594174623489,0.0065594064071774483,0.0086475005373358727
IPMANSICS,2020-04-30,-0.0096321059390902519,-0.0072652958333492279,0.00011807179544121027,0.0068995868787169456,0.0089717619121074677
IPMANSICS,2020-05-31,-0.009348597377538681,-0.0071717053651809692,-2.244685310870409e-05,0.0068564126268029213,0.0089577743783593178
IPMANSICS,2020-06-30,-0.0093617718666791916,-0.0071795359253883362,-8.7915221229195595e-05,0.0066767605021595955,0.0087644336745142937
IPMANSICS,2020-07-31,-0.0093328282237052917,-0.0071178320795297623,-1.7554499208927155e-05,0.0066272541880607605,0.008673008531332016
IPMANSICS,2020-08-31,-0.0093319257721304893,-0.0071199340745806694,-5.2119139581918716e-06,0.0067805638536810875,0.008892599493265152
IPMANSICS,2020-09-30,-0.0093585513532161713,-0.0071482108905911446,-8.0474885180592537e-05,0.0069380924105644226,0.0091572999954223633
IPMANSICS,2020-10-31,-0.0093018710613250732,-0.0070524271577596664,0.00017881265375763178,0.0069641023874282837,0.0090452749282121658
IPMANSICS,2020-11-30,-0.0094134490936994553,-0.0071360571309924126,0.00011264183558523655,0.006946200504899025,0.0090631376951932907
IPMANSICS,2020-12-31,-0.0093450313434004784,-0.0071006454527378082,0.00019851408433169127,0.0072091678157448769,0.0094167739152908325
IPMAT,2019-01-31,-0.0076676975004374981,-0.005347131285816431,0.0010564150288701057,0.0074258465319871902,0.0095970258116722107
IPMAT,2019-02-28,-0.0074049285613000393,-0.0050397561863064766,0.001725565642118454,0.0082372073084115982,0.010380901396274567
IPMAT,2019-03-31,-0.0084062684327363968,-0.0059214201755821705,0.0011129664489999413,0.0079381391406059265,0.010131131857633591
IPMAT,2019-04-30,-0.0078134834766387939,-0.0052444301545619965,0.0020551884081214666,0.0089055858552455902,0.011108852922916412
IPMAT,2019-05-31,-0.007831621915102005,-0.0052352696657180786,0.0022586043924093246,0.0094778034836053848,0.011804865673184395
IPMAT,2019-06-30,-0.0083022620528936386,-0.0057216105051338673,0.0018089943332597613,0.0089295059442520142,0.011232057586312294
IPMAT,2019-07-31,-0.0077858283184468746,-0.0051902923732995987,0.0021313950419425964,0.0090749310329556465,0.011304084211587906
IPMAT,2019-08-31,-0.0081349201500415802,-0.0054958402179181576,0.0020074606873095036,0.009258609265089035,0.011636845767498016
IPMAT,2019-09-30,-0.0082959793508052826,-0.0056187151931226254,0.0020372243598103523,0.0093521866947412491,0.011711698025465012
IPMAT,2019-10-31,-0.0082376375794410706,-0.0054757506586611271,0.0021624187938868999,0.0095034046098589897,0.011917136609554291
IPMAT,2019-11-30,-0.0080862883478403091,-0.0053976858034729958,0.0021530762314796448,0.0093992091715335846,0.01177484355866909
IPMAT,2019-12-31,-0.0080699604004621506,-0.0054365918040275574,0.0020811695139855146,0.0093419840559363365,0.011681286618113518
IPMAT,2020-01-31,-0.0085087679326534271,-0.0057050553150475025,0.0021703352686017752,0.009520350955426693,0.011879740282893181
IPMAT,2020-02-29,-0.008332887664437294,-0.0055144848302006721,0.0022571187000721693,0.0095618860796093941,0.011872293427586555
IPMAT,2020-03-31,-0.0087255630642175674,-0.0058813993819057941,0.0018758048536255956,0.0092322155833244324,0.011659082025289536
IPMAT,2020-04-30,-0.0080356597900390625,-0.0053316904231905937,0.0023289215750992298,0.0096487626433372498,0.012024229392409325
IPMAT,2020-05-31,-0.0081615690141916275,-0.005416464526206255,0.0023679931182414293,0.0098043587058782578,0.012167772278189659
IPMAT,2020-06-30,-0.0079452265053987503,-0.0052649090066552162,0.0022903485223650932,0.0095683541148900986,0.011891301721334457
IPMAT,2020-07-31,-0.0078379958868026733,-0.0051292078569531441,0.002420361852273345,0.0095513742417097092,0.011811316013336182
IPMAT,2020-08-31,-0.0080712810158729553,-0.0052526784129440784,0.0024869716726243496,0.0097830742597579956,0.012118371203541756
IPMAT,2020-09-30,-0.0080828778445720673,-0.0053115831688046455,0.0024846284650266171,0.01006382517516613,0.012507380917668343
IPMAT,2020-10-31,-0.0082016438245773315,-0.0054224361665546894,0.0025102240033447742,0.010035740211606026,0.012412702664732933
IPMAT,2020-11-30,-0.0081328079104423523,-0.0052878959104418755,0.0026007059495896101,0.010037360712885857,0.012381922453641891
IPMAT,2020-12-31,-0.0082638207823038101,-0.0053821210749447346,0.0026458650827407837,0.010276006534695625,0.0127393938601017
IPNCONGD,2019-01-31,-0.0094644371420145035,-0.0068466188386082649,0.00076359545346349478,0.0081037404015660286,0.010407988913357258
IPNCONGD,2019-02-28,-0.010289497673511505,-0.0077387820929288864,0.00011346809333190322,0.0078503414988517761,0.010280189104378223
IPNCONGD,2019-03-31,-0.011570430360734463,-0.008831661194562912,-0.00049004564061760902,0.0076035377569496632,0.010153123177587986
IPNCONGD,2019-04-30,-0.011726571246981621,-0.0088157346472144127,0.00010103394743055105,0.0085604628548026085,0.011149167083203793
IPNCONGD,2019-05-31,-0.013227458111941814,-0.010331586003303528,-0.0010787445353344083,0.0081302449107170105,0.010965592227876186
IPNCONGD,2019-06-30,-0.013223543763160706,-0.01025997381657362,-0.00080334488302469254,0.0085983714088797569,0.011471996083855629
IPNCONGD,2019-07-31,-0.013015327043831348,-0.010005424730479717,-0.00049093365669250488,0.0086118504405021667,0.011444267816841602
IPNCONGD,2019-08-31,-0.012454655021429062,-0.0096386577934026718,-0.0004361781757324934,0.008620845153927803,0.011459209024906158
IPNCONGD,2019-09-30,-0.012758364900946617,-0.009764060378074646,-0.0002822033129632473,0.0086825061589479446,0.011444002389907837
IPNCONGD,2019-10-31,-0.012182708829641342,-0.0092576779425144196,0.00017229776130989194,0.0090630380436778069,0.011724748648703098
IPNCONGD,2019-11-30,-0.012828604318201542,-0.0097670722752809525,-0.00020582653814926744,0.0088302940130233765,0.011534669436514378
IPNCONGD,2019-12-31,-0.012646988034248352,-0.0097067980095744133,-0.00017167598707601428,0.0089600598439574242,0.011750390753149986
IPNCONGD,2020-01-31,-0.012719914317131042,-0.009821043349802494,-0.0004144872073084116,0.0088722212240099907,0.011692259460687637
IPNCONGD,2020-02-29,-0.012696782127022743,-0.0097646638751029968,-0.00020767585374414921,0.0087811835110187531,0.011470247060060501
IPNCONGD,2020-03-31,-0.012691318057477474,-0.0098472870886325836,-0.00053612596821039915,0.0081733306869864464,0.010875389911234379
IPNCONGD,2020-04-30,-0.01260113250464201,-0.0097119482234120369,-0.00049758667591959238,0.0082021579146385193,0.010884912684559822
IPNCONGD,2020-05-31,-0.012158939614892006,-0.0092655075713992119,5.9668091125786304e-05,0.0089919567108154297,0.011767461895942688
IPNCONGD,2020-06-30,-0.01217273436486721,-0.0092176599428057671,0.00011583976447582245,0.0089207226410508156,0.011665631085634232
IPNCONGD,2020-07-31,-0.012053288519382477,-0.0091450158506631851,-1.2756790965795517e-06,0.0087140370160341263,0.011467553675174713
IPNCONGD,2020-08-31,-0.012045776471495628,-0.009204409085214138,2.5774468667805195e-05,0.0087643517181277275,0.011491788551211357
IPNCONGD,2020-09-30,-0.01213501300662756,-0.0092392405495047569,-9.3156646471470594e-05,0.0086759086698293686,0.011431131511926651
IPNCONGD,2020-10-31,-0.012224211357533932,-0.0092656919732689857,-4.5386841520667076e-05,0.0088351545855402946,0.011624961160123348
IPNCONGD,2020-11-30,-0.012260629795491695,-0.0093431528657674789,-0.00010215886868536472,0.0088153816759586334,0.011667890474200249
IPNCONGD,2020-12-31,-0.012293676845729351,-0.0093701109290122986,8.2234852015972137e-05,0.009082096628844738,0.011937505565583706
IPNMAT,2019-01-31,-0.012261032126843929,-0.0092383315786719322,-0.0011054998030886054,0.0070521342568099499,0.0099537074565887451
IPNMAT,2019-02-28,-0.01085181999951601,-0.0078998366370797157,0.00014775563613511622,0.0077484943903982639,0.010422562249004841
IPNMAT,2019-03-31,-0.011390743777155876,-0.0084162559360265732,-0.00036616937723010778,0.0074533303268253803,0.010127415880560875
IPNMAT,2019-04-30,-0.011329762637615204,-0.0082400133833289146,0.00017020554514601827,0.0082169501110911369,0.011001757346093655
IPNMAT,2019-05-31,-0.011635868810117245,-0.0085157118737697601,7.8402110375463963e-05,0.0085272351279854774,0.011538013815879822
IPNMAT,2019-06-30,-0.011235070414841175,-0.0082034142687916756,0.00031071269768290222,0.0084389485418796539,0.01128273643553257
IPNMAT,2019-07-31,-0.011004125699400902,-0.0079344566911458969,0.00030386529397219419,0.0082473484799265862,0.011043773032724857
IPNMAT,2019-08-31,-0.011242599226534367,-0.0080551058053970337,0.00057799549540504813,0.0087908860296010971,0.011689824983477592
IPNMAT,2019-09-30,-0.011794501915574074,-0.0086322035640478134,5.6017073802649975e-05,0.0084062423557043076,0.01134811993688345
IPNMAT,2019-10-31,-0.011337078176438808,-0.0080908816307783127,0.00062840210739523172,0.0089510707184672356,0.011932632885873318
IPNMAT,2019-11-30,-0.011107107624411583,-0.0079584261402487755,0.00051710254047065973,0.0086446730419993401,0.011571841314435005
IPNMAT,2019-12-31,-0.011254568584263325,-0.0081166308373212814,0.00042457724339328706,0.0087535697966814041,0.011645041406154633
IPNMAT,2020-01-31,-0.011941242963075638,-0.0085992524400353432,0.00040560477646067739,0.0088371112942695618,0.011728161945939064
IPNMAT,2020-02-29,-0.01151745393872261,-0.0082340193912386894,0.00045570969814434648,0.0086504723876714706,0.011425040662288666
IPNMAT,2020-03-31,-0.01123760174959898,-0.0080937622115015984,0.00038988955202512443,0.0085966410115361214,0.011528400704264641
IPNMAT,2020-04-30,-0.011004185304045677,-0.0078986473381519318,0.00058303633704781532,0.0087111284956336021,0.011536786332726479
IPNMAT,2020-05-31,-0.01157393679022789,-0.0085027189925312996,0.00022781180450692773,0.0086493454873561859,0.0115108797326684
IPNMAT,2020-06-30,-0.011334540322422981,-0.0082925595343112946,0.00024475480313412845,0.008332706056535244,0.011088873259723186
IPNMAT,2020-07-31,-0.011309245601296425,-0.008268444798886776,0.00021117483265697956,0.0082910778000950813,0.011061547324061394
IPNMAT,2020-08-31,-0.011515282094478607,-0.0083355940878391266,0.00033298658672720194,0.008516472764313221,0.011370799504220486
IPNMAT,2020-09-30,-0.011517135426402092,-0.0083904052153229713,0.00025039969477802515,0.0086460569873452187,0.011671173386275768
IPNMAT,2020-10-31,-0.011548387818038464,-0.0084418719634413719,0.00030407463782466948,0.0085537880659103394,0.011442342773079872
IPNMAT,2020-11-30,-0.011525903828442097,-0.0083485087379813194,0.00034253991907462478,0.0085903890430927277,0.011482161469757557
IPNMAT,2020-12-31,-0.011743403971195221,-0.0085273012518882751,0.00041676466935314238,0.0089491372928023338,0.011951817199587822
ISRATIOx,2019-01-31,-0.023575732484459877,-0.017600517719984055,-0.0006659983191639185,0.016346452757716179,0.021997176110744476
ISRATIOx,2019-02-28,-0.022524787113070488,-0.016623331233859062,0.00021304789697751403,0.016730345785617828,0.022247234359383583
ISRATIOx,2019-03-31,-0.019232345744967461,-0.013253449462354183,0.0033066787291318178,0.020419487729668617,0.026201225817203522
ISRATIOx,2019-04-30,-0.026892449706792831,-0.020744271576404572,-0.0038975013885647058,0.012785271741449833,0.018442932516336441
ISRATIOx,2019-05-31,-0.022166028618812561,-0.016265062615275383,0.00060610566288232803,0.017214711755514145,0.022799981757998466
ISRATIOx,2019-06-30,-0.022598113864660263,-0.016820855438709259,-0.00012514658737927675,0.01595388725399971,0.021162759512662888
ISRATIOx,2019-07-31,-0.021931510418653488,-0.016103154048323631,0.00016279841656796634,0.015991693362593651,0.021180877462029457
ISRATIOx,2019-08-31,-0.023415246978402138,-0.017580272629857063,-0.0013902753125876188,0.014683883637189865,0.02004561573266983
ISRATIOx,2019-09-30,-0.020453454926609993,-0.0148221580311656,0.0014544583391398191,0.017195636406540871,0.022638134658336639
ISRATIOx,2019-10-31,-0.023391187191009521,-0.017125686630606651,-0.00048443258856423199,0.015542801469564438,0.021271485835313797
ISRATIOx,2019-11-30,-0.022971481084823608,-0.016960270702838898,-0.00028617240604944527,0.015505807474255562,0.021007493138313293
ISRATIOx,2019-12-31,-0.023867769166827202,-0.017750071361660957,-0.00047057680785655975,0.015682876110076904,0.021016251295804977
ISRATIOx,2020-01-31,-0.023942738771438599,-0.017547518014907837,0.00071540032513439655,0.018039768561720848,0.023677431046962738
ISRATIOx,2020-02-29,-0.026367861777544022,-0.019683007150888443,-0.0013134755427017808,0.015679255127906799,0.021209621801972389
ISRATIOx,2020-03-31,-0.024718277156352997,-0.018175670877099037,-0.0001186790905194357,0.016722995787858963,0.022421039640903473
ISRATIOx,2020-04-30,-0.024522008374333382,-0.018095852807164192,-0.00017339090118184686,0.016750775277614594,0.022307204082608223
ISRATIOx,2020-05-31,-0.024199450388550758,-0.01779215969145298,-0.00025315387756563723,0.016586162149906158,0.022484717890620232
ISRATIOx,2020-06-30,-0.023358119651675224,-0.017087627202272415,-0.00021058054699096829,0.015909790992736816,0.021629093214869499
ISRATIOx,2020-07-31,-0.022649317979812622,-0.016404934227466583,0.00019636075012385845,0.015973279252648354,0.021518457680940628
ISRATIOx,2020-08-31,-0.023911105468869209,-0.017298884689807892,-0.00018396662198938429,0.015947811305522919,0.021699056029319763
ISRATIOx,2020-09-30,-0.023532645776867867,-0.017046058550477028,-6.3461426179856062e-05,0.016296401619911194,0.022313544526696205
ISRATIOx,2020-10-31,-0.023615628480911255,-0.017173523083329201,-5.4572723456658423e-05,0.016017952933907509,0.021790187805891037
ISRATIOx,2020-11-30,-0.02358890138566494,-0.016947051510214806,0.00014379745698533952,0.016198508441448212,0.021944647654891014
ISRATIOx,2020-12-31,-0.024123817682266235,-0.017382325604557991,5.7822733651846647e-05,0.016578042879700661,0.022568123415112495
M1SL,2019-01-31,-0.026914957910776138,-0.022088838741183281,-0.010032598860561848,-0.0012574581196531653,0.0014804833335801959
M1SL,2019-02-28,-0.012690999545156956,-0.0083022192120552063,0.0026999216061085463,0.013641363009810448,0.018017807975411415
M1SL,2019-03-31,-0.014308714307844639,-0.0094478009268641472,0.0026569527108222246,0.015593955293297768,0.020646132528781891
M1SL,2019-04-30,-0.02290794812142849,-0.017687553539872169,-0.0041402853094041348,0.008839617483317852,0.013862546533346176
M1SL,2019-05-31,-0.017168847844004631,-0.011762782000005245,0.0018666385440155864,0.016347514465451241,0.021851476281881332
M1SL,2019-06-30,-0.01872970350086689,-0.013286702334880829,0.00090367044322192669,0.015503283590078354,0.02110234834253788
M1SL,2019-07-31,-0.020327350124716759,-0.014772067777812481,-0.00046064704656600952,0.013376957736909389,0.018720708787441254
M1SL,2019-08-31,-0.021619725972414017,-0.01635250635445118,-0.0022398373112082481,0.01167104858905077,0.017170323058962822
M1SL,2019-09-30,-0.015832901000976562,-0.010615402832627296,0.003374708816409111,0.01871894858777523,0.02480798028409481
M1SL,2019-10-31,-0.022645821794867516,-0.017026478424668312,-0.0019869944080710411,0.011886906810104847,0.017411496490240097
M1SL,2019-11-30,-0.019886495545506477,-0.014151137322187424,9.2597241746261716e-05,0.01388268917798996,0.019218495115637779
M1SL,2019-12-31,-0.018213303759694099,-0.012910895980894566,0.0011597872944548726,0.015312321484088898,0.020767528563737869
M1SL,2020-01-31,-0.021631320938467979,-0.015984565019607544,-0.0013529196148738265,0.012473933398723602,0.017781753093004227
M1SL,2020-02-29,-0.018534043803811073,-0.013138327747583389,0.0010032221907749772,0.01532765943557024,0.020876688882708549
M1SL,2020-03-31,-0.019877778366208076,-0.014443605206906796,-0.00042950877104885876,0.013046669773757458,0.018270876258611679
M1SL,2020-04-30,-0.020362149924039841,-0.014839800074696541,-0.00060911127366125584,0.012647929601371288,0.017701312899589539
M1SL,2020-05-31,-0.018700266256928444,-0.013393821194767952,0.00047301486483775079,0.014730996452271938,0.020264919847249985
M1SL,2020-06-30,-0.019210843369364738,-0.013960966840386391,-0.00031970720738172531,0.01356925442814827,0.019064478576183319
M1SL,2020-07-31,-0.018842140212655067,-0.013610479421913624,1.2105057066946756e-05,0.013579306192696095,0.018902529031038284
M1SL,2020-08-31,-0.019269667565822601,-0.014008551836013794,-0.00011521432315930724,0.013869896531105042,0.019384555518627167
M1SL,2020-09-30,-0.019358091056346893,-0.01393109280616045,-2.0862396922893822e-05,0.014026413671672344,0.01968100294470787
M1SL,2020-10-31,-0.019910024479031563,-0.014336633495986462,-0.00014016704517416656,0.013671285472810268,0.019193569198250771
M1SL,2020-11-30,-0.019257383421063423,-0.013698671013116837,0.00015581640764139593,0.013672803528606892,0.019072830677032471
M1SL,2020-12-31,-0.019458865746855736,-0.013999015092849731,-0.00014601208386011422,0.01376793347299099,0.019349761307239532
M2REAL,2019-01-31,-0.0016722592990845442,-0.00046421936713159084,0.003526709508150816,0.0076920557767152786,0.0090750604867935181
M2REAL,2019-02-28,-0.0030063372105360031,-0.0017643407918512821,0.0023665279150009155,0.0068159457296133041,0.0082658473402261734
M2REAL,2019-03-31,-0.00297959940508008,-0.0016902838833630085,0.0025864467024803162,0.0071698925457894802,0.0086556393653154373
M2REAL,2019-04-30,-0.003878224641084671,-0.0025801989249885082,0.0017842407105490565,0.0065801083110272884,0.0081804003566503525
M2REAL,2019-05-31,-0.0029525468125939369,-0.0015936088748276234,0.003047415055334568,0.0081752203404903412,0.0097923222929239273
M2REAL,2019-06-30,-0.0032953801564872265,-0.001960833091288805,0.0026774029247462749,0.0077077341265976429,0.0093407761305570602
M2REAL,2019-07-31,-0.0037794946692883968,-0.0024206009693443775,0.0021872690413147211,0.0070938593707978725,0.0087484288960695267
M2REAL,2019-08-31,-0.0040793432854115963,-0.0027347216382622719,0.0018378172535449266,0.0069192694500088692,0.0086505599319934845
M2REAL,2019-09-30,-0.0036351284943521023,-0.0022287089377641678,0.0025533789303153753,0.0076864166185259819,0.00939166359603405
M2REAL,2019-10-31,-0.0036657555028796196,-0.002209322527050972,0.0026627709157764912,0.0078786024823784828,0.0096100782975554466
M2REAL,2019-11-30,-0.0036819763481616974,-0.0022356300614774227,0.0025742787402123213,0.00770207354798913,0.0093958014622330666
M2REAL,2019-12-31,-0.0039928052574396133,-0.0025670924223959446,0.0023257446009665728,0.0074047660455107689,0.0090869050472974777
M2REAL,2020-01-31,-0.0040117837488651276,-0.0025396435521543026,0.002426148159429431,0.0077234101481735706,0.0094798346981406212
M2REAL,2020-02-29,-0.0041205598972737789,-0.0026273252442479134,0.002361255930736661,0.0076539767906069756,0.0093986112624406815
M2REAL,2020-03-31,-0.0041444427333772182,-0.0026980079710483551,0.0022111176513135433,0.0073689064010977745,0.009143095463514328
M2REAL,2020-04-30,-0.0043108384124934673,-0.0027800584211945534,0.0023195310495793819,0.0075830915011465549,0.009359125979244709
M2REAL,2020-05-31,-0.0041311336681246758,-0.0026204236783087254,0.0024239453487098217,0.0077544478699564934,0.0094880349934101105
M2REAL,2020-06-30,-0.0041761221364140511,-0.0026715286076068878,0.0023100778926163912,0.0076570692472159863,0.0094150640070438385
M2REAL,2020-07-31,-0.004076019860804081,-0.0025603165850043297,0.0023947488516569138,0.0076073980890214443,0.0093207620084285736
M2REAL,2020-08-31,-0.0041932119056582451,-0.0026574060320854187,0.0023709789384156466,0.0076178335584700108,0.0093407109379768372
M2REAL,2020-09-30,-0.0041943150572478771,-0.0026585562154650688,0.0023522370029240847,0.0076883044093847275,0.0094483271241188049
M2REAL,2020-10-31,-0.0043084491044282913,-0.0027634133584797382,0.0023029064759612083,0.0076330727897584438,0.0093866679817438126
M2REAL,2020-11-30,-0.0043195933103561401,-0.0027490467764437199,0.002334205899387598,0.007623633835464716,0.0093853659927845001
M2REAL,2020-12-31,-0.0043093389831483364,-0.0027748951688408852,0.0023001520894467831,0.0077185193076729774,0.0095331156626343727
M2SL,2019-01-31,-0.0070402226410806179,-0.0053818454034626484,-0.001391533063724637,0.0019966266117990017,0.0033037245739251375
M2SL,2019-02-28,-0.00500832824036479,-0.0033939476124942303,0.00057370681315660477,0.0043541295453906059,0.0058465679176151752
M2SL,2019-03-31,-0.0052346447482705116,-0.003655989421531558,0.00012547668302431703,0.0037053532432764769,0.0051146317273378372
M2SL,2019-04-30,-0.0060336459428071976,-0.0043711909092962742,-0.0005023989942856133,0.0030799985397607088,0.0045074690133333206
M2SL,2019-05-31,-0.0052527445368468761,-0.0035472100134938955,0.00038723729085177183,0.0042129592038691044,0.0056803706102073193
M2SL,2019-06-30,-0.0054483353160321712,-0.003813266521319747,9.8253090982325375e-05,0.0037740007974207401,0.0052004670724272728
M2SL,2019-07-31,-0.005622869823127985,-0.0039772298187017441,-0.00017839518841356039,0.0033432967029511929,0.0047340868040919304
M2SL,2019-08-31,-0.0051664607599377632,-0.0035390735138207674,0.00014601889415644109,0.0036064039450138807,0.0049916920252144337
M2SL,2019-09-30,-0.0053393729031085968,-0.0037086806260049343,0.00016971028526313603,0.0037699395325034857,0.0051765022799372673
M2SL,2019-10-31,-0.0055784094147384167,-0.0038537448272109032,7.7440279710572213e-05,0.0036517945118248463,0.0050620948895812035
M2SL,2019-11-30,-0.0053229052573442459,-0.0036751015577465296,0.00017925773863680661,0.0036938125267624855,0.0050463080406188965
M2SL,2019-12-31,-0.0054056993685662746,-0.0037867086939513683,2.6246125344187021e-06,0.0034830316435545683,0.0048072542995214462
M2SL,2020-01-31,-0.0056582288816571236,-0.0039177779108285904,0.00015452346997335553,0.0038314992561936378,0.0052249995060265064
M2SL,2020-02-29,-0.0058707999996840954,-0.0040844916366040707,3.1425297493115067e-06,0.0037456899881362915,0.0051742554642260075
M2SL,2020-03-31,-0.005975150503218174,-0.0041715712286531925,-3.7876692658755928e-05,0.003602147102355957,0.0050032795406877995
M2SL,2020-04-30,-0.0057439533993601799,-0.0040046996437013149,7.129876030376181e-05,0.0037709311582148075,0.0051804808899760246
M2SL,2020-05-31,-0.0059626568108797073,-0.0041270293295383453,9.8202552180737257e-05,0.004145144484937191,0.0057490873150527477
M2SL,2020-06-30,-0.0058866678737103939,-0.0040989536792039871,6.4468200434930623e-05,0.0039690784178674221,0.0055265165865421295
M2SL,2020-07-31,-0.0052889958024024963,-0.0036492273211479187,0.00010189253953285515,0.0036241251509636641,0.0050469287671148777
M2SL,2020-08-31,-0.0052460855804383755,-0.0036262534558773041,9.2159978521522135e-05,0.0035727014765143394,0.005000297911465168
M2SL,2020-09-30,-0.0054179863072931767,-0.0037489642854779959,8.9036970166489482e-05,0.0037507675588130951,0.0052727055735886097
M2SL,2020-10-31,-0.0055090133100748062,-0.0038424285594373941,0.00011691451072692871,0.0038289406802505255,0.005316494032740593
M2SL,2020-11-30,-0.0054846042767167091,-0.003803642001003027,0.00010400117025710642,0.0037788543850183487,0.0052484022453427315
M2SL,2020-12-31,-0.0055332356132566929,-0.0038374406285583973,7.3938419518526644e-05,0.0037741595879197121,0.0052906833589076996
MANEMP,2019-01-31,-0.001558362040668726,-0.00095958780730143189,0.00067263224627822638,0.0021337559446692467,0.0026059038937091827
MANEMP,2019-02-28,-0.0012373265344649553,-0.00060220708837732673,0.0010681883431971073,0.0025525656528770924,0.0030439319089055061
MANEMP,2019-03-31,-0.0017477817600592971,-0.0010747469495981932,0.00073658768087625504,0.0024223709478974342,0.0029430622234940529
MANEMP,2019-04-30,-0.0018306442070752382,-0.0011376366019248962,0.00079377414658665657,0.0024742530658841133,0.003007102757692337
MANEMP,2019-05-31,-0.0019334815442562103,-0.0012055318802595139,0.0007416413864120841,0.0025902427732944489,0.0031677945517003536
MANEMP,2019-06-30,-0.0020214973483234644,-0.0012921083252876997,0.0007323751924559474,0.0025481232441961765,0.0031133969314396381
MANEMP,2019-07-31,-0.0023276184219866991,-0.0015311724273487926,0.00064160057809203863,0.0025111236609518528,0.0030878717079758644
MANEMP,2019-08-31,-0.0023997062817215919,-0.0015836687525734305,0.0006541393231600523,0.0026166378520429134,0.003210023045539856
MANEMP,2019-09-30,-0.0024405193980783224,-0.0016282459255307913,0.00066225486807525158,0.0026624244637787342,0.0032647578045725822
MANEMP,2019-10-31,-0.002483803778886795,-0.0016548038693144917,0.00062447553500533104,0.0026857475750148296,0.0033579422160983086
MANEMP,2019-11-30,-0.0025549158453941345,-0.0016966729890555143,0.00066312821581959724,0.0027316119521856308,0.0033742384985089302
MANEMP,2019-12-31,-0.0027454853989183903,-0.0018670919816941023,0.00053880049381405115,0.0026965327560901642,0.0033336221240460873
MANEMP,2020-01-31,-0.0027600186876952648,-0.0018887892365455627,0.00057480309624224901,0.0027616387233138084,0.0034060487523674965
MANEMP,2020-02-29,-0.0028204643167555332,-0.0019159899093210697,0.00057424127589911222,0.0027817091904580593,0.0034183901734650135
MANEMP,2020-03-31,-0.0028268764726817608,-0.0019197458168491721,0.00061247707344591618,0.0028288485482335091,0.0034729642793536186
MANEMP,2020-04-30,-0.002800352405756712,-0.0019074856536462903,0.00057963118888437748,0.0028184452094137669,0.00348636694252491
MANEMP,2020-05-31,-0.0029921885579824448,-0.00195850501768291,0.00074329087510704994,0.0030909143388271332,0.0038220877759158611
MANEMP,2020-06-30,-0.0029435721226036549,-0.0019223501440137625,0.00071683723945170641,0.0030724206008017063,0.0038179685361683369
MANEMP,2020-07-31,-0.002928570844233036,-0.0019260906847193837,0.00068789173383265734,0.0031129950657486916,0.003874659538269043
MANEMP,2020-08-31,-0.0028954111039638519,-0.0018813833594322205,0.00075481145177036524,0.0031044487841427326,0.003848562017083168
MANEMP,2020-09-30,-0.0029600737616419792,-0.0019168477738276124,0.00073547882493585348,0.0031743980944156647,0.0039346492849290371
MANEMP,2020-10-31,-0.0027965893968939781,-0.0018056820845231414,0.00079277809709310532,0.0031368876807391644,0.0038815643638372421
MANEMP,2020-11-30,-0.0028319931589066982,-0.001824023318476975,0.00079896219540387392,0.0031275674700737,0.0038736108690500259
MANEMP,2020-12-31,-0.0029374798759818077,-0.0018867854960262775,0.00079565995838493109,0.0031815827824175358,0.0039340504445135593
NDMANEMP,2019-01-31,-0.0015657423064112663,-0.0010025679366663098,0.00059560639783740044,0.0020980839617550373,0.0025617135688662529
NDMANEMP,2019-02-28,-0.0024900499265640974,-0.0018339061643928289,-1.144979614764452e-05,0.0016626337310299277,0.002180775161832571
NDMANEMP,2019-03-31,-0.0021402663551270962,-0.0015033881645649672,0.00028248480521142483,0.0020339842885732651,0.0025756838731467724
NDMANEMP,2019-04-30,-0.0024066716432571411,-0.0017351048300042748,0.00018401868874207139,0.001929208287037909,0.0024916045367717743
NDMANEMP,2019-05-31,-0.0024656606838107109,-0.0017665879568085074,0.00017092988127842546,0.0020437072962522507,0.0026460802182555199
NDMANEMP,2019-06-30,-0.0024697494227439165,-0.0017658723518252373,0.00025570625439286232,0.0021065301261842251,0.0026880055665969849
NDMANEMP,2019-07-31,-0.0027842535637319088,-0.0020384364761412144,7.2095368523150682e-05,0.0020363079383969307,0.0026348298415541649
NDMANEMP,2019-08-31,-0.0027435733936727047,-0.0019506856333464384,0.00023337849415838718,0.0022152275778353214,0.0028079086914658546
NDMANEMP,2019-09-30,-0.0027411533519625664,-0.0019911257550120354,0.00016374146798625588,0.0021680952049791813,0.0027789939194917679
NDMANEMP,2019-10-31,-0.0027797762304544449,-0.0019863978959619999,0.00020416552433744073,0.0022068694233894348,0.002844484057277441
NDMANEMP,2019-11-30,-0.0027705663815140724,-0.001986208138987422,0.00020342454081401229,0.0022032340057194233,0.0028402903117239475
NDMANEMP,2019-12-31,-0.0028147599659860134,-0.0020175082609057426,0.00016536377370357513,0.0021907147020101547,0.0028210016898810863
NDMANEMP,2020-01-31,-0.0028604459948837757,-0.002069106325507164,0.00015517236897721887,0.0022112899459898472,0.0028495206497609615
NDMANEMP,2020-02-29,-0.003018522635102272,-0.0021984796039760113,8.2697428297251463e-05,0.002193027175962925,0.0028237784281373024
NDMANEMP,2020-03-31,-0.0029858220368623734,-0.0021649887785315514,0.00013095466420054436,0.0022524483501911163,0.0028953012079000473
NDMANEMP,2020-04-30,-0.0029006032273173332,-0.0021057617850601673,0.00015227997209876776,0.0022920975461602211,0.00295280572026968
NDMANEMP,2020-05-31,-0.0031060432083904743,-0.0021676560863852501,0.00027893693186342716,0.0025207875296473503,0.0032371403649449348
NDMANEMP,2020-06-30,-0.0030577308498322964,-0.0021350197494029999,0.00027659512124955654,0.0024939030408859253,0.0032114307396113873
NDMANEMP,2020-07-31,-0.0029978388920426369,-0.0020961645059287548,0.00027043244335800409,0.0025418596342206001,0.0032690712250769138
NDMANEMP,2020-08-31,-0.002988841850310564,-0.0020725401118397713,0.00031387689523398876,0.0025120382197201252,0.0032266536727547646
NDMANEMP,2020-09-30,-0.0030107083730399609,-0.0020775697194039822,0.00028922595083713531,0.0025372225791215897,0.0032621016725897789
NDMANEMP,2020-10-31,-0.0029343785718083382,-0.0020476561039686203,0.00031714362557977438,0.0025169993750751019,0.0032314998097717762
NDMANEMP,2020-11-30,-0.0029322593472898006,-0.0020437664352357388,0.00032322946935892105,0.0025140470825135708,0.0032280795276165009
NDMANEMP,2020-12-31,-0.003035025205463171,-0.0021003186702728271,0.0003263839753344655,0.0025535826571285725,0.0032636169344186783
NONBORRES,2019-01-31,-0.049713172018527985,-0.036551281809806824,-0.013805895112454891,0.015737453475594521,0.027234114706516266
NONBORRES,2019-02-28,-0.054439429193735123,-0.038895081728696823,-0.0093538984656333923,0.015054056420922279,0.024092782288789749
NONBORRES,2019-03-31,-0.037370182573795319,-0.023559993132948875,0.0021327829454094172,0.027966197580099106,0.037838142365217209
NONBORRES,2019-04-30,-0.036180350929498672,-0.024447135627269745,0.00032348959939554334,0.025824954733252525,0.034847438335418701
NONBORRES,2019-05-31,-0.052225340157747269,-0.036574095487594604,-0.0065400144085288048,0.016955077648162842,0.023374829441308975
NONBORRES,2019-06-30,-0.037892267107963562,-0.023087553679943085,0.0044076507911086082,0.026507154107093811,0.036591924726963043
NONBORRES,2019-07-31,-0.04196510836482048,-0.027145504951477051,-0.00026519165839999914,0.023140722885727882,0.032181814312934875
NONBORRES,2019-08-31,-0.046555947512388229,-0.030323201790452003,0.0012836682144552469,0.024578249081969261,0.031726252287626266
NONBORRES,2019-09-30,-0.050377771258354187,-0.033757314085960388,-0.0022109916899353266,0.025414224714040756,0.034003935754299164
NONBORRES,2019-10-31,-0.045976303517818451,-0.031304389238357544,-0.0025532054714858532,0.024159966036677361,0.033624317497014999
NONBORRES,2019-11-30,-0.042349960654973984,-0.026417933404445648,0.0040434836409986019,0.031278956681489944,0.041175179183483124
NONBORRES,2019-12-31,-0.037443596869707108,-0.02276097796857357,0.0033046365715563297,0.03009006567299366,0.038265824317932129
NONBORRES,2020-01-31,-0.054659347981214523,-0.037633493542671204,-0.0047619668766856194,0.026878818869590759,0.041669357568025589
NONBORRES,2020-02-29,-0.063626915216445923,-0.043529752641916275,-0.0060747778043150902,0.027244407683610916,0.042173977941274643
NONBORRES,2020-03-31,-0.04308750107884407,-0.026952488347887993,0.005038802046328783,0.035303153097629547,0.047322012484073639
NONBORRES,2020-04-30,-0.043998565524816513,-0.027111168950796127,0.0045236963778734207,0.036506731063127518,0.050417982041835785
NONBORRES,2020-05-31,-0.062527135014533997,-0.043552707880735397,-0.012053241021931171,0.019340824335813522,0.031053610146045685
NONBORRES,2020-06-30,-0.041312992572784424,-0.025656523182988167,0.0031419713050127029,0.028882427141070366,0.041161201894283295
NONBORRES,2020-07-31,-0.040496490895748138,-0.02450871467590332,0.0026411269791424274,0.029551921412348747,0.039129417389631271
NONBORRES,2020-08-31,-0.043081279844045639,-0.029070669785141945,-0.0012087866198271513,0.026816891506314278,0.035830818116664886
NONBORRES,2020-09-30,-0.046887628734111786,-0.029069751501083374,-0.00099252210929989815,0.025246402248740196,0.032176721841096878
NONBORRES,2020-10-31,-0.047849047929048538,-0.030050713568925858,0.0019045127555727959,0.026075135916471481,0.035982701927423477
NONBORRES,2020-11-30,-0.045246019959449768,-0.02771131694316864,0.0019717060495167971,0.030088825151324272,0.040440969169139862
NONBORRES,2020-12-31,-0.044816590845584869,-0.027409525588154793,0.0026065686251968145,0.030816467478871346,0.04046899825334549
NONREVSL,2019-01-31,-0.0067456522956490517,-0.0042795892804861069,-6.8927525717299432e-05,0.0040364516898989677,0.006502821110188961
NONREVSL,2019-02-28,-0.0064972825348377228,-0.0040323925204575062,-6.9246343628037721e-06,0.0038694320246577263,0.0063415286131203175
NONREVSL,2019-03-31,-0.0059092720039188862,-0.0036310837604105473,4.6886845666449517e-05,0.0034654245246201754,0.0056546549312770367
NONREVSL,2019-04-30,-0.0062254564836621284,-0.0038524933625012636,-3.3979296858888119e-05,0.0035929193254560232,0.005879442673176527
NONREVSL,2019-05-31,-0.0070589073002338409,-0.0043726922012865543,-2.6477238861843944e-05,0.0040978253819048405,0.0066027054563164711
NONREVSL,2019-06-30,-0.0069198724813759327,-0.0043022483587265015,3.4177446650573984e-06,0.003961984533816576,0.0064909374341368675
NONREVSL,2019-07-31,-0.0066521377302706242,-0.0040765274316072464,-1.8541908502811566e-05,0.0036897975951433182,0.0061407098546624184
NONREVSL,2019-08-31,-0.0066957655362784863,-0.0040982700884342194,-0.00011470149183878675,0.0035675247199833393,0.0058830366469919682
NONREVSL,2019-09-30,-0.0069835204631090164,-0.0042703486979007721,-3.8995902286842465e-05,0.0038120837416499853,0.0064175371080636978
NONREVSL,2019-10-31,-0.0068250661715865135,-0.0040947329252958298,-1.558439907967113e-05,0.0038802397903054953,0.0065911649726331234
NONREVSL,2019-11-30,-0.0077786054462194443,-0.0046449434012174606,2.4353885237360373e-05,0.0042561786249279976,0.0071626277640461922
NONREVSL,2019-12-31,-0.0088569857180118561,-0.0053167720325291157,-5.718773536500521e-05,0.0049433945678174496,0.0080614741891622543
NONREVSL,2020-01-31,-0.0096107423305511475,-0.0057592727243900299,-5.2923853218089789e-05,0.0052181035280227661,0.0085297543555498123
NONREVSL,2020-02-29,-0.0088708214461803436,-0.0051662670448422432,-0.00012260819494258612,0.0047234673984348774,0.007789545226842165
NONREVSL,2020-03-31,-0.0082236574962735176,-0.0048076808452606201,-1.6274800145765767e-05,0.0043109436519443989,0.0071961716748774052
NONREVSL,2020-04-30,-0.0087363896891474724,-0.0051723686046898365,-7.9121127782855183e-06,0.0046712057664990425,0.0076624811626970768
NONREVSL,2020-05-31,-0.011828594841063023,-0.0071501429192721844,-0.00012593809515237808,0.0066893808543682098,0.01110508106648922
NONREVSL,2020-06-30,-0.0088241240009665489,-0.0052370293997228146,-2.7947522539761849e-05,0.0049147815443575382,0.0085083460435271263
NONREVSL,2020-07-31,-0.0075124166905879974,-0.0043820319697260857,4.8296889872290194e-05,0.0040884139016270638,0.0070561054162681103
NONREVSL,2020-08-31,-0.0083274124190211296,-0.0048987846821546555,-0.00012474859249778092,0.0042907879687845707,0.0075562424026429653
NONREVSL,2020-09-30,-0.009145224466919899,-0.0051640281453728676,6.9927427830407396e-06,0.0049209394492208958,0.0086246319115161896
NONREVSL,2020-10-31,-0.011591051705181599,-0.0065182242542505264,2.2055752197047696e-05,0.0059812548570334911,0.010730222798883915
NONREVSL,2020-11-30,-0.021172888576984406,-0.01175406202673912,1.5933435861370526e-05,0.012081126682460308,0.021033994853496552
NONREVSL,2020-12-31,-0.03148844838142395,-0.019018333405256271,0.00011487356823636219,0.021050775423645973,0.036494877189397812
OILPRICEx,2019-01-31,-0.16296230256557465,-0.12171188741922379,0.0079892240464687347,0.14294061064720154,0.18659031391143799
OILPRICEx,2019-02-28,-0.17895621061325073,-0.13973255455493927,-0.0095857223495841026,0.13340410590171814,0.18124698102474213
OILPRICEx,2019-03-31,-0.17829571664333344,-0.13572348654270172,0.002091631293296814,0.14027883112430573,0.18440774083137512
OILPRICEx,2019-04-30,-0.17681974172592163,-0.13637210428714752,-0.0012614219449460506,0.1395142525434494,0.18521237373352051
OILPRICEx,2019-05-31,-0.18119063973426819,-0.13922713696956635,-0.0031614853069186211,0.13936410844326019,0.18516717851161957
OILPRICEx,2019-06-30,-0.17984217405319214,-0.13789145648479462,-0.0024638841859996319,0.13872875273227692,0.18436053395271301
OILPRICEx,2019-07-31,-0.17835760116577148,-0.13688211143016815,-0.0014875550987198949,0.1378064751625061,0.183436319231987
OILPRICEx,2019-08-31,-0.17825011909008026,-0.13704115152359009,-0.001495443400926888,0.13600757718086243,0.18062771856784821
OILPRICEx,2019-09-30,-0.17701679468154907,-0.1357429027557373,-0.0013915007002651691,0.13802491128444672,0.18264861404895782
OILPRICEx,2019-10-31,-0.17674471437931061,-0.13581949472427368,-0.0012483736500144005,0.13516061007976532,0.17895317077636719
OILPRICEx,2019-11-30,-0.17432087659835815,-0.13307268917560577,-0.0014943775022402406,0.13209919631481171,0.1743738204240799
OILPRICEx,2019-12-31,-0.17385871708393097,-0.13350069522857666,-0.0016719243722036481,0.13337436318397522,0.17697155475616455
OILPRICEx,2020-01-31,-0.17513950169086456,-0.1340961754322052,-0.0020023835822939873,0.13381734490394592,0.17753869295120239
OILPRICEx,2020-02-29,-0.17629553377628326,-0.13551706075668335,-0.0018824547296389937,0.13293901085853577,0.17560234665870667
OILPRICEx,2020-03-31,-0.1719048023223877,-0.13229291141033173,-0.0021568974480032921,0.12987637519836426,0.17266742885112762
OILPRICEx,2020-04-30,-0.17083039879798889,-0.13096429407596588,-0.0025757197290658951,0.13055127859115601,0.174330934882164
OILPRICEx,2020-05-31,-0.17071028053760529,-0.12939231097698212,-0.0025413306429982185,0.12657277286052704,0.17200957238674164
OILPRICEx,2020-06-30,-0.17233343422412872,-0.13036328554153442,-0.0034888517111539841,0.12588715553283691,0.17202974855899811
OILPRICEx,2020-07-31,-0.16858009994029999,-0.12737327814102173,-0.0027488172054290771,0.12517175078392029,0.17160625755786896
OILPRICEx,2020-08-31,-0.16774557530879974,-0.12712091207504272,-0.0027681645005941391,0.12516245245933533,0.17136876285076141
OILPRICEx,2020-09-30,-0.16844238340854645,-0.12661774456501007,-0.0027016145177185535,0.12525069713592529,0.17116653919219971
OILPRICEx,2020-10-31,-0.17021985352039337,-0.12753063440322876,-0.0021444498561322689,0.12582181394100189,0.17188142240047455
OILPRICEx,2020-11-30,-0.16893982887268066,-0.12698031961917877,-0.0024102851748466492,0.12503287196159363,0.1713649183511734
OILPRICEx,2020-12-31,-0.16938237845897675,-0.12751288712024689,-0.0022893808782100677,0.12538270652294159,0.17180965840816498
PAYEMS,2019-01-31,-0.00032411736901849508,6.2678358517587185e-05,0.00093174027279019356,0.0017231246456503868,0.001980943838134408
PAYEMS,2019-02-28,-0.00041275098919868469,-1.2344680726528168e-05,0.00091070926282554865,0.0017464347183704376,0.0020192288793623447
PAYEMS,2019-03-31,-0.00048648333176970482,-7.7672651968896389e-05,0.00086925120558589697,0.0017388210399076343,0.0020197015255689621
PAYEMS,2019-04-30,-0.00045595434494316578,-2.6123831048607826e-05,0.00097740814089775085,0.0018539841985329986,0.0021323326509445906
PAYEMS,2019-05-31,-0.00050498032942414284,-6.1104190535843372e-05,0.00096973968902602792,0.0018372267950326204,0.0021107771899551153
PAYEMS,2019-06-30,-0.00051390018779784441,-8.2836835645139217e-05,0.00091969239292666316,0.001800237805582583,0.0020887895952910185
PAYEMS,2019-07-31,-0.00055859622079879045,-0.00011429446749389172,0.00088848697487264872,0.0017704602796584368,0.0020517809316515923
PAYEMS,2019-08-31,-0.00063559168484061956,-0.0001762614119797945,0.00085281673818826675,0.0017542806454002857,0.0020306557416915894
PAYEMS,2019-09-30,-0.00062798941507935524,-0.00016104197129607201,0.00088796962518244982,0.0018135138088837266,0.0021110242232680321
PAYEMS,2019-10-31,-0.00064285553526133299,-0.00015613005962222815,0.00090834347065538168,0.0018306641140952706,0.0021218459587544203
PAYEMS,2019-11-30,-0.0006222421070560813,-0.00014280993491411209,0.0009398201946169138,0.0018582199700176716,0.0021549826487898827
PAYEMS,2019-12-31,-0.0006761492695659399,-0.00019704981241375208,0.00090875767637044191,0.0018428170587867498,0.0021429555490612984
PAYEMS,2020-01-31,-0.00076340348459780216,-0.0002460704417899251,0.00092008558567613363,0.0019014696590602398,0.0022213784977793694
PAYEMS,2020-02-29,-0.00080707017332315445,-0.0002765024546533823,0.00089287548325955868,0.001878747483715415,0.0021845814771950245
PAYEMS,2020-03-31,-0.00081711355596780777,-0.00027056841645389795,0.0009297220385633409,0.001936568645760417,0.002259975066408515
PAYEMS,2020-04-30,-0.00078901369124650955,-0.00025480973999947309,0.00095030030934140086,0.0019537247717380524,0.0022707751486450434
PAYEMS,2020-05-31,-0.0013526093680411577,-0.0004648666363209486,0.0010001730406656861,0.0021197251044213772,0.0025055217556655407
PAYEMS,2020-06-30,-0.0013759576249867678,-0.00049584289081394672,0.00095545325893908739,0.0020206333138048649,0.0023897169157862663
PAYEMS,2020-07-31,-0.0012960485182702541,-0.00044145097490400076,0.0009494507685303688,0.0019679232500493526,0.0023237378336489201
PAYEMS,2020-08-31,-0.0013129175640642643,-0.00045637227594852448,0.00091595872072502971,0.0019531194120645523,0.0023180912248790264
PAYEMS,2020-09-30,-0.0012762227561324835,-0.00042413349729031324,0.00095140119083225727,0.0019884742796421051,0.002347196452319622
PAYEMS,2020-10-31,-0.001253222580999136,-0.00041271792724728584,0.00098115717992186546,0.0020240806043148041,0.0024037372786551714
PAYEMS,2020-11-30,-0.0012077745050191879,-0.00035977736115455627,0.00099745579063892365,0.0020346743986010551,0.0024141287431120872
PAYEMS,2020-12-31,-0.0012580752372741699,-0.00038715731352567673,0.0010086661204695702,0.002058990066871047,0.0024349256418645382
PCEPI,2019-01-31,-0.00082719046622514725,-0.00028213765472173691,0.0013053447473794222,0.0028446509968489408,0.003347776597365737
PCEPI,2019-02-28,-0.0005070448387414217,6.7499233409762383e-05,0.0017884294502437115,0.0034464180935174227,0.0039894836954772472
PCEPI,2019-03-31,-0.0010182976257055998,-0.00043075741268694401,0.0013121806550770998,0.0030013846699148417,0.0035620629787445068
PCEPI,2019-04-30,-0.0010224590077996254,-0.00039852038025856018,0.0014090758049860597,0.0031254857312887907,0.0036877540405839682
PCEPI,2019-05-31,-0.0013828612864017487,-0.00075577711686491966,0.0010793189285323024,0.0028418302536010742,0.0034060878679156303
PCEPI,2019-06-30,-0.0012378008104860783,-0.00058792089112102985,0.0012387700844556093,0.0030263138469308615,0.0036140938755124807
PCEPI,2019-07-31,-0.0010124193504452705,-0.00036656530573964119,0.0014882093528285623,0.0032665946055203676,0.0038537003565579653
PCEPI,2019-08-31,-0.00095345312729477882,-0.00031429505906999111,0.0015715328045189381,0.0034022410400211811,0.0040064048953354359
PCEPI,2019-09-30,-0.0011639206204563379,-0.00051374197937548161,0.0013949496205896139,0.003276764415204525,0.003890118096023798
PCEPI,2019-10-31,-0.0012224975507706404,-0.00056350324302911758,0.0013181827962398529,0.00315427640452981,0.0037484143394976854
PCEPI,2019-11-30,-0.0013976073823869228,-0.00073520117439329624,0.0011721159098669887,0.0029008931014686823,0.0034711286425590515
PCEPI,2019-12-31,-0.0013975705951452255,-0.00074369972571730614,0.0011787774274125695,0.0029811589047312737,0.0035556869115680456
PCEPI,2020-01-31,-0.001183332409709692,-0.0005005677230656147,0.0015025432221591473,0.0034070266410708427,0.004034130834043026
PCEPI,2020-02-29,-0.0012696469202637672,-0.00059628183953464031,0.0014051249017938972,0.0033540679141879082,0.0039789280854165554
PCEPI,2020-03-31,-0.0011968212202191353,-0.00051747891120612621,0.0014956207014620304,0.003412212710827589,0.0040520932525396347
PCEPI,2020-04-30,-0.0013035330921411514,-0.00058360653929412365,0.0014672941761091352,0.0033619320020079613,0.0039842813275754452
PCEPI,2020-05-31,-0.001392072532325983,-0.00074606435373425484,0.0012576868757605553,0.0031690879259258509,0.0038041200023144484
PCEPI,2020-06-30,-0.0013925940729677677,-0.00074448832310736179,0.0012520131422206759,0.0031668087467551231,0.0038115140050649643
PCEPI,2020-07-31,-0.0013133555185049772,-0.00065498147159814835,0.0013588337460532784,0.0032283898908644915,0.0038618664257228374
PCEPI,2020-08-31,-0.0014365962706506252,-0.00075389211997389793,0.0012549414532259107,0.0031835255213081837,0.0038345935754477978
PCEPI,2020-09-30,-0.0014602318406105042,-0.00077734817750751972,0.0012706025736406446,0.0032451057340949774,0.0039105135947465897
PCEPI,2020-10-31,-0.0013355233240872622,-0.00063141342252492905,0.0014923787675797939,0.0034900123719125986,0.0041787289083003998
PCEPI,2020-11-30,-0.0015781773254275322,-0.00089017488062381744,0.0011373200686648488,0.0031118423212319613,0.003788292407989502
PCEPI,2020-12-31,-0.0015736990608274937,-0.00088014989160001278,0.0011656694114208221,0.0031724800355732441,0.0038543650880455971
PERMIT,2019-01-31,7.1119184494018555,7.1308193206787109,7.1818342208862305,7.2360396385192871,7.2545671463012695
PERMIT,2019-02-28,7.0969843864440918,7.1211905479431152,7.1838970184326172,7.2452812194824219,7.2669367790222168
PERMIT,2019-03-31,7.0834522247314453,7.1115102767944336,7.1825084686279297,7.2533340454101562,7.2776279449462891
PERMIT,2019-04-30,7.0724759101867676,7.1037025451660156,7.1875853538513184,7.2628841400146484,7.2883048057556152
PERMIT,2019-05-31,7.064110279083252,7.0990915298461914,7.190697193145752,7.2744383811950684,7.3008852005004883
PERMIT,2019-06-30,7.0582747459411621,7.0950422286987305,7.1920328140258789,7.2809314727783203,7.310786247253418
PERMIT,2019-07-31,7.046515941619873,7.088355541229248,7.1934900283813477,7.2892842292785645,7.3222794532775879
PERMIT,2019-08-31,7.034480094909668,7.0788345336914062,7.1935553550720215,7.2997956275939941,7.3337216377258301
PERMIT,2019-09-30,7.030418872833252,7.0754094123840332,7.1943984031677246,7.3013205528259277,7.3352999687194824
PERMIT,2019-10-31,7.0207786560058594,7.0687975883483887,7.1977496147155762,7.3094029426574707,7.3447041511535645
PERMIT,2019-11-30,7.0197048187255859,7.0690102577209473,7.1984796524047852,7.3135299682617188,7.3513541221618652
PERMIT,2019-12-31,7.0116839408874512,7.0622014999389648,7.2003531455993652,7.3194851875305176,7.3552212715148926
PERMIT,2020-01-31,6.9967284202575684,7.0484867095947266,7.1983394622802734,7.3274960517883301,7.3664712905883789
PERMIT,2020-02-29,6.9937114715576172,7.0478043556213379,7.2006711959838867,7.3324213027954102,7.371856689453125
PERMIT,2020-03-31,6.9921021461486816,7.0477542877197266,7.2018976211547852,7.3383316993713379,7.3821835517883301
PERMIT,2020-04-30,6.9951515197753906,7.0488195419311523,7.2030525207519531,7.3403816223144531,7.3809618949890137
PERMIT,2020-05-31,6.9258942604064941,7.0101356506347656,7.2094120979309082,7.3733730316162109,7.4247832298278809
PERMIT,2020-06-30,6.9282760620117188,7.0112318992614746,7.2076492309570312,7.3737435340881348,7.4239239692687988
PERMIT,2020-07-31,6.926598072052002,7.0112729072570801,7.2118387222290039,7.3756070137023926,7.4253196716308594
PERMIT,2020-08-31,6.9192166328430176,7.0076069831848145,7.2133264541625977,7.3833417892456055,7.4368557929992676
PERMIT,2020-09-30,6.9096102714538574,7.0009946823120117,7.2152643203735352,7.3965215682983398,7.4551186561584473
PERMIT,2020-10-31,6.9156327247619629,7.0058474540710449,7.219942569732666,7.3980989456176758,7.4532265663146973
PERMIT,2020-11-30,6.9084525108337402,7.0028018951416016,7.2227382659912109,7.4033679962158203,7.4590778350830078
PERMIT,2020-12-31,6.8987088203430176,6.9961719512939453,7.2235755920410156,7.4125161170959473,7.4704899787902832
PERMITMW,2019-01-31,4.8844671249389648,4.9319519996643066,5.0835862159729004,5.2333297729492188,5.2787332534790039
PERMITMW,2019-02-28,4.8615689277648926,4.9118800163269043,5.0789852142333984,5.2298688888549805,5.2761201858520508
PERMITMW,2019-03-31,4.8393545150756836,4.8978180885314941,5.0797944068908691,5.2378115653991699,5.286597728729248
PERMITMW,2019-04-30,4.8223280906677246,4.8890466690063477,5.0866680145263672,5.2555856704711914,5.3036503791809082
PERMITMW,2019-05-31,4.8216686248779297,4.8874387741088867,5.0865654945373535,5.2676882743835449,5.3188185691833496
PERMITMW,2019-06-30,4.8123373985290527,4.8817105293273926,5.0961499214172363,5.2819738388061523,5.3345904350280762
PERMITMW,2019-07-31,4.7911372184753418,4.8666181564331055,5.0955295562744141,5.2905712127685547,5.3461613655090332
PERMITMW,2019-08-31,4.7872314453125,4.8637351989746094,5.0974493026733398,5.3082485198974609,5.3661293983459473
PERMITMW,2019-09-30,4.7746672630310059,4.8560395240783691,5.1006851196289062,5.3196463584899902,5.3805656433105469
PERMITMW,2019-10-31,4.7702631950378418,4.8563098907470703,5.1057643890380859,5.3225221633911133,5.3864097595214844
PERMITMW,2019-11-30,4.7537727355957031,4.8417201042175293,5.102513313293457,5.3291058540344238,5.3935904502868652
PERMITMW,2019-12-31,4.7443046569824219,4.833406925201416,5.1065454483032227,5.3477463722229004,5.4136028289794922
PERMITMW,2020-01-31,4.7411661148071289,4.8325567245483398,5.1077232360839844,5.3621525764465332,5.4319829940795898
PERMITMW,2020-02-29,4.7240214347839355,4.8202610015869141,5.1123466491699219,5.3763289451599121,5.4464592933654785
PERMITMW,2020-03-31,4.7240533828735352,4.8203163146972656,5.1104097366333008,5.368098258972168,5.439326286315918
PERMITMW,2020-04-30,4.7156405448913574,4.8155484199523926,5.1145386695861816,5.3725223541259766,5.4427976608276367
PERMITMW,2020-05-31,4.6920905113220215,4.7925195693969727,5.1103277206420898,5.3951077461242676,5.4753804206848145
PERMITMW,2020-06-30,4.6816043853759766,4.7860546112060547,5.1111416816711426,5.3970932960510254,5.4795103073120117
PERMITMW,2020-07-31,4.6641726493835449,4.7784004211425781,5.1167292594909668,5.3967752456665039,5.4786982536315918
PERMITMW,2020-08-31,4.6590442657470703,4.7788982391357422,5.1180763244628906,5.4091334342956543,5.4921202659606934
PERMITMW,2020-09-30,4.6638054847717285,4.7811813354492188,5.1217446327209473,5.4180164337158203,5.5029048919677734
PERMITMW,2020-10-31,4.6561002731323242,4.7776913642883301,5.1252717971801758,5.4305691719055176,5.5192904472351074
PERMITMW,2020-11-30,4.6395840644836426,4.7656846046447754,5.1262202262878418,5.4359498023986816,5.5245981216430664
PERMITMW,2020-12-31,4.6424660682678223,4.7671313285827637,5.131044864654541,5.4555778503417969,5.5475468635559082
PERMITNE,2019-01-31,4.5569343566894531,4.6155877113342285,4.7823562622070312,4.9582791328430176,5.030184268951416
PERMITNE,2019-02-28,4.5426783561706543,4.6034026145935059,4.7779545783996582,4.9644551277160645,5.0398788452148438
PERMITNE,2019-03-31,4.5310311317443848,4.5968050956726074,4.7828669548034668,4.9741911888122559,5.0525398254394531
PERMITNE,2019-04-30,4.5095100402832031,4.5821294784545898,4.781857967376709,4.9848575592041016,5.0667610168457031
PERMITNE,2019-05-31,4.505894660949707,4.5795078277587891,4.7858028411865234,4.9996418952941895,5.0865588188171387
PERMITNE,2019-06-30,4.4974255561828613,4.5715298652648926,4.7833142280578613,5.0022783279418945,5.0927672386169434
PERMITNE,2019-07-31,4.4890255928039551,4.5647850036621094,4.7805895805358887,4.9985494613647461,5.0890927314758301
PERMITNE,2019-08-31,4.4836349487304688,4.5613822937011719,4.7811498641967773,5.0090389251708984,5.1025629043579102
PERMITNE,2019-09-30,4.4730963706970215,4.5524210929870605,4.7824501991271973,5.017280101776123,5.115302562713623
PERMITNE,2019-10-31,4.4671597480773926,4.5514798164367676,4.7857236862182617,5.0224571228027344,5.1222448348999023
PERMITNE,2019-11-30,4.4550290107727051,4.5410323143005371,4.7860422134399414,5.0285425186157227,5.1321897506713867
PERMITNE,2019-12-31,4.441859245300293,4.5285763740539551,4.78515625,5.0450325012207031,5.1534733772277832
PERMITNE,2020-01-31,4.4332261085510254,4.5241875648498535,4.7872085571289062,5.0625600814819336,5.1783194541931152
PERMITNE,2020-02-29,4.4171123504638672,4.5108857154846191,4.7800488471984863,5.0606322288513184,5.17340087890625
PERMITNE,2020-03-31,4.4155673980712891,4.510195255279541,4.7790107727050781,5.050565242767334,5.1628522872924805
PERMITNE,2020-04-30,4.4034714698791504,4.5041875839233398,4.788264274597168,5.0696282386779785,5.1851205825805664
PERMITNE,2020-05-31,4.4076571464538574,4.5024294853210449,4.7937073707580566,5.0891718864440918,5.1989316940307617
PERMITNE,2020-06-30,4.3990488052368164,4.4954361915588379,4.7935671806335449,5.0895538330078125,5.1997032165527344
PERMITNE,2020-07-31,4.3894929885864258,4.490699291229248,4.7920331954956055,5.0833654403686523,5.1943411827087402
PERMITNE,2020-08-31,4.3873662948608398,4.4909648895263672,4.7912607192993164,5.0940542221069336,5.2097549438476562
PERMITNE,2020-09-30,4.3879437446594238,4.4926848411560059,4.7990231513977051,5.1038475036621094,5.2204246520996094
PERMITNE,2020-10-31,4.3845381736755371,4.490288257598877,4.7963943481445312,5.1119265556335449,5.2329111099243164
PERMITNE,2020-11-30,4.3722085952758789,4.4803128242492676,4.7999420166015625,5.1196813583374023,5.244147777557373
PERMITNE,2020-12-31,4.3745832443237305,4.4811325073242188,4.8010597229003906,5.1323509216308594,5.2599997520446777
PERMITS,2019-01-31,6.4217734336853027,6.4525809288024902,6.5338239669799805,6.610191822052002,6.636138916015625
PERMITS,2019-02-28,6.4198832511901855,6.453620433807373,6.5410151481628418,6.6230254173278809,6.6489410400390625
PERMITS,2019-03-31,6.3973455429077148,6.4350056648254395,6.5340542793273926,6.6228413581848145,6.6512603759765625
PERMITS,2019-04-30,6.3927340507507324,6.4324102401733398,6.54241943359375,6.6390743255615234,6.670473575592041
PERMITS,2019-05-31,6.3933525085449219,6.4368600845336914,6.549354076385498,6.6586413383483887,6.6937346458435059
PERMITS,2019-06-30,6.388695240020752,6.4319982528686523,6.549623966217041,6.6596889495849609,6.6948919296264648
PERMITS,2019-07-31,6.3801422119140625,6.4261360168457031,6.5526065826416016,6.6642489433288574,6.6998786926269531
PERMITS,2019-08-31,6.3710360527038574,6.4193143844604492,6.5537748336791992,6.6749486923217773,6.7126169204711914
PERMITS,2019-09-30,6.3615174293518066,6.4119911193847656,6.5541057586669922,6.6823830604553223,6.7212448120117188
PERMITS,2019-10-31,6.3612794876098633,6.4126720428466797,6.557835578918457,6.6927018165588379,6.7363443374633789
PERMITS,2019-11-30,6.3579955101013184,6.4125008583068848,6.5591464042663574,6.6957740783691406,6.7379336357116699
PERMITS,2019-12-31,6.3481817245483398,6.4024872779846191,6.5601649284362793,6.7030434608459473,6.7450118064880371
PERMITS,2020-01-31,6.3398470878601074,6.395662784576416,6.562868595123291,6.7083606719970703,6.7516555786132812
PERMITS,2020-02-29,6.3370809555053711,6.3947691917419434,6.5625748634338379,6.7161226272583008,6.7607645988464355
PERMITS,2020-03-31,6.3342366218566895,6.3927254676818848,6.5648975372314453,6.718864917755127,6.7655344009399414
PERMITS,2020-04-30,6.3235378265380859,6.384943962097168,6.5660243034362793,6.7265796661376953,6.7739205360412598
PERMITS,2020-05-31,6.2772531509399414,6.3571357727050781,6.5709013938903809,6.7572450637817383,6.8138928413391113
PERMITS,2020-06-30,6.2793102264404297,6.3597426414489746,6.5725512504577637,6.7602052688598633,6.8192558288574219
PERMITS,2020-07-31,6.2717757225036621,6.3541393280029297,6.5719871520996094,6.7695603370666504,6.8304786682128906
PERMITS,2020-08-31,6.2678780555725098,6.3520703315734863,6.5758299827575684,6.7752480506896973,6.8376650810241699
PERMITS,2020-09-30,6.2617301940917969,6.3484539985656738,6.5758519172668457,6.7805948257446289,6.8452420234680176
PERMITS,2020-10-31,6.2579727172851562,6.3453373908996582,6.5776739120483398,6.7838892936706543,6.8479385375976562
PERMITS,2020-11-30,6.2463841438293457,6.3385400772094727,6.5783882141113281,6.789557933807373,6.8552708625793457
PERMITS,2020-12-31,6.2433323860168457,6.3368563652038574,6.5805201530456543,6.7960977554321289,6.8621320724487305
PERMITW,2019-01-31,5.667482852935791,5.7040286064147949,5.8047990798950195,5.9006075859069824,5.9325118064880371
PERMITW,2019-02-28,5.6566314697265625,5.6978263854980469,5.8108649253845215,5.9147481918334961,5.9491758346557617
PERMITW,2019-03-31,5.6415019035339355,5.6865530014038086,5.8075981140136719,5.9196772575378418,5.9562239646911621
PERMITW,2019-04-30,5.6308956146240234,5.6782231330871582,5.8122053146362305,5.9355931282043457,5.9768366813659668
PERMITW,2019-05-31,5.6190371513366699,5.6709332466125488,5.8141922950744629,5.9465160369873047,5.9884052276611328
PERMITW,2019-06-30,5.6098456382751465,5.6634378433227539,5.8114395141601562,5.9490609169006348,5.9950680732727051
PERMITW,2019-07-31,5.5972294807434082,5.6565051078796387,5.8148984909057617,5.9614667892456055,6.010918140411377
PERMITW,2019-08-31,5.5774850845336914,5.6421241760253906,5.817227840423584,5.9787440299987793,6.0303878784179688
PERMITW,2019-09-30,5.5705394744873047,5.6351442337036133,5.8154296875,5.9788670539855957,6.0298280715942383
PERMITW,2019-10-31,5.5565090179443359,5.6262297630310059,5.8202519416809082,5.9930286407470703,6.0478682518005371
PERMITW,2019-11-30,5.5505175590515137,5.6211438179016113,5.8171062469482422,5.9959039688110352,6.0529274940490723
PERMITW,2019-12-31,5.5395946502685547,5.6106033325195312,5.8169865608215332,6.0001797676086426,6.0544009208679199
PERMITW,2020-01-31,5.5163984298706055,5.5917301177978516,5.8146529197692871,6.0084714889526367,6.0668210983276367
PERMITW,2020-02-29,5.514491081237793,5.5922069549560547,5.816704273223877,6.0144495964050293,6.0730066299438477
PERMITW,2020-03-31,5.5064058303833008,5.5872697830200195,5.8146872520446777,6.0184817314147949,6.0823335647583008
PERMITW,2020-04-30,5.5074796676635742,5.5847177505493164,5.8148245811462402,6.0225014686584473,6.0837078094482422
PERMITW,2020-05-31,5.435002326965332,5.5407195091247559,5.8198261260986328,6.0632147789001465,6.1369633674621582
PERMITW,2020-06-30,5.4387617111206055,5.5430698394775391,5.8205165863037109,6.0633130073547363,6.134922981262207
PERMITW,2020-07-31,5.4374761581420898,5.5436415672302246,5.8224344253540039,6.0621871948242188,6.1338229179382324
PERMITW,2020-08-31,5.4218297004699707,5.5339913368225098,5.8214869499206543,6.0700883865356445,6.1461658477783203
PERMITW,2020-09-30,5.4188637733459473,5.531684398651123,5.8260707855224609,6.0844631195068359,6.1670336723327637
PERMITW,2020-10-31,5.4209551811218262,5.533782958984375,5.8308286666870117,6.0855631828308105,6.163459300994873
PERMITW,2020-11-30,5.4108171463012695,5.5289487838745117,5.8330888748168945,6.0913906097412109,6.1697731018066406
PERMITW,2020-12-31,5.4008669853210449,5.5221123695373535,5.8339509963989258,6.1027240753173828,6.1846656799316406
PPICMM,2019-01-31,-0.049655027687549591,-0.036906629800796509,-0.0012074523838236928,0.034406661987304688,0.046591460704803467
PPICMM,2019-02-28,-0.0528109110891819,-0.039093676954507828,0.00065907405223697424,0.04066147655248642,0.053916178643703461
PPICMM,2019-03-31,-0.060044687241315842,-0.045570489019155502,-0.0034159875940531492,0.039028488099575043,0.053445905447006226
PPICMM,2019-04-30,-0.059610586613416672,-0.045364055782556534,-0.0019663586281239986,0.042374745011329651,0.057297755032777786
PPICMM,2019-05-31,-0.061023000627756119,-0.045932795852422714,-0.0013038808247074485,0.045475475490093231,0.060975976288318634
PPICMM,2019-06-30,-0.063753940165042877,-0.048143111169338226,-0.0025338311679661274,0.045104362070560455,0.060929182916879654
PPICMM,2019-07-31,-0.059577669948339462,-0.043733112514019012,0.0019517831970006227,0.048114176839590073,0.063620634377002716
PPICMM,2019-08-31,-0.058944791555404663,-0.043893091380596161,0.0011510022450238466,0.046250000596046448,0.061187766492366791
PPICMM,2019-09-30,-0.062480911612510681,-0.047320712357759476,-0.0018804471474140882,0.042895380407571793,0.057725172489881516
PPICMM,2019-10-31,-0.061840303242206573,-0.04678310826420784,-0.00091779866488650441,0.044755358248949051,0.0598328597843647
PPICMM,2019-11-30,-0.063128471374511719,-0.047405332326889038,-0.00085581955499947071,0.044461198151111603,0.058890692889690399
PPICMM,2019-12-31,-0.062861323356628418,-0.047394275665283203,-0.00065288395853713155,0.044927351176738739,0.059792142361402512
PPICMM,2020-01-31,-0.06293843686580658,-0.047294441610574722,-0.00082358974032104015,0.04513130709528923,0.060004811733961105
PPICMM,2020-02-29,-0.063292764127254486,-0.047576241195201874,-0.00039770174771547318,0.0459151491522789,0.060800764709711075
PPICMM,2020-03-31,-0.063508421182632446,-0.047924775630235672,-0.00061441410798579454,0.044508215039968491,0.059354893863201141
PPICMM,2020-04-30,-0.064059607684612274,-0.048157606273889542,-0.00079605239443480968,0.045807585120201111,0.061308830976486206
PPICMM,2020-05-31,-0.06603577733039856,-0.049212042242288589,-0.0014199995202943683,0.045943234115839005,0.062707185745239258
PPICMM,2020-06-30,-0.064897648990154266,-0.047863826155662537,-7.23217090126127e-05,0.047053176909685135,0.063725046813488007
PPICMM,2020-07-31,-0.062567010521888733,-0.045843552798032761,0.00040594371967017651,0.046104602515697479,0.062383286654949188
PPICMM,2020-08-31,-0.062085628509521484,-0.04578322172164917,1.2862947187386453e-05,0.045314740389585495,0.061708640307188034
PPICMM,2020-09-30,-0.062674269080162048,-0.046057544648647308,-0.0005992795922793448,0.045468293130397797,0.062264710664749146
PPICMM,2020-10-31,-0.06448836624622345,-0.047300267964601517,-0.00032325278152711689,0.045856762677431107,0.062471084296703339
PPICMM,2020-11-30,-0.06330842524766922,-0.046671647578477859,-0.0006649800343438983,0.045159336179494858,0.061777636408805847
PPICMM,2020-12-31,-0.062317118048667908,-0.045881345868110657,-0.00021154516434762627,0.044565934687852859,0.06094282865524292
REALLN,2019-01-31,-0.0061566601507365704,-0.0043211109004914761,-0.00073003058787435293,0.0024486454203724861,0.003942808136343956
REALLN,2019-02-28,-0.0052106450311839581,-0.0033954458776861429,0.00037533009890466928,0.0040374426171183586,0.0057641910389065742
REALLN,2019-03-31,-0.0046020769514143467,-0.0027508314233273268,0.0010959372157230973,0.0052654002793133259,0.0071810358203947544
REALLN,2019-04-30,-0.0073759220540523529,-0.005233272910118103,-0.0011656350689008832,0.0028763783629983664,0.0046282843686640263
REALLN,2019-05-31,-0.0072234924882650375,-0.0050073727034032345,-0.00059865909861400723,0.0035465825349092484,0.0053685097955167294
REALLN,2019-06-30,-0.0069597922265529633,-0.0047562913969159126,-0.0002229335077572614,0.0040791034698486328,0.0059883366338908672
REALLN,2019-07-31,-0.0060890712775290012,-0.0039317663758993149,0.00038248772034421563,0.0043959547765552998,0.0062266471795737743
REALLN,2019-08-31,-0.0067393360659480095,-0.0045433114282786846,-0.00031349255004897714,0.0036172308027744293,0.0053315460681915283
REALLN,2019-09-30,-0.0067751016467809677,-0.004529221449047327,-9.1334492026362568e-05,0.0039430665783584118,0.0057929493486881256
REALLN,2019-10-31,-0.0067421318963170052,-0.0043895319104194641,0.00020743031927850097,0.0044173663482069969,0.0063472590409219265
REALLN,2019-11-30,-0.0071796653792262077,-0.0047723050229251385,8.3627353888005018e-05,0.0044692815281450748,0.0064031360670924187
REALLN,2019-12-31,-0.007268199697136879,-0.0049237129278481007,-0.00017267098883166909,0.0041763912886381149,0.00604983139783144
REALLN,2020-01-31,-0.0075185797177255154,-0.0050356443971395493,-2.3900929591036402e-05,0.0042922850698232651,0.0061650299467146397
REALLN,2020-02-29,-0.0072506950236856937,-0.0048093120567500591,2.3843924282118678e-05,0.0042805671691894531,0.0061342683620750904
REALLN,2020-03-31,-0.0074248607270419598,-0.0049327951855957508,-7.046791142784059e-05,0.0041613969951868057,0.0060739247128367424
REALLN,2020-04-30,-0.0072757909074425697,-0.0048795565962791443,-0.00014725005894433707,0.0040595266036689281,0.0059151491150259972
REALLN,2020-05-31,-0.0068857823498547077,-0.0046537392772734165,-4.6864093746989965e-05,0.0043294108472764492,0.0063361651264131069
REALLN,2020-06-30,-0.0067534823901951313,-0.0045421123504638672,-4.3365856981836259e-05,0.0040994854643940926,0.0060250284150242805
REALLN,2020-07-31,-0.006434170063585043,-0.0043101301416754723,-3.4628064895514399e-06,0.0039645154029130936,0.0058233281597495079
REALLN,2020-08-31,-0.0063488609157502651,-0.004240741953253746,-1.6992744349408895e-06,0.0040383012965321541,0.0059736231341958046
REALLN,2020-09-30,-0.0065768696367740631,-0.0044169262982904911,-6.4360334363300353e-05,0.0042084106244146824,0.0062697213143110275
REALLN,2020-10-31,-0.0067601520568132401,-0.0045808949507772923,-2.7370602765586227e-05,0.0043229204602539539,0.0063762888312339783
REALLN,2020-11-30,-0.0067773638293147087,-0.0045769489370286465,-9.1434376372490078e-06,0.0044101323001086712,0.0064883502200245857
REALLN,2020-12-31,-0.0068750609643757343,-0.0046388036571443081,-4.7810812247917056e-05,0.0044776792638003826,0.0066273356787860394
RETAILx,2019-01-31,-0.0097517501562833786,-0.0053175226785242558,0.006183302029967308,0.017552608624100685,0.02190040610730648
RETAILx,2019-02-28,-0.011796971783041954,-0.0077143064700067043,0.0031216219067573547,0.013894021511077881,0.017902882769703865
RETAILx,2019-03-31,-0.011106517165899277,-0.0072259414009749889,0.0030103162862360477,0.013141311705112457,0.016897350549697876
RETAILx,2019-04-30,-0.010951397940516472,-0.0069537987001240253,0.0036843426059931517,0.013874942436814308,0.017666338011622429
RETAILx,2019-05-31,-0.013971472159028053,-0.0098253823816776276,0.00099390279501676559,0.011249949224293232,0.014995835721492767
RETAILx,2019-06-30,-0.01177673228085041,-0.0078519005328416824,0.0029344209469854832,0.013086834922432899,0.016863228753209114
RETAILx,2019-07-31,-0.011771479621529579,-0.0078249648213386536,0.0024576634168624878,0.012451564893126488,0.016229918226599693
RETAILx,2019-08-31,-0.012582253664731979,-0.0085615348070859909,0.0019635970238596201,0.012360019609332085,0.016227368265390396
RETAILx,2019-09-30,-0.013088557869195938,-0.0088726822286844254,0.0020740132313221693,0.012464806437492371,0.01639443077147007
RETAILx,2019-10-31,-0.012689514085650444,-0.0083498265594244003,0.0024054690729826689,0.012764789164066315,0.016789468005299568
RETAILx,2019-11-30,-0.012159133329987526,-0.0079960785806179047,0.0023772213608026505,0.01230178214609623,0.016265761107206345
RETAILx,2019-12-31,-0.012556515634059906,-0.0083619989454746246,0.0024798177182674408,0.012740949168801308,0.016570188105106354
RETAILx,2020-01-31,-0.013705100864171982,-0.0092355441302061081,0.0023211140651255846,0.013380168005824089,0.017413770779967308
RETAILx,2020-02-29,-0.013851683586835861,-0.0093337260186672211,0.0024410430341959,0.013344123959541321,0.017263468354940414
RETAILx,2020-03-31,-0.013461919501423836,-0.0089625287801027298,0.0025400794111192226,0.013198383152484894,0.01718854159116745
RETAILx,2020-04-30,-0.013360278680920601,-0.0088269244879484177,0.0026584649458527565,0.013263536617159843,0.017095860093832016
RETAILx,2020-05-31,-0.012596815824508667,-0.0084422826766967773,0.0028365342877805233,0.013842973858118057,0.017976997420191765
RETAILx,2020-06-30,-0.012429704889655113,-0.0082908254116773605,0.0028306180611252785,0.013446612283587456,0.017471747472882271
RETAILx,2020-07-31,-0.012203840538859367,-0.0081267617642879486,0.0027310033328831196,0.013111492618918419,0.017079133540391922
RETAILx,2020-08-31,-0.012705607339739799,-0.0084853135049343109,0.0026340619660913944,0.013343740254640579,0.01746445894241333
RETAILx,2020-09-30,-0.012658588588237762,-0.0084295663982629776,0.0026504362467676401,0.013641634956002235,0.017986379563808441
RETAILx,2020-10-31,-0.012783091515302658,-0.0085094962269067764,0.002759427297860384,0.013443106785416603,0.017622748389840126
RETAILx,2020-11-30,-0.012614194303750992,-0.0083312895148992538,0.0026918738149106503,0.013324528932571411,0.017523869872093201
RETAILx,2020-12-31,-0.012809496372938156,-0.0084883682429790497,0.0027400804683566093,0.013642231002449989,0.017943125218153
RPI,2019-01-31,-0.0074379928410053253,-0.0049962750636041164,0.00071806518826633692,0.007058287039399147,0.0093082636594772339
RPI,2019-02-28,-0.004362558014690876,-0.0024195015430450439,0.0018529379740357399,0.0056807235814630985,0.0072030737064778805
RPI,2019-03-31,-0.0028836610727012157,-0.0013205709401518106,0.0019893255084753036,0.0051681669428944588,0.0063890102319419384
RPI,2019-04-30,-0.0026768720708787441,-0.0011924183927476406,0.0021617915481328964,0.0054529178887605667,0.0067312829196453094
RPI,2019-05-31,-0.0025363098829984665,-0.0010206052102148533,0.0023607942275702953,0.0058350265026092529,0.0071550291031599045
RPI,2019-06-30,-0.0027783275581896305,-0.0013056960888206959,0.0020199608989059925,0.0052591832354664803,0.0065306266769766808
RPI,2019-07-31,-0.0028592287562787533,-0.0013173683546483517,0.0019421740435063839,0.005071690771728754,0.0062811831012368202
RPI,2019-08-31,-0.0033254837617278099,-0.0017007761634886265,0.0018617198802530766,0.0051676472648978233,0.0063721495680510998
RPI,2019-09-30,-0.0029905089177191257,-0.0014514687936753035,0.0020636618137359619,0.0055425949394702911,0.0070035574026405811
RPI,2019-10-31,-0.0030185780487954617,-0.001481055049225688,0.0021144936326891184,0.0055322488769888878,0.0069171860814094543
RPI,2019-11-30,-0.0027330191805958748,-0.0011865322012454271,0.0024191681295633316,0.0059191687032580376,0.0074238772504031658
RPI,2019-12-31,-0.00320787588134408,-0.0014921512920409441,0.0025391271337866783,0.0067124753259122372,0.0083074206486344337
RPI,2020-01-31,-0.0044552898034453392,-0.0024820249527692795,0.0022881352342665195,0.0068196537904441357,0.0085115600377321243
RPI,2020-02-29,-0.0035987496376037598,-0.001827531959861517,0.0021505614276975393,0.0058887992054224014,0.0073443427681922913
RPI,2020-03-31,-0.0029008029960095882,-0.0013928536791354418,0.0021270525176078081,0.005510400515049696,0.0068412097170948982
RPI,2020-04-30,-0.0031706215813755989,-0.0015715165063738823,0.0020758768077939749,0.0055668158456683159,0.0069179297424852848
RPI,2020-05-31,-0.0041555343195796013,-0.0020327633246779442,0.0024495902471244335,0.0066167418844997883,0.0084202233701944351
RPI,2020-06-30,-0.0037073120474815369,-0.0017912979237735271,0.0022657872177660465,0.0060394760221242905,0.0077465563081204891
RPI,2020-07-31,-0.0031569586135447025,-0.0014250895474106073,0.0022485118824988604,0.0056091700680553913,0.0070110694505274296
RPI,2020-08-31,-0.0031908545643091202,-0.0014846599660813808,0.0021991818211972713,0.0056625171564519405,0.0071794698014855385
RPI,2020-09-30,-0.0037541515193879604,-0.0018099406734108925,0.002293743658810854,0.0062020528130233288,0.0079255867749452591
RPI,2020-10-31,-0.0037636514753103256,-0.0018474487587809563,0.0022684885188937187,0.0062723895534873009,0.0081565463915467262
RPI,2020-11-30,-0.0039669177494943142,-0.0018062838353216648,0.0026847301051020622,0.0072965072467923164,0.0094518614932894707
RPI,2020-12-31,-0.0052563478238880634,-0.0025557354092597961,0.0034236572682857513,0.010573005303740501,0.013654086738824844
S&P 500,2019-01-31,-0.052496746182441711,-0.038243405520915985,-0.00038186414167284966,0.034301131963729858,0.046042956411838531
S&P 500,2019-02-28,-0.044844925403594971,-0.030675608664751053,0.0079441331326961517,0.043205089867115021,0.054571889340877533
S&P 500,2019-03-31,-0.046796225011348724,-0.032626789063215256,0.0052569769322872162,0.040201600641012192,0.051269344985485077
S&P 500,2019-04-30,-0.047613952308893204,-0.032658744603395462,0.0062613170593976974,0.040769319981336594,0.051713444292545319
S&P 500,2019-05-31,-0.045018263161182404,-0.029822353273630142,0.0093881720677018166,0.044511307030916214,0.05548066645860672
S&P 500,2019-06-30,-0.047375816851854324,-0.032863177359104156,0.0069942297413945198,0.042638465762138367,0.053676523268222809
S&P 500,2019-07-31,-0.047036107629537582,-0.032322760671377182,0.0070345001295208931,0.04214438796043396,0.053064566105604172
S&P 500,2019-08-31,-0.047104217112064362,-0.032398082315921783,0.0067683747038245201,0.042375620454549789,0.053770441561937332
S&P 500,2019-09-30,-0.046788629144430161,-0.032027542591094971,0.0072295321151614189,0.042472001165151596,0.053841639310121536
S&P 500,2019-10-31,-0.047999061644077301,-0.032492134720087051,0.0071884873323142529,0.043324794620275497,0.055290479212999344
S&P 500,2019-11-30,-0.046785194426774979,-0.031595427542924881,0.008070274256169796,0.043523963540792465,0.054930970072746277
S&P 500,2019-12-31,-0.047374580055475235,-0.03239041194319725,0.0074948365800082684,0.043444979935884476,0.054914429783821106
S&P 500,2020-01-31,-0.049241140484809875,-0.033585712313652039,0.0078121814876794815,0.044175710529088974,0.055786434561014175
S&P 500,2020-02-29,-0.049828898161649704,-0.033879421651363373,0.0076744784601032734,0.044822696596384048,0.056489668786525726
S&P 500,2020-03-31,-0.04909830167889595,-0.03308405727148056,0.0083796512335538864,0.04466170072555542,0.056206710636615753
S&P 500,2020-04-30,-0.047945331782102585,-0.032612182199954987,0.0076282108202576637,0.043320316821336746,0.054623253643512726
S&P 500,2020-05-31,-0.04583672434091568,-0.031014598906040192,0.0078387893736362457,0.042656742036342621,0.053642015904188156
S&P 500,2020-06-30,-0.045295018702745438,-0.030630175024271011,0.0080724367871880531,0.042363483458757401,0.053062610328197479
S&P 500,2020-07-31,-0.044476158916950226,-0.029968906193971634,0.0079117538407444954,0.041986439377069473,0.052597943693399429
S&P 500,2020-08-31,-0.045810502022504807,-0.030773196369409561,0.0078458013013005257,0.041813325136899948,0.052466832101345062
S&P 500,2020-09-30,-0.045030899345874786,-0.030401378870010376,0.0080177783966064453,0.04258023202419281,0.053435444831848145
S&P 500,2020-10-31,-0.046623829752206802,-0.0318402498960495,0.0080756619572639465,0.043030165135860443,0.05371682345867157
S&P 500,2020-11-30,-0.045470774173736572,-0.030535332858562469,0.0085522634908556938,0.04260292649269104,0.053021296858787537
S&P 500,2020-12-31,-0.044933401048183441,-0.030153021216392517,0.008738689124584198,0.042706605046987534,0.053433574736118317
S&P PE ratio,2019-01-31,-0.073259599506855011,-0.05827929824590683,-0.019055714830756187,0.017214361578226089,0.028865456581115723
S&P PE ratio,2019-02-28,-0.065190114080905914,-0.049712680280208588,-0.0087813409045338631,0.029624510556459427,0.042377762496471405
S&P PE ratio,2019-03-31,-0.061599709093570709,-0.045784015208482742,-0.0046241981908679008,0.033604588359594345,0.04585719108581543
S&P PE ratio,2019-04-30,-0.063350580632686615,-0.046650741249322891,-0.0039681587368249893,0.034221649169921875,0.046454530209302902
S&P PE ratio,2019-05-31,-0.060015454888343811,-0.043107539415359497,0.00013271835632622242,0.039702843874692917,0.052502747625112534
S&P PE ratio,2019-06-30,-0.061908133327960968,-0.045525249093770981,-0.0019658103119581938,0.036946296691894531,0.049216523766517639
S&P PE ratio,2019-07-31,-0.061737045645713806,-0.045127537101507187,-0.0023105267900973558,0.036404915153980255,0.04888637363910675
S&P PE ratio,2019-08-31,-0.06435692310333252,-0.047397468239068985,-0.004472687840461731,0.036008406430482864,0.04939715564250946
S&P PE ratio,2019-09-30,-0.062148712575435638,-0.044859740883111954,-0.0015319478698074818,0.037306834012269974,0.050484880805015564
S&P PE ratio,2019-10-31,-0.063397407531738281,-0.045242037624120712,-0.0010264646261930466,0.039708007127046585,0.053855396807193756
S&P PE ratio,2019-11-30,-0.060990415513515472,-0.043261419981718063,0.0011275969445705414,0.040698960423469543,0.053751327097415924
S&P PE ratio,2019-12-31,-0.061950221657752991,-0.044547911733388901,-0.00022493989672511816,0.040129844099283218,0.053226504474878311
S&P PE ratio,2020-01-31,-0.064407825469970703,-0.046089179813861847,5.7738623581826687e-05,0.040901988744735718,0.054127577692270279
S&P PE ratio,2020-02-29,-0.065650798380374908,-0.047012276947498322,-0.00052407919429242611,0.04065420851111412,0.053651042282581329
S&P PE ratio,2020-03-31,-0.065496474504470825,-0.04661932960152626,2.6030582375824451e-05,0.041197054088115692,0.054852817207574844
S&P PE ratio,2020-04-30,-0.065194167196750641,-0.046691440045833588,-0.00093213934451341629,0.039716780185699463,0.052862800657749176
S&P PE ratio,2020-05-31,-0.059932813048362732,-0.043128572404384613,0.00034631032031029463,0.040004350244998932,0.053488537669181824
S&P PE ratio,2020-06-30,-0.060231916606426239,-0.043510083109140396,-0.00023523822892457247,0.039241768419742584,0.052526179701089859
S&P PE ratio,2020-07-31,-0.059351906180381775,-0.042706910520792007,0.00016069546109065413,0.038894042372703552,0.051834601908922195
S&P PE ratio,2020-08-31,-0.061470687389373779,-0.044050902128219604,-0.00028325023595243692,0.038878161460161209,0.052175123244524002
S&P PE ratio,2020-09-30,-0.060831125825643539,-0.043735422194004059,-0.00039810175076127052,0.039869822561740875,0.054087258875370026
S&P PE ratio,2020-10-31,-0.063373886048793793,-0.04581918939948082,-0.00063944573048502207,0.039705764502286911,0.053288329392671585
S&P PE ratio,2020-11-30,-0.06096375361084938,-0.043255753815174103,0.0014539581025019288,0.040626678615808487,0.0538446344435215
S&P PE ratio,2020-12-31,-0.060825824737548828,-0.043405607342720032,0.00063899834640324116,0.040282581001520157,0.054155893623828888
S&P div yield,2019-01-31,-0.096963562071323395,-0.070120528340339661,0.004616305697709322,0.085592344403266907,0.11815662682056427
S&P div yield,2019-02-28,-0.1002805307507515,-0.074230596423149109,-0.0010764419566839933,0.078615926206111908,0.11083962023258209
S&P div yield,2019-03-31,-0.097681723535060883,-0.072250843048095703,-0.00228307512588799,0.074338525533676147,0.10552173107862473
S&P div yield,2019-04-30,-0.094734586775302887,-0.070191651582717896,-0.00082766334526240826,0.075783520936965942,0.10737344622612
S&P div yield,2019-05-31,-0.10065028816461563,-0.074862673878669739,-0.0053334208205342293,0.071581095457077026,0.1032562255859375
S&P div yield,2019-06-30,-0.095084689557552338,-0.070378288626670837,-0.00066107790917158127,0.075408607721328735,0.10752502828836441
S&P div yield,2019-07-31,-0.095742873847484589,-0.070336811244487762,-0.0021785828284919262,0.073477789759635925,0.10610197484493256
S&P div yield,2019-08-31,-0.097461357712745667,-0.071494884788990021,-0.0016214462229982018,0.074433594942092896,0.10700260102748871
S&P div yield,2019-09-30,-0.097875460982322693,-0.072575457394123077,-0.0027617388404905796,0.072807997465133667,0.10596729815006256
S&P div yield,2019-10-31,-0.10002619028091431,-0.073357939720153809,-0.0019108991837128997,0.07611190527677536,0.11075466126203537
S&P div yield,2019-11-30,-0.099600262939929962,-0.073970958590507507,-0.0043630814179778099,0.072168081998825073,0.10659254342317581
S&P div yield,2019-12-31,-0.10001586377620697,-0.074061892926692963,-0.0032859733328223228,0.073416925966739655,0.10655814409255981
S&P div yield,2020-01-31,-0.10595434904098511,-0.077921666204929352,-0.0023272489197552204,0.077407389879226685,0.11180588603019714
S&P div yield,2020-02-29,-0.10542061179876328,-0.077598415315151215,-0.0027195129077881575,0.077239044010639191,0.11115772277116776
S&P div yield,2020-03-31,-0.10404012352228165,-0.076903954148292542,-0.0037968899123370647,0.076339468359947205,0.11175201088190079
S&P div yield,2020-04-30,-0.10377564281225204,-0.076629273593425751,-0.0030788530129939318,0.076480485498905182,0.1106606125831604
S&P div yield,2020-05-31,-0.10571715980768204,-0.078060805797576904,-0.0041497573256492615,0.077130511403083801,0.11299464851617813
S&P div yield,2020-06-30,-0.10289312154054642,-0.075629390776157379,-0.0026271725073456764,0.075567863881587982,0.1105172261595726
S&P div yield,2020-07-31,-0.1002013310790062,-0.073478363454341888,-0.0032295524142682552,0.073489978909492493,0.10768827795982361
S&P div yield,2020-08-31,-0.10073313117027283,-0.073975414037704468,-0.0036459777038544416,0.075197890400886536,0.11116121709346771
S&P div yield,2020-09-30,-0.10415083169937134,-0.076128743588924408,-0.0039683305658400059,0.076988384127616882,0.11437549442052841
S&P div yield,2020-10-31,-0.1046297699213028,-0.076954931020736694,-0.0028325261082500219,0.078164048492908478,0.11527203023433685
S&P div yield,2020-11-30,-0.10426788032054901,-0.076309151947498322,-0.0039520338177680969,0.077259860932826996,0.11514974385499954
S&P div yield,2020-12-31,-0.10546168684959412,-0.077044636011123657,-0.0036306451074779034,0.078748591244220734,0.11727964133024216
SRVPRD,2019-01-31,-0.00031865842174738646,2.6192283257842064e-05,0.00086903857300058007,0.0016429926035925746,0.001885866979137063
SRVPRD,2019-02-28,-0.00050286040641367435,-0.00014934246428310871,0.00073595292633399367,0.0015669544227421284,0.0018261249642819166
SRVPRD,2019-03-31,-0.00058883428573608398,-0.00021418381948024035,0.00072442187229171395,0.0015543565386906266,0.0018186725210398436
SRVPRD,2019-04-30,-0.00048561696894466877,-9.5147988758981228e-05,0.00087001454085111618,0.001736742677167058,0.0020052643958479166
SRVPRD,2019-05-31,-0.0004940573126077652,-9.5153460279107094e-05,0.00087996874935925007,0.0017508349847048521,0.0020182814914733171
SRVPRD,2019-06-30,-0.00055045122280716896,-0.00015282048843801022,0.00085388810839504004,0.0017497497610747814,0.0020293290726840496
SRVPRD,2019-07-31,-0.0005911034531891346,-0.0001817893935367465,0.00082298129564151168,0.0017286511138081551,0.0020068760495632887
SRVPRD,2019-08-31,-0.00075489073060452938,-0.00032525171991437674,0.00071336067048832774,0.0016457538586109877,0.0019251657649874687
SRVPRD,2019-09-30,-0.0007035320159047842,-0.00027190730907022953,0.00078242237213999033,0.001726643880829215,0.0020080404356122017
SRVPRD,2019-10-31,-0.00067742099054157734,-0.00023042678367346525,0.00081910839071497321,0.0017615756951272488,0.0020450649317353964
SRVPRD,2019-11-30,-0.00063657364808022976,-0.00019597215577960014,0.00087659497512504458,0.0018117569852620363,0.0021003745496273041
SRVPRD,2019-12-31,-0.00068173091858625412,-0.00024734367616474628,0.000842714449390769,0.0017496226355433464,0.0020276797004044056
SRVPRD,2020-01-31,-0.0007299880962818861,-0.00028023845516145229,0.00082873558858409524,0.001790849375538528,0.0020891465246677399
SRVPRD,2020-02-29,-0.00078473635949194431,-0.00033061613794416189,0.00078784860670566559,0.001801340258680284,0.0021013133227825165
SRVPRD,2020-03-31,-0.00077620986849069595,-0.00030448881443589926,0.00083511060802266002,0.0018327930010855198,0.0021356393117457628
SRVPRD,2020-04-30,-0.00078044715337455273,-0.00029601855203509331,0.00087732251267880201,0.001846871804445982,0.0021375846117734909
SRVPRD,2020-05-31,-0.0010821791365742683,-0.00045109749771654606,0.00089696201030164957,0.0020122062414884567,0.0023780411574989557
SRVPRD,2020-06-30,-0.0011779123451560736,-0.00054510892368853092,0.00080852792598307133,0.0019076827447861433,0.0022764205932617188
SRVPRD,2020-07-31,-0.0011591953225433826,-0.00052036996930837631,0.00082029763143509626,0.0018815742805600166,0.0022406845819205046
SRVPRD,2020-08-31,-0.0011576870456337929,-0.00051744701340794563,0.00078705267515033484,0.0018169195391237736,0.0021635335870087147
SRVPRD,2020-09-30,-0.0011148592457175255,-0.00048275664448738098,0.0008310533594340086,0.0018789359601214528,0.0022330400533974171
SRVPRD,2020-10-31,-0.0010888460092246532,-0.00045927031897008419,0.00087360123870894313,0.0019563054665923119,0.0023338450118899345
SRVPRD,2020-11-30,-0.0010773169342428446,-0.00043983175419270992,0.00088882463751360774,0.0019593271426856518,0.0023241564631462097
SRVPRD,2020-12-31,-0.0011038919910788536,-0.00046188943088054657,0.00088462320854887366,0.0019607292488217354,0.0023169589694589376
T10YFFM,2019-01-31,0.062180995941162109,0.18105804920196533,0.49902164936065674,0.79077941179275513,0.92203366756439209
T10YFFM,2019-02-28,-0.12414741516113281,0.025618314743041992,0.45142334699630737,0.89778441190719604,1.0499006509780884
T10YFFM,2019-03-31,-0.28168487548828125,-0.095869064331054688,0.44005858898162842,0.97456187009811401,1.1618902683258057
T10YFFM,2019-04-30,-0.40618348121643066,-0.19055700302124023,0.45128238201141357,1.0728743076324463,1.2753698825836182
T10YFFM,2019-05-31,-0.53427541255950928,-0.27504575252532959,0.45920091867446899,1.1927778720855713,1.4293466806411743
T10YFFM,2019-06-30,-0.6352384090423584,-0.36224901676177979,0.45519047975540161,1.2724449634552002,1.534234881401062
T10YFFM,2019-07-31,-0.72865772247314453,-0.43224430084228516,0.4511181116104126,1.3253548145294189,1.611158013343811
T10YFFM,2019-08-31,-0.81486105918884277,-0.49975287914276123,0.45321953296661377,1.4361581802368164,1.7576346397399902
T10YFFM,2019-09-30,-0.891510009765625,-0.555267333984375,0.44631516933441162,1.4744205474853516,1.8196072578430176
T10YFFM,2019-10-31,-0.96586751937866211,-0.60129046440124512,0.46587198972702026,1.5561630725860596,1.935084342956543
T10YFFM,2019-11-30,-1.0413558483123779,-0.66061782836914062,0.48833626508712769,1.6362416744232178,2.0416779518127441
T10YFFM,2019-12-31,-1.1058659553527832,-0.71039700508117676,0.51007670164108276,1.7277535200119019,2.1440176963806152
T10YFFM,2020-01-31,-1.0950839519500732,-0.6911017894744873,0.5280192494392395,1.783869743347168,2.2211644649505615
T10YFFM,2020-02-29,-1.1622352600097656,-0.74502015113830566,0.54909014701843262,1.8699018955230713,2.3216769695281982
T10YFFM,2020-03-31,-1.1881077289581299,-0.75697803497314453,0.56526201963424683,1.9276175498962402,2.3874430656433105
T10YFFM,2020-04-30,-1.2458162307739258,-0.78792214393615723,0.6103055477142334,1.9937114715576172,2.457383394241333
T10YFFM,2020-05-31,-1.4513049125671387,-0.91488504409790039,0.59719085693359375,2.1500098705291748,2.6674361228942871
T10YFFM,2020-06-30,-1.5103981494903564,-0.96240091323852539,0.61110961437225342,2.1932520866394043,2.7193021774291992
T10YFFM,2020-07-31,-1.5663619041442871,-0.98462867736816406,0.62189722061157227,2.2057328224182129,2.7402987480163574
T10YFFM,2020-08-31,-1.5788545608520508,-0.98910140991210938,0.62460595369338989,2.2700653076171875,2.8224406242370605
T10YFFM,2020-09-30,-1.5790674686431885,-0.9718477725982666,0.66452836990356445,2.3316936492919922,2.9021387100219727
T10YFFM,2020-10-31,-1.6162400245666504,-0.99321460723876953,0.6897551417350769,2.3745949268341064,2.9301290512084961
T10YFFM,2020-11-30,-1.644639253616333,-1.0149848461151123,0.72236299514770508,2.4244675636291504,2.9983832836151123
T10YFFM,2020-12-31,-1.6251406669616699,-1.0009636878967285,0.74987661838531494,2.4725100994110107,3.0507805347442627
T1YFFM,2019-01-31,0.13532489538192749,0.20536474883556366,0.35606727004051208,0.51747334003448486,0.58308017253875732
T1YFFM,2019-02-28,0.057530786842107773,0.14069396257400513,0.34083864092826843,0.56234276294708252,0.64573842287063599
T1YFFM,2019-03-31,-0.015378504991531372,0.083062425255775452,0.32478079199790955,0.58606189489364624,0.67815446853637695
T1YFFM,2019-04-30,-0.075983285903930664,0.029038306325674057,0.31861895322799683,0.60896795988082886,0.70998018980026245
T1YFFM,2019-05-31,-0.14073960483074188,-0.021080896258354187,0.29923099279403687,0.64585256576538086,0.76467078924179077
T1YFFM,2019-06-30,-0.17467740178108215,-0.054231360554695129,0.29211112856864929,0.6491703987121582,0.76793301105499268
T1YFFM,2019-07-31,-0.22451937198638916,-0.093041971325874329,0.28026044368743896,0.66124528646469116,0.78628969192504883
T1YFFM,2019-08-31,-0.26620718836784363,-0.12899316847324371,0.26374167203903198,0.6696808934211731,0.80461412668228149
T1YFFM,2019-09-30,-0.28284779191017151,-0.14597848057746887,0.25469440221786499,0.68655908107757568,0.82671171426773071
T1YFFM,2019-10-31,-0.31578156352043152,-0.16889217495918274,0.25048989057540894,0.70249003171920776,0.85043543577194214
T1YFFM,2019-11-30,-0.32750412821769714,-0.17714810371398926,0.25571542978286743,0.71861433982849121,0.86911648511886597
T1YFFM,2019-12-31,-0.34326210618019104,-0.19552305340766907,0.24537903070449829,0.72038596868515015,0.87345242500305176
T1YFFM,2020-01-31,-0.37023138999938965,-0.218375563621521,0.24808162450790405,0.73398000001907349,0.89224916696548462
T1YFFM,2020-02-29,-0.36977088451385498,-0.21604436635971069,0.25094553828239441,0.7654605507850647,0.93939286470413208
T1YFFM,2020-03-31,-0.39160314202308655,-0.22738397121429443,0.25602898001670837,0.75101631879806519,0.91177791357040405
T1YFFM,2020-04-30,-0.38001319766044617,-0.22592425346374512,0.24645519256591797,0.76090770959854126,0.93322998285293579
T1YFFM,2020-05-31,-0.56546568870544434,-0.33329543471336365,0.22937200963497162,0.82776719331741333,1.0489192008972168
T1YFFM,2020-06-30,-0.56525403261184692,-0.33749660849571228,0.22505806386470795,0.8385050892829895,1.0672810077667236
T1YFFM,2020-07-31,-0.5632927417755127,-0.33351486921310425,0.22682558000087738,0.83957970142364502,1.0764884948730469
T1YFFM,2020-08-31,-0.58680170774459839,-0.34610462188720703,0.22390797734260559,0.83382153511047363,1.0657691955566406
T1YFFM,2020-09-30,-0.60195773839950562,-0.36273837089538574,0.21744066476821899,0.8522002100944519,1.0943233966827393
T1YFFM,2020-10-31,-0.60469824075698853,-0.36559653282165527,0.22039474546909332,0.84115445613861084,1.0797979831695557
T1YFFM,2020-11-30,-0.61927556991577148,-0.37227535247802734,0.22145193815231323,0.8443760871887207,1.0849409103393555
T1YFFM,2020-12-31,-0.63078314065933228,-0.37932494282722473,0.22163181006908417,0.84623342752456665,1.0916070938110352
T5YFFM,2019-01-31,-0.056955933570861816,0.056017637252807617,0.345378577709198,0.62875115871429443,0.74929207563400269
T5YFFM,2019-02-28,-0.22391432523727417,-0.075577676296234131,0.32069206237792969,0.7251020073890686,0.86717218160629272
T5YFFM,2019-03-31,-0.34573262929916382,-0.16870075464248657,0.31654638051986694,0.806438148021698,0.97382193803787231
T5YFFM,2019-04-30,-0.43658417463302612,-0.23625260591506958,0.33219271898269653,0.91660261154174805,1.1036888360977173
T5YFFM,2019-05-31,-0.53999310731887817,-0.30219072103500366,0.3536188006401062,1.0216672420501709,1.2276639938354492
T5YFFM,2019-06-30,-0.60669058561325073,-0.36486345529556274,0.35245376825332642,1.1034717559814453,1.3398042917251587
T5YFFM,2019-07-31,-0.67166584730148315,-0.40981894731521606,0.35076528787612915,1.130864143371582,1.3796868324279785
T5YFFM,2019-08-31,-0.74583405256271362,-0.46626323461532593,0.35143709182739258,1.2072460651397705,1.4826602935791016
T5YFFM,2019-09-30,-0.80623358488082886,-0.50954753160476685,0.34869152307510376,1.2261676788330078,1.5094383955001831
T5YFFM,2019-10-31,-0.8683045506477356,-0.54663056135177612,0.35816371440887451,1.2848891019821167,1.5926350355148315
T5YFFM,2019-11-30,-0.92790132761001587,-0.59367471933364868,0.37770253419876099,1.3199441432952881,1.6283426284790039
T5YFFM,2019-12-31,-0.97720390558242798,-0.63058048486709595,0.40164011716842651,1.3797070980072021,1.6916892528533936
T5YFFM,2020-01-31,-0.97896593809127808,-0.62249523401260376,0.41935670375823975,1.4309456348419189,1.7577637434005737
T5YFFM,2020-02-29,-1.0279905796051025,-0.65913575887680054,0.43884727358818054,1.4960525035858154,1.840925931930542
T5YFFM,2020-03-31,-1.0514867305755615,-0.6740153431892395,0.4468044638633728,1.5219082832336426,1.8670213222503662
T5YFFM,2020-04-30,-1.0955879688262939,-0.69692689180374146,0.48089605569839478,1.5805884599685669,1.9342975616455078
T5YFFM,2020-05-31,-1.214367151260376,-0.74661964178085327,0.4920632541179657,1.7183327674865723,2.1355307102203369
T5YFFM,2020-06-30,-1.2453322410583496,-0.77544790506362915,0.49094551801681519,1.7323911190032959,2.1581969261169434
T5YFFM,2020-07-31,-1.2863235473632812,-0.79633527994155884,0.49374526739120483,1.7355301380157471,2.1619198322296143
T5YFFM,2020-08-31,-1.310971736907959,-0.81256109476089478,0.49047034978866577,1.7610260248184204,2.1991031169891357
T5YFFM,2020-09-30,-1.3137154579162598,-0.80036813020706177,0.50957417488098145,1.7987489700317383,2.2537879943847656
T5YFFM,2020-10-31,-1.3503973484039307,-0.82759326696395874,0.51587843894958496,1.8032050132751465,2.2530753612518311
T5YFFM,2020-11-30,-1.3809401988983154,-0.8474162220954895,0.53242534399032593,1.8340506553649902,2.3000409603118896
T5YFFM,2020-12-31,-1.3618886470794678,-0.83037036657333374,0.55614125728607178,1.8733131885528564,2.3388359546661377
TB3MS,2019-01-31,-0.05404074490070343,-0.0247024055570364,0.054317425936460495,0.16134308278560638,0.20830941200256348
TB3MS,2019-02-28,-0.063572555780410767,-0.029998408630490303,0.058526907116174698,0.17145185172557831,0.21898174285888672
TB3MS,2019-03-31,-0.056931134313344955,-0.024484084919095039,0.061547908931970596,0.17749184370040894,0.22538964450359344
TB3MS,2019-04-30,-0.077903442084789276,-0.044217206537723541,0.047708764672279358,0.16634632647037506,0.21731579303741455
TB3MS,2019-05-31,-0.089444056153297424,-0.052500918507575989,0.046982064843177795,0.17313407361507416,0.22479969263076782
TB3MS,2019-06-30,-0.077584825456142426,-0.042739100754261017,0.055331438779830933,0.18150560557842255,0.2364865243434906
TB3MS,2019-07-31,-0.088949039578437805,-0.050288766622543335,0.055023901164531708,0.18560545146465302,0.24132123589515686
TB3MS,2019-08-31,-0.10189511626958847,-0.063360854983329773,0.0410926453769207,0.17967429757118225,0.23843708634376526
TB3MS,2019-09-30,-0.10029199719429016,-0.063238777220249176,0.039436355233192444,0.17774803936481476,0.23636004328727722
TB3MS,2019-10-31,-0.10091260820627213,-0.061701003462076187,0.04777948185801506,0.19002543389797211,0.25154343247413635
TB3MS,2019-11-30,-0.098748393356800079,-0.059205818921327591,0.055328253656625748,0.20142309367656708,0.26358872652053833
TB3MS,2019-12-31,-0.10948465764522552,-0.070107884705066681,0.040652953088283539,0.18177931010723114,0.24023580551147461
TB3MS,2020-01-31,-0.11826560646295547,-0.078436084091663361,0.040354892611503601,0.1904638260602951,0.25077882409095764
TB3MS,2020-02-29,-0.11751674115657806,-0.074919596314430237,0.046675272285938263,0.19675900042057037,0.25871315598487854
TB3MS,2020-03-31,-0.10940449684858322,-0.068731315433979034,0.047579370439052582,0.19537660479545593,0.25839841365814209
TB3MS,2020-04-30,-0.11633072793483734,-0.075956642627716064,0.032641351222991943,0.17517353594303131,0.23444637656211853
TB3MS,2020-05-31,-0.14003279805183411,-0.090597733855247498,0.034909036010503769,0.18841107189655304,0.25578847527503967
TB3MS,2020-06-30,-0.13412956893444061,-0.084924161434173584,0.036725271493196487,0.18457823991775513,0.25057944655418396
TB3MS,2020-07-31,-0.12992709875106812,-0.080801084637641907,0.038429837673902512,0.18798515200614929,0.25331270694732666
TB3MS,2020-08-31,-0.13228167593479156,-0.084684304893016815,0.034146569669246674,0.190007284283638,0.25974702835083008
TB3MS,2020-09-30,-0.14767789840698242,-0.096720106899738312,0.03157392144203186,0.1952863484621048,0.26806214451789856
TB3MS,2020-10-31,-0.13410615921020508,-0.086768187582492828,0.036601517349481583,0.199048712849617,0.27364769577980042
TB3MS,2020-11-30,-0.13856349885463715,-0.088090889155864716,0.043245140463113785,0.20778381824493408,0.28298869729042053
TB3MS,2020-12-31,-0.14587777853012085,-0.096016913652420044,0.033578895032405853,0.20448414981365204,0.2820202112197876
TB3SMFFM,2019-01-31,-0.038923323154449463,-0.0069336295127868652,0.082425713539123535,0.18490773439407349,0.23567467927932739
TB3SMFFM,2019-02-28,-0.06095200777053833,-0.024309933185577393,0.078776001930236816,0.19837099313735962,0.25741338729858398
TB3SMFFM,2019-03-31,-0.074238806962966919,-0.032810032367706299,0.078124701976776123,0.20843034982681274,0.27289390563964844
TB3SMFFM,2019-04-30,-0.094604969024658203,-0.050318300724029541,0.067725479602813721,0.21539914608001709,0.28398483991622925
TB3SMFFM,2019-05-31,-0.12590914964675903,-0.074127048254013062,0.059183597564697266,0.22656363248825073,0.30271941423416138
TB3SMFFM,2019-06-30,-0.12235593795776367,-0.07252049446105957,0.056471645832061768,0.23315185308456421,0.31450223922729492
TB3SMFFM,2019-07-31,-0.14016371965408325,-0.088175743818283081,0.054094851016998291,0.2366718053817749,0.32155507802963257
TB3SMFFM,2019-08-31,-0.15943247079849243,-0.10552260279655457,0.046870172023773193,0.24104148149490356,0.32942581176757812
TB3SMFFM,2019-09-30,-0.17729508876800537,-0.11905544996261597,0.042210936546325684,0.25332009792327881,0.34666597843170166
TB3SMFFM,2019-10-31,-0.17435666918754578,-0.11568176746368408,0.042527914047241211,0.25407230854034424,0.35222488641738892
TB3SMFFM,2019-11-30,-0.18373206257820129,-0.1197618842124939,0.05050814151763916,0.26494967937469482,0.36508488655090332
TB3SMFFM,2019-12-31,-0.18923443555831909,-0.1293281614780426,0.045343637466430664,0.26689648628234863,0.36822026968002319
TB3SMFFM,2020-01-31,-0.20801925659179688,-0.14205244183540344,0.04821091890335083,0.27443790435791016,0.37875086069107056
TB3SMFFM,2020-02-29,-0.20346748828887939,-0.13794276118278503,0.041670918464660645,0.28249669075012207,0.3958776593208313
TB3SMFFM,2020-03-31,-0.19550126791000366,-0.13446450233459473,0.046213090419769287,0.27003049850463867,0.3749358057975769
TB3SMFFM,2020-04-30,-0.21760374307632446,-0.1493895947933197,0.044990837574005127,0.27232825756072998,0.37818211317062378
TB3SMFFM,2020-05-31,-0.24762097001075745,-0.16637289524078369,0.030705511569976807,0.31935209035873413,0.46449267864227295
TB3SMFFM,2020-06-30,-0.24060744047164917,-0.16359439492225647,0.025845497846603394,0.30872005224227905,0.4612770676612854
TB3SMFFM,2020-07-31,-0.23168832063674927,-0.15258815884590149,0.033084273338317871,0.30500036478042603,0.45769459009170532
TB3SMFFM,2020-08-31,-0.24212063848972321,-0.16147246956825256,0.027288168668746948,0.32289254665374756,0.48071390390396118
TB3SMFFM,2020-09-30,-0.27071404457092285,-0.18631818890571594,0.018813967704772949,0.32737922668457031,0.49172115325927734
TB3SMFFM,2020-10-31,-0.26046067476272583,-0.17647075653076172,0.020885765552520752,0.32832938432693481,0.49931848049163818
TB3SMFFM,2020-11-30,-0.26588636636734009,-0.17958936095237732,0.02595934271812439,0.3387027382850647,0.51478934288024902
TB3SMFFM,2020-12-31,-0.28180333971977234,-0.19167590141296387,0.028968572616577148,0.34468865394592285,0.51898914575576782
TB6MS,2019-01-31,-0.068490020930767059,-0.038703948259353638,0.042859572917222977,0.15151117742061615,0.19781436026096344
TB6MS,2019-02-28,-0.077258683741092682,-0.042979776859283447,0.050159834325313568,0.16423450410366058,0.21096166968345642
TB6MS,2019-03-31,-0.070979446172714233,-0.037773028016090393,0.054189302027225494,0.1721673309803009,0.21901266276836395
TB6MS,2019-04-30,-0.082707479596138,-0.049197118729352951,0.046378590166568756,0.16535857319831848,0.21448832750320435
TB6MS,2019-05-31,-0.093297511339187622,-0.057110220193862915,0.042753856629133224,0.1673029363155365,0.21687224507331848
TB6MS,2019-06-30,-0.084292739629745483,-0.049816317856311798,0.050241667777299881,0.17551209032535553,0.22795352339744568
TB6MS,2019-07-31,-0.096676483750343323,-0.058922737836837769,0.047139935195446014,0.17794986069202423,0.2317664623260498
TB6MS,2019-08-31,-0.10873255133628845,-0.070380277931690216,0.037225481122732162,0.17586506903171539,0.23272737860679626
TB6MS,2019-09-30,-0.10736618936061859,-0.070484049618244171,0.034766897559165955,0.17268341779708862,0.22938525676727295
TB6MS,2019-10-31,-0.10919886827468872,-0.070036329329013824,0.043396048247814178,0.18600265681743622,0.24571672081947327
TB6MS,2019-11-30,-0.10521721839904785,-0.066199705004692078,0.047832030802965164,0.19378325343132019,0.25386485457420349
TB6MS,2019-12-31,-0.11437687277793884,-0.074899539351463318,0.039392624050378799,0.18110288679599762,0.23743113875389099
TB6MS,2020-01-31,-0.12303777039051056,-0.083266898989677429,0.036474574357271194,0.18362362682819366,0.24200406670570374
TB6MS,2020-02-29,-0.12347356975078583,-0.080879926681518555,0.042744103819131851,0.19104880094528198,0.25047287344932556
TB6MS,2020-03-31,-0.12069500982761383,-0.079397372901439667,0.042697660624980927,0.19330266118049622,0.2547297477722168
TB6MS,2020-04-30,-0.12692579627037048,-0.085943378508090973,0.032206963747739792,0.18125103414058685,0.24012178182601929
TB6MS,2020-05-31,-0.14745351672172546,-0.097992151975631714,0.032295752316713333,0.18585765361785889,0.24975550174713135
TB6MS,2020-06-30,-0.14060777425765991,-0.092366926372051239,0.033033382147550583,0.18258041143417358,0.2454439103603363
TB6MS,2020-07-31,-0.13709034025669098,-0.088880307972431183,0.033419065177440643,0.18288519978523254,0.24524581432342529
TB6MS,2020-08-31,-0.13511639833450317,-0.088699690997600555,0.032817605882883072,0.18671847879886627,0.25220414996147156
TB6MS,2020-09-30,-0.14756399393081665,-0.098004169762134552,0.030840516090393066,0.19033648073673248,0.25831735134124756
TB6MS,2020-10-31,-0.13633705675601959,-0.090620726346969604,0.033801890909671783,0.19283726811408997,0.26210981607437134
TB6MS,2020-11-30,-0.14216797053813934,-0.093839474022388458,0.037155050784349442,0.19927692413330078,0.2696533203125
TB6MS,2020-12-31,-0.14838752150535583,-0.099691577255725861,0.032844338566064835,0.20085805654525757,0.27312541007995605
TB6SMFFM,2019-01-31,0.025794774293899536,0.074641495943069458,0.18993598222732544,0.33134818077087402,0.3997725248336792
TB6SMFFM,2019-02-28,-0.015487641096115112,0.043373703956604004,0.18309283256530762,0.36634820699691772,0.45224672555923462
TB6SMFFM,2019-03-31,-0.056253314018249512,0.013445287942886353,0.18008732795715332,0.39346915483474731,0.48890173435211182
TB6SMFFM,2019-04-30,-0.08919227123260498,-0.01597478985786438,0.16969633102416992,0.41508567333221436,0.51961708068847656
TB6SMFFM,2019-05-31,-0.13700339198112488,-0.056228309869766235,0.1563604474067688,0.43334168195724487,0.55259180068969727
TB6SMFFM,2019-06-30,-0.15154935419559479,-0.069392353296279907,0.15398359298706055,0.45009738206863403,0.57792186737060547
TB6SMFFM,2019-07-31,-0.19144704937934875,-0.10418663918972015,0.14511719346046448,0.4620782732963562,0.60044348239898682
TB6SMFFM,2019-08-31,-0.21589542925357819,-0.12412028014659882,0.14005976915359497,0.47291618585586548,0.61861640214920044
TB6SMFFM,2019-09-30,-0.22977738082408905,-0.13682316243648529,0.13362744450569153,0.49308586120605469,0.64829081296920776
TB6SMFFM,2019-10-31,-0.24113243818283081,-0.14493261277675629,0.12949603796005249,0.49678391218185425,0.65818232297897339
TB6SMFFM,2019-11-30,-0.25418549776077271,-0.1554393470287323,0.13005083799362183,0.50904357433319092,0.67908245325088501
TB6SMFFM,2019-12-31,-0.26442933082580566,-0.16622583568096161,0.12901470065116882,0.52463400363922119,0.70195776224136353
TB6SMFFM,2020-01-31,-0.27822941541671753,-0.17789554595947266,0.13384521007537842,0.54487806558609009,0.72706896066665649
TB6SMFFM,2020-02-29,-0.28510060906410217,-0.18139171600341797,0.12881883978843689,0.55291616916656494,0.74317246675491333
TB6SMFFM,2020-03-31,-0.29376202821731567,-0.18978239595890045,0.13074192404747009,0.54583734273910522,0.72933357954025269
TB6SMFFM,2020-04-30,-0.31010523438453674,-0.20179286599159241,0.13230282068252563,0.56274932622909546,0.7538105845451355
TB6SMFFM,2020-05-31,-0.33816426992416382,-0.21350546181201935,0.11560419201850891,0.58677071332931519,0.80863064527511597
TB6SMFFM,2020-06-30,-0.33835184574127197,-0.21401402354240417,0.11100521683692932,0.57935631275177002,0.81412214040756226
TB6SMFFM,2020-07-31,-0.33648222684860229,-0.21266862750053406,0.11089855432510376,0.5799756646156311,0.81905585527420044
TB6SMFFM,2020-08-31,-0.34771299362182617,-0.22051697969436646,0.1077282726764679,0.60085326433181763,0.84724551439285278
TB6SMFFM,2020-09-30,-0.37025120854377747,-0.23820988833904266,0.10419043898582458,0.61181390285491943,0.86648005247116089
TB6SMFFM,2020-10-31,-0.37157914042472839,-0.23872588574886322,0.099896401166915894,0.60562258958816528,0.8673890233039856
TB6SMFFM,2020-11-30,-0.39252915978431702,-0.2536126971244812,0.10060164332389832,0.62133783102035522,0.89031022787094116
TB6SMFFM,2020-12-31,-0.4005897045135498,-0.25744122266769409,0.10769617557525635,0.62319827079772949,0.88635712862014771
TOTRESNS,2019-01-31,-0.058799061924219131,-0.041128154844045639,0.0013141490053385496,0.043291978538036346,0.061346005648374557
TOTRESNS,2019-02-28,-0.068871326744556427,-0.049526140093803406,0.00022107790573500097,0.051659088581800461,0.071875907480716705
TOTRESNS,2019-03-31,-0.062420904636383057,-0.043210849165916443,0.0065787723287940025,0.061985563486814499,0.082703150808811188
TOTRESNS,2019-04-30,-0.070760533213615417,-0.05222652480006218,-0.0062198792584240437,0.041280109435319901,0.059774596244096756
TOTRESNS,2019-05-31,-0.067258946597576141,-0.050049379467964172,-0.0088594444096088409,0.031035346910357475,0.046352438628673553
TOTRESNS,2019-06-30,-0.044458076357841492,-0.028768295422196388,0.0098725389689207077,0.046862278133630753,0.060946092009544373
TOTRESNS,2019-07-31,-0.052976001054048538,-0.037340316921472549,-0.0021379268728196621,0.031743768602609634,0.045142892748117447
TOTRESNS,2019-08-31,-0.055441025644540787,-0.039557725191116333,-0.0046131736598908901,0.027910640463232994,0.040078300982713699
TOTRESNS,2019-09-30,-0.05346887931227684,-0.037260729819536209,0.00032462150556966662,0.035664238035678864,0.050053495913743973
TOTRESNS,2019-10-31,-0.061062179505825043,-0.043287657201290131,-0.0033811298198997974,0.034250304102897644,0.048670712858438492
TOTRESNS,2019-11-30,-0.062293533235788345,-0.044073708355426788,-0.0002245273208245635,0.04060223326086998,0.056520853191614151
TOTRESNS,2019-12-31,-0.067792199552059174,-0.049188315868377686,-0.0019932321738451719,0.042741294950246811,0.059247381985187531
TOTRESNS,2020-01-31,-0.076401799917221069,-0.056522060185670853,-0.0029759481549263,0.048666790127754211,0.067565456032752991
TOTRESNS,2020-02-29,-0.08000105619430542,-0.059579737484455109,-0.0010392994154244661,0.05639619380235672,0.077682442963123322
TOTRESNS,2020-03-31,-0.081839673221111298,-0.061701156198978424,-0.0024452484212815762,0.056785747408866882,0.077422395348548889
TOTRESNS,2020-04-30,-0.082531541585922241,-0.061599191278219223,-0.0024051330983638763,0.056338481605052948,0.077717244625091553
TOTRESNS,2020-05-31,-0.068876706063747406,-0.050185497850179672,-0.0031001132447272539,0.044061265885829926,0.063344664871692657
TOTRESNS,2020-06-30,-0.059247918426990509,-0.041641242802143097,0.00086290814215317369,0.041401423513889313,0.058650504797697067
TOTRESNS,2020-07-31,-0.056540831923484802,-0.039568562060594559,0.00049512018449604511,0.038252461701631546,0.054410770535469055
TOTRESNS,2020-08-31,-0.059819255024194717,-0.04271123930811882,-0.0017526011215522885,0.039702314883470535,0.057732649147510529
TOTRESNS,2020-09-30,-0.065308697521686554,-0.04685269296169281,-0.0038965907879173756,0.038481317460536957,0.056975670158863068
TOTRESNS,2020-10-31,-0.064692698419094086,-0.045900266617536545,-6.3371757278218865e-05,0.045750558376312256,0.06576160341501236
TOTRESNS,2020-11-30,-0.071157470345497131,-0.050248730927705765,0.0016028833342716098,0.053808916360139847,0.075519546866416931
TOTRESNS,2020-12-31,-0.08185393363237381,-0.059470180422067642,-0.00020022896933369339,0.061482835561037064,0.085410870611667633
TWEXAFEGSMTHx,2019-01-31,-0.021592255681753159,-0.0153896389529109,0.0040227901190519333,0.023046582937240601,0.028668355196714401
TWEXAFEGSMTHx,2019-02-28,-0.02438773587346077,-0.018264209851622581,0.0022575859911739826,0.022212525829672813,0.028094040229916573
TWEXAFEGSMTHx,2019-03-31,-0.023690665140748024,-0.017412183806300163,0.0037016544956713915,0.023786263540387154,0.029982415959239006
TWEXAFEGSMTHx,2019-04-30,-0.025747094303369522,-0.019296277314424515,0.0018357877852395177,0.022340573370456696,0.028492439538240433
TWEXAFEGSMTHx,2019-05-31,-0.027810633182525635,-0.02144385501742363,-0.00046897208085283637,0.020929265767335892,0.027446702122688293
TWEXAFEGSMTHx,2019-06-30,-0.027021363377571106,-0.020647468045353889,0.00083316431846469641,0.02172454260289669,0.027917748317122459
TWEXAFEGSMTHx,2019-07-31,-0.027608824893832207,-0.02106202207505703,0.00063138129189610481,0.021365832537412643,0.027542641386389732
TWEXAFEGSMTHx,2019-08-31,-0.027186280116438866,-0.020915081724524498,0.00024858306278474629,0.021231301128864288,0.027537021785974503
TWEXAFEGSMTHx,2019-09-30,-0.027353350073099136,-0.020997418090701103,0.00057591265067458153,0.021577965468168259,0.027881059795618057
TWEXAFEGSMTHx,2019-10-31,-0.027373054996132851,-0.021022496744990349,0.00032458934583701193,0.021603267639875412,0.028131294995546341
TWEXAFEGSMTHx,2019-11-30,-0.027735672891139984,-0.021285869181156158,0.00044289199286140501,0.021471105515956879,0.027734939008951187
TWEXAFEGSMTHx,2019-12-31,-0.027518380433320999,-0.021137945353984833,0.00028423711773939431,0.021347302943468094,0.027639640495181084
TWEXAFEGSMTHx,2020-01-31,-0.027657501399517059,-0.021176246926188469,0.00040899039595387876,0.021578136831521988,0.027890665456652641
TWEXAFEGSMTHx,2020-02-29,-0.027928149327635765,-0.021398972719907761,0.00045891621266491711,0.021813958883285522,0.028020890429615974
TWEXAFEGSMTHx,2020-03-31,-0.027852294966578484,-0.021446872502565384,0.00043339040712453425,0.021520698443055153,0.027811463922262192
TWEXAFEGSMTHx,2020-04-30,-0.028008172288537025,-0.021417440846562386,0.00035529173328541219,0.021415380761027336,0.027737503871321678
TWEXAFEGSMTHx,2020-05-31,-0.027683785185217857,-0.02120555005967617,0.0001482701045460999,0.021057577803730965,0.027238870039582253
TWEXAFEGSMTHx,2020-06-30,-0.027827389538288116,-0.021361988037824631,8.5455947555601597e-05,0.020849486812949181,0.027086904272437096
TWEXAFEGSMTHx,2020-07-31,-0.027680004015564919,-0.021119989454746246,0.00018580115283839405,0.020920047536492348,0.027146089822053909
TWEXAFEGSMTHx,2020-08-31,-0.027645999565720558,-0.02113688737154007,0.00017513151396997273,0.020724363625049591,0.026852613314986229
TWEXAFEGSMTHx,2020-09-30,-0.027547156438231468,-0.021005064249038696,0.00017283594934269786,0.020961837843060493,0.027118012309074402
TWEXAFEGSMTHx,2020-10-31,-0.028003692626953125,-0.02138063870370388,7.9064455348998308e-05,0.02095746248960495,0.027116291224956512
TWEXAFEGSMTHx,2020-11-30,-0.028204655274748802,-0.021443670615553856,0.00024422749993391335,0.020963761955499649,0.027093801647424698
TWEXAFEGSMTHx,2020-12-31,-0.027712300419807434,-0.021176531910896301,0.00019149400759488344,0.02092808298766613,0.027145244181156158
UEMP15OV,2019-01-31,-0.071478821337223053,-0.055122986435890198,-0.0083688963204622269,0.036497481167316437,0.052290908992290497
UEMP15OV,2019-02-28,-0.083833619952201843,-0.066209666430950165,-0.014221709221601486,0.037140078842639923,0.055378753691911697
UEMP15OV,2019-03-31,-0.076948866248130798,-0.058099452406167984,-0.0019918109755963087,0.053818579763174057,0.072065316140651703
UEMP15OV,2019-04-30,-0.077178612351417542,-0.058220449835062027,-0.00048894650535658002,0.055411167442798615,0.073349080979824066
UEMP15OV,2019-05-31,-0.079253010451793671,-0.060259405523538589,-0.0026360326446592808,0.053958579897880554,0.07179395854473114
UEMP15OV,2019-06-30,-0.082893431186676025,-0.063256040215492249,-0.0032610499765723944,0.055192355066537857,0.073654934763908386
UEMP15OV,2019-07-31,-0.081629544496536255,-0.061485406011343002,-0.00020913348998874426,0.058252081274986267,0.076529935002326965
UEMP15OV,2019-08-31,-0.080070033669471741,-0.061671081930398941,-0.0031279989052563906,0.054188549518585205,0.072776086628437042
UEMP15OV,2019-09-30,-0.077593982219696045,-0.05917053297162056,-0.0013998638605698943,0.053522750735282898,0.071368202567100525
UEMP15OV,2019-10-31,-0.076477468013763428,-0.058239195495843887,-0.0010578032815828919,0.054536052048206329,0.072575733065605164
UEMP15OV,2019-11-30,-0.07684740424156189,-0.058543778955936432,-0.0010866237571462989,0.054368909448385239,0.071792788803577423
UEMP15OV,2019-12-31,-0.078262239694595337,-0.060126163065433502,-0.002147942315787077,0.052666027098894119,0.070382341742515564
UEMP15OV,2020-01-31,-0.077644221484661102,-0.059287067502737045,-0.0018158759921789169,0.053917519748210907,0.071826502680778503
UEMP15OV,2020-02-29,-0.07771022617816925,-0.059118025004863739,-0.00087872589938342571,0.05606967955827713,0.074242480099201202
UEMP15OV,2020-03-31,-0.077700160443782806,-0.059250872582197189,-0.00092191062867641449,0.055327210575342178,0.07360454648733139
UEMP15OV,2020-04-30,-0.0798797607421875,-0.060820017009973526,-0.001913467887789011,0.053496494889259338,0.071759849786758423
UEMP15OV,2020-05-31,-0.076396547257900238,-0.0591721311211586,-0.0040915091522037983,0.051878158003091812,0.07216973602771759
UEMP15OV,2020-06-30,-0.076448291540145874,-0.059080634266138077,-0.0039726872928440571,0.052384618669748306,0.072846852242946625
UEMP15OV,2020-07-31,-0.076284125447273254,-0.058911718428134918,-0.0043858480639755726,0.051073450595140457,0.071531333029270172
UEMP15OV,2020-08-31,-0.075724691152572632,-0.058612681925296783,-0.0044926940463483334,0.049955762922763824,0.069913655519485474
UEMP15OV,2020-09-30,-0.075096465647220612,-0.057613309472799301,-0.0043155346065759659,0.049704484641551971,0.070087283849716187
UEMP15OV,2020-10-31,-0.076201304793357849,-0.058551665395498276,-0.0043089427053928375,0.049831166863441467,0.070114754140377045
UEMP15OV,2020-11-30,-0.076850354671478271,-0.058845750987529755,-0.0041017900221049786,0.049915112555027008,0.070256106555461884
UEMP15OV,2020-12-31,-0.075422093272209167,-0.058052346110343933,-0.0040776217356324196,0.050174634903669357,0.070437490940093994
UEMP15T26,2019-01-31,-0.097287304699420929,-0.073252454400062561,0.0022879503667354584,0.077024079859256744,0.1002347320318222
UEMP15T26,2019-02-28,-0.12423970550298691,-0.098285786807537079,-0.015182036906480789,0.063600718975067139,0.089210532605648041
UEMP15T26,2019-03-31,-0.089345529675483704,-0.062324147671461105,0.024197850376367569,0.1111762523651123,0.13918556272983551
UEMP15T26,2019-04-30,-0.11979769915342331,-0.093773908913135529,-0.0044750915840268135,0.081648983061313629,0.10783316940069199
UEMP15T26,2019-05-31,-0.10838864743709564,-0.081932723522186279,0.0058599230833351612,0.096425376832485199,0.12291180342435837
UEMP15T26,2019-06-30,-0.116810642182827,-0.088815584778785706,0.0020200959406793118,0.0909123495221138,0.11742554605007172
UEMP15T26,2019-07-31,-0.11212589591741562,-0.084658332169055939,0.005399609450250864,0.092986501753330231,0.11971185356378555
UEMP15T26,2019-08-31,-0.11122044920921326,-0.085242383182048798,0.001880469499155879,0.087785437703132629,0.11423112452030182
UEMP15T26,2019-09-30,-0.1077454537153244,-0.081663675606250763,0.0050743795000016689,0.090422868728637695,0.11691059917211533
UEMP15T26,2019-10-31,-0.10950944572687149,-0.083078809082508087,0.0028083189390599728,0.08839099109172821,0.11537504941225052
UEMP15T26,2019-11-30,-0.10796286165714264,-0.081838704645633698,0.0045295930467545986,0.089046791195869446,0.11435329169034958
UEMP15T26,2019-12-31,-0.10995560139417648,-0.084416136145591736,0.0018347605364397168,0.085828825831413269,0.11116493493318558
UEMP15T26,2020-01-31,-0.11012241989374161,-0.084178008139133453,0.0028433036059141159,0.088569007813930511,0.11429610103368759
UEMP15T26,2020-02-29,-0.11098874360322952,-0.084831409156322479,0.0025710056070238352,0.088647931814193726,0.11386509239673615
UEMP15T26,2020-03-31,-0.11214402318000793,-0.086156152188777924,0.0016086298273876309,0.087034396827220917,0.11299344897270203
UEMP15T26,2020-04-30,-0.11642520129680634,-0.089416861534118652,0.00022801508021075279,0.086987435817718506,0.11343321204185486
UEMP15T26,2020-05-31,-0.11028678715229034,-0.085032366216182709,0.0015539468731731176,0.088024616241455078,0.11421619355678558
UEMP15T26,2020-06-30,-0.10994009673595428,-0.084647603332996368,0.0020819865167140961,0.087425284087657928,0.11340153962373734
UEMP15T26,2020-07-31,-0.11104414612054825,-0.085420995950698853,0.00092190608847886324,0.087054282426834106,0.11342290788888931
UEMP15T26,2020-08-31,-0.11212722212076187,-0.086920313537120819,-0.0004719120915979147,0.084896065294742584,0.11098343878984451
UEMP15T26,2020-09-30,-0.11148048937320709,-0.085962176322937012,-0.0002217066939920187,0.085169672966003418,0.11124352365732193
UEMP15T26,2020-10-31,-0.11185047030448914,-0.086405299603939056,0.00059448822867125273,0.085848741233348846,0.11170487105846405
UEMP15T26,2020-11-30,-0.11393678933382034,-0.087628006935119629,0.00047084674588404596,0.08561059832572937,0.11174017190933228
UEMP15T26,2020-12-31,-0.11269515752792358,-0.087230660021305084,-0.00024678005138412118,0.085456892848014832,0.11209587007761002
UEMP27OV,2019-01-31,-0.13340663909912109,-0.1129213348031044,-0.052120517939329147,0.0021599221508949995,0.018718564882874489
UEMP27OV,2019-02-28,-0.098357111215591431,-0.075906634330749512,-0.011898512952029705,0.051815345883369446,0.073510289192199707
UEMP27OV,2019-03-31,-0.095193721354007721,-0.07181280106306076,-0.003479270962998271,0.064850933849811554,0.087620779871940613
UEMP27OV,2019-04-30,-0.090544864535331726,-0.066146500408649445,0.0051151071675121784,0.075382009148597717,0.098479598760604858
UEMP27OV,2019-05-31,-0.11502246558666229,-0.090583890676498413,-0.016514483839273453,0.054708641022443771,0.077484048902988434
UEMP27OV,2019-06-30,-0.096461974084377289,-0.072917364537715912,0.0017391995061188936,0.074726007878780365,0.098047308623790741
UEMP27OV,2019-07-31,-0.10679087787866592,-0.083244815468788147,-0.0093215517699718475,0.061438165605068207,0.084297686815261841
UEMP27OV,2019-08-31,-0.09946538507938385,-0.077274173498153687,-0.0055571384727954865,0.065158277750015259,0.088549204170703888
UEMP27OV,2019-09-30,-0.091398723423480988,-0.06892915815114975,0.0020900077652186155,0.072802305221557617,0.095995783805847168
UEMP27OV,2019-10-31,-0.097240649163722992,-0.074555397033691406,-0.0016186443390324712,0.069337800145149231,0.092737413942813873
UEMP27OV,2019-11-30,-0.10031149536371231,-0.076704926788806915,-0.0036918139085173607,0.067208126187324524,0.090177342295646667
UEMP27OV,2019-12-31,-0.098886184394359589,-0.075584091246128082,-0.0017759945476427674,0.068689584732055664,0.091990284621715546
UEMP27OV,2020-01-31,-0.10209255665540695,-0.078374624252319336,-0.0039954697713255882,0.069511175155639648,0.093724943697452545
UEMP27OV,2020-02-29,-0.10384716093540192,-0.07948438823223114,-0.0019068496767431498,0.075053311884403229,0.10115236788988113
UEMP27OV,2020-03-31,-0.096531227231025696,-0.072643406689167023,0.0027003779541701078,0.077189140021800995,0.1019919365644455
UEMP27OV,2020-04-30,-0.1034850999712944,-0.078983396291732788,-0.0035767201334238052,0.068306781351566315,0.09254145622253418
UEMP27OV,2020-05-31,-0.10187695175409317,-0.078486494719982147,-0.0067392047494649887,0.065926626324653625,0.092593640089035034
UEMP27OV,2020-06-30,-0.1021924614906311,-0.078666865825653076,-0.0072537814266979694,0.065534979104995728,0.092539936304092407
UEMP27OV,2020-07-31,-0.099473215639591217,-0.076374977827072144,-0.006852196529507637,0.062987878918647766,0.089244961738586426
UEMP27OV,2020-08-31,-0.098857216536998749,-0.075946010649204254,-0.0068799383006989956,0.062031816691160202,0.087780967354774475
UEMP27OV,2020-09-30,-0.098622880876064301,-0.075149133801460266,-0.006582421250641346,0.062544994056224823,0.089083269238471985
UEMP27OV,2020-10-31,-0.10072991251945496,-0.076884031295776367,-0.0072320024482905865,0.062232721596956253,0.088575996458530426
UEMP27OV,2020-11-30,-0.10037233680486679,-0.076600268483161926,-0.0073705464601516724,0.060989566147327423,0.087158434092998505
UEMP27OV,2020-12-31,-0.097928106784820557,-0.075030140578746796,-0.0071086040697991848,0.061500389128923416,0.087728105485439301
UEMP5TO14,2019-01-31,-0.10858049988746643,-0.09285157173871994,-0.039711948484182358,0.010524889454245567,0.025690620765089989
UEMP5TO14,2019-02-28,-0.062699355185031891,-0.044384870678186417,0.013908225111663342,0.075251936912536621,0.094471804797649384
UEMP5TO14,2019-03-31,-0.070310473442077637,-0.05250973254442215,0.0070448890328407288,0.068160377442836761,0.087733402848243713
UEMP5TO14,2019-04-30,-0.085133090615272522,-0.068318217992782593,-0.0083342893049120903,0.053564265370368958,0.07345937192440033
UEMP5TO14,2019-05-31,-0.077015474438667297,-0.059399254620075226,0.0011287707602605224,0.063831470906734467,0.082451723515987396
UEMP5TO14,2019-06-30,-0.076925471425056458,-0.059208802878856659,0.0030160399619489908,0.067130103707313538,0.086425691843032837
UEMP5TO14,2019-07-31,-0.08298521488904953,-0.065575249493122101,-0.0036359571386128664,0.058518871665000916,0.077464751899242401
UEMP5TO14,2019-08-31,-0.076653942465782166,-0.059541892260313034,0.0021923407912254333,0.065627686679363251,0.084904156625270844
UEMP5TO14,2019-09-30,-0.079033218324184418,-0.061583258211612701,0.00076649500988423824,0.064150996506214142,0.083518348634243011
UEMP5TO14,2019-10-31,-0.082391835749149323,-0.065323114395141602,-0.0029284427873790264,0.05984097346663475,0.079512789845466614
UEMP5TO14,2019-11-30,-0.077932402491569519,-0.06049036979675293,0.0011296009179204702,0.064358048141002655,0.083282113075256348
UEMP5TO14,2019-12-31,-0.078951731324195862,-0.061740916222333908,-0.00061237427871674299,0.061518296599388123,0.080232776701450348
UEMP5TO14,2020-01-31,-0.078819550573825836,-0.061288166791200638,-6.446866609621793e-05,0.063151180744171143,0.082090914249420166
UEMP5TO14,2020-02-29,-0.077926561236381531,-0.06041586771607399,0.0011754052247852087,0.064163260161876678,0.082874514162540436
UEMP5TO14,2020-03-31,-0.079684197902679443,-0.062532134354114532,-0.00073536904528737068,0.061416417360305786,0.080243393778800964
UEMP5TO14,2020-04-30,-0.081978760659694672,-0.064243070781230927,-0.0018468636553734541,0.061185784637928009,0.080619215965270996
UEMP5TO14,2020-05-31,-0.079187959432601929,-0.061729852110147476,-0.00098718889057636261,0.061468392610549927,0.08081749826669693
UEMP5TO14,2020-06-30,-0.079880379140377045,-0.062213044613599777,-0.0010565053671598434,0.061869237571954727,0.081658072769641876
UEMP5TO14,2020-07-31,-0.080527953803539276,-0.062703981995582581,-0.0017248307121917605,0.06096760556101799,0.080974765121936798
UEMP5TO14,2020-08-31,-0.080505125224590302,-0.062653884291648865,-0.00071438739541918039,0.061893336474895477,0.081303738057613373
UEMP5TO14,2020-09-30,-0.081169433891773224,-0.063143238425254822,-0.0019007956143468618,0.061463110148906708,0.081456504762172699
UEMP5TO14,2020-10-31,-0.082152687013149261,-0.06379256397485733,-0.0022754515521228313,0.060570675879716873,0.080246217548847198
UEMP5TO14,2020-11-30,-0.08230215311050415,-0.063727222383022308,-0.0015556373400613666,0.060626745223999023,0.080194756388664246
UEMP5TO14,2020-12-31,-0.081376969814300537,-0.063610292971134186,-0.002429312327876687,0.060266315937042236,0.080306641757488251
UEMPLT5,2019-01-31,-0.085228689014911652,-0.063418366014957428,0.00027365883579477668,0.063813149929046631,0.083790026605129242
UEMPLT5,2019-02-28,-0.090890929102897644,-0.067381545901298523,0.0027913674712181091,0.073705390095710754,0.09574369341135025
UEMPLT5,2019-03-31,-0.110047347843647,-0.086643114686012268,-0.012843409553170204,0.063967488706111908,0.090017594397068024
UEMPLT5,2019-04-30,-0.098302163183689117,-0.072202146053314209,0.007419683039188385,0.086245924234390259,0.11051138490438461
UEMPLT5,2019-05-31,-0.10265026241540909,-0.077810637652873993,0.00024938082788139582,0.079777203500270844,0.10429581999778748
UEMPLT5,2019-06-30,-0.10364336520433426,-0.078493945300579071,-0.00021431883214972913,0.079996734857559204,0.10486578941345215
UEMPLT5,2019-07-31,-0.10425865650177002,-0.080125994980335236,-0.0024252834264189005,0.075949087738990784,0.10072590410709381
UEMPLT5,2019-08-31,-0.10079682618379593,-0.0772395059466362,-0.00045337213668972254,0.077526606619358063,0.10200154036283493
UEMPLT5,2019-09-30,-0.10411307215690613,-0.079369530081748962,-0.00098165625240653753,0.076347395777702332,0.10003054887056351
UEMPLT5,2019-10-31,-0.10140128433704376,-0.077681370079517365,0.00030753941973671317,0.076852612197399139,0.10011119395494461
UEMPLT5,2019-11-30,-0.10306092351675034,-0.078962847590446472,-0.0013735794927924871,0.075484000146389008,0.098949074745178223
UEMPLT5,2019-12-31,-0.098856300115585327,-0.075446009635925293,0.00039736583130434155,0.076213538646697998,0.099549919366836548
UEMPLT5,2020-01-31,-0.10071073472499847,-0.076795205473899841,-0.00078920606756582856,0.0742168128490448,0.096893467009067535
UEMPLT5,2020-02-29,-0.10187682509422302,-0.077796436846256256,-0.00068129075225442648,0.074253655970096588,0.096428044140338898
UEMPLT5,2020-03-31,-0.10078740864992142,-0.076967649161815643,-0.00038942362880334258,0.074555777013301849,0.098133422434329987
UEMPLT5,2020-04-30,-0.099174626171588898,-0.075541369616985321,6.0043064877390862e-05,0.074990712106227875,0.09864266961812973
UEMPLT5,2020-05-31,-0.1052764430642128,-0.080388940870761871,-0.0014049592427909374,0.077905386686325073,0.10302074998617172
UEMPLT5,2020-06-30,-0.10566151142120361,-0.080517567694187164,-0.0013320127036422491,0.076962709426879883,0.10209248214960098
UEMPLT5,2020-07-31,-0.1042342409491539,-0.07906688004732132,-0.00084409804549068213,0.076628811657428741,0.10124790668487549
UEMPLT5,2020-08-31,-0.10303644090890884,-0.078560307621955872,-0.00084754964336752892,0.077535644173622131,0.10269243270158768
UEMPLT5,2020-09-30,-0.10351009666919708,-0.078178480267524719,-0.0008717305026948452,0.077297031879425049,0.1020895391702652
UEMPLT5,2020-10-31,-0.10547418147325516,-0.079370610415935516,-0.00064490287331864238,0.077521651983261108,0.10235956311225891
UEMPLT5,2020-11-30,-0.1040785163640976,-0.078466199338436127,-0.00052981142653152347,0.076783478260040283,0.10174296051263809
UEMPLT5,2020-12-31,-0.10315200686454773,-0.078060232102870941,-0.0003296037029940635,0.076669089496135712,0.1015196368098259
UEMPMEAN,2019-01-31,-1.7856515645980835,-1.4339058399200439,-0.32787030935287476,0.72377020120620728,1.1467721462249756
UEMPMEAN,2019-02-28,-1.6248799562454224,-1.253783106803894,-0.13648222386837006,0.98470532894134521,1.4284642934799194
UEMPMEAN,2019-03-31,-1.5882086753845215,-1.2416478395462036,-0.17075410485267639,0.95262277126312256,1.3927543163299561
UEMPMEAN,2019-04-30,-1.5390642881393433,-1.1776063442230225,-0.075126402080059052,1.0376362800598145,1.4579581022262573
UEMPMEAN,2019-05-31,-1.5669348239898682,-1.1964352130889893,-0.093359716236591339,1.0487610101699829,1.4671187400817871
UEMPMEAN,2019-06-30,-1.7108404636383057,-1.3482875823974609,-0.21733070909976959,0.94896721839904785,1.3649237155914307
UEMPMEAN,2019-07-31,-1.5312201976776123,-1.1531943082809448,-0.055046424269676208,1.0795739889144897,1.4816402196884155
UEMPMEAN,2019-08-31,-1.5643566846847534,-1.2119077444076538,-0.12860399484634399,0.95971953868865967,1.358141303062439
UEMPMEAN,2019-09-30,-1.5160176753997803,-1.1501258611679077,-0.05661841481924057,1.0732380151748657,1.4953937530517578
UEMPMEAN,2019-10-31,-1.5912209749221802,-1.2366591691970825,-0.1169363409280777,0.96717649698257446,1.3817043304443359
UEMPMEAN,2019-11-30,-1.4783592224121094,-1.1201945543289185,-0.047393735498189926,1.0391194820404053,1.4522708654403687
UEMPMEAN,2019-12-31,-1.5249966382980347,-1.1747697591781616,-0.091838166117668152,1.0062153339385986,1.4243036508560181
UEMPMEAN,2020-01-31,-1.5631287097930908,-1.1984536647796631,-0.08154413104057312,1.0946272611618042,1.5383402109146118
UEMPMEAN,2020-02-29,-1.6180579662322998,-1.2412989139556885,-0.088569529354572296,1.0866490602493286,1.5406156778335571
UEMPMEAN,2020-03-31,-1.4943894147872925,-1.152401328086853,-0.076443940401077271,1.0383409261703491,1.4566702842712402
UEMPMEAN,2020-04-30,-1.5083887577056885,-1.1601041555404663,-0.092119857668876648,0.99928462505340576,1.4084125757217407
UEMPMEAN,2020-05-31,-1.654349684715271,-1.2876781225204468,-0.10135231167078018,1.2072945833206177,1.7195262908935547
UEMPMEAN,2020-06-30,-1.6180853843688965,-1.2577546834945679,-0.10946832597255707,1.1736874580383301,1.6906849145889282
UEMPMEAN,2020-07-31,-1.5904597043991089,-1.2390596866607666,-0.11986701190471649,1.1070132255554199,1.5866338014602661
UEMPMEAN,2020-08-31,-1.575203537940979,-1.217857837677002,-0.10596862435340881,1.0945124626159668,1.5771247148513794
UEMPMEAN,2020-09-30,-1.6037791967391968,-1.2255920171737671,-0.094588898122310638,1.1159769296646118,1.5864541530609131
UEMPMEAN,2020-10-31,-1.6019793748855591,-1.2160408496856689,-0.086209259927272797,1.1398422718048096,1.5971053838729858
UEMPMEAN,2020-11-30,-1.5349088907241821,-1.1713639497756958,-0.098441779613494873,1.0542001724243164,1.4961363077163696
UEMPMEAN,2020-12-31,-1.5184907913208008,-1.1670717000961304,-0.095855958759784698,1.0375189781188965,1.481840968132019
UMCSENTx,2019-01-31,-5.2070960998535156,-3.8237812519073486,0.29763522744178772,4.4539995193481445,5.8200483322143555
UMCSENTx,2019-02-28,-6.161898136138916,-4.7460126876831055,-0.48021957278251648,3.7028865814208984,5.1096014976501465
UMCSENTx,2019-03-31,-5.0353565216064453,-3.6415393352508545,0.6388702392578125,5.0597925186157227,6.5404667854309082
UMCSENTx,2019-04-30,-5.803135871887207,-4.3226499557495117,0.096885889768600464,4.4723753929138184,5.889014720916748
UMCSENTx,2019-05-31,-7.1480879783630371,-5.56488037109375,-0.93013113737106323,3.5179154872894287,4.9913444519042969
UMCSENTx,2019-06-30,-5.5847029685974121,-4.1491265296936035,0.29286250472068787,4.6964783668518066,6.1152410507202148
UMCSENTx,2019-07-31,-5.5245270729064941,-4.0588779449462891,0.26378506422042847,4.5796170234680176,5.9776358604431152
UMCSENTx,2019-08-31,-6.4110016822814941,-4.9558477401733398,-0.60319936275482178,3.8314228057861328,5.3165545463562012
UMCSENTx,2019-09-30,-5.9802155494689941,-4.5176610946655273,-0.0449991375207901,4.3408336639404297,5.7936110496520996
UMCSENTx,2019-10-31,-6.0404133796691895,-4.5648288726806641,-0.0079796519130468369,4.5135064125061035,6.0126509666442871
UMCSENTx,2019-11-30,-6.1247134208679199,-4.5757331848144531,0.06441546231508255,4.5499467849731445,5.9925508499145508
UMCSENTx,2019-12-31,-6.0425662994384766,-4.5340566635131836,0.11918247491121292,4.6220312118530273,6.0931172370910645
UMCSENTx,2020-01-31,-6.1320352554321289,-4.5956516265869141,0.071881353855133057,4.5854840278625488,6.0463614463806152
UMCSENTx,2020-02-29,-6.4021940231323242,-4.8336830139160156,-0.13835702836513519,4.2898216247558594,5.6820583343505859
UMCSENTx,2020-03-31,-6.0793509483337402,-4.559941291809082,0.065046995878219604,4.4604263305664062,5.8907561302185059
UMCSENTx,2020-04-30,-6.2336297035217285,-4.641472339630127,0.059530913829803467,4.4856553077697754,5.9125003814697266
UMCSENTx,2020-05-31,-6.095090389251709,-4.5320415496826172,-0.0084674935787916183,4.4256634712219238,5.9541497230529785
UMCSENTx,2020-06-30,-6.0133929252624512,-4.4585766792297363,0.026847174391150475,4.3525791168212891,5.8452858924865723
UMCSENTx,2020-07-31,-6.0157475471496582,-4.4578766822814941,0.002418985590338707,4.3343572616577148,5.8355855941772461
UMCSENTx,2020-08-31,-6.1421070098876953,-4.6046910285949707,-0.088854454457759857,4.363886833190918,5.9082536697387695
UMCSENTx,2020-09-30,-6.1677227020263672,-4.5663127899169922,-0.052443541586399078,4.4535708427429199,6.0154647827148438
UMCSENTx,2020-10-31,-6.3264937400817871,-4.667238712310791,-0.00643947534263134,4.5428390502929688,6.123450756072998
UMCSENTx,2020-11-30,-6.2506723403930664,-4.5661172866821289,0.11216740310192108,4.6593489646911621,6.2380599975585938
UMCSENTx,2020-12-31,-6.141930103302002,-4.526031494140625,0.12601064145565033,4.7863626480102539,6.4197430610656738
UNRATE,2019-01-31,-0.23908567428588867,-0.1912173330783844,-0.040437217801809311,0.11534547805786133,0.16835421323776245
UNRATE,2019-02-28,-0.19223222136497498,-0.14077982306480408,0.023206122219562531,0.18940813839435577,0.24343007802963257
UNRATE,2019-03-31,-0.25212904810905457,-0.19890797138214111,-0.027731830254197121,0.14407086372375488,0.20051057636737823
UNRATE,2019-04-30,-0.21501229703426361,-0.16083826124668121,0.01534564420580864,0.19627898931503296,0.25381201505661011
UNRATE,2019-05-31,-0.23371434211730957,-0.18164414167404175,-0.0083437841385602951,0.16955763101577759,0.22559532523155212
UNRATE,2019-06-30,-0.21465395390987396,-0.1646299809217453,0.0083823613822460175,0.18452377617359161,0.2397817075252533
UNRATE,2019-07-31,-0.23484377562999725,-0.1831221878528595,-0.010900986380875111,0.16297048330307007,0.21856215596199036
UNRATE,2019-08-31,-0.21826498210430145,-0.16690580546855927,0.0054407552815973759,0.17905707657337189,0.23557648062705994
UNRATE,2019-09-30,-0.22503179311752319,-0.17488376796245575,-0.0050297193229198456,0.16686604917049408,0.22368304431438446
UNRATE,2019-10-31,-0.22434514760971069,-0.17059268057346344,0.0018826932646334171,0.17926143109798431,0.23895245790481567
UNRATE,2019-11-30,-0.23004469275474548,-0.17811234295368195,-0.0043137222528457642,0.17438147962093353,0.23086808621883392
UNRATE,2019-12-31,-0.23291927576065063,-0.17998750507831573,-0.0017699906602501869,0.17713356018066406,0.23459401726722717
UNRATE,2020-01-31,-0.23963011801242828,-0.1853753924369812,-0.0056770849041640759,0.17686837911605835,0.2348637580871582
UNRATE,2020-02-29,-0.24088519811630249,-0.18539696931838989,-0.0022231531329452991,0.18249496817588806,0.24101227521896362
UNRATE,2020-03-31,-0.2413729727268219,-0.18566374480724335,-0.0010023713111877441,0.18278950452804565,0.24234300851821899
UNRATE,2020-04-30,-0.24865707755088806,-0.19151310622692108,-0.0011334642767906189,0.18930928409099579,0.25204578042030334
UNRATE,2020-05-31,-0.25708708167076111,-0.20156079530715942,-0.015357974916696548,0.17367827892303467,0.23778378963470459
UNRATE,2020-06-30,-0.2521226704120636,-0.19682209193706512,-0.01302635483443737,0.17399555444717407,0.23745162785053253
UNRATE,2020-07-31,-0.25059854984283447,-0.19516772031784058,-0.014071835204958916,0.16993878781795502,0.23319719731807709
UNRATE,2020-08-31,-0.25399547815322876,-0.19784846901893616,-0.014682214707136154,0.16835199296474457,0.23129318654537201
UNRATE,2020-09-30,-0.25257456302642822,-0.19652938842773438,-0.015632037073373795,0.16842021048069,0.23344798386096954
UNRATE,2020-10-31,-0.25616177916526794,-0.19999052584171295,-0.015396483242511749,0.16728579998016357,0.23104265332221985
UNRATE,2020-11-30,-0.25932493805885315,-0.20133160054683685,-0.014867383986711502,0.16955268383026123,0.23398134112358093
UNRATE,2020-12-31,-0.25848576426506042,-0.20203681290149689,-0.016065746545791626,0.17223908007144928,0.23803408443927765
USCONS,2019-01-31,-0.0037132934667170048,-0.0016736378893256187,0.0031746241729706526,0.0080174664035439491,0.0096971672028303146
USCONS,2019-02-28,-0.0051919096149504185,-0.0029819519259035587,0.0023229697253555059,0.0073444279842078686,0.0090512931346893311
USCONS,2019-03-31,-0.0058213332667946815,-0.0036001219414174557,0.0016814789269119501,0.0065992609597742558,0.0083515727892518044
USCONS,2019-04-30,-0.0048330957069993019,-0.0026874472387135029,0.0024038709234446287,0.0070842350833117962,0.0087377782911062241
USCONS,2019-05-31,-0.0047898390330374241,-0.0026435768231749535,0.002288867486640811,0.0069690654054284096,0.0086369719356298447
USCONS,2019-06-30,-0.0042551411315798759,-0.0023309176322072744,0.0021673706360161304,0.0063784969970583916,0.0079146586358547211
USCONS,2019-07-31,-0.0038517974317073822,-0.0019663267303258181,0.0022727628238499165,0.0062051722779870033,0.0076766018755733967
USCONS,2019-08-31,-0.0040954290889203548,-0.002153502544388175,0.0022168043069541454,0.0063196760602295399,0.0077959964983165264
USCONS,2019-09-30,-0.0043624220415949821,-0.0023897327482700348,0.0021787635050714016,0.0062911421991884708,0.0078476835042238235
USCONS,2019-10-31,-0.0048011583276093006,-0.0026846067048609257,0.0020801788195967674,0.0064119626767933369,0.0080293836072087288
USCONS,2019-11-30,-0.0047418149188160896,-0.0026034475304186344,0.0022678608074784279,0.0066679609008133411,0.0083481138572096825
USCONS,2019-12-31,-0.0055265966802835464,-0.0031871078535914421,0.0020230282098054886,0.0069344150833785534,0.0086876759305596352
USCONS,2020-01-31,-0.0069299540482461452,-0.0041116881184279919,0.0020567206665873528,0.0077343513257801533,0.0097000058740377426
USCONS,2020-02-29,-0.0075016911141574383,-0.0045123542658984661,0.0019915311131626368,0.0078674750402569771,0.0099841970950365067
USCONS,2020-03-31,-0.0069704777561128139,-0.0039803194813430309,0.0023447927087545395,0.0079263122752308846,0.0098875034600496292
USCONS,2020-04-30,-0.0063838777132332325,-0.0036343811079859734,0.0024134241975843906,0.0079083796590566635,0.0098431408405303955
USCONS,2020-05-31,-0.0070697772316634655,-0.00386044941842556,0.002211681567132473,0.007419197354465723,0.0093468278646469116
USCONS,2020-06-30,-0.0064933947287499905,-0.0034563350491225719,0.0022449968382716179,0.0070885638706386089,0.0089058466255664825
USCONS,2020-07-31,-0.0061512361280620098,-0.003204041626304388,0.0023068974260240793,0.0069369995035231113,0.0086638405919075012
USCONS,2020-08-31,-0.0061212978325784206,-0.0031622154638171196,0.0023276312276721001,0.0069988365285098553,0.0088244397193193436
USCONS,2020-09-30,-0.0066075618378818035,-0.0034586791880428791,0.002247347729280591,0.0071476041339337826,0.0090503580868244171
USCONS,2020-10-31,-0.0062860916368663311,-0.0032915780320763588,0.0023843767121434212,0.0072273248806595802,0.0091000515967607498
USCONS,2020-11-30,-0.0064837955869734287,-0.0033609163947403431,0.0024840000551193953,0.007421678863465786,0.009301312267780304
USCONS,2020-12-31,-0.0070253820158541203,-0.0037587760016322136,0.0023718574084341526,0.0076859677210450172,0.0097204688936471939
USFIRE,2019-01-31,-0.00031916960142552853,7.5284391641616821e-05,0.0013670532498508692,0.0025930474512279034,0.0029828376136720181
USFIRE,2019-02-28,-0.00089571508578956127,-0.00044338998850435019,0.0010228153550997376,0.0024590373504906893,0.0029012842569500208
USFIRE,2019-03-31,-0.00083428947255015373,-0.00033598591107875109,0.0012925229966640472,0.002825489267706871,0.00326883839443326
USFIRE,2019-04-30,-0.00099860876798629761,-0.00045947614125907421,0.0012846587924286723,0.0029018707573413849,0.0033788590226322412
USFIRE,2019-05-31,-0.0011625576298683882,-0.00062087993137538433,0.001161153195425868,0.0029034721665084362,0.0034290070179849863
USFIRE,2019-06-30,-0.0011489735916256905,-0.00060228817164897919,0.0012724986299872398,0.0029950016178190708,0.0035044276155531406
USFIRE,2019-07-31,-0.0012380564585328102,-0.00065790791995823383,0.0012614274164661765,0.0030402098782360554,0.0035672823432832956
USFIRE,2019-08-31,-0.0013265090528875589,-0.0007254965603351593,0.0012491882080212235,0.0031135948374867439,0.0036674966104328632
USFIRE,2019-09-30,-0.0014190578367561102,-0.00079241045750677586,0.0012453331146389246,0.0031275819055736065,0.003686429001390934
USFIRE,2019-10-31,-0.0014426715206354856,-0.00080271391198039055,0.0012649631826207042,0.0032040202058851719,0.0037816709373146296
USFIRE,2019-11-30,-0.0015379395335912704,-0.00086958217434585094,0.0012583266943693161,0.0032215018291026354,0.0037910663522779942
USFIRE,2019-12-31,-0.0015817380044609308,-0.00092385360039770603,0.0012474998366087675,0.0032062944956123829,0.0037897503934800625
USFIRE,2020-01-31,-0.0015756452921777964,-0.0009093147236853838,0.0012602857314050198,0.0032838324550539255,0.0038956960197538137
USFIRE,2020-02-29,-0.0015769253950566053,-0.00089953793212771416,0.0012955780839547515,0.0033110924996435642,0.003896546084433794
USFIRE,2020-03-31,-0.0016404329799115658,-0.00096939527429640293,0.0012284488184377551,0.0032542864792048931,0.0038696464616805315
USFIRE,2020-04-30,-0.0016937076579779387,-0.00098533020354807377,0.0012851967476308346,0.0033518695272505283,0.0039786691777408123
USFIRE,2020-05-31,-0.0016633244231343269,-0.0009697992354631424,0.0013205138966441154,0.0034821531735360622,0.004115560557693243
USFIRE,2020-06-30,-0.0016646711155772209,-0.00097396457567811012,0.0013178361114114523,0.0034924843348562717,0.004127818625420332
USFIRE,2020-07-31,-0.001695890910923481,-0.00098329177126288414,0.0013466590316966176,0.0035347430966794491,0.0041753463447093964
USFIRE,2020-08-31,-0.001708255847916007,-0.00099591910839080811,0.0013481652131304145,0.0035425086971372366,0.0041892174631357193
USFIRE,2020-09-30,-0.001691797748208046,-0.00096831074915826321,0.0013672853820025921,0.003576644929125905,0.0042299907654523849
USFIRE,2020-10-31,-0.0017251574900001287,-0.00099334749393165112,0.0013709540944546461,0.0035864245146512985,0.0042417845688760281
USFIRE,2020-11-30,-0.001750909723341465,-0.0010005440562963486,0.0014025936834514141,0.0036151576787233353,0.0042705275118350983
USFIRE,2020-12-31,-0.0017173204105347395,-0.0009829406626522541,0.0014068807940930128,0.0036548485513776541,0.0043277912773191929
USGOOD,2019-01-31,-0.0012578398454934359,-0.00050168868619948626,0.0014987562317401171,0.003331079613417387,0.0039211567491292953
USGOOD,2019-02-28,-0.0015651212306693196,-0.0007298588752746582,0.0014565014280378819,0.0034621164668351412,0.0041260258294641972
USGOOD,2019-03-31,-0.0020943840499967337,-0.0012274982873350382,0.0011205918854102492,0.0033114156685769558,0.0040163677185773849
USGOOD,2019-04-30,-0.0018916811095550656,-0.0010311993537470698,0.0013414568966254592,0.0034519585315138102,0.0041424906812608242
USGOOD,2019-05-31,-0.0021339762024581432,-0.0012251874431967735,0.0011749401455745101,0.0034887390211224556,0.0042367465794086456
USGOOD,2019-06-30,-0.0021206352394074202,-0.0012283783871680498,0.0012005605967715383,0.0034348608460277319,0.0041577010415494442
USGOOD,2019-07-31,-0.0023202197626233101,-0.0013822040054947138,0.0011120423441752791,0.0033530981745570898,0.0040758834220468998
USGOOD,2019-08-31,-0.0023356096353381872,-0.0013738867128267884,0.0011721531627699733,0.0035024536773562431,0.0042453985661268234
USGOOD,2019-09-30,-0.0024536147247999907,-0.0014935083454474807,0.0011490745237097144,0.0035334231797605753,0.0042927428148686886
USGOOD,2019-10-31,-0.0026425146497786045,-0.0016356848645955324,0.0010544474935159087,0.0035428726114332676,0.0043956409208476543
USGOOD,2019-11-30,-0.0025997394695878029,-0.001581849530339241,0.0011504609137773514,0.0036083527375012636,0.0043998495675623417
USGOOD,2019-12-31,-0.0028539483901113272,-0.0018162224441766739,0.00097858125809580088,0.0035620422568172216,0.0043638213537633419
USGOOD,2020-01-31,-0.0030634454451501369,-0.0019702732097357512,0.0010342544410377741,0.0037004176992923021,0.0045164143666625023
USGOOD,2020-02-29,-0.0031056900043040514,-0.0020015505142509937,0.0010010495316237211,0.0037573538720607758,0.004600154235959053
USGOOD,2020-03-31,-0.0030010305345058441,-0.0018903872696682811,0.0011388964485377073,0.0038217289838939905,0.0046352087520062923
USGOOD,2020-04-30,-0.0029021785594522953,-0.0018288802821189165,0.0011187453055754304,0.0037987935356795788,0.0046257930807769299
USGOOD,2020-05-31,-0.0034087253734469414,-0.0020771462004631758,0.001189099159091711,0.0040188701823353767,0.0049340976402163506
USGOOD,2020-06-30,-0.0033218455500900745,-0.0020255283452570438,0.0011475248029455543,0.0039890855550765991,0.0049091456457972527
USGOOD,2020-07-31,-0.0032251458615064621,-0.0019568805582821369,0.0011630374938249588,0.0039963703602552414,0.0049166441895067692
USGOOD,2020-08-31,-0.0031974702142179012,-0.0019077520119026303,0.0012246982660144567,0.0039881342090666294,0.0049054278060793877
USGOOD,2020-09-30,-0.0033415821380913258,-0.0019908824469894171,0.0012048901990056038,0.0041008647531270981,0.0050529013387858868
USGOOD,2020-10-31,-0.0031043943017721176,-0.0018431514035910368,0.0012800557306036353,0.0040788711048662663,0.0050056595355272293
USGOOD,2020-11-30,-0.0031312727369368076,-0.0018532569520175457,0.0013065572129562497,0.0041005010716617107,0.0050270543433725834
USGOOD,2020-12-31,-0.0032822079956531525,-0.0019319357816129923,0.0013223944697529078,0.0041953390464186668,0.0051380437798798084
USGOVT,2019-01-31,-0.00088890775805339217,-0.00045924453297629952,0.00058109313249588013,0.0017260413151234388,0.0021823744755238295
USGOVT,2019-02-28,-0.0013375610578805208,-0.00079521670704707503,0.00044134349445812404,0.0014945622533559799,0.0019381006713956594
USGOVT,2019-03-31,-0.0012401260901242495,-0.00071333529194816947,0.00049618713092058897,0.0017062615370377898,0.0021937591955065727
USGOVT,2019-04-30,-0.0012714676558971405,-0.00073194544529542327,0.00061344855930656195,0.0020168314222246408,0.0026079898234456778
USGOVT,2019-05-31,-0.0017435562331229448,-0.0010673047509044409,0.00049012841191142797,0.0020334678702056408,0.0026666300836950541
USGOVT,2019-06-30,-0.0020756702870130539,-0.0013439874164760113,0.00043271883623674512,0.0022598106879740953,0.0030376208014786243
USGOVT,2019-07-31,-0.0023057367652654648,-0.0014408004935830832,0.0006656629266217351,0.0028875567950308323,0.0037840115837752819
USGOVT,2019-08-31,-0.0030182241462171078,-0.0020583767909556627,0.00031129459966905415,0.0028320248238742352,0.0038263923488557339
USGOVT,2019-09-30,-0.0024860983248800039,-0.0016182048711925745,0.00035624444717541337,0.0024781464599072933,0.003311605891212821
USGOVT,2019-10-31,-0.0018603785429149866,-0.0011151775252074003,0.00058132351841777563,0.0022846825886517763,0.0030060620047152042
USGOVT,2019-11-30,-0.0016012676060199738,-0.00090679287677630782,0.00067122234031558037,0.0021710284054279327,0.0028538659680634737
USGOVT,2019-12-31,-0.0016848717350512743,-0.0010006073862314224,0.00056600145762786269,0.0020610475912690163,0.0026933837216347456
USGOVT,2020-01-31,-0.0016366892959922552,-0.00098375487141311169,0.00059981737285852432,0.0021650202106684446,0.002846237039193511
USGOVT,2020-02-29,-0.0018239866476505995,-0.0011006437707692385,0.00059420830802991986,0.0022441130131483078,0.0029347660019993782
USGOVT,2020-03-31,-0.0017213181126862764,-0.0010075806640088558,0.00076914980309084058,0.0026280281599611044,0.0034719996619969606
USGOVT,2020-04-30,-0.001853663008660078,-0.0011000365484505892,0.00085497292457148433,0.0029827987309545279,0.0038590328767895699
USGOVT,2020-05-31,-0.0026590228080749512,-0.0011187044437974691,0.0021453946828842163,0.0070610614493489265,0.0096099795773625374
USGOVT,2020-06-30,-0.010492740198969841,-0.0075440406799316406,-0.0008828746504150331,0.0051409215666353703,0.0077871759422123432
USGOVT,2020-07-31,-0.0054391901940107346,-0.0033798438962548971,0.00033728723064996302,0.0045415628701448441,0.0064109843224287033
USGOVT,2020-08-31,-0.0059945471584796906,-0.0040010083466768265,8.3430670201778412e-05,0.0040677664801478386,0.0058877728879451752
USGOVT,2020-09-30,-0.0045986007899045944,-0.0030649211257696152,0.00012795103248208761,0.0032118554227054119,0.0046403375454246998
USGOVT,2020-10-31,-0.0024194272700697184,-0.001480405917391181,0.00049020757433027029,0.0024843937717378139,0.0035245297476649284
USGOVT,2020-11-30,-0.0016158157959580421,-0.00096315116388723254,0.00047456746688112617,0.0020032448228448629,0.0028008578810840845
USGOVT,2020-12-31,-0.0015060354489833117,-0.00088584417244419456,0.00046577415196225047,0.0018651091959327459,0.0024661109782755375
USTPU,2019-01-31,-0.0021575591526925564,-0.0014251306420192122,0.00057915155775845051,0.0023740874603390694,0.0030118254944682121
USTPU,2019-02-28,-0.0030008312314748764,-0.0022558900527656078,-0.00022516632452607155,0.001669479301199317,0.0023289145901799202
USTPU,2019-03-31,-0.0027275658212602139,-0.0019916254095733166,-2.1043233573436737e-06,0.0018229144625365734,0.002450672909617424
USTPU,2019-04-30,-0.0027615414001047611,-0.0019974536262452602,6.3791521824896336e-05,0.0019179909722879529,0.0025502941571176052
USTPU,2019-05-31,-0.002522637601941824,-0.0017755826702341437,0.00024821743136271834,0.0020683985203504562,0.0027041388675570488
USTPU,2019-06-30,-0.0025586974807083607,-0.0018385365838184953,0.00015678623458370566,0.0019075698219239712,0.0025263691786676645
USTPU,2019-07-31,-0.0024809762835502625,-0.0017428261926397681,0.00020442245295271277,0.0019665148574858904,0.0026101972907781601
USTPU,2019-08-31,-0.0028039980679750443,-0.0020429966971278191,-6.1535974964499474e-06,0.0018468429334461689,0.0024861800484359264
USTPU,2019-09-30,-0.0026131016202270985,-0.0018189247930422425,0.0002629266818985343,0.002097955672070384,0.0027490563225001097
USTPU,2019-10-31,-0.0027133231051266193,-0.001905683777295053,9.6725299954414368e-05,0.0019327858462929726,0.0025808089412748814
USTPU,2019-11-30,-0.0026598242111504078,-0.0018581022741273046,0.00021085696062073112,0.0020294152200222015,0.0026983963325619698
USTPU,2019-12-31,-0.002800546120852232,-0.0019973907619714737,0.00017107045277953148,0.0020529753528535366,0.002711207140237093
USTPU,2020-01-31,-0.0028156843036413193,-0.0019811694510281086,0.00022819341393187642,0.0021671880967915058,0.0028395233675837517
USTPU,2020-02-29,-0.0028488794341683388,-0.002006184309720993,0.00019428768428042531,0.0020840135402977467,0.0027214372530579567
USTPU,2020-03-31,-0.0027801403775811195,-0.0019289111951366067,0.0002574795507825911,0.0021707434207201004,0.002850768156349659
USTPU,2020-04-30,-0.0028304439038038254,-0.0019664904102683067,0.00023624720051884651,0.0021343457046896219,0.0027861590497195721
USTPU,2020-05-31,-0.0031780335120856762,-0.0021682451479136944,0.00030226533999666572,0.0023834952153265476,0.0031085219234228134
USTPU,2020-06-30,-0.0031277420930564404,-0.002120183315128088,0.00032486452255398035,0.002308407798409462,0.0030046012252569199
USTPU,2020-07-31,-0.0031353412196040154,-0.0021142507903277874,0.00033486692700535059,0.0023027851711958647,0.0029902695678174496
USTPU,2020-08-31,-0.0032186275348067284,-0.0021742586977779865,0.00031266378937289119,0.0023394203744828701,0.0030568931251764297
USTPU,2020-09-30,-0.0032009272836148739,-0.0021399357356131077,0.00033636437729001045,0.002397182397544384,0.0031407973729074001
USTPU,2020-10-31,-0.0032305484637618065,-0.0021509290672838688,0.00035738060250878334,0.0023853087332099676,0.0031141112558543682
USTPU,2020-11-30,-0.0033163228072226048,-0.0021995706483721733,0.0003623806987889111,0.0024329088628292084,0.0031810328364372253
USTPU,2020-12-31,-0.0033225039951503277,-0.0022077746689319611,0.00038275669794529676,0.0025208047591149807,0.0032962099649012089
USTRADE,2019-01-31,-0.0036212662234902382,-0.0028124600648880005,-0.00029640586581081152,0.0021595901343971491,0.0030015264637768269
USTRADE,2019-02-28,-0.0048673148266971111,-0.0040235072374343872,-0.001461972831748426,0.0010071598226204515,0.0017967959865927696
USTRADE,2019-03-31,-0.0044199088588356972,-0.0035912753082811832,-0.0010277795372530818,0.0014326714444905519,0.0022535691969096661
USTRADE,2019-04-30,-0.0046600857749581337,-0.0038016308099031448,-0.0012412482174113393,0.0012479975121095777,0.0020428416319191456
USTRADE,2019-05-31,-0.0041951416060328484,-0.0033596586436033249,-0.00075296440627425909,0.001783762825652957,0.0026349062100052834
USTRADE,2019-06-30,-0.0044438396580517292,-0.0036110831424593925,-0.0010063537629321218,0.0014916247455403209,0.0023356503807008266
USTRADE,2019-07-31,-0.0043969471007585526,-0.0035522193647921085,-0.00095702323596924543,0.001492061885073781,0.0023291218094527721
USTRADE,2019-08-31,-0.004513684194535017,-0.0036850296892225742,-0.0010914389276877046,0.0013792229583486915,0.0021952865645289421
USTRADE,2019-09-30,-0.0044489214196801186,-0.0035839355550706387,-0.00087793415877968073,0.0017016800120472908,0.0025697406381368637
USTRADE,2019-10-31,-0.0046249479055404663,-0.0037436583079397678,-0.0010359579464420676,0.0014814597088843584,0.0023279497399926186
USTRADE,2019-11-30,-0.004515327513217926,-0.0036410666070878506,-0.00088839407544583082,0.0016968969721347094,0.0025818608701229095
USTRADE,2019-12-31,-0.0046255649067461491,-0.0037560230121016502,-0.00098832522053271532,0.001732410048134625,0.0026340200565755367
USTRADE,2020-01-31,-0.0046119503676891327,-0.0037005236372351646,-0.00077560637146234512,0.0020643309690058231,0.0030096243135631084
USTRADE,2020-02-29,-0.0048952163197100163,-0.0039561446756124496,-0.00096789805684238672,0.0018379614921286702,0.0027584177441895008
USTRADE,2020-03-31,-0.0046658492647111416,-0.0037551927380263805,-0.00085209647659212351,0.0019128508865833282,0.0028559332713484764
USTRADE,2020-04-30,-0.0047238441184163094,-0.003786369226872921,-0.00088996707927435637,0.001785950968042016,0.0026772399432957172
USTRADE,2020-05-31,-0.0047918576747179031,-0.0038215131498873234,-0.0006863131420686841,0.0021735075861215591,0.003109609242528677
USTRADE,2020-06-30,-0.0047775218263268471,-0.0037822835147380829,-0.00068224652204662561,0.0021550278179347515,0.0030969618819653988
USTRADE,2020-07-31,-0.0048172194510698318,-0.0037893452681601048,-0.0006334083154797554,0.002141240518540144,0.0030723302625119686
USTRADE,2020-08-31,-0.0047868592664599419,-0.0037518818862736225,-0.00066696398425847292,0.0021992316469550133,0.0031587495468556881
USTRADE,2020-09-30,-0.0048051485791802406,-0.0037752543576061726,-0.00064329477027058601,0.0022165426053106785,0.0031727985478937626
USTRADE,2020-10-31,-0.0048076631501317024,-0.0037600044161081314,-0.0006346444133669138,0.0022853990085422993,0.0032337447628378868
USTRADE,2020-11-30,-0.0048390510492026806,-0.0037886095233261585,-0.00059994554612785578,0.0023153400979936123,0.0032694153487682343
USTRADE,2020-12-31,-0.0047647194005548954,-0.003757087979465723,-0.00059482397045940161,0.0024153445847332478,0.0034236772917211056
USWTRADE,2019-01-31,-0.00084328255616128445,-0.00027220137417316437,0.0012955106794834137,0.0027348799630999565,0.0031913267448544502
USWTRADE,2019-02-28,-0.0020250980742275715,-0.001359339221380651,0.00043642133823595941,0.0020669074729084969,0.002569576958194375
USWTRADE,2019-03-31,-0.00190853385720402,-0.0012219090713188052,0.00066297012381255627,0.0023560216650366783,0.0028725070878863335
USWTRADE,2019-04-30,-0.0021973834373056889,-0.0014396457700058818,0.00057669362286105752,0.0023517129011452198,0.0028954986482858658
USWTRADE,2019-05-31,-0.0022733733057975769,-0.0015283882385119796,0.00051344581879675388,0.0024096542038023472,0.0030097314156591892
USWTRADE,2019-06-30,-0.0022170050069689751,-0.0014675596030429006,0.00060360494535416365,0.002434467663988471,0.0030025024898350239
USWTRADE,2019-07-31,-0.0023084497079253197,-0.0015344751300290227,0.00055728096049278975,0.0024159061722457409,0.003002852201461792
USWTRADE,2019-08-31,-0.0024140584282577038,-0.0016128128627315164,0.00056732556549832225,0.0025274618528783321,0.0031406329944729805
USWTRADE,2019-09-30,-0.0023849089629948139,-0.0015625095693394542,0.00064963684417307377,0.0025852757971733809,0.0031856945715844631
USWTRADE,2019-10-31,-0.0025907433591783047,-0.0017667076317593455,0.00044689862988889217,0.0024603232741355896,0.0031179510988295078
USWTRADE,2019-11-30,-0.0025611808523535728,-0.0016869796672835946,0.00056125572882592678,0.0025299976114183664,0.0031605493277311325
USWTRADE,2019-12-31,-0.0025992426089942455,-0.0017451647436246276,0.00058262358652427793,0.0025930141564458609,0.0032208850607275963
USWTRADE,2020-01-31,-0.0027193860150873661,-0.0018378867534920573,0.00057735189329832792,0.0026763160713016987,0.0033353869803249836
USWTRADE,2020-02-29,-0.0027124723419547081,-0.0018264568643644452,0.00060175388352945447,0.0027370236348360777,0.0034127379767596722
USWTRADE,2020-03-31,-0.0027662534266710281,-0.0018724157707765698,0.00053615024080500007,0.0026237331330776215,0.0032916939817368984
USWTRADE,2020-04-30,-0.0027566994540393353,-0.0018517390126362443,0.00060383015079423785,0.0027224677614867687,0.0033913152292370796
USWTRADE,2020-05-31,-0.0028149946592748165,-0.0018963435431942344,0.00058034539688378572,0.0028312555514276028,0.0035758619196712971
USWTRADE,2020-06-30,-0.0027983579784631729,-0.0018779559759423137,0.00058137287851423025,0.0028049079701304436,0.0035393098369240761
USWTRADE,2020-07-31,-0.0028049950487911701,-0.0018714630277827382,0.0006093306583352387,0.0028158421628177166,0.0035454281605780125
USWTRADE,2020-08-31,-0.0028725671581923962,-0.0019070314010605216,0.0006294808117672801,0.0028722113929688931,0.0036181705072522163
USWTRADE,2020-09-30,-0.0028585856780409813,-0.0018947803182527423,0.00064265081891790032,0.0029353536665439606,0.0037090843543410301
USWTRADE,2020-10-31,-0.0029072556644678116,-0.0019210578175261617,0.00066997075919061899,0.0029295226559042931,0.003684257622808218
USWTRADE,2020-11-30,-0.0028939861804246902,-0.0018896701512858272,0.00069029349833726883,0.0029434012249112129,0.0037023094482719898
USWTRADE,2020-12-31,-0.0028974004089832306,-0.0018881125142797828,0.00072549912147223949,0.0030279629863798618,0.0038115177303552628
VIXCLSx,2019-01-31,14.940185546875,16.378652572631836,21.924360275268555,29.808818817138672,33.025466918945312
VIXCLSx,2019-02-28,13.26750373840332,14.565984725952148,20.251731872558594,29.118019104003906,32.736564636230469
VIXCLSx,2019-03-31,12.231891632080078,13.52896785736084,19.209476470947266,28.509910583496094,32.450145721435547
VIXCLSx,2019-04-30,11.832019805908203,13.130786895751953,18.790054321289062,28.319509506225586,32.390426635742188
VIXCLSx,2019-05-31,11.250377655029297,12.615032196044922,18.374446868896484,28.27301025390625,32.469810485839844
VIXCLSx,2019-06-30,11.084676742553711,12.450486183166504,18.254665374755859,28.573162078857422,32.821540832519531
VIXCLSx,2019-07-31,11.128785133361816,12.38970947265625,18.21275520324707,28.779453277587891,33.198341369628906
VIXCLSx,2019-08-31,10.998478889465332,12.313446044921875,18.291593551635742,29.281467437744141,33.899429321289062
VIXCLSx,2019-09-30,10.898359298706055,12.237259864807129,18.239555358886719,29.741798400878906,34.619770050048828
VIXCLSx,2019-10-31,10.668534278869629,12.063957214355469,18.577762603759766,30.294662475585938,35.398883819580078
VIXCLSx,2019-11-30,10.776520729064941,12.185142517089844,18.339565277099609,30.129611968994141,35.320205688476562
VIXCLSx,2019-12-31,10.676656723022461,12.058555603027344,18.322593688964844,30.466007232666016,35.745006561279297
VIXCLSx,2020-01-31,10.544765472412109,11.935508728027344,18.326345443725586,30.634664535522461,36.004817962646484
VIXCLSx,2020-02-29,10.374531745910645,11.775904655456543,18.2548828125,30.765243530273438,36.324356079101562
VIXCLSx,2020-03-31,10.431523323059082,11.791559219360352,18.13032341003418,30.361068725585938,35.717739105224609
VIXCLSx,2020-04-30,10.347315788269043,11.742763519287109,18.08674430847168,30.395885467529297,35.918621063232422
VIXCLSx,2020-05-31,9.5174856185913086,11.118056297302246,17.839132308959961,31.165470123291016,37.296829223632812
VIXCLSx,2020-06-30,9.4247560501098633,11.08958625793457,17.900949478149414,30.894283294677734,36.916007995605469
VIXCLSx,2020-07-31,9.6673965454101562,11.296808242797852,17.789976119995117,30.722606658935547,36.825904846191406
VIXCLSx,2020-08-31,9.7039155960083008,11.345812797546387,17.860313415527344,31.044013977050781,37.229598999023438
VIXCLSx,2020-09-30,9.5224075317382812,11.247281074523926,17.92579460144043,31.113983154296875,37.284656524658203
VIXCLSx,2020-10-31,9.4879207611083984,11.250146865844727,18.146942138671875,31.696306228637695,37.828094482421875
VIXCLSx,2020-11-30,9.5505456924438477,11.205903053283691,17.991556167602539,31.251575469970703,37.445533752441406
VIXCLSx,2020-12-31,9.4794483184814453,11.144217491149902,17.884475708007812,31.210525512695312,37.52740478515625
W875RX1,2019-01-31,-0.013460856862366199,-0.0098650483414530754,-0.001318569527938962,0.0066117569804191589,0.0091975033283233643
W875RX1,2019-02-28,-0.0049264328554272652,-0.0027004382573068142,0.0021609109826385975,0.0064431582577526569,0.0080709680914878845
W875RX1,2019-03-31,-0.0032474449835717678,-0.0016283630393445492,0.0018682689405977726,0.0051567330956459045,0.0063682924956083298
W875RX1,2019-04-30,-0.002619957085698843,-0.0011724203359335661,0.0022382382303476334,0.0055923014879226685,0.0068733613006770611
W875RX1,2019-05-31,-0.0024572727270424366,-0.00096074980683624744,0.0023314822465181351,0.0058373911306262016,0.0071287313476204872
W875RX1,2019-06-30,-0.0026699542067945004,-0.0012079435400664806,0.00217656628228724,0.0054206419736146927,0.0066915983334183693
W875RX1,2019-07-31,-0.0033930176869034767,-0.0017381990328431129,0.0017841145163401961,0.0050648031756281853,0.0062647308222949505
W875RX1,2019-08-31,-0.0037068766541779041,-0.0020302291959524155,0.0018897309200838208,0.0055634686723351479,0.0068858414888381958
W875RX1,2019-09-30,-0.0036192610859870911,-0.0018725758418440819,0.002161102369427681,0.005981104914098978,0.0075548291206359863
W875RX1,2019-10-31,-0.0031524971127510071,-0.0015582747291773558,0.0022790762595832348,0.0059689609333872795,0.0074791195802390575
W875RX1,2019-11-30,-0.0032200366258621216,-0.0015061581507325172,0.0025158736389130354,0.0062789395451545715,0.0079134469851851463
W875RX1,2019-12-31,-0.0037142019718885422,-0.0017554285004734993,0.0028233658522367477,0.0075417566113173962,0.0093141626566648483
W875RX1,2020-01-31,-0.0068104444071650505,-0.0043023987673223019,0.0018116185674443841,0.0072452384047210217,0.0092457383871078491
W875RX1,2020-02-29,-0.0039043650031089783,-0.002006621565669775,0.0022112929727882147,0.0062686060555279255,0.0078068678267300129
W875RX1,2020-03-31,-0.0034476215951144695,-0.0017743459902703762,0.0021373063791543245,0.005843848455697298,0.0072842719964683056
W875RX1,2020-04-30,-0.003935669083148241,-0.0021027051843702793,0.0020557914394885302,0.0059309704229235649,0.007403581403195858
W875RX1,2020-05-31,-0.004404864739626646,-0.0022950991988182068,0.0024528764188289642,0.006867632269859314,0.0086945360526442528
W875RX1,2020-06-30,-0.0035070464946329594,-0.0016714869998395443,0.002422538585960865,0.0063107525929808617,0.007984895259141922
W875RX1,2020-07-31,-0.0031835921108722687,-0.001507083885371685,0.0022407809738069773,0.0056874435395002365,0.0070497584529221058
W875RX1,2020-08-31,-0.0031335810199379921,-0.0014720212202519178,0.0023282766342163086,0.0058844592422246933,0.007374077569693327
W875RX1,2020-09-30,-0.0036958730779588223,-0.0017752544954419136,0.0023764981888234615,0.0064488607458770275,0.0081556383520364761
W875RX1,2020-10-31,-0.0038568084128201008,-0.0019106264226138592,0.0023866265546530485,0.0065712453797459602,0.008477906696498394
W875RX1,2020-11-30,-0.0043959645554423332,-0.0020838272757828236,0.0028322034049779177,0.0078003332018852234,0.0099923033267259598
W875RX1,2020-12-31,-0.0058362986892461777,-0.0029551796615123749,0.0036495532840490341,0.01155781839042902,0.014729520305991173
WPSFD49207,2019-01-31,-0.0075018145143985748,-0.0050169955939054489,0.0015208711847662926,0.007943933829665184,0.010103236883878708
WPSFD49207,2019-02-28,-0.010240391828119755,-0.0075489128939807415,-0.00034754441003315151,0.0069403443485498428,0.0094358501955866814
WPSFD49207,2019-03-31,-0.01058411318808794,-0.0077903862111270428,-0.0001849812688305974,0.0073276860639452934,0.0098513392731547356
WPSFD49207,2019-04-30,-0.010305363684892654,-0.0073377774097025394,0.00066868821159005165,0.0084245344623923302,0.0109618054702878
WPSFD49207,2019-05-31,-0.011088801547884941,-0.0081734629347920418,2.7388523449189961e-05,0.0081754075363278389,0.010788683779537678
WPSFD49207,2019-06-30,-0.011500843800604343,-0.008491097018122673,-8.370129216928035e-05,0.0081068761646747589,0.010772875510156155
WPSFD49207,2019-07-31,-0.010929609648883343,-0.0079206917434930801,0.00044971483293920755,0.008409842848777771,0.0110002551227808
WPSFD49207,2019-08-31,-0.010896075516939163,-0.0079523762688040733,0.00048037257511168718,0.0085186688229441643,0.011137903667986393
WPSFD49207,2019-09-30,-0.011588150635361671,-0.0086753927171230316,-0.00018019466369878501,0.0079367533326148987,0.010589990764856339
WPSFD49207,2019-10-31,-0.011447136290371418,-0.0085851382464170456,-7.0505666371900588e-07,0.0082417875528335571,0.010960632003843784
WPSFD49207,2019-11-30,-0.01122776884585619,-0.0082057612016797066,0.00026214620447717607,0.0082616042345762253,0.0108149703592062
WPSFD49207,2019-12-31,-0.011508522555232048,-0.0085437288507819176,0.00019590726878959686,0.0083339763805270195,0.011007628403604031
WPSFD49207,2020-01-31,-0.011636602692306042,-0.0086246076971292496,8.2478378317318857e-05,0.0082894843071699142,0.010943654924631119
WPSFD49207,2020-02-29,-0.011737793684005737,-0.008711433969438076,0.00011714687570929527,0.0083955060690641403,0.011077417992055416
WPSFD49207,2020-03-31,-0.011372077278792858,-0.0083871493116021156,0.00021066784393042326,0.0081506511196494102,0.010772673413157463
WPSFD49207,2020-04-30,-0.011673491448163986,-0.0086210593581199646,7.0263617089949548e-05,0.008120998740196228,0.010804904624819756
WPSFD49207,2020-05-31,-0.011363988742232323,-0.0082427570596337318,5.862564648850821e-05,0.008053426630795002,0.01087554357945919
WPSFD49207,2020-06-30,-0.011166311800479889,-0.0080315219238400459,0.00018015647947322577,0.0079283928498625755,0.010660343803465366
WPSFD49207,2020-07-31,-0.010961178690195084,-0.0079105952754616737,0.00013298878911882639,0.0078155882656574249,0.010582844726741314
WPSFD49207,2020-08-31,-0.011103181168437004,-0.0080774072557687759,6.9895773776806891e-05,0.0079359039664268494,0.010766983963549137
WPSFD49207,2020-09-30,-0.011124474927783012,-0.0080405576154589653,0.00010492641013115644,0.0080606704577803612,0.0109220826998353
WPSFD49207,2020-10-31,-0.011363735422492027,-0.0081893149763345718,0.0002118458942277357,0.0081351855769753456,0.010990983806550503
WPSFD49207,2020-11-30,-0.01135844923555851,-0.0081734536215662956,0.00017455083434469998,0.008054051548242569,0.010914129205048084
WPSFD49207,2020-12-31,-0.011324848979711533,-0.0082132183015346527,0.00012261990923434496,0.0081420727074146271,0.011070059612393379
WPSFD49502,2019-01-31,-0.0090588266029953957,-0.0058752214536070824,0.0025933068245649338,0.010991398245096207,0.013817912898957729
WPSFD49502,2019-02-28,-0.013931789435446262,-0.010313746519386768,-0.00072926009306684136,0.0088601857423782349,0.012172851711511612
WPSFD49502,2019-03-31,-0.01425592228770256,-0.010509711690247059,-0.00035000930074602365,0.0095797711983323097,0.012923653237521648
WPSFD49502,2019-04-30,-0.013611271046102047,-0.0097121652215719223,0.00089104130165651441,0.011288568377494812,0.014677714556455612
WPSFD49502,2019-05-31,-0.014580788090825081,-0.010707288049161434,0.0002568424679338932,0.01109553687274456,0.014509002678096294
WPSFD49502,2019-06-30,-0.015379003249108791,-0.011429798789322376,-0.00031224422855302691,0.010653880424797535,0.0142208281904459
WPSFD49502,2019-07-31,-0.014296447858214378,-0.01031597051769495,0.00076559145236387849,0.011353325098752975,0.014813764952123165
WPSFD49502,2019-08-31,-0.01432726439088583,-0.010445564985275269,0.00068740925053134561,0.011341774836182594,0.014798556454479694
WPSFD49502,2019-09-30,-0.015312011353671551,-0.011483109556138515,-0.00029155780794098973,0.010434777475893497,0.013908973895013332
WPSFD49502,2019-10-31,-0.015150627121329308,-0.011366857215762138,4.6752793423365802e-06,0.010869147256016731,0.014420065097510815
WPSFD49502,2019-11-30,-0.014719960279762745,-0.010731492191553116,0.00044057873310521245,0.010990847833454609,0.014327888377010822
WPSFD49502,2019-12-31,-0.015193374827504158,-0.011273846961557865,0.00028916867449879646,0.011035589501261711,0.014547267928719521
WPSFD49502,2020-01-31,-0.015319984406232834,-0.011350098997354507,0.000143141791340895,0.01094145979732275,0.014418434351682663
WPSFD49502,2020-02-29,-0.015456082299351692,-0.011471292935311794,0.00018682294466998428,0.01109418086707592,0.014611976221203804
WPSFD49502,2020-03-31,-0.014919769018888474,-0.010985611006617546,0.00032887625275179744,0.010761226527392864,0.01420024037361145
WPSFD49502,2020-04-30,-0.015354863367974758,-0.011354926042258739,8.163551683537662e-05,0.010656631551682949,0.01417668629437685
WPSFD49502,2020-05-31,-0.014990182593464851,-0.01079899538308382,0.0001155432837549597,0.010509221814572811,0.014184176921844482
WPSFD49502,2020-06-30,-0.0147946672514081,-0.010562337003648281,0.0002689218963496387,0.010358218103647232,0.013916909694671631
WPSFD49502,2020-07-31,-0.014440866187214851,-0.010354883037507534,0.00021946289052721113,0.010197578929364681,0.013801781460642815
WPSFD49502,2020-08-31,-0.014576997607946396,-0.010561459697782993,0.00011196374543942511,0.010324561968445778,0.014012102037668228
WPSFD49502,2020-09-30,-0.014634919352829456,-0.010528357699513435,0.00014850433217361569,0.010465697385370731,0.014183147810399532
WPSFD49502,2020-10-31,-0.014955229125916958,-0.010709651745855808,0.00030782172689214349,0.010588314384222031,0.014299142174422741
WPSFD49502,2020-11-30,-0.014907102100551128,-0.010675494559109211,0.00025326234754174948,0.010479452088475227,0.014197199605405331
WPSFD49502,2020-12-31,-0.014876465313136578,-0.010744305327534676,0.00016873398271854967,0.010549549944698811,0.014347481541335583
WPSID61,2019-01-31,-0.0068944157101213932,-0.0040978621691465378,0.0030737339984625578,0.010513384826481342,0.013237669132649899
WPSID61,2019-02-28,-0.010724060237407684,-0.0076368721202015877,0.00022603649995289743,0.0078448513522744179,0.010550134815275669
WPSID61,2019-03-31,-0.012015310116112232,-0.0088266255334019661,-0.00075297895818948746,0.0067875925451517105,0.0095487497746944427
WPSID61,2019-04-30,-0.010609765537083149,-0.007413194514811039,0.00067579274764284492,0.0082329045981168747,0.01094319112598896
WPSID61,2019-05-31,-0.010651499032974243,-0.0075992806814610958,0.00036008437746204436,0.0079222656786441803,0.010622022673487663
WPSID61,2019-06-30,-0.011230360716581345,-0.0080951480194926262,0.00011195516708539799,0.0075655016116797924,0.01018000952899456
WPSID61,2019-07-31,-0.011025398969650269,-0.0078812111169099808,0.00026512349722906947,0.0076551157981157303,0.010220828466117382
WPSID61,2019-08-31,-0.010849121958017349,-0.0077509088441729546,0.00033399040694348514,0.0078977392986416817,0.010591822676360607
WPSID61,2019-09-30,-0.011259580031037331,-0.0081151658669114113,5.0856542657129467e-05,0.007482750341296196,0.010109112598001957
WPSID61,2019-10-31,-0.011445214971899986,-0.0083228591829538345,-0.0001491603470640257,0.007435584906488657,0.010189644992351532
WPSID61,2019-11-30,-0.011288994923233986,-0.0081051979213953018,1.2248205166542903e-05,0.0074854763224720955,0.010130414739251137
WPSID61,2019-12-31,-0.011182581074535847,-0.0080682858824729919,0.00024588729138486087,0.0078067495487630367,0.010501998476684093
WPSID61,2020-01-31,-0.011595875956118107,-0.0083311907947063446,0.00020860106451436877,0.0078716110438108444,0.010585136711597443
WPSID61,2020-02-29,-0.012127234600484371,-0.0087887654080986977,1.8146973161492497e-05,0.0080554001033306122,0.010895365849137306
WPSID61,2020-03-31,-0.011590685695409775,-0.0082961814478039742,0.00026490289019420743,0.0078889820724725723,0.010592722333967686
WPSID61,2020-04-30,-0.011751503683626652,-0.0084123723208904266,0.00018186238594353199,0.0077582672238349915,0.010463004000484943
WPSID61,2020-05-31,-0.011372348293662071,-0.0079340264201164246,2.9437502234941348e-05,0.0073358095251023769,0.010127964429557323
WPSID61,2020-06-30,-0.011244116351008415,-0.0077967187389731407,0.00011971826461376622,0.0072346208617091179,0.0099514778703451157
WPSID61,2020-07-31,-0.010917297564446926,-0.0075480835512280464,0.00019889677059836686,0.007184020709246397,0.0099049126729369164
WPSID61,2020-08-31,-0.011109637096524239,-0.0076614986173808575,0.00022447967785410583,0.0074223452247679234,0.010211466811597347
WPSID61,2020-09-30,-0.010963531211018562,-0.007620648480951786,0.00016956852050498128,0.007516330573707819,0.010402878746390343
WPSID61,2020-10-31,-0.011424432508647442,-0.0079813376069068909,0.00015429416089318693,0.0075491969473659992,0.010421664454042912
WPSID61,2020-11-30,-0.011172765865921974,-0.0077939494512975216,0.00015965374768711627,0.007441298570483923,0.010282841511070728
WPSID61,2020-12-31,-0.010939012281596661,-0.0076656420715153217,0.00015448190970346332,0.0075146527960896492,0.01044200174510479
WPSID62,2019-01-31,-0.084500297904014587,-0.063118189573287964,-0.011727815493941307,0.03365461528301239,0.050937578082084656
WPSID62,2019-02-28,-0.087416522204875946,-0.064697191119194031,-0.0094677833840250969,0.042438648641109467,0.06238473579287529
WPSID62,2019-03-31,-0.074913278222084045,-0.05207781121134758,0.0056200698018074036,0.063279800117015839,0.084142670035362244
WPSID62,2019-04-30,-0.074651196599006653,-0.050596423447132111,0.0081631811335682869,0.066676720976829529,0.087650008499622345
WPSID62,2019-05-31,-0.082557536661624908,-0.058580543845891953,0.0012576563749462366,0.059252720326185226,0.079905852675437927
WPSID62,2019-06-30,-0.097775012254714966,-0.072619631886482239,-0.010706860572099686,0.045929685235023499,0.066619656980037689
WPSID62,2019-07-31,-0.07671704888343811,-0.052565243095159531,0.0063895718194544315,0.063102871179580688,0.083637170493602753
WPSID62,2019-08-31,-0.080112241208553314,-0.055774692445993423,0.0044849961996078491,0.060963094234466553,0.081161625683307648
WPSID62,2019-09-30,-0.090695619583129883,-0.065101936459541321,-0.0026410617865622044,0.052800796926021576,0.072585649788379669
WPSID62,2019-10-31,-0.087164908647537231,-0.061846662312746048,0.00099011301063001156,0.058693323284387589,0.079031288623809814
WPSID62,2019-11-30,-0.089115433394908905,-0.062185462564229965,0.0014359906781464815,0.060064598917961121,0.080218806862831116
WPSID62,2019-12-31,-0.090048655867576599,-0.064169302582740784,0.00071519560879096389,0.059457205235958099,0.080121234059333801
WPSID62,2020-01-31,-0.089008800685405731,-0.063265718519687653,2.7606729418039322e-05,0.057841237634420395,0.07803865522146225
WPSID62,2020-02-29,-0.087038621306419373,-0.061456199735403061,0.0014041359536349773,0.058574337512254715,0.078316502273082733
WPSID62,2020-03-31,-0.0851760134100914,-0.059993963688611984,0.0017863274551928043,0.057346578687429428,0.077126204967498779
WPSID62,2020-04-30,-0.087267599999904633,-0.061538025736808777,0.0012521366588771343,0.057304684072732925,0.077427834272384644
WPSID62,2020-05-31,-0.082134239375591278,-0.057505950331687927,-0.0002430947934044525,0.054458305239677429,0.076746582984924316
WPSID62,2020-06-30,-0.082676418125629425,-0.057578813284635544,-0.00011282627383479849,0.053886439651250839,0.075968123972415924
WPSID62,2020-07-31,-0.082924008369445801,-0.057974632829427719,-3.1502298952545971e-05,0.054863397032022476,0.077635630965232849
WPSID62,2020-08-31,-0.083395250141620636,-0.058313291519880295,-4.8767953558126464e-05,0.055568348616361618,0.078722000122070312
WPSID62,2020-09-30,-0.083304710686206818,-0.058028969913721085,3.1346498872153461e-05,0.056137628853321075,0.079520091414451599
WPSID62,2020-10-31,-0.087234996259212494,-0.060572635382413864,0.00043319337419234216,0.057271994650363922,0.08057839423418045
WPSID62,2020-11-30,-0.087602928280830383,-0.06096230074763298,2.8499689506134018e-06,0.057415753602981567,0.080870375037193298
WPSID62,2020-12-31,-0.08769042044878006,-0.06106870248913765,0.00023560182307846844,0.058257278054952621,0.082167677581310272
