unique_id,ds,Chronos-q-5,Chronos-q-10,Chronos-q-50,Chronos-q-90,Chronos-q-95
AAA,2023-09-30,-0.19623853266239166,-0.12876762449741364,0.073030844330787659,0.28355512022972107,0.35257121920585632
AAA,2023-10-31,-0.32763957977294922,-0.25220450758934021,-0.033302605152130127,0.18939079344272614,0.26265430450439453
AAA,2023-11-30,-0.29306796193122864,-0.21862524747848511,8.3107501268386841e-05,0.22587686777114868,0.29806292057037354
AAA,2023-12-31,-0.29419952630996704,-0.21960194408893585,0.0027325470000505447,0.22616373002529144,0.29786878824234009
AAA,2024-01-31,-0.3081386387348175,-0.2325768768787384,-0.011125952936708927,0.21843703091144562,0.29247665405273438
AAA,2024-02-29,-0.30823856592178345,-0.23396773636341095,-0.0065197544172406197,0.22028301656246185,0.29241004586219788
AAA,2024-03-31,-0.30513390898704529,-0.22851736843585968,-0.0012706536799669266,0.22483065724372864,0.29618421196937561
AAA,2024-04-30,-0.31156131625175476,-0.23557649552822113,-0.0073042362928390503,0.22573579847812653,0.30126714706420898
AAA,2024-05-31,-0.31403926014900208,-0.23776964843273163,-0.0076933940872550011,0.22111155092716217,0.29535219073295593
AAA,2024-06-30,-0.31412705779075623,-0.23485352098941803,-0.0058066770434379578,0.22387407720088959,0.30003306269645691
AAA,2024-07-31,-0.31215369701385498,-0.23611320555210114,-0.011350434273481369,0.21494026482105255,0.29043892025947571
AAA,2024-08-31,-0.31601226329803467,-0.24041721224784851,-0.01382899284362793,0.20986172556877136,0.28317254781723022
AAA,2024-09-30,-0.32451567053794861,-0.24472576379776001,-0.014659948647022247,0.21167117357254028,0.28498053550720215
AAA,2024-10-31,-0.3209347128868103,-0.24048148095607758,-0.011182529851794243,0.21508993208408356,0.28628954291343689
AAA,2024-11-30,-0.32661256194114685,-0.24589988589286804,-0.013840180821716785,0.21335357427597046,0.287514328956604
AAA,2024-12-31,-0.32786920666694641,-0.24665619432926178,-0.013401232659816742,0.21365481615066528,0.28682214021682739
AAA,2025-01-31,-0.3168146014213562,-0.23874469101428986,-0.0094595812261104584,0.2244240790605545,0.30436491966247559
AAA,2025-02-28,-0.31313401460647583,-0.23553760349750519,-0.0066385297104716301,0.22702303528785706,0.30717986822128296
AAA,2025-03-31,-0.3102186918258667,-0.23246607184410095,-0.0046138660982251167,0.22889359295368195,0.30902257561683655
AAA,2025-04-30,-0.32073786854743958,-0.24000217020511627,-0.0074961939826607704,0.22607849538326263,0.30600568652153015
AAA,2025-05-31,-0.31783896684646606,-0.23753519356250763,-0.0076352143660187721,0.22536946833133698,0.30550295114517212
AAA,2025-06-30,-0.32202774286270142,-0.24179884791374207,-0.008377893827855587,0.22244645655155182,0.30161798000335693
AAA,2025-07-31,-0.32049834728240967,-0.23930457234382629,-0.0083207972347736359,0.21981778740882874,0.29839926958084106
AAA,2025-08-31,-0.32101389765739441,-0.24009135365486145,-0.0081688938662409782,0.22299940884113312,0.30371925234794617
AAAFFM,2023-09-30,-0.95171952247619629,-0.80789995193481445,-0.48289346694946289,-0.23507881164550781,-0.089420557022094727
AAAFFM,2023-10-31,-1.0572819709777832,-0.90501308441162109,-0.46367740631103516,0.11196446418762207,0.34752607345581055
AAAFFM,2023-11-30,-1.2672781944274902,-1.0444827079772949,-0.39905929565429688,0.27347612380981445,0.55408501625061035
AAAFFM,2023-12-31,-1.3598449230194092,-1.0872282981872559,-0.36231064796447754,0.49682188034057617,0.81715202331542969
AAAFFM,2024-01-31,-1.5445940494537354,-1.2226216793060303,-0.29504942893981934,0.64445614814758301,0.99330353736877441
AAAFFM,2024-02-29,-1.6112968921661377,-1.2482023239135742,-0.22374916076660156,0.86417007446289062,1.2486262321472168
AAAFFM,2024-03-31,-1.7142994403839111,-1.3091080188751221,-0.15359282493591309,1.0960777997970581,1.5233458280563354
AAAFFM,2024-04-30,-1.7369978427886963,-1.3188736438751221,-0.051120519638061523,1.3688540458679199,1.8352038860321045
AAAFFM,2024-05-31,-1.8398926258087158,-1.3550450801849365,0.016862630844116211,1.5387052297592163,2.0420577526092529
AAAFFM,2024-06-30,-1.8589460849761963,-1.3612632751464844,0.082246780395507812,1.654308557510376,2.1976308822631836
AAAFFM,2024-07-31,-1.9308640956878662,-1.4002983570098877,0.12876152992248535,1.7894197702407837,2.3568592071533203
AAAFFM,2024-08-31,-1.9191114902496338,-1.4027726650238037,0.16686367988586426,1.9408581256866455,2.5274460315704346
AAAFFM,2024-09-30,-1.9496972560882568,-1.4152710437774658,0.20510363578796387,2.0640602111816406,2.6515486240386963
AAAFFM,2024-10-31,-2.0564796924591064,-1.48366379737854,0.27544999122619629,2.180138111114502,2.7725832462310791
AAAFFM,2024-11-30,-2.0200998783111572,-1.4378516674041748,0.36577534675598145,2.2812600135803223,2.8787400722503662
AAAFFM,2024-12-31,-2.0587198734283447,-1.4501287937164307,0.38027620315551758,2.3942275047302246,3.0089175701141357
AAAFFM,2025-01-31,-1.9345524311065674,-1.2941327095031738,0.59758973121643066,2.701092004776001,3.3798575401306152
AAAFFM,2025-02-28,-2.0007283687591553,-1.3020243644714355,0.63600432872772217,2.8259057998657227,3.5588736534118652
AAAFFM,2025-03-31,-1.9657251834869385,-1.2866718769073486,0.65944981575012207,2.9051697254180908,3.6682984828948975
AAAFFM,2025-04-30,-2.0064733028411865,-1.2835664749145508,0.7187964916229248,2.9890265464782715,3.7505917549133301
AAAFFM,2025-05-31,-2.0166895389556885,-1.3014333248138428,0.79479384422302246,3.0892252922058105,3.8619892597198486
AAAFFM,2025-06-30,-2.0820705890655518,-1.3188292980194092,0.82051372528076172,3.1463608741760254,3.8820228576660156
AAAFFM,2025-07-31,-2.0317666530609131,-1.2868247032165527,0.86352658271789551,3.18418288230896,3.9341497421264648
AAAFFM,2025-08-31,-2.0354917049407959,-1.2871770858764648,0.92412805557250977,3.2980785369873047,4.096156120300293
ACOGNO,2023-09-30,-0.02477455697953701,-0.017632272094488144,0.0024393368512392044,0.021841635927557945,0.02805519662797451
ACOGNO,2023-10-31,-0.02578841894865036,-0.018584428355097771,0.0022217852529138327,0.022592872381210327,0.029129873961210251
ACOGNO,2023-11-30,-0.026024181395769119,-0.018586982041597366,0.0030332515016198158,0.02377026341855526,0.030170699581503868
ACOGNO,2023-12-31,-0.026851845905184746,-0.019162828102707863,0.0031941188499331474,0.024084515869617462,0.030616499483585358
ACOGNO,2024-01-31,-0.027862420305609703,-0.020413944497704506,0.0015247265109792352,0.023448225110769272,0.030469020828604698
ACOGNO,2024-02-29,-0.026811039075255394,-0.019446099177002907,0.0033458205871284008,0.024831101298332214,0.0313718281686306
ACOGNO,2024-03-31,-0.027486514300107956,-0.019780958071351051,0.0030685248784720898,0.024565465748310089,0.030995029956102371
ACOGNO,2024-04-30,-0.02754133939743042,-0.02007545530796051,0.0022544171661138535,0.0243234783411026,0.031268421560525894
ACOGNO,2024-05-31,-0.026966527104377747,-0.019507059827446938,0.0028774251695722342,0.024155396968126297,0.03087608702480793
ACOGNO,2024-06-30,-0.027389243245124817,-0.019464565441012383,0.0028573477175086737,0.024644915014505386,0.031833365559577942
ACOGNO,2024-07-31,-0.026881944388151169,-0.019260039553046227,0.0031931712292134762,0.02472381666302681,0.031568672508001328
ACOGNO,2024-08-31,-0.027494780719280243,-0.019958479329943657,0.0025303112342953682,0.024060418829321861,0.03079674206674099
ACOGNO,2024-09-30,-0.027863373979926109,-0.020038951188325882,0.0029490441083908081,0.024540085345506668,0.031257133930921555
ACOGNO,2024-10-31,-0.02802237868309021,-0.020027982071042061,0.002849948825314641,0.024467688053846359,0.031107714399695396
ACOGNO,2024-11-30,-0.028336286544799805,-0.02023748867213726,0.0031417657155543566,0.025008838623762131,0.031919233500957489
ACOGNO,2024-12-31,-0.028986770659685135,-0.020856644958257675,0.0027449012268334627,0.024829266592860222,0.031764302402734756
ACOGNO,2025-01-31,-0.026743816211819649,-0.019229462370276451,0.0033225000370293856,0.025322522968053818,0.032314125448465347
ACOGNO,2025-02-28,-0.026714731007814407,-0.019185900688171387,0.0032663682941347361,0.025214213877916336,0.032206661999225616
ACOGNO,2025-03-31,-0.026507044211030006,-0.018977032974362373,0.0032439299393445253,0.024978309869766235,0.031920406967401505
ACOGNO,2025-04-30,-0.02709580585360527,-0.019393667578697205,0.0030051886569708586,0.024642966687679291,0.031649369746446609
ACOGNO,2025-05-31,-0.026500333100557327,-0.018943902105093002,0.0031281153205782175,0.024741718545556068,0.031909268349409103
ACOGNO,2025-06-30,-0.026691373437643051,-0.019191350787878036,0.0032197765540331602,0.024618485942482948,0.031519312411546707
ACOGNO,2025-07-31,-0.026646861806511879,-0.018983665853738785,0.0032148021273314953,0.024460291489958763,0.031291067600250244
ACOGNO,2025-08-31,-0.026630578562617302,-0.019072985276579857,0.003018583869561553,0.024774190038442612,0.03190300241112709
AMDMNOx,2023-09-30,-0.01799456775188446,-0.0058010853826999664,0.028107933700084686,0.064818702638149261,0.078902959823608398
AMDMNOx,2023-10-31,-0.06231863796710968,-0.046016190201044083,-0.0058873957023024559,0.032621346414089203,0.047544997185468674
AMDMNOx,2023-11-30,-0.054254863411188126,-0.037881132215261459,0.0050097396597266197,0.046986401081085205,0.062310986220836639
AMDMNOx,2023-12-31,-0.058124952018260956,-0.04016939178109169,0.0065755965188145638,0.051638107746839523,0.068275138735771179
AMDMNOx,2024-01-31,-0.070922844111919403,-0.05246393010020256,-0.0040522497147321701,0.043313562870025635,0.061053525656461716
AMDMNOx,2024-02-29,-0.061816491186618805,-0.04366612434387207,0.0065494067966938019,0.054416820406913757,0.071904934942722321
AMDMNOx,2024-03-31,-0.064420603215694427,-0.045562136918306351,0.0051621193997561932,0.052684720605611801,0.069658204913139343
AMDMNOx,2024-04-30,-0.067201338708400726,-0.048670981079339981,0.0013668016763404012,0.049366511404514313,0.066952414810657501
AMDMNOx,2024-05-31,-0.06565403938293457,-0.046740084886550903,0.0038409593980759382,0.051421232521533966,0.06861993670463562
AMDMNOx,2024-06-30,-0.065261490643024445,-0.046541191637516022,0.0042232507839798927,0.052201181650161743,0.069311358034610748
AMDMNOx,2024-07-31,-0.069070115685462952,-0.048930320888757706,0.0033716997131705284,0.051543213427066803,0.068375878036022186
AMDMNOx,2024-08-31,-0.067270874977111816,-0.048261433839797974,0.0037017934955656528,0.051847472786903381,0.069001078605651855
AMDMNOx,2024-09-30,-0.067991368472576141,-0.048679932951927185,0.0031154952012002468,0.050683461129665375,0.067413806915283203
AMDMNOx,2024-10-31,-0.068785727024078369,-0.049068115651607513,0.0028594187460839748,0.050321586430072784,0.066570036113262177
AMDMNOx,2024-11-30,-0.067240782082080841,-0.047948773950338364,0.0038164895959198475,0.051566474139690399,0.068558365106582642
AMDMNOx,2024-12-31,-0.068716540932655334,-0.048708487302064896,0.0038697640411555767,0.052177418023347855,0.069473229348659515
AMDMNOx,2025-01-31,-0.063046254217624664,-0.045183610171079636,0.0032747453078627586,0.050295092165470123,0.066974550485610962
AMDMNOx,2025-02-28,-0.063023023307323456,-0.045107893645763397,0.0037015944253653288,0.050469990819692612,0.06717190146446228
AMDMNOx,2025-03-31,-0.062249511480331421,-0.044406197965145111,0.003575524315237999,0.050540834665298462,0.067466601729393005
AMDMNOx,2025-04-30,-0.06221771240234375,-0.044404678046703339,0.0033238036558032036,0.049307432025671005,0.066009692847728729
AMDMNOx,2025-05-31,-0.060749240219593048,-0.043156106024980545,0.0037922882474958897,0.049518648535013199,0.066268138587474823
AMDMNOx,2025-06-30,-0.061378970742225647,-0.043898694217205048,0.0040191952139139175,0.049481660127639771,0.06592085212469101
AMDMNOx,2025-07-31,-0.062343448400497437,-0.044293459504842758,0.0037044314667582512,0.049193691462278366,0.065614186227321625
AMDMNOx,2025-08-31,-0.061631530523300171,-0.043877489864826202,0.0034462616313248873,0.049014844000339508,0.065746374428272247
AMDMUOx,2023-09-30,-0.0038044352550059557,-0.0018278879579156637,0.0046495008282363415,0.01136611495167017,0.013660529628396034
AMDMUOx,2023-10-31,-0.005228840745985508,-0.0029566294979304075,0.0044045373797416687,0.012067513540387154,0.014622010290622711
AMDMUOx,2023-11-30,-0.005854935385286808,-0.0034614752512425184,0.0043084342032670975,0.012520345859229565,0.015233630314469337
AMDMUOx,2023-12-31,-0.0065159713849425316,-0.0040137330070137978,0.0041086925193667412,0.01258725393563509,0.015424924902617931
AMDMUOx,2024-01-31,-0.0068963617086410522,-0.0043656965717673302,0.0040137562900781631,0.013045813888311386,0.016135990619659424
AMDMUOx,2024-02-29,-0.0068651605397462845,-0.0043221162632107735,0.0043440209701657295,0.013499211519956589,0.016523087397217751
AMDMUOx,2024-03-31,-0.0070277759805321693,-0.004336056299507618,0.0044747777283191681,0.013751892372965813,0.01685287244617939
AMDMUOx,2024-04-30,-0.0077790403738617897,-0.0050419503822922707,0.0040300814434885979,0.013794547878205776,0.017118081450462341
AMDMUOx,2024-05-31,-0.0079601025208830833,-0.00514992605894804,0.0041348980739712715,0.014033375307917595,0.017385127022862434
AMDMUOx,2024-06-30,-0.0083347447216510773,-0.0054750824347138405,0.0039793951436877251,0.014192690141499043,0.017668122425675392
AMDMUOx,2024-07-31,-0.0084993662312626839,-0.0054704742506146431,0.0042264447547495365,0.014466662891209126,0.017915783450007439
AMDMUOx,2024-08-31,-0.0085987094789743423,-0.0056572156026959419,0.0040631415322422981,0.014335310086607933,0.017835944890975952
AMDMUOx,2024-09-30,-0.0089294714853167534,-0.0058581419289112091,0.0041313366964459419,0.014477591030299664,0.01806945726275444
AMDMUOx,2024-10-31,-0.009191339835524559,-0.0060738837346434593,0.0039781956002116203,0.014666825532913208,0.018293118104338646
AMDMUOx,2024-11-30,-0.0092109991237521172,-0.006054190918803215,0.0041498006321489811,0.014693396165966988,0.018321050330996513
AMDMUOx,2024-12-31,-0.009359484538435936,-0.0062081664800643921,0.0041301921010017395,0.014972278848290443,0.018747279420495033
AMDMUOx,2025-01-31,-0.0099067147821187973,-0.006738380528986454,0.0037533817812800407,0.014874906279146671,0.018616687506437302
AMDMUOx,2025-02-28,-0.0099442992359399796,-0.0067947767674922943,0.0037717933300882578,0.014941019937396049,0.01874844916164875
AMDMUOx,2025-03-31,-0.0098992055281996727,-0.0067127048969268799,0.0037895888090133667,0.015066309832036495,0.018953695893287659
AMDMUOx,2025-04-30,-0.010236155241727829,-0.0069880886003375053,0.0036836937069892883,0.014919356442987919,0.018778344616293907
AMDMUOx,2025-05-31,-0.010118681006133556,-0.0069094672799110413,0.0037310097832232714,0.015068426728248596,0.0189786646515131
AMDMUOx,2025-06-30,-0.01031920313835144,-0.0070741577073931694,0.0038590088952332735,0.015235297381877899,0.019127799198031425
AMDMUOx,2025-07-31,-0.010308845899999142,-0.0069835856556892395,0.0039198147132992744,0.015176716260612011,0.019065618515014648
AMDMUOx,2025-08-31,-0.010141720063984394,-0.0069077685475349426,0.0038738246075809002,0.015186077915132046,0.019154524430632591
ANDENOx,2023-09-30,-0.03688700869679451,-0.011206751689314842,0.069664798676967621,0.16234031319618225,0.19606679677963257
ANDENOx,2023-10-31,-0.149335116147995,-0.11589019000530243,-0.022703979164361954,0.068854756653308868,0.10266951471567154
ANDENOx,2023-11-30,-0.1234114021062851,-0.090481497347354889,0.005445586983114481,0.1051434651017189,0.14020229876041412
ANDENOx,2023-12-31,-0.12321357429027557,-0.087052121758460999,0.015642251819372177,0.12147331237792969,0.15848360955715179
ANDENOx,2024-01-31,-0.15577362477779388,-0.12030375003814697,-0.017153970897197723,0.08888678252696991,0.12710805237293243
ANDENOx,2024-02-29,-0.13841062784194946,-0.10280577093362808,0.0053217057138681412,0.11414255201816559,0.15132024884223938
ANDENOx,2024-03-31,-0.13989748060703278,-0.10364654660224915,0.0055726799182593822,0.11374492943286896,0.15014737844467163
ANDENOx,2024-04-30,-0.14515125751495361,-0.10999766737222672,-0.0027958443388342857,0.10479921102523804,0.14183604717254639
ANDENOx,2024-05-31,-0.14000128209590912,-0.1047038808465004,0.0031583171803504229,0.1106945127248764,0.14739207923412323
ANDENOx,2024-06-30,-0.13851894438266754,-0.10382760316133499,0.0038822824135422707,0.11230774223804474,0.14877130091190338
ANDENOx,2024-07-31,-0.14510183036327362,-0.10826726257801056,0.0019526577088981867,0.1105833426117897,0.14688614010810852
ANDENOx,2024-08-31,-0.14325122535228729,-0.10795464366674423,0.0020845432300120592,0.11021054536104202,0.14719471335411072
ANDENOx,2024-09-30,-0.14425984025001526,-0.10837758332490921,0.00035894580651074648,0.10748164355754852,0.14325234293937683
ANDENOx,2024-10-31,-0.14545717835426331,-0.10883037745952606,0.001396240433678031,0.10933993011713028,0.14495326578617096
ANDENOx,2024-11-30,-0.14207117259502411,-0.10646404325962067,0.0026086017023772001,0.10907855629920959,0.1453385204076767
ANDENOx,2024-12-31,-0.14412984251976013,-0.10751074552536011,0.0015988990198820829,0.10931720584630966,0.14620454609394073
ANDENOx,2025-01-31,-0.13902464509010315,-0.10305458307266235,0.002670245012268424,0.1097712516784668,0.14704589545726776
ANDENOx,2025-02-28,-0.1398833692073822,-0.10387923568487167,0.0023973186034709215,0.10935836285352707,0.14703364670276642
ANDENOx,2025-03-31,-0.1396879255771637,-0.10333398729562759,0.0025451080873608589,0.10974623262882233,0.14759860932826996
ANDENOx,2025-04-30,-0.13969986140727997,-0.10373794287443161,0.0015876846155151725,0.1072986051440239,0.1448819488286972
ANDENOx,2025-05-31,-0.13729339838027954,-0.10111255943775177,0.0024212929420173168,0.10714432597160339,0.14485462009906769
ANDENOx,2025-06-30,-0.13839440047740936,-0.10214447975158691,0.0036126598715782166,0.10778681188821793,0.14497348666191101
ANDENOx,2025-07-31,-0.14226329326629639,-0.1046135425567627,0.0023042070679366589,0.10739704221487045,0.14492239058017731
ANDENOx,2025-08-31,-0.14132301509380341,-0.10424964874982834,0.001845321268774569,0.10741372406482697,0.14525978267192841
AWHMAN,2023-09-30,40.462471008300781,40.529087066650391,40.696456909179688,40.853122711181641,40.911212921142578
AWHMAN,2023-10-31,40.381942749023438,40.476432800292969,40.712745666503906,40.916519165039062,40.984149932861328
AWHMAN,2023-11-30,40.332164764404297,40.445079803466797,40.721202850341797,40.974330902099609,41.054527282714844
AWHMAN,2023-12-31,40.279953002929688,40.404159545898438,40.72711181640625,41.02178955078125,41.113048553466797
AWHMAN,2024-01-31,40.189102172851562,40.345108032226562,40.729110717773438,41.06646728515625,41.169204711914062
AWHMAN,2024-02-29,40.169673919677734,40.331157684326172,40.755260467529297,41.135635375976562,41.253833770751953
AWHMAN,2024-03-31,40.121303558349609,40.298980712890625,40.755420684814453,41.170127868652344,41.298519134521484
AWHMAN,2024-04-30,40.052326202392578,40.251491546630859,40.768039703369141,41.221000671386719,41.361152648925781
AWHMAN,2024-05-31,40.016746520996094,40.229183197021484,40.763057708740234,41.219924926757812,41.362060546875
AWHMAN,2024-06-30,39.999935150146484,40.219326019287109,40.761665344238281,41.232250213623047,41.381103515625
AWHMAN,2024-07-31,39.966361999511719,40.195541381835938,40.767597198486328,41.245250701904297,41.397834777832031
AWHMAN,2024-08-31,39.915153503417969,40.158828735351562,40.766181945800781,41.260112762451172,41.414394378662109
AWHMAN,2024-09-30,39.856903076171875,40.131389617919922,40.768169403076172,41.284984588623047,41.446815490722656
AWHMAN,2024-10-31,39.810260772705078,40.100894927978516,40.773380279541016,41.303581237792969,41.467853546142578
AWHMAN,2024-11-30,39.762565612792969,40.065074920654297,40.77032470703125,41.321578979492188,41.494560241699219
AWHMAN,2024-12-31,39.683647155761719,40.006553649902344,40.765525817871094,41.341335296630859,41.517917633056641
AWHMAN,2025-01-31,39.840591430664062,40.107204437255859,40.809600830078125,41.428073883056641,41.631946563720703
AWHMAN,2025-02-28,39.829235076904297,40.098236083984375,40.809715270996094,41.421321868896484,41.622329711914062
AWHMAN,2025-03-31,39.819866180419922,40.095024108886719,40.813068389892578,41.428272247314453,41.629631042480469
AWHMAN,2025-04-30,39.790309906005859,40.07757568359375,40.818645477294922,41.442718505859375,41.647876739501953
AWHMAN,2025-05-31,39.819713592529297,40.102500915527344,40.828441619873047,41.457405090332031,41.671745300292969
AWHMAN,2025-06-30,39.81695556640625,40.099464416503906,40.836284637451172,41.454502105712891,41.660430908203125
AWHMAN,2025-07-31,39.816669464111328,40.104583740234375,40.834602355957031,41.463924407958984,41.677021026611328
AWHMAN,2025-08-31,39.7977294921875,40.090892791748047,40.835414886474609,41.48321533203125,41.701175689697266
AWOTMAN,2023-09-30,-0.18581819534301758,-0.1442909836769104,-0.029931804165244102,0.080491878092288971,0.12162020802497864
AWOTMAN,2023-10-31,-0.18336120247840881,-0.13982979953289032,-0.017955195158720016,0.10004276782274246,0.14361214637756348
AWOTMAN,2023-11-30,-0.17835846543312073,-0.13284790515899658,-0.0049086441285908222,0.1176108717918396,0.16049493849277496
AWOTMAN,2023-12-31,-0.18383829295635223,-0.13535350561141968,0.00042986928019672632,0.12827003002166748,0.17346228659152985
AWOTMAN,2024-01-31,-0.19014658033847809,-0.14248593151569366,-0.0071914899162948132,0.12833927571773529,0.17685393989086151
AWOTMAN,2024-02-29,-0.19522297382354736,-0.14620739221572876,-0.0047514946199953556,0.13210880756378174,0.18017090857028961
AWOTMAN,2024-03-31,-0.19918490946292877,-0.14915123581886292,-0.0054207528010010719,0.13237236440181732,0.1805531233549118
AWOTMAN,2024-04-30,-0.1977648138999939,-0.1485760509967804,-0.0043021510355174541,0.13595768809318542,0.18470588326454163
AWOTMAN,2024-05-31,-0.19656454026699066,-0.14809359610080719,-0.0072483993135392666,0.12698902189731598,0.17464223504066467
AWOTMAN,2024-06-30,-0.19168305397033691,-0.14309133589267731,-0.0055170361883938313,0.12721030414104462,0.17484688758850098
AWOTMAN,2024-07-31,-0.19174991548061371,-0.14410310983657837,-0.0067591806873679161,0.122574582695961,0.16746117174625397
AWOTMAN,2024-08-31,-0.19075262546539307,-0.14317558705806732,-0.0048792650923132896,0.12492059916257858,0.16895395517349243
AWOTMAN,2024-09-30,-0.19653782248497009,-0.14700378477573395,-0.0062007475644350052,0.12413390725851059,0.16778677701950073
AWOTMAN,2024-10-31,-0.19709098339080811,-0.14649383723735809,-0.0050420924089848995,0.1257995069026947,0.1681053638458252
AWOTMAN,2024-11-30,-0.19849060475826263,-0.14898768067359924,-0.0063573578372597694,0.12507365643978119,0.16949811577796936
AWOTMAN,2024-12-31,-0.20342855155467987,-0.15110939741134644,-0.0048302123323082924,0.12872336804866791,0.1738881915807724
AWOTMAN,2025-01-31,-0.21198108792304993,-0.15416638553142548,-0.0047250939533114433,0.13573101162910461,0.18590168654918671
AWOTMAN,2025-02-28,-0.21389897167682648,-0.15513068437576294,-0.0038434793241322041,0.13666039705276489,0.18682548403739929
AWOTMAN,2025-03-31,-0.213475301861763,-0.15481646358966827,-0.0039338604547083378,0.13837164640426636,0.18945039808750153
AWOTMAN,2025-04-30,-0.21257758140563965,-0.15564985573291779,-0.0044500222429633141,0.14064683020114899,0.19276189804077148
AWOTMAN,2025-05-31,-0.21037933230400085,-0.152716264128685,-0.0034739077091217041,0.14158247411251068,0.19376130402088165
AWOTMAN,2025-06-30,-0.20885978639125824,-0.15179282426834106,-0.0024375282227993011,0.13711591064929962,0.18741707503795624
AWOTMAN,2025-07-31,-0.20460961759090424,-0.1484852135181427,-0.0033658361062407494,0.13184404373168945,0.18118312954902649
AWOTMAN,2025-08-31,-0.20128533244132996,-0.14631852507591248,-0.0033062919974327087,0.13138474524021149,0.18120087683200836
BAA,2023-09-30,-0.2082970142364502,-0.13995051383972168,0.073959432542324066,0.30140796303749084,0.37491679191589355
BAA,2023-10-31,-0.33834591507911682,-0.26338735222816467,-0.03276236355304718,0.20504602789878845,0.28268340229988098
BAA,2023-11-30,-0.30611312389373779,-0.23174303770065308,-0.0023539569228887558,0.23823213577270508,0.3147275447845459
BAA,2023-12-31,-0.30259397625923157,-0.22884362936019897,0.0019716043025255203,0.23762938380241394,0.31287676095962524
BAA,2024-01-31,-0.31426921486854553,-0.23973217606544495,-0.0092370994389057159,0.23241570591926575,0.31009006500244141
BAA,2024-02-29,-0.31721013784408569,-0.24396827816963196,-0.0075174057856202126,0.23368006944656372,0.3105684220790863
BAA,2024-03-31,-0.31826779246330261,-0.24283531308174133,-0.0056658536195755005,0.23578250408172607,0.31231862306594849
BAA,2024-04-30,-0.31975093483924866,-0.24512425065040588,-0.0074915317818522453,0.23911911249160767,0.31890255212783813
BAA,2024-05-31,-0.32440894842147827,-0.24914583563804626,-0.0085592316463589668,0.23515397310256958,0.31412747502326965
BAA,2024-06-30,-0.32477161288261414,-0.24651205539703369,-0.0056852195411920547,0.23995542526245117,0.32060503959655762
BAA,2024-07-31,-0.32599502801895142,-0.25023415684700012,-0.012703729793429375,0.23015153408050537,0.30994409322738647
BAA,2024-08-31,-0.32877224683761597,-0.2536393404006958,-0.014490585774183273,0.2248384952545166,0.30295479297637939
BAA,2024-09-30,-0.33924588561058044,-0.25973910093307495,-0.017227301374077797,0.22624063491821289,0.30458331108093262
BAA,2024-10-31,-0.33928391337394714,-0.25852629542350769,-0.013813290745019913,0.23088681697845459,0.30685439705848694
BAA,2024-11-30,-0.3436836302280426,-0.26305806636810303,-0.016211440786719322,0.22927922010421753,0.30874446034431458
BAA,2024-12-31,-0.34277215600013733,-0.26130589842796326,-0.013847896829247475,0.22940224409103394,0.30735954642295837
BAA,2025-01-31,-0.33810162544250488,-0.26006874442100525,-0.016076823696494102,0.2311578094959259,0.31206446886062622
BAA,2025-02-28,-0.33471062779426575,-0.25707709789276123,-0.015032947063446045,0.23260316252708435,0.31448602676391602
BAA,2025-03-31,-0.32942035794258118,-0.25145837664604187,-0.0095630455762147903,0.23743879795074463,0.31860500574111938
BAA,2025-04-30,-0.33506959676742554,-0.25566825270652771,-0.010904852300882339,0.23480916023254395,0.31535610556602478
BAA,2025-05-31,-0.33188214898109436,-0.25271174311637878,-0.011147001758217812,0.2345600426197052,0.31538566946983337
BAA,2025-06-30,-0.33629432320594788,-0.25705331563949585,-0.011665700003504753,0.23186111450195312,0.31186497211456299
BAA,2025-07-31,-0.3366847038269043,-0.25631740689277649,-0.011797487735748291,0.23044052720069885,0.31012070178985596
BAA,2025-08-31,-0.33376535773277283,-0.25447675585746765,-0.010257783345878124,0.23413646221160889,0.3158189058303833
BAAFFM,2023-09-30,0.090303182601928711,0.23408913612365723,0.57370257377624512,0.83090448379516602,0.98978638648986816
BAAFFM,2023-10-31,0.0064070224761962891,0.15799045562744141,0.60254144668579102,1.1898097991943359,1.4353561401367188
BAAFFM,2023-11-30,-0.18616938591003418,0.032999038696289062,0.6754302978515625,1.3551390171051025,1.6461730003356934
BAAFFM,2023-12-31,-0.28181266784667969,-0.0075900554656982422,0.71936511993408203,1.5904538631439209,1.9224115610122681
BAAFFM,2024-01-31,-0.45033097267150879,-0.13165926933288574,0.79463696479797363,1.7667887210845947,2.1329567432403564
BAAFFM,2024-02-29,-0.52704358100891113,-0.16328001022338867,0.86456727981567383,1.9690160751342773,2.3690714836120605
BAAFFM,2024-03-31,-0.60817694664001465,-0.21012496948242188,0.94202232360839844,2.2192232608795166,2.6652216911315918
BAAFFM,2024-04-30,-0.62997698783874512,-0.21818280220031738,1.0568337440490723,2.5084340572357178,2.9988417625427246
BAAFFM,2024-05-31,-0.73080277442932129,-0.25244235992431641,1.1304962635040283,2.684962272644043,3.2166495323181152
BAAFFM,2024-06-30,-0.73682045936584473,-0.25131869316101074,1.1983673572540283,2.8195145130157471,3.3968126773834229
BAAFFM,2024-07-31,-0.80093836784362793,-0.28557300567626953,1.2532925605773926,2.9744522571563721,3.5825624465942383
BAAFFM,2024-08-31,-0.78263258934020996,-0.27652692794799805,1.2978863716125488,3.128455638885498,3.7635331153869629
BAAFFM,2024-09-30,-0.80840706825256348,-0.28638958930969238,1.3294625282287598,3.2544581890106201,3.8961842060089111
BAAFFM,2024-10-31,-0.90546870231628418,-0.34853816032409668,1.3971343040466309,3.3702237606048584,4.0204000473022461
BAAFFM,2024-11-30,-0.8732602596282959,-0.30701279640197754,1.501288890838623,3.491295337677002,4.1472854614257812
BAAFFM,2024-12-31,-0.9261176586151123,-0.33313345909118652,1.5082294940948486,3.5946516990661621,4.2753992080688477
BAAFFM,2025-01-31,-0.7681586742401123,-0.16931581497192383,1.6897506713867188,3.8429121971130371,4.5442972183227539
BAAFFM,2025-02-28,-0.81579184532165527,-0.1649172306060791,1.7261912822723389,3.967045783996582,4.7248668670654297
BAAFFM,2025-03-31,-0.77448058128356934,-0.14206838607788086,1.7554882764816284,4.0426898002624512,4.827122688293457
BAAFFM,2025-04-30,-0.80340456962585449,-0.13176417350769043,1.817837119102478,4.1367092132568359,4.9265837669372559
BAAFFM,2025-05-31,-0.79785466194152832,-0.13834309577941895,1.8920141458511353,4.2286787033081055,5.0283198356628418
BAAFFM,2025-06-30,-0.85611653327941895,-0.15300202369689941,1.9214832782745361,4.2831096649169922,5.045966625213623
BAAFFM,2025-07-31,-0.8070533275604248,-0.11917233467102051,1.968212366104126,4.3222780227661133,5.0991010665893555
BAAFFM,2025-08-31,-0.80339217185974121,-0.11365008354187012,2.0287981033325195,4.437952995300293,5.2601203918457031
BOGMBASE,2023-09-30,-0.040997534990310669,-0.029487807303667068,-0.0035165499430149794,0.020853731781244278,0.032208431512117386
BOGMBASE,2023-10-31,-0.043324299156665802,-0.030666971579194069,-0.0024460647255182266,0.024628778919577599,0.036849562078714371
BOGMBASE,2023-11-30,-0.033878233283758163,-0.02095666341483593,0.0091047165915369987,0.040861144661903381,0.05543411523103714
BOGMBASE,2023-12-31,-0.047995101660490036,-0.03480403870344162,-0.0025419772136956453,0.028788108378648758,0.042932566255331039
BOGMBASE,2024-01-31,-0.055205520242452621,-0.040434297174215317,-0.0062645161524415016,0.02618001401424408,0.040727410465478897
BOGMBASE,2024-02-29,-0.040075674653053284,-0.026032764464616776,0.0066042309626936913,0.040418650954961777,0.055645398795604706
BOGMBASE,2024-03-31,-0.047812163829803467,-0.033897906541824341,-0.0010952184675261378,0.031163331121206284,0.045038964599370956
BOGMBASE,2024-04-30,-0.050150256603956223,-0.036531396210193634,-0.0041270549409091473,0.027143357321619987,0.040603253990411758
BOGMBASE,2024-05-31,-0.040348164737224579,-0.027045330032706261,0.0038317714352160692,0.035109482705593109,0.048876788467168808
BOGMBASE,2024-06-30,-0.041881479322910309,-0.028972804546356201,0.0010579761583358049,0.029756519943475723,0.042420763522386551
BOGMBASE,2024-07-31,-0.044634781777858734,-0.031185973435640335,-0.0017747594974935055,0.025710072368383408,0.037859275937080383
BOGMBASE,2024-08-31,-0.040133010596036911,-0.027728956192731857,0.0012537039583548903,0.029143931344151497,0.041398543864488602
BOGMBASE,2024-09-30,-0.04321211576461792,-0.030306914821267128,-0.00036690942943096161,0.028214005753397942,0.040735270828008652
BOGMBASE,2024-10-31,-0.043492313474416733,-0.030340922996401787,0.00012009726196993142,0.029654011130332947,0.042693343013525009
BOGMBASE,2024-11-30,-0.04181293398141861,-0.028482263907790184,0.0022106396500021219,0.031636126339435577,0.044553846120834351
BOGMBASE,2024-12-31,-0.046335294842720032,-0.032475050538778305,-0.00065650721080601215,0.029169149696826935,0.04241320863366127
BOGMBASE,2025-01-31,-0.060209348797798157,-0.043287768959999084,-0.0059727285988628864,0.030642189085483551,0.046369642019271851
BOGMBASE,2025-02-28,-0.048668239265680313,-0.032433226704597473,0.0039223628118634224,0.04044022411108017,0.056125622242689133
BOGMBASE,2025-03-31,-0.047400839626789093,-0.031965672969818115,0.003219197504222393,0.038070984184741974,0.053100161254405975
BOGMBASE,2025-04-30,-0.050186019390821457,-0.036007456481456757,-0.0025169928558170795,0.029613072052598,0.043740943074226379
BOGMBASE,2025-05-31,-0.044761795550584793,-0.031404860317707062,-0.0015702408272773027,0.027522008866071701,0.040475230664014816
BOGMBASE,2025-06-30,-0.036198291927576065,-0.024821002036333084,0.0021613095887005329,0.029316818341612816,0.041396912187337875
BOGMBASE,2025-07-31,-0.037475530058145523,-0.025899967178702354,0.00070906407199800014,0.026929555460810661,0.038674954324960709
BOGMBASE,2025-08-31,-0.039035383611917496,-0.027601275593042374,-0.0010559246875345707,0.025137890130281448,0.036820352077484131
BUSINVx,2023-09-30,-0.0034236530773341656,-0.0020369682461023331,0.0014913867926225066,0.004769742488861084,0.0059155849739909172
BUSINVx,2023-10-31,-0.0045867147855460644,-0.0030656424351036549,0.0010030546691268682,0.0049105184152722359,0.0062672365456819534
BUSINVx,2023-11-30,-0.0044802110642194748,-0.0028381054289638996,0.00161431182641536,0.0058548757806420326,0.0072671803645789623
BUSINVx,2023-12-31,-0.0050171934999525547,-0.0032388954423367977,0.0015991460531949997,0.0061649484559893608,0.0077271964401006699
BUSINVx,2024-01-31,-0.0051067671738564968,-0.0032502305693924427,0.0018375704530626535,0.0065994374454021454,0.0081609021872282028
BUSINVx,2024-02-29,-0.004932051058858633,-0.003074252512305975,0.0023161335848271847,0.0071724462322890759,0.0087866811081767082
BUSINVx,2024-03-31,-0.00557296397164464,-0.0035831350833177567,0.0019839138258248568,0.0070886877365410328,0.008789602667093277
BUSINVx,2024-04-30,-0.0051193018443882465,-0.0030445950105786324,0.00271204998716712,0.0079306671395897865,0.0097169233486056328
BUSINVx,2024-05-31,-0.0053841681219637394,-0.0032891705632209778,0.0024967752397060394,0.007794003002345562,0.0096219982951879501
BUSINVx,2024-06-30,-0.0053002345375716686,-0.0031578973866999149,0.0027077894192188978,0.0082012778148055077,0.010142207145690918
BUSINVx,2024-07-31,-0.0052711456082761288,-0.0030777980573475361,0.0028776500839740038,0.0083603747189044952,0.010271003469824791
BUSINVx,2024-08-31,-0.0053245504386723042,-0.003171632532030344,0.0028667226433753967,0.0084076877683401108,0.010354377329349518
BUSINVx,2024-09-30,-0.0054081096313893795,-0.0031619872897863388,0.0030337194912135601,0.0086681526154279709,0.010682348161935806
BUSINVx,2024-10-31,-0.0054583693854510784,-0.0031737983226776123,0.0030142837204039097,0.0086871162056922913,0.010678624734282494
BUSINVx,2024-11-30,-0.0054758763872087002,-0.0031502638012170792,0.0031604471150785685,0.0088895419612526894,0.010960624553263187
BUSINVx,2024-12-31,-0.0055538997985422611,-0.0032645058818161488,0.0030557331629097462,0.0088764242827892303,0.010980352759361267
BUSINVx,2025-01-31,-0.0054131881333887577,-0.002945728600025177,0.0031667153816670179,0.0092031341046094894,0.011738298460841179
BUSINVx,2025-02-28,-0.0053921821527183056,-0.0029538627713918686,0.0030956151895225048,0.0091029051691293716,0.011652877554297447
BUSINVx,2025-03-31,-0.0052479454316198826,-0.0028117494657635689,0.0031733282376080751,0.0090941004455089569,0.011614913120865822
BUSINVx,2025-04-30,-0.0054026567377150059,-0.0028855884447693825,0.0031660459935665131,0.0091204224154353142,0.011677350848913193
BUSINVx,2025-05-31,-0.005251843947917223,-0.0027974527329206467,0.0031995838508009911,0.00923115573823452,0.011900769546627998
BUSINVx,2025-06-30,-0.0052691181190311909,-0.0028420723974704742,0.0032147953752428293,0.0091738030314445496,0.011804159730672836
BUSINVx,2025-07-31,-0.005112841259688139,-0.0026760012842714787,0.0032352413982152939,0.0091243777424097061,0.01176370307803154
BUSINVx,2025-08-31,-0.0052088727243244648,-0.0027342578396201134,0.003260402474552393,0.0093076294288039207,0.01200929656624794
BUSLOANS,2023-09-30,-0.012580398470163345,-0.0092649981379508972,-0.00081685010809451342,0.0074522583745419979,0.010579668916761875
BUSLOANS,2023-10-31,-0.011966880410909653,-0.0086043728515505791,0.00023225641052704304,0.0087824882939457893,0.011885955929756165
BUSLOANS,2023-11-30,-0.012094113975763321,-0.008673391304910183,0.00024247313558589667,0.0088560869917273521,0.011994983069598675
BUSLOANS,2023-12-31,-0.012364272959530354,-0.0088469618931412697,0.00011618291318882257,0.0086447512730956078,0.011733287945389748
BUSLOANS,2024-01-31,-0.012378946878015995,-0.0088716819882392883,0.00012661110667977482,0.0088115297257900238,0.012005966156721115
BUSLOANS,2024-02-29,-0.012158972211182117,-0.0087440703064203262,0.0002026294096140191,0.0087068555876612663,0.011767314746975899
BUSLOANS,2024-03-31,-0.012238530442118645,-0.0086942790076136589,0.00022390105004888028,0.0085880784317851067,0.01157976221293211
BUSLOANS,2024-04-30,-0.01243036612868309,-0.0088254772126674652,0.00022822486062068492,0.0087509658187627792,0.011845319531857967
BUSLOANS,2024-05-31,-0.01251449529081583,-0.0089826462790369987,7.1451955591328442e-05,0.0086523080244660378,0.011762337759137154
BUSLOANS,2024-06-30,-0.012354811653494835,-0.0087481746450066566,8.463830454275012e-05,0.0085097141563892365,0.011627563275396824
BUSLOANS,2024-07-31,-0.012000321410596371,-0.0086024655029177666,0.00017968326574191451,0.0084247561171650887,0.011408759281039238
BUSLOANS,2024-08-31,-0.01215341966599226,-0.0087420986965298653,3.7537789467023686e-05,0.0083829415962100029,0.011332497000694275
BUSLOANS,2024-09-30,-0.012699934653937817,-0.009025057777762413,0.00016560623771511018,0.008439154364168644,0.011357388459146023
BUSLOANS,2024-10-31,-0.012587438337504864,-0.0089363111183047295,0.00012555319699458778,0.0084141502156853676,0.011309375986456871
BUSLOANS,2024-11-30,-0.012639336287975311,-0.0089899180456995964,0.00012722116662189364,0.0084927678108215332,0.011520083993673325
BUSLOANS,2024-12-31,-0.012395519763231277,-0.0088300248607993126,0.00015425615129061043,0.0084151476621627808,0.011386857368052006
BUSLOANS,2025-01-31,-0.012548702768981457,-0.0089168651029467583,9.7524884040467441e-05,0.0086658056825399399,0.011837590485811234
BUSLOANS,2025-02-28,-0.012198394164443016,-0.0086737927049398422,0.00017732723790686578,0.0085754320025444031,0.01169576495885849
BUSLOANS,2025-03-31,-0.012199940159916878,-0.0086331041529774666,0.00018932776583824307,0.0085249310359358788,0.011665827594697475
BUSLOANS,2025-04-30,-0.012226033955812454,-0.0086114704608917236,0.00017731430125422776,0.008442574180662632,0.011552060022950172
BUSLOANS,2025-05-31,-0.012523501180112362,-0.0088533405214548111,0.00015288300346583128,0.0088166845962405205,0.012088563293218613
BUSLOANS,2025-06-30,-0.012287404388189316,-0.0087349219247698784,0.00023426483676303178,0.0086672268807888031,0.011818469502031803
BUSLOANS,2025-07-31,-0.012005867436528206,-0.0084456168115139008,0.00024691296857781708,0.0083760675042867661,0.011428945697844028
BUSLOANS,2025-08-31,-0.012172995135188103,-0.0085638873279094696,0.00023258767032530159,0.0084415078163146973,0.011582079343497753
CE16OV,2023-09-30,-0.0028278706595301628,-0.0017710414249449968,0.00079439021646976471,0.0032835914753377438,0.0041776685975492001
CE16OV,2023-10-31,-0.0025586700066924095,-0.0014674421399831772,0.0012132502160966396,0.003729651216417551,0.0046626408584415913
CE16OV,2023-11-30,-0.0023220544680953026,-0.0012813177891075611,0.0013207611627876759,0.0038157426752150059,0.0047172144986689091
CE16OV,2023-12-31,-0.0029328539967536926,-0.0018264383543282747,0.00092750857584178448,0.003573455149307847,0.0045418259687721729
CE16OV,2024-01-31,-0.0031219476368278265,-0.0019436262082308531,0.0011011619353666902,0.0039134598337113857,0.0048981225118041039
CE16OV,2024-02-29,-0.0029230858199298382,-0.0017951708287000656,0.0011358595220372081,0.0039873882196843624,0.0050366357900202274
CE16OV,2024-03-31,-0.0031059214379638433,-0.0019325544126331806,0.0010209628380835056,0.0039368197321891785,0.0050014541484415531
CE16OV,2024-04-30,-0.0032474447507411242,-0.0020200463477522135,0.0011002033716067672,0.0041929455474019051,0.0053031700663268566
CE16OV,2024-05-31,-0.0030763030517846346,-0.0018788690213114023,0.0012138987658545375,0.0042303819209337234,0.0053241006098687649
CE16OV,2024-06-30,-0.0032289561349898577,-0.0020127843599766493,0.0010809439700096846,0.0040717455558478832,0.0051531936042010784
CE16OV,2024-07-31,-0.0031553630251437426,-0.0019828630611300468,0.0010192353511229157,0.0039197471924126148,0.0050213015638291836
CE16OV,2024-08-31,-0.0031916911248117685,-0.0020035447087138891,0.0011073758359998465,0.0040659941732883453,0.0051636341959238052
CE16OV,2024-09-30,-0.0031687596347182989,-0.0019947001710534096,0.0012449461501091719,0.0043103820644319057,0.0054200016893446445
CE16OV,2024-10-31,-0.0033616384025663137,-0.0021293908357620239,0.0010632089106366038,0.0040072929114103317,0.0050679240375757217
CE16OV,2024-11-30,-0.0030286584515124559,-0.0018663359805941582,0.0012125674402341247,0.0041302037425339222,0.0052263429388403893
CE16OV,2024-12-31,-0.0031212929170578718,-0.0019201466348022223,0.0011257450096309185,0.0041133072227239609,0.0052054515108466148
CE16OV,2025-01-31,-0.0034678706433624029,-0.0021759141236543655,0.0013025336666032672,0.0045756078325212002,0.0057336487807333469
CE16OV,2025-02-28,-0.00327070034109056,-0.0020242140162736177,0.0012699454091489315,0.0043519656173884869,0.0054443017579615116
CE16OV,2025-03-31,-0.0031816845294088125,-0.0019445389043539762,0.0013154236366972327,0.0042893285863101482,0.0053295665420591831
CE16OV,2025-04-30,-0.003158884821459651,-0.0019390175584703684,0.0012801713310182095,0.0044067194685339928,0.0055271340534090996
CE16OV,2025-05-31,-0.0034621970262378454,-0.0021845076698809862,0.001232535345479846,0.0044199954718351364,0.0055266073904931545
CE16OV,2025-06-30,-0.0031106651294976473,-0.0019205284770578146,0.0012397740501910448,0.0043581742793321609,0.0055179144255816936
CE16OV,2025-07-31,-0.0031018478330224752,-0.0018713718745857477,0.0012797187082469463,0.0043842000886797905,0.0055444398894906044
CE16OV,2025-08-31,-0.0033081017900258303,-0.0020374015439301729,0.0012599922483786941,0.0045307804830372334,0.0057141492143273354
CES0600000007,2023-09-30,40.108837127685547,40.190872192382812,40.391651153564453,40.589515686035156,40.656330108642578
CES0600000007,2023-10-31,40.076709747314453,40.178981781005859,40.429283142089844,40.658218383789062,40.738143920898438
CES0600000007,2023-11-30,40.076900482177734,40.182720184326172,40.451892852783203,40.709140777587891,40.791656494140625
CES0600000007,2023-12-31,40.023509979248047,40.143093109130859,40.462680816650391,40.753322601318359,40.849559783935547
CES0600000007,2024-01-31,39.909862518310547,40.0556640625,40.424537658691406,40.750980377197266,40.853481292724609
CES0600000007,2024-02-29,39.909248352050781,40.059001922607422,40.447933197021484,40.798557281494141,40.909355163574219
CES0600000007,2024-03-31,39.883525848388672,40.046520233154297,40.461990356445312,40.837661743164062,40.953907012939453
CES0600000007,2024-04-30,39.831527709960938,40.01348876953125,40.483253479003906,40.883193969726562,41.003448486328125
CES0600000007,2024-05-31,39.829322814941406,40.012496948242188,40.477279663085938,40.887447357177734,41.010189056396484
CES0600000007,2024-06-30,39.802173614501953,39.993732452392578,40.466438293457031,40.888759613037109,41.021923065185547
CES0600000007,2024-07-31,39.798877716064453,39.993358612060547,40.473201751708984,40.891788482666016,41.021991729736328
CES0600000007,2024-08-31,39.766269683837891,39.967342376708984,40.462142944335938,40.8885498046875,41.018905639648438
CES0600000007,2024-09-30,39.703338623046875,39.929840087890625,40.463092803955078,40.912303924560547,41.053192138671875
CES0600000007,2024-10-31,39.667636871337891,39.909397125244141,40.466461181640625,40.936321258544922,41.082675933837891
CES0600000007,2024-11-30,39.623580932617188,39.88067626953125,40.471614837646484,40.949748992919922,41.098194122314453
CES0600000007,2024-12-31,39.580776214599609,39.837497711181641,40.460773468017578,40.973171234130859,41.131500244140625
CES0600000007,2025-01-31,39.638832092285156,39.865928649902344,40.479396820068359,41.048923492431641,41.233798980712891
CES0600000007,2025-02-28,39.639797210693359,39.867237091064453,40.480079650878906,41.054302215576172,41.242034912109375
CES0600000007,2025-03-31,39.649154663085938,39.879238128662109,40.492607116699219,41.059444427490234,41.246131896972656
CES0600000007,2025-04-30,39.614479064941406,39.861568450927734,40.4952392578125,41.063968658447266,41.252639770507812
CES0600000007,2025-05-31,39.640453338623047,39.875873565673828,40.501510620117188,41.074539184570312,41.267417907714844
CES0600000007,2025-06-30,39.657009124755859,39.886795043945312,40.505546569824219,41.075038909912109,41.262866973876953
CES0600000007,2025-07-31,39.660781860351562,39.895790100097656,40.511417388916016,41.076751708984375,41.264423370361328
CES0600000007,2025-08-31,39.628765106201172,39.872566223144531,40.509059906005859,41.089969635009766,41.284156799316406
CES0600000008,2023-09-30,-0.0026424990501254797,-0.0017071414040401578,0.00083425699267536402,0.0035732837859541178,0.0045823794789612293
CES0600000008,2023-10-31,-0.0048097497783601284,-0.0036019876133650541,-0.00037170090945437551,0.0028655133210122585,0.0040583438239991665
CES0600000008,2023-11-30,-0.0046143308281898499,-0.0033364337868988514,0.00026225694455206394,0.0039664539508521557,0.0052882530726492405
CES0600000008,2023-12-31,-0.0053509362041950226,-0.0039866059087216854,-4.393366543808952e-05,0.0039409971795976162,0.0053246109746396542
CES0600000008,2024-01-31,-0.005521831102669239,-0.0040649059228599072,2.9894019462517463e-05,0.0042577274143695831,0.0056990333832800388
CES0600000008,2024-02-29,-0.0057692606933414936,-0.0042307125404477119,5.7300298067275435e-05,0.0043234447948634624,0.0057828892022371292
CES0600000008,2024-03-31,-0.0056677646934986115,-0.0041910791769623756,6.3156785472529009e-06,0.0040520038455724716,0.0054260431788861752
CES0600000008,2024-04-30,-0.005302052479237318,-0.0039009382016956806,9.3009119154885411e-05,0.0039846566505730152,0.0053283516317605972
CES0600000008,2024-05-31,-0.0053461799398064613,-0.0039637982845306396,1.9175011402694508e-05,0.0038671162910759449,0.0051894891075789928
CES0600000008,2024-06-30,-0.0052625448442995548,-0.0039012313354760408,2.6761388653540052e-05,0.0038997516967356205,0.0052221454679965973
CES0600000008,2024-07-31,-0.0052806073799729347,-0.0039143823087215424,2.8667423976003192e-05,0.0038611546624451876,0.0051386174745857716
CES0600000008,2024-08-31,-0.0052304179407656193,-0.0038879166822880507,3.8344573113135993e-05,0.0038473878521472216,0.0051423734985291958
CES0600000008,2024-09-30,-0.0052860896103084087,-0.0038944007828831673,4.807466029888019e-05,0.0038267855998128653,0.0050813411362469196
CES0600000008,2024-10-31,-0.0052177486941218376,-0.0038178157992660999,7.4543691880535334e-05,0.003820652374997735,0.0050438265316188335
CES0600000008,2024-11-30,-0.0052673127502202988,-0.0038802104536443949,1.5608924513799138e-05,0.003744450630620122,0.0050230636261403561
CES0600000008,2024-12-31,-0.0052376119419932365,-0.0038321106694638729,6.3852086896076798e-05,0.0037818828132003546,0.0050567137077450752
CES0600000008,2025-01-31,-0.0053879297338426113,-0.0039438954554498196,8.7848911789478734e-06,0.0039506610482931137,0.0053411084227263927
CES0600000008,2025-02-28,-0.0054138968698680401,-0.0039716549217700958,2.3383430743706413e-05,0.0040036579594016075,0.0054134014062583447
CES0600000008,2025-03-31,-0.0054468917660415173,-0.0039802631363272667,1.9424158381298184e-05,0.0040349573828279972,0.0054671657271683216
CES0600000008,2025-04-30,-0.0054538939148187637,-0.0039883339777588844,3.5134135032421909e-06,0.0039697899483144283,0.0053843590430915356
CES0600000008,2025-05-31,-0.0053881541825830936,-0.0039157518185675144,2.5128856577794068e-05,0.0039864843711256981,0.0053999614901840687
CES0600000008,2025-06-30,-0.0054803867824375629,-0.0039959587156772614,4.5521715946961194e-05,0.0039829020388424397,0.005379965528845787
CES0600000008,2025-07-31,-0.0054200757294893265,-0.0039330539293587208,2.9350185286602937e-05,0.0038717933930456638,0.0052395625971257687
CES0600000008,2025-08-31,-0.0053501594811677933,-0.0038846787065267563,3.0675677407998592e-05,0.0038580449763685465,0.0052399002015590668
CES1021000001,2023-09-30,-0.010134176351130009,-0.0071982797235250473,-0.00073001283453777432,0.0050934036262333393,0.0073370113968849182
CES1021000001,2023-10-31,-0.011964539065957069,-0.0083313239738345146,-0.00022373400861397386,0.0066327806562185287,0.0091534387320280075
CES1021000001,2023-11-30,-0.012539532035589218,-0.0086888391524553299,0.00015007145702838898,0.0078174909576773643,0.010444039478898048
CES1021000001,2023-12-31,-0.013092687353491783,-0.0090584298595786095,0.00045854772906750441,0.0083514396101236343,0.01118090096861124
CES1021000001,2024-01-31,-0.014443517662584782,-0.0099213793873786926,0.00026418641209602356,0.0089695071801543236,0.012038220651447773
CES1021000001,2024-02-29,-0.014216470532119274,-0.0097755314782261848,0.00079686020035296679,0.0095321983098983765,0.012464240193367004
CES1021000001,2024-03-31,-0.014794684946537018,-0.010048175230622292,0.00076939433347433805,0.0095174182206392288,0.012483048252761364
CES1021000001,2024-04-30,-0.015677211806178093,-0.010737486183643341,0.00050106004346162081,0.0099007692188024521,0.013131435960531235
CES1021000001,2024-05-31,-0.015924066305160522,-0.010886082425713539,0.00056233210489153862,0.0099149327725172043,0.013113567605614662
CES1021000001,2024-06-30,-0.016312219202518463,-0.010965370573103428,0.00094353943131864071,0.010476797819137573,0.013818951323628426
CES1021000001,2024-07-31,-0.016694813966751099,-0.011372747831046581,0.00051916390657424927,0.010266518220305443,0.013701789081096649
CES1021000001,2024-08-31,-0.016670342534780502,-0.011363333091139793,0.00050338730216026306,0.01026788167655468,0.013625744730234146
CES1021000001,2024-09-30,-0.01748570054769516,-0.011938576586544514,0.00045454606879502535,0.010258832015097141,0.013653798960149288
CES1021000001,2024-10-31,-0.017334882169961929,-0.011709753423929214,0.00073208147659897804,0.010756460018455982,0.014065307565033436
CES1021000001,2024-11-30,-0.017742089927196503,-0.012030494399368763,0.00065728079061955214,0.010983080603182316,0.014565237797796726
CES1021000001,2024-12-31,-0.017348539084196091,-0.01189054362475872,0.0005635806592181325,0.011094696819782257,0.014731223694980145
CES1021000001,2025-01-31,-0.018970631062984467,-0.012411789037287235,0.00093801924958825111,0.012027157470583916,0.016240183264017105
CES1021000001,2025-02-28,-0.018754452466964722,-0.012309900484979153,0.00098673184402287006,0.01223185658454895,0.016441330313682556
CES1021000001,2025-03-31,-0.018231336027383804,-0.011914627626538277,0.0011036691721528769,0.01214629877358675,0.016351547092199326
CES1021000001,2025-04-30,-0.018298052251338959,-0.011856725439429283,0.0011865280102938414,0.011958286166191101,0.016158528625965118
CES1021000001,2025-05-31,-0.018225718289613724,-0.011820156127214432,0.0010949410498142242,0.012152320705354214,0.016481302678585052
CES1021000001,2025-06-30,-0.01756783202290535,-0.011551740579307079,0.0012722269166260958,0.012032649479806423,0.01619376614689827
CES1021000001,2025-07-31,-0.017286546528339386,-0.011259603314101696,0.0013301137369126081,0.011698114685714245,0.015773329883813858
CES1021000001,2025-08-31,-0.017771057784557343,-0.011591381393373013,0.0011767614632844925,0.011850649490952492,0.016061108559370041
CES2000000008,2023-09-30,-0.0068028517998754978,-0.0048860758543014526,-0.00058106414508074522,0.0031621262896806002,0.004680123645812273
CES2000000008,2023-10-31,-0.007403035182505846,-0.0051375748589634895,0.00021511845989152789,0.0052049551159143448,0.0071375328116118908
CES2000000008,2023-11-30,-0.0088956970721483231,-0.0063233119435608387,-0.00020662811584770679,0.005684336181730032,0.0079090874642133713
CES2000000008,2023-12-31,-0.0098221451044082642,-0.0068616429343819618,0.00016632149345241487,0.006908870767802,0.0094077587127685547
CES2000000008,2024-01-31,-0.011232455261051655,-0.0079381624236702919,-9.9252203654032201e-05,0.0079692509025335312,0.010951358824968338
CES2000000008,2024-02-29,-0.012519749812781811,-0.008882615715265274,-0.00017069894238375127,0.0086263120174407959,0.011880993843078613
CES2000000008,2024-03-31,-0.012163468636572361,-0.0085301259532570839,4.9696831410983577e-05,0.008219628594815731,0.011206816881895065
CES2000000008,2024-04-30,-0.010910561308264732,-0.0076663983054459095,6.2385057390201837e-05,0.0075624962337315083,0.010303579270839691
CES2000000008,2024-05-31,-0.010873429477214813,-0.0076643573120236397,-2.2393965991795994e-05,0.0072559583932161331,0.0099164815619587898
CES2000000008,2024-06-30,-0.01047057006508112,-0.0073744715191423893,-7.0815426624903921e-06,0.0069274827837944031,0.0094784386456012726
CES2000000008,2024-07-31,-0.01039519626647234,-0.0073275081813335419,-3.9451919292332605e-05,0.0067504509352147579,0.0092390384525060654
CES2000000008,2024-08-31,-0.01023771520704031,-0.0072716604918241501,-3.3391337638022378e-05,0.0066699297167360783,0.0090917376801371574
CES2000000008,2024-09-30,-0.01052556186914444,-0.0074143013916909695,4.133039965381613e-06,0.0066709253005683422,0.0090796994045376778
CES2000000008,2024-10-31,-0.010517948307096958,-0.0073584308847784996,2.266233968839515e-05,0.0068343230523169041,0.0092477928847074509
CES2000000008,2024-11-30,-0.010760888457298279,-0.0075481012463569641,-1.40318707053666e-05,0.0068524708040058613,0.009376957081258297
CES2000000008,2024-12-31,-0.010989898815751076,-0.0077221281826496124,8.1248370406683534e-05,0.0072492752224206924,0.0098812878131866455
CES2000000008,2025-01-31,-0.011912089772522449,-0.0081958239898085594,-5.9943224187009037e-05,0.0077932467684149742,0.010874607600271702
CES2000000008,2025-02-28,-0.012247473932802677,-0.0084285521879792213,6.6736238295561634e-06,0.0079715009778738022,0.011060904711484909
CES2000000008,2025-03-31,-0.01188391912728548,-0.0081872241571545601,-6.132260023150593e-05,0.0079222777858376503,0.011008812114596367
CES2000000008,2025-04-30,-0.011429890990257263,-0.0078431675210595131,-3.1374765967484564e-05,0.0075043723918497562,0.010511040687561035
CES2000000008,2025-05-31,-0.011190799064934254,-0.0077177160419523716,-6.1169099353719503e-05,0.0073965885676443577,0.010417114943265915
CES2000000008,2025-06-30,-0.010751525871455669,-0.0074696703813970089,-1.4791617104492616e-05,0.0070686149410903454,0.0098937787115573883
CES2000000008,2025-07-31,-0.010307428427040577,-0.0071438159793615341,-3.1334737286670133e-05,0.0067391954362392426,0.0094634974375367165
CES2000000008,2025-08-31,-0.010159117169678211,-0.0070329471491277218,-2.275874066981487e-05,0.0066954498179256916,0.0094740148633718491
CES3000000008,2023-09-30,-0.00116079265717417,-0.00016352540114894509,0.0030889923218637705,0.0068686702288687229,0.0082975244149565697
CES3000000008,2023-10-31,-0.0064362692646682262,-0.0049515482969582081,-0.00097971479408442974,0.0029036842752248049,0.0043472312390804291
CES3000000008,2023-11-30,-0.006049029529094696,-0.0045013544149696827,-0.00027050366043113172,0.0039417757652699947,0.0054420717060565948
CES3000000008,2023-12-31,-0.0059319660067558289,-0.0043449723161756992,0.00016816859715618193,0.0048278854228556156,0.0064313085749745369
CES3000000008,2024-01-31,-0.0062938928604125977,-0.0046649770811200142,-4.5751276047667488e-05,0.0047750691883265972,0.006398193072527647
CES3000000008,2024-02-29,-0.0064909025095403194,-0.0047901719808578491,9.1382040409371257e-05,0.0050192861817777157,0.0066545824520289898
CES3000000008,2024-03-31,-0.0065333251841366291,-0.0048852846957743168,-9.465389302931726e-05,0.004614565521478653,0.0061564045026898384
CES3000000008,2024-04-30,-0.006081821396946907,-0.0045373346656560898,4.2627390939742327e-05,0.0046785795129835606,0.0062351259402930737
CES3000000008,2024-05-31,-0.0059899124316871166,-0.0044577633962035179,8.9433742687106133e-05,0.0046416153199970722,0.0061686881817877293
CES3000000008,2024-06-30,-0.0060440478846430779,-0.0045466036535799503,-6.3470928580500185e-05,0.0044059795327484608,0.0059324060566723347
CES3000000008,2024-07-31,-0.0058930832892656326,-0.0044049825519323349,-5.2549798965628725e-06,0.0043786289170384407,0.005865724291652441
CES3000000008,2024-08-31,-0.0056782192550599575,-0.0042365831322968006,5.2748218877241015e-05,0.0043551251292228699,0.0058390097692608833
CES3000000008,2024-09-30,-0.0059541170485317707,-0.0044171889312565327,-4.8182271711993963e-05,0.0041776592843234539,0.0055790632031857967
CES3000000008,2024-10-31,-0.005843370221555233,-0.0042932704091072083,3.4235945349792019e-05,0.0042572603560984135,0.0056374361738562584
CES3000000008,2024-11-30,-0.0058171134442090988,-0.0042954371310770512,1.6317084373440593e-05,0.0042890538461506367,0.0057858186773955822
CES3000000008,2024-12-31,-0.0058612381108105183,-0.0043094372376799583,1.2910684745293111e-05,0.0041866833344101906,0.0056259455159306526
CES3000000008,2025-01-31,-0.0059147020801901817,-0.0043739941902458668,-4.1710070945555344e-05,0.0043392563238739967,0.0058977026492357254
CES3000000008,2025-02-28,-0.0059696584939956665,-0.0044214921072125435,-3.4342643630225211e-05,0.0044199670664966106,0.006012321449816227
CES3000000008,2025-03-31,-0.0059693148359656334,-0.004400420468300581,-2.0991912606405094e-05,0.0044239582493901253,0.0060201906599104404
CES3000000008,2025-04-30,-0.0059823859483003616,-0.0044204434379935265,-5.7049641327466816e-05,0.0043155900202691555,0.0058863451704382896
CES3000000008,2025-05-31,-0.0058905971236526966,-0.0043166675604879856,-1.344949851045385e-05,0.004317188635468483,0.0058787958696484566
CES3000000008,2025-06-30,-0.0059423809871077538,-0.004370181355625391,1.1979691407759674e-05,0.0043242885731160641,0.0058661582879722118
CES3000000008,2025-07-31,-0.0059706247411668301,-0.004372564610093832,-1.3628939996124245e-05,0.004250647034496069,0.0057830484583973885
CES3000000008,2025-08-31,-0.0059446184895932674,-0.0043587358668446541,-5.1296301535330713e-06,0.0043041910976171494,0.0058625540696084499
CLAIMSx,2023-09-30,-0.06369345635175705,-0.046318862587213516,0.003944560419768095,0.054971516132354736,0.072697155177593231
CLAIMSx,2023-10-31,-0.06796746701002121,-0.049870144575834274,0.0018238750053569674,0.052281685173511505,0.069204643368721008
CLAIMSx,2023-11-30,-0.065252937376499176,-0.047684185206890106,0.0027125808410346508,0.052597556263208389,0.068989664316177368
CLAIMSx,2023-12-31,-0.064788550138473511,-0.047519665211439133,0.0026156636886298656,0.053546518087387085,0.07082800567150116
CLAIMSx,2024-01-31,-0.071010157465934753,-0.052674390375614166,0.00023417547345161438,0.051806151866912842,0.068553626537322998
CLAIMSx,2024-02-29,-0.067621916532516479,-0.050109546631574631,0.0021102586761116982,0.054269161075353622,0.07203412801027298
CLAIMSx,2024-03-31,-0.06784512847661972,-0.04956435039639473,0.002329943235963583,0.054029308259487152,0.071441739797592163
CLAIMSx,2024-04-30,-0.068560227751731873,-0.049944322556257248,0.0031109512783586979,0.056752879172563553,0.075031645596027374
CLAIMSx,2024-05-31,-0.067612580955028534,-0.049810808151960373,0.001791983493603766,0.053588077425956726,0.071650460362434387
CLAIMSx,2024-06-30,-0.071012146770954132,-0.052234027534723282,0.001245323452167213,0.055034227669239044,0.073435187339782715
CLAIMSx,2024-07-31,-0.06909768283367157,-0.051070895045995712,0.0017690613167360425,0.055579885840415955,0.074657350778579712
CLAIMSx,2024-08-31,-0.070904776453971863,-0.052386235445737839,0.0015455590328201652,0.053998883813619614,0.071960374712944031
CLAIMSx,2024-09-30,-0.073674261569976807,-0.05473259836435318,0.0013106047408655286,0.055510610342025757,0.073582582175731659
CLAIMSx,2024-10-31,-0.074682101607322693,-0.055224299430847168,0.001201906125061214,0.054632347077131271,0.072112716734409332
CLAIMSx,2024-11-30,-0.071899600327014923,-0.053433969616889954,0.0001115195918828249,0.054744478315114975,0.073651321232318878
CLAIMSx,2024-12-31,-0.072791256010532379,-0.054083656519651413,-0.0015475789550691843,0.051802724599838257,0.069781750440597534
CLAIMSx,2025-01-31,-0.08613017201423645,-0.063733063638210297,-0.0010838715825229883,0.059598587453365326,0.080898374319076538
CLAIMSx,2025-02-28,-0.083176061511039734,-0.061341535300016403,-0.00074755627429112792,0.057147923856973648,0.077270492911338806
CLAIMSx,2025-03-31,-0.080373413860797882,-0.059012014418840408,-0.00022460118634626269,0.055773507803678513,0.07534240186214447
CLAIMSx,2025-04-30,-0.079297840595245361,-0.057993479073047638,3.1965435482561588e-05,0.056900829076766968,0.077443785965442657
CLAIMSx,2025-05-31,-0.083701655268669128,-0.061285551637411118,-0.0012594530126079917,0.055921290069818497,0.07636154443025589
CLAIMSx,2025-06-30,-0.080076567828655243,-0.058589361608028412,-0.00024644739460200071,0.056570000946521759,0.077879451215267181
CLAIMSx,2025-07-31,-0.081011064350605011,-0.058675643056631088,-0.00039781170198693871,0.056426703929901123,0.077563740313053131
CLAIMSx,2025-08-31,-0.083705402910709381,-0.060570210218429565,-0.00012822949793189764,0.058516409248113632,0.079852975904941559
CLF16OV,2023-09-30,-0.0037792986258864403,-0.0026094429194927216,0.00030664307996630669,0.0030855373479425907,0.0041366568766534328
CLF16OV,2023-10-31,-0.0027371104806661606,-0.001617065048776567,0.0012534924317151308,0.0039371680468320847,0.0049534146673977375
CLF16OV,2023-11-30,-0.0027809613384306431,-0.0017063944833353162,0.0010244545992463827,0.0036120433360338211,0.0045767715200781822
CLF16OV,2023-12-31,-0.0029022414237260818,-0.0018111801473423839,0.00098826782777905464,0.0036411285400390625,0.0046524466015398502
CLF16OV,2024-01-31,-0.0031688441522419453,-0.0020112162455916405,0.00093985878629609942,0.0037096505984663963,0.004766407422721386
CLF16OV,2024-02-29,-0.003228167537599802,-0.0020641107112169266,0.00093319307779893279,0.0037089027464389801,0.0047554252669215202
CLF16OV,2024-03-31,-0.0031987312249839306,-0.0020284941419959068,0.00090165092842653394,0.0035922885872423649,0.004617773462086916
CLF16OV,2024-04-30,-0.0032209628261625767,-0.0020274166017770767,0.00095431972295045853,0.0036886939778923988,0.0047425585798919201
CLF16OV,2024-05-31,-0.0032778824679553509,-0.0020690606907010078,0.00098348851315677166,0.0037718899548053741,0.0048291510902345181
CLF16OV,2024-06-30,-0.0032966476865112782,-0.0020566084422171116,0.00095468992367386818,0.0037237200886011124,0.0048074093647301197
CLF16OV,2024-07-31,-0.0033070771023631096,-0.002080647274851799,0.00090289709623903036,0.0036172172985970974,0.0046691657043993473
CLF16OV,2024-08-31,-0.003226342611014843,-0.0020395480096340179,0.00091638532467186451,0.0036301263608038425,0.0046524726785719395
CLF16OV,2024-09-30,-0.0034539764747023582,-0.0021821996197104454,0.00098005123436450958,0.003765676636248827,0.0048024277202785015
CLF16OV,2024-10-31,-0.0034361886791884899,-0.0021733311004936695,0.00093269546050578356,0.0037061260081827641,0.0047156265936791897
CLF16OV,2024-11-30,-0.00321163609623909,-0.0020053251646459103,0.0010078747291117907,0.0036713965237140656,0.0046797669492661953
CLF16OV,2024-12-31,-0.0033056903630495071,-0.0020942208357155323,0.00091120367869734764,0.0035943044349551201,0.0045878295786678791
CLF16OV,2025-01-31,-0.0034463065676391125,-0.0021713809110224247,0.0010020735207945108,0.0039829458110034466,0.0051015433855354786
CLF16OV,2025-02-28,-0.0033232071436941624,-0.0020837169140577316,0.00099137960933148861,0.0038727675564587116,0.0049642818048596382
CLF16OV,2025-03-31,-0.0031075752340257168,-0.0019164405530318618,0.0010140330996364355,0.0037130787968635559,0.0047513204626739025
CLF16OV,2025-04-30,-0.0032196990214288235,-0.0019806609489023685,0.0010097594931721687,0.0037408689968287945,0.004806125070899725
CLF16OV,2025-05-31,-0.0033732582814991474,-0.0021200142800807953,0.00097408372675999999,0.0038942107930779457,0.005038062110543251
CLF16OV,2025-06-30,-0.0033274688757956028,-0.0020866794511675835,0.00099696521647274494,0.0038189152255654335,0.0049159643240272999
CLF16OV,2025-07-31,-0.0031697736121714115,-0.0019442647462710738,0.0010136616183444858,0.0037021352909505367,0.004762586671859026
CLF16OV,2025-08-31,-0.0032655186951160431,-0.0020089661702513695,0.0010078293271362782,0.003748482558876276,0.0048390976153314114
CMRMTSPLx,2023-09-30,-0.010629506781697273,-0.0078596025705337524,-0.00039512454532086849,0.0067985691130161285,0.0093114795163273811
CMRMTSPLx,2023-10-31,-0.011510641314089298,-0.0085468897596001625,-0.00029749143868684769,0.0079227006062865257,0.010804991237819195
CMRMTSPLx,2023-11-30,-0.0092597445473074913,-0.0060281455516815186,0.0029589319601655006,0.011758292093873024,0.014791964553296566
CMRMTSPLx,2023-12-31,-0.012357503175735474,-0.0091009726747870445,0.00011151412036269903,0.0090495245531201363,0.012098235078155994
CMRMTSPLx,2024-01-31,-0.013276884332299232,-0.010063339024782181,-0.00078562367707490921,0.0085657387971878052,0.011665403842926025
CMRMTSPLx,2024-02-29,-0.012605203315615654,-0.0093420911580324173,0.00075244589243084192,0.010347151197493076,0.013531328178942204
CMRMTSPLx,2024-03-31,-0.013021440245211124,-0.0096291303634643555,0.00061769667081534863,0.010450033470988274,0.013665823265910149
CMRMTSPLx,2024-04-30,-0.013045242987573147,-0.0096935704350471497,0.00043273752089589834,0.010423457249999046,0.01377632562071085
CMRMTSPLx,2024-05-31,-0.012958906590938568,-0.0095245847478508949,0.00064751750323921442,0.010380642488598824,0.01369661558419466
CMRMTSPLx,2024-06-30,-0.01294317189604044,-0.0095447255298495293,0.00049989728722721338,0.010476271621882915,0.013974366709589958
CMRMTSPLx,2024-07-31,-0.013109996914863586,-0.0096153207123279572,0.00055500888265669346,0.010312043130397797,0.013651126064360142
CMRMTSPLx,2024-08-31,-0.012864992022514343,-0.0094390474259853363,0.00071832526009529829,0.010312948375940323,0.013503291644155979
CMRMTSPLx,2024-09-30,-0.013331483118236065,-0.009809575043618679,0.00058696698397397995,0.010399455204606056,0.01363743282854557
CMRMTSPLx,2024-10-31,-0.013393675908446312,-0.00981903076171875,0.00065247283782809973,0.010474656708538532,0.013645917177200317
CMRMTSPLx,2024-11-30,-0.013574933633208275,-0.0099451513960957527,0.00069928483571857214,0.010715264827013016,0.014104913920164108
CMRMTSPLx,2024-12-31,-0.01377171091735363,-0.010071622207760811,0.00069336686283349991,0.01075174193829298,0.01409437507390976
CMRMTSPLx,2025-01-31,-0.014166807755827904,-0.010251636616885662,0.00067961681634187698,0.011070961132645607,0.014742531813681126
CMRMTSPLx,2025-02-28,-0.014447061344981194,-0.010463348589837551,0.00056920701172202826,0.010970490984618664,0.014642071910202503
CMRMTSPLx,2025-03-31,-0.014161031693220139,-0.010227706283330917,0.00062102614901959896,0.01079022791236639,0.014413118362426758
CMRMTSPLx,2025-04-30,-0.014064887538552284,-0.010144593194127083,0.00058518862351775169,0.010729828849434853,0.014389265328645706
CMRMTSPLx,2025-05-31,-0.01361113041639328,-0.0097885355353355408,0.00071351323276758194,0.010929853655397892,0.014767362736165524
CMRMTSPLx,2025-06-30,-0.013686408288776875,-0.009881054051220417,0.00077345222234725952,0.010759003460407257,0.014412923716008663
CMRMTSPLx,2025-07-31,-0.013355054892599583,-0.0095670446753501892,0.00076708965934813023,0.010634462349116802,0.014279936440289021
CMRMTSPLx,2025-08-31,-0.013216848485171795,-0.0094336550682783127,0.0008766205282881856,0.010791036300361156,0.01450303103774786
COMPAPFFx,2023-09-30,-0.046428948640823364,0.011515095829963684,0.099051505327224731,0.20301157236099243,0.27842211723327637
COMPAPFFx,2023-10-31,-0.080852881073951721,-0.014455102384090424,0.10987971723079681,0.27024564146995544,0.37057611346244812
COMPAPFFx,2023-11-30,-0.10709701478481293,-0.033206254243850708,0.12428092211484909,0.3637785017490387,0.50162851810455322
COMPAPFFx,2023-12-31,-0.1302068829536438,-0.050776645541191101,0.13125164806842804,0.4376944899559021,0.60729479789733887
COMPAPFFx,2024-01-31,-0.16084538400173187,-0.075396075844764709,0.11157743632793427,0.41809070110321045,0.59318959712982178
COMPAPFFx,2024-02-29,-0.17770972847938538,-0.089293181896209717,0.11861127614974976,0.48345315456390381,0.6889197826385498
COMPAPFFx,2024-03-31,-0.20112532377243042,-0.10388363897800446,0.14107385277748108,0.62012231349945068,0.88044178485870361
COMPAPFFx,2024-04-30,-0.21006906032562256,-0.11317774653434753,0.13221555948257446,0.60081326961517334,0.8602980375289917
COMPAPFFx,2024-05-31,-0.21909373998641968,-0.12001140415668488,0.12985818088054657,0.60256671905517578,0.86918950080871582
COMPAPFFx,2024-06-30,-0.22255417704582214,-0.12422345578670502,0.1367591917514801,0.60245490074157715,0.87614226341247559
COMPAPFFx,2024-07-31,-0.21755346655845642,-0.11682195961475372,0.14250081777572632,0.61941087245941162,0.91252434253692627
COMPAPFFx,2024-08-31,-0.21873769164085388,-0.12086594104766846,0.13326670229434967,0.61085367202758789,0.90842902660369873
COMPAPFFx,2024-09-30,-0.23569464683532715,-0.13061285018920898,0.12953749299049377,0.61682581901550293,0.91298699378967285
COMPAPFFx,2024-10-31,-0.24553045630455017,-0.13916239142417908,0.13409742712974548,0.6497570276260376,0.96035373210906982
COMPAPFFx,2024-11-30,-0.25245922803878784,-0.14252583682537079,0.14491407573223114,0.71884894371032715,1.0525650978088379
COMPAPFFx,2024-12-31,-0.26092356443405151,-0.14687451720237732,0.14782637357711792,0.69976687431335449,1.0276205539703369
COMPAPFFx,2025-01-31,-0.35072991251945496,-0.18094447255134583,0.10908829420804977,0.64883005619049072,1.0067695379257202
COMPAPFFx,2025-02-28,-0.35083392262458801,-0.18442702293395996,0.099122017621994019,0.58844184875488281,0.92123126983642578
COMPAPFFx,2025-03-31,-0.33184689283370972,-0.1713377833366394,0.10155681520700455,0.57669913768768311,0.89685928821563721
COMPAPFFx,2025-04-30,-0.33571198582649231,-0.17355227470397949,0.09824255108833313,0.5620187520980835,0.86755406856536865
COMPAPFFx,2025-05-31,-0.34336519241333008,-0.1758454293012619,0.095758199691772461,0.5486990213394165,0.84536170959472656
COMPAPFFx,2025-06-30,-0.34862247109413147,-0.1805143803358078,0.095098629593849182,0.54196250438690186,0.82593834400177002
COMPAPFFx,2025-07-31,-0.3567669689655304,-0.18582442402839661,0.093306988477706909,0.55013054609298706,0.83941936492919922
COMPAPFFx,2025-08-31,-0.35448506474494934,-0.18326470255851746,0.09386192262172699,0.54879796504974365,0.83838438987731934
CONSPI,2023-09-30,-2.3195762634277344,-1.7878742218017578,-0.82830172777175903,0.02686382457613945,0.48485416173934937
CONSPI,2023-10-31,-2.278864860534668,-1.73130202293396,-0.70940113067626953,0.15142190456390381,0.60239273309707642
CONSPI,2023-11-30,-2.0897269248962402,-1.5692881345748901,-0.61176007986068726,0.28580659627914429,0.75262355804443359
CONSPI,2023-12-31,-2.4358992576599121,-1.8310401439666748,-0.63591241836547852,0.45419222116470337,0.98215168714523315
CONSPI,2024-01-31,-2.2688512802124023,-1.6756796836853027,-0.53616219758987427,0.44824784994125366,0.9462350606918335
CONSPI,2024-02-29,-2.0457994937896729,-1.5189962387084961,-0.54300057888031006,0.29962664842605591,0.73864901065826416
CONSPI,2024-03-31,-1.8739523887634277,-1.3919010162353516,-0.5036579966545105,0.32272106409072876,0.76755911111831665
CONSPI,2024-04-30,-2.1392929553985596,-1.5849511623382568,-0.52176982164382935,0.35257172584533691,0.79135072231292725
CONSPI,2024-05-31,-2.0858724117279053,-1.5443849563598633,-0.49232381582260132,0.42491894960403442,0.91469889879226685
CONSPI,2024-06-30,-2.089555025100708,-1.5594186782836914,-0.48484575748443604,0.44358503818511963,0.93603140115737915
CONSPI,2024-07-31,-1.9793334007263184,-1.4576159715652466,-0.43056368827819824,0.4515388011932373,0.94098192453384399
CONSPI,2024-08-31,-2.1104326248168945,-1.5402563810348511,-0.44739741086959839,0.4768950343132019,0.97250658273696899
CONSPI,2024-09-30,-2.0425930023193359,-1.4909391403198242,-0.44724756479263306,0.45297211408615112,0.96021109819412231
CONSPI,2024-10-31,-2.1366019248962402,-1.5355724096298218,-0.44297760725021362,0.49307537078857422,0.99509721994400024
CONSPI,2024-11-30,-2.2510900497436523,-1.6358098983764648,-0.47277742624282837,0.51453715562820435,1.0383323431015015
CONSPI,2024-12-31,-2.6950504779815674,-1.9509212970733643,-0.52736198902130127,0.66655337810516357,1.2593152523040771
CONSPI,2025-01-31,-2.8018922805786133,-1.9470887184143066,-0.34105169773101807,1.0571414232254028,1.8419547080993652
CONSPI,2025-02-28,-2.4271726608276367,-1.6852034330368042,-0.33466798067092896,0.84101492166519165,1.549923300743103
CONSPI,2025-03-31,-2.1601722240447998,-1.4947119951248169,-0.31123912334442139,0.75393515825271606,1.3922553062438965
CONSPI,2025-04-30,-2.3083550930023193,-1.6116993427276611,-0.33582490682601929,0.82717859745025635,1.5147147178649902
CONSPI,2025-05-31,-2.3399009704589844,-1.6262222528457642,-0.31776905059814453,0.82495278120040894,1.5000972747802734
CONSPI,2025-06-30,-2.1880121231079102,-1.5121505260467529,-0.28756958246231079,0.78382009267807007,1.439406156539917
CONSPI,2025-07-31,-2.2200229167938232,-1.511354923248291,-0.28533422946929932,0.7989162802696228,1.4519293308258057
CONSPI,2025-08-31,-2.4935727119445801,-1.7201460599899292,-0.30676782131195068,0.86007541418075562,1.5218318700790405
CP3Mx,2023-09-30,-0.14816172420978546,-0.079876638948917389,0.030358059331774712,0.16470092535018921,0.26252028346061707
CP3Mx,2023-10-31,-0.18100781738758087,-0.10424359142780304,0.029928857460618019,0.17504015564918518,0.28030180931091309
CP3Mx,2023-11-30,-0.20205654203891754,-0.12040536105632782,0.02627299539744854,0.1905742734670639,0.29998293519020081
CP3Mx,2023-12-31,-0.22253473103046417,-0.13661709427833557,0.025713404640555382,0.2084929496049881,0.32833489775657654
CP3Mx,2024-01-31,-0.26176759600639343,-0.1652885228395462,0.019590428099036217,0.23389218747615814,0.36783373355865479
CP3Mx,2024-02-29,-0.25888776779174805,-0.16397735476493835,0.023303398862481117,0.24297253787517548,0.38100221753120422
CP3Mx,2024-03-31,-0.26717007160186768,-0.16839544475078583,0.025564784184098244,0.25140407681465149,0.39386409521102905
CP3Mx,2024-04-30,-0.27163538336753845,-0.17148175835609436,0.01943364180624485,0.2458084374666214,0.38989835977554321
CP3Mx,2024-05-31,-0.2751791775226593,-0.17363816499710083,0.021403660997748375,0.2465222030878067,0.39068791270256042
CP3Mx,2024-06-30,-0.27923274040222168,-0.1732536256313324,0.022010507062077522,0.24886812269687653,0.3972700834274292
CP3Mx,2024-07-31,-0.27285760641098022,-0.16758246719837189,0.022246656939387321,0.24299551546573639,0.39259561896324158
CP3Mx,2024-08-31,-0.28320953249931335,-0.17370842397212982,0.018300620838999748,0.24196331202983856,0.38962924480438232
CP3Mx,2024-09-30,-0.32169622182846069,-0.19574296474456787,0.02037605457007885,0.26005172729492188,0.41189056634902954
CP3Mx,2024-10-31,-0.32681310176849365,-0.19758003950119019,0.019413722679018974,0.26966565847396851,0.42515614628791809
CP3Mx,2024-11-30,-0.33752989768981934,-0.20580567419528961,0.020545018836855888,0.26588699221611023,0.419730544090271
CP3Mx,2024-12-31,-0.33347985148429871,-0.20638203620910645,0.017826510593295097,0.26607099175453186,0.42121875286102295
CP3Mx,2025-01-31,-0.36604383587837219,-0.22038827836513519,0.013983400538563728,0.29871839284896851,0.50106579065322876
CP3Mx,2025-02-28,-0.34812426567077637,-0.20588080585002899,0.018710071220993996,0.28667944669723511,0.48702019453048706
CP3Mx,2025-03-31,-0.32816874980926514,-0.19091235101222992,0.021167894825339317,0.2791498601436615,0.47151786088943481
CP3Mx,2025-04-30,-0.32100206613540649,-0.18747369945049286,0.020041847601532936,0.27724507451057434,0.46576616168022156
CP3Mx,2025-05-31,-0.33808928728103638,-0.20001973211765289,0.015884628519415855,0.28874117136001587,0.47933226823806763
CP3Mx,2025-06-30,-0.31932875514030457,-0.1900838315486908,0.020191920921206474,0.28067123889923096,0.461404949426651
CP3Mx,2025-07-31,-0.31814989447593689,-0.18957073986530304,0.021029049530625343,0.28945827484130859,0.47671085596084595
CP3Mx,2025-08-31,-0.32827708125114441,-0.19645650684833527,0.017438517883419991,0.29394099116325378,0.48546379804611206
CPIAPPSL,2023-09-30,-0.008764633908867836,-0.0064799506217241287,0.00023530532780569047,0.0067511084489524364,0.008921649307012558
CPIAPPSL,2023-10-31,-0.00934574194252491,-0.0070497095584869385,-2.2441074179369025e-05,0.0070584267377853394,0.0094325710088014603
CPIAPPSL,2023-11-30,-0.0098233716562390327,-0.007418567780405283,-4.1966563003370538e-05,0.0073020746931433678,0.0097823562100529671
CPIAPPSL,2023-12-31,-0.0099260834977030754,-0.007492253091186285,-1.0894668776018079e-05,0.0074830860830843449,0.0099826743826270103
CPIAPPSL,2024-01-31,-0.010153341107070446,-0.007667827419936657,-3.7893685657763854e-05,0.0077660819515585899,0.010365786030888557
CPIAPPSL,2024-02-29,-0.010359756648540497,-0.0078215021640062332,-4.78681358799804e-05,0.0077505954541265965,0.010336859151721001
CPIAPPSL,2024-03-31,-0.010265044867992401,-0.0077552045695483685,-2.8249991373741068e-05,0.0076543381437659264,0.010208210907876492
CPIAPPSL,2024-04-30,-0.010066505521535873,-0.0076456256210803986,-7.4240830144844949e-05,0.0075984052382409573,0.010132599622011185
CPIAPPSL,2024-05-31,-0.010050565935671329,-0.0076365042477846146,-9.0120702225249261e-05,0.0074577205814421177,0.0099444137886166573
CPIAPPSL,2024-06-30,-0.0098788272589445114,-0.007444857619702816,-5.6863256759243086e-05,0.0073782755061984062,0.0098253125324845314
CPIAPPSL,2024-07-31,-0.010133575648069382,-0.0076779918745160103,-6.2846404034644365e-05,0.0074405074119567871,0.0098688732832670212
CPIAPPSL,2024-08-31,-0.010100649669766426,-0.0076790363527834415,-5.2832685469184071e-05,0.0076374849304556847,0.010142144747078419
CPIAPPSL,2024-09-30,-0.010063577443361282,-0.0076023838482797146,5.0809512686100788e-07,0.0075332303531467915,0.0099615836516022682
CPIAPPSL,2024-10-31,-0.010097043588757515,-0.0076380115933716297,-2.2911834093974903e-05,0.007540989201515913,0.0099746277555823326
CPIAPPSL,2024-11-30,-0.010034731589257717,-0.0076336907222867012,-7.8656405094079673e-05,0.0073158028535544872,0.0097447261214256287
CPIAPPSL,2024-12-31,-0.0099945235997438431,-0.007549620233476162,-5.5159707699203864e-05,0.0073580467142164707,0.0098053803667426109
CPIAPPSL,2025-01-31,-0.010175552219152451,-0.0076745483092963696,-9.9967699497938156e-05,0.0074095572344958782,0.0099050942808389664
CPIAPPSL,2025-02-28,-0.010328756645321846,-0.0078057041391730309,-0.00012291272287257016,0.0074690612964332104,0.010005159303545952
CPIAPPSL,2025-03-31,-0.010384915396571159,-0.0078118536621332169,-5.9655001678038388e-05,0.0075563904829323292,0.010118946433067322
CPIAPPSL,2025-04-30,-0.01018435787409544,-0.0076546273194253445,-5.4687432566424832e-05,0.0074437842704355717,0.0099539998918771744
CPIAPPSL,2025-05-31,-0.010079772211611271,-0.007549528032541275,-5.1135048124706373e-05,0.007452718447893858,0.009954649955034256
CPIAPPSL,2025-06-30,-0.010085128247737885,-0.0075668510980904102,-3.7502359191421419e-05,0.0073434854857623577,0.0097977872937917709
CPIAPPSL,2025-07-31,-0.010157469660043716,-0.0075962906703352928,-6.7477725679054856e-05,0.0072201951406896114,0.0096638752147555351
CPIAPPSL,2025-08-31,-0.010036141611635685,-0.0075115724466741085,-7.8256030974444002e-05,0.0072481604292988777,0.0097244158387184143
CPIAUCSL,2023-09-30,0.00046098441816866398,0.0011809916468337178,0.003160625696182251,0.0052492013201117516,0.0060869338922202587
CPIAUCSL,2023-10-31,-0.0011039485689252615,-0.00023528560996055603,0.0021103804465383291,0.0045008333399891853,0.0054350155405700207
CPIAUCSL,2023-11-30,-0.001297931419685483,-0.00037918239831924438,0.0021268462296575308,0.0046666208654642105,0.005629565566778183
CPIAUCSL,2023-12-31,-0.0012981768231838942,-0.00035649980418384075,0.002291117561981082,0.0050039635971188545,0.0060366056859493256
CPIAUCSL,2024-01-31,-0.0011049692984670401,-0.00013281847350299358,0.0026261664461344481,0.0055267056450247765,0.0066404491662979126
CPIAUCSL,2024-02-29,-0.001356953289359808,-0.00035645929165184498,0.0025518399197608232,0.0055506983771920204,0.0066835763864219189
CPIAUCSL,2024-03-31,-0.0013649705797433853,-0.00036134128458797932,0.0025112596340477467,0.0055095097050070763,0.0066336700692772865
CPIAUCSL,2024-04-30,-0.0014171588700264692,-0.00042306026443839073,0.0024284804239869118,0.0054652811959385872,0.0066223484463989735
CPIAUCSL,2024-05-31,-0.0014832355082035065,-0.0004542255774140358,0.0024816535878926516,0.0055039552971720695,0.0066489484161138535
CPIAUCSL,2024-06-30,-0.0013750588987022638,-0.00036155898123979568,0.0025750682689249516,0.0056235697120428085,0.0067887627519667149
CPIAUCSL,2024-07-31,-0.0013368227519094944,-0.00030529382638633251,0.0026189759373664856,0.0056265178136527538,0.0067606475204229355
CPIAUCSL,2024-08-31,-0.0013994465116411448,-0.00038937223143875599,0.002538805827498436,0.0055110962130129337,0.006645470391958952
CPIAUCSL,2024-09-30,-0.0015554679557681084,-0.00049454579129815102,0.0024799327366054058,0.0054717017337679863,0.0066140564158558846
CPIAUCSL,2024-10-31,-0.0015863748267292976,-0.00049311714246869087,0.0025137998163700104,0.0054990090429782867,0.0066162524744868279
CPIAUCSL,2024-11-30,-0.001511936541646719,-0.0004357779398560524,0.0025770415086299181,0.0056051062420010567,0.0067845294252038002
CPIAUCSL,2024-12-31,-0.0015538884326815605,-0.00045496830716729164,0.0026139619294553995,0.0056516146287322044,0.0068247159942984581
CPIAUCSL,2025-01-31,-0.0016902540810406208,-0.00051013194024562836,0.0025358006823807955,0.0057045845314860344,0.007060409989207983
CPIAUCSL,2025-02-28,-0.0016860407777130604,-0.00051460624672472477,0.0025183714460581541,0.0056691472418606281,0.0070305140689015388
CPIAUCSL,2025-03-31,-0.0015765801072120667,-0.0004193638451397419,0.0025472831912338734,0.0056030480191111565,0.006929885596036911
CPIAUCSL,2025-04-30,-0.0016666357405483723,-0.00046918797306716442,0.0025627263821661472,0.0056788213551044464,0.0070317406207323074
CPIAUCSL,2025-05-31,-0.0016739564016461372,-0.00047687697224318981,0.0025694412179291248,0.0057918895035982132,0.0072161485441029072
CPIAUCSL,2025-06-30,-0.001719567459076643,-0.00052349292673170567,0.0025688735768198967,0.0057557192631065845,0.0071596675552427769
CPIAUCSL,2025-07-31,-0.001532070804387331,-0.00036775879561901093,0.0025847626384347677,0.0056756623089313507,0.0070491842925548553
CPIAUCSL,2025-08-31,-0.0015350226312875748,-0.00037650531157851219,0.0025710316840559244,0.0056618768721818924,0.0070431879721581936
CPIMEDSL,2023-09-30,-0.0037360782735049725,-0.0028423978947103024,-0.00035632913932204247,0.0020036280620843172,0.0028618678916245699
CPIMEDSL,2023-10-31,-0.0036677527241408825,-0.002707119332626462,-4.3018859287258238e-05,0.0025617426726967096,0.0034460795577615499
CPIMEDSL,2023-11-30,-0.0037965059746056795,-0.0028005803469568491,-3.1228188163368031e-05,0.0026768099050968885,0.0035913977771997452
CPIMEDSL,2023-12-31,-0.0038123831618577242,-0.0028442151378840208,-2.8853984986199066e-05,0.0028182507958263159,0.0037916004657745361
CPIMEDSL,2024-01-31,-0.003940558061003685,-0.0029009631834924221,-1.8358368834014982e-05,0.0028966576792299747,0.0038750111125409603
CPIMEDSL,2024-02-29,-0.0040194625034928322,-0.0029400312341749668,7.1779077188693918e-06,0.0029450980946421623,0.0039356821216642857
CPIMEDSL,2024-03-31,-0.0039549898356199265,-0.0028998476918786764,-6.7989290073455777e-06,0.0028080230113118887,0.0037595217581838369
CPIMEDSL,2024-04-30,-0.0038954548072069883,-0.0028749378398060799,-2.5761068172869273e-05,0.0027649067342281342,0.0037090638652443886
CPIMEDSL,2024-05-31,-0.0039420477114617825,-0.002899588318541646,-2.4359011149499565e-05,0.0027669125702232122,0.003698194632306695
CPIMEDSL,2024-06-30,-0.0038724057376384735,-0.0028474004939198494,-5.5313516895694192e-06,0.0027307516429573298,0.0036433448549360037
CPIMEDSL,2024-07-31,-0.0039353459142148495,-0.00288203707896173,-1.9053910364164039e-05,0.0027016706299036741,0.0035970634780824184
CPIMEDSL,2024-08-31,-0.0038571357727050781,-0.0028518643230199814,-1.0427296729176305e-05,0.0027408357709646225,0.0036592036485671997
CPIMEDSL,2024-09-30,-0.0038665407337248325,-0.0028452868573367596,-1.3874152500648052e-05,0.0027109156362712383,0.0036026914604008198
CPIMEDSL,2024-10-31,-0.0038815387524664402,-0.0028514014557003975,-1.191894625662826e-06,0.0027343917172402143,0.0036327117122709751
CPIMEDSL,2024-11-30,-0.0038637991528958082,-0.0028595058247447014,-2.930581831606105e-05,0.0026511193718761206,0.0035391929559409618
CPIMEDSL,2024-12-31,-0.0038854884915053844,-0.0028534519951790571,3.2884508982533589e-06,0.0027202863711863756,0.00362584856338799
CPIMEDSL,2025-01-31,-0.0040814671665430069,-0.0029971234034746885,-4.4099964725319296e-05,0.0028851071838289499,0.0039396076463162899
CPIMEDSL,2025-02-28,-0.0041172807104885578,-0.00301946303807199,-3.7142788642086089e-05,0.0029026470147073269,0.0039609987288713455
CPIMEDSL,2025-03-31,-0.0040376703254878521,-0.0029610248748213053,-3.368407124071382e-05,0.002844278933480382,0.0038784351199865341
CPIMEDSL,2025-04-30,-0.0039705564267933369,-0.0029244816396385431,-2.806037082336843e-05,0.0028413708787411451,0.003886503167450428
CPIMEDSL,2025-05-31,-0.0040059476159512997,-0.0029178082477301359,-3.3967658964684233e-05,0.0028486044611781836,0.0038939160294830799
CPIMEDSL,2025-06-30,-0.0040763369761407375,-0.0029574320651590824,-1.537384741823189e-05,0.0028749513439834118,0.003909822553396225
CPIMEDSL,2025-07-31,-0.0040109716355800629,-0.002904469845816493,-1.0928758456429932e-05,0.0027935444377362728,0.0038037672638893127
CPIMEDSL,2025-08-31,-0.0040061445906758308,-0.0029124415013939142,-2.1466414182214066e-05,0.0027819548267871141,0.0038038338534533978
CPITRNSL,2023-09-30,-0.027584647759795189,-0.02134152315557003,-0.0060663465410470963,0.0062088361009955406,0.010708105750381947
CPITRNSL,2023-10-31,-0.029338052496314049,-0.022795602679252625,-0.0069018127396702766,0.0067903860472142696,0.011927657760679722
CPITRNSL,2023-11-30,-0.020924322307109833,-0.014351703226566315,0.0018544405465945601,0.018085077404975891,0.02414635568857193
CPITRNSL,2023-12-31,-0.022698419168591499,-0.015641991049051285,0.0015774228377267718,0.018097618594765663,0.024274338036775589
CPITRNSL,2024-01-31,-0.024345319718122482,-0.017411950975656509,-0.00029491924215108156,0.01688230037689209,0.023282734677195549
CPITRNSL,2024-02-29,-0.02514195628464222,-0.017835900187492371,0.00051170762162655592,0.01793317124247551,0.024125874042510986
CPITRNSL,2024-03-31,-0.025774834677577019,-0.018227962777018547,0.00041748842340894043,0.018160076811909676,0.0244322270154953
CPITRNSL,2024-04-30,-0.02555353194475174,-0.018269527703523636,2.0382243747008033e-05,0.017850285395979881,0.024330513551831245
CPITRNSL,2024-05-31,-0.025829154998064041,-0.018230250105261803,0.00032159790862351656,0.018552880734205246,0.02512846514582634
CPITRNSL,2024-06-30,-0.025039555504918098,-0.017623908817768097,0.00081227184273302555,0.018478743731975555,0.024771751835942268
CPITRNSL,2024-07-31,-0.024629054591059685,-0.017266504466533661,0.00056992052122950554,0.017571179196238518,0.023674866184592247
CPITRNSL,2024-08-31,-0.025467516854405403,-0.01824130117893219,-0.0001651337806833908,0.016587872058153152,0.022632326930761337
CPITRNSL,2024-09-30,-0.025595217943191528,-0.018275117501616478,-0.00037603930104523897,0.016417127102613449,0.022495357319712639
CPITRNSL,2024-10-31,-0.024454424157738686,-0.017123984172940254,0.00048534665256738663,0.017239442095160484,0.023404523730278015
CPITRNSL,2024-11-30,-0.024987265467643738,-0.017552582547068596,0.00031045635114423931,0.016587106510996819,0.022572008892893791
CPITRNSL,2024-12-31,-0.026335593312978745,-0.018651673570275307,-0.00016529894492123276,0.016723727807402611,0.023004526272416115
CPITRNSL,2025-01-31,-0.027217317372560501,-0.018829828128218651,-0.00012274757318664342,0.017419463023543358,0.024462167173624039
CPITRNSL,2025-02-28,-0.027135893702507019,-0.018596101552248001,0.00014934666978660971,0.01753656193614006,0.024464014917612076
CPITRNSL,2025-03-31,-0.026056108996272087,-0.017890060320496559,0.00017874658806249499,0.017054365947842598,0.023847842589020729
CPITRNSL,2025-04-30,-0.025443792343139648,-0.017567174509167671,0.00018255187023896724,0.016937719658017159,0.023794693872332573
CPITRNSL,2025-05-31,-0.025541514158248901,-0.017616778612136841,0.00016997320926748216,0.017276838421821594,0.024307556450366974
CPITRNSL,2025-06-30,-0.026224514469504356,-0.018127694725990295,0.0002653012634254992,0.017374005168676376,0.024316996335983276
CPITRNSL,2025-07-31,-0.025686366483569145,-0.017811331897974014,0.00018969085067510605,0.017035158351063728,0.023875502869486809
CPITRNSL,2025-08-31,-0.025081362575292587,-0.017482927069067955,0.00015957681171130389,0.017001686617732048,0.02391442097723484
CPIULFSL,2023-09-30,-0.0062153879553079605,-0.0050338646396994591,-0.0019636577926576138,0.00052502710605040193,0.0013699963456019759
CPIULFSL,2023-10-31,-0.005665777251124382,-0.0044167200103402138,-0.0012440899154171348,0.0017366968095302582,0.002812542486935854
CPIULFSL,2023-11-30,-0.0045173880644142628,-0.0032418570481240749,0.00011274957068962976,0.0033824129495769739,0.0045170458033680916
CPIULFSL,2023-12-31,-0.0044811628758907318,-0.0031605332624167204,0.00037435864214785397,0.0037682610563933849,0.0049354471266269684
CPIULFSL,2024-01-31,-0.0049240761436522007,-0.0035825902596116066,8.6354684754041955e-06,0.0035948371514678001,0.0048209596425294876
CPIULFSL,2024-02-29,-0.0050896047614514828,-0.0036988933570683002,0.0001301339507335797,0.0038498076610267162,0.0050872410647571087
CPIULFSL,2024-03-31,-0.0051729269325733185,-0.0037219012156128883,0.00017995256348513067,0.003952463623136282,0.0051962598226964474
CPIULFSL,2024-04-30,-0.0052270879969000816,-0.0038396753370761871,-2.6231533411191776e-05,0.0037650309968739748,0.0050518638454377651
CPIULFSL,2024-05-31,-0.0053574098274111748,-0.0039129969663918018,-2.7050900825997815e-05,0.00374438869766891,0.0050096353515982628
CPIULFSL,2024-06-30,-0.0051541896536946297,-0.0037044256459921598,0.00017287433729507029,0.0038997940719127655,0.0051380470395088196
CPIULFSL,2024-07-31,-0.0051300972700119019,-0.0036926537286490202,0.00012387844617478549,0.0038100378587841988,0.0050266776233911514
CPIULFSL,2024-08-31,-0.0053194854408502579,-0.0039129308424890041,-4.4510663428809494e-05,0.003572078887373209,0.0047762156464159489
CPIULFSL,2024-09-30,-0.0053721535950899124,-0.0039195274002850056,-3.3174670534208417e-05,0.0036336828488856554,0.0048532010987401009
CPIULFSL,2024-10-31,-0.0052118860185146332,-0.0037501009646803141,0.00010555532207945362,0.0037959630135446787,0.0050410046242177486
CPIULFSL,2024-11-30,-0.0052673313766717911,-0.003812161972746253,7.602168625453487e-05,0.0037278507370501757,0.0049846270121634007
CPIULFSL,2024-12-31,-0.0055732480250298977,-0.0040422403253614902,-1.8202081264462322e-05,0.0037074948195368052,0.0049940715543925762
CPIULFSL,2025-01-31,-0.0056618750095367432,-0.0040235524065792561,-1.6083111404441297e-05,0.0037740964908152819,0.0051637804135680199
CPIULFSL,2025-02-28,-0.0056939069181680679,-0.0040214271284639835,1.6125120964716189e-05,0.003819948760792613,0.0052113728597760201
CPIULFSL,2025-03-31,-0.0055081918835639954,-0.0038884556852281094,3.6267214454710484e-05,0.0037594742607325315,0.0051268097013235092
CPIULFSL,2025-04-30,-0.0054102200083434582,-0.0038325069472193718,4.2121886508539319e-05,0.0037015383131802082,0.0050706649199128151
CPIULFSL,2025-05-31,-0.0053630620241165161,-0.0037966282106935978,4.4962267566006631e-05,0.0037566553801298141,0.0051625273190438747
CPIULFSL,2025-06-30,-0.0055439295247197151,-0.0039317095652222633,6.1722523241769522e-05,0.0037856644485145807,0.0051809670403599739
CPIULFSL,2025-07-31,-0.0054540731944143772,-0.0038697235286235809,5.5231306760106236e-05,0.0037147875409573317,0.0050877640023827553
CPIULFSL,2025-08-31,-0.0053248419426381588,-0.003793543903157115,5.6570417655166239e-05,0.0036952232476323843,0.0050777564756572247
CUMFNS,2023-09-30,-0.81361538171768188,-0.6234290599822998,-0.0956740602850914,0.42053535580635071,0.60011482238769531
CUMFNS,2023-10-31,-0.89519214630126953,-0.69946330785751343,-0.14375343918800354,0.40954816341400146,0.60187530517578125
CUMFNS,2023-11-30,-0.82990181446075439,-0.62606930732727051,-0.03690192848443985,0.5126459002494812,0.69355249404907227
CUMFNS,2023-12-31,-0.88354659080505371,-0.67130231857299805,-0.058820851147174835,0.51219505071640015,0.70195287466049194
CUMFNS,2024-01-31,-0.89852380752563477,-0.68935203552246094,-0.077313162386417389,0.52444499731063843,0.72534090280532837
CUMFNS,2024-02-29,-0.92081207036972046,-0.70858991146087646,-0.067189551889896393,0.53602910041809082,0.73629456758499146
CUMFNS,2024-03-31,-0.90001475811004639,-0.68348729610443115,-0.047116659581661224,0.54749131202697754,0.74482804536819458
CUMFNS,2024-04-30,-0.9089353084564209,-0.69617354869842529,-0.067044205963611603,0.55591946840286255,0.76825988292694092
CUMFNS,2024-05-31,-0.91166031360626221,-0.69419825077056885,-0.059015348553657532,0.53999096155166626,0.74641096591949463
CUMFNS,2024-06-30,-0.90490347146987915,-0.6797066330909729,-0.041420303285121918,0.57098138332366943,0.78515183925628662
CUMFNS,2024-07-31,-0.90264153480529785,-0.68507742881774902,-0.052965089678764343,0.54720014333724976,0.75592207908630371
CUMFNS,2024-08-31,-0.88611948490142822,-0.67226797342300415,-0.046493738889694214,0.54074251651763916,0.73843097686767578
CUMFNS,2024-09-30,-0.91594374179840088,-0.69071686267852783,-0.035857394337654114,0.56464660167694092,0.76534008979797363
CUMFNS,2024-10-31,-0.91599911451339722,-0.6857331395149231,-0.028781013563275337,0.57274144887924194,0.76690727472305298
CUMFNS,2024-11-30,-0.93299710750579834,-0.69945889711380005,-0.034678030759096146,0.58118581771850586,0.79065215587615967
CUMFNS,2024-12-31,-0.94198131561279297,-0.71020632982254028,-0.044626355171203613,0.56903988122940063,0.77350497245788574
CUMFNS,2025-01-31,-0.95671737194061279,-0.71116894483566284,-0.025211760774254799,0.624378502368927,0.84100800752639771
CUMFNS,2025-02-28,-0.94625073671340942,-0.7022014856338501,-0.019423402845859528,0.61901485919952393,0.83004295825958252
CUMFNS,2025-03-31,-0.9224056601524353,-0.67899525165557861,-0.0088311173021793365,0.60697329044342041,0.81094324588775635
CUMFNS,2025-04-30,-0.9310271143913269,-0.68319684267044067,-0.015093063004314899,0.60502535104751587,0.81434774398803711
CUMFNS,2025-05-31,-0.91541844606399536,-0.67594307661056519,-0.014255440793931484,0.61742097139358521,0.83671200275421143
CUMFNS,2025-06-30,-0.91045767068862915,-0.6771317720413208,-0.013693485409021378,0.60759222507476807,0.81939667463302612
CUMFNS,2025-07-31,-0.90197384357452393,-0.66674512624740601,-0.015711087733507156,0.59731042385101318,0.80779463052749634
CUMFNS,2025-08-31,-0.90737646818161011,-0.67144185304641724,-0.013011869974434376,0.61983609199523926,0.83946472406387329
CUSR0000SA0L2,2023-09-30,-0.0085109919309616089,-0.0067836390808224678,-0.0023346042726188898,0.0012913161190226674,0.0025573647581040859
CUSR0000SA0L2,2023-10-31,-0.0083355642855167389,-0.0065459571778774261,-0.0019727253820747137,0.0021182864438742399,0.0036352288443595171
CUSR0000SA0L2,2023-11-30,-0.0059027886018157005,-0.0041169538162648678,0.00048411174793727696,0.005097903311252594,0.006775194313377142
CUSR0000SA0L2,2023-12-31,-0.0062642497941851616,-0.0044087646529078484,0.00032907802960835397,0.0049552684649825096,0.0066316886804997921
CUSR0000SA0L2,2024-01-31,-0.0064432062208652496,-0.0046236645430326462,7.6271135185379535e-05,0.0047714002430438995,0.0064608077518641949
CUSR0000SA0L2,2024-02-29,-0.0065345782786607742,-0.0046862773597240448,0.00017834620666690171,0.00487161660566926,0.0065269460901618004
CUSR0000SA0L2,2024-03-31,-0.0066555351950228214,-0.0047465022653341293,0.00015130595420487225,0.0048631960526108742,0.0065256049856543541
CUSR0000SA0L2,2024-04-30,-0.0067667020484805107,-0.0049122842028737068,-0.00010996990749845281,0.004612380638718605,0.0063167060725390911
CUSR0000SA0L2,2024-05-31,-0.0068032732233405113,-0.0048898984678089619,-4.272480964573333e-06,0.0047680702991783619,0.0064595732837915421
CUSR0000SA0L2,2024-06-30,-0.0065780291333794594,-0.0046149361878633499,0.00027016608510166407,0.0049675838090479374,0.0066002225503325462
CUSR0000SA0L2,2024-07-31,-0.0065163420513272285,-0.0046227294951677322,0.00013379822485148907,0.0047255782410502434,0.0063310703262686729
CUSR0000SA0L2,2024-08-31,-0.0066883540712296963,-0.0048420531675219536,-7.9744058893993497e-05,0.0043807434849441051,0.0059395227581262589
CUSR0000SA0L2,2024-09-30,-0.0067198602482676506,-0.0048151221126317978,-2.9206405088189058e-05,0.004484178964048624,0.0060637257993221283
CUSR0000SA0L2,2024-10-31,-0.0064801629632711411,-0.0045632524415850639,0.00015506811905652285,0.0046625500544905663,0.0062437844462692738
CUSR0000SA0L2,2024-11-30,-0.0066857398487627506,-0.0047379704192280769,7.6713760790880769e-05,0.004541618749499321,0.0061435853131115437
CUSR0000SA0L2,2024-12-31,-0.0069918991066515446,-0.0049860286526381969,-1.1422572242736351e-05,0.0045816344209015369,0.006239880807697773
CUSR0000SA0L2,2025-01-31,-0.0069985520094633102,-0.004952295683324337,-4.020087726530619e-05,0.0046315365470945835,0.006425010971724987
CUSR0000SA0L2,2025-02-28,-0.0070021022111177444,-0.0049179825000464916,2.4947498786787037e-06,0.0046530258841812611,0.0064410329796373844
CUSR0000SA0L2,2025-03-31,-0.0067779594101011753,-0.00476099643856287,2.6255451302859001e-05,0.004564378410577774,0.0063286488875746727
CUSR0000SA0L2,2025-04-30,-0.0066950311884284019,-0.0047007650136947632,3.8826921809231862e-05,0.0045280889607965946,0.006286385003477335
CUSR0000SA0L2,2025-05-31,-0.0066459891386330128,-0.0046719023957848549,3.112843114649877e-05,0.0045865951105952263,0.0063938507810235023
CUSR0000SA0L2,2025-06-30,-0.0068965028040111065,-0.0048566590994596481,5.4036670917412266e-05,0.0046492805704474449,0.0064535294659435749
CUSR0000SA0L2,2025-07-31,-0.0068297036923468113,-0.0048151691444218159,1.5838308172533289e-05,0.004559776745736599,0.0063503761775791645
CUSR0000SA0L2,2025-08-31,-0.0066943122074007988,-0.0047278180718421936,3.5811339330393821e-05,0.0045711505226790905,0.0063690971583127975
CUSR0000SA0L5,2023-09-30,-0.0057730339467525482,-0.0046850703656673431,-0.0018295295303687453,0.00053203699644654989,0.001341750961728394
CUSR0000SA0L5,2023-10-31,-0.0053783738985657692,-0.0042328718118369579,-0.0013033475261181593,0.0014663917245343328,0.0024761748500168324
CUSR0000SA0L5,2023-11-30,-0.0042682364583015442,-0.0030882731080055237,3.8670888898195699e-05,0.0031256037764251232,0.0042204121127724648
CUSR0000SA0L5,2023-12-31,-0.0042503094300627708,-0.0030276125762611628,0.00026206133770756423,0.0034692708868533373,0.0045952717773616314
CUSR0000SA0L5,2024-01-31,-0.0045356634072959423,-0.0032980137038975954,5.7433291658526286e-05,0.003446157556027174,0.0046235905028879642
CUSR0000SA0L5,2024-02-29,-0.004807204008102417,-0.0035140563268214464,5.0569375162012875e-05,0.0035826745443046093,0.0047817891463637352
CUSR0000SA0L5,2024-03-31,-0.0049084955826401711,-0.0035635167732834816,0.00010248867329210043,0.0036771220620721579,0.0048734266310930252
CUSR0000SA0L5,2024-04-30,-0.0048882588744163513,-0.0036090121138840914,-4.4970780436415225e-05,0.0035409063566476107,0.0047759711742401123
CUSR0000SA0L5,2024-05-31,-0.0049510197713971138,-0.0036265603266656399,-9.8944738056161441e-06,0.0035635859239846468,0.0047788140363991261
CUSR0000SA0L5,2024-06-30,-0.0047950837761163712,-0.0034638009965419769,0.00013922985817771405,0.0036428740713745356,0.0048238709568977356
CUSR0000SA0L5,2024-07-31,-0.0047711874358355999,-0.0034537981264293194,8.7138228991534561e-05,0.0035398162435740232,0.0046944096684455872
CUSR0000SA0L5,2024-08-31,-0.0048737055622041225,-0.0035971379838883877,-4.2387840949231759e-05,0.0033354321494698524,0.0044794641435146332
CUSR0000SA0L5,2024-09-30,-0.0049514332786202431,-0.0036257200408726931,-4.6486868086503819e-05,0.0033571468666195869,0.0045068827457726002
CUSR0000SA0L5,2024-10-31,-0.0048129274509847164,-0.0034744623117148876,7.7706354204565287e-05,0.0035015607718378305,0.004662590567022562
CUSR0000SA0L5,2024-11-30,-0.0048571755178272724,-0.0035203990992158651,7.1894144639372826e-05,0.0034810856450349092,0.0046693850308656693
CUSR0000SA0L5,2024-12-31,-0.0051094396039843559,-0.003714393824338913,-8.2803016994148493e-06,0.003481946187093854,0.0047051268629729748
CUSR0000SA0L5,2025-01-31,-0.0051379455253481865,-0.0036893906071782112,-2.1112486138008535e-05,0.0034851087257266045,0.0047629652544856071
CUSR0000SA0L5,2025-02-28,-0.0051536099053919315,-0.0036793188191950321,1.6672562196617946e-05,0.0035274690017104149,0.0048033199273049831
CUSR0000SA0L5,2025-03-31,-0.0049837585538625717,-0.0035542238038033247,2.6513585908105597e-05,0.0034716862719506025,0.004731916356831789
CUSR0000SA0L5,2025-04-30,-0.0049380320124328136,-0.003532493719831109,2.667797525646165e-05,0.0034312831703573465,0.0046930806711316109
CUSR0000SA0L5,2025-05-31,-0.0049003660678863525,-0.0035036671906709671,2.6296504074707627e-05,0.0034755489323288202,0.0047723092138767242
CUSR0000SA0L5,2025-06-30,-0.0050428165122866631,-0.0036124170292168856,4.5627475628862157e-05,0.0035011621657758951,0.0047820140607655048
CUSR0000SA0L5,2025-07-31,-0.0049863723106682301,-0.0035707408096641302,3.5801644116872922e-05,0.003443924942985177,0.0047117723152041435
CUSR0000SA0L5,2025-08-31,-0.0048866840079426765,-0.0035130330361425877,3.155955346301198e-05,0.0034248502925038338,0.0046997838653624058
CUSR0000SAC,2023-09-30,-0.013213393278419971,-0.010191853158175945,-0.0025980183854699135,0.0037679004017263651,0.0061741773970425129
CUSR0000SAC,2023-10-31,-0.013325451873242855,-0.010235623456537724,-0.0024758486542850733,0.0046811904758214951,0.0075436444021761417
CUSR0000SAC,2023-11-30,-0.010064092464745045,-0.0070335809141397476,0.0005607414641417563,0.0081503316760063171,0.011003687046468258
CUSR0000SAC,2023-12-31,-0.010414297692477703,-0.007271286565810442,0.00056117790518328547,0.0082437973469495773,0.011102755554020405
CUSR0000SAC,2024-01-31,-0.010618512518703938,-0.0075495867058634758,0.00018954374536406249,0.0079664494842290878,0.010833125561475754
CUSR0000SAC,2024-02-29,-0.011139774695038795,-0.0079568289220333099,0.00016377359861508012,0.0079202689230442047,0.010695324279367924
CUSR0000SAC,2024-03-31,-0.011167767457664013,-0.0079210055992007256,0.00015516983694396913,0.0078585119917988777,0.010609675198793411
CUSR0000SAC,2024-04-30,-0.011157358065247536,-0.0079866182059049606,-5.4259762691799551e-06,0.0077503523789346218,0.010593102313578129
CUSR0000SAC,2024-05-31,-0.011366233229637146,-0.0080991676077246666,2.9459111829055473e-05,0.0079286769032478333,0.010797526687383652
CUSR0000SAC,2024-06-30,-0.010858049616217613,-0.0076044346205890179,0.00026594632072374225,0.0077816573902964592,0.01051261555403471
CUSR0000SAC,2024-07-31,-0.01058280561119318,-0.0074982340447604656,0.00014321447815746069,0.0074543566443026066,0.010093034245073795
CUSR0000SAC,2024-08-31,-0.010781871154904366,-0.007734835147857666,-3.0507031624438241e-05,0.0072022615931928158,0.0098232189193367958
CUSR0000SAC,2024-09-30,-0.010972457006573677,-0.0077958735637366772,1.1493947567942087e-05,0.0073400391265749931,0.0099831288680434227
CUSR0000SAC,2024-10-31,-0.010755191557109356,-0.0075363111682236195,0.00018124732014257461,0.007515475619584322,0.010180276818573475
CUSR0000SAC,2024-11-30,-0.011023604311048985,-0.0077544813975691795,8.675263961777091e-05,0.0072339125908911228,0.0098799727857112885
CUSR0000SAC,2024-12-31,-0.011437094770371914,-0.0080819027498364449,6.2719438574276865e-05,0.0074792727828025818,0.010227556340396404
CUSR0000SAC,2025-01-31,-0.01159143541008234,-0.0080573521554470062,-3.9251135603990406e-05,0.0076347487047314644,0.010780357755720615
CUSR0000SAC,2025-02-28,-0.01149236224591732,-0.0079487543553113937,1.8230753994430415e-05,0.0075817648321390152,0.010681319050490856
CUSR0000SAC,2025-03-31,-0.011174039915204048,-0.007725731935352087,4.3608612031675875e-05,0.0074244779534637928,0.010485682636499405
CUSR0000SAC,2025-04-30,-0.011048857122659683,-0.0076261558569967747,6.1180668126326054e-05,0.0073688565753400326,0.010415480472147465
CUSR0000SAC,2025-05-31,-0.011097781360149384,-0.0076844654977321625,5.4080868721939623e-05,0.0075400779023766518,0.010680096223950386
CUSR0000SAC,2025-06-30,-0.011304095387458801,-0.007855570875108242,7.3822346166707575e-05,0.0075355814769864082,0.010633068159222603
CUSR0000SAC,2025-07-31,-0.011085684411227703,-0.007706045638769865,5.1548184273997322e-05,0.0073837521485984325,0.010434445925056934
CUSR0000SAC,2025-08-31,-0.010919051244854927,-0.0076042748987674713,7.8514465712942183e-05,0.0074399136938154697,0.01052473671734333
CUSR0000SAD,2023-09-30,-0.004673318937420845,-0.0033481328282505274,-0.00019487267127260566,0.0029132801573723555,0.0042437990196049213
CUSR0000SAD,2023-10-31,-0.0039418172091245651,-0.0025719224940985441,0.0008948503527790308,0.0045162239111959934,0.0060204355977475643
CUSR0000SAD,2023-11-30,-0.0047014011070132256,-0.0033111250959336758,0.00017432295135222375,0.0037877222057431936,0.0052611567080020905
CUSR0000SAD,2023-12-31,-0.0050855819135904312,-0.0035813136491924524,0.00012253901513759047,0.0037926412187516689,0.00530668580904603
CUSR0000SAD,2024-01-31,-0.0054455273784697056,-0.0039361016824841499,-0.00019975623581558466,0.0036617277655750513,0.0052938810549676418
CUSR0000SAD,2024-02-29,-0.0056748026981949806,-0.0040802257135510445,-6.7541470343712717e-05,0.003862305311486125,0.0054594473913311958
CUSR0000SAD,2024-03-31,-0.0058751669712364674,-0.0042520998977124691,-0.00019818136934190989,0.0038006030954420567,0.0054260748438537121
CUSR0000SAD,2024-04-30,-0.0058500715531408787,-0.0042530433274805546,-0.0002636294811964035,0.0037543419748544693,0.0053857406601309776
CUSR0000SAD,2024-05-31,-0.0057226531207561493,-0.0040798811241984367,-3.1763633160153404e-05,0.0039147739298641682,0.005490174051374197
CUSR0000SAD,2024-06-30,-0.0056801601313054562,-0.0040275254286825657,3.1358868000097573e-05,0.0039677554741501808,0.0055315615609288216
CUSR0000SAD,2024-07-31,-0.005600576288998127,-0.0039448896422982216,4.9119043978862464e-05,0.0038869411218911409,0.005404904019087553
CUSR0000SAD,2024-08-31,-0.0057217809371650219,-0.0040920637547969818,-2.0319097529863939e-05,0.0038374168798327446,0.0053466134704649448
CUSR0000SAD,2024-09-30,-0.0058123860508203506,-0.0041334843263030052,-2.8395068511599675e-05,0.0039216759614646435,0.0054567484185099602
CUSR0000SAD,2024-10-31,-0.0058609079569578171,-0.0041567487642168999,2.8859612939413637e-06,0.0040458939038217068,0.0056161168031394482
CUSR0000SAD,2024-11-30,-0.0058087981306016445,-0.0041276360861957073,1.4674935300718062e-05,0.0039470326155424118,0.0054801572114229202
CUSR0000SAD,2024-12-31,-0.0059477123431861401,-0.0042007998563349247,2.4827750166878104e-07,0.0039727515541017056,0.0055332500487565994
CUSR0000SAD,2025-01-31,-0.0062554553151130676,-0.0043936395086348057,-4.5697448513237759e-05,0.004207173828035593,0.0060075791552662849
CUSR0000SAD,2025-02-28,-0.0062764547765254974,-0.0043755844235420227,1.0073074008687399e-05,0.0042564361356198788,0.0060372515581548214
CUSR0000SAD,2025-03-31,-0.0061805658042430878,-0.0043169339187443256,8.6365325842052698e-06,0.0042426805011928082,0.0060280719771981239
CUSR0000SAD,2025-04-30,-0.0061218091286718845,-0.0042905961163341999,-5.6450589909218252e-06,0.0041774008423089981,0.0059869508258998394
CUSR0000SAD,2025-05-31,-0.0060574295930564404,-0.0042324070818722248,-1.0321789886802435e-05,0.0041932999156415462,0.0060365321114659309
CUSR0000SAD,2025-06-30,-0.0062358370050787926,-0.004359440878033638,-3.8244561437750235e-06,0.0041738571599125862,0.0059671876952052116
CUSR0000SAD,2025-07-31,-0.0060944738797843456,-0.0042458288371562958,-1.7140371710411273e-05,0.004070015624165535,0.00583261763677001
CUSR0000SAD,2025-08-31,-0.0060325856320559978,-0.0042150369845330715,-3.2073774491436779e-05,0.0040470059029757977,0.0058215148746967316
CUSR0000SAS,2023-09-30,-0.0019064069492742419,-0.0014266145881265402,-0.00020824660896323621,0.00096503493841737509,0.0013807530049234629
CUSR0000SAS,2023-10-31,-0.0018962349276989698,-0.0013732383958995342,6.0844795370940119e-05,0.0014523772988468409,0.0019243814749643207
CUSR0000SAS,2023-11-30,-0.0021486303303390741,-0.0016030133701860905,-7.9142861068248749e-05,0.0014707350637763739,0.0019823196344077587
CUSR0000SAS,2023-12-31,-0.0022958458866924047,-0.0016981876688078046,-2.8561076760524884e-05,0.0015883902087807655,0.0021250706631690264
CUSR0000SAS,2024-01-31,-0.0024026329629123211,-0.0018114433623850346,-0.00013074342859908938,0.0016268051695078611,0.0022254884243011475
CUSR0000SAS,2024-02-29,-0.0024567749351263046,-0.0018392947968095541,-3.3148338843602687e-05,0.0017335324082523584,0.0023087896406650543
CUSR0000SAS,2024-03-31,-0.0024821038823574781,-0.0018516834825277328,-2.456749280099757e-05,0.0017605687025934458,0.002335103927180171
CUSR0000SAS,2024-04-30,-0.0025029017124325037,-0.0018886220641434193,-9.9325465271249413e-05,0.0017355362651869655,0.0023456267081201077
CUSR0000SAS,2024-05-31,-0.002511514350771904,-0.0018754287157207727,-4.2494222725508735e-05,0.0017470229649916291,0.0023349428083747625
CUSR0000SAS,2024-06-30,-0.0025192918255925179,-0.0018688753480091691,-1.1832617929030675e-05,0.0017850223230198026,0.0023731589317321777
CUSR0000SAS,2024-07-31,-0.002576407277956605,-0.0019153885077685118,-5.1062819693470374e-05,0.0017634615069255233,0.0023576086387038231
CUSR0000SAS,2024-08-31,-0.002577680628746748,-0.0019307262264192104,-4.0055194403976202e-05,0.0017643413739278913,0.0023511247709393501
CUSR0000SAS,2024-09-30,-0.002604474313557148,-0.0019420480821281672,-3.8742306060157716e-05,0.0017863959074020386,0.0023770846892148256
CUSR0000SAS,2024-10-31,-0.002613297663629055,-0.0019409570377320051,-2.5853069018921815e-05,0.0018145862268283963,0.0023998040705919266
CUSR0000SAS,2024-11-30,-0.0025951582938432693,-0.0019291164353489876,-5.8565256040310487e-06,0.0018215472809970379,0.0024221679195761681
CUSR0000SAS,2024-12-31,-0.0026498390361666679,-0.001963392598554492,-1.5487070413655601e-05,0.0018424344016239047,0.0024582992773503065
CUSR0000SAS,2025-01-31,-0.0028227642178535461,-0.0020392495207488537,-1.2428692571120337e-05,0.0019523719092831016,0.0026532071642577648
CUSR0000SAS,2025-02-28,-0.002810771344229579,-0.0020210861694067717,5.9898738982155919e-06,0.0019444409990683198,0.0026376000605523586
CUSR0000SAS,2025-03-31,-0.002740202471613884,-0.0019693644717335701,3.7162863009143621e-07,0.0019094883464276791,0.0026022589299827814
CUSR0000SAS,2025-04-30,-0.0027450327761471272,-0.0019756548572331667,-9.5414870884269476e-06,0.0018796395743265748,0.0025724382139742374
CUSR0000SAS,2025-05-31,-0.0027062639128416777,-0.0019502876093611121,-1.0690267117752228e-05,0.0019003396155312657,0.0026113425847142935
CUSR0000SAS,2025-06-30,-0.0027140851598232985,-0.0019618500955402851,6.2510753195965663e-06,0.0018727385904639959,0.0025581747759133577
CUSR0000SAS,2025-07-31,-0.0026839354541152716,-0.0019292610231786966,1.5775549400132149e-06,0.0018349376041442156,0.0025105511303991079
CUSR0000SAS,2025-08-31,-0.0026733323466032743,-0.0019251308403909206,-6.7775799834635109e-06,0.001831964123994112,0.002520611509680748
DDURRG3M086SBEA,2023-09-30,-0.0050890259444713593,-0.0039325989782810211,-0.00064342137193307281,0.0026195722166448832,0.0037496977020055056
DDURRG3M086SBEA,2023-10-31,-0.0042468886822462082,-0.0029776573646813631,0.00074501550989225507,0.0045651006512343884,0.0058066132478415966
DDURRG3M086SBEA,2023-11-30,-0.0060893413610756397,-0.0047774449922144413,-0.00086132966680452228,0.0030481750145554543,0.0043697385117411613
DDURRG3M086SBEA,2023-12-31,-0.0052711116150021553,-0.0039543295279145241,9.209483687300235e-05,0.0042629074305295944,0.0056042810901999474
DDURRG3M086SBEA,2024-01-31,-0.0047290725633502007,-0.0033615762367844582,0.00074002152541652322,0.0050489450804889202,0.0064367353916168213
DDURRG3M086SBEA,2024-02-29,-0.0059984629042446613,-0.0046128449030220509,-0.00042414502240717411,0.0039580897428095341,0.0053633884526789188
DDURRG3M086SBEA,2024-03-31,-0.0063542048446834087,-0.0049792206846177578,-0.00066098052775487304,0.0036842767149209976,0.005108274519443512
DDURRG3M086SBEA,2024-04-30,-0.0053613586351275444,-0.0040062176994979382,0.00026711996179074049,0.0047668842598795891,0.0061865504831075668
DDURRG3M086SBEA,2024-05-31,-0.005639753770083189,-0.0042301355861127377,0.00012592882558237761,0.0046292515471577644,0.0060354927554726601
DDURRG3M086SBEA,2024-06-30,-0.0058658197522163391,-0.004511968232691288,-0.00011654213449219242,0.0042707049287855625,0.0056613432243466377
DDURRG3M086SBEA,2024-07-31,-0.0062864688225090504,-0.0049243713729083538,-0.00059602840337902308,0.0037387209013104439,0.0051537738181650639
DDURRG3M086SBEA,2024-08-31,-0.0054736323654651642,-0.0041488152928650379,0.00017668797227088362,0.0045753577724099159,0.0059812087565660477
DDURRG3M086SBEA,2024-09-30,-0.005253275390714407,-0.0039000071119517088,0.00035967078292742372,0.004858079832047224,0.00631284574046731
DDURRG3M086SBEA,2024-10-31,-0.0059853694401681423,-0.0045758509077131748,-0.00015719143266323954,0.0043192552402615547,0.0057524112053215504
DDURRG3M086SBEA,2024-11-30,-0.0060218782164156437,-0.004691998939961195,-0.00037241459358483553,0.0040186354890465736,0.0054226350039243698
DDURRG3M086SBEA,2024-12-31,-0.0056481547653675079,-0.004274104256182909,5.440933455247432e-05,0.004525523167103529,0.005937009584158659
DDURRG3M086SBEA,2025-01-31,-0.0047718016430735588,-0.003283884609118104,0.00099471630528569221,0.0056436401791870594,0.0072548296302556992
DDURRG3M086SBEA,2025-02-28,-0.006361702922731638,-0.0049439319409430027,-0.00058510259259492159,0.0039069335907697678,0.0054798698984086514
DDURRG3M086SBEA,2025-03-31,-0.006591002456843853,-0.0051325084641575813,-0.0007052729488350451,0.0037327143363654613,0.0052544651553034782
DDURRG3M086SBEA,2025-04-30,-0.0054606939665973186,-0.0039762295782566071,0.00034350395435467362,0.0048180045560002327,0.0063358685001730919
DDURRG3M086SBEA,2025-05-31,-0.0053665749728679657,-0.0039613703265786171,0.0002675565192475915,0.004760298877954483,0.0062767625786364079
DDURRG3M086SBEA,2025-06-30,-0.0061080753803253174,-0.0046282494440674782,-0.00024713852326385677,0.0042029609903693199,0.0057112229987978935
DDURRG3M086SBEA,2025-07-31,-0.0062189553864300251,-0.0047602900303900242,-0.000369911955203861,0.004020374733954668,0.0055412831716239452
DDURRG3M086SBEA,2025-08-31,-0.0056000091135501862,-0.0041783452033996582,0.00012144444917794317,0.004529125988483429,0.006031334400177002
DMANEMP,2023-09-30,-0.0023321830667555332,-0.0015129415551200509,0.00021396775264292955,0.0020514507777988911,0.0027497834526002407
DMANEMP,2023-10-31,-0.0027015907689929008,-0.0017621626611799002,0.00022074277512729168,0.0021599945612251759,0.0029157949611544609
DMANEMP,2023-11-30,-0.0032350164838135242,-0.0021768305450677872,0.00012497528223320842,0.0022816830314695835,0.0030781547538936138
DMANEMP,2023-12-31,-0.0033885571174323559,-0.002280364977195859,0.00027499650605022907,0.0027112695388495922,0.0036217053420841694
DMANEMP,2024-01-31,-0.0041786092333495617,-0.0028695454820990562,7.3013303335756063e-05,0.0028066742233932018,0.003773215226829052
DMANEMP,2024-02-29,-0.0042371600866317749,-0.0028675482608377934,0.00035087962169200182,0.0032090125605463982,0.0042485995218157768
DMANEMP,2024-03-31,-0.0050120828673243523,-0.0034638568758964539,-2.0792009308934212e-05,0.003096387255936861,0.0041953865438699722
DMANEMP,2024-04-30,-0.0048733125440776348,-0.0032895351760089397,0.00036101194564253092,0.0036361468955874443,0.0047673098742961884
DMANEMP,2024-05-31,-0.0051938067190349102,-0.003578956238925457,0.00012491847155615687,0.0034093125723302364,0.0045604370534420013
DMANEMP,2024-06-30,-0.0051852064207196236,-0.0035484111867845058,0.00022240180987864733,0.003656887449324131,0.0049386327154934406
DMANEMP,2024-07-31,-0.0055032055824995041,-0.0037795691750943661,0.00013080460485070944,0.0036277659237384796,0.0049004410393536091
DMANEMP,2024-08-31,-0.0056845229119062424,-0.003865427803248167,0.00014269683742895722,0.0036393469199538231,0.0048379609361290932
DMANEMP,2024-09-30,-0.0058660064823925495,-0.0039305309765040874,0.00016747508198022842,0.0037153991870582104,0.004926550667732954
DMANEMP,2024-10-31,-0.005871996283531189,-0.0038717626594007015,0.00020645215408876538,0.0037033902481198311,0.0048679783940315247
DMANEMP,2024-11-30,-0.0060654738917946815,-0.0040384959429502487,0.00029137590900063515,0.0038527450524270535,0.0051137497648596764
DMANEMP,2024-12-31,-0.0062334905378520489,-0.0041972748003900051,7.1766495238989592e-05,0.0036798678338527679,0.004906926304101944
DMANEMP,2025-01-31,-0.0068149403668940067,-0.0043713790364563465,0.00040646595880389214,0.0042836451902985573,0.0056627034209668636
DMANEMP,2025-02-28,-0.0065781036391854286,-0.0042093903757631779,0.00044685753528028727,0.0042569492943584919,0.0055945366621017456
DMANEMP,2025-03-31,-0.0064943809993565083,-0.0041455477476119995,0.00046916201245039701,0.0042501059360802174,0.0055754939094185829
DMANEMP,2025-04-30,-0.0063072401098906994,-0.0040077962912619114,0.00052491296082735062,0.0042632007971405983,0.0056394897401332855
DMANEMP,2025-05-31,-0.0065105892717838287,-0.0041266107000410557,0.00046097382437437773,0.0043825744651257992,0.0058265449479222298
DMANEMP,2025-06-30,-0.0062412028200924397,-0.0039768600836396217,0.00053258007392287254,0.004300200380384922,0.0057013859041035175
DMANEMP,2025-07-31,-0.006330905482172966,-0.0040000602602958679,0.00055736210197210312,0.0043210908770561218,0.0057151108048856258
DMANEMP,2025-08-31,-0.0066713853739202023,-0.0042302287183701992,0.00053042604122310877,0.0044649322517216206,0.0058992933481931686
DNDGRG3M086SBEA,2023-09-30,-0.014976615086197853,-0.011352717876434326,-0.0021614618599414825,0.0058881635777652264,0.0089608058333396912
DNDGRG3M086SBEA,2023-10-31,-0.015299199149012566,-0.011569324880838394,-0.0020121580455452204,0.0068374983966350555,0.010270947590470314
DNDGRG3M086SBEA,2023-11-30,-0.012422298081219196,-0.008757387287914753,0.00044198532123118639,0.0094144921749830246,0.012612098827958107
DNDGRG3M086SBEA,2023-12-31,-0.012385072186589241,-0.0086799180135130882,0.00058579049073159695,0.0095504960045218468,0.01273276936262846
DNDGRG3M086SBEA,2024-01-31,-0.012461981736123562,-0.0088801588863134384,0.00020123149442952126,0.0090879388153553009,0.012261996045708656
DNDGRG3M086SBEA,2024-02-29,-0.012735422700643539,-0.0091157620772719383,0.00023318103922065347,0.0090327570214867592,0.01214168593287468
DNDGRG3M086SBEA,2024-03-31,-0.012561369687318802,-0.0088977888226509094,0.0002959619159810245,0.0090033439919352531,0.01209566742181778
DNDGRG3M086SBEA,2024-04-30,-0.012781788595020771,-0.0091532599180936813,8.9882829342968762e-05,0.0089604230597615242,0.012157635763287544
DNDGRG3M086SBEA,2024-05-31,-0.013380413874983788,-0.0095766354352235794,2.8943624784005806e-05,0.0092492587864398956,0.012530378066003323
DNDGRG3M086SBEA,2024-06-30,-0.012751618400216103,-0.0090624848380684853,0.00021437564282678068,0.0090318853035569191,0.012147009372711182
DNDGRG3M086SBEA,2024-07-31,-0.01215853076428175,-0.0086682382971048355,0.00020769437833223492,0.0087314080446958542,0.011722111143171787
DNDGRG3M086SBEA,2024-08-31,-0.012250939384102821,-0.0088165644556283951,6.9551759224850684e-05,0.0084465676918625832,0.01142868772149086
DNDGRG3M086SBEA,2024-09-30,-0.012361210770905018,-0.0088125020265579224,0.00010375541751272976,0.0085126282647252083,0.0114937424659729
DNDGRG3M086SBEA,2024-10-31,-0.012186833657324314,-0.0085879368707537651,0.00022355388500727713,0.0086184563115239143,0.011593731120228767
DNDGRG3M086SBEA,2024-11-30,-0.012508203275501728,-0.0088285766541957855,0.00012816008529625833,0.0083889095112681389,0.011407819576561451
DNDGRG3M086SBEA,2024-12-31,-0.012833071872591972,-0.0091071529313921928,0.00016728485934436321,0.008657439611852169,0.011762590147554874
DNDGRG3M086SBEA,2025-01-31,-0.012892851606011391,-0.0090255597606301308,-1.3124868928571232e-05,0.0086070513352751732,0.012025070376694202
DNDGRG3M086SBEA,2025-02-28,-0.012768368236720562,-0.0089052515104413033,5.4665026254951954e-05,0.0085935862734913826,0.01198117807507515
DNDGRG3M086SBEA,2025-03-31,-0.012559734284877777,-0.0087544629350304604,7.4079180194530636e-05,0.0084821209311485291,0.011854029260575771
DNDGRG3M086SBEA,2025-04-30,-0.012479649856686592,-0.0086851539090275764,6.9923255068715662e-05,0.0083700641989707947,0.011709045618772507
DNDGRG3M086SBEA,2025-05-31,-0.012535187415778637,-0.0087418509647250175,6.0083246353315189e-05,0.0084799686446785927,0.01190499123185873
DNDGRG3M086SBEA,2025-06-30,-0.012684386223554611,-0.0088744768872857094,9.750502067618072e-05,0.0084739532321691513,0.011841827072203159
DNDGRG3M086SBEA,2025-07-31,-0.012414375320076942,-0.0086617087945342064,0.00013141047384124249,0.0083415433764457703,0.011655223555862904
DNDGRG3M086SBEA,2025-08-31,-0.012394338846206665,-0.0086877886205911636,0.0001152366676251404,0.008472745306789875,0.011872773990035057
DPCERA3M086SBEA,2023-09-30,-0.0044595412909984589,-0.0028093864675611258,0.0010262029245495796,0.0047807688824832439,0.006390158087015152
DPCERA3M086SBEA,2023-10-31,-0.0039125243201851845,-0.0022159039508551359,0.0017440491355955601,0.0057546980679035187,0.0075331525877118111
DPCERA3M086SBEA,2023-11-30,-0.0033020579721778631,-0.0016084730159491301,0.0025218965020030737,0.0066159702837467194,0.0083527266979217529
DPCERA3M086SBEA,2023-12-31,-0.0040592784062027931,-0.0023050636518746614,0.0019534851890057325,0.0063912468031048775,0.0083096018061041832
DPCERA3M086SBEA,2024-01-31,-0.0051076887175440788,-0.0032323386985808611,0.0013826122740283608,0.006042917724698782,0.007975979708135128
DPCERA3M086SBEA,2024-02-29,-0.0047358246520161629,-0.0029061643872410059,0.0016997504280880094,0.0064257867634296417,0.0084804687649011612
DPCERA3M086SBEA,2024-03-31,-0.0044470252469182014,-0.0026107656303793192,0.0018565100617706776,0.0065026106312870979,0.0085303783416748047
DPCERA3M086SBEA,2024-04-30,-0.0045737875625491142,-0.0027328131254762411,0.0017260609893128276,0.0062743732705712318,0.0081941774114966393
DPCERA3M086SBEA,2024-05-31,-0.004248504526913166,-0.0024208088871091604,0.0020139133557677269,0.0064624520018696785,0.0084213120862841606
DPCERA3M086SBEA,2024-06-30,-0.0043077422305941582,-0.0024389119353145361,0.0019743209704756737,0.0063556106761097908,0.0082479007542133331
DPCERA3M086SBEA,2024-07-31,-0.0040906853973865509,-0.0022908842656761408,0.0020300624892115593,0.0061868047341704369,0.0080583840608596802
DPCERA3M086SBEA,2024-08-31,-0.0043208887800574303,-0.0024933048989623785,0.00199464475736022,0.0063162501901388168,0.0081720314919948578
DPCERA3M086SBEA,2024-09-30,-0.0049195801839232445,-0.0029433241579681635,0.0019305686000734568,0.0065130665898323059,0.0084345927461981773
DPCERA3M086SBEA,2024-10-31,-0.0046323901042342186,-0.0026935881469398737,0.0019925103988498449,0.0064026555046439171,0.0082310028374195099
DPCERA3M086SBEA,2024-11-30,-0.0043855039402842522,-0.0025150564033538103,0.0021018302068114281,0.0065569328144192696,0.0084973424673080444
DPCERA3M086SBEA,2024-12-31,-0.0045451931655406952,-0.0026523240376263857,0.0018932933453470469,0.0064247921109199524,0.0083427932113409042
DPCERA3M086SBEA,2025-01-31,-0.0058547742664813995,-0.0034975640010088682,0.0018730880692601204,0.0071885325014591217,0.0094648199155926704
DPCERA3M086SBEA,2025-02-28,-0.0054805586114525795,-0.003180105471983552,0.0019730166532099247,0.0068645626306533813,0.0090086329728364944
DPCERA3M086SBEA,2025-03-31,-0.0049981353804469109,-0.0027705139946192503,0.0021081357263028622,0.0066650314256548882,0.0086909066885709763
DPCERA3M086SBEA,2025-04-30,-0.0048232879489660263,-0.0026755786966532469,0.0019736457616090775,0.0066110603511333466,0.0087020685896277428
DPCERA3M086SBEA,2025-05-31,-0.004919915460050106,-0.0027568179648369551,0.0019405700732022524,0.0064934156835079193,0.0084933675825595856
DPCERA3M086SBEA,2025-06-30,-0.0043961629271507263,-0.0024027118925005198,0.0020491525065153837,0.0065738018602132797,0.0086697563529014587
DPCERA3M086SBEA,2025-07-31,-0.0043435990810394287,-0.0022937061730772257,0.0021708139684051275,0.0066765677183866501,0.0087666157633066177
DPCERA3M086SBEA,2025-08-31,-0.0046705547720193863,-0.0025642609689384699,0.0021069666836410761,0.0068293493241071701,0.0089349681511521339
DSERRG3M086SBEA,2023-09-30,-0.001009212457574904,-0.00052555138245224953,0.00076102808816358447,0.002174269175156951,0.0027359386440366507
DSERRG3M086SBEA,2023-10-31,-0.0022595466580241919,-0.0016743664164096117,-0.00016124785179272294,0.001430395757779479,0.0020481317769736052
DSERRG3M086SBEA,2023-11-30,-0.0023233494721353054,-0.0017050220631062984,-6.158866744954139e-05,0.0016798273427411914,0.0023472735192626715
DSERRG3M086SBEA,2023-12-31,-0.0024526820052415133,-0.0018071439117193222,-6.6553177020978183e-05,0.0017622151644900441,0.0024603521451354027
DSERRG3M086SBEA,2024-01-31,-0.0024164789356291294,-0.001756998710334301,1.5659607015550137e-05,0.001925072050653398,0.002662076847627759
DSERRG3M086SBEA,2024-02-29,-0.0026762660127133131,-0.0019809724763035774,-0.00016430491814389825,0.0017672241665422916,0.0025039841420948505
DSERRG3M086SBEA,2024-03-31,-0.0025615794584155083,-0.0018767878646031022,-1.0247187674394809e-05,0.0019293193472549319,0.0026576989330351353
DSERRG3M086SBEA,2024-04-30,-0.0025914902798831463,-0.0019173459149897099,-7.5495481723919511e-05,0.0018821838311851025,0.00261539570055902
DSERRG3M086SBEA,2024-05-31,-0.0026563832070678473,-0.0019628950394690037,-7.943501987028867e-05,0.0018499174620956182,0.0025687660090625286
DSERRG3M086SBEA,2024-06-30,-0.0026257792487740517,-0.0019290032796561718,-3.4493914427002892e-05,0.0018943611066788435,0.0025977669283747673
DSERRG3M086SBEA,2024-07-31,-0.0025898655876517296,-0.0018958599539473653,-3.1960124033503234e-05,0.0018858194816857576,0.0025894199497997761
DSERRG3M086SBEA,2024-08-31,-0.0026081507094204426,-0.0019295079400762916,-5.2693161705974489e-05,0.0018322780961170793,0.0025209190789610147
DSERRG3M086SBEA,2024-09-30,-0.0026242057792842388,-0.0019205352291464806,-3.0726907425560057e-05,0.0018495389958843589,0.0025219083763659
DSERRG3M086SBEA,2024-10-31,-0.002632493618875742,-0.0019201289396733046,-2.7136755306855775e-05,0.0018628231482580304,0.0025385534390807152
DSERRG3M086SBEA,2024-11-30,-0.0026138101238757372,-0.0019169044680893421,-2.8234962883288972e-05,0.0018570041283965111,0.0025594141334295273
DSERRG3M086SBEA,2024-12-31,-0.0026696131099015474,-0.0019428650848567486,-6.6322972998023033e-06,0.0019263074500486255,0.0026393239386379719
DSERRG3M086SBEA,2025-01-31,-0.0027323660906404257,-0.0019550505094230175,-3.2242569432128221e-05,0.0019374756375327706,0.0027425647713243961
DSERRG3M086SBEA,2025-02-28,-0.0027677305042743683,-0.0019798318389803171,-4.6613538870587945e-05,0.0019363282481208444,0.0027507629711180925
DSERRG3M086SBEA,2025-03-31,-0.0027531622909009457,-0.0019705342128872871,-4.7983176045818254e-05,0.0019089366542175412,0.0027169196400791407
DSERRG3M086SBEA,2025-04-30,-0.0027312031015753746,-0.0019469424150884151,-3.9481819840148091e-05,0.0018971292302012444,0.0027105675544589758
DSERRG3M086SBEA,2025-05-31,-0.0027090189978480339,-0.0019237665692344308,-3.6600999010261148e-05,0.0019273727666586637,0.0027696371544152498
DSERRG3M086SBEA,2025-06-30,-0.0028120062779635191,-0.0020007938146591187,-4.2454572394490242e-05,0.0019256849773228168,0.0027535934932529926
DSERRG3M086SBEA,2025-07-31,-0.0027505604084581137,-0.0019485207740217447,-3.991483390564099e-05,0.0018774066120386124,0.0026868886779993773
DSERRG3M086SBEA,2025-08-31,-0.0027185925282537937,-0.0019254293292760849,-4.2479834519326687e-05,0.0018674546154215932,0.0026848907582461834
DTCOLNVHFNM,2023-09-30,-0.016988545656204224,-0.010056070983409882,-0.00017661553283687681,0.0087929302826523781,0.014012369327247143
DTCOLNVHFNM,2023-10-31,-0.018592005595564842,-0.011069563217461109,8.4089997471892275e-06,0.0094060655683279037,0.014924966730177402
DTCOLNVHFNM,2023-11-30,-0.017985297366976738,-0.010630080476403236,7.9550874943379313e-05,0.0096221817657351494,0.015010397881269455
DTCOLNVHFNM,2023-12-31,-0.016889240592718124,-0.0097851352766156197,0.00024488367489539087,0.0094089284539222717,0.014830593951046467
DTCOLNVHFNM,2024-01-31,-0.018431026488542557,-0.01100853830575943,0.00011772437574109063,0.010347491130232811,0.01608259417116642
DTCOLNVHFNM,2024-02-29,-0.017387347295880318,-0.010453478433191776,0.00052886107005178928,0.010800662450492382,0.016892110928893089
DTCOLNVHFNM,2024-03-31,-0.017401687800884247,-0.010496782138943672,0.00071608618600293994,0.011104489676654339,0.017162593081593513
DTCOLNVHFNM,2024-04-30,-0.018410222604870796,-0.011377545073628426,0.00044240627903491259,0.011393160559237003,0.017506176605820656
DTCOLNVHFNM,2024-05-31,-0.017757905647158623,-0.010894052684307098,0.00043980596819892526,0.010873246937990189,0.016928132623434067
DTCOLNVHFNM,2024-06-30,-0.016967235133051872,-0.010299758985638618,0.00039059267146512866,0.010290469974279404,0.016075223684310913
DTCOLNVHFNM,2024-07-31,-0.016605367884039879,-0.0098557192832231522,0.00036664883373305202,0.009327358566224575,0.014908069744706154
DTCOLNVHFNM,2024-08-31,-0.017709692940115929,-0.010597256943583488,0.00018464194727130234,0.0097221080213785172,0.015347559005022049
DTCOLNVHFNM,2024-09-30,-0.018856903538107872,-0.011352458968758583,-3.6734509194502607e-05,0.0098813502117991447,0.015758488327264786
DTCOLNVHFNM,2024-10-31,-0.018727535381913185,-0.011077963747084141,-5.9466467064339668e-05,0.009854612872004509,0.015473878942430019
DTCOLNVHFNM,2024-11-30,-0.018461141735315323,-0.011061354540288448,-4.2619836904123076e-07,0.0097755063325166702,0.015619589947164059
DTCOLNVHFNM,2024-12-31,-0.018635321408510208,-0.011192880570888519,0.00019193242769688368,0.010198388248682022,0.016011679545044899
DTCOLNVHFNM,2025-01-31,-0.025774726644158363,-0.012412039563059807,0.00011040690878871828,0.01245464850217104,0.020995043218135834
DTCOLNVHFNM,2025-02-28,-0.025474762544035912,-0.01236703060567379,0.00024167800438590348,0.012089597061276436,0.020738406106829643
DTCOLNVHFNM,2025-03-31,-0.023849688470363617,-0.011317482218146324,0.00066396268084645271,0.011881336569786072,0.019882608205080032
DTCOLNVHFNM,2025-04-30,-0.024886280298233032,-0.012225390411913395,0.00013197501539252698,0.012183984741568565,0.020570039749145508
DTCOLNVHFNM,2025-05-31,-0.026575846597552299,-0.0129412692040205,0.00039237365126609802,0.013295697048306465,0.022184347733855247
DTCOLNVHFNM,2025-06-30,-0.027176454663276672,-0.013270500116050243,0.00038626379682682455,0.013592835515737534,0.023604212328791618
DTCOLNVHFNM,2025-07-31,-0.030434589833021164,-0.01549708005040884,0.00029419851489365101,0.015658752992749214,0.027069872245192528
DTCOLNVHFNM,2025-08-31,-0.036528527736663818,-0.018539631739258766,0.00010690853378036991,0.018338879570364952,0.031089751049876213
DTCTHFNM,2023-09-30,-0.014114647172391415,-0.0094117773696780205,0.00020312739070504904,0.0085345562547445297,0.012095192447304726
DTCTHFNM,2023-10-31,-0.015351301059126854,-0.01061075646430254,-0.00053506507538259029,0.0080507295206189156,0.011742314323782921
DTCTHFNM,2023-11-30,-0.010825525969266891,-0.0067338072694838047,0.00055100349709391594,0.0070684286765754223,0.010220544412732124
DTCTHFNM,2023-12-31,-0.010755655355751514,-0.0066925156861543655,0.00068646913859993219,0.0072096241638064384,0.010429129004478455
DTCTHFNM,2024-01-31,-0.019049679860472679,-0.01426175981760025,-0.0023805659729987383,0.0074651511386036873,0.011155951768159866
DTCTHFNM,2024-02-29,-0.012232578359544277,-0.0082645444199442863,-8.8813976617529988e-05,0.0070554311387240887,0.010390864685177803
DTCTHFNM,2024-03-31,-0.0064580966718494892,-0.0035273577086627483,0.0019405846251174808,0.0079279756173491478,0.010913684964179993
DTCTHFNM,2024-04-30,-0.0075435927137732506,-0.0045316875912249088,0.0008757379837334156,0.0064691365696489811,0.0091334981843829155
DTCTHFNM,2024-05-31,-0.0084428321570158005,-0.005165670532733202,0.0013200233224779367,0.0078849587589502335,0.011251728981733322
DTCTHFNM,2024-06-30,-0.0091179143637418747,-0.0058218734338879585,0.0007763375760987401,0.0076136207208037376,0.010947997681796551
DTCTHFNM,2024-07-31,-0.012107068672776222,-0.0083907293155789375,-0.00016895080625545233,0.0063184970058500767,0.0095916828140616417
DTCTHFNM,2024-08-31,-0.010104810819029808,-0.0067035006359219551,1.2967277143616229e-05,0.0063867298886179924,0.009561135433614254
DTCTHFNM,2024-09-30,-0.011324276216328144,-0.007720219437032938,-0.00024858064716681838,0.0065811960957944393,0.0099238334223628044
DTCTHFNM,2024-10-31,-0.012357261963188648,-0.0085766715928912163,-0.00055628747213631868,0.0065563120879232883,0.0098921852186322212
DTCTHFNM,2024-11-30,-0.010881326161324978,-0.0073029026389122009,7.5746778747998178e-05,0.0066917408257722855,0.010001066140830517
DTCTHFNM,2024-12-31,-0.010904664173722267,-0.0071956338360905647,0.00037003782927058637,0.0075612305663526058,0.010977647267282009
DTCTHFNM,2025-01-31,-0.031704775989055634,-0.020296130329370499,-0.0015926582273095846,0.011925123631954193,0.019528627395629883
DTCTHFNM,2025-02-28,-0.017526952549815178,-0.010610565543174744,-0.00053852901328355074,0.0071786944754421711,0.013107690960168839
DTCTHFNM,2025-03-31,-0.01115590613335371,-0.0059786266647279263,0.0012695764889940619,0.0083039775490760803,0.013240350410342216
DTCTHFNM,2025-04-30,-0.010571894235908985,-0.0057115894742310047,0.00049743521958589554,0.0074200709350407124,0.012239428237080574
DTCTHFNM,2025-05-31,-0.013624581508338451,-0.0072270701639354229,0.00082484201993793249,0.0084860129281878471,0.014127160422503948
DTCTHFNM,2025-06-30,-0.01639171689748764,-0.0089306747540831566,0.00089054240379482508,0.010812749154865742,0.018049145117402077
DTCTHFNM,2025-07-31,-0.024473341181874275,-0.014413825236260891,0.0001400085020577535,0.012039737775921822,0.019886601716279984
DTCTHFNM,2025-08-31,-0.022339629009366035,-0.012484479695558548,0.00012688398419413716,0.010447233915328979,0.017868619412183762
EXCAUSx,2023-09-30,-0.023659953847527504,-0.017362602055072784,0.002016853541135788,0.021678688004612923,0.027771523222327232
EXCAUSx,2023-10-31,-0.025295976549386978,-0.018974900245666504,0.0012544791679829359,0.021363673731684685,0.027507888153195381
EXCAUSx,2023-11-30,-0.02684800885617733,-0.020322538912296295,0.00020415161270648241,0.020976070314645767,0.027417061850428581
EXCAUSx,2023-12-31,-0.026968717575073242,-0.020641034469008446,-0.00015594821888953447,0.020403316244482994,0.026891808956861496
EXCAUSx,2024-01-31,-0.027226170524954796,-0.020741064101457596,-0.00026894721668213606,0.020543958991765976,0.027016889303922653
EXCAUSx,2024-02-29,-0.027155265212059021,-0.020605785772204399,0.00047005392843857408,0.021226571872830391,0.027584241703152657
EXCAUSx,2024-03-31,-0.027807459235191345,-0.02115153893828392,-1.2320582754909992e-05,0.020708760246634483,0.027150409296154976
EXCAUSx,2024-04-30,-0.027548598125576973,-0.021067770197987556,-0.00023525499273091555,0.020829316228628159,0.027528222650289536
EXCAUSx,2024-05-31,-0.027757981792092323,-0.02114948071539402,0.00016090110875666142,0.021005969494581223,0.027585636824369431
EXCAUSx,2024-06-30,-0.027488868683576584,-0.020898131653666496,6.2721446738578379e-05,0.020985864102840424,0.027792327105998993
EXCAUSx,2024-07-31,-0.027827084064483643,-0.021178198978304863,-0.0001101611414924264,0.020502485334873199,0.026973292231559753
EXCAUSx,2024-08-31,-0.027367832139134407,-0.020880106836557388,2.7672489522956312e-05,0.020833909511566162,0.027373151853680611
EXCAUSx,2024-09-30,-0.027616912499070168,-0.020950531587004662,1.2571545084938407e-05,0.020910101011395454,0.027432862669229507
EXCAUSx,2024-10-31,-0.027821999043226242,-0.021089373156428337,5.6798657169565558e-05,0.020870732143521309,0.027165461331605911
EXCAUSx,2024-11-30,-0.027738243341445923,-0.021169301122426987,-1.1397060006856918e-07,0.020610714331269264,0.027082618325948715
EXCAUSx,2024-12-31,-0.027659522369503975,-0.020937325432896614,0.00019050018454436213,0.020983995869755745,0.027542643249034882
EXCAUSx,2025-01-31,-0.027293432503938675,-0.020699888467788696,0.00015857166727073491,0.020907772704958916,0.027456970885396004
EXCAUSx,2025-02-28,-0.027358634397387505,-0.020745506510138512,0.00014377100160345435,0.020829357206821442,0.02742103673517704
EXCAUSx,2025-03-31,-0.02728278748691082,-0.020600620657205582,0.00018845184240490198,0.020625917240977287,0.027099324390292168
EXCAUSx,2025-04-30,-0.026819922029972076,-0.020412281155586243,3.8912214222364128e-05,0.020397761836647987,0.026894457638263702
EXCAUSx,2025-05-31,-0.026809310540556908,-0.020164573565125465,0.00017778368783183396,0.020317567512392998,0.026619663462042809
EXCAUSx,2025-06-30,-0.02688993513584137,-0.020222056657075882,0.00028989621205255389,0.020436372607946396,0.02674795500934124
EXCAUSx,2025-07-31,-0.026928877457976341,-0.020186593756079674,0.00033095225808210671,0.020247232168912888,0.026511522009968758
EXCAUSx,2025-08-31,-0.026722460985183716,-0.020131893455982208,0.00027803663397207856,0.020324299111962318,0.026750868186354637
EXJPUSx,2023-09-30,-0.02673007920384407,-0.017282167449593544,0.010486957617104053,0.037100844085216522,0.045207448303699493
EXJPUSx,2023-10-31,-0.038661450147628784,-0.028655175119638443,0.0013994527980685234,0.03040001355111599,0.039168991148471832
EXJPUSx,2023-11-30,-0.037696536630392075,-0.02759908139705658,0.0026867683045566082,0.03207123652100563,0.041109524667263031
EXJPUSx,2023-12-31,-0.039839074015617371,-0.029553867876529694,0.0012539424933493137,0.030291054397821426,0.039184454828500748
EXJPUSx,2024-01-31,-0.038313396275043488,-0.028123429045081139,0.0026396876201033592,0.032027233392000198,0.040886171162128448
EXJPUSx,2024-02-29,-0.041599415242671967,-0.031066888943314552,0.00037494441494345665,0.030016083270311356,0.03909967839717865
EXJPUSx,2024-03-31,-0.039378099143505096,-0.029064828529953957,0.0018502853345125914,0.030712153762578964,0.03942570835351944
EXJPUSx,2024-04-30,-0.039798837155103683,-0.029514502733945847,0.001350700156763196,0.030263734981417656,0.039151649922132492
EXJPUSx,2024-05-31,-0.039536785334348679,-0.029400089755654335,0.0016062683425843716,0.03069673478603363,0.039706617593765259
EXJPUSx,2024-06-30,-0.040520507842302322,-0.030114307999610901,0.00079031556379050016,0.030282244086265564,0.03974626213312149
EXJPUSx,2024-07-31,-0.040119931101799011,-0.029749160632491112,0.0012634512968361378,0.030297687277197838,0.039275843650102615
EXJPUSx,2024-08-31,-0.040794003754854202,-0.030592383816838264,0.00059733609668910503,0.029430968686938286,0.038428664207458496
EXJPUSx,2024-09-30,-0.040884736925363541,-0.030336622148752213,0.0011553305666893721,0.030372230336070061,0.039426930248737335
EXJPUSx,2024-10-31,-0.041853904724121094,-0.030937002971768379,0.00078419293276965618,0.030284479260444641,0.039185557514429092
EXJPUSx,2024-11-30,-0.041239436715841293,-0.030544200912117958,0.0012788453605026007,0.030816636979579926,0.040025044232606888
EXJPUSx,2024-12-31,-0.041594088077545166,-0.030858475714921951,0.00088987150229513645,0.030187470838427544,0.039307385683059692
EXJPUSx,2025-01-31,-0.041326768696308136,-0.030635984614491463,0.00060694082640111446,0.030583254992961884,0.039854280650615692
EXJPUSx,2025-02-28,-0.041088949888944626,-0.030485304072499275,0.00075425452087074518,0.030378216877579689,0.039575599133968353
EXJPUSx,2025-03-31,-0.040961757302284241,-0.030320685356855392,0.00064749992452561855,0.030535902827978134,0.039813343435525894
EXJPUSx,2025-04-30,-0.041469458490610123,-0.030743297189474106,0.0004294646205380559,0.029922565445303917,0.039097756147384644
EXJPUSx,2025-05-31,-0.040847066789865494,-0.030082520097494125,0.00082544132601469755,0.030173659324645996,0.039274290204048157
EXJPUSx,2025-06-30,-0.041505061089992523,-0.030661383643746376,0.00086827564518898726,0.030103141441941261,0.039068266749382019
EXJPUSx,2025-07-31,-0.04158005490899086,-0.030469410121440887,0.00094787694979459047,0.029917946085333824,0.038781933486461639
EXJPUSx,2025-08-31,-0.041568547487258911,-0.030562993139028549,0.00081639329437166452,0.030073722824454308,0.039237350225448608
EXSZUSx,2023-09-30,-0.032342657446861267,-0.024726659059524536,-0.00042438373202458024,0.023175561800599098,0.030301470309495926
EXSZUSx,2023-10-31,-0.033386785537004471,-0.025871613994240761,-0.0014771150890737772,0.022482765838503838,0.029699936509132385
EXSZUSx,2023-11-30,-0.03238283097743988,-0.024735314771533012,-0.00043546885717660189,0.023568352684378624,0.030747152864933014
EXSZUSx,2023-12-31,-0.034134138375520706,-0.026294521987438202,-0.0015838579274713993,0.022106396034359932,0.029202533885836601
EXSZUSx,2024-01-31,-0.032839857041835785,-0.025201257318258286,-0.00062133290339261293,0.023127740249037743,0.030291188508272171
EXSZUSx,2024-02-29,-0.033554680645465851,-0.026084698736667633,-0.0012263768585398793,0.022270342335104942,0.029262235388159752
EXSZUSx,2024-03-31,-0.032915279269218445,-0.025262452661991119,-0.00069003133103251457,0.022471226751804352,0.029284818097949028
EXSZUSx,2024-04-30,-0.033497937023639679,-0.025750687345862389,-0.0009477876010350883,0.02248527854681015,0.029560035094618797
EXSZUSx,2024-05-31,-0.033335819840431213,-0.025682993233203888,-0.00070590514224022627,0.022948134690523148,0.030090302228927612
EXSZUSx,2024-06-30,-0.034006461501121521,-0.026066930964589119,-0.0012768600136041641,0.022733574733138084,0.030253101140260696
EXSZUSx,2024-07-31,-0.033285625278949738,-0.025549866259098053,-0.00067135639255866408,0.022685321047902107,0.029784254729747772
EXSZUSx,2024-08-31,-0.033847305923700333,-0.026171917095780373,-0.0013014889555051923,0.022140339016914368,0.029212754219770432
EXSZUSx,2024-09-30,-0.034309849143028259,-0.026249337941408157,-0.0007521855877712369,0.022741727530956268,0.029834089800715446
EXSZUSx,2024-10-31,-0.034564629197120667,-0.026411047205328941,-0.0012332226615399122,0.022567573934793472,0.029589466750621796
EXSZUSx,2024-11-30,-0.034330777823925018,-0.026200948283076286,-0.00075020524673163891,0.023008983582258224,0.030175525695085526
EXSZUSx,2024-12-31,-0.034600932151079178,-0.026545211672782898,-0.0010609650053083897,0.022766754031181335,0.029983803629875183
EXSZUSx,2025-01-31,-0.033957041800022125,-0.025885717943310738,-0.00097541417926549911,0.022898098453879356,0.030335500836372375
EXSZUSx,2025-02-28,-0.033655606210231781,-0.025647955015301704,-0.00097838335204869509,0.022713087499141693,0.030038204044103622
EXSZUSx,2025-03-31,-0.033309541642665863,-0.025342298671603203,-0.0010109508875757456,0.022485008463263512,0.029825722798705101
EXSZUSx,2025-04-30,-0.034006122499704361,-0.025878552347421646,-0.0013634582282975316,0.022107027471065521,0.029502352699637413
EXSZUSx,2025-05-31,-0.033380754292011261,-0.025339430198073387,-0.00097990245558321476,0.022490989416837692,0.029995758086442947
EXSZUSx,2025-06-30,-0.033907875418663025,-0.025886235758662224,-0.0010894549777731299,0.022142169997096062,0.029429910704493523
EXSZUSx,2025-07-31,-0.033485811203718185,-0.025275114923715591,-0.00074334762757644057,0.022138165310025215,0.029288306832313538
EXSZUSx,2025-08-31,-0.033852528780698776,-0.025624532252550125,-0.0010082500521093607,0.022339701652526855,0.029773276299238205
EXUSUKx,2023-09-30,-0.037734903395175934,-0.029096601530909538,-0.0038217250257730484,0.02083212323486805,0.029087724164128304
EXUSUKx,2023-10-31,-0.037737160921096802,-0.028917532414197922,-0.0024921046569943428,0.023390132933855057,0.031841021031141281
EXUSUKx,2023-11-30,-0.036940209567546844,-0.027749937027692795,-0.00066762673668563366,0.02568688802421093,0.033938046544790268
EXUSUKx,2023-12-31,-0.038477227091789246,-0.028967643156647682,-0.0010983241954818368,0.025063997134566307,0.033170044422149658
EXUSUKx,2024-01-31,-0.03773045539855957,-0.02831588126718998,-0.00053058157209306955,0.02598184160888195,0.034130532294511795
EXUSUKx,2024-02-29,-0.038430050015449524,-0.029011696577072144,-0.00049946008948609233,0.026082562282681465,0.034172199666500092
EXUSUKx,2024-03-31,-0.038556303828954697,-0.028920015320181847,-0.00062409217935055494,0.025631722062826157,0.033750317990779877
EXUSUKx,2024-04-30,-0.038604497909545898,-0.029065685346722603,-0.00090720225125551224,0.025750618427991867,0.034089196473360062
EXUSUKx,2024-05-31,-0.03869069367647171,-0.029142403975129128,-0.0008324161171913147,0.025948718190193176,0.034419994801282883
EXUSUKx,2024-06-30,-0.038785085082054138,-0.029040023684501648,-0.00060726306401193142,0.026453059166669846,0.035010270774364471
EXUSUKx,2024-07-31,-0.039255063980817795,-0.029388580471277237,-0.00051890965551137924,0.026499053463339806,0.035005219280719757
EXUSUKx,2024-08-31,-0.039402801543474197,-0.029818400740623474,-0.00084375741425901651,0.026177940890192986,0.034682657569646835
EXUSUKx,2024-09-30,-0.039858438074588776,-0.029986018314957619,-0.00056466343812644482,0.026757022365927696,0.035304147750139236
EXUSUKx,2024-10-31,-0.040139701217412949,-0.030158838257193565,-0.00054713391000404954,0.027009690180420876,0.035504013299942017
EXUSUKx,2024-11-30,-0.040040548890829086,-0.030175253748893738,-0.00045133492676541209,0.026816891506314278,0.035357963293790817
EXUSUKx,2024-12-31,-0.040255703032016754,-0.03016313910484314,-0.00037564878584817052,0.027019750326871872,0.035636100918054581
EXUSUKx,2025-01-31,-0.038724359124898911,-0.029071750119328499,-0.00058794359210878611,0.027002116665244102,0.035623896867036819
EXUSUKx,2025-02-28,-0.038470208644866943,-0.028800420463085175,-0.00054000818636268377,0.026415765285491943,0.034944094717502594
EXUSUKx,2025-03-31,-0.038114979863166809,-0.028528306633234024,-0.00073314597830176353,0.026418399065732956,0.035026613622903824
EXUSUKx,2025-04-30,-0.037639454007148743,-0.028251891955733299,-0.0006869411445222795,0.025758558884263039,0.03412637859582901
EXUSUKx,2025-05-31,-0.036885213106870651,-0.027636529877781868,-0.00067325180862098932,0.025806417688727379,0.034190576523542404
EXUSUKx,2025-06-30,-0.03688431903719902,-0.027751689776778221,-0.00040113547584041953,0.025689100846648216,0.033891245722770691
EXUSUKx,2025-07-31,-0.036893181502819061,-0.027654575183987617,-0.00060304207727313042,0.025238307192921638,0.033351786434650421
EXUSUKx,2025-08-31,-0.036211997270584106,-0.027199983596801758,-0.00050096435006707907,0.025391366332769394,0.033715423196554184
FEDFUNDS,2023-09-30,-0.2138492614030838,-0.11746895313262939,0.03983590379357338,0.22416622936725616,0.33757826685905457
FEDFUNDS,2023-10-31,-0.25072497129440308,-0.14539527893066406,0.035956382751464844,0.23151876032352448,0.35130226612091064
FEDFUNDS,2023-11-30,-0.27515682578086853,-0.16488024592399597,0.028642959892749786,0.24548526108264923,0.3727240264415741
FEDFUNDS,2023-12-31,-0.29357361793518066,-0.17963522672653198,0.026191119104623795,0.25783643126487732,0.39053907990455627
FEDFUNDS,2024-01-31,-0.30391979217529297,-0.18883451819419861,0.019225474447011948,0.26894372701644897,0.41130560636520386
FEDFUNDS,2024-02-29,-0.28783205151557922,-0.17926806211471558,0.022458195686340332,0.26041412353515625,0.39795798063278198
FEDFUNDS,2024-03-31,-0.29264840483665466,-0.18319910764694214,0.022361908107995987,0.26589611172676086,0.40561243891716003
FEDFUNDS,2024-04-30,-0.29648885130882263,-0.18606327474117279,0.018417991697788239,0.26399990916252136,0.40474379062652588
FEDFUNDS,2024-05-31,-0.29265826940536499,-0.18294203281402588,0.018603947013616562,0.2596784234046936,0.39695471525192261
FEDFUNDS,2024-06-30,-0.29704591631889343,-0.18207664787769318,0.017268925905227661,0.25562667846679688,0.39130076766014099
FEDFUNDS,2024-07-31,-0.30438092350959778,-0.1867038905620575,0.016866140067577362,0.25727936625480652,0.39422935247421265
FEDFUNDS,2024-08-31,-0.31603157520294189,-0.19094556570053101,0.015200775116682053,0.25522810220718384,0.39008566737174988
FEDFUNDS,2024-09-30,-0.34554198384284973,-0.20153708755970001,0.015782054513692856,0.25713878870010376,0.39316543936729431
FEDFUNDS,2024-10-31,-0.35402500629425049,-0.20449994504451752,0.015683684498071671,0.26077491044998169,0.39807844161987305
FEDFUNDS,2024-11-30,-0.36691153049468994,-0.21655786037445068,0.014881957322359085,0.25930061936378479,0.39934623241424561
FEDFUNDS,2024-12-31,-0.36989733576774597,-0.22108292579650879,0.015192214399576187,0.26652157306671143,0.40873259305953979
FEDFUNDS,2025-01-31,-0.45043495297431946,-0.2263786643743515,0.010457985103130341,0.2840556800365448,0.48675864934921265
FEDFUNDS,2025-02-28,-0.44371029734611511,-0.21928086876869202,0.012878082692623138,0.27330875396728516,0.47479742765426636
FEDFUNDS,2025-03-31,-0.43095752596855164,-0.21140356361865997,0.0097984671592712402,0.26785063743591309,0.46487417817115784
FEDFUNDS,2025-04-30,-0.42617791891098022,-0.20982947945594788,0.0089185908436775208,0.26775273680686951,0.46006757020950317
FEDFUNDS,2025-05-31,-0.42737963795661926,-0.2131878137588501,0.0071744471788406372,0.27238321304321289,0.4636421799659729
FEDFUNDS,2025-06-30,-0.39491799473762512,-0.19903111457824707,0.0098317340016365051,0.26006409525871277,0.43970403075218201
FEDFUNDS,2025-07-31,-0.39177620410919189,-0.20080198347568512,0.0093632973730564117,0.26680019497871399,0.44952067732810974
FEDFUNDS,2025-08-31,-0.40979850292205811,-0.21236255764961243,0.0065258704125881195,0.27651983499526978,0.46118837594985962
GS1,2023-09-30,-0.37763160467147827,-0.24997226893901825,0.0069049373269081116,0.25747105479240417,0.36656728386878967
GS1,2023-10-31,-0.39446079730987549,-0.26360195875167847,0.0074916351586580276,0.27328348159790039,0.38766777515411377
GS1,2023-11-30,-0.40016543865203857,-0.26918476819992065,0.0069562606513500214,0.28112369775772095,0.40011531114578247
GS1,2023-12-31,-0.40553054213523865,-0.27074247598648071,0.0082750562578439713,0.28298759460449219,0.40359270572662354
GS1,2024-01-31,-0.41780349612236023,-0.28206771612167358,0.0055465009063482285,0.29697239398956299,0.42563620209693909
GS1,2024-02-29,-0.4238264262676239,-0.28851848840713501,0.0080654211342334747,0.30015042424201965,0.42766374349594116
GS1,2024-03-31,-0.42475062608718872,-0.28855887055397034,0.0081627536565065384,0.30250778794288635,0.4307197630405426
GS1,2024-04-30,-0.42564898729324341,-0.28906011581420898,0.0043181926012039185,0.29736524820327759,0.42669188976287842
GS1,2024-05-31,-0.42474785447120667,-0.28635460138320923,0.0058322083204984665,0.29586037993431091,0.42145857214927673
GS1,2024-06-30,-0.42147836089134216,-0.28022992610931396,0.006532818078994751,0.29080116748809814,0.41474911570549011
GS1,2024-07-31,-0.41403976082801819,-0.27428251504898071,0.0057311132550239563,0.28285148739814758,0.4020116925239563
GS1,2024-08-31,-0.41274881362915039,-0.27191641926765442,0.0031652804464101791,0.27615362405776978,0.39201152324676514
GS1,2024-09-30,-0.44566997885704041,-0.28769758343696594,0.0056246258318424225,0.28039959073066711,0.39746785163879395
GS1,2024-10-31,-0.45307090878486633,-0.29115808010101318,0.0076132584363222122,0.29003205895423889,0.41119053959846497
GS1,2024-11-30,-0.4679926335811615,-0.30169448256492615,0.0069285649806261063,0.29012367129325867,0.4113369882106781
GS1,2024-12-31,-0.45215573906898499,-0.29445391893386841,0.0045300498604774475,0.280387282371521,0.40003892779350281
GS1,2025-01-31,-0.45408660173416138,-0.28795558214187622,0.01181383803486824,0.32760900259017944,0.47965744137763977
GS1,2025-02-28,-0.45012310147285461,-0.28586730360984802,0.013589721173048019,0.3270435631275177,0.47846868634223938
GS1,2025-03-31,-0.43573737144470215,-0.2767353355884552,0.013479098677635193,0.32258856296539307,0.47493919730186462
GS1,2025-04-30,-0.43362072110176086,-0.27442219853401184,0.011196795850992203,0.31988054513931274,0.47290655970573425
GS1,2025-05-31,-0.43708714842796326,-0.27633935213088989,0.0086125005036592484,0.32247468829154968,0.48054686188697815
GS1,2025-06-30,-0.43173056840896606,-0.27572628855705261,0.010962676256895065,0.32067102193832397,0.47527912259101868
GS1,2025-07-31,-0.43352100253105164,-0.27479180693626404,0.011584227904677391,0.32482826709747314,0.48235425353050232
GS1,2025-08-31,-0.44159775972366333,-0.27891036868095398,0.0098566468805074692,0.32162874937057495,0.47997400164604187
GS10,2023-09-30,-0.24403961002826691,-0.17305448651313782,0.046105489134788513,0.26183417439460754,0.33154186606407166
GS10,2023-10-31,-0.33499884605407715,-0.2574361264705658,-0.018591737374663353,0.22731879353523254,0.30594626069068909
GS10,2023-11-30,-0.32851719856262207,-0.24813066422939301,0.0014306660741567612,0.25549477338790894,0.33406707644462585
GS10,2023-12-31,-0.33208289742469788,-0.25041070580482483,0.0060058347880840302,0.26096397638320923,0.33947914838790894
GS10,2024-01-31,-0.33355996012687683,-0.25152257084846497,0.0062807369977235794,0.26516464352607727,0.34391999244689941
GS10,2024-02-29,-0.34537860751152039,-0.26540791988372803,-0.0051226187497377396,0.25554150342941284,0.33570143580436707
GS10,2024-03-31,-0.34149414300918579,-0.25946229696273804,0.00039032287895679474,0.25984829664230347,0.33896923065185547
GS10,2024-04-30,-0.3499864935874939,-0.26727470755577087,-0.0037419581785798073,0.26286712288856506,0.34589165449142456
GS10,2024-05-31,-0.34812220931053162,-0.26572343707084656,-0.00203695148229599,0.25986593961715698,0.34202703833580017
GS10,2024-06-30,-0.35677438974380493,-0.26978132128715515,-0.0068931281566619873,0.25838279724121094,0.34361320734024048
GS10,2024-07-31,-0.35134363174438477,-0.26821717619895935,-0.0073050307109951973,0.25376474857330322,0.33660867810249329
GS10,2024-08-31,-0.35797995328903198,-0.27511769533157349,-0.012221328914165497,0.24669834971427917,0.32853063941001892
GS10,2024-09-30,-0.36441788077354431,-0.27714464068412781,-0.012092776596546173,0.2473110556602478,0.32908505201339722
GS10,2024-10-31,-0.36563161015510559,-0.27668720483779907,-0.013161474838852882,0.24543088674545288,0.32489579916000366
GS10,2024-11-30,-0.36392682790756226,-0.27555575966835022,-0.0069985678419470787,0.25401729345321655,0.33718469738960266
GS10,2024-12-31,-0.36980721354484558,-0.28083997964859009,-0.0096079427748918533,0.25267234444618225,0.33531841635704041
GS10,2025-01-31,-0.35326501727104187,-0.2671191394329071,-0.0058168275281786919,0.26004874706268311,0.34694793820381165
GS10,2025-02-28,-0.35143917798995972,-0.26620626449584961,-0.0067971348762512207,0.25911030173301697,0.34661963582038879
GS10,2025-03-31,-0.34929674863815308,-0.26328915357589722,-0.0036526881158351898,0.26053303480148315,0.347217857837677
GS10,2025-04-30,-0.35985153913497925,-0.26970919966697693,-0.0055083055049180984,0.25731399655342102,0.34365054965019226
GS10,2025-05-31,-0.35309404134750366,-0.26551270484924316,-0.0059393132105469704,0.25618109107017517,0.34363910555839539
GS10,2025-06-30,-0.35682737827301025,-0.26995381712913513,-0.0071059791371226311,0.25261029601097107,0.33843064308166504
GS10,2025-07-31,-0.35563409328460693,-0.26674172282218933,-0.0051148543134331703,0.25224056839942932,0.33732879161834717
GS10,2025-08-31,-0.3586183488368988,-0.26956981420516968,-0.0060823401436209679,0.25690630078315735,0.34500578045845032
GS5,2023-09-30,-0.32708993554115295,-0.2433619499206543,-0.0037797670811414719,0.23012542724609375,0.30573686957359314
GS5,2023-10-31,-0.35596588253974915,-0.27129626274108887,-0.018439490348100662,0.23858308792114258,0.32154613733291626
GS5,2023-11-30,-0.35899445414543152,-0.2721380889415741,-0.0075291236862540245,0.25714084506034851,0.33959153294563293
GS5,2023-12-31,-0.36030197143554688,-0.27171307802200317,0.0011723283678293228,0.26923388242721558,0.35220447182655334
GS5,2024-01-31,-0.35687416791915894,-0.26739588379859924,0.0090081971138715744,0.28165188431739807,0.36492231488227844
GS5,2024-02-29,-0.36982455849647522,-0.28264921903610229,-0.0019447291269898415,0.27596303820610046,0.36122652888298035
GS5,2024-03-31,-0.3674781322479248,-0.27760079503059387,0.003602299839258194,0.27971306443214417,0.36340096592903137
GS5,2024-04-30,-0.37651237845420837,-0.28641599416732788,-0.0028389720246195793,0.28039693832397461,0.36883056163787842
GS5,2024-05-31,-0.37379509210586548,-0.28383854031562805,8.5730105638504028e-05,0.27886256575584412,0.36652848124504089
GS5,2024-06-30,-0.38393265008926392,-0.29078006744384766,-0.0070964442566037178,0.27628302574157715,0.36731326580047607
GS5,2024-07-31,-0.38185673952102661,-0.29041033983230591,-0.0079456120729446411,0.27107685804367065,0.35938593745231628
GS5,2024-08-31,-0.38407352566719055,-0.29390603303909302,-0.011920100077986717,0.26202729344367981,0.3489418625831604
GS5,2024-09-30,-0.39204663038253784,-0.29687443375587463,-0.0092083550989627838,0.26460674405097961,0.35136967897415161
GS5,2024-10-31,-0.39483720064163208,-0.29773399233818054,-0.011395764537155628,0.26368123292922974,0.34893956780433655
GS5,2024-11-30,-0.39607095718383789,-0.29778939485549927,-0.0061964374035596848,0.27010679244995117,0.3585837185382843
GS5,2024-12-31,-0.39470630884170532,-0.29864022135734558,-0.0090176314115524292,0.26848205924034119,0.35706660151481628
GS5,2025-01-31,-0.37694132328033447,-0.28129848837852478,-0.0017944201827049255,0.28226149082183838,0.37886002659797668
GS5,2025-02-28,-0.37438133358955383,-0.27928081154823303,-0.00039238855242729187,0.28292042016983032,0.3797457218170166
GS5,2025-03-31,-0.37211042642593384,-0.27646803855895996,0.0020798444747924805,0.28385168313980103,0.38025385141372681
GS5,2025-04-30,-0.38329249620437622,-0.28281423449516296,-0.00040223263204097748,0.27951923012733459,0.37575352191925049
GS5,2025-05-31,-0.3770999014377594,-0.27949061989784241,-0.00078960508108139038,0.27951896190643311,0.37771472334861755
GS5,2025-06-30,-0.38168489933013916,-0.28446772694587708,-0.0025060269981622696,0.2765561044216156,0.3729701042175293
GS5,2025-07-31,-0.37946802377700806,-0.28050076961517334,-0.00071754679083824158,0.2746940553188324,0.37013208866119385
GS5,2025-08-31,-0.38112738728523254,-0.28159305453300476,-0.00073055922985076904,0.2780439555644989,0.37585070729255676
HOUST,2023-09-30,7.1585469245910645,7.1835870742797852,7.2558207511901855,7.3339076042175293,7.3617687225341797
HOUST,2023-10-31,7.1405739784240723,7.1708822250366211,7.2561030387878418,7.3404474258422852,7.3683276176452637
HOUST,2023-11-30,7.1329622268676758,7.1676621437072754,7.2610960006713867,7.3519725799560547,7.3799986839294434
HOUST,2023-12-31,7.122809886932373,7.1588315963745117,7.2650928497314453,7.3654651641845703,7.3981533050537109
HOUST,2024-01-31,7.1103062629699707,7.151885986328125,7.2693967819213867,7.3825445175170898,7.4171767234802246
HOUST,2024-02-29,7.1051273345947266,7.1472377777099609,7.2725152969360352,7.3876481056213379,7.423224925994873
HOUST,2024-03-31,7.0916213989257812,7.1376681327819824,7.2720255851745605,7.3917326927185059,7.4292049407958984
HOUST,2024-04-30,7.0796489715576172,7.1282515525817871,7.2696948051452637,7.4011268615722656,7.4415016174316406
HOUST,2024-05-31,7.0703763961791992,7.1214990615844727,7.2712268829345703,7.4036684036254883,7.4432744979858398
HOUST,2024-06-30,7.0620174407958984,7.114250659942627,7.2684588432312012,7.4105324745178223,7.4565143585205078
HOUST,2024-07-31,7.0547194480895996,7.1100821495056152,7.268620491027832,7.4122605323791504,7.4563288688659668
HOUST,2024-08-31,7.0539054870605469,7.1098842620849609,7.2690973281860352,7.412625789642334,7.4549188613891602
HOUST,2024-09-30,7.0463457107543945,7.1018867492675781,7.2682714462280273,7.418858528137207,7.4639544486999512
HOUST,2024-10-31,7.0413336753845215,7.0996675491333008,7.2708711624145508,7.4250574111938477,7.4694180488586426
HOUST,2024-11-30,7.0337705612182617,7.0947732925415039,7.2762374877929688,7.4350285530090332,7.4815258979797363
HOUST,2024-12-31,7.0338540077209473,7.0939159393310547,7.2754068374633789,7.4411187171936035,7.4889369010925293
HOUST,2025-01-31,7.0100226402282715,7.0824079513549805,7.2832331657409668,7.4572277069091797,7.5091390609741211
HOUST,2025-02-28,7.0095686912536621,7.0832204818725586,7.2823476791381836,7.4621849060058594,7.5150699615478516
HOUST,2025-03-31,7.0075421333312988,7.0820326805114746,7.2818455696105957,7.4647717475891113,7.5185737609863281
HOUST,2025-04-30,7.0087161064147949,7.0835285186767578,7.2854747772216797,7.4646530151367188,7.519505500793457
HOUST,2025-05-31,7.0021581649780273,7.0807094573974609,7.2862095832824707,7.4767684936523438,7.5350661277770996
HOUST,2025-06-30,7.0113811492919922,7.0876870155334473,7.2920632362365723,7.4759173393249512,7.5314269065856934
HOUST,2025-07-31,7.0086994171142578,7.0870800018310547,7.2950940132141113,7.4796624183654785,7.5358414649963379
HOUST,2025-08-31,6.9997410774230957,7.0818567276000977,7.2966456413269043,7.4891695976257324,7.5466141700744629
HOUSTMW,2023-09-30,4.9288287162780762,4.9996223449707031,5.195641040802002,5.3743267059326172,5.428645133972168
HOUSTMW,2023-10-31,4.9193310737609863,4.992706298828125,5.2031955718994141,5.3987970352172852,5.4575300216674805
HOUSTMW,2023-11-30,4.9000992774963379,4.9775304794311523,5.2023801803588867,5.4136991500854492,5.4758992195129395
HOUSTMW,2023-12-31,4.8710589408874512,4.954413890838623,5.1919565200805664,5.4083800315856934,5.4702978134155273
HOUSTMW,2024-01-31,4.8392810821533203,4.9240207672119141,5.1712198257446289,5.405064582824707,5.470158576965332
HOUSTMW,2024-02-29,4.8468465805053711,4.9327430725097656,5.1863384246826172,5.427497386932373,5.4951028823852539
HOUSTMW,2024-03-31,4.8600320816040039,4.9456009864807129,5.1958832740783691,5.4288201332092285,5.4944515228271484
HOUSTMW,2024-04-30,4.866969108581543,4.9548549652099609,5.2121291160583496,5.4527754783630371,5.5197553634643555
HOUSTMW,2024-05-31,4.8663969039916992,4.9561243057250977,5.2176260948181152,5.4625382423400879,5.5328531265258789
HOUSTMW,2024-06-30,4.8606700897216797,4.9542570114135742,5.2143816947937012,5.459226131439209,5.5283198356628418
HOUSTMW,2024-07-31,4.8574872016906738,4.9477815628051758,5.2142095565795898,5.4563212394714355,5.5266156196594238
HOUSTMW,2024-08-31,4.8546600341796875,4.946871280670166,5.2195072174072266,5.4617018699645996,5.531468391418457
HOUSTMW,2024-09-30,4.8486943244934082,4.9451737403869629,5.2209587097167969,5.4695677757263184,5.543428897857666
HOUSTMW,2024-10-31,4.8448257446289062,4.9444952011108398,5.2280869483947754,5.4856281280517578,5.5602569580078125
HOUSTMW,2024-11-30,4.8263392448425293,4.9318981170654297,5.2264671325683594,5.4950194358825684,5.5744190216064453
HOUSTMW,2024-12-31,4.803499698638916,4.9119019508361816,5.2224078178405762,5.5022101402282715,5.5834593772888184
HOUSTMW,2025-01-31,4.7671098709106445,4.8790168762207031,5.2114911079406738,5.5179519653320312,5.607872486114502
HOUSTMW,2025-02-28,4.7655611038208008,4.8785042762756348,5.2114543914794922,5.5085039138793945,5.5949358940124512
HOUSTMW,2025-03-31,4.7793140411376953,4.8934435844421387,5.2186489105224609,5.5035505294799805,5.5879068374633789
HOUSTMW,2025-04-30,4.7859163284301758,4.9017629623413086,5.2252230644226074,5.5126242637634277,5.5988936424255371
HOUSTMW,2025-05-31,4.8047780990600586,4.9191703796386719,5.2351093292236328,5.5115618705749512,5.5941853523254395
HOUSTMW,2025-06-30,4.8106875419616699,4.9221653938293457,5.2406415939331055,5.518435001373291,5.6028499603271484
HOUSTMW,2025-07-31,4.8141465187072754,4.9257321357727051,5.2364764213562012,5.5135583877563477,5.5977344512939453
HOUSTMW,2025-08-31,4.8094701766967773,4.9234356880187988,5.2419867515563965,5.5237207412719727,5.6083464622497559
HOUSTNE,2023-09-30,4.4020118713378906,4.483924388885498,4.7122454643249512,4.9365658760070801,5.0135269165039062
HOUSTNE,2023-10-31,4.4207239151000977,4.5119595527648926,4.7728357315063477,5.0248069763183594,5.1113595962524414
HOUSTNE,2023-11-30,4.3395814895629883,4.4349732398986816,4.7088274955749512,4.9786453247070312,5.0718412399291992
HOUSTNE,2023-12-31,4.3412990570068359,4.4418811798095703,4.7336020469665527,5.0233159065246582,5.1220474243164062
HOUSTNE,2024-01-31,4.3409929275512695,4.4438314437866211,4.7430562973022461,5.0380687713623047,5.1380801200866699
HOUSTNE,2024-02-29,4.3335318565368652,4.4401116371154785,4.7525439262390137,5.0562591552734375,5.1579060554504395
HOUSTNE,2024-03-31,4.3148288726806641,4.4199695587158203,4.730283260345459,5.0403256416320801,5.1480503082275391
HOUSTNE,2024-04-30,4.3192734718322754,4.4254341125488281,4.7441887855529785,5.0685429573059082,5.1807136535644531
HOUSTNE,2024-05-31,4.3178281784057617,4.4323163032531738,4.7648172378540039,5.0801868438720703,5.1869335174560547
HOUSTNE,2024-06-30,4.3134088516235352,4.4278116226196289,4.7613601684570312,5.0818238258361816,5.1922488212585449
HOUSTNE,2024-07-31,4.3012833595275879,4.4179039001464844,4.7557296752929688,5.0734620094299316,5.1830935478210449
HOUSTNE,2024-08-31,4.297452449798584,4.4105620384216309,4.7509765625,5.0754752159118652,5.1848244667053223
HOUSTNE,2024-09-30,4.2958831787109375,4.4124798774719238,4.7565016746520996,5.0869183540344238,5.1992607116699219
HOUSTNE,2024-10-31,4.2830905914306641,4.4020500183105469,4.7505397796630859,5.0895934104919434,5.2030987739562988
HOUSTNE,2024-11-30,4.2847752571105957,4.4048576354980469,4.761350154876709,5.1022486686706543,5.2178487777709961
HOUSTNE,2024-12-31,4.266538143157959,4.3917808532714844,4.7594404220581055,5.105431079864502,5.2216649055480957
HOUSTNE,2025-01-31,4.2665977478027344,4.3866672515869141,4.7724652290344238,5.1386852264404297,5.2595281600952148
HOUSTNE,2025-02-28,4.2523684501647949,4.3743481636047363,4.765495777130127,5.1384396553039551,5.2634906768798828
HOUSTNE,2025-03-31,4.2544021606445312,4.3762803077697754,4.7659525871276855,5.1323423385620117,5.2567715644836426
HOUSTNE,2025-04-30,4.2589278221130371,4.3813161849975586,4.7656221389770508,5.1344137191772461,5.2601757049560547
HOUSTNE,2025-05-31,4.2612581253051758,4.3847131729125977,4.7646808624267578,5.1348748207092285,5.2653889656066895
HOUSTNE,2025-06-30,4.2548370361328125,4.3821282386779785,4.7702054977416992,5.1402268409729004,5.2665562629699707
HOUSTNE,2025-07-31,4.2505569458007812,4.3802552223205566,4.7764654159545898,5.1458759307861328,5.2740883827209473
HOUSTNE,2025-08-31,4.2592983245849609,4.3848671913146973,4.7787137031555176,5.1560406684875488,5.2877330780029297
HOUSTS,2023-09-30,6.5411443710327148,6.573270320892334,6.6611685752868652,6.7436895370483398,6.7702069282531738
HOUSTS,2023-10-31,6.5221824645996094,6.5576624870300293,6.6567115783691406,6.7538228034973145,6.7840189933776855
HOUSTS,2023-11-30,6.5188140869140625,6.5582270622253418,6.664276123046875,6.7701377868652344,6.8026494979858398
HOUSTS,2023-12-31,6.5107007026672363,6.5527114868164062,6.6701445579528809,6.7810654640197754,6.8161787986755371
HOUSTS,2024-01-31,6.4940743446350098,6.5421566963195801,6.6718683242797852,6.7962613105773926,6.835817813873291
HOUSTS,2024-02-29,6.4963436126708984,6.543797492980957,6.6758694648742676,6.8005905151367188,6.8395142555236816
HOUSTS,2024-03-31,6.4788393974304199,6.5277752876281738,6.6700558662414551,6.7986979484558105,6.8392739295959473
HOUSTS,2024-04-30,6.4693436622619629,6.5199384689331055,6.668764591217041,6.8061661720275879,6.8483757972717285
HOUSTS,2024-05-31,6.450507640838623,6.5032658576965332,6.660895824432373,6.8093581199645996,6.8538861274719238
HOUSTS,2024-06-30,6.4378852844238281,6.4918503761291504,6.6556010246276855,6.809232234954834,6.8566861152648926
HOUSTS,2024-07-31,6.4307661056518555,6.487128734588623,6.6520490646362305,6.8075485229492188,6.8547930717468262
HOUSTS,2024-08-31,6.4303407669067383,6.4856576919555664,6.6542105674743652,6.8115034103393555,6.857823371887207
HOUSTS,2024-09-30,6.4154510498046875,6.473595142364502,6.6550450325012207,6.8162155151367188,6.8638367652893066
HOUSTS,2024-10-31,6.414121150970459,6.4737458229064941,6.655362606048584,6.8209567070007324,6.8695330619812012
HOUSTS,2024-11-30,6.4117531776428223,6.4719114303588867,6.6578435897827148,6.8260931968688965,6.876032829284668
HOUSTS,2024-12-31,6.4034924507141113,6.4667806625366211,6.6605138778686523,6.8365793228149414,6.8887233734130859
HOUSTS,2025-01-31,6.3983221054077148,6.4693570137023926,6.6755309104919434,6.8629803657531738,6.9187064170837402
HOUSTS,2025-02-28,6.3980493545532227,6.4701809883117676,6.6762080192565918,6.8614711761474609,6.920494556427002
HOUSTS,2025-03-31,6.3918991088867188,6.4643902778625488,6.671562671661377,6.8620219230651855,6.9219965934753418
HOUSTS,2025-04-30,6.3860182762145996,6.4586973190307617,6.6683955192565918,6.8632717132568359,6.9243254661560059
HOUSTS,2025-05-31,6.377044677734375,6.4528498649597168,6.6670413017272949,6.867793083190918,6.9299206733703613
HOUSTS,2025-06-30,6.3753695487976074,6.4507861137390137,6.6676015853881836,6.868079662322998,6.9298210144042969
HOUSTS,2025-07-31,6.3764352798461914,6.4532041549682617,6.6701364517211914,6.870549201965332,6.932985782623291
HOUSTS,2025-08-31,6.3773360252380371,6.4551010131835938,6.6750059127807617,6.8792810440063477,6.9427156448364258
HOUSTW,2023-09-30,5.6008973121643066,5.654848575592041,5.798891544342041,5.9281415939331055,5.9708948135375977
HOUSTW,2023-10-31,5.5613303184509277,5.6241841316223145,5.7873520851135254,5.9272236824035645,5.9712004661560059
HOUSTW,2023-11-30,5.5467348098754883,5.6128067970275879,5.7899141311645508,5.9428019523620605,5.988192081451416
HOUSTW,2023-12-31,5.5327243804931641,5.6018342971801758,5.7926697731018066,5.9551072120666504,6.0055108070373535
HOUSTW,2024-01-31,5.5267801284790039,5.6040329933166504,5.8101329803466797,5.9890618324279785,6.0433311462402344
HOUSTW,2024-02-29,5.5156135559082031,5.5918636322021484,5.8043093681335449,5.982940673828125,6.0357027053833008
HOUSTW,2024-03-31,5.5050125122070312,5.5855960845947266,5.8075299263000488,5.9915637969970703,6.0459671020507812
HOUSTW,2024-04-30,5.484562873840332,5.5695199966430664,5.8010654449462891,5.9978370666503906,6.0552749633789062
HOUSTW,2024-05-31,5.4855442047119141,5.5713529586791992,5.8058872222900391,6.0013265609741211,6.0571613311767578
HOUSTW,2024-06-30,5.4685168266296387,5.5602083206176758,5.8022818565368652,6.0091991424560547,6.0721406936645508
HOUSTW,2024-07-31,5.4676618576049805,5.5589380264282227,5.8048100471496582,6.0144619941711426,6.0749020576477051
HOUSTW,2024-08-31,5.4678411483764648,5.5600795745849609,5.8094997406005859,6.0168557167053223,6.0755391120910645
HOUSTW,2024-09-30,5.444190502166748,5.5417594909667969,5.8096561431884766,6.024444580078125,6.0866947174072266
HOUSTW,2024-10-31,5.4452800750732422,5.5436577796936035,5.8123869895935059,6.0300483703613281,6.0905032157897949
HOUSTW,2024-11-30,5.432192325592041,5.5355429649353027,5.815147876739502,6.0420618057250977,6.1061058044433594
HOUSTW,2024-12-31,5.4429283142089844,5.53961181640625,5.8136835098266602,6.0495595932006836,6.1166882514953613
HOUSTW,2025-01-31,5.4090390205383301,5.5237693786621094,5.8265681266784668,6.0700435638427734,6.1389522552490234
HOUSTW,2025-02-28,5.4113225936889648,5.5243744850158691,5.8236246109008789,6.0759778022766113,6.1460151672363281
HOUSTW,2025-03-31,5.4107851982116699,5.5245070457458496,5.8253097534179688,6.0779948234558105,6.1493434906005859
HOUSTW,2025-04-30,5.401425838470459,5.5209698677062988,5.826298713684082,6.0758247375488281,6.1485090255737305
HOUSTW,2025-05-31,5.3959469795227051,5.5192275047302246,5.8288869857788086,6.0865392684936523,6.1615419387817383
HOUSTW,2025-06-30,5.4119901657104492,5.5299773216247559,5.8363552093505859,6.0876092910766602,6.1600284576416016
HOUSTW,2025-07-31,5.4021844863891602,5.5236983299255371,5.8374176025390625,6.0908236503601074,6.1636676788330078
HOUSTW,2025-08-31,5.3905754089355469,5.5158867835998535,5.8363094329833984,6.0990347862243652,6.1737842559814453
HWI,2023-09-30,-789.11468505859375,-651.68890380859375,-290.44891357421875,-0.52845573425292969,82.289794921875
HWI,2023-10-31,-643.33441162109375,-498.94070434570312,-129.16120910644531,191.47349548339844,307.9033203125
HWI,2023-11-30,-453.94232177734375,-303.08859252929688,66.563003540039062,426.76797485351562,564.072509765625
HWI,2023-12-31,-684.10589599609375,-532.92529296875,-110.43737030029297,259.45474243164062,393.31338500976562
HWI,2024-01-31,-618.35595703125,-460.09860229492188,-41.469242095947266,338.40988159179688,470.00411987304688
HWI,2024-02-29,-597.61279296875,-439.02008056640625,-22.526371002197266,374.99020385742188,512.2034912109375
HWI,2024-03-31,-637.47088623046875,-480.31927490234375,-56.919288635253906,325.09600830078125,457.93939208984375
HWI,2024-04-30,-650.47052001953125,-493.45126342773438,-67.702301025390625,314.59381103515625,453.15023803710938
HWI,2024-05-31,-578.13775634765625,-417.13449096679688,2.2537765502929688,395.69375610351562,536.40863037109375
HWI,2024-06-30,-648.824951171875,-488.7315673828125,-53.038799285888672,322.70388793945312,457.93231201171875
HWI,2024-07-31,-635.30511474609375,-468.70663452148438,-36.302604675292969,344.38336181640625,477.32260131835938
HWI,2024-08-31,-609.712890625,-451.00430297851562,-27.256599426269531,352.11676025390625,486.13491821289062
HWI,2024-09-30,-607.15130615234375,-447.86532592773438,-34.020969390869141,347.74737548828125,482.90939331054688
HWI,2024-10-31,-572.453125,-416.52655029296875,-9.9696426391601562,371.81585693359375,510.30108642578125
HWI,2024-11-30,-603.826904296875,-449.16738891601562,-32.05389404296875,349.45193481445312,483.74945068359375
HWI,2024-12-31,-610.79052734375,-450.69677734375,-35.985496520996094,343.57388305664062,481.78182983398438
HWI,2025-01-31,-629.155029296875,-460.68289184570312,-20.055007934570312,379.2916259765625,529.7125244140625
HWI,2025-02-28,-613.86822509765625,-450.54278564453125,-24.515701293945312,379.39022827148438,535.85467529296875
HWI,2025-03-31,-611.60540771484375,-448.63809204101562,-23.572673797607422,376.22616577148438,530.899169921875
HWI,2025-04-30,-603.68585205078125,-443.56341552734375,-18.880828857421875,378.45196533203125,533.0614013671875
HWI,2025-05-31,-617.9874267578125,-447.7724609375,-17.745294570922852,374.89236450195312,526.8475341796875
HWI,2025-06-30,-614.58203125,-445.060546875,-21.843959808349609,375.44052124023438,530.8211669921875
HWI,2025-07-31,-609.04425048828125,-440.84237670898438,-19.778661727905273,371.785888671875,528.22918701171875
HWI,2025-08-31,-610.42108154296875,-440.87692260742188,-18.94049072265625,371.7532958984375,526.90985107421875
HWIURATIO,2023-09-30,-0.10213179141283035,-0.071697644889354706,-0.0028763352893292904,0.056790154427289963,0.079464040696620941
HWIURATIO,2023-10-31,-0.13461090624332428,-0.10030923038721085,-0.021384991705417633,0.043807648122310638,0.069475986063480377
HWIURATIO,2023-11-30,-0.12508490681648254,-0.089261725544929504,-0.0062647266313433647,0.063921563327312469,0.090828292071819305
HWIURATIO,2023-12-31,-0.13619899749755859,-0.10005673766136169,-0.011285167187452316,0.062556400895118713,0.090846017003059387
HWIURATIO,2024-01-31,-0.13300035893917084,-0.094912372529506683,-0.0055713532492518425,0.069668583571910858,0.098056361079216003
HWIURATIO,2024-02-29,-0.13665832579135895,-0.096780717372894287,-0.0050239479169249535,0.07201811671257019,0.10119082033634186
HWIURATIO,2024-03-31,-0.13808481395244598,-0.098732039332389832,-0.007320706732571125,0.069951958954334259,0.099736452102661133
HWIURATIO,2024-04-30,-0.1411212682723999,-0.10074293613433838,-0.0081191984936594963,0.070794649422168732,0.10129617899656296
HWIURATIO,2024-05-31,-0.13833072781562805,-0.095423698425292969,-0.0015023392625153065,0.078856699168682098,0.10903611034154892
HWIURATIO,2024-06-30,-0.14270167052745819,-0.10111180692911148,-0.0063216807320713997,0.072427399456501007,0.10187487304210663
HWIURATIO,2024-07-31,-0.14019894599914551,-0.099083401262760162,-0.0062485933303833008,0.072547443211078644,0.10151809453964233
HWIURATIO,2024-08-31,-0.13632012903690338,-0.09606856107711792,-0.0035642553120851517,0.075100190937519073,0.10426831990480423
HWIURATIO,2024-09-30,-0.13311746716499329,-0.093022331595420837,-0.0025925212539732456,0.075772270560264587,0.1046844944357872
HWIURATIO,2024-10-31,-0.12950900197029114,-0.090163692831993103,-0.001407659612596035,0.076094463467597961,0.10490252822637558
HWIURATIO,2024-11-30,-0.1307702511548996,-0.091696873307228088,-0.0028087873943150043,0.0733380988240242,0.10178592056035995
HWIURATIO,2024-12-31,-0.13177408277988434,-0.091315455734729767,-0.0015542528126388788,0.074104532599449158,0.10267683118581772
HWIURATIO,2025-01-31,-0.14215004444122314,-0.096574261784553528,-0.0020886496640741825,0.076967433094978333,0.10901030153036118
HWIURATIO,2025-02-28,-0.14271704852581024,-0.096823126077651978,-0.0024014678783714771,0.076462611556053162,0.10870970040559769
HWIURATIO,2025-03-31,-0.14141502976417542,-0.095990210771560669,-0.0020551071502268314,0.076476581394672394,0.10904611647129059
HWIURATIO,2025-04-30,-0.13850545883178711,-0.095136143267154694,-0.0021641841158270836,0.076364859938621521,0.10906892269849777
HWIURATIO,2025-05-31,-0.13921584188938141,-0.094337232410907745,-0.0014699476305395365,0.07595217227935791,0.10829573124647141
HWIURATIO,2025-06-30,-0.14031212031841278,-0.095034092664718628,-0.0019750560168176889,0.075860515236854553,0.1088191345334053
HWIURATIO,2025-07-31,-0.13926023244857788,-0.094731204211711884,-0.0022358186542987823,0.075220443308353424,0.108553446829319
HWIURATIO,2025-08-31,-0.13886106014251709,-0.094511568546295166,-0.0019356070552021265,0.076363101601600647,0.10991239547729492
INDPRO,2023-09-30,-0.0078405393287539482,-0.0055994312278926373,0.00048848864389583468,0.0064164274372160435,0.0084153665229678154
INDPRO,2023-10-31,-0.0081501463428139687,-0.0058830231428146362,0.00044861360220238566,0.0065750717185437679,0.0086357854306697845
INDPRO,2023-11-30,-0.0080256815999746323,-0.0056898938491940498,0.00092998787295073271,0.0071331234648823738,0.0091215642169117928
INDPRO,2023-12-31,-0.0084256958216428757,-0.0060273031704127789,0.00084430805873125792,0.0072995936498045921,0.0093983886763453484
INDPRO,2024-01-31,-0.00870505440980196,-0.0062787961214780807,0.00073468743357807398,0.0074158273637294769,0.009597286581993103
INDPRO,2024-02-29,-0.0089182090014219284,-0.0064898892305791378,0.00073481409344822168,0.0074793165549635887,0.0096800914034247398
INDPRO,2024-03-31,-0.0088019557297229767,-0.0063126124441623688,0.00085705018136650324,0.0075499163940548897,0.0097267022356390953
INDPRO,2024-04-30,-0.0090166190639138222,-0.0064951321110129356,0.00080156553303822875,0.0078240307047963142,0.010137532837688923
INDPRO,2024-05-31,-0.008971494622528553,-0.0064295809715986252,0.00087787193479016423,0.0076932590454816818,0.0099542876705527306
INDPRO,2024-06-30,-0.0090745119377970695,-0.006429766770452261,0.00090092106256633997,0.0079007074236869812,0.010292471386492252
INDPRO,2024-07-31,-0.0089807230979204178,-0.0064163655042648315,0.00082602660404518247,0.0077036027796566486,0.010045071132481098
INDPRO,2024-08-31,-0.0088869789615273476,-0.006348250899463892,0.00086071935947984457,0.0076390160247683525,0.0098435422405600548
INDPRO,2024-09-30,-0.0092671439051628113,-0.0065981843508780003,0.0009501664899289608,0.0078448504209518433,0.010075208730995655
INDPRO,2024-10-31,-0.0092375362291932106,-0.0065456307493150234,0.00095030362717807293,0.0078052021563053131,0.0099635375663638115
INDPRO,2024-11-30,-0.0093586733564734459,-0.0066533400677144527,0.00089997588656842709,0.0079273190349340439,0.0102522112429142
INDPRO,2024-12-31,-0.0094295339658856392,-0.0067628747783601284,0.00075706746429204941,0.0077344919554889202,0.0099774813279509544
INDPRO,2025-01-31,-0.0093007562682032585,-0.0066228038631379604,0.0010728099150583148,0.0083779487758874893,0.010777188464999199
INDPRO,2025-02-28,-0.0091053135693073273,-0.0064644790254533291,0.0011396447662264109,0.0083184726536273956,0.010640979744493961
INDPRO,2025-03-31,-0.0088872527703642845,-0.0062511567957699299,0.0012726879213005304,0.0082335313782095909,0.010496780276298523
INDPRO,2025-04-30,-0.0089816050603985786,-0.0063157090917229652,0.0011640556622296572,0.0082232169806957245,0.010567912831902504
INDPRO,2025-05-31,-0.0090284431353211403,-0.0063625890761613846,0.0011522102868184447,0.0082877278327941895,0.010719065554440022
INDPRO,2025-06-30,-0.0088458545506000519,-0.0062729259952902794,0.0011700615286827087,0.0081769712269306183,0.010547032579779625
INDPRO,2025-07-31,-0.0088974228128790855,-0.0062507083639502525,0.0011487929150462151,0.0081359343603253365,0.010495121590793133
INDPRO,2025-08-31,-0.0091624632477760315,-0.0064423824660480022,0.0011957030510529876,0.0084503395482897758,0.010896037332713604
INVEST,2023-09-30,-0.012733025476336479,-0.008848884142935276,0.00067667418625205755,0.0099325180053710938,0.013641008175909519
INVEST,2023-10-31,-0.013542992994189262,-0.0095950579270720482,0.00039657531306147575,0.010342649184167385,0.014277412556111813
INVEST,2023-11-30,-0.014226717874407768,-0.010198687203228474,0.00014988449402153492,0.010478793643414974,0.014589881524443626
INVEST,2023-12-31,-0.014908072538673878,-0.010682063177227974,-3.4517415770096704e-05,0.01056981086730957,0.014794966205954552
INVEST,2024-01-31,-0.015501126646995544,-0.011144346557557583,-8.6899861344136298e-05,0.011138063855469227,0.015682337805628777
INVEST,2024-02-29,-0.015809344127774239,-0.011330549605190754,1.6792491805972531e-05,0.011034991592168808,0.015431529842317104
INVEST,2024-03-31,-0.01559668593108654,-0.011159385554492474,2.8425711207091808e-07,0.010877622291445732,0.015214003622531891
INVEST,2024-04-30,-0.015181812457740307,-0.010844445787370205,2.3779084585839882e-05,0.010871543549001217,0.015214743092656136
INVEST,2024-05-31,-0.015279962681233883,-0.010912450961768627,-2.4189102987293154e-05,0.010617908090353012,0.014811468310654163
INVEST,2024-06-30,-0.014744477346539497,-0.010440414771437645,4.5882188715040684e-05,0.010377462953329086,0.014459635131061077
INVEST,2024-07-31,-0.014911939390003681,-0.010626907460391521,-9.4254646683111787e-06,0.01027088426053524,0.014248170889914036
INVEST,2024-08-31,-0.014709552749991417,-0.010533158667385578,2.9989001632202417e-05,0.010249948129057884,0.014198488555848598
INVEST,2024-09-30,-0.014970862306654453,-0.010621066205203533,0.00015874349628575146,0.010267699137330055,0.014163895510137081
INVEST,2024-10-31,-0.014894094318151474,-0.010564079508185387,0.00015230484132189304,0.010376539081335068,0.014242399483919144
INVEST,2024-11-30,-0.015101096592843533,-0.010743177495896816,0.00010940636275336146,0.01036005187779665,0.014337643049657345
INVEST,2024-12-31,-0.015513075515627861,-0.01106356643140316,3.5054625186603516e-05,0.01049999613314867,0.014576614834368229
INVEST,2025-01-31,-0.017358222976326942,-0.012168116867542267,-0.00015799584798514843,0.0113895358517766,0.016203155741095543
INVEST,2025-02-28,-0.017644038423895836,-0.012345561757683754,-7.4209689046256244e-05,0.011748116463422775,0.016633613035082817
INVEST,2025-03-31,-0.017641667276620865,-0.012373544275760651,-7.347871724050492e-05,0.01182063203305006,0.016773233190178871
INVEST,2025-04-30,-0.017230993136763573,-0.012061100453138351,-5.1256502047181129e-05,0.011522415094077587,0.016410134732723236
INVEST,2025-05-31,-0.016989044845104218,-0.011902903206646442,-3.9810685848351568e-05,0.011517563834786415,0.016459440812468529
INVEST,2025-06-30,-0.017022091895341873,-0.011987046338617802,2.0566014427458867e-05,0.011290783993899822,0.016058117151260376
INVEST,2025-07-31,-0.016906099393963814,-0.011903645470738411,-5.6355838751187548e-05,0.011147130280733109,0.015902126207947731
INVEST,2025-08-31,-0.016612259671092033,-0.011678433045744896,2.9965238354634494e-05,0.011179731227457523,0.015961958095431328
IPB51222S,2023-09-30,-0.073773898184299469,-0.056242998689413071,-0.0052289748564362526,0.042107667773962021,0.059003602713346481
IPB51222S,2023-10-31,-0.074809364974498749,-0.055096369236707687,0.001776521559804678,0.056877020746469498,0.074606910347938538
IPB51222S,2023-11-30,-0.081614084541797638,-0.061244145035743713,-0.00017417385242879391,0.062599465250968933,0.082692213356494904
IPB51222S,2023-12-31,-0.08424203097820282,-0.064024902880191803,0.0014491812326014042,0.069042101502418518,0.091109655797481537
IPB51222S,2024-01-31,-0.085701167583465576,-0.064034402370452881,0.0036746342666447163,0.070542663335800171,0.091478325426578522
IPB51222S,2024-02-29,-0.090004034340381622,-0.067920900881290436,0.0022429600358009338,0.072155311703681946,0.093608908355236053
IPB51222S,2024-03-31,-0.086938634514808655,-0.065469898283481598,0.00095435476396232843,0.067099206149578094,0.088265031576156616
IPB51222S,2024-04-30,-0.081384696066379547,-0.060735601931810379,0.00086571159772574902,0.063935332000255585,0.084110930562019348
IPB51222S,2024-05-31,-0.078538887202739716,-0.058118067681789398,0.0011285922955721617,0.060036834329366684,0.078990720212459564
IPB51222S,2024-06-30,-0.075204551219940186,-0.055953148752450943,0.00075250677764415741,0.055947527289390564,0.074005082249641418
IPB51222S,2024-07-31,-0.072879880666732788,-0.054170709103345871,0.00046404037857428193,0.053196024149656296,0.070141054689884186
IPB51222S,2024-08-31,-0.073294058442115784,-0.054862242192029953,0.00061271758750081062,0.054257795214653015,0.071504250168800354
IPB51222S,2024-09-30,-0.074952684342861176,-0.055879198014736176,0.000671404879540205,0.055517338216304779,0.072932735085487366
IPB51222S,2024-10-31,-0.077133350074291229,-0.05743030458688736,0.0010837181471288204,0.057641778141260147,0.075660631060600281
IPB51222S,2024-11-30,-0.079097695648670197,-0.059110622853040695,0.00073324365075677633,0.058949325233697891,0.077511735260486603
IPB51222S,2024-12-31,-0.08257109671831131,-0.061699755489826202,0.00059994193725287914,0.062347691506147385,0.082368604838848114
IPB51222S,2025-01-31,-0.090515367686748505,-0.066945984959602356,0.0011143165174871683,0.070354767143726349,0.09380706399679184
IPB51222S,2025-02-28,-0.088977180421352386,-0.065128244459629059,0.0011814727913588285,0.066756032407283783,0.089249730110168457
IPB51222S,2025-03-31,-0.087780013680458069,-0.064450658857822418,0.00074444175697863102,0.066231764853000641,0.088587246835231781
IPB51222S,2025-04-30,-0.082529574632644653,-0.060787200927734375,0.00090265466133132577,0.064010597765445709,0.086216025054454803
IPB51222S,2025-05-31,-0.077997907996177673,-0.056618243455886841,0.0011105233570560813,0.057536866515874863,0.077067367732524872
IPB51222S,2025-06-30,-0.075471766293048859,-0.054860685020685196,0.0015917739365249872,0.055236306041479111,0.073463402688503265
IPB51222S,2025-07-31,-0.075254335999488831,-0.054386716336011887,0.0012257727794349194,0.05351647362112999,0.071572266519069672
IPB51222S,2025-08-31,-0.075023621320724487,-0.054500479251146317,0.0011136616813018918,0.05463191494345665,0.073610484600067139
IPBUSEQ,2023-09-30,-0.013866305351257324,-0.0097514670342206955,0.0013631031615659595,0.012138979509472847,0.01589801162481308
IPBUSEQ,2023-10-31,-0.015389449894428253,-0.0110470000654459,0.00072146940510720015,0.011984461918473244,0.015863800421357155
IPBUSEQ,2023-11-30,-0.015152145177125931,-0.010636283084750175,0.0018385765142738819,0.01349235512316227,0.017292317003011703
IPBUSEQ,2023-12-31,-0.016237512230873108,-0.01156427338719368,0.0014967815950512886,0.013751965016126633,0.017816858366131783
IPBUSEQ,2024-01-31,-0.017859643325209618,-0.013045923784375191,0.00034674617927521467,0.013266813009977341,0.017517218366265297
IPBUSEQ,2024-02-29,-0.016598336398601532,-0.01185828261077404,0.0019342765444889665,0.014826448634266853,0.019069947302341461
IPBUSEQ,2024-03-31,-0.016292337328195572,-0.011293616145849228,0.0025942823849618435,0.015368388965725899,0.019531568512320518
IPBUSEQ,2024-04-30,-0.017777921631932259,-0.01282535120844841,0.0010886661475524306,0.014744842424988747,0.019313318654894829
IPBUSEQ,2024-05-31,-0.017372697591781616,-0.012397786602377892,0.0014422433450818062,0.014457078650593758,0.018865711987018585
IPBUSEQ,2024-06-30,-0.017197396606206894,-0.012051010504364967,0.0019245154689997435,0.015185175463557243,0.019814098253846169
IPBUSEQ,2024-07-31,-0.016999183222651482,-0.011978961527347565,0.0018415426602587104,0.01482633501291275,0.019298309460282326
IPBUSEQ,2024-08-31,-0.017285775393247604,-0.012284716591238976,0.0015943541657179594,0.014667680487036705,0.018927706405520439
IPBUSEQ,2024-09-30,-0.018219152465462685,-0.012896347790956497,0.0018550781533122063,0.015162605792284012,0.019456807523965836
IPBUSEQ,2024-10-31,-0.017865216359496117,-0.012519614771008492,0.0020486281719058752,0.015264490619301796,0.01944039948284626
IPBUSEQ,2024-11-30,-0.017963271588087082,-0.012641064822673798,0.0019397686701267958,0.015399584546685219,0.019858462736010551
IPBUSEQ,2024-12-31,-0.017950592562556267,-0.012707501649856567,0.0017259127926081419,0.01505880244076252,0.019384736195206642
IPBUSEQ,2025-01-31,-0.017596110701560974,-0.012496484443545341,0.0020573469810187817,0.015796244144439697,0.020292108878493309
IPBUSEQ,2025-02-28,-0.017037931829690933,-0.012060768902301788,0.0022484564688056707,0.015736289322376251,0.020098106935620308
IPBUSEQ,2025-03-31,-0.016984347254037857,-0.011953063309192657,0.0024172174744307995,0.015761211514472961,0.020072247833013535
IPBUSEQ,2025-04-30,-0.017566021531820297,-0.012374481186270714,0.0021388912573456764,0.015741975978016853,0.020230779424309731
IPBUSEQ,2025-05-31,-0.017614642158150673,-0.012416457757353783,0.0021798862144351006,0.016035150736570358,0.020780077204108238
IPBUSEQ,2025-06-30,-0.017325814813375473,-0.012285899370908737,0.0022574593313038349,0.01584739051759243,0.020369933918118477
IPBUSEQ,2025-07-31,-0.017459966242313385,-0.012256357818841934,0.002229002071544528,0.015716958791017532,0.020194144919514656
IPBUSEQ,2025-08-31,-0.017712781205773354,-0.012465814128518105,0.0022138680797070265,0.016132200136780739,0.020793842151761055
IPCONGD,2023-09-30,-0.01071805227547884,-0.0078254761174321175,0.00040269730379804969,0.0083555849269032478,0.011258606798946857
IPCONGD,2023-10-31,-0.01245388574898243,-0.0094782533124089241,-0.00090740330051630735,0.007583259604871273,0.010633663274347782
IPCONGD,2023-11-30,-0.012496738694608212,-0.0094183329492807388,-0.00037076207809150219,0.0085076112300157547,0.011563928797841072
IPCONGD,2023-12-31,-0.013525300659239292,-0.010302769020199776,-0.00078684522304683924,0.0085128294304013252,0.011763112619519234
IPCONGD,2024-01-31,-0.013179699890315533,-0.0099626258015632629,-0.0001855301670730114,0.0094769038259983063,0.012925862334668636
IPCONGD,2024-02-29,-0.014041557908058167,-0.010721998289227486,-0.00063380447681993246,0.0091579481959342957,0.012544743716716766
IPCONGD,2024-03-31,-0.01385471411049366,-0.010539739392697811,-0.00042407261207699776,0.0092753171920776367,0.012619078159332275
IPCONGD,2024-04-30,-0.013937865383923054,-0.010701593011617661,-0.00074634060729295015,0.0091884545981884003,0.012662705034017563
IPCONGD,2024-05-31,-0.014014557935297489,-0.010685277171432972,-0.00063300400506705046,0.0089500406756997108,0.012296004220843315
IPCONGD,2024-06-30,-0.013842153362929821,-0.010483606718480587,-0.000542648253031075,0.0091093908995389938,0.012473525479435921
IPCONGD,2024-07-31,-0.013644984923303127,-0.01036105677485466,-0.0005441977409645915,0.008919459767639637,0.012217356823384762
IPCONGD,2024-08-31,-0.013484579510986805,-0.010253314860165119,-0.0005120342830196023,0.0087480973452329636,0.0119039136916399
IPCONGD,2024-09-30,-0.013760367408394814,-0.010409065522253513,-0.00043811195064336061,0.0089894924312829971,0.012159964069724083
IPCONGD,2024-10-31,-0.013800068758428097,-0.010387652553617954,-0.00033289717976003885,0.0089217154309153557,0.011914452537894249
IPCONGD,2024-11-30,-0.014078917913138866,-0.010593892075121403,-0.00044538243673741817,0.0089942952618002892,0.012218538671731949
IPCONGD,2024-12-31,-0.014376895502209663,-0.010864741168916225,-0.00065254000946879387,0.0088389478623867035,0.012022064998745918
IPCONGD,2025-01-31,-0.013928024098277092,-0.010490914806723595,-0.00029238348361104727,0.0093958713114261627,0.012783311307430267
IPCONGD,2025-02-28,-0.013871489092707634,-0.010413053445518017,-0.00030485901515930891,0.0091446908190846443,0.012454510666429996
IPCONGD,2025-03-31,-0.013742867857217789,-0.010287268087267876,-0.00025998265482485294,0.0090408399701118469,0.012310917489230633
IPCONGD,2025-04-30,-0.013859075494110584,-0.010335922241210938,-0.00029913184698671103,0.0090761194005608559,0.012421438470482826
IPCONGD,2025-05-31,-0.01356031559407711,-0.010125233791768551,-0.00026992277707904577,0.0091880634427070618,0.012691331095993519
IPCONGD,2025-06-30,-0.013694422319531441,-0.010273870080709457,-0.00023422716185450554,0.0090365028008818626,0.012395333498716354
IPCONGD,2025-07-31,-0.013575155287981033,-0.01010279543697834,-0.00025615864433348179,0.0089731523767113686,0.012330558151006699
IPCONGD,2025-08-31,-0.013694997876882553,-0.010198095813393593,-0.00016818859148770571,0.0092704799026250839,0.012696584686636925
IPDCONGD,2023-09-30,-0.01807711087167263,-0.010408174246549606,0.0099188229069113731,0.030352223664522171,0.038456108421087265
IPDCONGD,2023-10-31,-0.037697654217481613,-0.028862942010164261,-0.0064339162781834602,0.015846122056245804,0.024330778047442436
IPDCONGD,2023-11-30,-0.030286362394690514,-0.021479029208421707,0.0018353182822465897,0.023676462471485138,0.031799610704183578
IPDCONGD,2023-12-31,-0.031600762158632278,-0.022675091400742531,0.0011550264898687601,0.023873947560787201,0.03247152641415596
IPDCONGD,2024-01-31,-0.03421502560377121,-0.024957386776804924,-0.00040942267514765263,0.023301757872104645,0.032170731574296951
IPDCONGD,2024-02-29,-0.034930378198623657,-0.025703344494104385,-0.00029270234517753124,0.023747168481349945,0.032770376652479172
IPDCONGD,2024-03-31,-0.032279036939144135,-0.022793252021074295,0.0025833810213953257,0.02603432722389698,0.034876897931098938
IPDCONGD,2024-04-30,-0.035599585622549057,-0.02622583881020546,-0.0013897216413170099,0.02345617301762104,0.032900162041187286
IPDCONGD,2024-05-31,-0.034229561686515808,-0.024804847314953804,-5.5284821428358555e-05,0.023296715691685677,0.032328926026821136
IPDCONGD,2024-06-30,-0.034073930233716965,-0.024460477754473686,0.00048607040662318468,0.024381015449762344,0.033841278403997421
IPDCONGD,2024-07-31,-0.033453792333602905,-0.02411363460123539,0.00046069722156971693,0.023791082203388214,0.033058952540159225
IPDCONGD,2024-08-31,-0.033599231392145157,-0.024374933913350105,9.1916881501674652e-06,0.022903257980942726,0.031594220548868179
IPDCONGD,2024-09-30,-0.035020604729652405,-0.02522864006459713,0.00051792641170322895,0.023567430675029755,0.032218083739280701
IPDCONGD,2024-10-31,-0.034450553357601166,-0.024767577648162842,0.00039321964140981436,0.023397238925099373,0.03179052472114563
IPDCONGD,2024-11-30,-0.033851161599159241,-0.024518560618162155,0.00043903128243982792,0.02395213395357132,0.033019360154867172
IPDCONGD,2024-12-31,-0.035085380077362061,-0.025453690439462662,-0.00022352777887135744,0.023196805268526077,0.031826339662075043
IPDCONGD,2025-01-31,-0.036433100700378418,-0.026251314207911491,0.00047913624439388514,0.025191130116581917,0.034062329679727554
IPDCONGD,2025-02-28,-0.035613637417554855,-0.025531133636832237,0.00074305699672549963,0.024672824889421463,0.033275455236434937
IPDCONGD,2025-03-31,-0.034510396420955658,-0.024529136717319489,0.0012586105149239302,0.024473957717418671,0.032854259014129639
IPDCONGD,2025-04-30,-0.034492820501327515,-0.024477334693074226,0.0010032386053353548,0.024650702252984047,0.033446848392486572
IPDCONGD,2025-05-31,-0.034277357161045074,-0.02438122034072876,0.0010182776022702456,0.024722712114453316,0.033691264688968658
IPDCONGD,2025-06-30,-0.033689823001623154,-0.024169864133000374,0.0011025222484022379,0.024796811863780022,0.033774953335523605
IPDCONGD,2025-07-31,-0.033735163509845734,-0.024071866646409035,0.0011158166453242302,0.024816658347845078,0.033795062452554703
IPDCONGD,2025-08-31,-0.034128781408071518,-0.024369066581130028,0.0012749946909025311,0.025575323030352592,0.03481181338429451
IPDMAT,2023-09-30,-0.012687135487794876,-0.0090443529188632965,0.0010040837805718184,0.010106949135661125,0.013113956898450851
IPDMAT,2023-10-31,-0.015407949686050415,-0.011678224429488182,-0.0012535119894891977,0.0087106209248304367,0.011955708265304565
IPDMAT,2023-11-30,-0.013711623847484589,-0.009862041100859642,0.001188238151371479,0.010940536856651306,0.013925811275839806
IPDMAT,2023-12-31,-0.014804081991314888,-0.010835520923137665,0.00061961833853274584,0.010814949870109558,0.013956440612673759
IPDMAT,2024-01-31,-0.01498529314994812,-0.011005431413650513,0.00066954770591109991,0.011296665295958519,0.014603862538933754
IPDMAT,2024-02-29,-0.015372628346085548,-0.011382712051272392,0.00072151341009885073,0.011336211115121841,0.014583900570869446
IPDMAT,2024-03-31,-0.015391768887639046,-0.01131562702357769,0.00066380423959344625,0.011399462819099426,0.014700485393404961
IPDMAT,2024-04-30,-0.01573498360812664,-0.011567786335945129,0.00060552300419658422,0.011803759261965752,0.01531522162258625
IPDMAT,2024-05-31,-0.015913328155875206,-0.011635808274149895,0.00059860805049538612,0.011503325775265694,0.014972424134612083
IPDMAT,2024-06-30,-0.015884563326835632,-0.011434309184551239,0.00083366280887275934,0.012048978358507156,0.015744766220450401
IPDMAT,2024-07-31,-0.015832312405109406,-0.011528555303812027,0.00070631923153996468,0.01173553429543972,0.015309004113078117
IPDMAT,2024-08-31,-0.015467828139662743,-0.011235598474740982,0.00088677892927080393,0.01167447492480278,0.01507890410721302
IPDMAT,2024-09-30,-0.016094084829092026,-0.011655012145638466,0.00096665380988270044,0.011994019150733948,0.01546655036509037
IPDMAT,2024-10-31,-0.016108635812997818,-0.011587662622332573,0.0010903560323640704,0.012138895690441132,0.01550089567899704
IPDMAT,2024-11-30,-0.016516093164682388,-0.011914543807506561,0.00093668361660093069,0.012286577373743057,0.015916567295789719
IPDMAT,2024-12-31,-0.016714561730623245,-0.012128995731472969,0.00083479983732104301,0.012251559644937515,0.015814993530511856
IPDMAT,2025-01-31,-0.016819994896650314,-0.01205667108297348,0.0013768296921625733,0.013607989996671677,0.017453962936997414
IPDMAT,2025-02-28,-0.016674663871526718,-0.011905953288078308,0.0015534162521362305,0.013704674318432808,0.017480453476309776
IPDMAT,2025-03-31,-0.016428017988801003,-0.011653296649456024,0.0016411568503826857,0.013525504618883133,0.017250481992959976
IPDMAT,2025-04-30,-0.01683502271771431,-0.011881027370691299,0.0015169738326221704,0.01344984769821167,0.017270546406507492
IPDMAT,2025-05-31,-0.016272690147161484,-0.011542541906237602,0.0015834365040063858,0.013678340241312981,0.017715588212013245
IPDMAT,2025-06-30,-0.016228511929512024,-0.011581456288695335,0.0016475415322929621,0.013499068096280098,0.0173445213586092
IPDMAT,2025-07-31,-0.016121137887239456,-0.011437172070145607,0.0015510446391999722,0.013313721865415573,0.017142277210950851
IPDMAT,2025-08-31,-0.016288818791508675,-0.011538079008460045,0.0016681458801031113,0.013673661276698112,0.01760554313659668
IPFINAL,2023-09-30,-0.0092009995132684708,-0.0065701277926564217,0.00081264955224469304,0.0078741647303104401,0.010431031696498394
IPFINAL,2023-10-31,-0.010911393910646439,-0.0081945899873971939,-0.00061076541896909475,0.0068756979890167713,0.0095232231542468071
IPFINAL,2023-11-30,-0.010927899740636349,-0.0081141656264662743,-0.00015587452799081802,0.0075748884119093418,0.010180940851569176
IPFINAL,2023-12-31,-0.011604289524257183,-0.008573431521654129,-1.4218268916010857e-05,0.0080935591831803322,0.010826505720615387
IPFINAL,2024-01-31,-0.01171354204416275,-0.0087649663910269737,-0.00018720352090895176,0.0083765275776386261,0.011331936344504356
IPFINAL,2024-02-29,-0.012249059043824673,-0.0092270849272608757,-0.00020903372205793858,0.0083305658772587776,0.011229479685425758
IPFINAL,2024-03-31,-0.012007936835289001,-0.0089552020654082298,-3.7482473999261856e-05,0.008497331291437149,0.011387402191758156
IPFINAL,2024-04-30,-0.012311897240579128,-0.0093027800321578979,-0.00042798742651939392,0.00856039859354496,0.01166316494345665
IPFINAL,2024-05-31,-0.012306993827223778,-0.0092136319726705551,-0.00032251898664981127,0.0082449344918131828,0.011203284375369549
IPFINAL,2024-06-30,-0.012078286148607731,-0.0089247152209281921,-7.0729758590459824e-05,0.0085130752995610237,0.011505775153636932
IPFINAL,2024-07-31,-0.011828065849840641,-0.0087826931849122047,-0.00015155784785747528,0.0082554658874869347,0.011221922934055328
IPFINAL,2024-08-31,-0.011770629324018955,-0.0087631503120064735,-6.9275731220841408e-05,0.0082024233415722847,0.010998619720339775
IPFINAL,2024-09-30,-0.012103195302188396,-0.0089728236198425293,1.8399208784103394e-05,0.0084902029484510422,0.011313444003462791
IPFINAL,2024-10-31,-0.0120805399492383,-0.008911406621336937,9.0054236352443695e-05,0.0083816861733794212,0.011046160943806171
IPFINAL,2024-11-30,-0.012240162119269371,-0.0090321926400065422,-8.7072839960455894e-06,0.0085307024419307709,0.011450293473899364
IPFINAL,2024-12-31,-0.012544305063784122,-0.0093131121248006821,-0.00023542868439108133,0.0082852831110358238,0.011124367825686932
IPFINAL,2025-01-31,-0.012065979652106762,-0.0090782409533858299,-5.2115647122263908e-05,0.0087212538346648216,0.011707178317010403
IPFINAL,2025-02-28,-0.011930749751627445,-0.0089607052505016327,-3.5553239285945892e-07,0.0085002491250634193,0.011377408169209957
IPFINAL,2025-03-31,-0.01191534660756588,-0.0089131947606801987,5.3268973715603352e-05,0.0084690256044268608,0.011307336390018463
IPFINAL,2025-04-30,-0.012318268418312073,-0.0091644413769245148,-2.1761981770396233e-05,0.0086469706147909164,0.011589859612286091
IPFINAL,2025-05-31,-0.012031199410557747,-0.008994455449283123,4.5318272896111012e-05,0.0088135292753577232,0.011898747645318508
IPFINAL,2025-06-30,-0.012027720920741558,-0.0090397624298930168,2.9796501621603966e-05,0.0086121335625648499,0.011609764769673347
IPFINAL,2025-07-31,-0.01203320175409317,-0.0089827347546815872,-4.0915096178650856e-05,0.008536292240023613,0.011548827402293682
IPFINAL,2025-08-31,-0.012211980298161507,-0.0091126943007111549,6.432156078517437e-05,0.0089041618630290031,0.011989387683570385
IPFPNSS,2023-09-30,-0.0084325587376952171,-0.0061974790878593922,-7.4749113991856575e-05,0.0057274452410638332,0.0077237575314939022
IPFPNSS,2023-10-31,-0.009435371495783329,-0.0071813999675214291,-0.00090886338148266077,0.0052702045068144798,0.0074034435674548149
IPFPNSS,2023-11-30,-0.009296550415456295,-0.0069682192988693714,-0.00034452788531780243,0.0059407083317637444,0.0079953009262681007
IPFPNSS,2023-12-31,-0.0099054267629981041,-0.0074187112040817738,-0.00030649534892290831,0.0063668759539723396,0.0085364384576678276
IPFPNSS,2024-01-31,-0.010035173036158085,-0.007596991490572691,-0.00043400481808930635,0.0065536345355212688,0.0088339932262897491
IPFPNSS,2024-02-29,-0.01047027949243784,-0.0079858237877488136,-0.00044798606541007757,0.0065944078378379345,0.008904104121029377
IPFPNSS,2024-03-31,-0.010315116494894028,-0.0078032216988503933,-0.00036389508750289679,0.0067211640998721123,0.0090478630736470222
IPFPNSS,2024-04-30,-0.010520000942051411,-0.0080244997516274452,-0.00060484337154775858,0.0068655246868729591,0.009378441609442234
IPFPNSS,2024-05-31,-0.010533018037676811,-0.0079579250887036324,-0.0005014744820073247,0.0066188927739858627,0.009023590013384819
IPFPNSS,2024-06-30,-0.010416141711175442,-0.0077847796492278576,-0.00035804859362542629,0.0068524060770869255,0.0093340454623103142
IPFPNSS,2024-07-31,-0.010276614688336849,-0.007735921535640955,-0.00044681038707494736,0.0066011142916977406,0.009067910723388195
IPFPNSS,2024-08-31,-0.010194963775575161,-0.0076686185784637928,-0.0003148720134049654,0.0065948739647865295,0.008889196440577507
IPFPNSS,2024-09-30,-0.010466373525559902,-0.0078355120494961739,-0.00022933760192245245,0.0068747797049582005,0.0091996248811483383
IPFPNSS,2024-10-31,-0.01050774659961462,-0.0078314151614904404,-0.00019226246513426304,0.0067730494774878025,0.0089651960879564285
IPFPNSS,2024-11-30,-0.010744833387434483,-0.0080160005018115044,-0.00031371589284390211,0.0069471546448767185,0.0093860598281025887
IPFPNSS,2024-12-31,-0.010885469615459442,-0.0081529058516025543,-0.00040985643863677979,0.0068003484047949314,0.0091483714058995247
IPFPNSS,2025-01-31,-0.01062755286693573,-0.0080555854365229607,-0.0002846401184797287,0.0072589176706969738,0.0097863143309950829
IPFPNSS,2025-02-28,-0.010508830659091473,-0.0079565262421965599,-0.00024079123977571726,0.0070431423373520374,0.0094629349187016487
IPFPNSS,2025-03-31,-0.010439898818731308,-0.0078665837645530701,-0.000171118532307446,0.0069872760213911533,0.0093496274203062057
IPFPNSS,2025-04-30,-0.010701555758714676,-0.0080202603712677956,-0.00021417601965367794,0.0071554393507540226,0.0096018556505441666
IPFPNSS,2025-05-31,-0.01051456481218338,-0.0078981751576066017,-0.00016351777594536543,0.0072149224579334259,0.0097266817465424538
IPFPNSS,2025-06-30,-0.010533235967159271,-0.0079703209921717644,-0.00021744822151958942,0.0070913643576204777,0.0096072284504771233
IPFPNSS,2025-07-31,-0.010531342588365078,-0.0079123638570308685,-0.00026480387896299362,0.0070621040649712086,0.0095950877293944359
IPFPNSS,2025-08-31,-0.010664848610758781,-0.007988927885890007,-0.00013388693332672119,0.0074112815782427788,0.010015319101512432
IPFUELS,2023-09-30,-0.030769174918532372,-0.022946368902921677,-0.003198728896677494,0.016067851334810257,0.023639729246497154
IPFUELS,2023-10-31,-0.030003078281879425,-0.021853473037481308,-0.00096597353694960475,0.019197015091776848,0.027101540938019753
IPFUELS,2023-11-30,-0.026126733049750328,-0.018034236505627632,0.0027284109964966774,0.023607080802321434,0.031636040657758713
IPFUELS,2023-12-31,-0.029832657426595688,-0.021408513188362122,-0.00030582660110667348,0.02019909955561161,0.028123827651143074
IPFUELS,2024-01-31,-0.029833348467946053,-0.02118491567671299,0.00075763254426419735,0.022585280239582062,0.031007047742605209
IPFUELS,2024-02-29,-0.031246105208992958,-0.022382115945219994,0.00074228720040991902,0.022875819355249405,0.031145837157964706
IPFUELS,2024-03-31,-0.030124431475996971,-0.02124582976102829,0.0013287882320582867,0.02277565561234951,0.030724097043275833
IPFUELS,2024-04-30,-0.030074000358581543,-0.021306157112121582,0.00086767051834613085,0.022151760756969452,0.030219195410609245
IPFUELS,2024-05-31,-0.029979240149259567,-0.021428065374493599,0.00065499549964442849,0.02172795869410038,0.02982591837644577
IPFUELS,2024-06-30,-0.029931263998150826,-0.021077962592244148,0.00068096909672021866,0.021659206598997116,0.029874930158257484
IPFUELS,2024-07-31,-0.028970999643206596,-0.020597346127033234,0.00073917198460549116,0.020660782232880592,0.028359411284327507
IPFUELS,2024-08-31,-0.029770370572805405,-0.021301822736859322,0.00033951355726458132,0.020478110760450363,0.027968499809503555
IPFUELS,2024-09-30,-0.032335720956325531,-0.022976616397500038,0.00076621625339612365,0.022476745769381523,0.030497387051582336
IPFUELS,2024-10-31,-0.032696347683668137,-0.023126149550080299,0.00093475019093602896,0.023392325267195702,0.031749602407217026
IPFUELS,2024-11-30,-0.032472677528858185,-0.02306750975549221,0.00078756985021755099,0.022611290216445923,0.030668808147311211
IPFUELS,2024-12-31,-0.032656963914632797,-0.0231612678617239,0.00040781107963994145,0.021712668240070343,0.029585104435682297
IPFUELS,2025-01-31,-0.03311435878276825,-0.022951124235987663,0.00072332489071413875,0.023146571591496468,0.03180428221821785
IPFUELS,2025-02-28,-0.031956419348716736,-0.022115521132946014,0.00071973504964262247,0.022290267050266266,0.030644603073596954
IPFUELS,2025-03-31,-0.030142908915877342,-0.020775835961103439,0.00081131118349730968,0.020955029875040054,0.028909429907798767
IPFUELS,2025-04-30,-0.030080521479249001,-0.020683027803897858,0.00062798149883747101,0.020616672933101654,0.028591766953468323
IPFUELS,2025-05-31,-0.029946452006697655,-0.020740658044815063,0.00054416194325312972,0.021126778796315193,0.029481729492545128
IPFUELS,2025-06-30,-0.030246712267398834,-0.021150520071387291,0.00055592024000361562,0.020902577787637711,0.028998272493481636
IPFUELS,2025-07-31,-0.02908136323094368,-0.020123705267906189,0.00083768210606649518,0.020563673228025436,0.028505502268671989
IPFUELS,2025-08-31,-0.029768260195851326,-0.020624410361051559,0.00071820826269686222,0.021007422357797623,0.029352575540542603
IPMANSICS,2023-09-30,-0.0096593759953975677,-0.0072686956264078617,-0.00076717161573469639,0.0054096514359116554,0.0075162346474826336
IPMANSICS,2023-10-31,-0.010663902387022972,-0.0082287602126598358,-0.001439729705452919,0.005327264778316021,0.0076633887365460396
IPMANSICS,2023-11-30,-0.0098684895783662796,-0.0073585971258580685,-0.00016727088950574398,0.0065002795308828354,0.0087098116055130959
IPMANSICS,2023-12-31,-0.010531706735491753,-0.007899722084403038,-0.00036567053757607937,0.0066939736716449261,0.0090148672461509705
IPMANSICS,2024-01-31,-0.01103552058339119,-0.0084604620933532715,-0.0010182429105043411,0.0062706684693694115,0.0086394809186458588
IPMANSICS,2024-02-29,-0.011161437258124352,-0.0085517391562461853,-0.00067406473681330681,0.0067382631823420525,0.0092125087976455688
IPMANSICS,2024-03-31,-0.010794160887598991,-0.0081206932663917542,-0.00030448054894804955,0.0070551428943872452,0.009510556235909462
IPMANSICS,2024-04-30,-0.011086314916610718,-0.0084720645099878311,-0.00079836742952466011,0.0068541448563337326,0.0094278194010257721
IPMANSICS,2024-05-31,-0.01121218316257,-0.0085092168301343918,-0.00073509616777300835,0.0067189657129347324,0.0092712454497814178
IPMANSICS,2024-06-30,-0.011060953140258789,-0.0082567725330591202,-0.0003963209455832839,0.0071221734397113323,0.0096935722976922989
IPMANSICS,2024-07-31,-0.01101788692176342,-0.008316580206155777,-0.00054953747894614935,0.0068334047682583332,0.0094181504100561142
IPMANSICS,2024-08-31,-0.010936461389064789,-0.0082644205540418625,-0.00050141802057623863,0.0067773167975246906,0.0092239901423454285
IPMANSICS,2024-09-30,-0.011256283149123192,-0.0084700807929039001,-0.00044815090950578451,0.0069935889914631844,0.0094905830919742584
IPMANSICS,2024-10-31,-0.011223534122109413,-0.0083843190222978592,-0.0002804463729262352,0.0070415767841041088,0.0093825999647378922
IPMANSICS,2024-11-30,-0.011384060606360435,-0.0085205379873514175,-0.00038688140921294689,0.0072695529088377953,0.0098755713552236557
IPMANSICS,2024-12-31,-0.011576788499951363,-0.0086921993643045425,-0.00051682582125067711,0.0070816376246511936,0.0095902830362319946
IPMANSICS,2025-01-31,-0.011766234412789345,-0.008866284042596817,-0.00035830121487379074,0.0078866332769393921,0.010695764794945717
IPMANSICS,2025-02-28,-0.011679330840706825,-0.0087812002748250961,-0.00025107816327363253,0.0077220839448273182,0.010400136932730675
IPMANSICS,2025-03-31,-0.011473730206489563,-0.0085816103965044022,-0.00018484436441212893,0.0075576542876660824,0.010154740884900093
IPMANSICS,2025-04-30,-0.011716112494468689,-0.0087332762777805328,-0.00028442370239645243,0.007685564924031496,0.010382110252976418
IPMANSICS,2025-05-31,-0.011509455740451813,-0.0085983350872993469,-0.00024270801804959774,0.0076822293922305107,0.010404644533991814
IPMANSICS,2025-06-30,-0.011496026068925858,-0.0086594801396131516,-0.00027904147282242775,0.0076211518608033657,0.010393204167485237
IPMANSICS,2025-07-31,-0.011408030986785889,-0.0085343997925519943,-0.00033005664590746164,0.0075715980492532253,0.010359490290284157
IPMANSICS,2025-08-31,-0.011530397459864616,-0.0086185932159423828,-0.0002623747568577528,0.0079040303826332092,0.010784940794110298
IPMAT,2023-09-30,-0.0094143226742744446,-0.0065886438824236393,0.00058039755094796419,0.007671690545976162,0.010198951698839664
IPMAT,2023-10-31,-0.0093304319307208061,-0.0064379568211734295,0.0012498772703111172,0.008623993955552578,0.011182554066181183
IPMAT,2023-11-30,-0.0092472890391945839,-0.0062996200285851955,0.0015328709268942475,0.009031328372657299,0.011551928706467152
IPMAT,2023-12-31,-0.0090961717069149017,-0.0061629759147763252,0.0017916810465976596,0.0092562176287174225,0.011826140806078911
IPMAT,2024-01-31,-0.0096176713705062866,-0.0065559339709579945,0.0015426971949636936,0.009160950779914856,0.011801484040915966
IPMAT,2024-02-29,-0.0097040785476565361,-0.0066659408621490002,0.0016471609706059098,0.0094264717772603035,0.012067227624356747
IPMAT,2024-03-31,-0.0097242817282676697,-0.006591105367988348,0.0017021121457219124,0.0094365570694208145,0.01205412857234478
IPMAT,2024-04-30,-0.0098868422210216522,-0.0066990931518375874,0.0017282529734075069,0.009727776050567627,0.012467751279473305
IPMAT,2024-05-31,-0.0096833948045969009,-0.0065371510572731495,0.0018320321105420589,0.0096295559778809547,0.012348892167210579
IPMAT,2024-06-30,-0.01006484217941761,-0.006748350802809,0.0017820387147367001,0.0098558226600289345,0.012723329477012157
IPMAT,2024-07-31,-0.010044037364423275,-0.0067954030819237232,0.0016975011676549911,0.0096945334225893021,0.012500750832259655
IPMAT,2024-08-31,-0.0098390365019440651,-0.0066309082321822643,0.0017527604941278696,0.0096471142023801804,0.012310395948588848
IPMAT,2024-09-30,-0.010447350330650806,-0.0070535433478653431,0.001803671708330512,0.009754471480846405,0.012428080663084984
IPMAT,2024-10-31,-0.010424230247735977,-0.0070104287005960941,0.0017811356810852885,0.0097922338172793388,0.012423576787114143
IPMAT,2024-11-30,-0.010467036627233028,-0.0070614689029753208,0.0017588696209713817,0.0098872538655996323,0.012676856480538845
IPMAT,2024-12-31,-0.010255702771246433,-0.0069609829224646091,0.0016518897609785199,0.0096335876733064651,0.01230271253734827
IPMAT,2025-01-31,-0.011067979037761688,-0.0073235039599239826,0.0019213203340768814,0.010445781052112579,0.013412767089903355
IPMAT,2025-02-28,-0.010890336707234383,-0.0072038224898278713,0.0019740781281143427,0.010546342469751835,0.013481657952070236
IPMAT,2025-03-31,-0.010436138138175011,-0.006811837200075388,0.0021164279896765947,0.010306856594979763,0.013160260394215584
IPMAT,2025-04-30,-0.010271841660141945,-0.0066931839101016521,0.0020751317497342825,0.01020362414419651,0.013094536028802395
IPMAT,2025-05-31,-0.010375946760177612,-0.0067650158889591694,0.0020013686735183001,0.010215512476861477,0.01321319118142128
IPMAT,2025-06-30,-0.010062795132398605,-0.0066222096793353558,0.0020964229479432106,0.010198717005550861,0.01308000460267067
IPMAT,2025-07-31,-0.010141617618501186,-0.0066208788193762302,0.002085390966385603,0.01016524899750948,0.013024523854255676
IPMAT,2025-08-31,-0.010454883798956871,-0.0068525816313922405,0.0020857586059719324,0.010425725020468235,0.01339962612837553
IPNCONGD,2023-09-30,-0.014922582544386387,-0.012260282412171364,-0.0036183444317430258,0.0040066558867692947,0.0064240549691021442
IPNCONGD,2023-10-31,-0.010955377481877804,-0.0082049528136849403,0.00050578982336446643,0.0090144313871860504,0.011737133376300335
IPNCONGD,2023-11-30,-0.012789297848939896,-0.0099045373499393463,-0.00076843955321237445,0.0079823723062872887,0.010744830593466759
IPNCONGD,2023-12-31,-0.013578532263636589,-0.010730373673141003,-0.0013371477834880352,0.0077941981144249439,0.010728749446570873
IPNCONGD,2024-01-31,-0.011423008516430855,-0.0083729429170489311,0.0012197077739983797,0.010444620624184608,0.013263164088129997
IPNCONGD,2024-02-29,-0.012736623175442219,-0.0097237043082714081,0.00013143973774276674,0.0097511140629649162,0.012659612111747265
IPNCONGD,2024-03-31,-0.013488168828189373,-0.010489352978765965,-0.00057563412701711059,0.008791300468146801,0.011682437732815742
IPNCONGD,2024-04-30,-0.012927310541272163,-0.010066797956824303,-0.00034459930611774325,0.0091446554288268089,0.012108983471989632
IPNCONGD,2024-05-31,-0.012992387637495995,-0.0099910590797662735,-0.00012744712876155972,0.0092293955385684967,0.012123576365411282
IPNCONGD,2024-06-30,-0.012964141555130482,-0.009972727857530117,-0.00023388041881844401,0.0090563287958502769,0.011976972222328186
IPNCONGD,2024-07-31,-0.013006722554564476,-0.010026176460087299,-0.00034651631722226739,0.0088856592774391174,0.011735875159502029
IPNCONGD,2024-08-31,-0.012551100924611092,-0.0096777612343430519,-0.00013201957335695624,0.0090856794267892838,0.01192044373601675
IPNCONGD,2024-09-30,-0.012809089384973049,-0.0098509583622217178,-0.00016510882414877415,0.0092089418321847916,0.012054077349603176
IPNCONGD,2024-10-31,-0.012645046226680279,-0.0096457516774535179,0.00012464774772524834,0.0094770537689328194,0.012278175912797451
IPNCONGD,2024-11-30,-0.012923583388328552,-0.0099990395829081535,-0.00018077489221468568,0.0091295419260859489,0.012023345567286015
IPNCONGD,2024-12-31,-0.013285862281918526,-0.010274595580995083,-0.00036732445005327463,0.0091270627453923225,0.012108593247830868
IPNCONGD,2025-01-31,-0.013262542895972729,-0.010122151114046574,-0.00012283195974305272,0.0094392606988549232,0.012477072887122631
IPNCONGD,2025-02-28,-0.013443028554320335,-0.010189441032707691,-3.5117031075060368e-05,0.0093551594763994217,0.012338913045823574
IPNCONGD,2025-03-31,-0.0133320027962327,-0.01012151874601841,-0.00015858636470511556,0.0092842346057295799,0.01231339480727911
IPNCONGD,2025-04-30,-0.013031333684921265,-0.0099807605147361755,-0.00020621099974960089,0.0091311587020754814,0.012138243764638901
IPNCONGD,2025-05-31,-0.012874245643615723,-0.0097560575231909752,-0.00013429007958620787,0.0090017141774296761,0.011927117593586445
IPNCONGD,2025-06-30,-0.012876858003437519,-0.0097535979002714157,-5.2630959544330835e-05,0.0090417275205254555,0.01196671649813652
IPNCONGD,2025-07-31,-0.012992381118237972,-0.0098106162622570992,-0.00014478637604042888,0.0088971126824617386,0.011838545091450214
IPNCONGD,2025-08-31,-0.01299399696290493,-0.0098569905385375023,-0.00012821785639971495,0.009081386961042881,0.012088069692254066
IPNMAT,2023-09-30,-0.01511317677795887,-0.010921580716967583,-0.0012351885670796037,0.0086990697309374809,0.012963182292878628
IPNMAT,2023-10-31,-0.013698575086891651,-0.009494265541434288,0.00052993965800851583,0.010549173690378666,0.014805987477302551
IPNMAT,2023-11-30,-0.013451710343360901,-0.0092933857813477516,0.00050821696640923619,0.010368860326707363,0.014577566646039486
IPNMAT,2023-12-31,-0.013533800840377808,-0.0093361428007483482,0.00061893300153315067,0.010530685074627399,0.014718861319124699
IPNMAT,2024-01-31,-0.013910001143813133,-0.009745386429131031,-4.8572459490969777e-05,0.0096077201887965202,0.013640056364238262
IPNMAT,2024-02-29,-0.013107547536492348,-0.0091561563313007355,0.00033320981310680509,0.0096042230725288391,0.013504662550985813
IPNMAT,2024-03-31,-0.012517745606601238,-0.0085217170417308807,0.00068096717586740851,0.0095218662172555923,0.013329140841960907
IPNMAT,2024-04-30,-0.013157129287719727,-0.0090230247005820274,0.00051694759167730808,0.0098445583134889603,0.01381455734372139
IPNMAT,2024-05-31,-0.013200032524764538,-0.0091190347447991371,0.00047659521806053817,0.009692084975540638,0.013724097982048988
IPNMAT,2024-06-30,-0.013553463853895664,-0.009260447695851326,0.0004707401676569134,0.0098604466766119003,0.014011790044605732
IPNMAT,2024-07-31,-0.013488531112670898,-0.0093179149553179741,0.00036994947004131973,0.0096383830532431602,0.013697597198188305
IPNMAT,2024-08-31,-0.013791138306260109,-0.0095479870215058327,0.00031286300509236753,0.009869876317679882,0.013860365375876427
IPNMAT,2024-09-30,-0.014689367264509201,-0.010132551193237305,0.00036644184729084373,0.01022426038980484,0.014322061091661453
IPNMAT,2024-10-31,-0.014452265575528145,-0.009902535006403923,0.00034868365037254989,0.0098809190094470978,0.013761596754193306
IPNMAT,2024-11-30,-0.014581846073269844,-0.010045710019767284,0.00030741345835849643,0.010172009468078613,0.0144404461607337
IPNMAT,2024-12-31,-0.014827865175902843,-0.010261623188853264,0.00017917531658895314,0.01016728114336729,0.014380261301994324
IPNMAT,2025-01-31,-0.017832053825259209,-0.012123769149184227,-0.0001095502229873091,0.011201423592865467,0.01613803394138813
IPNMAT,2025-02-28,-0.016857026144862175,-0.011417836882174015,-6.3366955146193504e-05,0.010383940301835537,0.01500380877405405
IPNMAT,2025-03-31,-0.015868609771132469,-0.010692019015550613,-1.2574164429679513e-05,0.0098433960229158401,0.014210307039320469
IPNMAT,2025-04-30,-0.015807988122105598,-0.010677074082195759,-4.623792483471334e-05,0.0099875889718532562,0.014496107585728168
IPNMAT,2025-05-31,-0.015815392136573792,-0.01069960929453373,-0.00012019614223390818,0.01015365868806839,0.01488733384758234
IPNMAT,2025-06-30,-0.015376781113445759,-0.01052613090723753,-8.3446997450664639e-05,0.0098991161212325096,0.014487800188362598
IPNMAT,2025-07-31,-0.015440727584064007,-0.010502028279006481,-4.3644045945256948e-05,0.010019630193710327,0.014660557731986046
IPNMAT,2025-08-31,-0.016029540449380875,-0.010948771610856056,-9.3801296316087246e-05,0.01052599772810936,0.015412709675729275
ISRATIOx,2023-09-30,-0.020858576521277428,-0.01542891189455986,-0.0012982519110664725,0.012815340422093868,0.018069600686430931
ISRATIOx,2023-10-31,-0.018529724329710007,-0.01294220145791769,0.0021815854124724865,0.017465224489569664,0.023064756765961647
ISRATIOx,2023-11-30,-0.02481500618159771,-0.01879476010799408,-0.0026305173523724079,0.013665853068232536,0.019427908584475517
ISRATIOx,2023-12-31,-0.0220810417085886,-0.016059920191764832,0.00099300139117985964,0.017793241888284683,0.023890543729066849
ISRATIOx,2024-01-31,-0.024103652685880661,-0.017303071916103363,0.0013127845013514161,0.019847352057695389,0.026467492803931236
ISRATIOx,2024-02-29,-0.027864860370755196,-0.020982196554541588,-0.001735909259878099,0.01701001264154911,0.023595081642270088
ISRATIOx,2024-03-31,-0.026477888226509094,-0.019811583682894707,-0.0012625398812815547,0.017216615378856659,0.023706445470452309
ISRATIOx,2024-04-30,-0.025095079094171524,-0.018309259787201881,0.00056744168978184462,0.018739378079771996,0.025206422433257103
ISRATIOx,2024-05-31,-0.026682445779442787,-0.020067846402525902,-0.0016423891065642238,0.016285648569464684,0.022784462198615074
ISRATIOx,2024-06-30,-0.025469601154327393,-0.018706278875470161,-0.00032821609056554735,0.017712930217385292,0.024505199864506721
ISRATIOx,2024-07-31,-0.024792836979031563,-0.018286973237991333,-0.00031667493749409914,0.017191050574183464,0.023704422637820244
ISRATIOx,2024-08-31,-0.025186832994222641,-0.018602849915623665,-0.00043808750342577696,0.017164049670100212,0.023370560258626938
ISRATIOx,2024-09-30,-0.026565777137875557,-0.0194524135440588,-0.0001227217580890283,0.017701704055070877,0.023891398683190346
ISRATIOx,2024-10-31,-0.02617838978767395,-0.019115475937724113,2.563043381087482e-06,0.017769679427146912,0.023829028010368347
ISRATIOx,2024-11-30,-0.026898227632045746,-0.019863113760948181,-0.00070067169144749641,0.017541250213980675,0.024032820016145706
ISRATIOx,2024-12-31,-0.02681545726954937,-0.019789105281233788,-0.00037143303779885173,0.017931012436747551,0.02426915243268013
ISRATIOx,2025-01-31,-0.027660708874464035,-0.01984093151986599,0.00028099815244786441,0.019251361489295959,0.025989023968577385
ISRATIOx,2025-02-28,-0.027102280408143997,-0.019437992945313454,0.0002528464247006923,0.018890699371695518,0.025506846606731415
ISRATIOx,2025-03-31,-0.026362301781773567,-0.018839869648218155,0.00035710327210836112,0.018390646204352379,0.024881923571228981
ISRATIOx,2025-04-30,-0.026673706248402596,-0.019006120041012764,0.00026635435642674565,0.018301952630281448,0.024910001084208488
ISRATIOx,2025-05-31,-0.026517881080508232,-0.0189773328602314,0.00024035735987126827,0.018668854609131813,0.025600748136639595
ISRATIOx,2025-06-30,-0.025865893810987473,-0.018614970147609711,0.00037631424493156374,0.018168864771723747,0.024702241644263268
ISRATIOx,2025-07-31,-0.025287492200732231,-0.018004195764660835,0.00041464800597168505,0.017770379781723022,0.024206111207604408
ISRATIOx,2025-08-31,-0.025703990831971169,-0.018310818821191788,0.00042223118362016976,0.018086640164256096,0.024721216410398483
M1SL,2023-09-30,-0.01384260319173336,-0.0091936392709612846,-0.0010323927272111177,0.0069514834322035313,0.010535180568695068
M1SL,2023-10-31,-0.010933104902505875,-0.0063348477706313133,0.0013345627812668681,0.0098145809024572372,0.014107735827565193
M1SL,2023-11-30,-0.015541952103376389,-0.010066024959087372,-0.00059707998298108578,0.0078606847673654556,0.011660791002213955
M1SL,2023-12-31,-0.017862655222415924,-0.011951894499361515,-0.00091703596990555525,0.008486584760248661,0.012555496767163277
M1SL,2024-01-31,-0.018595075234770775,-0.012060733512043953,0.00020018633222207427,0.011668914929032326,0.016416799277067184
M1SL,2024-02-29,-0.021868385374546051,-0.015034119598567486,-0.00086960953194648027,0.011589862406253815,0.01661829836666584
M1SL,2024-03-31,-0.020287677645683289,-0.013215957209467888,0.00020122512069065124,0.011966396123170853,0.017054243013262749
M1SL,2024-04-30,-0.020790340378880501,-0.013715912587940693,-0.00018212859868071973,0.012132362462580204,0.01720927469432354
M1SL,2024-05-31,-0.022197550162672997,-0.014954255893826485,-0.00050323450705036521,0.012286598794162273,0.017708724364638329
M1SL,2024-06-30,-0.01975720003247261,-0.012960433028638363,8.0952668213285506e-05,0.011780763976275921,0.016896484419703484
M1SL,2024-07-31,-0.020574428141117096,-0.013529638759791851,-3.1856507121119648e-07,0.011329646222293377,0.016532069072127342
M1SL,2024-08-31,-0.022464031353592873,-0.015211655758321285,-0.00016663913265801966,0.012896724976599216,0.018454879522323608
M1SL,2024-09-30,-0.022770078852772713,-0.015652280300855637,-0.00017148369806818664,0.013708691112697124,0.019411813467741013
M1SL,2024-10-31,-0.021679336205124855,-0.014611242339015007,-0.00021528280922211707,0.013049235567450523,0.018660685047507286
M1SL,2024-11-30,-0.020722942426800728,-0.014035913161933422,-0.00057206867495551705,0.012133552692830563,0.017582414671778679
M1SL,2024-12-31,-0.021700937300920486,-0.014630989171564579,-0.00028112251311540604,0.01284311804920435,0.018478309735655785
M1SL,2025-01-31,-0.02160537987947464,-0.013838222250342369,-0.00040050595998764038,0.012592853978276253,0.019194072112441063
M1SL,2025-02-28,-0.020354194566607475,-0.012905044481158257,-0.00047679536510258913,0.01168316975235939,0.018490111455321312
M1SL,2025-03-31,-0.019463976845145226,-0.012123613618314266,-0.00023524572316091508,0.010977298021316528,0.01721532829105854
M1SL,2025-04-30,-0.02137535996735096,-0.013709395192563534,-0.00063241546740755439,0.011903037317097187,0.018711842596530914
M1SL,2025-05-31,-0.023195888847112656,-0.015095323324203491,-0.00066206551855430007,0.012529152445495129,0.019629266113042831
M1SL,2025-06-30,-0.021385170519351959,-0.013595743104815483,-0.00021204246149864048,0.012097063474357128,0.019084660336375237
M1SL,2025-07-31,-0.019899781793355942,-0.012530590407550335,-0.00023127763415686786,0.011569316498935223,0.018321670591831207
M1SL,2025-08-31,-0.021138546988368034,-0.013474312610924244,-0.00057074782671406865,0.011540692299604416,0.018343705683946609
M2REAL,2023-09-30,-0.0088304532691836357,-0.0074891448020935059,-0.0031448663212358952,0.00099671899806708097,0.0024889155756682158
M2REAL,2023-10-31,-0.0077979331836104393,-0.0062866257503628731,-0.0014087995514273643,0.0035384758375585079,0.0052774250507354736
M2REAL,2023-11-30,-0.0084853740409016609,-0.0068091535940766335,-0.0014535784721374512,0.0039623100310564041,0.0058723627589643002
M2REAL,2023-12-31,-0.0088928192853927612,-0.007059883326292038,-0.0015805675648152828,0.0039348974823951721,0.0058568641543388367
M2REAL,2024-01-31,-0.0090898424386978149,-0.0072843348607420921,-0.0016156518831849098,0.0041247825138270855,0.0061019323766231537
M2REAL,2024-02-29,-0.0092147747054696083,-0.007413230836391449,-0.0016708206385374069,0.0042930599302053452,0.006439609918743372
M2REAL,2024-03-31,-0.0093745868653059006,-0.0074803140014410019,-0.0013028758112341166,0.0049064895138144493,0.0071336682885885239
M2REAL,2024-04-30,-0.0093290107324719429,-0.0074816560372710228,-0.0013896171003580093,0.0049598687328398228,0.00720965676009655
M2REAL,2024-05-31,-0.0094091668725013733,-0.0075312331318855286,-0.0012893863022327423,0.0051120603457093239,0.0073955859988927841
M2REAL,2024-06-30,-0.0096138939261436462,-0.0076164044439792633,-0.0013420023024082184,0.0050622904673218727,0.0073615163564682007
M2REAL,2024-07-31,-0.0095308786258101463,-0.0076177641749382019,-0.0012802015990018845,0.0051234974525868893,0.0074631706811487675
M2REAL,2024-08-31,-0.0094788940623402596,-0.0075025260448455811,-0.0010160799138247967,0.0054266089573502541,0.0077434093691408634
M2REAL,2024-09-30,-0.0094490572810173035,-0.007367325946688652,-0.0008922212291508913,0.0055235880427062511,0.0079034119844436646
M2REAL,2024-10-31,-0.0096046142280101776,-0.0075411489233374596,-0.00098222936503589153,0.0055446214973926544,0.0078760767355561256
M2REAL,2024-11-30,-0.0099113518372178078,-0.0077844709157943726,-0.0011621024459600449,0.0054831048473715782,0.0079891756176948547
M2REAL,2024-12-31,-0.010242555290460587,-0.0080342488363385201,-0.0011867443099617958,0.0055885105393826962,0.0080974726006388664
M2REAL,2025-01-31,-0.010271050967276096,-0.0079216985031962395,-0.00078561482951045036,0.0061050709336996078,0.0086269471794366837
M2REAL,2025-02-28,-0.010301713831722736,-0.0079463711008429527,-0.0008057192899286747,0.0059981411322951317,0.0084890956059098244
M2REAL,2025-03-31,-0.010447275824844837,-0.0079709133133292198,-0.00076542212627828121,0.005972057580947876,0.0084477812051773071
M2REAL,2025-04-30,-0.010319586843252182,-0.0078520337119698524,-0.00081474101170897484,0.0061131594702601433,0.0086975283920764923
M2REAL,2025-05-31,-0.010286644101142883,-0.0077818753197789192,-0.00067323376424610615,0.0062542278319597244,0.0088853398337960243
M2REAL,2025-06-30,-0.010244579985737801,-0.0077567845582962036,-0.00067084981128573418,0.0063081560656428337,0.0089230276644229889
M2REAL,2025-07-31,-0.010462152771651745,-0.0079079829156398773,-0.00058524543419480324,0.006366165354847908,0.0089989658445119858
M2REAL,2025-08-31,-0.010250034742057323,-0.007809995673596859,-0.00059781572781503201,0.0065342020243406296,0.009244648739695549
M2SL,2023-09-30,-0.0037464664783328772,-0.0022645224817097187,0.0010574465850368142,0.0046276934444904327,0.0061675827018916607
M2SL,2023-10-31,-0.0040579675696790218,-0.0024963892064988613,0.0010544954566285014,0.0048130503855645657,0.0064116218127310276
M2SL,2023-11-30,-0.0071238144300878048,-0.0052020139992237091,-0.001093002618290484,0.002832039026543498,0.0044641643762588501
M2SL,2023-12-31,-0.0056766397319734097,-0.0038637213874608278,0.00025550322607159615,0.0042683887295424938,0.0059646014124155045
M2SL,2024-01-31,-0.0065548913553357124,-0.0045778267085552216,-0.00020076040527783334,0.0041898307390511036,0.0060368855483829975
M2SL,2024-02-29,-0.0064973020926117897,-0.0045018540695309639,8.676484867464751e-06,0.0043134945444762707,0.0060904347337782383
M2SL,2024-03-31,-0.006039175670593977,-0.0040627466514706612,0.00030568893998861313,0.0045951087959110737,0.0063742464408278465
M2SL,2024-04-30,-0.0069746780209243298,-0.0049014855176210403,-0.00039004554855637252,0.004096567165106535,0.0059466767124831676
M2SL,2024-05-31,-0.0066573950462043285,-0.0045192777179181576,0.00013069501437712461,0.0046494263224303722,0.0064758625812828541
M2SL,2024-06-30,-0.0067318351939320564,-0.0045459028333425522,0.00011914594506379217,0.0044496087357401848,0.0062280385755002499
M2SL,2024-07-31,-0.0066431420855224133,-0.0045223920606076717,1.3499231499736197e-05,0.0042746923863887787,0.0060366801917552948
M2SL,2024-08-31,-0.0066599114798009396,-0.0045821061357855797,-2.5147597625618801e-05,0.0042688874527812004,0.0059789074584841728
M2SL,2024-09-30,-0.0068414667621254921,-0.0046496903523802757,9.1115070972591639e-05,0.0044053997844457626,0.0061358758248388767
M2SL,2024-10-31,-0.006851153913885355,-0.0046572843566536903,4.4360866013448685e-05,0.0044304407201707363,0.0061931563541293144
M2SL,2024-11-30,-0.0068302867002785206,-0.0046146055683493614,5.7017598010133952e-05,0.0043442030437290668,0.0060955635271966457
M2SL,2024-12-31,-0.0067983362823724747,-0.0046341037377715111,7.5187657785136253e-05,0.0045135603286325932,0.0063083013519644737
M2SL,2025-01-31,-0.0073443008586764336,-0.0049161175265908241,2.0289973690523766e-05,0.0047522955574095249,0.0068329069763422012
M2SL,2025-02-28,-0.0071611292660236359,-0.0047930092550814152,2.1627449314109981e-05,0.0045709498226642609,0.0065844529308378696
M2SL,2025-03-31,-0.0068776593543589115,-0.004584199283272028,4.2031126213259995e-05,0.0043946900404989719,0.0063524688594043255
M2SL,2025-04-30,-0.0070683099329471588,-0.0046889097429811954,3.8548692828044295e-05,0.0045286025851964951,0.0065443082712590694
M2SL,2025-05-31,-0.0072344131767749786,-0.0048294784501194954,6.0254293202888221e-05,0.004818253219127655,0.0069570452906191349
M2SL,2025-06-30,-0.0073392791673541069,-0.0049407444894313812,3.5090579331154004e-05,0.0047585093416273594,0.0068443440832197666
M2SL,2025-07-31,-0.0069753038696944714,-0.0046574641019105911,9.0132321929559112e-05,0.0046431547962129116,0.0066697378642857075
M2SL,2025-08-31,-0.0071703572757542133,-0.0047918874770402908,8.6116728198248893e-05,0.0047404970973730087,0.0068253669887781143
MANEMP,2023-09-30,-0.0025185351260006428,-0.0018554913112893701,-0.00037372187944129109,0.0010694235097616911,0.0015930533409118652
MANEMP,2023-10-31,-0.0025605112314224243,-0.0018156294245272875,-0.00018089864170178771,0.0013589230366051197,0.0019299767445772886
MANEMP,2023-11-30,-0.0028544710949063301,-0.0020505918655544519,-0.00023814965970814228,0.0014539547264575958,0.0020579132251441479
MANEMP,2023-12-31,-0.0030666303355246782,-0.0021980074234306812,-0.00016345171025022864,0.0017102179117500782,0.002394738607108593
MANEMP,2024-01-31,-0.0033650146797299385,-0.0023983102291822433,-0.00017918396042659879,0.0018449744675308466,0.0025362970773130655
MANEMP,2024-02-29,-0.0034824346657842398,-0.0024684742093086243,-4.5624386984854937e-05,0.0020600988063961267,0.0028157648630440235
MANEMP,2024-03-31,-0.0038772837724536657,-0.002743512624874711,-0.00017440575174987316,0.0021072784438729286,0.0028987848199903965
MANEMP,2024-04-30,-0.0039783059619367123,-0.002819206565618515,-6.7713670432567596e-05,0.002379589481279254,0.0032095068600028753
MANEMP,2024-05-31,-0.0039892755448818207,-0.0028142272494733334,-5.4309552069753408e-05,0.0023282782640308142,0.0031399128492921591
MANEMP,2024-06-30,-0.0040729879401624203,-0.0028773974627256393,-4.4387939851731062e-05,0.0024693475570529699,0.0033702768851071596
MANEMP,2024-07-31,-0.0042309118434786797,-0.0029801495838910341,-4.6868342906236649e-05,0.002516445703804493,0.0034273967612534761
MANEMP,2024-08-31,-0.0043654767796397209,-0.003046918660402298,-4.9586582463234663e-05,0.0024665857199579477,0.0033131490927189589
MANEMP,2024-09-30,-0.0044380882754921913,-0.0030707947444170713,-3.828597255051136e-05,0.0025513805449008942,0.003414427163079381
MANEMP,2024-10-31,-0.0044269412755966187,-0.0030097826384007931,2.3924396373331547e-05,0.0025718698743730783,0.0033907031174749136
MANEMP,2024-11-30,-0.0045735258609056473,-0.0031344045419245958,9.170448174700141e-05,0.0027338038198649883,0.0036486105527728796
MANEMP,2024-12-31,-0.0046859495341777802,-0.0032325983047485352,-4.8256479203701019e-05,0.0026032030582427979,0.0034812737721949816
MANEMP,2025-01-31,-0.0050120828673243523,-0.0033355657942593098,0.00020745402434840798,0.0031241413671523333,0.0041551524773240089
MANEMP,2025-02-28,-0.0048922114074230194,-0.0032403559889644384,0.00023880042135715485,0.0031208221334964037,0.0041212234646081924
MANEMP,2025-03-31,-0.0048426082357764244,-0.0031934881117194891,0.00026840309146791697,0.0031272140331566334,0.0041196625679731369
MANEMP,2025-04-30,-0.004656168632209301,-0.0030554179102182388,0.00030563573818653822,0.0031266766600310802,0.004158390685915947
MANEMP,2025-05-31,-0.0047824382781982422,-0.0031302871648222208,0.00025782326702028513,0.0032146864105015993,0.0042935088276863098
MANEMP,2025-06-30,-0.0045923385769128799,-0.0030105430632829666,0.00032858387567102909,0.0031858694273978472,0.0042441859841346741
MANEMP,2025-07-31,-0.0046706153079867363,-0.003033047541975975,0.00035584671422839165,0.0032147739548236132,0.0042698634788393974
MANEMP,2025-08-31,-0.0048817405477166176,-0.0031978667248040438,0.00031603779643774033,0.003315511392429471,0.0044061634689569473
NDMANEMP,2023-09-30,-0.0040261889807879925,-0.0033751246519386768,-0.0016559157520532608,-2.5529181584715843e-05,0.00051837018691003323
NDMANEMP,2023-10-31,-0.0039083766750991344,-0.0031724211294203997,-0.0011812788434326649,0.00064584054052829742,0.001268796855583787
NDMANEMP,2023-11-30,-0.0039327945560216904,-0.0031916869338601828,-0.0011699971510097384,0.00076751061715185642,0.0013980837538838387
NDMANEMP,2023-12-31,-0.0042526810429990292,-0.0035029666032642126,-0.0014179449062794447,0.00054613640531897545,0.0011719595640897751
NDMANEMP,2024-01-31,-0.0040488904342055321,-0.0032650330103933811,-0.0010054981103166938,0.0011306867236271501,0.0017973389476537704
NDMANEMP,2024-02-29,-0.0041533182375133038,-0.00335082714445889,-0.00097805785480886698,0.0012716751080006361,0.0020044236443936825
NDMANEMP,2024-03-31,-0.0042911088094115257,-0.0034149324055761099,-0.00096542749088257551,0.0013607698492705822,0.0021091287489980459
NDMANEMP,2024-04-30,-0.0045915171504020691,-0.0036718563642352819,-0.0011061058612540364,0.0013316003605723381,0.0020928520243614912
NDMANEMP,2024-05-31,-0.0043533314019441605,-0.0034369200002402067,-0.00082846853183582425,0.0015616021119058132,0.0023225252516567707
NDMANEMP,2024-06-30,-0.0045411353930830956,-0.0035821134224534035,-0.00087013660231605172,0.0016478542238473892,0.0024531390517950058
NDMANEMP,2024-07-31,-0.0044911345466971397,-0.0035453909076750278,-0.00082586775533854961,0.001680182758718729,0.0025008663069456816
NDMANEMP,2024-08-31,-0.0045931241475045681,-0.0036270162090659142,-0.00086298462701961398,0.0016257092356681824,0.0024079561699181795
NDMANEMP,2024-09-30,-0.0047753769904375076,-0.0037532704882323742,-0.00082359201041981578,0.001757520716637373,0.0025680712424218655
NDMANEMP,2024-10-31,-0.0047121988609433174,-0.0036479579284787178,-0.0007086722762323916,0.0018387401942163706,0.002618119353428483
NDMANEMP,2024-11-30,-0.0046507427468895912,-0.0036254916340112686,-0.00071436545113101602,0.0019521191716194153,0.0028186903800815344
NDMANEMP,2024-12-31,-0.0047258706763386726,-0.0037027252838015556,-0.00078120466787368059,0.0018672121223062277,0.0026838134508579969
NDMANEMP,2025-01-31,-0.0051137907430529594,-0.0038764378987252712,-0.00059140246594324708,0.0023360240738838911,0.0032648241613060236
NDMANEMP,2025-02-28,-0.005008108913898468,-0.0038025854155421257,-0.00058292003814131021,0.0023148572072386742,0.0032203590963035822
NDMANEMP,2025-03-31,-0.0049189068377017975,-0.0037194050382822752,-0.00052841746946796775,0.0022858062293380499,0.0031649607699364424
NDMANEMP,2025-04-30,-0.0049359947443008423,-0.0037427563220262527,-0.00059034163132309914,0.0022702564019709826,0.0031924999784678221
NDMANEMP,2025-05-31,-0.0050815436989068985,-0.0038304014597088099,-0.00057801185175776482,0.002324400469660759,0.0032712526153773069
NDMANEMP,2025-06-30,-0.0048924386501312256,-0.0037127484101802111,-0.00054080429254099727,0.0023402753286063671,0.0032784540671855211
NDMANEMP,2025-07-31,-0.004941033199429512,-0.0037170774303376675,-0.00051761657232418656,0.0023725146893411875,0.003309841500595212
NDMANEMP,2025-08-31,-0.0051172384992241859,-0.0038579199463129044,-0.00055352738127112389,0.002484920434653759,0.0034758232068270445
NONBORRES,2023-09-30,-0.070980720221996307,-0.049737825989723206,-0.014168696478009224,0.025247849524021149,0.040399372577667236
NONBORRES,2023-10-31,-0.06730574369430542,-0.04572334885597229,-0.006520481314510107,0.028942801058292389,0.041914146393537521
NONBORRES,2023-11-30,-0.061430484056472778,-0.038351953029632568,0.0017610992072150111,0.040671240538358688,0.055721834301948547
NONBORRES,2023-12-31,-0.063561007380485535,-0.042358260601758957,-0.0029521016404032707,0.037226680666208267,0.051208961755037308
NONBORRES,2024-01-31,-0.076387166976928711,-0.052585035562515259,-0.0086768902838230133,0.029932303354144096,0.041996948421001434
NONBORRES,2024-02-29,-0.079076096415519714,-0.052690695971250534,-0.0018127757357433438,0.036966573446989059,0.052287932485342026
NONBORRES,2024-03-31,-0.072238877415657043,-0.045845739543437958,2.5481256670900621e-05,0.044978097081184387,0.061009831726551056
NONBORRES,2024-04-30,-0.074409894645214081,-0.046873793005943298,0.0004145887796767056,0.039906591176986694,0.054637819528579712
NONBORRES,2024-05-31,-0.087888382375240326,-0.058681726455688477,-0.0062333843670785427,0.036969438195228577,0.053063869476318359
NONBORRES,2024-06-30,-0.075606420636177063,-0.050426959991455078,-0.003817716846242547,0.036340687423944473,0.052039243280887604
NONBORRES,2024-07-31,-0.073067210614681244,-0.046706225723028183,0.00095777231035754085,0.042889915406703949,0.057558462023735046
NONBORRES,2024-08-31,-0.066712334752082825,-0.041587933897972107,0.0016460948390886188,0.041514832526445389,0.053372249007225037
NONBORRES,2024-09-30,-0.077471472322940826,-0.052171159535646439,-0.0080843716859817505,0.032302085310220718,0.049952145665884018
NONBORRES,2024-10-31,-0.083008751273155212,-0.055264793336391449,-0.0038478130009025335,0.036969598382711411,0.052179358899593353
NONBORRES,2024-11-30,-0.068346098065376282,-0.042428914457559586,0.003677380969747901,0.043290331959724426,0.058051496744155884
NONBORRES,2024-12-31,-0.071352072060108185,-0.043598096817731857,0.0038985260762274265,0.04161926731467247,0.058691389858722687
NONBORRES,2025-01-31,-0.090806253254413605,-0.062450867146253586,-0.013578588142991066,0.030960297212004662,0.048702295869588852
NONBORRES,2025-02-28,-0.088899239897727966,-0.060038186609745026,-0.0054773599840700626,0.034836955368518829,0.051906246691942215
NONBORRES,2025-03-31,-0.063826903700828552,-0.040227122604846954,-0.00020666929776780307,0.04261375218629837,0.059522923082113266
NONBORRES,2025-04-30,-0.068322494626045227,-0.046012993901968002,-0.0023354203440248966,0.040815714746713638,0.056597992777824402
NONBORRES,2025-05-31,-0.07306990772485733,-0.049594316631555557,-0.0070968549698591232,0.031797643750905991,0.044275544583797455
NONBORRES,2025-06-30,-0.06986517459154129,-0.043468981981277466,0.0021373929921537638,0.040415447205305099,0.056221082806587219
NONBORRES,2025-07-31,-0.067931279540061951,-0.042044509202241898,0.00071863440098240972,0.039099451154470444,0.05355406180024147
NONBORRES,2025-08-31,-0.07307906448841095,-0.045721635222434998,0.00046465525520034134,0.037927068769931793,0.051173355430364609
NONREVSL,2023-09-30,-0.0039354059845209122,-0.0020154700614511967,0.0014514090726152062,0.0054438910447061062,0.0079427370801568031
NONREVSL,2023-10-31,-0.0067967982031404972,-0.0043500442989170551,3.6988698411732912e-05,0.0039954320527613163,0.0063865589909255505
NONREVSL,2023-11-30,-0.0061709759756922722,-0.003877314506098628,0.00021246817777864635,0.0042751352302730083,0.0066556548699736595
NONREVSL,2023-12-31,-0.0079630464315414429,-0.0052063902840018272,-0.00020023479009978473,0.0045175333507359028,0.0072015551850199699
NONREVSL,2024-01-31,-0.0081423753872513771,-0.0052472148090600967,-2.5346540496684611e-05,0.0050004790537059307,0.0078656300902366638
NONREVSL,2024-02-29,-0.0082357395440340042,-0.0054167932830750942,-4.9934835260501131e-05,0.0052704233676195145,0.008357795886695385
NONREVSL,2024-03-31,-0.0077439821325242519,-0.0049934401176869869,1.7308684618910775e-05,0.004663524217903614,0.0074020544998347759
NONREVSL,2024-04-30,-0.0072620478458702564,-0.0046850508078932762,-7.0670954301021993e-05,0.0042382986284792423,0.0066924495622515678
NONREVSL,2024-05-31,-0.0067865266464650631,-0.0043504089117050171,3.9529048081021756e-05,0.0040611210279166698,0.0065514347516000271
NONREVSL,2024-06-30,-0.0068992525339126587,-0.0043973382562398911,2.9403745429590344e-05,0.0041838767938315868,0.0066523477435112
NONREVSL,2024-07-31,-0.0071569052524864674,-0.0045745139941573143,7.5439558713696897e-05,0.0041422601789236069,0.0066378982737660408
NONREVSL,2024-08-31,-0.0074644670821726322,-0.0048016011714935303,-7.1471949922852218e-06,0.0045499121770262718,0.0071808020584285259
NONREVSL,2024-09-30,-0.0076962225139141083,-0.0049967197701334953,-2.1175599613343365e-05,0.0046211760491132736,0.0073476820252835751
NONREVSL,2024-10-31,-0.0082512330263853073,-0.0053604012355208397,-7.8635828685946763e-05,0.0047275531105697155,0.0074485992081463337
NONREVSL,2024-11-30,-0.0076734628528356552,-0.0049802935682237148,-9.9905206297989935e-05,0.0044236211106181145,0.0071109775453805923
NONREVSL,2024-12-31,-0.0078100520186126232,-0.0050443937070667744,-2.2831269234302454e-05,0.0047102589160203934,0.0074388300999999046
NONREVSL,2025-01-31,-0.01246937457472086,-0.0076063894666731358,-8.4192113718017936e-05,0.0066977669484913349,0.011184911243617535
NONREVSL,2025-02-28,-0.010030719451606274,-0.0061507886275649071,-7.726459443802014e-05,0.0054891221225261688,0.0093593085184693336
NONREVSL,2025-03-31,-0.007832053117454052,-0.0048571713268756866,2.7290607249597088e-05,0.0044726752676069736,0.0074516166932880878
NONREVSL,2025-04-30,-0.008433113805949688,-0.0053050247952342033,-8.4905848780181259e-05,0.0047712409868836403,0.0079998131841421127
NONREVSL,2025-05-31,-0.0091038299724459648,-0.0056083197705447674,-8.1464037066325545e-05,0.004918533843010664,0.0083419531583786011
NONREVSL,2025-06-30,-0.0093623390421271324,-0.0057809497229754925,9.9091193987987936e-06,0.0053183874115347862,0.0090770768001675606
NONREVSL,2025-07-31,-0.010733748786151409,-0.0065877735614776611,5.589061402133666e-06,0.0057243984192609787,0.0096559217199683189
NONREVSL,2025-08-31,-0.011808469891548157,-0.0071987840346992016,-8.0734214861877263e-05,0.0058139762841165066,0.0096994740888476372
OILPRICEx,2023-09-30,-0.17968028783798218,-0.14027205109596252,-0.022139851003885269,0.095395632088184357,0.13710345327854156
OILPRICEx,2023-10-31,-0.17309392988681793,-0.13030862808227539,-0.0017539574764668941,0.12921914458274841,0.17302045226097107
OILPRICEx,2023-11-30,-0.17902876436710358,-0.13499270379543304,-0.001521244877949357,0.13413099944591522,0.17838981747627258
OILPRICEx,2023-12-31,-0.18031027913093567,-0.13776843249797821,-0.0034009097144007683,0.1339644193649292,0.1793491393327713
OILPRICEx,2024-01-31,-0.18007363379001617,-0.13593144714832306,-0.0016249446198344231,0.13551922142505646,0.18043309450149536
OILPRICEx,2024-02-29,-0.18172197043895721,-0.13674560189247131,0.00090429099509492517,0.13781410455703735,0.18291065096855164
OILPRICEx,2024-03-31,-0.18517129123210907,-0.1395600438117981,-0.00084982294356450438,0.13869941234588623,0.18506714701652527
OILPRICEx,2024-04-30,-0.18704912066459656,-0.14192092418670654,-0.0022908931132405996,0.1388859897851944,0.185548335313797
OILPRICEx,2024-05-31,-0.18547984957695007,-0.13999795913696289,-0.0024846114683896303,0.1395423412322998,0.18613888323307037
OILPRICEx,2024-06-30,-0.18364430963993073,-0.13902892172336578,-0.00067200721241533756,0.13923925161361694,0.18443915247917175
OILPRICEx,2024-07-31,-0.18316477537155151,-0.13807228207588196,-0.0010585305280983448,0.13588294386863708,0.17906098067760468
OILPRICEx,2024-08-31,-0.17827528715133667,-0.13510850071907043,-0.0004703496815636754,0.13413196802139282,0.17767249047756195
OILPRICEx,2024-09-30,-0.17773890495300293,-0.13349120318889618,0.0003979144967161119,0.13201034069061279,0.17397291958332062
OILPRICEx,2024-10-31,-0.17746764421463013,-0.13360247015953064,-0.0007080857758410275,0.13123205304145813,0.17259770631790161
OILPRICEx,2024-11-30,-0.17860767245292664,-0.13505613803863525,-0.00093568331794813275,0.13222837448120117,0.17535956203937531
OILPRICEx,2024-12-31,-0.17848782241344452,-0.13369959592819214,0.0005719802575185895,0.13562431931495667,0.18031652271747589
OILPRICEx,2025-01-31,-0.19137279689311981,-0.14440056681632996,-0.0021363517735153437,0.14191514253616333,0.1917073130607605
OILPRICEx,2025-02-28,-0.19187460839748383,-0.14430201053619385,-0.0025159877259284258,0.1425667405128479,0.19333562254905701
OILPRICEx,2025-03-31,-0.18804943561553955,-0.14144705235958099,-0.0022272681817412376,0.13954241573810577,0.18929171562194824
OILPRICEx,2025-04-30,-0.18434689939022064,-0.13946883380413055,-0.0027660662308335304,0.13787953555583954,0.18788723647594452
OILPRICEx,2025-05-31,-0.18311281502246857,-0.13749423623085022,-0.0024353864137083292,0.13716210424900055,0.18664781749248505
OILPRICEx,2025-06-30,-0.18111665546894073,-0.13567410409450531,-0.0015479903668165207,0.13385088741779327,0.18223942816257477
OILPRICEx,2025-07-31,-0.17910239100456238,-0.13428622484207153,-0.001767932903021574,0.13168151676654816,0.17984655499458313
OILPRICEx,2025-08-31,-0.17618097364902496,-0.13243100047111511,-0.0022242353297770023,0.13030922412872314,0.17852582037448883
PAYEMS,2023-09-30,2.3873872123658657e-05,0.00039358041249215603,0.001206796383485198,0.0020355263259261847,0.002339440630748868
PAYEMS,2023-10-31,-0.00013072206638753414,0.00030587823130190372,0.0012268088757991791,0.0020844936370849609,0.0024428977631032467
PAYEMS,2023-11-30,-0.00026328826788812876,0.00022253976203501225,0.0012411944335326552,0.0021716293413192034,0.0025278376415371895
PAYEMS,2023-12-31,-0.00021858548279851675,0.00024097872665151954,0.0012750297319144011,0.0022661811672151089,0.0026264756452292204
PAYEMS,2024-01-31,-0.00039047026075422764,0.00012569868704304099,0.0012448604684323072,0.0023174192756414413,0.0027011544443666935
PAYEMS,2024-02-29,-0.00053988385479897261,2.0876294001936913e-05,0.0012990926625207067,0.002414412796497345,0.0028387559577822685
PAYEMS,2024-03-31,-0.0006331299664452672,-2.328772097826004e-05,0.0012995386496186256,0.0025122268125414848,0.0029650460928678513
PAYEMS,2024-04-30,-0.00081346253864467144,-0.0001707286573946476,0.0012868825579062104,0.0026324493810534477,0.0031152875162661076
PAYEMS,2024-05-31,-0.0008193806279450655,-0.00016108539421111345,0.0013332281960174441,0.0027092748787254095,0.0032429969869554043
PAYEMS,2024-06-30,-0.00088493258226662874,-0.00023837946355342865,0.0012556386645883322,0.0026010549627244473,0.0031012534163892269
PAYEMS,2024-07-31,-0.00098815362434834242,-0.00031504826620221138,0.0012187405955046415,0.0025225509889423847,0.0030431477352976799
PAYEMS,2024-08-31,-0.00095075240824371576,-0.00028539204504340887,0.0012431987561285496,0.0025683604180812836,0.0030720573849976063
PAYEMS,2024-09-30,-0.00091702619101852179,-0.00027775170747190714,0.0012720070080831647,0.0027414136566221714,0.0032830284908413887
PAYEMS,2024-10-31,-0.00091602338943630457,-0.00023230258375406265,0.0013005944201722741,0.0027682154905050993,0.0033021471463143826
PAYEMS,2024-11-30,-0.00094920757692307234,-0.00027269753627479076,0.0013249978655949235,0.0027811629697680473,0.0033268746919929981
PAYEMS,2024-12-31,-0.001120117143727839,-0.00038541737012565136,0.0012688700808212161,0.0027999244630336761,0.0033569149672985077
PAYEMS,2025-01-31,-0.0014769426779821515,-0.00059300626162439585,0.0013213211204856634,0.0030867336317896843,0.0037560872733592987
PAYEMS,2025-02-28,-0.0015149136306717992,-0.00058749609161168337,0.0013968122657388449,0.0031284620054066181,0.0038023046217858791
PAYEMS,2025-03-31,-0.0013991940068081021,-0.00049874803517013788,0.0014301303308457136,0.003108857199549675,0.0037503605708479881
PAYEMS,2025-04-30,-0.0013199873501434922,-0.00044512923341244459,0.0014430121518671513,0.0031671063043177128,0.0038513983599841595
PAYEMS,2025-05-31,-0.0014346361858770251,-0.00053059321362525225,0.0013873262796550989,0.0031478698365390301,0.0038207760080695152
PAYEMS,2025-06-30,-0.0013413158012554049,-0.00045790139120072126,0.0014260811731219292,0.0031667244620621204,0.0038739126175642014
PAYEMS,2025-07-31,-0.0013761288719251752,-0.00046020746231079102,0.0014132588403299451,0.003163226880133152,0.0038777012377977371
PAYEMS,2025-08-31,-0.0015053226379677653,-0.00057858461514115334,0.0013606547145172954,0.0031876792199909687,0.0038914377801120281
PCEPI,2023-09-30,0.00050643214490264654,0.0010373449185863137,0.0025534809101372957,0.0040808441117405891,0.0046268608421087265
PCEPI,2023-10-31,-9.3214679509401321e-05,0.00050804461352527142,0.0022548947017639875,0.0039868890307843685,0.0045887986198067665
PCEPI,2023-11-30,-0.00092541519552469254,-0.00027207215316593647,0.0016086776740849018,0.0034891532268375158,0.0041553834453225136
PCEPI,2023-12-31,-0.00074184266850352287,-8.339807391166687e-05,0.0018913210369646549,0.0038791375700384378,0.0045690704137086868
PCEPI,2024-01-31,-0.00037565967068076134,0.00032650877255946398,0.0024092984385788441,0.0045072594657540321,0.0052220523357391357
PCEPI,2024-02-29,-0.00058835558593273163,0.00012127100490033627,0.002301608445122838,0.0044928030110895634,0.0052321371622383595
PCEPI,2024-03-31,-0.0006733783520758152,4.9047172069549561e-05,0.0022299992851912975,0.0044227340258657932,0.0051702270284295082
PCEPI,2024-04-30,-0.00082266237586736679,-9.9103199318051338e-05,0.0021002374123781919,0.0043777702376246452,0.0051712892018258572
PCEPI,2024-05-31,-0.00087062781676650047,-0.00010163313709199429,0.0021713408641517162,0.0044674286618828773,0.005266028456389904
PCEPI,2024-06-30,-0.00080494070425629616,-7.439800538122654e-05,0.002202311996370554,0.0045336242765188217,0.0053552426397800446
PCEPI,2024-07-31,-0.00068161520175635815,9.7916694357991219e-05,0.0024077082052826881,0.0047111231833696365,0.005534791387617588
PCEPI,2024-08-31,-0.00087568303570151329,-0.00012604845687747002,0.0021789111196994781,0.0044752871617674828,0.005304812453687191
PCEPI,2024-09-30,-0.00096195423975586891,-0.00018063141033053398,0.0021638988982886076,0.004550248384475708,0.0054192701354622841
PCEPI,2024-10-31,-0.0009915502741932869,-0.00019005942158401012,0.0022053171414881945,0.0046166917309165001,0.0054886136204004288
PCEPI,2024-11-30,-0.00094032101333141327,-0.00015970505774021149,0.0022088245023041964,0.0046067498624324799,0.0054903225973248482
PCEPI,2024-12-31,-0.001058891648426652,-0.00024379533715546131,0.0021915959659963846,0.0046208472922444344,0.0055251186713576317
PCEPI,2025-01-31,-0.00075928471051156521,4.1785417124629021e-05,0.0024314834736287594,0.0050092414021492004,0.0059681329876184464
PCEPI,2025-02-28,-0.00089762639254331589,-9.4765098765492439e-05,0.0023132092319428921,0.0048969206400215626,0.0058650225400924683
PCEPI,2025-03-31,-0.00087023712694644928,-6.723497062921524e-05,0.0023129093460738659,0.0048467777669429779,0.0058072078973054886
PCEPI,2025-04-30,-0.00090546463616192341,-8.1117730587720871e-05,0.002343752421438694,0.0048777218908071518,0.0058357808738946915
PCEPI,2025-05-31,-0.00093365949578583241,-0.00012048892676830292,0.0022868027444928885,0.0048625767230987549,0.0058440603315830231
PCEPI,2025-06-30,-0.0010392044205218554,-0.00019747484475374222,0.0022703439462929964,0.0048699271865189075,0.0058595160953700542
PCEPI,2025-07-31,-0.0009330937173217535,-0.0001037518959492445,0.0023210309445858002,0.0048742825165390968,0.0058498606085777283
PCEPI,2025-08-31,-0.00088828639127314091,-8.6808577179908752e-05,0.0022979252971708775,0.0048754150047898293,0.0058719106018543243
PERMIT,2023-09-30,7.2619357109069824,7.2863898277282715,7.3423895835876465,7.3974809646606445,7.4173121452331543
PERMIT,2023-10-31,7.250246524810791,7.2788872718811035,7.3479948043823242,7.4136004447937012,7.4343042373657227
PERMIT,2023-11-30,7.2275733947753906,7.2618231773376465,7.3454813957214355,7.4196643829345703,7.4428057670593262
PERMIT,2023-12-31,7.2193241119384766,7.2549514770507812,7.3498797416687012,7.4347548484802246,7.4616637229919434
PERMIT,2024-01-31,7.2012972831726074,7.2426705360412598,7.3483805656433105,7.4514551162719727,7.483675479888916
PERMIT,2024-02-29,7.1923089027404785,7.2347540855407715,7.3492794036865234,7.4554181098937988,7.4883027076721191
PERMIT,2024-03-31,7.1737608909606934,7.2203845977783203,7.3481321334838867,7.4596443176269531,7.493678092956543
PERMIT,2024-04-30,7.1613249778747559,7.2109279632568359,7.3488006591796875,7.4699916839599609,7.5063567161560059
PERMIT,2024-05-31,7.1527261734008789,7.2042727470397949,7.3482389450073242,7.4767022132873535,7.5141782760620117
PERMIT,2024-06-30,7.1439075469970703,7.1969747543334961,7.3473553657531738,7.482734203338623,7.523747444152832
PERMIT,2024-07-31,7.1347990036010742,7.190946102142334,7.3450427055358887,7.4857311248779297,7.5279855728149414
PERMIT,2024-08-31,7.1242809295654297,7.1816501617431641,7.3447093963623047,7.4884090423583984,7.5296778678894043
PERMIT,2024-09-30,7.1182265281677246,7.1757688522338867,7.3457927703857422,7.4940261840820312,7.5372443199157715
PERMIT,2024-10-31,7.1177725791931152,7.1773109436035156,7.348259449005127,7.5034027099609375,7.5486960411071777
PERMIT,2024-11-30,7.1084446907043457,7.1703805923461914,7.3513340950012207,7.5062336921691895,7.5518426895141602
PERMIT,2024-12-31,7.1012587547302246,7.1652998924255371,7.3524045944213867,7.5154070854187012,7.5618896484375
PERMIT,2025-01-31,7.0748457908630371,7.1562647819519043,7.3632683753967285,7.5363965034484863,7.5895843505859375
PERMIT,2025-02-28,7.0755758285522461,7.1579351425170898,7.3640518188476562,7.537999153137207,7.593651294708252
PERMIT,2025-03-31,7.07080078125,7.1542305946350098,7.3611226081848145,7.5440301895141602,7.6008238792419434
PERMIT,2025-04-30,7.0687036514282227,7.1532297134399414,7.365196704864502,7.5452671051025391,7.6024503707885742
PERMIT,2025-05-31,7.0603046417236328,7.1483793258666992,7.3651437759399414,7.5528154373168945,7.6123952865600586
PERMIT,2025-06-30,7.0589251518249512,7.1476225852966309,7.3680596351623535,7.5548524856567383,7.6135821342468262
PERMIT,2025-07-31,7.054771900177002,7.1466021537780762,7.3693633079528809,7.5587224960327148,7.6183781623840332
PERMIT,2025-08-31,7.0496745109558105,7.143974781036377,7.372459888458252,7.5668587684631348,7.627528190612793
PERMITMW,2023-09-30,5.2248573303222656,5.2527928352355957,5.3387961387634277,5.424384593963623,5.4519729614257812
PERMITMW,2023-10-31,5.2024993896484375,5.2381868362426758,5.3444728851318359,5.4393525123596191,5.4715371131896973
PERMITMW,2023-11-30,5.1792516708374023,5.2196736335754395,5.3365802764892578,5.446113109588623,5.4811758995056152
PERMITMW,2023-12-31,5.1769819259643555,5.2170085906982422,5.342921257019043,5.4640016555786133,5.5018367767333984
PERMITMW,2024-01-31,5.149254322052002,5.1964902877807617,5.3428316116333008,5.4783186912536621,5.5193614959716797
PERMITMW,2024-02-29,5.154970645904541,5.199988842010498,5.3450002670288086,5.491431713104248,5.5374946594238281
PERMITMW,2024-03-31,5.1438465118408203,5.1923775672912598,5.3427081108093262,5.4959659576416016,5.5438671112060547
PERMITMW,2024-04-30,5.1292004585266113,5.1818380355834961,5.343651294708252,5.5042543411254883,5.5537257194519043
PERMITMW,2024-05-31,5.1250228881835938,5.1783690452575684,5.3418192863464355,5.5088224411010742,5.5621895790100098
PERMITMW,2024-06-30,5.1160316467285156,5.173093318939209,5.3404674530029297,5.5073518753051758,5.5587873458862305
PERMITMW,2024-07-31,5.1118526458740234,5.1681647300720215,5.3385710716247559,5.5084366798400879,5.5622329711914062
PERMITMW,2024-08-31,5.1048188209533691,5.1619834899902344,5.3414468765258789,5.5186595916748047,5.5747089385986328
PERMITMW,2024-09-30,5.0903468132019043,5.1518702507019043,5.3426237106323242,5.5279970169067383,5.5867972373962402
PERMITMW,2024-10-31,5.087437629699707,5.150968074798584,5.3427138328552246,5.5289983749389648,5.585899829864502
PERMITMW,2024-11-30,5.0772347450256348,5.1440548896789551,5.3426098823547363,5.5385322570800781,5.6006031036376953
PERMITMW,2024-12-31,5.0725078582763672,5.1379337310791016,5.3446445465087891,5.5462827682495117,5.6074051856994629
PERMITMW,2025-01-31,5.0536894798278809,5.1283988952636719,5.3552455902099609,5.5806641578674316,5.6527915000915527
PERMITMW,2025-02-28,5.0560526847839355,5.1306524276733398,5.3562264442443848,5.5745658874511719,5.6435432434082031
PERMITMW,2025-03-31,5.056908130645752,5.1319847106933594,5.3558769226074219,5.5724387168884277,5.6411967277526855
PERMITMW,2025-04-30,5.0525212287902832,5.1307306289672852,5.3576469421386719,5.5785942077636719,5.6501317024230957
PERMITMW,2025-05-31,5.0524120330810547,5.1315546035766602,5.3615274429321289,5.5822062492370605,5.6537022590637207
PERMITMW,2025-06-30,5.0569825172424316,5.1349506378173828,5.3649616241455078,5.5866384506225586,5.6602282524108887
PERMITMW,2025-07-31,5.0568728446960449,5.1368565559387207,5.3661723136901855,5.5919561386108398,5.6677737236022949
PERMITMW,2025-08-31,5.0480399131774902,5.1314935684204102,5.3709425926208496,5.6064653396606445,5.6849908828735352
PERMITNE,2023-09-30,4.7290010452270508,4.7923994064331055,4.9469056129455566,5.1025166511535645,5.162327766418457
PERMITNE,2023-10-31,4.7190256118774414,4.7883138656616211,4.9600071907043457,5.1219162940979004,5.1851205825805664
PERMITNE,2023-11-30,4.7031564712524414,4.7742013931274414,4.9518461227416992,5.1291656494140625,5.196662425994873
PERMITNE,2023-12-31,4.7042665481567383,4.7777137756347656,4.9717063903808594,5.1619305610656738,5.2337861061096191
PERMITNE,2024-01-31,4.6744852066040039,4.7536234855651855,4.9619503021240234,5.1685614585876465,5.2458286285400391
PERMITNE,2024-02-29,4.6799368858337402,4.7595195770263672,4.9700865745544434,5.1812224388122559,5.2606596946716309
PERMITNE,2024-03-31,4.6693382263183594,4.7524914741516113,4.9658675193786621,5.182746410369873,5.264892578125
PERMITNE,2024-04-30,4.6573405265808105,4.7450823783874512,4.9709105491638184,5.1988649368286133,5.2853860855102539
PERMITNE,2024-05-31,4.6510162353515625,4.7412166595458984,4.9716482162475586,5.1994895935058594,5.2848715782165527
PERMITNE,2024-06-30,4.6415057182312012,4.7355856895446777,4.9716372489929199,5.2055702209472656,5.2969093322753906
PERMITNE,2024-07-31,4.6389894485473633,4.7336130142211914,4.9691586494445801,5.2026348114013672,5.2940263748168945
PERMITNE,2024-08-31,4.6308660507202148,4.7231712341308594,4.9650783538818359,5.201805591583252,5.2918210029602051
PERMITNE,2024-09-30,4.6151447296142578,4.7121157646179199,4.9677019119262695,5.2139382362365723,5.3087921142578125
PERMITNE,2024-10-31,4.6141796112060547,4.7143287658691406,4.9707021713256836,5.2187461853027344,5.3134689331054688
PERMITNE,2024-11-30,4.6003241539001465,4.7059545516967773,4.9739136695861816,5.2262125015258789,5.3241586685180664
PERMITNE,2024-12-31,4.605553150177002,4.705604076385498,4.9777393341064453,5.2438745498657227,5.3449349403381348
PERMITNE,2025-01-31,4.5772418975830078,4.6867332458496094,4.9756407737731934,5.2588443756103516,5.3624873161315918
PERMITNE,2025-02-28,4.5779924392700195,4.6888017654418945,4.9785394668579102,5.2616143226623535,5.3648653030395508
PERMITNE,2025-03-31,4.5797581672668457,4.6901803016662598,4.9785070419311523,5.258784294128418,5.3626794815063477
PERMITNE,2025-04-30,4.5629634857177734,4.6815009117126465,4.9774537086486816,5.2627754211425781,5.3697528839111328
PERMITNE,2025-05-31,4.5683388710021973,4.6824541091918945,4.9777350425720215,5.2705879211425781,5.3836565017700195
PERMITNE,2025-06-30,4.569737434387207,4.6848177909851074,4.981074333190918,5.2691278457641602,5.3779797554016113
PERMITNE,2025-07-31,4.5676512718200684,4.6852436065673828,4.9807491302490234,5.2680144309997559,5.3779563903808594
PERMITNE,2025-08-31,4.5576777458190918,4.6790714263916016,4.9843220710754395,5.2810983657836914,5.3944368362426758
PERMITS,2023-09-30,6.6249575614929199,6.6503057479858398,6.7139878273010254,6.764411449432373,6.7809982299804688
PERMITS,2023-10-31,6.6131219863891602,6.6429734230041504,6.7162322998046875,6.7768821716308594,6.7970881462097168
PERMITS,2023-11-30,6.5973334312438965,6.6314220428466797,6.7162613868713379,6.7891707420349121,6.811802864074707
PERMITS,2023-12-31,6.5871458053588867,6.624763011932373,6.717341423034668,6.7977676391601562,6.8237729072570801
PERMITS,2024-01-31,6.5717272758483887,6.6127939224243164,6.714655876159668,6.8133654594421387,6.8454408645629883
PERMITS,2024-02-29,6.5662140846252441,6.6102085113525391,6.717839241027832,6.8180184364318848,6.850250244140625
PERMITS,2024-03-31,6.5466957092285156,6.5935959815979004,6.7170295715332031,6.8252596855163574,6.8597187995910645
PERMITS,2024-04-30,6.5356225967407227,6.5839715003967285,6.7159156799316406,6.8330292701721191,6.8694238662719727
PERMITS,2024-05-31,6.523594856262207,6.5754504203796387,6.714928150177002,6.8421306610107422,6.881284236907959
PERMITS,2024-06-30,6.5203828811645508,6.5730977058410645,6.7158298492431641,6.8454742431640625,6.8868875503540039
PERMITS,2024-07-31,6.507997989654541,6.5644793510437012,6.712702751159668,6.848602294921875,6.8916807174682617
PERMITS,2024-08-31,6.4994521141052246,6.553950309753418,6.7125759124755859,6.8532261848449707,6.896878719329834
PERMITS,2024-09-30,6.4856586456298828,6.5434713363647461,6.7142901420593262,6.8586077690124512,6.9041047096252441
PERMITS,2024-10-31,6.4881534576416016,6.5478143692016602,6.7137289047241211,6.8634648323059082,6.9115405082702637
PERMITS,2024-11-30,6.4748048782348633,6.5347099304199219,6.7144594192504883,6.8693504333496094,6.9172358512878418
PERMITS,2024-12-31,6.4647774696350098,6.5286808013916016,6.7174186706542969,6.8789949417114258,6.9296040534973145
PERMITS,2025-01-31,6.4322991371154785,6.5134496688842773,6.720367431640625,6.8938465118408203,6.9474773406982422
PERMITS,2025-02-28,6.4286899566650391,6.510200023651123,6.7209467887878418,6.8946323394775391,6.9526891708374023
PERMITS,2025-03-31,6.4244613647460938,6.5080127716064453,6.7224330902099609,6.8969159126281738,6.9549422264099121
PERMITS,2025-04-30,6.4208745956420898,6.5045933723449707,6.7201447486877441,6.9057092666625977,6.9659481048583984
PERMITS,2025-05-31,6.4112095832824707,6.4986796379089355,6.718235969543457,6.9097414016723633,6.972104549407959
PERMITS,2025-06-30,6.4130048751831055,6.4997801780700684,6.7222304344177246,6.9147405624389648,6.9766082763671875
PERMITS,2025-07-31,6.4073538780212402,6.4964838027954102,6.7236604690551758,6.9197278022766113,6.9840164184570312
PERMITS,2025-08-31,6.4008026123046875,6.491973876953125,6.726015567779541,6.9278545379638672,6.9931302070617676
PERMITW,2023-09-30,5.7447352409362793,5.777191162109375,5.8687973022460938,5.9630188941955566,5.9963359832763672
PERMITW,2023-10-31,5.7225480079650879,5.7631392478942871,5.8744215965270996,5.980201244354248,6.0151605606079102
PERMITW,2023-11-30,5.6973681449890137,5.7437715530395508,5.8704409599304199,5.989501953125,6.026240348815918
PERMITW,2023-12-31,5.682680606842041,5.7314081192016602,5.8766136169433594,6.0074596405029297,6.0498695373535156
PERMITW,2024-01-31,5.6560063362121582,5.7113685607910156,5.8699088096618652,6.0232868194580078,6.0704636573791504
PERMITW,2024-02-29,5.6380524635314941,5.6967473030090332,5.8722667694091797,6.0305633544921875,6.0797600746154785
PERMITW,2024-03-31,5.6216292381286621,5.6871218681335449,5.8757777214050293,6.0416121482849121,6.0917148590087891
PERMITW,2024-04-30,5.5984697341918945,5.6683950424194336,5.8701381683349609,6.0516729354858398,6.1062526702880859
PERMITW,2024-05-31,5.5971107482910156,5.6660957336425781,5.8711113929748535,6.0545415878295898,6.1084103584289551
PERMITW,2024-06-30,5.5797019004821777,5.6541218757629395,5.8722057342529297,6.0658574104309082,6.1253347396850586
PERMITW,2024-07-31,5.5780415534973145,5.6539707183837891,5.8730411529541016,6.0722875595092773,6.1306748390197754
PERMITW,2024-08-31,5.5674576759338379,5.6434769630432129,5.8678350448608398,6.0716433525085449,6.130645751953125
PERMITW,2024-09-30,5.54595947265625,5.6254801750183105,5.8663616180419922,6.0790014266967773,6.1416187286376953
PERMITW,2024-10-31,5.5457596778869629,5.6271047592163086,5.8707408905029297,6.0899081230163574,6.1549382209777832
PERMITW,2024-11-30,5.5388669967651367,5.6238288879394531,5.8761591911315918,6.094902515411377,6.1591124534606934
PERMITW,2024-12-31,5.5434298515319824,5.624605655670166,5.8740386962890625,6.1020493507385254,6.1688013076782227
PERMITW,2025-01-31,5.4992833137512207,5.6033897399902344,5.8853702545166016,6.1315279006958008,6.2075653076171875
PERMITW,2025-02-28,5.5035791397094727,5.6064548492431641,5.8838582038879395,6.1360459327697754,6.2130899429321289
PERMITW,2025-03-31,5.505073070526123,5.6073007583618164,5.8829727172851562,6.1379599571228027,6.2163763046264648
PERMITW,2025-04-30,5.5000786781311035,5.6064815521240234,5.8863615989685059,6.1362671852111816,6.215360164642334
PERMITW,2025-05-31,5.4884519577026367,5.6008400917053223,5.887291431427002,6.1484975814819336,6.2311701774597168
PERMITW,2025-06-30,5.5030364990234375,5.6098856925964355,5.892979621887207,6.1495118141174316,6.2298040390014648
PERMITW,2025-07-31,5.4994912147521973,5.6086597442626953,5.8964738845825195,6.151918888092041,6.2324585914611816
PERMITW,2025-08-31,5.4865641593933105,5.6000056266784668,5.8966503143310547,6.1626777648925781,6.2454619407653809
PPICMM,2023-09-30,-0.040946859866380692,-0.026814248412847519,0.01142139732837677,0.052621223032474518,0.068175509572029114
PPICMM,2023-10-31,-0.071637362241744995,-0.054725725203752518,-0.010250008665025234,0.033549420535564423,0.050820846110582352
PPICMM,2023-11-30,-0.069867081940174103,-0.052365265786647797,-0.0051553035154938698,0.041566316038370132,0.059262670576572418
PPICMM,2023-12-31,-0.059309728443622589,-0.041321650147438049,0.0071484432555735111,0.057374745607376099,0.075836077332496643
PPICMM,2024-01-31,-0.069519490003585815,-0.051631718873977661,-0.0023701963946223259,0.048832748085260391,0.067746557295322418
PPICMM,2024-02-29,-0.072270870208740234,-0.053378365933895111,-0.0016271731583401561,0.050760317593812943,0.069159336388111115
PPICMM,2024-03-31,-0.068270713090896606,-0.04964669793844223,0.0024178803432732821,0.055972501635551453,0.074897460639476776
PPICMM,2024-04-30,-0.070276029407978058,-0.052282419055700302,-0.00028137461049482226,0.052318539470434189,0.070919007062911987
PPICMM,2024-05-31,-0.073553748428821564,-0.055294204503297806,-0.0032128370366990566,0.048416413366794586,0.066678620874881744
PPICMM,2024-06-30,-0.071321249008178711,-0.0532832071185112,-0.0001972283935174346,0.052573259919881821,0.070909060537815094
PPICMM,2024-07-31,-0.0726427361369133,-0.053521733731031418,-0.00020613336528185755,0.052421662956476212,0.070668630301952362
PPICMM,2024-08-31,-0.072479389607906342,-0.053987313061952591,-0.00045590661466121674,0.052008792757987976,0.070358075201511383
PPICMM,2024-09-30,-0.071065299212932587,-0.052603282034397125,-8.4250219515524805e-05,0.051785882562398911,0.069807574152946472
PPICMM,2024-10-31,-0.071735583245754242,-0.053138148039579391,-0.00055869627976790071,0.051464136689901352,0.069419406354427338
PPICMM,2024-11-30,-0.070527926087379456,-0.052721139043569565,-0.0010931185679510236,0.049653079360723495,0.067758522927761078
PPICMM,2024-12-31,-0.070926114916801453,-0.052467487752437592,-0.00030463794246315956,0.051516912877559662,0.069845356047153473
PPICMM,2025-01-31,-0.06970544159412384,-0.051073700189590454,-0.00034095699083991349,0.050449758768081665,0.068965718150138855
PPICMM,2025-02-28,-0.070690356194972992,-0.051651187241077423,-0.00047157666995190084,0.050406206399202347,0.06898953765630722
PPICMM,2025-03-31,-0.070135928690433502,-0.051312856376171112,-0.00057850725715979934,0.050506711006164551,0.069166235625743866
PPICMM,2025-04-30,-0.069233141839504242,-0.051131445914506912,-0.00062985648401081562,0.050702162086963654,0.069772243499755859
PPICMM,2025-05-31,-0.069475263357162476,-0.050661485642194748,-0.00050932209705933928,0.050507426261901855,0.069384954869747162
PPICMM,2025-06-30,-0.0707659050822258,-0.051355898380279541,-0.00031911878613755107,0.050706680864095688,0.069172300398349762
PPICMM,2025-07-31,-0.069547392427921295,-0.05034126341342926,-4.4879845518153161e-05,0.049749627709388733,0.06793966144323349
PPICMM,2025-08-31,-0.069015577435493469,-0.050269283354282379,-0.00046946105430833995,0.049079228192567825,0.067328207194805145
REALLN,2023-09-30,-0.007771453820168972,-0.0054079694673418999,-0.00081256625708192587,0.0033756948541849852,0.0053304512985050678
REALLN,2023-10-31,-0.0073251258581876755,-0.004850524477660656,0.00019859682652167976,0.0050005889497697353,0.0071974052116274834
REALLN,2023-11-30,-0.007716435007750988,-0.0051652099937200546,0.00016761659935582429,0.0053473492152988911,0.0076662148348987103
REALLN,2023-12-31,-0.0087386127561330795,-0.0060757379978895187,-0.00060798111371695995,0.0047130049206316471,0.0071480106562376022
REALLN,2024-01-31,-0.0079329777508974075,-0.0052183223888278008,0.0002883005072362721,0.0056880121119320393,0.0081916367635130882
REALLN,2024-02-29,-0.008164641447365284,-0.0054610059596598148,0.00016120741202030331,0.0054552722722291946,0.0078718550503253937
REALLN,2024-03-31,-0.0081608686596155167,-0.0054337484762072563,0.00014196734991855919,0.0053441287018358707,0.007722033653408289
REALLN,2024-04-30,-0.0083099212497472763,-0.0055250450968742371,0.0001456670870538801,0.0054525258019566536,0.0078991716727614403
REALLN,2024-05-31,-0.008543090894818306,-0.0056699924170970917,3.5776800359599292e-05,0.0051524210721254349,0.0074831685051321983
REALLN,2024-06-30,-0.008391527459025383,-0.005503977183252573,0.00010217107046628371,0.0052281697280704975,0.0075757568702101707
REALLN,2024-07-31,-0.0085349809378385544,-0.0056271045468747616,5.0061785259458702e-06,0.0050770314410328865,0.0073413494974374771
REALLN,2024-08-31,-0.0081849917769432068,-0.0054405704140663147,1.6428812159574591e-05,0.005033495370298624,0.0072435233741998672
REALLN,2024-09-30,-0.0084200287237763405,-0.0055327820591628551,0.00010117069905390963,0.0049679265357553959,0.007129875011742115
REALLN,2024-10-31,-0.0081831300631165504,-0.0053639528341591358,7.2656715929042548e-05,0.0048286821693181992,0.0069062584079802036
REALLN,2024-11-30,-0.0081966537982225418,-0.0053878948092460632,9.9989454611204565e-05,0.0049763214774429798,0.0072048124857246876
REALLN,2024-12-31,-0.0085843652486801147,-0.0057038674131035805,-6.1051218835928012e-06,0.0051025082357227802,0.0073963413015007973
REALLN,2025-01-31,-0.0079040154814720154,-0.0052678058855235577,3.3268774132011458e-05,0.0050152121111750603,0.0073247430846095085
REALLN,2025-02-28,-0.0077991909347474575,-0.0051821623928844929,4.9373466026736423e-05,0.0048697059974074364,0.0071190218441188335
REALLN,2025-03-31,-0.0074422801844775677,-0.0049321032129228115,9.8717202490661293e-05,0.0047470438294112682,0.0069462573155760765
REALLN,2025-04-30,-0.0075009502470493317,-0.0049621900543570518,2.7471744033391587e-05,0.0047286557964980602,0.0069780740886926651
REALLN,2025-05-31,-0.0073606646619737148,-0.0048944759182631969,2.6267800421919674e-05,0.0047701168805360794,0.0070927073247730732
REALLN,2025-06-30,-0.0072785741649568081,-0.0048670116811990738,6.9739427999593318e-05,0.0047290725633502007,0.0069826776161789894
REALLN,2025-07-31,-0.0072650955989956856,-0.0048444834537804127,6.5998072386719286e-05,0.0047222357243299484,0.0069938902743160725
REALLN,2025-08-31,-0.0074750669300556183,-0.0049927849322557449,5.9622645494528115e-05,0.0049028340727090836,0.0072733862325549126
RETAILx,2023-09-30,-0.015542054548859596,-0.011058242991566658,-0.00011413823813199997,0.010266710072755814,0.014309696853160858
RETAILx,2023-10-31,-0.01443035900592804,-0.0097089409828186035,0.0017938045784831047,0.012823905795812607,0.017231002449989319
RETAILx,2023-11-30,-0.012272505089640617,-0.0074238334782421589,0.0045089824125170708,0.015772666782140732,0.020148381590843201
RETAILx,2023-12-31,-0.014663724228739738,-0.0098226331174373627,0.0020013893954455853,0.013580610975623131,0.018209444358944893
RETAILx,2024-01-31,-0.015282556414604187,-0.010287407785654068,0.0019307248294353485,0.01390891894698143,0.018549013882875443
RETAILx,2024-02-29,-0.014946755021810532,-0.010000016540288925,0.0027816859073936939,0.014989310875535011,0.019811481237411499
RETAILx,2024-03-31,-0.015264986082911491,-0.010116495192050934,0.0028609856963157654,0.015232762321829796,0.020069876685738564
RETAILx,2024-04-30,-0.015675980597734451,-0.010545523837208748,0.0024814852513372898,0.015392659232020378,0.020514829084277153
RETAILx,2024-05-31,-0.015062713995575905,-0.0098087135702371597,0.0035196586977690458,0.015995761379599571,0.020916197448968887
RETAILx,2024-06-30,-0.015244500711560249,-0.0099936835467815399,0.0030738210771232843,0.015690715983510017,0.020841013640165329
RETAILx,2024-07-31,-0.014482242986559868,-0.00931541807949543,0.0034955276641994715,0.015136562287807465,0.019927319139242172
RETAILx,2024-08-31,-0.014641951769590378,-0.0096234977245330811,0.0029041450470685959,0.014415925368666649,0.018971271812915802
RETAILx,2024-09-30,-0.01575830765068531,-0.010359501466155052,0.0030589266680181026,0.015091767534613609,0.019782476127147675
RETAILx,2024-10-31,-0.015480713918805122,-0.010068118572235107,0.0031321654096245766,0.014943987131118774,0.019481470808386803
RETAILx,2024-11-30,-0.015496464446187019,-0.010047683492302895,0.0033904195297509432,0.015644997358322144,0.020589245483279228
RETAILx,2024-12-31,-0.016074299812316895,-0.010592902079224586,0.0028538806363940239,0.015164539217948914,0.019980382174253464
RETAILx,2025-01-31,-0.017163842916488647,-0.010980533435940742,0.0034595681354403496,0.017127154394984245,0.022781627252697945
RETAILx,2025-02-28,-0.016664747148752213,-0.010525679215788841,0.0036294865421950817,0.016655389219522476,0.022084981203079224
RETAILx,2025-03-31,-0.015673574060201645,-0.0097476597875356674,0.0037721849512308836,0.016191674396395683,0.021455999463796616
RETAILx,2025-04-30,-0.015849750488996506,-0.0098575390875339508,0.0035733161494135857,0.01619553379714489,0.021626271307468414
RETAILx,2025-05-31,-0.015738628804683685,-0.0098711717873811722,0.0034979325719177723,0.016471944749355316,0.022141166031360626
RETAILx,2025-06-30,-0.015448037534952164,-0.009738462045788765,0.003555109491571784,0.016161324456334114,0.021676488220691681
RETAILx,2025-07-31,-0.014990214258432388,-0.0093003138899803162,0.0036661485210061073,0.016011912375688553,0.021512499079108238
RETAILx,2025-08-31,-0.015093492344021797,-0.0094100609421730042,0.0035599751863628626,0.01626846008002758,0.021931484341621399
RPI,2023-09-30,-0.0016506023239344358,-0.00028107361868023872,0.0022551885340362787,0.0049507021903991699,0.0062016518786549568
RPI,2023-10-31,-0.0021914003882557154,-0.00063745933584868908,0.0023041190579533577,0.0049794409424066544,0.0062491996213793755
RPI,2023-11-30,-0.0020746297668665648,-0.00045665819197893143,0.0025820743758231401,0.005846773274242878,0.0073364758864045143
RPI,2023-12-31,-0.0030122969765216112,-0.0011870162561535835,0.0026080203242599964,0.006370902992784977,0.0080241169780492783
RPI,2024-01-31,-0.0044025294482707977,-0.0023054878693073988,0.0020533099304884672,0.0059704193845391273,0.0076452614739537239
RPI,2024-02-29,-0.0034265762660652399,-0.0015025343745946884,0.0022748743649572134,0.0058663543313741684,0.0075211049988865852
RPI,2024-03-31,-0.0036940847057849169,-0.0016964690294116735,0.0019817301072180271,0.0054810871370136738,0.0070555415004491806
RPI,2024-04-30,-0.004001460038125515,-0.0019384121987968683,0.0019899155013263226,0.0057012233883142471,0.0072786705568432808
RPI,2024-05-31,-0.0042036017403006554,-0.0021479425486177206,0.0019385889172554016,0.0060125198215246201,0.0077968183904886246
RPI,2024-06-30,-0.0042828647419810295,-0.0021787907462567091,0.0020936119835823774,0.0061106104403734207,0.0078785344958305359
RPI,2024-07-31,-0.0042091589421033859,-0.0020752225536853075,0.0021237300243228674,0.0059768138453364372,0.0077789565548300743
RPI,2024-08-31,-0.0045726904645562172,-0.0023345008958131075,0.0020831297151744366,0.0061171627603471279,0.0078982440754771233
RPI,2024-09-30,-0.0048380224034190178,-0.0024974977131932974,0.0019671861082315445,0.0060934899374842644,0.007948962040245533
RPI,2024-10-31,-0.0050849514082074165,-0.0026377600152045488,0.001887080492451787,0.0060465224087238312,0.0078228944912552834
RPI,2024-11-30,-0.0052262665703892708,-0.0028318108525127172,0.0019004188943654299,0.0063885506242513657,0.0083454139530658722
RPI,2024-12-31,-0.0058589298278093338,-0.0032530806493014097,0.0021360472310334444,0.0074839573353528976,0.0096509931609034538
RPI,2025-01-31,-0.007213088683784008,-0.0042491210624575615,0.002037316095083952,0.0081256953999400139,0.010864542797207832
RPI,2025-02-28,-0.006051868200302124,-0.0033093744423240423,0.0020280436147004366,0.0071477200835943222,0.009664059616625309
RPI,2025-03-31,-0.0054055545479059219,-0.0027993905823677778,0.0020182644948363304,0.0067056845873594284,0.0090603260323405266
RPI,2025-04-30,-0.0052642608061432838,-0.0027839846443384886,0.001857600174844265,0.0066341664642095566,0.0090092578902840614
RPI,2025-05-31,-0.0053933952003717422,-0.0029067301657050848,0.0018948502838611603,0.0066299811005592346,0.0088799726217985153
RPI,2025-06-30,-0.0046840384602546692,-0.0024041698779910803,0.0019726057071238756,0.0064086597412824631,0.0086039099842309952
RPI,2025-07-31,-0.0046088993549346924,-0.0023083121050149202,0.0019708564504981041,0.0061958329752087593,0.0083072660490870476
RPI,2025-08-31,-0.0047757364809513092,-0.0025138331111520529,0.0018644067458808422,0.0061730640009045601,0.008212563581764698
S&P 500,2023-09-30,-0.043881382793188095,-0.027105316519737244,0.011528598144650459,0.044282678514719009,0.055210951715707779
S&P 500,2023-10-31,-0.048271570354700089,-0.031255636364221573,0.0090017914772033691,0.044172409921884537,0.055717863142490387
S&P 500,2023-11-30,-0.049629557877779007,-0.03232739120721817,0.0091624371707439423,0.045446649193763733,0.057177029550075531
S&P 500,2023-12-31,-0.050061509013175964,-0.031584028154611588,0.011673335917294025,0.048042494803667068,0.059696290642023087
S&P 500,2024-01-31,-0.049685679376125336,-0.031818315386772156,0.011230755597352982,0.048352733254432678,0.060132782906293869
S&P 500,2024-02-29,-0.05297107994556427,-0.034877404570579529,0.0095003936439752579,0.047084975987672806,0.058849874883890152
S&P 500,2024-03-31,-0.05299760028719902,-0.034739065915346146,0.0093225743621587753,0.046355508267879486,0.057792492210865021
S&P 500,2024-04-30,-0.053845971822738647,-0.035356838256120682,0.0086807142943143845,0.046130210161209106,0.058054786175489426
S&P 500,2024-05-31,-0.053815994411706924,-0.035334199666976929,0.0086892256513237953,0.045458011329174042,0.057255551218986511
S&P 500,2024-06-30,-0.054482869803905487,-0.035730414092540741,0.0082360878586769104,0.046003613620996475,0.058595839887857437
S&P 500,2024-07-31,-0.054308298975229263,-0.035235077142715454,0.0091788852587342262,0.046347040683031082,0.058290734887123108
S&P 500,2024-08-31,-0.054519522935152054,-0.035972084850072861,0.0087286410853266716,0.046141371130943298,0.058045752346515656
S&P 500,2024-09-30,-0.054603949189186096,-0.035618945956230164,0.0097471307963132858,0.046691015362739563,0.058460664004087448
S&P 500,2024-10-31,-0.054530546069145203,-0.035492997616529465,0.009505310095846653,0.04735787957906723,0.059197526425123215
S&P 500,2024-11-30,-0.05427057296037674,-0.035156507045030594,0.010003500618040562,0.047838639467954636,0.05995490774512291
S&P 500,2024-12-31,-0.053359903395175934,-0.034617763012647629,0.010173916816711426,0.048332251608371735,0.060576770454645157
S&P 500,2025-01-31,-0.049051452428102493,-0.031140599399805069,0.01070037204772234,0.047530800104141235,0.059800460934638977
S&P 500,2025-02-28,-0.04900456964969635,-0.031292494386434555,0.010798439383506775,0.04698558896780014,0.05886450782418251
S&P 500,2025-03-31,-0.049735300242900848,-0.032012023031711578,0.0097398087382316589,0.046596232801675797,0.058806914836168289
S&P 500,2025-04-30,-0.050694320350885391,-0.032500602304935455,0.0096130296587944031,0.045808203518390656,0.057853091508150101
S&P 500,2025-05-31,-0.049814745783805847,-0.032014060765504837,0.00965860765427351,0.045935824513435364,0.058143269270658493
S&P 500,2025-06-30,-0.050781771540641785,-0.032928258180618286,0.0095835495740175247,0.045774087309837341,0.0576619952917099
S&P 500,2025-07-31,-0.050411634147167206,-0.03232162818312645,0.0096318284049630165,0.045279387384653091,0.056924961507320404
S&P 500,2025-08-31,-0.051376517862081528,-0.033284373581409454,0.0086123086512088776,0.045255985110998154,0.057483918964862823
S&P PE ratio,2023-09-30,-0.037710655480623245,-0.021505311131477356,0.016081569716334343,0.050715398043394089,0.063734762370586395
S&P PE ratio,2023-10-31,-0.0459601990878582,-0.027731958776712418,0.01531476154923439,0.054938506335020065,0.069452248513698578
S&P PE ratio,2023-11-30,-0.052477415651082993,-0.033964373171329498,0.010962309315800667,0.052736613899469376,0.067766301333904266
S&P PE ratio,2023-12-31,-0.047523844987154007,-0.028389977291226387,0.019020767882466316,0.061397600919008255,0.076846770942211151
S&P PE ratio,2024-01-31,-0.056305203586816788,-0.035664334893226624,0.013317270204424858,0.058148600161075592,0.073806107044219971
S&P PE ratio,2024-02-29,-0.061431948095560074,-0.040626883506774902,0.0094420686364173889,0.05501982569694519,0.070782847702503204
S&P PE ratio,2024-03-31,-0.062536939978599548,-0.041609112173318863,0.0082420855760574341,0.053898535668849945,0.069853886961936951
S&P PE ratio,2024-04-30,-0.066781617701053619,-0.044968102127313614,0.0053601199761033058,0.052390232682228088,0.069582611322402954
S&P PE ratio,2024-05-31,-0.063578285276889801,-0.041409485042095184,0.0098289269953966141,0.056132219731807709,0.073048658668994904
S&P PE ratio,2024-06-30,-0.06709001213312149,-0.044220641255378723,0.0071009988896548748,0.054417956620454788,0.072666138410568237
S&P PE ratio,2024-07-31,-0.066845975816249847,-0.043537117540836334,0.0081271054223179817,0.054991904646158218,0.072781510651111603
S&P PE ratio,2024-08-31,-0.068453297019004822,-0.04567839577794075,0.0063393693417310715,0.05340278148651123,0.070950835943222046
S&P PE ratio,2024-09-30,-0.069094985723495483,-0.045629352331161499,0.0077980156056582928,0.055208083242177963,0.073059402406215668
S&P PE ratio,2024-10-31,-0.069360062479972839,-0.045828524976968765,0.007386072538793087,0.056291863322257996,0.07411639392375946
S&P PE ratio,2024-11-30,-0.068745791912078857,-0.044771987944841385,0.0093332007527351379,0.0583803690969944,0.076900266110897064
S&P PE ratio,2024-12-31,-0.069231286644935608,-0.045593284070491791,0.0083184903487563133,0.05801936611533165,0.076900281012058258
S&P PE ratio,2025-01-31,-0.08042626827955246,-0.049196790903806686,0.0062368144281208515,0.055874180048704147,0.079674653708934784
S&P PE ratio,2025-02-28,-0.081005848944187164,-0.049890290945768356,0.0060795741155743599,0.05511864647269249,0.07853524386882782
S&P PE ratio,2025-03-31,-0.081125594675540924,-0.050634965300559998,0.0046425480395555496,0.053965557366609573,0.07762928307056427
S&P PE ratio,2025-04-30,-0.081896863877773285,-0.050729263573884964,0.0046707643195986748,0.053457297384738922,0.077189691364765167
S&P PE ratio,2025-05-31,-0.08093038946390152,-0.050193946808576584,0.0048345522955060005,0.054511900991201401,0.079366281628608704
S&P PE ratio,2025-06-30,-0.082082293927669525,-0.050946913659572601,0.0053038420155644417,0.054470863193273544,0.078845776617527008
S&P PE ratio,2025-07-31,-0.080940835177898407,-0.049577146768569946,0.0057443510740995407,0.054219238460063934,0.078339487314224243
S&P PE ratio,2025-08-31,-0.083723179996013641,-0.05197601392865181,0.0037136266473680735,0.053709231317043304,0.078459933400154114
S&P div yield,2023-09-30,-0.098587818443775177,-0.076229847967624664,-0.017024889588356018,0.050395168364048004,0.080625385046005249
S&P div yield,2023-10-31,-0.095105908811092377,-0.072380147874355316,-0.0096962573006749153,0.060450118035078049,0.091903865337371826
S&P div yield,2023-11-30,-0.092444732785224915,-0.069615364074707031,-0.0060139303095638752,0.065402701497077942,0.096855893731117249
S&P div yield,2023-12-31,-0.09928758442401886,-0.076279230415821075,-0.013219280168414116,0.060981277376413345,0.09430830180644989
S&P div yield,2024-01-31,-0.10160284489393234,-0.077943518757820129,-0.013822050765156746,0.059653136879205704,0.092384740710258484
S&P div yield,2024-02-29,-0.09574434906244278,-0.073014840483665466,-0.0070821982808411121,0.067338123917579651,0.1012849286198616
S&P div yield,2024-03-31,-0.098126240074634552,-0.074243739247322083,-0.0079896170645952225,0.066992983222007751,0.10137510299682617
S&P div yield,2024-04-30,-0.10071869939565659,-0.076152943074703217,-0.0067540272139012814,0.070981048047542572,0.10639494657516479
S&P div yield,2024-05-31,-0.10022667050361633,-0.076452411711215973,-0.0086002647876739502,0.067714378237724304,0.10266778618097305
S&P div yield,2024-06-30,-0.10000192373991013,-0.075443476438522339,-0.006765059195458889,0.070890709757804871,0.10668308287858963
S&P div yield,2024-07-31,-0.098908752202987671,-0.075070865452289581,-0.0070939580909907818,0.069315023720264435,0.10399226099252701
S&P div yield,2024-08-31,-0.099880874156951904,-0.075905412435531616,-0.0080656176432967186,0.067979626357555389,0.10197524726390839
S&P div yield,2024-09-30,-0.10494067519903183,-0.079232633113861084,-0.0081413909792900085,0.068408198654651642,0.1029028445482254
S&P div yield,2024-10-31,-0.10337575525045395,-0.07782357931137085,-0.0074876490980386734,0.068942084908485413,0.10259144008159637
S&P div yield,2024-11-30,-0.10514282435178757,-0.080415047705173492,-0.011150010861456394,0.067037679255008698,0.10269775241613388
S&P div yield,2024-12-31,-0.10820301622152328,-0.082536309957504272,-0.011401107534766197,0.067088082432746887,0.10182338207960129
S&P div yield,2025-01-31,-0.10996327549219131,-0.08386509120464325,-0.012101549655199051,0.066052243113517761,0.097750551998615265
S&P div yield,2025-02-28,-0.10857859253883362,-0.082632668316364288,-0.012008292600512505,0.064418040215969086,0.09576406329870224
S&P div yield,2025-03-31,-0.10439096391201019,-0.07909131795167923,-0.010122932493686676,0.064334459602832794,0.094887040555477142
S&P div yield,2025-04-30,-0.10399436950683594,-0.078729510307312012,-0.010452218353748322,0.064307406544685364,0.095462590456008911
S&P div yield,2025-05-31,-0.10299383103847504,-0.077868446707725525,-0.010592756792902946,0.063407473266124725,0.094227738678455353
S&P div yield,2025-06-30,-0.10032244771718979,-0.076472625136375427,-0.0095039000734686852,0.063178315758705139,0.093840062618255615
S&P div yield,2025-07-31,-0.09933837503194809,-0.075068041682243347,-0.0089964848011732101,0.063687264919281006,0.094660058617591858
S&P div yield,2025-08-31,-0.10054579377174377,-0.075454659759998322,-0.006595890037715435,0.066970959305763245,0.098375357687473297
SRVPRD,2023-09-30,0.00011636619456112385,0.00046730315079912543,0.0013278167461976409,0.0022100172936916351,0.0025161758530884981
SRVPRD,2023-10-31,6.036669947206974e-05,0.00046635110629722476,0.0014141309075057507,0.0023128921166062355,0.0026732005644589663
SRVPRD,2023-11-30,-6.7090848460793495e-05,0.00038627278991043568,0.0014144686283543706,0.0023745894432067871,0.0027248300611972809
SRVPRD,2023-12-31,-4.2049563489854336e-05,0.00038301595486700535,0.0014192447997629642,0.002425746526569128,0.0027725705876946449
SRVPRD,2024-01-31,-0.00012727256398648024,0.00032861554063856602,0.0013920464552938938,0.0024780884850770235,0.0028434575069695711
SRVPRD,2024-02-29,-0.00027871620841324329,0.00022633560001850128,0.0014549490297213197,0.0025651054456830025,0.0029653003439307213
SRVPRD,2024-03-31,-0.00030278984922915697,0.0002349967835471034,0.0014778635231778026,0.00268025160767138,0.003112302627414465
SRVPRD,2024-04-30,-0.00048639113083481789,8.6803687736392021e-05,0.0014647962525486946,0.0027710343711078167,0.0032240799628198147
SRVPRD,2024-05-31,-0.00051669031381607056,7.2324066422879696e-05,0.0015085407067090273,0.0028912844136357307,0.0034127887338399887
SRVPRD,2024-06-30,-0.00063151412177830935,-5.4810428991913795e-05,0.0013946790713816881,0.0027480223216116428,0.0032312651164829731
SRVPRD,2024-07-31,-0.00074672827031463385,-0.00014226534403860569,0.0013505853712558746,0.002684424165636301,0.0031884117051959038
SRVPRD,2024-08-31,-0.00074695644434541464,-0.00013614236377179623,0.001371160033158958,0.0027037975378334522,0.0031824205070734024
SRVPRD,2024-09-30,-0.00063662289176136255,-6.6649052314460278e-05,0.0014324405929073691,0.0028854724951088428,0.003398544155061245
SRVPRD,2024-10-31,-0.00062364514451473951,-2.1309824660420418e-06,0.0014874045737087727,0.0029756061267107725,0.0035056150518357754
SRVPRD,2024-11-30,-0.00065179809462279081,-4.202092532068491e-05,0.0014934097416698933,0.0029356854502111673,0.0034502479247748852
SRVPRD,2024-12-31,-0.00083314778748899698,-0.00016832049004733562,0.0014133092481642962,0.0028807774651795626,0.0033928379416465759
SRVPRD,2025-01-31,-0.0010654722573235631,-0.0003180340863764286,0.0014611906372010708,0.0031675263307988644,0.0037924381904304028
SRVPRD,2025-02-28,-0.0010710397036746144,-0.00028664828278124332,0.0015363505808636546,0.0032420125789940357,0.0039027356542646885
SRVPRD,2025-03-31,-0.0009538355516269803,-0.00020080874674022198,0.0015535971615463495,0.0032343571074306965,0.003869280219078064
SRVPRD,2025-04-30,-0.00089701858814805746,-0.00016393815167248249,0.0015885389875620604,0.003271530382335186,0.0039136945270001888
SRVPRD,2025-05-31,-0.0010466320673003793,-0.00028329284396022558,0.0015239410568028688,0.0032845975365489721,0.003929841797798872
SRVPRD,2025-06-30,-0.00097894144710153341,-0.00022912048734724522,0.0015558521263301373,0.003315397072583437,0.0039959913119673729
SRVPRD,2025-07-31,-0.0010171205503866076,-0.00023212970700114965,0.0015307185240089893,0.0032837516628205776,0.0039620432071387768
SRVPRD,2025-08-31,-0.0011516801314428449,-0.00035439163912087679,0.0014646967174485326,0.0032713022083044052,0.0039385226555168629
T10YFFM,2023-09-30,-1.7399148941040039,-1.5891358852386475,-1.2146081924438477,-0.90851187705993652,-0.74641132354736328
T10YFFM,2023-10-31,-1.854945182800293,-1.6761074066162109,-1.165867805480957,-0.54218173027038574,-0.30386805534362793
T10YFFM,2023-11-30,-2.0355260372161865,-1.8026504516601562,-1.0908222198486328,-0.36485469341278076,-0.087130188941955566
T10YFFM,2023-12-31,-2.1092727184295654,-1.8228673934936523,-1.025991678237915,-0.13654577732086182,0.16872048377990723
T10YFFM,2024-01-31,-2.250558614730835,-1.9189126491546631,-0.93188786506652832,0.088775634765625,0.42682647705078125
T10YFFM,2024-02-29,-2.3159945011138916,-1.943549633026123,-0.85892868041992188,0.27826797962188721,0.6305803656578064
T10YFFM,2024-03-31,-2.390019416809082,-1.9866085052490234,-0.78400921821594238,0.4728279709815979,0.85076600313186646
T10YFFM,2024-04-30,-2.3908138275146484,-1.972881555557251,-0.66867518424987793,0.6978110671043396,1.108330249786377
T10YFFM,2024-05-31,-2.4806828498840332,-2.0000064373016357,-0.59080302715301514,0.83905220031738281,1.2686038017272949
T10YFFM,2024-06-30,-2.4696462154388428,-1.9886653423309326,-0.52064800262451172,0.94749259948730469,1.4045543670654297
T10YFFM,2024-07-31,-2.5228955745697021,-2.0131475925445557,-0.49337947368621826,1.0453171730041504,1.5236992835998535
T10YFFM,2024-08-31,-2.5179481506347656,-2.0124051570892334,-0.44064652919769287,1.1795624494552612,1.6819456815719604
T10YFFM,2024-09-30,-2.5384645462036133,-2.0164508819580078,-0.41583478450775146,1.2760157585144043,1.7954212427139282
T10YFFM,2024-10-31,-2.6272993087768555,-2.0779948234558105,-0.34830963611602783,1.3506771326065063,1.8715524673461914
T10YFFM,2024-11-30,-2.585834264755249,-2.0343093872070312,-0.27764594554901123,1.4377316236495972,1.970184326171875
T10YFFM,2024-12-31,-2.6322503089904785,-2.0558059215545654,-0.25541949272155762,1.5360462665557861,2.0934901237487793
T10YFFM,2025-01-31,-2.5325827598571777,-1.9222564697265625,-0.071753978729248047,1.8178106546401978,2.4313201904296875
T10YFFM,2025-02-28,-2.5927810668945312,-1.9318869113922119,-0.018283367156982422,1.9248290061950684,2.5708894729614258
T10YFFM,2025-03-31,-2.542553186416626,-1.8999507427215576,-0.00061380863189697266,1.9475938081741333,2.6040945053100586
T10YFFM,2025-04-30,-2.5785396099090576,-1.9041783809661865,0.049697160720825195,2.0533134937286377,2.7176527976989746
T10YFFM,2025-05-31,-2.5735070705413818,-1.9117870330810547,0.093280434608459473,2.1099567413330078,2.7709717750549316
T10YFFM,2025-06-30,-2.6058592796325684,-1.9080750942230225,0.12988948822021484,2.1832497119903564,2.8205797672271729
T10YFFM,2025-07-31,-2.5711667537689209,-1.8825411796569824,0.17831385135650635,2.1926043033599854,2.8256611824035645
T10YFFM,2025-08-31,-2.5611350536346436,-1.8776671886444092,0.21486246585845947,2.265242338180542,2.9239749908447266
T1YFFM,2023-09-30,-0.33221966028213501,-0.20978339016437531,0.011815011501312256,0.20824830234050751,0.31579142808914185
T1YFFM,2023-10-31,-0.49521380662918091,-0.32269811630249023,0.023312531411647797,0.34453728795051575,0.49595111608505249
T1YFFM,2023-11-30,-0.61214923858642578,-0.40866029262542725,0.028041504323482513,0.46187067031860352,0.6538814902305603
T1YFFM,2023-12-31,-0.71855640411376953,-0.47648793458938599,0.046864811331033707,0.55770778656005859,0.7745017409324646
T1YFFM,2024-01-31,-0.78367471694946289,-0.52049285173416138,0.052433624863624573,0.63401162624359131,0.8743705153465271
T1YFFM,2024-02-29,-0.82562941312789917,-0.5488201379776001,0.065262973308563232,0.67299127578735352,0.91789472103118896
T1YFFM,2024-03-31,-0.87820041179656982,-0.58397871255874634,0.074215151369571686,0.71028333902359009,0.96792852878570557
T1YFFM,2024-04-30,-0.89314979314804077,-0.59453576803207397,0.074369058012962341,0.73725694417953491,1.0074539184570312
T1YFFM,2024-05-31,-0.92326056957244873,-0.60578334331512451,0.08401961624622345,0.76202666759490967,1.0442889928817749
T1YFFM,2024-06-30,-0.92394328117370605,-0.60946297645568848,0.087061569094657898,0.77111846208572388,1.0579560995101929
T1YFFM,2024-07-31,-0.96010398864746094,-0.62354737520217896,0.085084199905395508,0.7886049747467041,1.0866739749908447
T1YFFM,2024-08-31,-0.9434356689453125,-0.61115330457687378,0.087930053472518921,0.77820807695388794,1.0773012638092041
T1YFFM,2024-09-30,-0.99248433113098145,-0.62812823057174683,0.091505087912082672,0.78841876983642578,1.087553858757019
T1YFFM,2024-10-31,-1.0268492698669434,-0.64864403009414673,0.098113439977169037,0.82664543390274048,1.1419785022735596
T1YFFM,2024-11-30,-1.0488801002502441,-0.66747200489044189,0.10261745750904083,0.84074980020523071,1.1564213037490845
T1YFFM,2024-12-31,-1.088248610496521,-0.68716037273406982,0.10645425319671631,0.84384810924530029,1.1664732694625854
T1YFFM,2025-01-31,-1.1582992076873779,-0.68078583478927612,0.10663408786058426,0.97152620553970337,1.3712278604507446
T1YFFM,2025-02-28,-1.1511514186859131,-0.67832869291305542,0.108294278383255,0.94204109907150269,1.3197721242904663
T1YFFM,2025-03-31,-1.135806679725647,-0.67232471704483032,0.10628963261842728,0.93121665716171265,1.3076692819595337
T1YFFM,2025-04-30,-1.1104352474212646,-0.65851610898971558,0.1044868528842926,0.91806274652481079,1.2982915639877319
T1YFFM,2025-05-31,-1.0939202308654785,-0.64887171983718872,0.10520315170288086,0.90899842977523804,1.2973074913024902
T1YFFM,2025-06-30,-1.0858455896377563,-0.65025418996810913,0.10821080952882767,0.89010047912597656,1.2670314311981201
T1YFFM,2025-07-31,-1.0891977548599243,-0.65175580978393555,0.10958229750394821,0.89384943246841431,1.2750186920166016
T1YFFM,2025-08-31,-1.0858002901077271,-0.65101170539855957,0.10769408196210861,0.8934178352355957,1.2854543924331665
T5YFFM,2023-09-30,-1.6068525314331055,-1.4607012271881104,-1.0754907131195068,-0.72682756185531616,-0.54552143812179565
T5YFFM,2023-10-31,-1.7765359878540039,-1.5736072063446045,-1.0193073749542236,-0.38041621446609497,-0.13708525896072388
T5YFFM,2023-11-30,-1.9145431518554688,-1.6757185459136963,-0.94674783945083618,-0.21663397550582886,0.056255459785461426
T5YFFM,2023-12-31,-1.9945435523986816,-1.7032837867736816,-0.87133175134658813,0.0058104395866394043,0.29805439710617065
T5YFFM,2024-01-31,-2.0898990631103516,-1.7537760734558105,-0.7649196982383728,0.2391853928565979,0.56164312362670898
T5YFFM,2024-02-29,-2.1653008460998535,-1.7810721397399902,-0.68020123243331909,0.43576633930206299,0.76740348339080811
T5YFFM,2024-03-31,-2.1810061931610107,-1.7847740650177002,-0.59282118082046509,0.59017491340637207,0.93833166360855103
T5YFFM,2024-04-30,-2.1748661994934082,-1.7617251873016357,-0.48052042722702026,0.77863484621047974,1.1555869579315186
T5YFFM,2024-05-31,-2.2141387462615967,-1.7630569934844971,-0.40564185380935669,0.89758938550949097,1.2884364128112793
T5YFFM,2024-06-30,-2.2104854583740234,-1.7557616233825684,-0.33888012170791626,0.9985390305519104,1.4147436618804932
T5YFFM,2024-07-31,-2.2305111885070801,-1.7539210319519043,-0.29849547147750854,1.0779449939727783,1.5137550830841064
T5YFFM,2024-08-31,-2.2566053867340088,-1.7692360877990723,-0.26130813360214233,1.1833310127258301,1.645005464553833
T5YFFM,2024-09-30,-2.2476859092712402,-1.7456822395324707,-0.2203870415687561,1.2273730039596558,1.693204402923584
T5YFFM,2024-10-31,-2.324228048324585,-1.8084616661071777,-0.17915827035903931,1.3117722272872925,1.7988660335540771
T5YFFM,2024-11-30,-2.2760040760040283,-1.7600038051605225,-0.13818818330764771,1.3582628965377808,1.840442419052124
T5YFFM,2024-12-31,-2.314378023147583,-1.7728645801544189,-0.095007836818695068,1.443279504776001,1.9588613510131836
T5YFFM,2025-01-31,-2.3060829639434814,-1.6976287364959717,0.042842864990234375,1.6328377723693848,2.1792280673980713
T5YFFM,2025-02-28,-2.3246214389801025,-1.6924793720245361,0.079184830188751221,1.7110693454742432,2.2832615375518799
T5YFFM,2025-03-31,-2.2803773880004883,-1.6527400016784668,0.1122327446937561,1.7476654052734375,2.3368322849273682
T5YFFM,2025-04-30,-2.3084385395050049,-1.661323070526123,0.13304197788238525,1.8096035718917847,2.3965499401092529
T5YFFM,2025-05-31,-2.3153924942016602,-1.6545372009277344,0.17106223106384277,1.8322098255157471,2.3987805843353271
T5YFFM,2025-06-30,-2.3060033321380615,-1.6331179141998291,0.20105624198913574,1.8884261846542358,2.4419119358062744
T5YFFM,2025-07-31,-2.2895681858062744,-1.6224727630615234,0.23309189081192017,1.9125940799713135,2.4704043865203857
T5YFFM,2025-08-31,-2.2835242748260498,-1.6180310249328613,0.26163566112518311,1.9485397338867188,2.5192978382110596
TB3MS,2023-09-30,-0.21584638953208923,-0.13158223032951355,0.011138550937175751,0.16011331975460052,0.24642813205718994
TB3MS,2023-10-31,-0.24922341108322144,-0.15398399531841278,0.015649152919650078,0.17270937561988831,0.26187890768051147
TB3MS,2023-11-30,-0.26148673892021179,-0.16349741816520691,0.013886181637644768,0.18688096106052399,0.279925137758255
TB3MS,2023-12-31,-0.26683393120765686,-0.16734938323497772,0.013620147481560707,0.19394327700138092,0.29268968105316162
TB3MS,2024-01-31,-0.28471243381500244,-0.17926885187625885,0.011382462456822395,0.20800961554050446,0.31551820039749146
TB3MS,2024-02-29,-0.26978865265846252,-0.16993843019008636,0.018678164109587669,0.20882970094680786,0.3138849139213562
TB3MS,2024-03-31,-0.28785818815231323,-0.18377433717250824,0.013670759275555611,0.21128198504447937,0.32007306814193726
TB3MS,2024-04-30,-0.28814554214477539,-0.18363626301288605,0.0088583286851644516,0.20832729339599609,0.31921684741973877
TB3MS,2024-05-31,-0.28946903347969055,-0.18313086032867432,0.011630190536379814,0.20594152808189392,0.31424647569656372
TB3MS,2024-06-30,-0.29956227540969849,-0.18667678534984589,0.012328648939728737,0.21194201707839966,0.32343292236328125
TB3MS,2024-07-31,-0.30029270052909851,-0.18660213053226471,0.0124406348913908,0.2105124443769455,0.32209703326225281
TB3MS,2024-08-31,-0.3040391206741333,-0.18699401617050171,0.010312823578715324,0.20659342408180237,0.31591799855232239
TB3MS,2024-09-30,-0.33185496926307678,-0.20117314159870148,0.011515924707055092,0.21378186345100403,0.32571682333946228
TB3MS,2024-10-31,-0.33707797527313232,-0.20186926424503326,0.013459200039505959,0.22175799310207367,0.33531674742698669
TB3MS,2024-11-30,-0.34563484787940979,-0.20954103767871857,0.013904036954045296,0.21977974474430084,0.33395856618881226
TB3MS,2024-12-31,-0.33780273795127869,-0.20731340348720551,0.010851897299289703,0.21846097707748413,0.33307600021362305
TB3MS,2025-01-31,-0.3745865523815155,-0.2156326025724411,0.011542169377207756,0.24739205837249756,0.39656254649162292
TB3MS,2025-02-28,-0.36765947937965393,-0.20948861539363861,0.014865780249238014,0.24196541309356689,0.38987323641777039
TB3MS,2025-03-31,-0.35721144080162048,-0.20262607932090759,0.012520616874098778,0.23740088939666748,0.38372212648391724
TB3MS,2025-04-30,-0.35092124342918396,-0.19965855777263641,0.0095217414200305939,0.23647388815879822,0.38385933637619019
TB3MS,2025-05-31,-0.35711771249771118,-0.20554602146148682,0.0081092212349176407,0.24594053626060486,0.39714536070823669
TB3MS,2025-06-30,-0.33437192440032959,-0.19521361589431763,0.012299871072173119,0.24105298519134521,0.38573989272117615
TB3MS,2025-07-31,-0.3303413987159729,-0.19412191212177277,0.012678386643528938,0.24611800909042358,0.39419803023338318
TB3MS,2025-08-31,-0.33821997046470642,-0.19994045794010162,0.008989555761218071,0.24592894315719604,0.39487579464912415
TB3SMFFM,2023-09-30,-0.16759061813354492,-0.10993482172489166,-0.023056536912918091,0.10251110792160034,0.17836710810661316
TB3SMFFM,2023-10-31,-0.1962946355342865,-0.13059952855110168,-0.015848159790039062,0.14372262358665466,0.23177823424339294
TB3SMFFM,2023-11-30,-0.23548686504364014,-0.157997727394104,-0.014130711555480957,0.18065926432609558,0.27894917130470276
TB3SMFFM,2023-12-31,-0.26349025964736938,-0.18222664296627045,-0.012954801321029663,0.20243695378303528,0.3113957941532135
TB3SMFFM,2024-01-31,-0.29125133156776428,-0.20197303593158722,-0.012679874897003174,0.23479565978050232,0.36162802577018738
TB3SMFFM,2024-02-29,-0.29982876777648926,-0.20789721608161926,-0.0099749267101287842,0.24140891432762146,0.37273117899894714
TB3SMFFM,2024-03-31,-0.3325856626033783,-0.23433142900466919,-0.012322664260864258,0.25857993960380554,0.40004828572273254
TB3SMFFM,2024-04-30,-0.35523313283920288,-0.25007432699203491,-0.0078091323375701904,0.27140489220619202,0.41926845908164978
TB3SMFFM,2024-05-31,-0.35709276795387268,-0.25100827217102051,-0.012910932302474976,0.27965697646141052,0.43634209036827087
TB3SMFFM,2024-06-30,-0.36950644850730896,-0.25682386755943298,-0.016134113073348999,0.28365716338157654,0.44887682795524597
TB3SMFFM,2024-07-31,-0.38449329137802124,-0.26149582862854004,-0.013236910104751587,0.29537859559059143,0.47170242667198181
TB3SMFFM,2024-08-31,-0.39456713199615479,-0.26170724630355835,-0.015501856803894043,0.29272106289863586,0.47046878933906555
TB3SMFFM,2024-09-30,-0.4258500337600708,-0.27835440635681152,-0.013791441917419434,0.30501493811607361,0.48531237244606018
TB3SMFFM,2024-10-31,-0.43660631775856018,-0.28238403797149658,-0.014137834310531616,0.33332464098930359,0.52258753776550293
TB3SMFFM,2024-11-30,-0.45618656277656555,-0.30519756674766541,-0.012612104415893555,0.33850106596946716,0.52718102931976318
TB3SMFFM,2024-12-31,-0.45718640089035034,-0.30566254258155823,-0.011151313781738281,0.33808442950248718,0.53041720390319824
TB3SMFFM,2025-01-31,-0.46040722727775574,-0.2952238917350769,-0.01688733696937561,0.38599434494972229,0.67507362365722656
TB3SMFFM,2025-02-28,-0.44666090607643127,-0.28443816304206848,-0.013642221689224243,0.38980236649513245,0.69228231906890869
TB3SMFFM,2025-03-31,-0.44193834066390991,-0.27998283505439758,-0.013097137212753296,0.3753906786441803,0.6699073314666748
TB3SMFFM,2025-04-30,-0.44180065393447876,-0.2797168493270874,-0.013769984245300293,0.36848703026771545,0.64923775196075439
TB3SMFFM,2025-05-31,-0.44924443960189819,-0.2861674427986145,-0.014133483171463013,0.37777677178382874,0.6538386344909668
TB3SMFFM,2025-06-30,-0.44231677055358887,-0.28183597326278687,-0.017918914556503296,0.35941222310066223,0.62742578983306885
TB3SMFFM,2025-07-31,-0.44978189468383789,-0.28826668858528137,-0.016613662242889404,0.36661741137504578,0.64131605625152588
TB3SMFFM,2025-08-31,-0.4535866379737854,-0.28744959831237793,-0.012950509786605835,0.37163087725639343,0.65014743804931641
TB6MS,2023-09-30,-0.23989824950695038,-0.1488996297121048,0.0088188312947750092,0.17717601358890533,0.27558496594429016
TB6MS,2023-10-31,-0.26392704248428345,-0.16545240581035614,0.012048531323671341,0.18721106648445129,0.28936225175857544
TB6MS,2023-11-30,-0.27164730429649353,-0.17237138748168945,0.0089006833732128143,0.19612452387809753,0.30235376954078674
TB6MS,2023-12-31,-0.27343001961708069,-0.17330597341060638,0.0093981232494115829,0.20199967920780182,0.31189370155334473
TB6MS,2024-01-31,-0.29223787784576416,-0.18686558306217194,0.0070986412465572357,0.21862538158893585,0.33773186802864075
TB6MS,2024-02-29,-0.28369870781898499,-0.18231098353862762,0.011916514486074448,0.21748453378677368,0.33309388160705566
TB6MS,2024-03-31,-0.29506856203079224,-0.19060626626014709,0.010787017643451691,0.22285282611846924,0.34101396799087524
TB6MS,2024-04-30,-0.29389059543609619,-0.189037024974823,0.0068772230297327042,0.2189939022064209,0.33771339058876038
TB6MS,2024-05-31,-0.29730826616287231,-0.19004195928573608,0.0078287851065397263,0.21613463759422302,0.33252671360969543
TB6MS,2024-06-30,-0.29914847016334534,-0.18698056042194366,0.0091112628579139709,0.21499885618686676,0.33142203092575073
TB6MS,2024-07-31,-0.29650622606277466,-0.18420135974884033,0.0084972213953733444,0.20897649228572845,0.32426613569259644
TB6MS,2024-08-31,-0.30139243602752686,-0.18455637991428375,0.0074072703719139099,0.20580120384693146,0.31780055165290833
TB6MS,2024-09-30,-0.33290895819664001,-0.199318528175354,0.0091020669788122177,0.21408252418041229,0.32912299036979675
TB6MS,2024-10-31,-0.3433254063129425,-0.20421965420246124,0.0096330773085355759,0.22448897361755371,0.34291419386863708
TB6MS,2024-11-30,-0.35412603616714478,-0.21301603317260742,0.009226042777299881,0.22375118732452393,0.343677818775177
TB6MS,2024-12-31,-0.34337425231933594,-0.20940141379833221,0.0072086341679096222,0.22064900398254395,0.33995094895362854
TB6MS,2025-01-31,-0.36652526259422302,-0.2111516147851944,0.0093024540692567825,0.25829243659973145,0.4115942120552063
TB6MS,2025-02-28,-0.36326831579208374,-0.20813047885894775,0.011433305218815804,0.25540384650230408,0.40887811779975891
TB6MS,2025-03-31,-0.35077947378158569,-0.20015101134777069,0.0098385810852050781,0.25037479400634766,0.40199318528175354
TB6MS,2025-04-30,-0.34324055910110474,-0.19634035229682922,0.007445966824889183,0.24895000457763672,0.40025720000267029
TB6MS,2025-05-31,-0.3485419750213623,-0.20043835043907166,0.0063866563141345978,0.25646847486495972,0.41090711951255798
TB6MS,2025-06-30,-0.33317890763282776,-0.19528253376483917,0.0097287837415933609,0.25342535972595215,0.40177205204963684
TB6MS,2025-07-31,-0.33164438605308533,-0.19531109929084778,0.010003089904785156,0.2601509690284729,0.41175571084022522
TB6MS,2025-08-31,-0.33970946073532104,-0.20058682560920715,0.0078015048056840897,0.2617332935333252,0.41356566548347473
TB6SMFFM,2023-09-30,-0.26143065094947815,-0.16781643033027649,-0.036959618330001831,0.11006008088588715,0.20264603197574615
TB6SMFFM,2023-10-31,-0.32566961646080017,-0.21800634264945984,-0.031937599182128906,0.17661647498607635,0.30097383260726929
TB6SMFFM,2023-11-30,-0.38701081275939941,-0.2636953592300415,-0.026066362857818604,0.24748806655406952,0.39010953903198242
TB6SMFFM,2023-12-31,-0.44434830546379089,-0.30623933672904968,-0.01863686740398407,0.30956244468688965,0.47804045677185059
TB6SMFFM,2024-01-31,-0.49600619077682495,-0.3414091169834137,-0.02177119255065918,0.36177444458007812,0.5590241551399231
TB6SMFFM,2024-02-29,-0.5114174485206604,-0.35320496559143066,-0.0067302733659744263,0.39048188924789429,0.59154295921325684
TB6SMFFM,2024-03-31,-0.553702712059021,-0.38076233863830566,-0.0038291066884994507,0.42685788869857788,0.64314401149749756
TB6SMFFM,2024-04-30,-0.59405970573425293,-0.41003865003585815,-0.0075827687978744507,0.444846510887146,0.67285174131393433
TB6SMFFM,2024-05-31,-0.6047440767288208,-0.41480553150177002,-0.00015003979206085205,0.47716039419174194,0.71835410594940186
TB6SMFFM,2024-06-30,-0.63913387060165405,-0.429939866065979,1.4334917068481445e-05,0.47970926761627197,0.72962003946304321
TB6SMFFM,2024-07-31,-0.64149123430252075,-0.42574793100357056,0.0065037161111831665,0.50502264499664307,0.77190840244293213
TB6SMFFM,2024-08-31,-0.67466825246810913,-0.43777748942375183,0.003335222601890564,0.50987690687179565,0.78203976154327393
TB6SMFFM,2024-09-30,-0.72962468862533569,-0.46160233020782471,0.01032613217830658,0.53035438060760498,0.80209708213806152
TB6SMFFM,2024-10-31,-0.76705259084701538,-0.48250240087509155,0.013564363121986389,0.57374721765518188,0.86020708084106445
TB6SMFFM,2024-11-30,-0.79190051555633545,-0.49957799911499023,0.026451990008354187,0.58976024389266968,0.87540924549102783
TB6SMFFM,2024-12-31,-0.76223218441009521,-0.48964029550552368,0.019196465611457825,0.58827954530715942,0.88192093372344971
TB6SMFFM,2025-01-31,-0.81809401512145996,-0.4813782274723053,0.020579561591148376,0.67678380012512207,1.0293776988983154
TB6SMFFM,2025-02-28,-0.79738438129425049,-0.47080105543136597,0.025265291333198547,0.69445693492889404,1.0562039613723755
TB6SMFFM,2025-03-31,-0.78315591812133789,-0.46061369776725769,0.025183007121086121,0.67830616235733032,1.0407443046569824
TB6SMFFM,2025-04-30,-0.77260595560073853,-0.45196309685707092,0.032234862446784973,0.67604601383209229,1.0354101657867432
TB6SMFFM,2025-05-31,-0.78317326307296753,-0.45727771520614624,0.024315908551216125,0.66896259784698486,1.0308822393417358
TB6SMFFM,2025-06-30,-0.74301612377166748,-0.44071793556213379,0.024130448698997498,0.63958758115768433,0.98883175849914551
TB6SMFFM,2025-07-31,-0.74325448274612427,-0.44078850746154785,0.029241308569908142,0.64538228511810303,0.99888336658477783
TB6SMFFM,2025-08-31,-0.77020353078842163,-0.45298260450363159,0.027525737881660461,0.63975995779037476,0.99557483196258545
TOTRESNS,2023-09-30,-0.071536742150783539,-0.053382527083158493,-0.014969374984502792,0.021047972142696381,0.036522254347801208
TOTRESNS,2023-10-31,-0.070726342499256134,-0.051728852093219757,-0.010145779699087143,0.030820706859230995,0.04831555113196373
TOTRESNS,2023-11-30,-0.040395468473434448,-0.020876219496130943,0.023835398256778717,0.0691666379570961,0.088372595608234406
TOTRESNS,2023-12-31,-0.072944037616252899,-0.05155891552567482,-0.00056484399829059839,0.048087377101182938,0.067582502961158752
TOTRESNS,2024-01-31,-0.083829008042812347,-0.06159675121307373,-0.0073989792726933956,0.049423020333051682,0.072087697684764862
TOTRESNS,2024-02-29,-0.081104002892971039,-0.057148955762386322,0.0030676217284053564,0.062412075698375702,0.085519008338451385
TOTRESNS,2024-03-31,-0.096951544284820557,-0.071266695857048035,-0.0059318817220628262,0.05956760048866272,0.08433503657579422
TOTRESNS,2024-04-30,-0.091282457113265991,-0.066357977688312531,-0.0019484530203044415,0.061658676713705063,0.085947155952453613
TOTRESNS,2024-05-31,-0.07830183207988739,-0.054159339517354965,0.008432658389210701,0.069954745471477509,0.093296989798545837
TOTRESNS,2024-06-30,-0.077364243566989899,-0.05413668230175972,0.0045954538509249687,0.060041017830371857,0.082377776503562927
TOTRESNS,2024-07-31,-0.087838254868984222,-0.063978970050811768,-0.0086043328046798706,0.044950328767299652,0.067071959376335144
TOTRESNS,2024-08-31,-0.067107163369655609,-0.045088909566402435,0.0086051002144813538,0.060053188353776932,0.080887190997600555
TOTRESNS,2024-09-30,-0.079421214759349823,-0.056832030415534973,-0.0018142687622457743,0.050381038337945938,0.071139253675937653
TOTRESNS,2024-10-31,-0.076758049428462982,-0.054627012461423874,-0.0013173002516850829,0.049718771129846573,0.069863639771938324
TOTRESNS,2024-11-30,-0.072077460587024689,-0.050469353795051575,0.0022391877137124538,0.052586443722248077,0.073519274592399597
TOTRESNS,2024-12-31,-0.071593262255191803,-0.050459597259759903,0.0022034118883311749,0.054411269724369049,0.075513161718845367
TOTRESNS,2025-01-31,-0.10121753066778183,-0.073752202093601227,-0.0065716947428882122,0.060367017984390259,0.088735088706016541
TOTRESNS,2025-02-28,-0.10060504078865051,-0.071874178946018219,-0.00068138912320137024,0.069749109447002411,0.099021941423416138
TOTRESNS,2025-03-31,-0.089627660810947418,-0.062248658388853073,0.0055295415222644806,0.074652388691902161,0.10364440828561783
TOTRESNS,2025-04-30,-0.091593459248542786,-0.06447504460811615,0.00061376835219562054,0.066398628056049347,0.094575248658657074
TOTRESNS,2025-05-31,-0.10077505558729172,-0.073727630078792572,-0.0096772275865077972,0.056169755756855011,0.084053888916969299
TOTRESNS,2025-06-30,-0.076263248920440674,-0.052512899041175842,0.0058838282711803913,0.064065217971801758,0.088369198143482208
TOTRESNS,2025-07-31,-0.076600268483161926,-0.053200781345367432,0.0024684967938810587,0.05807679146528244,0.081844158470630646
TOTRESNS,2025-08-31,-0.078191064298152924,-0.05511382594704628,0.00041844096267595887,0.055546566843986511,0.079357750713825226
TWEXAFEGSMTHx,2023-09-30,-0.017131585627794266,-0.01109614409506321,0.0081153186038136482,0.026919405907392502,0.032462157309055328
TWEXAFEGSMTHx,2023-10-31,-0.026449065655469894,-0.020323697477579117,0.00022761282161809504,0.020730596035718918,0.026707306504249573
TWEXAFEGSMTHx,2023-11-30,-0.027347836643457413,-0.0209512859582901,3.4366719773970544e-05,0.02092328667640686,0.027137875556945801
TWEXAFEGSMTHx,2023-12-31,-0.026837632060050964,-0.020577594637870789,0.00038891594158485532,0.021104637533426285,0.027218572795391083
TWEXAFEGSMTHx,2024-01-31,-0.02656090259552002,-0.020253743976354599,0.00081118824891746044,0.021879583597183228,0.02795027568936348
TWEXAFEGSMTHx,2024-02-29,-0.02818988636136055,-0.021775916218757629,-0.00073715206235647202,0.020178224891424179,0.026438064873218536
TWEXAFEGSMTHx,2024-03-31,-0.027595560997724533,-0.021229855716228485,0.00022832500690128654,0.020811527967453003,0.026917412877082825
TWEXAFEGSMTHx,2024-04-30,-0.027215752750635147,-0.02093949168920517,0.0003970347170252353,0.021098725497722626,0.027289625257253647
TWEXAFEGSMTHx,2024-05-31,-0.027663391083478928,-0.021382782608270645,0.00033825257560238242,0.021141700446605682,0.027346335351467133
TWEXAFEGSMTHx,2024-06-30,-0.027859941124916077,-0.021505679935216904,-0.00013749831123277545,0.020961645990610123,0.027536578476428986
TWEXAFEGSMTHx,2024-07-31,-0.027536898851394653,-0.021304205060005188,2.4375483917538077e-05,0.020775862038135529,0.026928823441267014
TWEXAFEGSMTHx,2024-08-31,-0.027449220418930054,-0.021240539848804474,4.2508367187110707e-05,0.020901333540678024,0.027159277349710464
TWEXAFEGSMTHx,2024-09-30,-0.027903072535991669,-0.021444760262966156,4.5926532038720325e-05,0.021237228065729141,0.027556110173463821
TWEXAFEGSMTHx,2024-10-31,-0.028533164411783218,-0.02189239114522934,-0.00011342279321979731,0.021070174872875214,0.02719787135720253
TWEXAFEGSMTHx,2024-11-30,-0.027929443866014481,-0.02156086266040802,3.8816426240373403e-05,0.021136760711669922,0.027476783841848373
TWEXAFEGSMTHx,2024-12-31,-0.028070066124200821,-0.021549493074417114,6.6756299929693341e-05,0.021214701235294342,0.027616716921329498
TWEXAFEGSMTHx,2025-01-31,-0.027490388602018356,-0.021043185144662857,0.00021178832685109228,0.021144941449165344,0.027362305670976639
TWEXAFEGSMTHx,2025-02-28,-0.027464434504508972,-0.021065045148134232,0.00020836738985963166,0.020930450409650803,0.02718011662364006
TWEXAFEGSMTHx,2025-03-31,-0.027494508773088455,-0.021002169698476791,0.00023192635853774846,0.020875085145235062,0.027108367532491684
TWEXAFEGSMTHx,2025-04-30,-0.027390837669372559,-0.021074183285236359,1.1249154340475798e-05,0.020819656550884247,0.027070824056863785
TWEXAFEGSMTHx,2025-05-31,-0.02730083093047142,-0.020810902118682861,0.00025801415904425085,0.020947087556123734,0.027020439505577087
TWEXAFEGSMTHx,2025-06-30,-0.027524717152118683,-0.021007854491472244,0.00026777273160405457,0.020904075354337692,0.027022261172533035
TWEXAFEGSMTHx,2025-07-31,-0.02775992825627327,-0.02110062912106514,0.000327419547829777,0.020737480372190475,0.026809800416231155
TWEXAFEGSMTHx,2025-08-31,-0.027407068759202957,-0.020904850214719772,0.00033131238888017833,0.020820554345846176,0.027011442929506302
UEMP15OV,2023-09-30,-0.071970798075199127,-0.052672158926725388,-0.00048835098277777433,0.051355250179767609,0.071213863790035248
UEMP15OV,2023-10-31,-0.076591275632381439,-0.056250147521495819,0.0012202471261844039,0.058241035789251328,0.079369440674781799
UEMP15OV,2023-11-30,-0.059981942176818848,-0.038714151829481125,0.022225987166166306,0.084074452519416809,0.10764585435390472
UEMP15OV,2023-12-31,-0.082507848739624023,-0.059932004660367966,0.0044443192891776562,0.067373953759670258,0.089919164776802063
UEMP15OV,2024-01-31,-0.079804003238677979,-0.05804816260933876,0.0068115592002868652,0.072657875716686249,0.097037278115749359
UEMP15OV,2024-02-29,-0.084619104862213135,-0.062236666679382324,0.0060853781178593636,0.073597930371761322,0.097692042589187622
UEMP15OV,2024-03-31,-0.085220187902450562,-0.061690919101238251,0.0089785391464829445,0.078004300594329834,0.10240139812231064
UEMP15OV,2024-04-30,-0.088731519877910614,-0.065341487526893616,0.0053148646838963032,0.075691953301429749,0.10095864534378052
UEMP15OV,2024-05-31,-0.08713366836309433,-0.063487425446510315,0.007803761400282383,0.078660652041435242,0.10383058339357376
UEMP15OV,2024-06-30,-0.087898552417755127,-0.064186684787273407,0.0074121998623013496,0.078492641448974609,0.10322719067335129
UEMP15OV,2024-07-31,-0.090485379099845886,-0.065840102732181549,0.0067206984385848045,0.07809486985206604,0.10338203608989716
UEMP15OV,2024-08-31,-0.092222467064857483,-0.068371601402759552,0.0038599837571382523,0.074154429137706757,0.099312372505664825
UEMP15OV,2024-09-30,-0.090824179351329803,-0.0667877197265625,0.0047203763388097286,0.073803797364234924,0.098854541778564453
UEMP15OV,2024-10-31,-0.090947866439819336,-0.066627621650695801,0.0044402647763490677,0.074194662272930145,0.098256543278694153
UEMP15OV,2024-11-30,-0.092446573078632355,-0.068034738302230835,0.0039192293770611286,0.073840111494064331,0.099172301590442657
UEMP15OV,2024-12-31,-0.094518385827541351,-0.069873176515102386,0.002950077410787344,0.074014514684677124,0.099768765270709991
UEMP15OV,2025-01-31,-0.094735510647296906,-0.069326154887676239,0.0024089044891297817,0.073299355804920197,0.10012044757604599
UEMP15OV,2025-02-28,-0.096142947673797607,-0.070796579122543335,0.0018160236068069935,0.074113175272941589,0.10151994228363037
UEMP15OV,2025-03-31,-0.095848619937896729,-0.070328086614608765,0.0022337031550705433,0.074405625462532043,0.10209478437900543
UEMP15OV,2025-04-30,-0.097735121846199036,-0.071604862809181213,0.0013590272283181548,0.07300122082233429,0.1007104218006134
UEMP15OV,2025-05-31,-0.096237286925315857,-0.070293761789798737,0.0022250418551266193,0.073917463421821594,0.10218047350645065
UEMP15OV,2025-06-30,-0.098280906677246094,-0.072117894887924194,0.0023608640767633915,0.074353605508804321,0.10247592628002167
UEMP15OV,2025-07-31,-0.098704732954502106,-0.071842603385448456,0.0022290586493909359,0.073375672101974487,0.10119663178920746
UEMP15OV,2025-08-31,-0.09817562997341156,-0.07173292338848114,0.0017779310001060367,0.073036804795265198,0.1009724959731102
UEMP15T26,2023-09-30,-0.081565119326114655,-0.057525109499692917,0.016207870095968246,0.087657243013381958,0.11244697868824005
UEMP15T26,2023-10-31,-0.10438019782304764,-0.078630745410919189,0.00085281697101891041,0.079701654613018036,0.10666463524103165
UEMP15T26,2023-11-30,-0.0839872807264328,-0.056475047022104263,0.027766309678554535,0.11589166522026062,0.14548389613628387
UEMP15T26,2023-12-31,-0.12198957800865173,-0.093587480485439301,-0.0076752919703722,0.077217504382133484,0.10599447786808014
UEMP15T26,2024-01-31,-0.10304457694292068,-0.074847795069217682,0.013395369984209538,0.10208710283041,0.13244438171386719
UEMP15T26,2024-02-29,-0.11932916194200516,-0.090999186038970947,0.0018887131009250879,0.092462740838527679,0.12205774337053299
UEMP15T26,2024-03-31,-0.11353956907987595,-0.084415413439273834,0.010892783291637897,0.1046341210603714,0.13457641005516052
UEMP15T26,2024-04-30,-0.12676368653774261,-0.097385205328464508,-0.0022756156977266073,0.094585016369819641,0.12644085288047791
UEMP15T26,2024-05-31,-0.11620044708251953,-0.08625783771276474,0.010429223999381065,0.10762220621109009,0.13923388719558716
UEMP15T26,2024-06-30,-0.12190233170986176,-0.091190539300441742,0.0064618890173733234,0.10358172655105591,0.1350700855255127
UEMP15T26,2024-07-31,-0.12328177690505981,-0.092011816799640656,0.0067508947104215622,0.10421057790517807,0.13595393300056458
UEMP15T26,2024-08-31,-0.12686009705066681,-0.096422389149665833,0.002110345521941781,0.097883038222789764,0.12923546135425568
UEMP15T26,2024-09-30,-0.12414833158254623,-0.093168489634990692,0.0062069403938949108,0.10184761136770248,0.13347594439983368
UEMP15T26,2024-10-31,-0.12923291325569153,-0.097625352442264557,0.0021563547197729349,0.098890900611877441,0.12962217628955841
UEMP15T26,2024-11-30,-0.12791764736175537,-0.096716955304145813,0.0030742445960640907,0.10002335906028748,0.13237021863460541
UEMP15T26,2024-12-31,-0.13204902410507202,-0.10045401006937027,0.00072048336733132601,0.098979458212852478,0.13118743896484375
UEMP15T26,2025-01-31,-0.13396541774272919,-0.10037680715322495,0.0013417241862043738,0.10217815637588501,0.13706390559673309
UEMP15T26,2025-02-28,-0.13732677698135376,-0.10382777452468872,-0.0014575845561921597,0.10195083916187286,0.13779686391353607
UEMP15T26,2025-03-31,-0.13650619983673096,-0.10266068577766418,9.1515248641371727e-06,0.1018209382891655,0.13743843138217926
UEMP15T26,2025-04-30,-0.13834516704082489,-0.10437119752168655,-0.0017456468194723129,0.1003049835562706,0.13624264299869537
UEMP15T26,2025-05-31,-0.1354803740978241,-0.10145679116249084,0.00064771110191941261,0.10304816067218781,0.13939440250396729
UEMP15T26,2025-06-30,-0.13746953010559082,-0.10335135459899902,-2.4396402295678854e-05,0.10155604034662247,0.13746626675128937
UEMP15T26,2025-07-31,-0.13601160049438477,-0.10110057890415192,0.0018271170556545258,0.10171113163232803,0.13696447014808655
UEMP15T26,2025-08-31,-0.13512961566448212,-0.1012527272105217,-4.1527790017426014e-05,0.10009648650884628,0.13576622307300568
UEMP27OV,2023-09-30,-0.11590392887592316,-0.090494178235530853,-0.016647521406412125,0.055775847285985947,0.08432721346616745
UEMP27OV,2023-10-31,-0.099634580314159393,-0.072960205376148224,0.0052856439724564552,0.087569773197174072,0.11874783039093018
UEMP27OV,2023-11-30,-0.091555416584014893,-0.064169339835643768,0.017005788162350655,0.10146503150463104,0.13387452065944672
UEMP27OV,2023-12-31,-0.095439746975898743,-0.066863611340522766,0.016530636698007584,0.10393086820840836,0.13636395335197449
UEMP27OV,2024-01-31,-0.099545672535896301,-0.072292603552341461,0.010540440678596497,0.099316850304603577,0.132017582654953
UEMP27OV,2024-02-29,-0.10238852351903915,-0.074780501425266266,0.01063889916986227,0.10167595744132996,0.13557480275630951
UEMP27OV,2024-03-31,-0.10440612584352493,-0.075486719608306885,0.011157311499118805,0.10119447112083435,0.13493873178958893
UEMP27OV,2024-04-30,-0.10525327920913696,-0.077592805027961731,0.0081000877544283867,0.098833523690700531,0.13333684206008911
UEMP27OV,2024-05-31,-0.10415934771299362,-0.076300151646137238,0.0098244426771998405,0.10155489295721054,0.13586884737014771
UEMP27OV,2024-06-30,-0.1050175204873085,-0.077104724943637848,0.0089005641639232635,0.10042267292737961,0.13410823047161102
UEMP27OV,2024-07-31,-0.1051630973815918,-0.076701715588569641,0.0087006716057658195,0.099359117448329926,0.13316516578197479
UEMP27OV,2024-08-31,-0.10602947324514389,-0.078578151762485504,0.006493773777037859,0.096533343195915222,0.13047011196613312
UEMP27OV,2024-09-30,-0.10598784685134888,-0.07781585305929184,0.0074572418816387653,0.097408726811408997,0.13133662939071655
UEMP27OV,2024-10-31,-0.10628088563680649,-0.077636852860450745,0.0077724228613078594,0.098342530429363251,0.13155694305896759
UEMP27OV,2024-11-30,-0.10754067450761795,-0.078917637467384338,0.0078106657601892948,0.098201461136341095,0.13305230438709259
UEMP27OV,2024-12-31,-0.11439646780490875,-0.084322437644004822,0.0050775115378201008,0.096400707960128784,0.13168483972549438
UEMP27OV,2025-01-31,-0.11469361931085587,-0.083838455379009247,0.0046965056098997593,0.097388386726379395,0.13282246887683868
UEMP27OV,2025-02-28,-0.11706175655126572,-0.085960768163204193,0.0042794188484549522,0.097362250089645386,0.13362626731395721
UEMP27OV,2025-03-31,-0.11718163639307022,-0.085944287478923798,0.0038485131226480007,0.09700312465429306,0.1337050199508667
UEMP27OV,2025-04-30,-0.1174500584602356,-0.086328215897083282,0.0032856222242116928,0.09592108428478241,0.13243491947650909
UEMP27OV,2025-05-31,-0.11787938326597214,-0.086124703288078308,0.0037328149192035198,0.097258426249027252,0.13434620201587677
UEMP27OV,2025-06-30,-0.12017886340618134,-0.087773285806179047,0.0038280203007161617,0.097329884767532349,0.13468016684055328
UEMP27OV,2025-07-31,-0.12208297848701477,-0.08905048668384552,0.0029580332338809967,0.095155872404575348,0.13198056817054749
UEMP27OV,2025-08-31,-0.11916074156761169,-0.087099373340606689,0.0032800622284412384,0.094775788486003876,0.13120225071907043
UEMP5TO14,2023-09-30,-0.10759756714105606,-0.086355768144130707,-0.026930931955575943,0.033100228756666183,0.054676949977874756
UEMP5TO14,2023-10-31,-0.077756084501743317,-0.054350614547729492,0.013319965451955795,0.080714546144008636,0.10481042414903641
UEMP5TO14,2023-11-30,-0.097729705274105072,-0.074307717382907867,-0.0060606244951486588,0.06599763035774231,0.091462709009647369
UEMP5TO14,2023-12-31,-0.085123352706432343,-0.061414852738380432,0.010327204130589962,0.082058936357498169,0.10772475600242615
UEMP5TO14,2024-01-31,-0.094271816313266754,-0.070235341787338257,0.0015965652419254184,0.07643609493970871,0.10352542251348495
UEMP5TO14,2024-02-29,-0.096372224390506744,-0.072304569184780121,0.00052646477706730366,0.074820056557655334,0.10114868730306625
UEMP5TO14,2024-03-31,-0.091707423329353333,-0.067280642688274384,0.0049273576587438583,0.077611126005649567,0.10303489118814468
UEMP5TO14,2024-04-30,-0.093987710773944855,-0.069520413875579834,0.0038978199008852243,0.079091250896453857,0.10598094016313553
UEMP5TO14,2024-05-31,-0.093416653573513031,-0.069567449390888214,0.0028661233372986317,0.07686401903629303,0.10346390306949615
UEMP5TO14,2024-06-30,-0.097004257142543793,-0.071349054574966431,0.0030106988269835711,0.079965442419052124,0.10778284817934036
UEMP5TO14,2024-07-31,-0.095790036022663116,-0.070942416787147522,0.003843971760943532,0.081375651061534882,0.10843830555677414
UEMP5TO14,2024-08-31,-0.096476808190345764,-0.071916490793228149,0.0027777203358709812,0.079406380653381348,0.10618467628955841
UEMP5TO14,2024-09-30,-0.096632190048694611,-0.071114450693130493,0.005052332766354084,0.080556035041809082,0.10660386830568314
UEMP5TO14,2024-10-31,-0.097757451236248016,-0.072084046900272369,0.0026963811833411455,0.077814646065235138,0.10310877114534378
UEMP5TO14,2024-11-30,-0.095859453082084656,-0.071213960647583008,0.0029898693319410086,0.079856254160404205,0.10701697319746017
UEMP5TO14,2024-12-31,-0.098879128694534302,-0.073789007961750031,0.0017452442552894354,0.07812480628490448,0.10470452904701233
UEMP5TO14,2025-01-31,-0.10491950064897537,-0.078171119093894958,0.00046093761920928955,0.081964120268821716,0.11155485361814499
UEMP5TO14,2025-02-28,-0.10450737923383713,-0.077802680432796478,-0.0006087298970669508,0.079589091241359711,0.10917330533266068
UEMP5TO14,2025-03-31,-0.10293521732091904,-0.076468415558338165,4.5106571633368731e-06,0.078757748007774353,0.1079358384013176
UEMP5TO14,2025-04-30,-0.10544516891241074,-0.077674709260463715,4.8485235311090946e-06,0.078932501375675201,0.10850745439529419
UEMP5TO14,2025-05-31,-0.10349857807159424,-0.076543979346752167,-3.4145312383770943e-05,0.080276474356651306,0.11160488426685333
UEMP5TO14,2025-06-30,-0.10334371030330658,-0.076603502035140991,0.00034898461308330297,0.078298851847648621,0.10813350230455399
UEMP5TO14,2025-07-31,-0.10290759056806564,-0.075745142996311188,0.00045234919525682926,0.077469602227210999,0.10698189586400986
UEMP5TO14,2025-08-31,-0.10281579196453094,-0.075673907995223999,0.00085864157881587744,0.079429015517234802,0.1097877025604248
UEMPLT5,2023-09-30,-0.14228680729866028,-0.10992047935724258,-0.022670045495033264,0.059290681034326553,0.088864311575889587
UEMPLT5,2023-10-31,-0.12429158389568329,-0.090406514704227448,0.0044670216739177704,0.094022266566753387,0.125197634100914
UEMPLT5,2023-11-30,-0.12851449847221375,-0.093952842056751251,0.003180730389431119,0.097903840243816376,0.13030079007148743
UEMPLT5,2023-12-31,-0.1377861350774765,-0.10195472091436386,-0.0022645455319434404,0.093779563903808594,0.12608037889003754
UEMPLT5,2024-01-31,-0.13485899567604065,-0.099066339433193207,0.0010409591486677527,0.098007127642631531,0.13083870708942413
UEMPLT5,2024-02-29,-0.14087364077568054,-0.104510597884655,0.00069349829573184252,0.10088461637496948,0.13400426506996155
UEMPLT5,2024-03-31,-0.14358745515346527,-0.10565679520368576,0.0010541933588683605,0.10058204084634781,0.13292557001113892
UEMPLT5,2024-04-30,-0.1406005471944809,-0.10342774540185928,0.0014736780431121588,0.10161163657903671,0.13493354618549347
UEMPLT5,2024-05-31,-0.14229214191436768,-0.10510231554508209,0.0010208935709670186,0.10353276878595352,0.1378042995929718
UEMPLT5,2024-06-30,-0.14696179330348969,-0.1088397204875946,-0.00079825898865237832,0.10462407767772675,0.14002873003482819
UEMPLT5,2024-07-31,-0.13955144584178925,-0.10312318056821823,0.0011346610262989998,0.10149388760328293,0.1350342333316803
UEMPLT5,2024-08-31,-0.13799765706062317,-0.10199452936649323,5.3006922826170921e-05,0.097688533365726471,0.13044314086437225
UEMPLT5,2024-09-30,-0.14266049861907959,-0.10465005785226822,0.00075973873026669025,0.099540956318378448,0.132369264960289
UEMPLT5,2024-10-31,-0.14131706953048706,-0.10263914614915848,0.0011097893584519625,0.098784834146499634,0.13147673010826111
UEMPLT5,2024-11-30,-0.14389894902706146,-0.10495768487453461,0.00012275978224352002,0.098887898027896881,0.13273544609546661
UEMPLT5,2024-12-31,-0.14380760490894318,-0.1056457906961441,-0.00029539869865402579,0.098172999918460846,0.13196782767772675
UEMPLT5,2025-01-31,-0.14896230399608612,-0.10920719802379608,0.00051171984523534775,0.10656947642564774,0.14268216490745544
UEMPLT5,2025-02-28,-0.14901714026927948,-0.10976450890302658,-0.00016880995826795697,0.10607246309518814,0.14260625839233398
UEMPLT5,2025-03-31,-0.14715582132339478,-0.10793306678533554,-0.00023445332772098482,0.10360302031040192,0.14016515016555786
UEMPLT5,2025-04-30,-0.14774811267852783,-0.10761746019124985,-0.00027717393822968006,0.1011008694767952,0.13652434945106506
UEMPLT5,2025-05-31,-0.14713336527347565,-0.10777135193347931,3.1863979529589415e-05,0.10447970032691956,0.14114393293857574
UEMPLT5,2025-06-30,-0.14725072681903839,-0.10858026146888733,0.00045208015944808722,0.1029372364282608,0.13854998350143433
UEMPLT5,2025-07-31,-0.14487434923648834,-0.10631614178419113,7.7832839451730251e-05,0.099526144564151764,0.13410688936710358
UEMPLT5,2025-08-31,-0.13917836546897888,-0.1021689847111702,0.00070329359732568264,0.098871901631355286,0.13380566239356995
UEMPMEAN,2023-09-30,-1.0569421052932739,-0.66199344396591187,0.40705904364585876,1.6243568658828735,2.1064279079437256
UEMPMEAN,2023-10-31,-1.989202618598938,-1.5304718017578125,-0.29005110263824463,0.89217931032180786,1.3722161054611206
UEMPMEAN,2023-11-30,-1.5064233541488647,-1.0721876621246338,0.11247342079877853,1.378117561340332,1.8632251024246216
UEMPMEAN,2023-12-31,-1.7073773145675659,-1.2600358724594116,-0.029850330203771591,1.1856539249420166,1.656333327293396
UEMPMEAN,2024-01-31,-1.6428239345550537,-1.1914523839950562,0.022693384438753128,1.2826935052871704,1.7843751907348633
UEMPMEAN,2024-02-29,-1.8135703802108765,-1.3205863237380981,-0.024587087333202362,1.2463146448135376,1.7466505765914917
UEMPMEAN,2024-03-31,-1.7628128528594971,-1.2730170488357544,0.030946843326091766,1.3207095861434937,1.8319592475891113
UEMPMEAN,2024-04-30,-1.798822283744812,-1.3171993494033813,-0.023585159331560135,1.2886924743652344,1.8002609014511108
UEMPMEAN,2024-05-31,-1.7747716903686523,-1.2835795879364014,0.025765547528862953,1.346139669418335,1.8552454710006714
UEMPMEAN,2024-06-30,-1.8062642812728882,-1.3179279565811157,-0.010111278854310513,1.2945835590362549,1.7901828289031982
UEMPMEAN,2024-07-31,-1.8057371377944946,-1.3103698492050171,0.0024640113115310669,1.3111845254898071,1.803877592086792
UEMPMEAN,2024-08-31,-1.8394334316253662,-1.3522658348083496,-0.021570831537246704,1.2876294851303101,1.7789500951766968
UEMPMEAN,2024-09-30,-1.7960916757583618,-1.3084473609924316,0.010646325536072254,1.330292820930481,1.8209683895111084
UEMPMEAN,2024-10-31,-1.8492895364761353,-1.3519382476806641,-0.0079043367877602577,1.3163160085678101,1.8127453327178955
UEMPMEAN,2024-11-30,-1.7813420295715332,-1.3032101392745972,0.0079331882297992706,1.2741602659225464,1.7463096380233765
UEMPMEAN,2024-12-31,-1.8286621570587158,-1.328980565071106,-0.0061286846175789833,1.2662689685821533,1.7428019046783447
UEMPMEAN,2025-01-31,-2.003676176071167,-1.4400820732116699,0.0053939200006425381,1.4141837358474731,1.9677824974060059
UEMPMEAN,2025-02-28,-2.0252425670623779,-1.4573274850845337,-0.0073483521118760109,1.3953797817230225,1.9496701955795288
UEMPMEAN,2025-03-31,-1.9886683225631714,-1.4276920557022095,-0.008181682787835598,1.3494095802307129,1.8902115821838379
UEMPMEAN,2025-04-30,-1.9417637586593628,-1.4000062942504883,-0.010808761231601238,1.3108847141265869,1.8475687503814697
UEMPMEAN,2025-05-31,-1.9351568222045898,-1.3828905820846558,-0.0082779927179217339,1.3340829610824585,1.8817430734634399
UEMPMEAN,2025-06-30,-2.0010757446289062,-1.4255630970001221,-0.01144332904368639,1.3357123136520386,1.8778550624847412
UEMPMEAN,2025-07-31,-1.9746148586273193,-1.4056742191314697,-0.0087975980713963509,1.3065735101699829,1.8360415697097778
UEMPMEAN,2025-08-31,-1.9514892101287842,-1.391920804977417,-0.013611464761197567,1.2936005592346191,1.8224977254867554
UMCSENTx,2023-09-30,-7.4774246215820312,-5.9086260795593262,-1.4095777273178101,2.6896491050720215,4.139284610748291
UMCSENTx,2023-10-31,-5.9376087188720703,-4.3373589515686035,0.40295708179473877,5.2029728889465332,6.8454461097717285
UMCSENTx,2023-11-30,-6.8754792213439941,-5.1796326637268066,-0.26367783546447754,4.6558709144592285,6.3486537933349609
UMCSENTx,2023-12-31,-6.4208736419677734,-4.7027378082275391,0.33847200870513916,5.4240970611572266,7.1330704689025879
UMCSENTx,2024-01-31,-6.5928835868835449,-4.9328231811523438,-0.021317550912499428,4.9377379417419434,6.6060853004455566
UMCSENTx,2024-02-29,-6.5308184623718262,-4.8784031867980957,0.11583208292722702,5.0780715942382812,6.7338728904724121
UMCSENTx,2024-03-31,-6.7309708595275879,-5.0486507415771484,-0.052292145788669586,4.8491582870483398,6.4875345230102539
UMCSENTx,2024-04-30,-6.6596651077270508,-5.0170836448669434,-0.017706163227558136,4.9245567321777344,6.6029253005981445
UMCSENTx,2024-05-31,-6.8600172996520996,-5.2215805053710938,-0.24976037442684174,4.5351114273071289,6.1769981384277344
UMCSENTx,2024-06-30,-6.7366251945495605,-5.0208196640014648,-0.050960920751094818,4.778447151184082,6.4438414573669434
UMCSENTx,2024-07-31,-6.9872708320617676,-5.327214241027832,-0.35757195949554443,4.4338536262512207,6.060816764831543
UMCSENTx,2024-08-31,-6.7720580101013184,-5.1236472129821777,-0.13903309404850006,4.6690196990966797,6.2741632461547852
UMCSENTx,2024-09-30,-6.96844482421875,-5.2513532638549805,-0.24256317317485809,4.5297198295593262,6.1064414978027344
UMCSENTx,2024-10-31,-6.9413871765136719,-5.1941046714782715,-0.11028818786144257,4.7236132621765137,6.2844638824462891
UMCSENTx,2024-11-30,-6.9806461334228516,-5.2753462791442871,-0.11932262778282166,4.7681713104248047,6.401580810546875
UMCSENTx,2024-12-31,-6.8280119895935059,-5.0703215599060059,0.14084801077842712,5.1662616729736328,6.8667149543762207
UMCSENTx,2025-01-31,-6.6569981575012207,-4.8693647384643555,0.16012965142726898,5.1101040840148926,6.7925891876220703
UMCSENTx,2025-02-28,-6.9540648460388184,-5.1326236724853516,-0.011702746152877808,4.9524340629577637,6.6440706253051758
UMCSENTx,2025-03-31,-7.0218558311462402,-5.2102451324462891,-0.1146300807595253,4.800684928894043,6.4873428344726562
UMCSENTx,2025-04-30,-6.9270963668823242,-5.1517581939697266,-0.056841976940631866,4.8254709243774414,6.4848580360412598
UMCSENTx,2025-05-31,-6.8331894874572754,-5.0505657196044922,-0.074881665408611298,4.7275199890136719,6.3628640174865723
UMCSENTx,2025-06-30,-6.915809154510498,-5.0985403060913086,-0.042068693786859512,4.7305054664611816,6.3509511947631836
UMCSENTx,2025-07-31,-7.0109210014343262,-5.1641478538513184,-0.10243129730224609,4.6675891876220703,6.2872834205627441
UMCSENTx,2025-08-31,-6.977546215057373,-5.1527748107910156,-0.079821251332759857,4.7887191772460938,6.4610023498535156
UNRATE,2023-09-30,-0.2349860668182373,-0.18347173929214478,-0.042341262102127075,0.092212170362472534,0.13968509435653687
UNRATE,2023-10-31,-0.19695958495140076,-0.14243665337562561,0.010081915184855461,0.15301942825317383,0.20359534025192261
UNRATE,2023-11-30,-0.17803724110126495,-0.12720464169979095,0.021628698334097862,0.16634370386600494,0.21571604907512665
UNRATE,2023-12-31,-0.18662688136100769,-0.13558623194694519,0.022177187725901604,0.17628663778305054,0.23133645951747894
UNRATE,2024-01-31,-0.22305674850940704,-0.16703321039676666,0.0012912703678011894,0.1591099351644516,0.21104523539543152
UNRATE,2024-02-29,-0.21643376350402832,-0.15971536934375763,0.013465777039527893,0.17818610370159149,0.23547729849815369
UNRATE,2024-03-31,-0.22598510980606079,-0.16331201791763306,0.02036103792488575,0.18971434235572815,0.24879381060600281
UNRATE,2024-04-30,-0.2425699383020401,-0.17882704734802246,0.010215997695922852,0.1928606778383255,0.25504967570304871
UNRATE,2024-05-31,-0.23687589168548584,-0.17538221180438995,0.0098220556974411011,0.18882572650909424,0.25106686353683472
UNRATE,2024-06-30,-0.24515186250209808,-0.1812855452299118,0.013108113780617714,0.19569413363933563,0.25858026742935181
UNRATE,2024-07-31,-0.24331478774547577,-0.18074728548526764,0.010066051036119461,0.19542066752910614,0.26048099994659424
UNRATE,2024-08-31,-0.25044900178909302,-0.18683218955993652,0.0088876150548458099,0.19132556021213531,0.25352099537849426
UNRATE,2024-09-30,-0.25158688426017761,-0.18881195783615112,0.0091771557927131653,0.19684162735939026,0.26007607579231262
UNRATE,2024-10-31,-0.25825852155685425,-0.1913546621799469,0.0099637731909751892,0.1929394006729126,0.25345554947853088
UNRATE,2024-11-30,-0.2470950186252594,-0.183943971991539,0.010460535064339638,0.2003742903470993,0.26650211215019226
UNRATE,2024-12-31,-0.26620650291442871,-0.20069476962089539,-0.0031573227606713772,0.19277170300483704,0.25819557905197144
UNRATE,2025-01-31,-0.29579973220825195,-0.22250813245773315,-0.0097830556333065033,0.19944027066230774,0.27157452702522278
UNRATE,2025-02-28,-0.28619173169136047,-0.2153780609369278,-0.00964315515011549,0.19067086279392242,0.25893718004226685
UNRATE,2025-03-31,-0.27551355957984924,-0.20629221200942993,-0.0069514038041234016,0.18621015548706055,0.25235801935195923
UNRATE,2025-04-30,-0.27189221978187561,-0.203907310962677,-0.0061981254257261753,0.192762091755867,0.2623368501663208
UNRATE,2025-05-31,-0.28765249252319336,-0.21571914851665497,-0.0096813980489969254,0.18724395334720612,0.25530895590782166
UNRATE,2025-06-30,-0.26974758505821228,-0.2015862762928009,-0.0045831035822629929,0.190374955534935,0.26225736737251282
UNRATE,2025-07-31,-0.27603045105934143,-0.20489495992660522,-0.0064027826301753521,0.19050537049770355,0.26293528079986572
UNRATE,2025-08-31,-0.28609380125999451,-0.21290554106235504,-0.008129430003464222,0.19266507029533386,0.26358172297477722
USCONS,2023-09-30,-0.0028638043440878391,-0.0011457499349489808,0.0020926825236529112,0.0053028874099254608,0.0067085470072925091
USCONS,2023-10-31,-0.0045239739120006561,-0.0024415715597569942,0.0016142693348228931,0.005116006825119257,0.0067220930941402912
USCONS,2023-11-30,-0.0039650397375226021,-0.0018847674364224076,0.0021704607643187046,0.0059498255141079426,0.0075335917063057423
USCONS,2023-12-31,-0.0051070945337414742,-0.0027501368895173073,0.00217790761962533,0.0065506249666213989,0.0084142489358782768
USCONS,2024-01-31,-0.0072069279849529266,-0.0043695056810975075,0.0018980061868205667,0.0075284517370164394,0.009789464995265007
USCONS,2024-02-29,-0.007284926250576973,-0.004345437977463007,0.0022714189253747463,0.0081021199002861977,0.010372661054134369
USCONS,2024-03-31,-0.0073384866118431091,-0.0043573817238211632,0.0021493607200682163,0.0077427886426448822,0.0099351229146122932
USCONS,2024-04-30,-0.0072513818740844727,-0.0043120118789374828,0.0020747219678014517,0.0076976637355983257,0.009929741732776165
USCONS,2024-05-31,-0.0066908681765198708,-0.0038093435578048229,0.0023131843190640211,0.0075896340422332287,0.009665261022746563
USCONS,2024-06-30,-0.0061811106279492378,-0.0034365705214440823,0.0021884217858314514,0.0070413155481219292,0.0091049931943416595
USCONS,2024-07-31,-0.0058522745966911316,-0.0031890966929495335,0.0021679452620446682,0.0065795918926596642,0.0085221957415342331
USCONS,2024-08-31,-0.0055750752799212933,-0.0029853601008653641,0.002199187409132719,0.0065933712758123875,0.0084251221269369125
USCONS,2024-09-30,-0.0060865902341902256,-0.0033495556563138962,0.0021387352608144283,0.0068120118230581284,0.0087123345583677292
USCONS,2024-10-31,-0.0064561539329588413,-0.003560332115739584,0.0020769753027707338,0.006824001669883728,0.008635377511382103
USCONS,2024-11-30,-0.0068198023363947868,-0.0038698441348969936,0.002120079705491662,0.007109563797712326,0.0091810273006558418
USCONS,2024-12-31,-0.0071386275812983513,-0.0041291113011538982,0.0020466777496039867,0.0072428267449140549,0.0092449979856610298
USCONS,2025-01-31,-0.010803347453474998,-0.0057952599599957466,0.0021954788826406002,0.0088869808241724968,0.011712479405105114
USCONS,2025-02-28,-0.010903147049248219,-0.0058575067669153214,0.0021654181182384491,0.0089227939024567604,0.011780561879277229
USCONS,2025-03-31,-0.0096780844032764435,-0.0049584447406232357,0.0023557310923933983,0.0084345275536179543,0.011118161492049694
USCONS,2025-04-30,-0.0090921139344573021,-0.0045642745681107044,0.002492404542863369,0.0082539105787873268,0.01084748562425375
USCONS,2025-05-31,-0.0090551283210515976,-0.0046468088403344154,0.0023362836800515652,0.0082687046378850937,0.010856247507035732
USCONS,2025-06-30,-0.0074811885133385658,-0.0037547629326581955,0.0023749237880110741,0.0076234336011111736,0.0099581237882375717
USCONS,2025-07-31,-0.0068522617220878601,-0.0033628353849053383,0.0024225299712270498,0.0073604648932814598,0.009621158242225647
USCONS,2025-08-31,-0.0068341009318828583,-0.0033668619580566883,0.0023841271176934242,0.0074215196073055267,0.0096817156299948692
USFIRE,2023-09-30,-0.0012618424370884895,-0.00084838760085403919,0.00043735111830756068,0.0017239532899111509,0.0021162088960409164
USFIRE,2023-10-31,-0.001736518694087863,-0.0012741927057504654,0.00023253477411344647,0.0017216140404343605,0.002173182787373662
USFIRE,2023-11-30,-0.0016576983034610748,-0.0011539212428033352,0.00047029968118295074,0.002047079149633646,0.0025079636834561825
USFIRE,2023-12-31,-0.0017254701815545559,-0.0011994950473308563,0.00055130221880972385,0.0022146452683955431,0.0027105584740638733
USFIRE,2024-01-31,-0.0018883883021771908,-0.0013138209469616413,0.00056626216974109411,0.0023453542962670326,0.002865668386220932
USFIRE,2024-02-29,-0.0019142730161547661,-0.0013414060231298208,0.00066140334820374846,0.0024723056703805923,0.003005672711879015
USFIRE,2024-03-31,-0.0020316571462899446,-0.0014185402542352676,0.00060676061548292637,0.0024926159530878067,0.0030521033331751823
USFIRE,2024-04-30,-0.002336790319532156,-0.0016993025783449411,0.00039540440775454044,0.0024531686212867498,0.0030781913083046675
USFIRE,2024-05-31,-0.0021390595939010382,-0.0014588963240385056,0.0007376723806373775,0.0027306405827403069,0.0033241482451558113
USFIRE,2024-06-30,-0.0023297546431422234,-0.0016093635931611061,0.00065069046104326844,0.00271251006051898,0.0033248825930058956
USFIRE,2024-07-31,-0.0023827485274523497,-0.001677593681961298,0.00059912871802225709,0.0026789642870426178,0.0033072060905396938
USFIRE,2024-08-31,-0.0024054136592894793,-0.0016984166577458382,0.00061351206386461854,0.0026860588695853949,0.0033075928222388029
USFIRE,2024-09-30,-0.0024575807619839907,-0.0017059885431081057,0.00067486445186659694,0.0028189739678055048,0.0034608903806656599
USFIRE,2024-10-31,-0.0025024146307259798,-0.0017230955418199301,0.00071097532054409385,0.0028630648739635944,0.0034860121086239815
USFIRE,2024-11-30,-0.0025417429860681295,-0.0017571006901562214,0.00068765855394303799,0.0028615426272153854,0.0035151275806128979
USFIRE,2024-12-31,-0.0026596947573125362,-0.0018438233528286219,0.00066863140091300011,0.0028704735450446606,0.0035348935052752495
USFIRE,2025-01-31,-0.0025800133589655161,-0.0017635256517678499,0.00080236804205924273,0.0032027559354901314,0.0039213579148054123
USFIRE,2025-02-28,-0.0025645794812589884,-0.0017461949028074741,0.00085641688201576471,0.0032760400790721178,0.0039975335821509361
USFIRE,2025-03-31,-0.0025415052659809589,-0.0017064101994037628,0.00090427667601034045,0.0033071234356611967,0.00402076356112957
USFIRE,2025-04-30,-0.0025913217104971409,-0.0017384402453899384,0.00091104023158550262,0.0033089946955442429,0.0040198070928454399
USFIRE,2025-05-31,-0.0025288248434662819,-0.001683791633695364,0.00092563341604545712,0.0033480522688478231,0.0040766838937997818
USFIRE,2025-06-30,-0.0025534536689519882,-0.0017055966891348362,0.00094255473231896758,0.0033651797566562891,0.0040837759152054787
USFIRE,2025-07-31,-0.0025255577638745308,-0.0016593956388533115,0.00099006982054561377,0.0033810369204729795,0.0040889661759138107
USFIRE,2025-08-31,-0.0024979060981422663,-0.0016469797119498253,0.00099918409250676632,0.0034322822466492653,0.0041647991165518761
USGOOD,2023-09-30,-0.0019407179206609726,-0.0011673697736114264,0.0005454437923617661,0.0021879945416003466,0.0027793676126748323
USGOOD,2023-10-31,-0.0026628233026713133,-0.0017103641293942928,0.00039679341716691852,0.0021710265427827835,0.0028168850112706423
USGOOD,2023-11-30,-0.0025154543109238148,-0.0015551106771454215,0.00062040792545303702,0.0025278409011662006,0.0031634494662284851
USGOOD,2023-12-31,-0.0027432178612798452,-0.0017277683364227414,0.00070056825643405318,0.0027905921451747417,0.0035130227915942669
USGOOD,2024-01-31,-0.0032833120785653591,-0.0021155823487788439,0.00062029703985899687,0.0029777197632938623,0.0037368717603385448
USGOOD,2024-02-29,-0.0033602793700993061,-0.00216111377812922,0.00079180725151672959,0.0032395520247519016,0.0040328451432287693
USGOOD,2024-03-31,-0.0037716329097747803,-0.0024620303884148598,0.00063039117958396673,0.0032445876859128475,0.0040814531967043877
USGOOD,2024-04-30,-0.0039547341875731945,-0.0025929594412446022,0.00066818459890782833,0.0034447407815605402,0.004340088926255703
USGOOD,2024-05-31,-0.0038071139715611935,-0.0024620278272777796,0.00076151435496285558,0.0034074923023581505,0.0042576896958053112
USGOOD,2024-06-30,-0.0038960177917033434,-0.0025306507013738155,0.00074004929047077894,0.0035047265700995922,0.0044645471498370171
USGOOD,2024-07-31,-0.0039873481728136539,-0.0025957890320569277,0.00069705524947494268,0.0034838062711060047,0.0044410149566829205
USGOOD,2024-08-31,-0.0040577552281320095,-0.002609629649668932,0.00071677815867587924,0.0033990729134529829,0.0042695244774222374
USGOOD,2024-09-30,-0.0041849631816148758,-0.0027132320683449507,0.0006546381046064198,0.003473891643807292,0.0043753618374466896
USGOOD,2024-10-31,-0.0043529029935598373,-0.0027825890574604273,0.00070994452107697725,0.0035471662413328886,0.0044105350971221924
USGOOD,2024-11-30,-0.004513448104262352,-0.0029261591844260693,0.00073363143019378185,0.0037071374244987965,0.0046750521287322044
USGOOD,2024-12-31,-0.0045458478853106499,-0.0029598248656839132,0.00067770411260426044,0.0036524843890219927,0.0045795855112373829
USGOOD,2025-01-31,-0.0054333494044840336,-0.0033854700159281492,0.00088694790611043572,0.0041590342298150063,0.0052438043057918549
USGOOD,2025-02-28,-0.005277726799249649,-0.0032976304646581411,0.00087449996499344707,0.0042062210850417614,0.0052785994485020638
USGOOD,2025-03-31,-0.0051499456167221069,-0.0031834100373089314,0.0009506592177785933,0.0041575739160180092,0.005206394474953413
USGOOD,2025-04-30,-0.004938577301800251,-0.0030136527493596077,0.0010111106093972921,0.0041300402954220772,0.0052078054286539555
USGOOD,2025-05-31,-0.005103530827909708,-0.0031113177537918091,0.00094979029381647706,0.0042386758141219616,0.0053723175078630447
USGOOD,2025-06-30,-0.0048212739638984203,-0.0029449861031025648,0.0009997648885473609,0.0041771405376493931,0.0052844732999801636
USGOOD,2025-07-31,-0.0048440434038639069,-0.0029227419290691614,0.0010499072959646583,0.0041905865073204041,0.0052828104235231876
USGOOD,2025-08-31,-0.0050905416719615459,-0.0031055964063853025,0.00099150300957262516,0.0042912391945719719,0.0054315235465764999
USGOVT,2023-09-30,-0.00048814289039000869,0.00022807781351730227,0.0020643004681915045,0.0041665988974273205,0.0050032893195748329
USGOVT,2023-10-31,-0.00013180961832404137,0.00054402725072577596,0.0022694766521453857,0.0043195663020014763,0.0051604942418634892
USGOVT,2023-11-30,-0.00030947168124839664,0.00037701884866692126,0.00203313073143363,0.0040264599956572056,0.0048243408091366291
USGOVT,2023-12-31,-0.00040551781421527267,0.00025798764545470476,0.0019416613504290581,0.0038600573316216469,0.0046682665124535561
USGOVT,2024-01-31,-0.0005699549219571054,0.00015524023910984397,0.0019066194072365761,0.0038917409256100655,0.0047148484736680984
USGOVT,2024-02-29,-0.00079738075146451592,-3.5232049413025379e-05,0.0018854823429137468,0.003912720363587141,0.0047631943598389626
USGOVT,2024-03-31,-0.00087907369015738368,-8.6281506810337305e-05,0.0019124371465295553,0.0039801937527954578,0.0048408922739326954
USGOVT,2024-04-30,-0.0012676480691879988,-0.00036706373794004321,0.0018566511571407318,0.0041684573516249657,0.0051211393438279629
USGOVT,2024-05-31,-0.0016284047160297632,-0.00064934807596728206,0.001820641802623868,0.0043402183800935745,0.0053358795121312141
USGOVT,2024-06-30,-0.0019651262555271387,-0.00091021443950012326,0.0016257261158898473,0.004239233210682869,0.0053317616693675518
USGOVT,2024-07-31,-0.0019833329133689404,-0.00093448552070185542,0.0016360131558030844,0.0042253467254340649,0.005289505235850811
USGOVT,2024-08-31,-0.0017860347870737314,-0.00078051869058981538,0.0016378597356379032,0.0040783118456602097,0.0050764139741659164
USGOVT,2024-09-30,-0.0017678509466350079,-0.00079660274786874652,0.0016589115839451551,0.0041419998742640018,0.0051402952522039413
USGOVT,2024-10-31,-0.0015942449681460857,-0.00065619900124147534,0.0016675819642841816,0.0040774433873593807,0.0050199069082736969
USGOVT,2024-11-30,-0.0015963360201567411,-0.00066491327015683055,0.0016797541175037622,0.004095055628567934,0.0050975647754967213
USGOVT,2024-12-31,-0.001720403553918004,-0.00076321273809298873,0.0015421878779307008,0.0039183404296636581,0.0048587271012365818
USGOVT,2025-01-31,-0.0017112886998802423,-0.00065317197004333138,0.0016361181624233723,0.0041446969844400883,0.0053512956947088242
USGOVT,2025-02-28,-0.0016418127343058586,-0.00059508980484679341,0.0016693249344825745,0.0041157081723213196,0.0053157773800194263
USGOVT,2025-03-31,-0.001771741546690464,-0.0007000367040745914,0.0016250234330072999,0.0041178916580975056,0.0053121950477361679
USGOVT,2025-04-30,-0.0019585748668760061,-0.00083945848746225238,0.0016295869136229157,0.0042276624590158463,0.005527794361114502
USGOVT,2025-05-31,-0.0024115436244755983,-0.001124650239944458,0.0015943818725645542,0.0045535280369222164,0.0060436618514358997
USGOVT,2025-06-30,-0.0025854648556560278,-0.0012715447228401899,0.0016469745896756649,0.0046521611511707306,0.0061247283592820168
USGOVT,2025-07-31,-0.002904082415625453,-0.0014712570700794458,0.0016046366654336452,0.0048531149514019489,0.0064246752299368382
USGOVT,2025-08-31,-0.0030675309244543314,-0.0015936798881739378,0.0015648157568648458,0.00469212606549263,0.0061818850226700306
USTPU,2023-09-30,-0.0018292744643986225,-0.0013068856205791235,6.7348591983318329e-06,0.0013154707849025726,0.0018363384297117591
USTPU,2023-10-31,-0.0023476141504943371,-0.0016744558233767748,-3.8481084629893303e-05,0.0013904854422435164,0.0019695968367159367
USTPU,2023-11-30,-0.002326031681150198,-0.0016435978468507528,2.926273737102747e-06,0.0016210929024964571,0.0022431814577430487
USTPU,2023-12-31,-0.0027746951673179865,-0.0020499699749052525,-0.00025851326063275337,0.0014781764475628734,0.0021176580339670181
USTPU,2024-01-31,-0.0029856173787266016,-0.0021626418456435204,-8.3598599303513765e-05,0.0018114433623850346,0.0024915083777159452
USTPU,2024-02-29,-0.0027839494869112968,-0.0020078211091458797,2.6323308702558279e-05,0.0020545970182865858,0.002790078055113554
USTPU,2024-03-31,-0.0028205814305692911,-0.001983030466362834,9.8217278718948364e-05,0.0021161569748073816,0.0028596383053809404
USTPU,2024-04-30,-0.0030784904956817627,-0.002215217798948288,-3.1453091651201248e-05,0.0021097157150506973,0.0028759136330336332
USTPU,2024-05-31,-0.0029584930744022131,-0.0020981756970286369,0.00011459400411695242,0.0022932714782655239,0.0031225522980093956
USTPU,2024-06-30,-0.0029790922999382019,-0.0021115292329341173,0.0001616215449757874,0.0022956095635890961,0.0030821559485048056
USTPU,2024-07-31,-0.0029291699174791574,-0.0020788467954844236,0.00013940263306722045,0.002211282029747963,0.0030080904252827168
USTPU,2024-08-31,-0.0030727004632353783,-0.00219327537342906,0.00012684223474934697,0.0022586986888200045,0.0030620298348367214
USTPU,2024-09-30,-0.0031652846373617649,-0.0022595645859837532,0.00013335258699953556,0.0023303874768316746,0.0031516542658209801
USTPU,2024-10-31,-0.0031393510289490223,-0.0021987734362483025,0.00020929670426994562,0.0024064993485808372,0.0032121071126312017
USTPU,2024-11-30,-0.0030977805145084858,-0.0022039867471903563,0.00014259637100622058,0.0023922608233988285,0.0032285589259117842
USTPU,2024-12-31,-0.0032429751008749008,-0.0023068077862262726,0.00010852358536794782,0.0024832333438098431,0.0033555091358721256
USTPU,2025-01-31,-0.0036910912021994591,-0.0025458328891545534,0.00022680318215861917,0.0028324441518634558,0.0037668489385396242
USTPU,2025-02-28,-0.0035629277117550373,-0.0024421485140919685,0.00030886800959706306,0.0028251369949430227,0.0037521433550864458
USTPU,2025-03-31,-0.003466983325779438,-0.0023516402579843998,0.00033283425727859139,0.0027905688621103764,0.0036951231304556131
USTPU,2025-04-30,-0.0034363451413810253,-0.0023439782671630383,0.0002824492403306067,0.0028464996721595526,0.0037991425488144159
USTPU,2025-05-31,-0.0035728514194488525,-0.0024237483739852905,0.000314380566123873,0.0028567810077220201,0.0037830742076039314
USTPU,2025-06-30,-0.0033637084998190403,-0.0022860888857394457,0.00034932047128677368,0.002892661839723587,0.003876526840031147
USTPU,2025-07-31,-0.0033319722861051559,-0.0022258264943957329,0.00036155333509668708,0.0028631058521568775,0.0038345190696418285
USTPU,2025-08-31,-0.0034995358437299728,-0.0023629067000001669,0.00032385438680648804,0.0028889658860862255,0.0038440597709268332
USTRADE,2023-09-30,-0.0027131964452564716,-0.0021016465034335852,-0.00027740234509110451,0.0015012043295428157,0.0021308006253093481
USTRADE,2023-10-31,-0.0032105802092701197,-0.00244927778840065,-0.00027589651290327311,0.0016557532362639904,0.0023728734813630581
USTRADE,2023-11-30,-0.0030538171995431185,-0.0023215855471789837,-0.0002152823144569993,0.0018943015020340681,0.0026388312689960003
USTRADE,2023-12-31,-0.0036475213710218668,-0.0028816910926252604,-0.00065023277420550585,0.0015526625793427229,0.0023048613220453262
USTRADE,2024-01-31,-0.0039242878556251526,-0.0030574046541005373,-0.00052688468713313341,0.0018701726803556085,0.0026771363336592913
USTRADE,2024-02-29,-0.003683996619656682,-0.0028830175288021564,-0.00038021209184080362,0.0021285805851221085,0.002968204440549016
USTRADE,2024-03-31,-0.0036851929035037756,-0.0028145266696810722,-0.00029031583108007908,0.0022371811792254448,0.0030990869272500277
USTRADE,2024-04-30,-0.0039424896240234375,-0.0030550691299140453,-0.00041157309897243977,0.0022448329254984856,0.0031247618608176708
USTRADE,2024-05-31,-0.0037962559144943953,-0.0029421956278383732,-0.00031365279573947191,0.0023985952138900757,0.0033447525929659605
USTRADE,2024-06-30,-0.0038712157402187586,-0.0030068783089518547,-0.00027217518072575331,0.0024381768889725208,0.0033495372626930475
USTRADE,2024-07-31,-0.0037913343403488398,-0.0029438938945531845,-0.00028548401314765215,0.0023481091484427452,0.0032709608785808086
USTRADE,2024-08-31,-0.0039790123701095581,-0.0030707614496350288,-0.00027929001953452826,0.0023567171301692724,0.0032607850152999163
USTRADE,2024-09-30,-0.0041732145473361015,-0.003226505359634757,-0.00033669034019112587,0.0023883949033915997,0.0033341827802360058
USTRADE,2024-10-31,-0.0042066732421517372,-0.0032300243619829416,-0.00029524043202400208,0.0025883344933390617,0.0035715133417397738
USTRADE,2024-11-30,-0.0040796501561999321,-0.0031671968754380941,-0.00032140268012881279,0.002592550590634346,0.0035770758986473083
USTRADE,2024-12-31,-0.004351545125246048,-0.0033753744792193174,-0.00040574115701019764,0.0026084627024829388,0.0036192703992128372
USTRADE,2025-01-31,-0.0045197438448667526,-0.0034575934987515211,-0.00022549554705619812,0.0029423248488456011,0.0039383764378726482
USTRADE,2025-02-28,-0.0043460577726364136,-0.0033230429980903864,-0.00015443970914930105,0.0029818150214850903,0.0040102163329720497
USTRADE,2025-03-31,-0.004212687723338604,-0.003198346821591258,-9.5837283879518509e-05,0.0029297531582415104,0.0039263032376766205
USTRADE,2025-04-30,-0.0042168069630861282,-0.0032250003423541784,-0.00016886094817891717,0.0029207007028162479,0.0039234450086951256
USTRADE,2025-05-31,-0.0044026868417859077,-0.0033344419207423925,-0.00012012483784928918,0.0029338269960135221,0.0039050024934113026
USTRADE,2025-06-30,-0.0042129633948206902,-0.0032226077746599913,-0.00010965327965095639,0.0030024976003915071,0.0040282439440488815
USTRADE,2025-07-31,-0.0041392818093299866,-0.0031060052569955587,-6.1438477132469416e-05,0.0029813174623996019,0.0039931237697601318
USTRADE,2025-08-31,-0.0043099122121930122,-0.0032491346355527639,-8.3220365922898054e-05,0.0030405784491449594,0.0040430380031466484
USWTRADE,2023-09-30,-0.0010612092446535826,-0.00064942298922687769,0.00049405754543840885,0.0016589079750701785,0.0020454567857086658
USWTRADE,2023-10-31,-0.0012615440646186471,-0.00075123831629753113,0.00063710234826430678,0.0019869660027325153,0.0024558519944548607
USWTRADE,2023-11-30,-0.0015093894908204675,-0.00093339825980365276,0.0006450213841162622,0.0022134222090244293,0.0027224845252931118
USWTRADE,2023-12-31,-0.0014945516595616937,-0.00090426241513341665,0.00085668428801000118,0.0025755022652447224,0.0031492956914007664
USWTRADE,2024-01-31,-0.0022827605716884136,-0.0015453727683052421,0.00049022346502169967,0.0023984713479876518,0.002990353386849165
USWTRADE,2024-02-29,-0.0021803299896419048,-0.0014648988144472241,0.00061169464606791735,0.0026441020891070366,0.0033108261413872242
USWTRADE,2024-03-31,-0.002262546680867672,-0.0014617288252338767,0.00076734094182029366,0.0028769089840352535,0.0035429531708359718
USWTRADE,2024-04-30,-0.0025256332010030746,-0.0016824667109176517,0.00069402705412358046,0.0030044862069189548,0.0037386901676654816
USWTRADE,2024-05-31,-0.0024455860257148743,-0.0016057981410995126,0.0007549573783762753,0.0029962970875203609,0.0037089758552610874
USWTRADE,2024-06-30,-0.0026015792973339558,-0.0017177198315039277,0.00072980968980118632,0.0030882693827152252,0.0038731610402464867
USWTRADE,2024-07-31,-0.0026353062130510807,-0.0017446562414988875,0.00074007525108754635,0.0031281514093279839,0.0039012464694678783
USWTRADE,2024-08-31,-0.0027618957683444023,-0.0018490502843633294,0.00074433948611840606,0.0031754649244248867,0.0039231013506650925
USWTRADE,2024-09-30,-0.0029576858505606651,-0.0019820397719740868,0.00076152116525918245,0.0032221758738160133,0.0039848387241363525
USWTRADE,2024-10-31,-0.0028727068565785885,-0.0018992585828527808,0.00079345691483467817,0.0032391841523349285,0.0039857178926467896
USWTRADE,2024-11-30,-0.0029056849889457226,-0.0019252767087891698,0.00080076605081558228,0.003327690064907074,0.0041273473761975765
USWTRADE,2024-12-31,-0.002897792961448431,-0.0019429723033681512,0.00078068068251013756,0.0033363928087055683,0.0041216178797185421
USWTRADE,2025-01-31,-0.003030137624591589,-0.0019821948371827602,0.00087259884458035231,0.0035666609182953835,0.0044262921437621117
USWTRADE,2025-02-28,-0.002885154914110899,-0.0018701321678236127,0.00092049897648394108,0.0035745766945183277,0.0044110664166510105
USWTRADE,2025-03-31,-0.002857609186321497,-0.0018351072212681174,0.00096244359156116843,0.0035959528759121895,0.0044278055429458618
USWTRADE,2025-04-30,-0.0028769955970346928,-0.0018539346056059003,0.00093608465977013111,0.0035886857658624649,0.0044446242973208427
USWTRADE,2025-05-31,-0.0030211522243916988,-0.001960494089871645,0.00091050053015351295,0.0036606108769774437,0.0045723547227680683
USWTRADE,2025-06-30,-0.0028622369281947613,-0.0018520519370213151,0.00093612470664083958,0.0036061559803783894,0.0044684475287795067
USWTRADE,2025-07-31,-0.0028640609234571457,-0.0018198775360360742,0.00097404216649010777,0.0036240830086171627,0.0044807703234255314
USWTRADE,2025-08-31,-0.0030166278593242168,-0.0019423110643401742,0.00093677698168903589,0.0036992528475821018,0.0045994832180440426
VIXCLSx,2023-09-30,13.185052871704102,13.935647964477539,16.575054168701172,20.822282791137695,22.93769645690918
VIXCLSx,2023-10-31,12.303728103637695,13.213794708251953,16.706167221069336,22.201431274414062,24.810596466064453
VIXCLSx,2023-11-30,11.608924865722656,12.70695686340332,16.864004135131836,23.318672180175781,26.409099578857422
VIXCLSx,2023-12-31,11.27812671661377,12.465239524841309,16.753574371337891,23.505386352539062,26.634437561035156
VIXCLSx,2024-01-31,11.070099830627441,12.312481880187988,17.019248962402344,24.420171737670898,27.836679458618164
VIXCLSx,2024-02-29,10.989493370056152,12.291913986206055,17.259628295898438,25.238702774047852,28.892269134521484
VIXCLSx,2024-03-31,10.845358848571777,12.162726402282715,17.416431427001953,25.632596969604492,29.464275360107422
VIXCLSx,2024-04-30,10.761499404907227,12.096386909484863,17.390363693237305,25.960756301879883,29.937026977539062
VIXCLSx,2024-05-31,10.577822685241699,11.956974029541016,17.317161560058594,26.067802429199219,30.180191040039062
VIXCLSx,2024-06-30,10.384291648864746,11.798684120178223,17.613327026367188,26.642166137695312,30.9794921875
VIXCLSx,2024-07-31,10.44150447845459,11.866159439086914,17.421667098999023,26.732128143310547,31.271572113037109
VIXCLSx,2024-08-31,10.489975929260254,11.910175323486328,17.641355514526367,27.315092086791992,31.949796676635742
VIXCLSx,2024-09-30,10.489630699157715,11.948960304260254,17.773900985717773,27.516021728515625,32.339931488037109
VIXCLSx,2024-10-31,10.223925590515137,11.730775833129883,18.016950607299805,28.295322418212891,33.416908264160156
VIXCLSx,2024-11-30,10.36003303527832,11.843901634216309,17.998996734619141,28.349876403808594,33.541805267333984
VIXCLSx,2024-12-31,10.204191207885742,11.727798461914062,17.946727752685547,28.385051727294922,33.696102142333984
VIXCLSx,2025-01-31,9.6295433044433594,11.252816200256348,17.667356491088867,28.003139495849609,32.535961151123047
VIXCLSx,2025-02-28,9.6048183441162109,11.277285575866699,17.677532196044922,27.957984924316406,32.527877807617188
VIXCLSx,2025-03-31,9.655238151550293,11.334702491760254,17.673673629760742,28.022392272949219,32.650901794433594
VIXCLSx,2025-04-30,9.5756196975708008,11.27118968963623,17.505731582641602,27.841468811035156,32.538578033447266
VIXCLSx,2025-05-31,9.3320722579956055,11.070008277893066,17.418743133544922,27.813783645629883,32.616195678710938
VIXCLSx,2025-06-30,9.3768215179443359,11.106792449951172,17.367942810058594,27.730703353881836,32.481803894042969
VIXCLSx,2025-07-31,9.5311765670776367,11.174479484558105,17.427097320556641,27.722314834594727,32.539299011230469
VIXCLSx,2025-08-31,9.4670228958129883,11.155987739562988,17.567764282226562,28.195529937744141,33.141658782958984
W875RX1,2023-09-30,-0.0022040235344320536,-0.00076756975613534451,0.0023193405941128731,0.0056799957528710365,0.0072400039061903954
W875RX1,2023-10-31,-0.0026353199500590563,-0.0010028602555394173,0.0024032674264162779,0.0058480463922023773,0.007563738152384758
W875RX1,2023-11-30,-0.0028324068989604712,-0.0011446697171777487,0.0025388957001268864,0.0064538223668932915,0.0082417819648981094
W875RX1,2023-12-31,-0.0038548365700989962,-0.0018807246815413237,0.0026887767016887665,0.0075852209702134132,0.0097628682851791382
W875RX1,2024-01-31,-0.0054590189829468727,-0.0031975230667740107,0.0017617779085412621,0.0068335076794028282,0.0089896172285079956
W875RX1,2024-02-29,-0.0037652102764695883,-0.0018307298887521029,0.0023835340980440378,0.0066788196563720703,0.0087251719087362289
W875RX1,2024-03-31,-0.0040128380060195923,-0.0020146321039646864,0.0020632923115044832,0.0063418438658118248,0.0083449753001332283
W875RX1,2024-04-30,-0.0044535007327795029,-0.002320796949788928,0.0021540957968682051,0.0066626053303480148,0.0087228966876864433
W875RX1,2024-05-31,-0.0042633349075913429,-0.0022040319163352251,0.0022549249697476625,0.0067462986335158348,0.0088630914688110352
W875RX1,2024-06-30,-0.0041014878079295158,-0.002081144368276,0.0023182984441518784,0.0067578162997961044,0.0088516734540462494
W875RX1,2024-07-31,-0.0041399188339710236,-0.0021121788304299116,0.0022205749992281199,0.006418248638510704,0.0084855454042553902
W875RX1,2024-08-31,-0.0043671503663063049,-0.0022477156016975641,0.0022687308955937624,0.006695297546684742,0.0087799709290266037
W875RX1,2024-09-30,-0.0044052163138985634,-0.0023183163721114397,0.002167129423469305,0.0066674640402197838,0.0088244332000613213
W875RX1,2024-10-31,-0.004730716347694397,-0.0024859204422682524,0.002090932335704565,0.0065495464950799942,0.0086052725091576576
W875RX1,2024-11-30,-0.0048649217933416367,-0.0026434327010065317,0.0021484224125742912,0.0069910949096083641,0.0093671362847089767
W875RX1,2024-12-31,-0.005637182854115963,-0.0031720174010843039,0.002271643141284585,0.0079614659771323204,0.010489562526345253
W875RX1,2025-01-31,-0.0070688435807824135,-0.0041660377755761147,0.0020916997455060482,0.0082936771214008331,0.011139853857457638
W875RX1,2025-02-28,-0.0056631490588188171,-0.0031126739922910929,0.0021853393409401178,0.0073383096605539322,0.0098044238984584808
W875RX1,2025-03-31,-0.0051164235919713974,-0.0027013758663088083,0.0022183486726135015,0.007000356912612915,0.0092906774953007698
W875RX1,2025-04-30,-0.0051709553226828575,-0.0028144156094640493,0.0021284222602844238,0.0071522919461131096,0.009565720334649086
W875RX1,2025-05-31,-0.0051929289475083351,-0.0028029030654579401,0.0021068737842142582,0.0070654302835464478,0.0094162728637456894
W875RX1,2025-06-30,-0.004572833888232708,-0.0024021121207624674,0.0021932367235422134,0.006908726878464222,0.0091946274042129517
W875RX1,2025-07-31,-0.0045356526970863342,-0.0023221850860863924,0.0021835917141288519,0.0068828752264380455,0.0091740796342492104
W875RX1,2025-08-31,-0.0049351993948221207,-0.0026364012155681849,0.0021624004002660513,0.0070046540349721909,0.0093021830543875694
WPSFD49207,2023-09-30,-0.022541780024766922,-0.018573001027107239,-0.0084517998620867729,-0.00038187004975043237,0.001785114873200655
WPSFD49207,2023-10-31,-0.014505674131214619,-0.010596570558845997,-0.00072599097620695829,0.0089196395128965378,0.012166683562099934
WPSFD49207,2023-11-30,-0.014376621693372726,-0.010334985330700874,0.00029946898575872183,0.010796193964779377,0.014189321547746658
WPSFD49207,2023-12-31,-0.014726713299751282,-0.010625378228724003,0.00050852441927418113,0.011569888330996037,0.01518167182803154
WPSFD49207,2024-01-31,-0.015994332730770111,-0.011778160929679871,-0.00041093805339187384,0.010765076614916325,0.014379577711224556
WPSFD49207,2024-02-29,-0.016129598021507263,-0.011810844764113426,-0.00016016185691114515,0.011416090652346611,0.015145319513976574
WPSFD49207,2024-03-31,-0.015223789028823376,-0.010915990918874741,0.00063208548817783594,0.012185988016426563,0.015962081030011177
WPSFD49207,2024-04-30,-0.016342421993613243,-0.012208263389766216,-0.00064346898579970002,0.01062489952892065,0.014336852356791496
WPSFD49207,2024-05-31,-0.015754992142319679,-0.011542022228240967,3.2547795854043216e-05,0.01140066422522068,0.015030659735202789
WPSFD49207,2024-06-30,-0.015317955054342747,-0.011139031499624252,0.00033679540501907468,0.011488627642393112,0.014991022646427155
WPSFD49207,2024-07-31,-0.01524460781365633,-0.011062721721827984,0.00017213667160831392,0.01116779912263155,0.014661545865237713
WPSFD49207,2024-08-31,-0.015746369957923889,-0.011658974923193455,-0.00017264217603951693,0.010681622661650181,0.014158944599330425
WPSFD49207,2024-09-30,-0.015476426109671593,-0.011371618136763573,4.807283403351903e-06,0.011121451854705811,0.014654156751930714
WPSFD49207,2024-10-31,-0.015271827578544617,-0.01112793106585741,0.0002749153645709157,0.011245399713516235,0.014748389832675457
WPSFD49207,2024-11-30,-0.015500912442803383,-0.011391802690923214,9.9116776254959404e-05,0.011152795515954494,0.014731741510331631
WPSFD49207,2024-12-31,-0.016489516943693161,-0.012163710780441761,-0.00031772127840667963,0.01088633481413126,0.014600819908082485
WPSFD49207,2025-01-31,-0.016519645228981972,-0.011774107813835144,1.0939045751001686e-05,0.011120472103357315,0.015145864337682724
WPSFD49207,2025-02-28,-0.016556303948163986,-0.011722370982170105,6.4344305428676307e-05,0.011116128414869308,0.015127635560929775
WPSFD49207,2025-03-31,-0.016175117343664169,-0.011461577378213406,8.5570180090144277e-05,0.010930266231298447,0.014879083260893822
WPSFD49207,2025-04-30,-0.015859033912420273,-0.011378996074199677,3.376869426574558e-05,0.010868045501410961,0.014888457953929901
WPSFD49207,2025-05-31,-0.015888907015323639,-0.011284873820841312,9.9293887615203857e-05,0.010958544909954071,0.014991975389420986
WPSFD49207,2025-06-30,-0.016312494874000549,-0.011592688970267773,9.9000651971437037e-05,0.011134603060781956,0.015230430290102959
WPSFD49207,2025-07-31,-0.016009848564863205,-0.011366554535925388,0.00010167593427468091,0.010859795846045017,0.014894410036504269
WPSFD49207,2025-08-31,-0.015765564516186714,-0.011223009787499905,0.00013687302998732775,0.010841266252100468,0.014863116666674614
WPSFD49502,2023-09-30,-0.0304426159709692,-0.02502506785094738,-0.010897803120315075,0.00032243551686406136,0.0033701027277857065
WPSFD49502,2023-10-31,-0.019862739369273186,-0.01443269569426775,-0.00066919915843755007,0.012838253751397133,0.017311399802565575
WPSFD49502,2023-11-30,-0.019826458767056465,-0.014282252639532089,0.00036206009099259973,0.014728019014000893,0.019344761967658997
WPSFD49502,2023-12-31,-0.020038668066263199,-0.014481667429208755,0.00070398329989984632,0.015890540555119514,0.020823748782277107
WPSFD49502,2024-01-31,-0.021800190210342407,-0.016098706051707268,-0.00062184047419577837,0.014628457836806774,0.019522357732057571
WPSFD49502,2024-02-29,-0.021789109334349632,-0.015989115461707115,-0.00015567574882879853,0.015652157366275787,0.020659696310758591
WPSFD49502,2024-03-31,-0.02103082463145256,-0.01516795065253973,0.0006307722651399672,0.016329962760210037,0.021370358765125275
WPSFD49502,2024-04-30,-0.021975867450237274,-0.016407443210482597,-0.00072842166991904378,0.014541688375174999,0.0195116326212883
WPSFD49502,2024-05-31,-0.021279580891132355,-0.015610784292221069,3.8915808545425534e-05,0.015481960959732533,0.020369775593280792
WPSFD49502,2024-06-30,-0.020656732842326164,-0.01509585976600647,0.00036434008507058024,0.015393901616334915,0.020084844902157784
WPSFD49502,2024-07-31,-0.020413830876350403,-0.014849009923636913,0.00019747483020182699,0.014951212331652641,0.01959771104156971
WPSFD49502,2024-08-31,-0.020921051502227783,-0.015501792542636395,-0.00020395466708578169,0.014331134967505932,0.018967682495713234
WPSFD49502,2024-09-30,-0.020543694496154785,-0.015113100409507751,2.8508202376542613e-05,0.014885600656270981,0.01957651786506176
WPSFD49502,2024-10-31,-0.020406236872076988,-0.014910236001014709,0.00029877881752327085,0.014899440109729767,0.019503740593791008
WPSFD49502,2024-11-30,-0.020580820739269257,-0.015149111859500408,0.00013986238627694547,0.014919997192919254,0.019655806943774223
WPSFD49502,2024-12-31,-0.021784886717796326,-0.016075227409601212,-0.00035749777453020215,0.014551950618624687,0.019434208050370216
WPSFD49502,2025-01-31,-0.022012364119291306,-0.015708839520812035,-4.9503738409839571e-05,0.014771050773561001,0.020187687128782272
WPSFD49502,2025-02-28,-0.022076183930039406,-0.015656089410185814,1.8474551325198263e-05,0.014839633367955685,0.020279904827475548
WPSFD49502,2025-03-31,-0.021631572395563126,-0.015331988222897053,8.509175677318126e-05,0.014589054509997368,0.0199312474578619
WPSFD49502,2025-04-30,-0.021116999909281731,-0.015160410664975643,1.5284840628737584e-05,0.014546124264597893,0.01999698206782341
WPSFD49502,2025-05-31,-0.02115221880376339,-0.015028467401862144,9.2571754066739231e-05,0.014610804617404938,0.020032070577144623
WPSFD49502,2025-06-30,-0.021588770672678947,-0.01534435898065567,9.5178635092452168e-05,0.014794962480664253,0.020287696272134781
WPSFD49502,2025-07-31,-0.021150076761841774,-0.015021958388388157,9.9203061836306006e-05,0.014396852813661098,0.019797692075371742
WPSFD49502,2025-08-31,-0.020887954160571098,-0.014866887591779232,0.00014456294593401253,0.014361905865371227,0.019743867218494415
WPSID61,2023-09-30,-0.025755545124411583,-0.020297972485423088,-0.0067240321077406406,0.0038329693488776684,0.0073613780550658703
WPSID61,2023-10-31,-0.017705043777823448,-0.012422776781022549,4.3453877879073843e-05,0.011861728504300117,0.016138549894094467
WPSID61,2023-11-30,-0.018534988164901733,-0.013223221525549889,-0.00032736355205997825,0.011561747640371323,0.015832623466849327
WPSID61,2023-12-31,-0.01705537922680378,-0.011785196140408516,0.0011048377491533756,0.0135438097640872,0.017982900142669678
WPSID61,2024-01-31,-0.017746631056070328,-0.012611645273864269,0.00019670257461257279,0.012364624068140984,0.016692707315087318
WPSID61,2024-02-29,-0.018460314720869064,-0.013140710070729256,0.00012810321641154587,0.012453078292310238,0.0167805515229702
WPSID61,2024-03-31,-0.018636181950569153,-0.013170563615858555,0.00017085707804653794,0.012325126677751541,0.016631809994578362
WPSID61,2024-04-30,-0.018467593938112259,-0.013229966163635254,-0.00016260401753243059,0.011958692222833633,0.016341153532266617
WPSID61,2024-05-31,-0.018589956685900688,-0.013159430585801601,-1.9315979443490505e-05,0.012182574719190598,0.016537342220544815
WPSID61,2024-06-30,-0.017902862280607224,-0.012612821534276009,0.00037220667582005262,0.012238052673637867,0.016395214945077896
WPSID61,2024-07-31,-0.017876898869872093,-0.012441764585673809,0.00018847429601009935,0.011753528378903866,0.01580023393034935
WPSID61,2024-08-31,-0.017837584018707275,-0.012655043974518776,0.00014743857900612056,0.011818863451480865,0.015963805839419365
WPSID61,2024-09-30,-0.01786605641245842,-0.012674693018198013,3.9734452002448961e-05,0.011909901164472103,0.016115028411149979
WPSID61,2024-10-31,-0.01760445162653923,-0.012371089309453964,0.00032091280445456505,0.011989200487732887,0.016091607511043549
WPSID61,2024-11-30,-0.017517112195491791,-0.012380975298583508,0.00022355266264639795,0.011751462705433369,0.015876585617661476
WPSID61,2024-12-31,-0.018546529114246368,-0.01313667930662632,-1.8773655028780922e-05,0.011796119622886181,0.016115838661789894
WPSID61,2025-01-31,-0.017671229317784309,-0.012210117653012276,9.0111818281002343e-05,0.011586506851017475,0.016396377235651016
WPSID61,2025-02-28,-0.017818829044699669,-0.012255702167749405,7.7703327406197786e-05,0.011447858065366745,0.016213893890380859
WPSID61,2025-03-31,-0.017478832975029945,-0.012063660658895969,7.8599201515316963e-05,0.01125319954007864,0.015996033325791359
WPSID61,2025-04-30,-0.017180938273668289,-0.011957793496549129,4.8568239435553551e-05,0.011282156221568584,0.016098663210868835
WPSID61,2025-05-31,-0.017096785828471184,-0.011841456405818462,9.5954368589445949e-05,0.011278141289949417,0.016114035621285439
WPSID61,2025-06-30,-0.017576143145561218,-0.012170347385108471,0.00013195216888561845,0.011329738423228264,0.016162509098649025
WPSID61,2025-07-31,-0.017311543226242065,-0.012032997794449329,5.6947734265122563e-05,0.011159686371684074,0.015983009710907936
WPSID61,2025-08-31,-0.017281424254179001,-0.012053675018250942,7.7979144407436252e-05,0.011281311511993408,0.016133055090904236
WPSID62,2023-09-30,-0.095409020781517029,-0.074163235723972321,-0.023500783368945122,0.017370499670505524,0.032144654542207718
WPSID62,2023-10-31,-0.063309699296951294,-0.041895404458045959,0.010701710358262062,0.061918966472148895,0.082015670835971832
WPSID62,2023-11-30,-0.082872025668621063,-0.059711646288633347,-0.0024743936955928802,0.053581263870000839,0.075090371072292328
WPSID62,2023-12-31,-0.08341534435749054,-0.059787333011627197,0.0006879391148686409,0.059807930141687393,0.08217119425535202
WPSID62,2024-01-31,-0.086709357798099518,-0.062008872628211975,-0.00024809266324155033,0.060709249228239059,0.083479568362236023
WPSID62,2024-02-29,-0.089717790484428406,-0.063776597380638123,-3.0788563890382648e-05,0.062242064625024796,0.085288852453231812
WPSID62,2024-03-31,-0.090407863259315491,-0.064711786806583405,-0.00042377927456982434,0.061341561377048492,0.084402844309806824
WPSID62,2024-04-30,-0.088655345141887665,-0.063570916652679443,0.00023325977963395417,0.061829656362533569,0.084722496569156647
WPSID62,2024-05-31,-0.089514970779418945,-0.063853129744529724,0.00038258667336776853,0.061855524778366089,0.084286734461784363
WPSID62,2024-06-30,-0.089694656431674957,-0.063971303403377533,0.00080408289795741439,0.063239142298698425,0.085841193795204163
WPSID62,2024-07-31,-0.093395359814167023,-0.066237963736057281,-0.0005885296268388629,0.061997368931770325,0.084076575934886932
WPSID62,2024-08-31,-0.091297678649425507,-0.065196588635444641,0.00093049602583050728,0.064363658428192139,0.087049439549446106
WPSID62,2024-09-30,-0.091462120413780212,-0.064924508333206177,0.00103329261764884,0.064256630837917328,0.086772069334983826
WPSID62,2024-10-31,-0.091849744319915771,-0.06507883220911026,0.00097347254632040858,0.064045444130897522,0.086590737104415894
WPSID62,2024-11-30,-0.091938212513923645,-0.06581733375787735,0.00014470354653894901,0.061891820281744003,0.084042802453041077
WPSID62,2024-12-31,-0.093727812170982361,-0.066412575542926788,0.00063930737087503076,0.063397660851478577,0.086471505463123322
WPSID62,2025-01-31,-0.094429038465023041,-0.066205389797687531,-0.00010278953413944691,0.064281292259693146,0.090247295796871185
WPSID62,2025-02-28,-0.094675295054912567,-0.066140696406364441,0.00011557120888028294,0.064161792397499084,0.09018959105014801
WPSID62,2025-03-31,-0.092889964580535889,-0.064999319612979889,0.00018211221322417259,0.063616670668125153,0.089323863387107849
WPSID62,2025-04-30,-0.090411350131034851,-0.063707470893859863,0.00015467582852579653,0.062586642801761627,0.088392868638038635
WPSID62,2025-05-31,-0.089002557098865509,-0.062430430203676224,0.0001476368197472766,0.06205165758728981,0.087892353534698486
WPSID62,2025-06-30,-0.090459480881690979,-0.063385844230651855,0.00036519247805699706,0.061365827918052673,0.086633555591106415
WPSID62,2025-07-31,-0.088835328817367554,-0.06254781037569046,-0.00025534437736496329,0.059309575706720352,0.084191367030143738
WPSID62,2025-08-31,-0.087146803736686707,-0.061432074755430222,0.00017416750779375434,0.059632949531078339,0.084497153759002686
