unique_id,ds,Chronos-q-5,Chronos-q-10,Chronos-q-50,Chronos-q-90,Chronos-q-95
AAA,2023-08-31,-0.34287610650062561,-0.27376347780227661,-0.076954983174800873,0.12291784584522247,0.19401493668556213
AAA,2023-09-30,-0.29892286658287048,-0.22838293015956879,-0.021821171045303345,0.19286195933818817,0.2675723135471344
AAA,2023-10-31,-0.31038239598274231,-0.23910544812679291,-0.032158859074115753,0.18231457471847534,0.2550351619720459
AAA,2023-11-30,-0.2818392813205719,-0.21192418038845062,-0.0026136254891753197,0.20995260775089264,0.28193175792694092
AAA,2023-12-31,-0.29792740941047668,-0.22544752061367035,-0.015619856305420399,0.20097149908542633,0.27522221207618713
AAA,2024-01-31,-0.29334557056427002,-0.22232288122177124,-0.0072481352835893631,0.20986022055149078,0.28265425562858582
AAA,2024-02-29,-0.29525190591812134,-0.22178339958190918,-0.0088418535888195038,0.20569042861461639,0.27728345990180969
AAA,2024-03-31,-0.29677173495292664,-0.22279024124145508,-0.0040095439180731773,0.21570666134357452,0.29041352868080139
AAA,2024-04-30,-0.30400973558425903,-0.23021773993968964,-0.0095091881230473518,0.21439281105995178,0.29034692049026489
AAA,2024-05-31,-0.30859953165054321,-0.23232191801071167,-0.0078024687245488167,0.21928595006465912,0.29590016603469849
AAA,2024-06-30,-0.30732560157775879,-0.23180358111858368,-0.010788559913635254,0.21074271202087402,0.28493964672088623
AAA,2024-07-31,-0.30402165651321411,-0.23099780082702637,-0.015145648270845413,0.20066288113594055,0.27357494831085205
AAA,2024-08-31,-0.31617054343223572,-0.23811677098274231,-0.017819296568632126,0.19940711557865143,0.27218684554100037
AAA,2024-09-30,-0.31688398122787476,-0.23795956373214722,-0.016735214740037918,0.19986586272716522,0.27046740055084229
AAA,2024-10-31,-0.31655803322792053,-0.23795093595981598,-0.014455793425440788,0.20548605918884277,0.28002434968948364
AAA,2024-11-30,-0.32308796048164368,-0.24332509934902191,-0.018915845081210136,0.20083965361118317,0.27494761347770691
AAA,2024-12-31,-0.32246100902557373,-0.24473671615123749,-0.017567193135619164,0.21769636869430542,0.30089843273162842
AAA,2025-01-31,-0.31774887442588806,-0.24041354656219482,-0.014511793851852417,0.22084583342075348,0.30477616190910339
AAA,2025-02-28,-0.31033480167388916,-0.23348045349121094,-0.010582190006971359,0.22077898681163788,0.3035227358341217
AAA,2025-03-31,-0.31809833645820618,-0.23721285164356232,-0.0072921924293041229,0.227317214012146,0.31014165282249451
AAA,2025-04-30,-0.31320154666900635,-0.23399549722671509,-0.0075243348255753517,0.22892358899116516,0.31377440690994263
AAA,2025-05-31,-0.31873595714569092,-0.23955462872982025,-0.0078436965122818947,0.22597762942314148,0.30922198295593262
AAA,2025-06-30,-0.31847384572029114,-0.2383938729763031,-0.010663960129022598,0.21901135146617889,0.30141580104827881
AAA,2025-07-31,-0.3151271641254425,-0.23623347282409668,-0.010658474639058113,0.21952760219573975,0.30331844091415405
AAAFFM,2023-08-31,-1.0582065582275391,-0.91198945045471191,-0.59743809700012207,-0.34891438484191895,-0.20752191543579102
AAAFFM,2023-09-30,-1.2002689838409424,-1.0495121479034424,-0.61828780174255371,-0.065076589584350586,0.16483330726623535
AAAFFM,2023-10-31,-1.4189748764038086,-1.1968989372253418,-0.57576656341552734,0.056228399276733398,0.32723855972290039
AAAFFM,2023-11-30,-1.5126218795776367,-1.2468745708465576,-0.54310512542724609,0.28629732131958008,0.60189366340637207
AAAFFM,2023-12-31,-1.7124524116516113,-1.3948955535888672,-0.48999309539794922,0.36986351013183594,0.70293200016021729
AAAFFM,2024-01-31,-1.7941155433654785,-1.432248592376709,-0.42336416244506836,0.64333796501159668,1.0251753330230713
AAAFFM,2024-02-29,-1.8781366348266602,-1.4782304763793945,-0.3582766056060791,0.83878743648529053,1.2679046392440796
AAAFFM,2024-03-31,-1.9167337417602539,-1.4997673034667969,-0.25375747680664062,1.1492544412612915,1.6186387538909912
AAAFFM,2024-04-30,-2.0390663146972656,-1.546811580657959,-0.19085359573364258,1.328486442565918,1.8372294902801514
AAAFFM,2024-05-31,-2.071042537689209,-1.5678281784057617,-0.1209867000579834,1.4598985910415649,2.0118589401245117
AAAFFM,2024-06-30,-2.1422691345214844,-1.606201171875,-0.080032587051391602,1.5756645202636719,2.1479330062866211
AAAFFM,2024-07-31,-2.1396923065185547,-1.6181802749633789,-0.046959877014160156,1.7336456775665283,2.3165135383605957
AAAFFM,2024-08-31,-2.1730360984802246,-1.6329288482666016,-0.021118640899658203,1.8212352991104126,2.4012351036071777
AAAFFM,2024-09-30,-2.3249173164367676,-1.7454433441162109,0.033358335494995117,1.9497108459472656,2.5344841480255127
AAAFFM,2024-10-31,-2.2810344696044922,-1.6935639381408691,0.11466693878173828,2.0566127300262451,2.6454133987426758
AAAFFM,2024-11-30,-2.3216886520385742,-1.706200122833252,0.13124561309814453,2.1763219833374023,2.7746372222900391
AAAFFM,2024-12-31,-2.2379765510559082,-1.5682148933410645,0.35575270652770996,2.4783012866973877,3.1647782325744629
AAAFFM,2025-01-31,-2.3218231201171875,-1.5819778442382812,0.39081168174743652,2.6006567478179932,3.3364429473876953
AAAFFM,2025-02-28,-2.2641286849975586,-1.5544390678405762,0.42373776435852051,2.6884245872497559,3.4446463584899902
AAAFFM,2025-03-31,-2.2960009574890137,-1.5446429252624512,0.50242161750793457,2.7895712852478027,3.5435366630554199
AAAFFM,2025-04-30,-2.2999758720397949,-1.5480875968933105,0.59048247337341309,2.8869616985321045,3.6468698978424072
AAAFFM,2025-05-31,-2.3765339851379395,-1.5765399932861328,0.623893141746521,2.9731006622314453,3.7071664333343506
AAAFFM,2025-06-30,-2.3224048614501953,-1.5382633209228516,0.67457640171051025,3.0313575267791748,3.7858669757843018
AAAFFM,2025-07-31,-2.3222408294677734,-1.5341634750366211,0.74503684043884277,3.1579387187957764,3.9623908996582031
ACOGNO,2023-08-31,-0.021365169435739517,-0.014416864141821861,0.0049267653375864029,0.022877568379044533,0.028865231201052666
ACOGNO,2023-09-30,-0.024116033688187599,-0.017153536900877953,0.0023563259746879339,0.021254200488328934,0.027535492554306984
ACOGNO,2023-10-31,-0.024470331147313118,-0.017287289723753929,0.0028410307131707668,0.022108010947704315,0.028294356539845467
ACOGNO,2023-11-30,-0.025304447859525681,-0.017838981002569199,0.0030413768254220486,0.022638142108917236,0.029021300375461578
ACOGNO,2023-12-31,-0.025346430018544197,-0.017967149615287781,0.002986108185723424,0.023216722533106804,0.029982104897499084
ACOGNO,2024-01-31,-0.025774821639060974,-0.018438797444105148,0.0027956932317465544,0.022731322795152664,0.02917136624455452
ACOGNO,2024-02-29,-0.025283798575401306,-0.017802111804485321,0.0033181407488882542,0.023093802854418755,0.029360802844166756
ACOGNO,2024-03-31,-0.025902668014168739,-0.018308620899915695,0.0031596485059708357,0.023599471896886826,0.030251177027821541
ACOGNO,2024-04-30,-0.026043888181447983,-0.018476961180567741,0.0029385194648057222,0.02316741831600666,0.029815521091222763
ACOGNO,2024-05-31,-0.026231817901134491,-0.018337789922952652,0.0032017645426094532,0.023710798472166061,0.030615841969847679
ACOGNO,2024-06-30,-0.025897705927491188,-0.018141141161322594,0.0033824301790446043,0.02379993349313736,0.030522288754582405
ACOGNO,2024-07-31,-0.026001619175076485,-0.018447373062372208,0.0030289343558251858,0.023588687181472778,0.030298193916678429
ACOGNO,2024-08-31,-0.026759490370750427,-0.018876312300562859,0.0032636523246765137,0.023911375552415848,0.030687103047966957
ACOGNO,2024-09-30,-0.026892319321632385,-0.018906960263848305,0.0031007046345621347,0.023913118988275528,0.030616350471973419
ACOGNO,2024-10-31,-0.027352554723620415,-0.019275352358818054,0.0030872833449393511,0.024210728704929352,0.031233564019203186
ACOGNO,2024-11-30,-0.027573423460125923,-0.019523210823535919,0.0033260686323046684,0.025102751329541206,0.032273698598146439
ACOGNO,2024-12-31,-0.027762627229094505,-0.01950516551733017,0.003148539224639535,0.025148952379822731,0.032677054405212402
ACOGNO,2025-01-31,-0.027529496699571609,-0.019275292754173279,0.0032079981174319983,0.02505977638065815,0.03253154456615448
ACOGNO,2025-02-28,-0.026877177879214287,-0.018668642267584801,0.0033684750087559223,0.024684786796569824,0.03203723207116127
ACOGNO,2025-03-31,-0.027403539046645164,-0.018964378163218498,0.0032664486207067966,0.024485308676958084,0.031881552189588547
ACOGNO,2025-04-30,-0.026708422228693962,-0.018519362434744835,0.0033349501900374889,0.024753963574767113,0.032406739890575409
ACOGNO,2025-05-31,-0.026690276339650154,-0.018605601042509079,0.0034547159448266029,0.024339092895388603,0.031591430306434631
ACOGNO,2025-06-30,-0.02640882134437561,-0.018203383311629295,0.0035271069500595331,0.024060146883130074,0.031202130019664764
ACOGNO,2025-07-31,-0.026710726320743561,-0.01844048872590065,0.0035492768511176109,0.024469060823321342,0.031858339905738831
AMDMNOx,2023-08-31,-0.032224498689174652,-0.019016917794942856,0.015250141732394695,0.049577701836824417,0.06264042854309082
AMDMNOx,2023-09-30,-0.039354518055915833,-0.024440936744213104,0.014732223935425282,0.053231701254844666,0.068075455725193024
AMDMNOx,2023-10-31,-0.063249550759792328,-0.046543154865503311,-0.0031171378213912249,0.03883974626660347,0.054618962109088898
AMDMNOx,2023-11-30,-0.059320110827684402,-0.042327374219894409,0.0024753098841756582,0.046358376741409302,0.062819227576255798
AMDMNOx,2023-12-31,-0.055241197347640991,-0.037543952465057373,0.0091821681708097458,0.05669436976313591,0.074376583099365234
AMDMNOx,2024-01-31,-0.06769920140504837,-0.048982903361320496,0.00033957161940634251,0.048995688557624817,0.067106425762176514
AMDMNOx,2024-02-29,-0.063322111964225769,-0.044443055987358093,0.0059677017852663994,0.054550081491470337,0.072471767663955688
AMDMNOx,2024-03-31,-0.063251644372940063,-0.044830590486526489,0.0052380859851837158,0.05466606467962265,0.072766125202178955
AMDMNOx,2024-04-30,-0.066293373703956604,-0.047126147896051407,0.0034066778607666492,0.051175650209188461,0.068595871329307556
AMDMNOx,2024-05-31,-0.063570611178874969,-0.045448668301105499,0.0044851377606391907,0.052316468209028244,0.069472350180149078
AMDMNOx,2024-06-30,-0.064747445285320282,-0.045200895518064499,0.0054142302833497524,0.053733676671981812,0.070863619446754456
AMDMNOx,2024-07-31,-0.065373212099075317,-0.04670468345284462,0.0036393171176314354,0.050720676779747009,0.067557312548160553
AMDMNOx,2024-08-31,-0.064231455326080322,-0.045639626681804657,0.0043355482630431652,0.051382549107074738,0.068259179592132568
AMDMNOx,2024-09-30,-0.06513957679271698,-0.046402893960475922,0.0038853725418448448,0.051610309630632401,0.068397291004657745
AMDMNOx,2024-10-31,-0.064231403172016144,-0.04592934250831604,0.0041636344976723194,0.051343809813261032,0.068216830492019653
AMDMNOx,2024-11-30,-0.064327403903007507,-0.045600689947605133,0.0044102626852691174,0.0518149733543396,0.068819448351860046
AMDMNOx,2024-12-31,-0.062263265252113342,-0.044286265969276428,0.0043081948533654213,0.052060794085264206,0.069211773574352264
AMDMNOx,2025-01-31,-0.061938725411891937,-0.043938841670751572,0.0046564154326915741,0.051842756569385529,0.068889938294887543
AMDMNOx,2025-02-28,-0.061438806354999542,-0.04358237236738205,0.0043442435562610626,0.051746077835559845,0.068919390439987183
AMDMNOx,2025-03-31,-0.061192341148853302,-0.043359056115150452,0.0043624518439173698,0.050533808767795563,0.067434996366500854
AMDMNOx,2025-04-30,-0.060099713504314423,-0.042474128305912018,0.004650237038731575,0.050875522196292877,0.068002015352249146
AMDMNOx,2025-05-31,-0.060836665332317352,-0.04314861074090004,0.0046643358655273914,0.049987915903329849,0.06657729297876358
AMDMNOx,2025-06-30,-0.060881480574607849,-0.042826954275369644,0.004680008627474308,0.04948648065328598,0.06593729555606842
AMDMNOx,2025-07-31,-0.06017138808965683,-0.042377673089504242,0.0045351544395089149,0.049378350377082825,0.066089414060115814
AMDMUOx,2023-08-31,-0.0017882455140352249,0.00012059020809829235,0.0065207667648792267,0.013023003004491329,0.015197547152638435
AMDMUOx,2023-09-30,-0.0018502352759242058,0.0002299074549227953,0.007010528352111578,0.014090166427195072,0.016497546806931496
AMDMUOx,2023-10-31,-0.0034041069447994232,-0.001067314762622118,0.0064964215271174908,0.014581093564629555,0.017234373837709427
AMDMUOx,2023-11-30,-0.0041297748684883118,-0.0017175395041704178,0.0062589133158326149,0.014744807034730911,0.017593901604413986
AMDMUOx,2023-12-31,-0.0042855790816247463,-0.0016607325524091721,0.0067382575944066048,0.015696974471211433,0.018663639202713966
AMDMUOx,2024-01-31,-0.0045195468701422215,-0.0020354613661766052,0.0064143086783587933,0.015674378722906113,0.018750334158539772
AMDMUOx,2024-02-29,-0.0047138463705778122,-0.0020836731418967247,0.0066563617438077927,0.016034450381994247,0.019215060397982597
AMDMUOx,2024-03-31,-0.0053540123626589775,-0.0025519761256873608,0.0066089006140828133,0.016373461112380028,0.019586371257901192
AMDMUOx,2024-04-30,-0.005585881881415844,-0.0028370115906000137,0.0062953829765319824,0.016382701694965363,0.019747180864214897
AMDMUOx,2024-05-31,-0.0061439629644155502,-0.0032501388341188431,0.0060270363464951515,0.016349561512470245,0.019905602559447289
AMDMUOx,2024-06-30,-0.0066785914823412895,-0.0036637573502957821,0.0060326987877488136,0.016690732911229134,0.020263629034161568
AMDMUOx,2024-07-31,-0.0067834854125976562,-0.0038112225010991096,0.0059203524142503738,0.016680862754583359,0.020292818546295166
AMDMUOx,2024-08-31,-0.0071081854403018951,-0.0040578879415988922,0.0059879496693611145,0.0166670773178339,0.020308224484324455
AMDMUOx,2024-09-30,-0.0071581089869141579,-0.0041322829201817513,0.0058190664276480675,0.016820713877677917,0.020548388361930847
AMDMUOx,2024-10-31,-0.007420009933412075,-0.0043299193494021893,0.0058418400585651398,0.01689036563038826,0.020647376775741577
AMDMUOx,2024-11-30,-0.0075613725930452347,-0.0044847587123513222,0.0057385023683309555,0.017105016857385635,0.020976433530449867
AMDMUOx,2024-12-31,-0.0082746129482984543,-0.0050701415166258812,0.0053002834320068359,0.016618719324469566,0.020503828302025795
AMDMUOx,2025-01-31,-0.0081085767596960068,-0.0049633868038654327,0.0053815310820937157,0.016450423747301102,0.020289106294512749
AMDMUOx,2025-02-28,-0.0082958610728383064,-0.0051367850974202156,0.005202664528042078,0.016595175489783287,0.020604802295565605
AMDMUOx,2025-03-31,-0.008715728297829628,-0.005398833192884922,0.0051353531889617443,0.016572820022702217,0.020542865619063377
AMDMUOx,2025-04-30,-0.0085823144763708115,-0.0053872959688305855,0.0051377061754465103,0.016641449183225632,0.020630959421396255
AMDMUOx,2025-05-31,-0.0085887834429740906,-0.0054064299911260605,0.0051565263420343399,0.0165727399289608,0.020522627979516983
AMDMUOx,2025-06-30,-0.0087276259437203407,-0.0054274406284093857,0.0052485205233097076,0.016598213464021683,0.020577140152454376
AMDMUOx,2025-07-31,-0.0087830675765872002,-0.0055326372385025024,0.0052227135747671127,0.016702655702829361,0.020722366869449615
ANDENOx,2023-08-31,-0.095198482275009155,-0.062519751489162445,0.026907306164503098,0.11624917387962341,0.14842097461223602
ANDENOx,2023-09-30,-0.11291933804750443,-0.079104572534561157,0.016331851482391357,0.11159834265708923,0.14570415019989014
ANDENOx,2023-10-31,-0.1348627507686615,-0.10086385905742645,-0.0029607354663312435,0.096491746604442596,0.13204261660575867
ANDENOx,2023-11-30,-0.13374301791191101,-0.10043639689683914,-0.001623998861759901,0.099092297255992889,0.13539539277553558
ANDENOx,2023-12-31,-0.12148545682430267,-0.086181916296482086,0.015372048132121563,0.11984939873218536,0.15688827633857727
ANDENOx,2024-01-31,-0.14696674048900604,-0.11054246127605438,-0.0068393321707844734,0.099226057529449463,0.13716305792331696
ANDENOx,2024-02-29,-0.13566906750202179,-0.099415458738803864,0.0056512216106057167,0.11013443768024445,0.14742670953273773
ANDENOx,2024-03-31,-0.13506914675235748,-0.099543415009975433,0.0048714876174926758,0.10992642492055893,0.14708720147609711
ANDENOx,2024-04-30,-0.13807635009288788,-0.10170194506645203,0.0036293333396315575,0.1068744882941246,0.1431293785572052
ANDENOx,2024-05-31,-0.13563182950019836,-0.10066422820091248,0.003067866200581193,0.10626684129238129,0.14199542999267578
ANDENOx,2024-06-30,-0.13423657417297363,-0.098037227988243103,0.0053079435601830482,0.10822406411170959,0.14375339448451996
ANDENOx,2024-07-31,-0.13564223051071167,-0.1007339134812355,0.0022374296095222235,0.104261614382267,0.13978493213653564
ANDENOx,2024-08-31,-0.13536690175533295,-0.099752545356750488,0.0034672818146646023,0.10563725233078003,0.14113102853298187
ANDENOx,2024-09-30,-0.13615112006664276,-0.10059329122304916,0.0032730335369706154,0.10637947916984558,0.14174246788024902
ANDENOx,2024-10-31,-0.13431735336780548,-0.099306322634220123,0.0039892075583338737,0.10505704581737518,0.14033016562461853
ANDENOx,2024-11-30,-0.13475377857685089,-0.099224910140037537,0.0035756221041083336,0.10474696755409241,0.14005166292190552
ANDENOx,2024-12-31,-0.1313149631023407,-0.096634417772293091,0.0047474885359406471,0.10718150436878204,0.14300701022148132
ANDENOx,2025-01-31,-0.13160787522792816,-0.096752099692821503,0.0048282807692885399,0.10674364119768143,0.14280329644680023
ANDENOx,2025-02-28,-0.13101701438426971,-0.096146948635578156,0.0046720551326870918,0.10709308087825775,0.14349611103534698
ANDENOx,2025-03-31,-0.13201606273651123,-0.097162820398807526,0.0037902945186942816,0.10523153096437454,0.14151106774806976
ANDENOx,2025-04-30,-0.13101969659328461,-0.095891453325748444,0.0041695050895214081,0.10586831718683243,0.14256791770458221
ANDENOx,2025-05-31,-0.13255812227725983,-0.097208097577095032,0.0045583988539874554,0.10543403029441833,0.14179658889770508
ANDENOx,2025-06-30,-0.13314880430698395,-0.096941843628883362,0.0047293687239289284,0.10437857359647751,0.1404050886631012
ANDENOx,2025-07-31,-0.13148495554924011,-0.096014976501464844,0.0043801795691251755,0.10425391048192978,0.14066547155380249
AWHMAN,2023-08-31,40.450160980224609,40.517265319824219,40.684501647949219,40.842502593994141,40.902915954589844
AWHMAN,2023-09-30,40.368885040283203,40.462974548339844,40.699108123779297,40.902873992919922,40.973812103271484
AWHMAN,2023-10-31,40.310676574707031,40.423496246337891,40.695449829101562,40.946231842041016,41.027439117431641
AWHMAN,2023-11-30,40.2701416015625,40.390331268310547,40.697322845458984,40.978275299072266,41.067375183105469
AWHMAN,2023-12-31,40.176967620849609,40.333538055419922,40.713191986083984,41.047672271728516,41.149993896484375
AWHMAN,2024-01-31,40.142635345458984,40.306186676025391,40.730617523193359,41.114635467529297,41.233489990234375
AWHMAN,2024-02-29,40.108917236328125,40.286472320556641,40.7359619140625,41.149868011474609,41.278743743896484
AWHMAN,2024-03-31,40.040870666503906,40.24029541015625,40.753055572509766,41.213241577148438,41.357250213623047
AWHMAN,2024-04-30,39.991382598876953,40.211231231689453,40.76043701171875,41.230899810791016,41.376384735107422
AWHMAN,2024-05-31,39.964336395263672,40.191776275634766,40.763492584228516,41.25738525390625,41.415241241455078
AWHMAN,2024-06-30,39.930229187011719,40.169578552246094,40.761646270751953,41.258419036865234,41.415206909179688
AWHMAN,2024-07-31,39.899845123291016,40.148365020751953,40.762805938720703,41.267845153808594,41.424633026123047
AWHMAN,2024-08-31,39.8353271484375,40.112148284912109,40.753684997558594,41.283153533935547,41.448707580566406
AWHMAN,2024-09-30,39.785709381103516,40.076393127441406,40.749530792236328,41.299171447753906,41.47052001953125
AWHMAN,2024-10-31,39.749134063720703,40.051788330078125,40.753086090087891,41.310993194580078,41.486728668212891
AWHMAN,2024-11-30,39.688953399658203,40.009456634521484,40.755893707275391,41.325477600097656,41.500225067138672
AWHMAN,2024-12-31,39.763374328613281,40.041378021240234,40.770477294921875,41.414974212646484,41.631610870361328
AWHMAN,2025-01-31,39.740337371826172,40.023082733154297,40.768383026123047,41.411182403564453,41.627567291259766
AWHMAN,2025-02-28,39.727592468261719,40.017467498779297,40.771347045898438,41.418552398681641,41.636341094970703
AWHMAN,2025-03-31,39.706783294677734,40.007129669189453,40.777706146240234,41.429927825927734,41.650520324707031
AWHMAN,2025-04-30,39.723293304443359,40.022579193115234,40.784194946289062,41.449073791503906,41.679950714111328
AWHMAN,2025-05-31,39.714591979980469,40.016815185546875,40.792331695556641,41.448726654052734,41.671520233154297
AWHMAN,2025-06-30,39.723979949951172,40.027740478515625,40.790699005126953,41.452781677246094,41.682109832763672
AWHMAN,2025-07-31,39.715805053710938,40.021785736083984,40.790554046630859,41.464862823486328,41.697425842285156
AWOTMAN,2023-08-31,-0.16434049606323242,-0.11923361569643021,0.0013282578438520432,0.1202017143368721,0.16365863382816315
AWOTMAN,2023-09-30,-0.17452238500118256,-0.12840957939624786,-0.003682996379211545,0.1196935847401619,0.16481278836727142
AWOTMAN,2023-10-31,-0.1798417717218399,-0.13258710503578186,-0.0039864247664809227,0.12332170456647873,0.16909247636795044
AWOTMAN,2023-11-30,-0.18337085843086243,-0.13425622880458832,-0.0015747251454740763,0.12739104032516479,0.17407667636871338
AWOTMAN,2023-12-31,-0.18028047680854797,-0.13147008419036865,0.0005678089801222086,0.13180530071258545,0.18054607510566711
AWOTMAN,2024-01-31,-0.19020293653011322,-0.13994507491588593,-0.0024185343645513058,0.13157795369625092,0.18060760200023651
AWOTMAN,2024-02-29,-0.1927679032087326,-0.14150582253932953,-0.0011947609018534422,0.13483768701553345,0.18392941355705261
AWOTMAN,2024-03-31,-0.1952519565820694,-0.14400376379489899,-0.0021073101088404655,0.13940759003162384,0.19025996327400208
AWOTMAN,2024-04-30,-0.19844430685043335,-0.14541070163249969,-0.00037270004395395517,0.13980641961097717,0.18991824984550476
AWOTMAN,2024-05-31,-0.19456005096435547,-0.14343501627445221,-0.0018666326068341732,0.13444317877292633,0.18376992642879486
AWOTMAN,2024-06-30,-0.19030800461769104,-0.13935132324695587,-0.0018410577904433012,0.1277519166469574,0.17419925332069397
AWOTMAN,2024-07-31,-0.1858934760093689,-0.13676954805850983,-0.0018460194114595652,0.12490467727184296,0.16985553503036499
AWOTMAN,2024-08-31,-0.18884561955928802,-0.13789650797843933,-0.00081972056068480015,0.12588705122470856,0.17047689855098724
AWOTMAN,2024-09-30,-0.19197931885719299,-0.14017894864082336,-0.0023916875943541527,0.12577426433563232,0.16912452876567841
AWOTMAN,2024-10-31,-0.19477120041847229,-0.14284108579158783,-0.0022815798874944448,0.12829218804836273,0.17437545955181122
AWOTMAN,2024-11-30,-0.2003885805606842,-0.14621570706367493,-0.0020931072067469358,0.13162510097026825,0.17843051254749298
AWOTMAN,2024-12-31,-0.20334246754646301,-0.14464209973812103,0.00055967719526961446,0.14029097557067871,0.19456429779529572
AWOTMAN,2025-01-31,-0.20779573917388916,-0.14817963540554047,-8.2319485954940319e-05,0.14217032492160797,0.19720497727394104
AWOTMAN,2025-02-28,-0.20878346264362335,-0.14887742698192596,-0.00040322670247405767,0.14382277429103851,0.19978180527687073
AWOTMAN,2025-03-31,-0.20764464139938354,-0.14823716878890991,0.00029554706998169422,0.1457522064447403,0.20272712409496307
AWOTMAN,2025-04-30,-0.20905672013759613,-0.14892496168613434,-0.00047632120549678802,0.14768598973751068,0.20634405314922333
AWOTMAN,2025-05-31,-0.20985463261604309,-0.14965729415416718,5.2167335525155067e-05,0.14414826035499573,0.20108048617839813
AWOTMAN,2025-06-30,-0.20385082066059113,-0.14528119564056396,-0.00032223993912339211,0.13817796111106873,0.19295330345630646
AWOTMAN,2025-07-31,-0.197950080037117,-0.14172215759754181,-0.0011495372746139765,0.13563184440135956,0.19032371044158936
BAA,2023-08-31,-0.35924625396728516,-0.28833779692649841,-0.081690326333045959,0.12625077366828918,0.20020259916782379
BAA,2023-09-30,-0.32033920288085938,-0.2468191385269165,-0.0272829569876194,0.20300978422164917,0.2835049033164978
BAA,2023-10-31,-0.33493411540985107,-0.25979575514793396,-0.036418288946151733,0.19617748260498047,0.27558568120002747
BAA,2023-11-30,-0.31380867958068848,-0.23832397162914276,-0.011372319422662258,0.21899110078811646,0.29681834578514099
BAA,2023-12-31,-0.32187926769256592,-0.24561740458011627,-0.020944083109498024,0.2138194739818573,0.29463982582092285
BAA,2024-01-31,-0.31865027546882629,-0.24341344833374023,-0.010442450642585754,0.22530731558799744,0.30460429191589355
BAA,2024-02-29,-0.32092118263244629,-0.24376797676086426,-0.013569523580372334,0.2212991863489151,0.30019941926002502
BAA,2024-03-31,-0.32102987170219421,-0.24459351599216461,-0.011637250892817974,0.22908748686313629,0.31142750382423401
BAA,2024-04-30,-0.32741037011146545,-0.25006076693534851,-0.012595903128385544,0.22952595353126526,0.31212130188941956
BAA,2024-05-31,-0.33233159780502319,-0.25265428423881531,-0.010095851495862007,0.23617161810398102,0.31842333078384399
BAA,2024-06-30,-0.33398386836051941,-0.25367018580436707,-0.012014375999569893,0.23270849883556366,0.31357693672180176
BAA,2024-07-31,-0.33246564865112305,-0.25491604208946228,-0.018513407558202744,0.217620849609375,0.29802331328392029
BAA,2024-08-31,-0.3427787721157074,-0.26040300726890564,-0.021690815687179565,0.21650846302509308,0.29733890295028687
BAA,2024-09-30,-0.34710875153541565,-0.26309663057327271,-0.019307909533381462,0.22191236913204193,0.30123767256736755
BAA,2024-10-31,-0.34734129905700684,-0.26391875743865967,-0.017740115523338318,0.22753831744194031,0.31072553992271423
BAA,2024-11-30,-0.35519468784332275,-0.26909744739532471,-0.02150433138012886,0.22120007872581482,0.3037131130695343
BAA,2024-12-31,-0.33863571286201477,-0.26036301255226135,-0.018279347568750381,0.2324845939874649,0.3179442286491394
BAA,2025-01-31,-0.33701533079147339,-0.25897789001464844,-0.018528634682297707,0.2327469140291214,0.31946766376495361
BAA,2025-02-28,-0.3330748975276947,-0.25503206253051758,-0.016274858266115189,0.23265193402767181,0.31893140077590942
BAA,2025-03-31,-0.33524444699287415,-0.25516444444656372,-0.011149521917104721,0.23980818688869476,0.32531744241714478
BAA,2025-04-30,-0.33030694723129272,-0.25065940618515015,-0.0097126765176653862,0.24228997528553009,0.32885450124740601
BAA,2025-05-31,-0.33379888534545898,-0.25442194938659668,-0.010318761691451073,0.23841656744480133,0.32391634583473206
BAA,2025-06-30,-0.33654412627220154,-0.25583940744400024,-0.01307626161724329,0.23275445401668549,0.31756013631820679
BAA,2025-07-31,-0.3312738835811615,-0.25279819965362549,-0.014124348759651184,0.23224146664142609,0.31872913241386414
BAAFFM,2023-08-31,-0.030570745468139648,0.12083196640014648,0.45226073265075684,0.70990324020385742,0.86445951461791992
BAAFFM,2023-09-30,-0.14944243431091309,0.0030446052551269531,0.43599510192871094,0.99660110473632812,1.2370994091033936
BAAFFM,2023-10-31,-0.3506309986114502,-0.13042926788330078,0.48716163635253906,1.1226279735565186,1.4034576416015625
BAAFFM,2023-11-30,-0.44574093818664551,-0.18006420135498047,0.52235531806945801,1.357285737991333,1.6839194297790527
BAAFFM,2023-12-31,-0.6390688419342041,-0.32459616661071777,0.57870984077453613,1.4461910724639893,1.7927701473236084
BAAFFM,2024-01-31,-0.7251732349395752,-0.36371970176696777,0.64389753341674805,1.7207196950912476,2.1175346374511719
BAAFFM,2024-02-29,-0.7971341609954834,-0.40266633033752441,0.71035575866699219,1.9198185205459595,2.3670797348022461
BAAFFM,2024-03-31,-0.83131814002990723,-0.4195101261138916,0.8236079216003418,2.2389335632324219,2.7302722930908203
BAAFFM,2024-04-30,-0.95559477806091309,-0.46908736228942871,0.88767576217651367,2.4256846904754639,2.9624712467193604
BAAFFM,2024-05-31,-0.98142504692077637,-0.48622298240661621,0.95624375343322754,2.5647790431976318,3.1501429080963135
BAAFFM,2024-06-30,-1.0421254634857178,-0.51833367347717285,1.0059247016906738,2.6974043846130371,3.307157039642334
BAAFFM,2024-07-31,-1.0344445705413818,-0.52170872688293457,1.043968677520752,2.8601455688476562,3.4868159294128418
BAAFFM,2024-08-31,-1.0609328746795654,-0.53218197822570801,1.0640976428985596,2.9414243698120117,3.5642235279083252
BAAFFM,2024-09-30,-1.201129674911499,-0.6364433765411377,1.1197686195373535,3.074115514755249,3.7021780014038086
BAAFFM,2024-10-31,-1.159719705581665,-0.58489727973937988,1.2117221355438232,3.197162389755249,3.8280792236328125
BAAFFM,2024-11-30,-1.2062938213348389,-0.6022493839263916,1.2243630886077881,3.3155102729797363,3.9615626335144043
BAAFFM,2024-12-31,-1.1066806316375732,-0.46966195106506348,1.4203238487243652,3.5958502292633057,4.3254966735839844
BAAFFM,2025-01-31,-1.1781136989593506,-0.47638487815856934,1.4525530338287354,3.7135810852050781,4.4972171783447266
BAAFFM,2025-02-28,-1.1103827953338623,-0.43968081474304199,1.4878432750701904,3.7995316982269287,4.6032381057739258
BAAFFM,2025-03-31,-1.1348235607147217,-0.42587113380432129,1.5653252601623535,3.8954582214355469,4.6942014694213867
BAAFFM,2025-04-30,-1.1239078044891357,-0.41811299324035645,1.6509730815887451,3.9817361831665039,4.7820329666137695
BAAFFM,2025-05-31,-1.1946442127227783,-0.44244933128356934,1.6848874092102051,4.0600595474243164,4.8345808982849121
BAAFFM,2025-06-30,-1.1389849185943604,-0.40344548225402832,1.7387230396270752,4.1282458305358887,4.9269895553588867
BAAFFM,2025-07-31,-1.1346518993377686,-0.39462876319885254,1.8122165203094482,4.2581562995910645,5.1033086776733398
BOGMBASE,2023-08-31,-0.032839052379131317,-0.0222746841609478,-0.00058298034127801657,0.020146144554018974,0.030787788331508636
BOGMBASE,2023-09-30,-0.031434077769517899,-0.02025495283305645,0.0038597506936639547,0.027975274249911308,0.039937116205692291
BOGMBASE,2023-10-31,-0.035742651671171188,-0.024326559156179428,0.0010061967186629772,0.027026094496250153,0.03964461013674736
BOGMBASE,2023-11-30,-0.036797869950532913,-0.023950817063450813,0.0042122630402445793,0.033065147697925568,0.047287736088037491
BOGMBASE,2023-12-31,-0.045252617448568344,-0.031594771891832352,-0.0011720368638634682,0.029946479946374893,0.044926993548870087
BOGMBASE,2024-01-31,-0.053358893841505051,-0.039123706519603729,-0.0074380962178111076,0.023531446233391762,0.037953026592731476
BOGMBASE,2024-02-29,-0.03802051767706871,-0.024696683511137962,0.0052849100902676582,0.037573564797639847,0.053498327732086182
BOGMBASE,2024-03-31,-0.042521186172962189,-0.028757553547620773,0.0027402692940086126,0.034619439393281937,0.049563746899366379
BOGMBASE,2024-04-30,-0.053110327571630478,-0.03821885958313942,-0.0056200148537755013,0.02468213252723217,0.038187969475984573
BOGMBASE,2024-05-31,-0.041365355253219604,-0.028005953878164291,0.0017145463498309255,0.031062135472893715,0.044591594487428665
BOGMBASE,2024-06-30,-0.037138737738132477,-0.024288015440106392,0.0036190776154398918,0.032060608267784119,0.045326553285121918
BOGMBASE,2024-07-31,-0.042986828833818436,-0.030040310695767403,-0.0014994016382843256,0.025865942239761353,0.03816903755068779
BOGMBASE,2024-08-31,-0.043292582035064697,-0.030194342136383057,-0.0013077728217467666,0.026500537991523743,0.039250265806913376
BOGMBASE,2024-09-30,-0.041938625276088715,-0.028828304260969162,0.00040308121242560446,0.029307000339031219,0.042811065912246704
BOGMBASE,2024-10-31,-0.041246663779020309,-0.027779657393693924,0.0018323897384107113,0.02990863099694252,0.042969703674316406
BOGMBASE,2024-11-30,-0.041753608733415604,-0.028445297852158546,0.0015301216626539826,0.030948810279369354,0.044501170516014099
BOGMBASE,2024-12-31,-0.053971949964761734,-0.037582345306873322,-0.0022145025432109833,0.033152889460325241,0.049119267612695694
BOGMBASE,2025-01-31,-0.057613112032413483,-0.0409722700715065,-0.0039128744974732399,0.032366927713155746,0.048580806702375412
BOGMBASE,2025-02-28,-0.047582060098648071,-0.031625870615243912,0.0038030275609344244,0.039881899952888489,0.056150846183300018
BOGMBASE,2025-03-31,-0.048560172319412231,-0.032721888273954391,0.0022903811186552048,0.03777206689119339,0.054104063659906387
BOGMBASE,2025-04-30,-0.054270554333925247,-0.037761673331260681,-0.0029413674492388964,0.030135005712509155,0.045741524547338486
BOGMBASE,2025-05-31,-0.047812119126319885,-0.03267958015203476,-0.00067361537367105484,0.029207458719611168,0.043305199593305588
BOGMBASE,2025-06-30,-0.039060819894075394,-0.02576398104429245,0.0030036221724003553,0.031413421034812927,0.045484546571969986
BOGMBASE,2025-07-31,-0.04110027477145195,-0.02810266800224781,0.00062265276210382581,0.028658080846071243,0.042451683431863785
BUSINVx,2023-08-31,-0.0056513948366045952,-0.004353061318397522,-0.0011185107287019491,0.0019229209283366799,0.002976937685161829
BUSINVx,2023-09-30,-0.0055152745917439461,-0.0040557999163866043,-0.00021096528507769108,0.0034883106127381325,0.0047105196863412857
BUSINVx,2023-10-31,-0.0061310920864343643,-0.0043969359248876572,3.4725293517112732e-05,0.0041224649176001549,0.0054498221725225449
BUSINVx,2023-11-30,-0.006211455911397934,-0.0043105185031890869,0.00041691074147820473,0.0047094211913645267,0.0060778958722949028
BUSINVx,2023-12-31,-0.0061718504875898361,-0.0041997628286480904,0.00078103970736265182,0.0053392704576253891,0.0067396154627203941
BUSINVx,2024-01-31,-0.0060401326045393944,-0.0040477020666003227,0.001309248385950923,0.0061366641893982887,0.0076894061639904976
BUSINVx,2024-02-29,-0.0060090366750955582,-0.0039195464923977852,0.0016211845213547349,0.0066057611256837845,0.008237169124186039
BUSINVx,2024-03-31,-0.0059060081839561462,-0.0037237831857055426,0.002060985891148448,0.007326219230890274,0.0090844118967652321
BUSINVx,2024-04-30,-0.0057709868997335434,-0.0034984166268259287,0.002430987311527133,0.0076537858694791794,0.0093881934881210327
BUSINVx,2024-05-31,-0.0059225158765912056,-0.0034972804132848978,0.0026605837047100067,0.008066665381193161,0.0098719401285052299
BUSINVx,2024-06-30,-0.0059638824313879013,-0.0035021493677049875,0.002734537236392498,0.0082609420642256737,0.01011176872998476
BUSINVx,2024-07-31,-0.0059701856225728989,-0.00352263986133039,0.0028183443937450647,0.0084040071815252304,0.01028785202652216
BUSINVx,2024-08-31,-0.0062940558418631554,-0.0036704863887280226,0.0029151793569326401,0.0086566833779215813,0.01063830591738224
BUSINVx,2024-09-30,-0.0063770394772291183,-0.0036884935107082129,0.0029982971027493477,0.0089002195745706558,0.010954083874821663
BUSINVx,2024-10-31,-0.0065992716699838638,-0.0038619895931333303,0.0029914465267211199,0.0088935941457748413,0.010975955054163933
BUSINVx,2024-11-30,-0.0064104069024324417,-0.0037351509090512991,0.0030364603735506535,0.009034719318151474,0.011149265803396702
BUSINVx,2024-12-31,-0.0067265620455145836,-0.0037205375265330076,0.0031292764469981194,0.00978134386241436,0.012731678783893585
BUSINVx,2025-01-31,-0.0067878579720854759,-0.0037967425305396318,0.003047657199203968,0.0096648996695876122,0.012615530751645565
BUSINVx,2025-02-28,-0.0067295888438820839,-0.0037376352120190859,0.0030113484244793653,0.0095245251432061195,0.012475614435970783
BUSINVx,2025-03-31,-0.0068882647901773453,-0.0038195166271179914,0.0029626272153109312,0.0094805043190717697,0.012470095418393612
BUSINVx,2025-04-30,-0.0068979272618889809,-0.003819325240328908,0.0029801193159073591,0.0096089541912078857,0.01273256354033947
BUSINVx,2025-05-31,-0.0071196127682924271,-0.0039841616526246071,0.002966148080304265,0.0095721427351236343,0.012666013091802597
BUSINVx,2025-06-30,-0.007029862143099308,-0.0038669339846819639,0.0029858557973057032,0.0095847668126225471,0.012708902359008789
BUSINVx,2025-07-31,-0.0069979475811123848,-0.0038123938720673323,0.003029978834092617,0.0097128329798579216,0.012856073677539825
BUSLOANS,2023-08-31,-0.011515337042510509,-0.0084980018436908722,-0.00077437720028683543,0.0068108830600976944,0.0095209032297134399
BUSLOANS,2023-09-30,-0.011062365956604481,-0.0079368632286787033,0.0002780199283733964,0.0080558843910694122,0.010697985999286175
BUSLOANS,2023-10-31,-0.011354802176356316,-0.0081968503072857857,0.00015871912182774395,0.0082035446539521217,0.010907209478318691
BUSLOANS,2023-11-30,-0.011476913467049599,-0.0082548884674906731,0.00017412286251783371,0.0081762904301285744,0.010851829312741756
BUSLOANS,2023-12-31,-0.011419457383453846,-0.0082168867811560631,0.00013607533765025437,0.0081284567713737488,0.010860925540328026
BUSLOANS,2024-01-31,-0.011518056504428387,-0.0083629470318555832,0.00016697506362106651,0.0081469807773828506,0.010782855562865734
BUSLOANS,2024-02-29,-0.011301704682409763,-0.0081044575199484825,0.00024106768250931054,0.0079593760892748833,0.010494699701666832
BUSLOANS,2024-03-31,-0.011493267491459846,-0.0082755088806152344,0.00019058975158259273,0.0081290062516927719,0.010809057392179966
BUSLOANS,2024-04-30,-0.011272953823208809,-0.0081512527540326118,0.00024283559469040483,0.0081341126933693886,0.010774897411465645
BUSLOANS,2024-05-31,-0.011731879785656929,-0.0084138140082359314,8.285160583909601e-05,0.0081359390169382095,0.010868072509765625
BUSLOANS,2024-06-30,-0.011218159459531307,-0.0081073995679616928,0.00019959332712460309,0.0079856077209115028,0.010571748018264771
BUSLOANS,2024-07-31,-0.011162623763084412,-0.0080844946205615997,7.1034999564290047e-05,0.0077723255380988121,0.01033503282815218
BUSLOANS,2024-08-31,-0.011557422578334808,-0.0082899229601025581,0.00013349650544114411,0.00775926373898983,0.010285306721925735
BUSLOANS,2024-09-30,-0.011468019336462021,-0.0082099316641688347,0.00010293387458659708,0.0077715069055557251,0.010258532129228115
BUSLOANS,2024-10-31,-0.011293705552816391,-0.0081357257440686226,0.00014677163562737405,0.007948671467602253,0.010603680275380611
BUSLOANS,2024-11-30,-0.011371652595698833,-0.0081737292930483818,0.00011571470531634986,0.0077910516411066055,0.010377776809036732
BUSLOANS,2024-12-31,-0.011651808395981789,-0.00828532874584198,8.9587963884696364e-05,0.0079546989873051643,0.010768011212348938
BUSLOANS,2025-01-31,-0.011605563573539257,-0.0082834763452410698,0.00011400136281736195,0.0079969344660639763,0.010816119611263275
BUSLOANS,2025-02-28,-0.011510489508509636,-0.0081824604421854019,0.00013916607713326812,0.0079909935593605042,0.010814085602760315
BUSLOANS,2025-03-31,-0.011591053567826748,-0.0082119451835751534,0.00011575390817597508,0.0079696951434016228,0.010815773159265518
BUSLOANS,2025-04-30,-0.011557384394109249,-0.0082186143845319748,0.0001101894595194608,0.008172239176928997,0.011147676035761833
BUSLOANS,2025-05-31,-0.011562454514205456,-0.0082955854013562202,0.00016200893151108176,0.0081389080733060837,0.011011695489287376
BUSLOANS,2025-06-30,-0.011432674713432789,-0.0081395702436566353,0.00017345773812849075,0.0079633770510554314,0.010768137872219086
BUSLOANS,2025-07-31,-0.011376284062862396,-0.0080800186842679977,0.00020190949726384133,0.0080055752769112587,0.010893345810472965
CE16OV,2023-08-31,-0.0022092605940997601,-0.0013143869582563639,0.0008838125504553318,0.0030078771524131298,0.0038009961135685444
CE16OV,2023-09-30,-0.002504891948774457,-0.0014792189467698336,0.0010593459010124207,0.0033886351156979799,0.0042778775095939636
CE16OV,2023-10-31,-0.0024404842406511307,-0.0014170450158417225,0.0011215974809601903,0.003520255908370018,0.0044029508717358112
CE16OV,2023-11-30,-0.00220096530392766,-0.0012060787994414568,0.0014220839366316795,0.0039208522066473961,0.0048557212576270103
CE16OV,2023-12-31,-0.0028351170476526022,-0.0017634283285588026,0.0010234474902972579,0.0035892953164875507,0.0044881515204906464
CE16OV,2024-01-31,-0.0026555915828794241,-0.0015945518389344215,0.0012563696363940835,0.0039749960415065289,0.0049699507653713226
CE16OV,2024-02-29,-0.0028214349877089262,-0.0016946829855442047,0.0012034601531922817,0.0040357550606131554,0.0050451746210455894
CE16OV,2024-03-31,-0.0029440512880682945,-0.001782161882147193,0.0011990917846560478,0.0040939273312687874,0.005114908330142498
CE16OV,2024-04-30,-0.0028278811369091272,-0.0016870677936822176,0.0012331507168710232,0.0040155975148081779,0.0050346553325653076
CE16OV,2024-05-31,-0.0028844105545431376,-0.0017155965324491262,0.001400038949213922,0.0042255697771906853,0.0052598798647522926
CE16OV,2024-06-30,-0.0029679790604859591,-0.0018230204004794359,0.0011652904795482755,0.0039702644571661949,0.0050056343898177147
CE16OV,2024-07-31,-0.0030073618981987238,-0.001859764102846384,0.0011470002355054021,0.0039710886776447296,0.0049986839294433594
CE16OV,2024-08-31,-0.0029778459575027227,-0.0018368149176239967,0.0012334252241998911,0.0040953829884529114,0.0051200604066252708
CE16OV,2024-09-30,-0.0030675099696964025,-0.0018525158520787954,0.0013173404149711132,0.004109569825232029,0.005084378644824028
CE16OV,2024-10-31,-0.0030086131300777197,-0.0018524175975471735,0.0011906817089766264,0.004067499190568924,0.0051117176190018654
CE16OV,2024-11-30,-0.0029310688842087984,-0.0017550915945321321,0.0012097314465790987,0.0040267170406877995,0.0050426824018359184
CE16OV,2024-12-31,-0.0035560133401304483,-0.0021912239026278257,0.0012468117056414485,0.0044161751866340637,0.0055756764486432076
CE16OV,2025-01-31,-0.0034004149492830038,-0.0020647265482693911,0.0013196894433349371,0.0043752817437052727,0.0054788468405604362
CE16OV,2025-02-28,-0.0033113860990852118,-0.0019884428475052118,0.0013542433734983206,0.0043343082070350647,0.0054041342809796333
CE16OV,2025-03-31,-0.0032000446226447821,-0.0019051239360123873,0.0013691016938537359,0.0044227712787687778,0.0055489940568804741
CE16OV,2025-04-30,-0.0035077447537332773,-0.0021376663353294134,0.0012728918809443712,0.0043777450919151306,0.0054883509874343872
CE16OV,2025-05-31,-0.0033081939909607172,-0.0020157820545136929,0.0012707642745226622,0.0044126813299953938,0.0056002745404839516
CE16OV,2025-06-30,-0.0032649871427565813,-0.0019434720743447542,0.0013055054005235434,0.0044099548831582069,0.0055842213332653046
CE16OV,2025-07-31,-0.0033909415360540152,-0.0020358331967145205,0.0013063381193205714,0.0044734710827469826,0.0056340433657169342
CES0600000007,2023-08-31,40.157367706298828,40.227115631103516,40.415042877197266,40.615364074707031,40.684322357177734
CES0600000007,2023-09-30,40.055015563964844,40.153724670410156,40.405746459960938,40.641265869140625,40.723037719726562
CES0600000007,2023-10-31,39.973270416259766,40.090061187744141,40.37933349609375,40.658153533935547,40.748924255371094
CES0600000007,2023-11-30,39.965572357177734,40.083660125732422,40.402473449707031,40.709552764892578,40.810234069824219
CES0600000007,2023-12-31,39.933132171630859,40.067405700683594,40.418548583984375,40.748390197753906,40.853763580322266
CES0600000007,2024-01-31,39.882617950439453,40.028900146484375,40.419929504394531,40.779251098632812,40.893314361572266
CES0600000007,2024-02-29,39.844917297363281,40.003170013427734,40.416332244873047,40.804893493652344,40.927589416503906
CES0600000007,2024-03-31,39.808597564697266,39.982437133789062,40.435970306396484,40.848968505859375,40.976882934570312
CES0600000007,2024-04-30,39.801429748535156,39.982536315917969,40.449161529541016,40.867328643798828,40.994026184082031
CES0600000007,2024-05-31,39.766239166259766,39.960807800292969,40.451908111572266,40.889778137207031,41.025173187255859
CES0600000007,2024-06-30,39.74774169921875,39.946846008300781,40.450210571289062,40.897197723388672,41.033817291259766
CES0600000007,2024-07-31,39.727405548095703,39.927215576171875,40.440563201904297,40.894119262695312,41.032543182373047
CES0600000007,2024-08-31,39.671348571777344,39.891273498535156,40.435859680175781,40.908828735351562,41.057865142822266
CES0600000007,2024-09-30,39.630699157714844,39.863262176513672,40.429214477539062,40.926219940185547,41.082118988037109
CES0600000007,2024-10-31,39.597671508789062,39.845085144042969,40.437274932861328,40.930171966552734,41.084518432617188
CES0600000007,2024-11-30,39.569988250732422,39.813716888427734,40.427333831787109,40.944976806640625,41.106765747070312
CES0600000007,2024-12-31,39.586963653564453,39.812747955322266,40.4390869140625,41.029891967773438,41.229789733886719
CES0600000007,2025-01-31,39.573001861572266,39.802238464355469,40.438243865966797,41.038810729980469,41.242881774902344
CES0600000007,2025-02-28,39.564685821533203,39.7984619140625,40.441154479980469,41.048419952392578,41.256694793701172
CES0600000007,2025-03-31,39.545944213867188,39.792140960693359,40.447952270507812,41.048580169677734,41.254127502441406
CES0600000007,2025-04-30,39.572971343994141,39.809894561767578,40.454074859619141,41.055500030517578,41.266056060791016
CES0600000007,2025-05-31,39.576263427734375,39.811634063720703,40.459850311279297,41.058544158935547,41.264205932617188
CES0600000007,2025-06-30,39.580120086669922,39.819499969482422,40.460311889648438,41.061016082763672,41.269222259521484
CES0600000007,2025-07-31,39.568050384521484,39.813175201416016,40.463939666748047,41.068248748779297,41.278186798095703
CES0600000008,2023-08-31,-0.0026769698597490788,-0.0016611631726846099,0.0010557221248745918,0.003997371532022953,0.0050840508192777634
CES0600000008,2023-09-30,-0.0050015407614409924,-0.0036901901476085186,-0.00027127331122756004,0.003123309463262558,0.0043613598681986332
CES0600000008,2023-10-31,-0.0050476547330617905,-0.0036553044337779284,8.4918901848141104e-05,0.0038244354072958231,0.0051615256816148758
CES0600000008,2023-11-30,-0.005388427060097456,-0.0038807401433587074,0.00010186927102040499,0.0040196049958467484,0.0054017575457692146
CES0600000008,2023-12-31,-0.0055344863794744015,-0.0040256609208881855,3.6194407584844157e-05,0.0041380729526281357,0.0055847675539553165
CES0600000008,2024-01-31,-0.0058884322643280029,-0.0042798537760972977,5.1255818107165396e-05,0.004286519717425108,0.0057517723180353642
CES0600000008,2024-02-29,-0.0059657031670212746,-0.004352023359388113,3.7227753637125716e-05,0.0042337714694440365,0.0056750774383544922
CES0600000008,2024-03-31,-0.0057273693382740021,-0.0041948612779378891,4.1046019759960473e-05,0.0042111645452678204,0.005658554844558239
CES0600000008,2024-04-30,-0.0056734723038971424,-0.0041459333151578903,4.2658331949496642e-05,0.0040705795399844646,0.0054590539075434208
CES0600000008,2024-05-31,-0.0055509870871901512,-0.004071215633302927,2.2260639525484294e-05,0.0039699231274425983,0.0053303847089409828
CES0600000008,2024-06-30,-0.0055795325897634029,-0.0040755323134362698,2.2053005523048341e-05,0.0039662988856434822,0.0053110662847757339
CES0600000008,2024-07-31,-0.0054492377676069736,-0.0039940094575285912,3.9005426515359432e-05,0.0039303475059568882,0.0052774176001548767
CES0600000008,2024-08-31,-0.0054950648918747902,-0.0040010474622249603,2.6422869268571958e-05,0.0038178847171366215,0.0050996914505958557
CES0600000008,2024-09-30,-0.0054273908026516438,-0.0039300806820392609,7.1593916800338775e-05,0.0038756171707063913,0.0051340349018573761
CES0600000008,2024-10-31,-0.0054810992442071438,-0.0039868978783488274,3.5949818993685767e-05,0.0038658352568745613,0.0052039297297596931
CES0600000008,2024-11-30,-0.0054548191837966442,-0.003950473852455616,5.7756384194362909e-05,0.003828724380582571,0.0051330709829926491
CES0600000008,2024-12-31,-0.0053852158598601818,-0.0039057699032127857,-6.2213480305217672e-06,0.0038517473731189966,0.005247422493994236
CES0600000008,2025-01-31,-0.0055231270380318165,-0.004020265769213438,-4.1824932850431651e-08,0.0040021543391048908,0.0054411455057561398
CES0600000008,2025-02-28,-0.0056746699847280979,-0.0041189389303326607,9.9765784398186952e-06,0.0041017765179276466,0.0055739674717187881
CES0600000008,2025-03-31,-0.0056672138161957264,-0.0041106329299509525,4.481598807615228e-07,0.0040742252022027969,0.0055424929596483707
CES0600000008,2025-04-30,-0.0056210029870271683,-0.0040521793998777866,1.5456374967470765e-05,0.0040642218664288521,0.0055244937539100647
CES0600000008,2025-05-31,-0.0056302514858543873,-0.0040682666003704071,3.6323330277809873e-05,0.0039851069450378418,0.0054009738378226757
CES0600000008,2025-06-30,-0.005610486026853323,-0.0040339822880923748,1.6103060261229984e-05,0.003893811022862792,0.005287236999720335
CES0600000008,2025-07-31,-0.0055152508430182934,-0.003964059054851532,2.2806554625276476e-05,0.0038639632984995842,0.0052624181844294071
CES1021000001,2023-08-31,-0.0074428035877645016,-0.0047758608125150204,0.0012664584210142493,0.0072521502152085304,0.0095319226384162903
CES1021000001,2023-09-30,-0.010175198316574097,-0.0068939873017370701,0.00067791296169161797,0.0076491460204124451,0.010198480449616909
CES1021000001,2023-10-31,-0.011375823989510536,-0.0078440690413117409,0.00069574476219713688,0.0085791666060686111,0.011281385086476803
CES1021000001,2023-11-30,-0.012372813187539577,-0.0085819121450185776,0.00071914750151336193,0.0091071976348757744,0.012091687880456448
CES1021000001,2023-12-31,-0.013432093895971775,-0.0092102028429508209,0.00081471726298332214,0.01005095150321722,0.013320721685886383
CES1021000001,2024-01-31,-0.013426702469587326,-0.0092570986598730087,0.0011040916433557868,0.010324999690055847,0.013434832915663719
CES1021000001,2024-02-29,-0.013751793652772903,-0.0093246391043066978,0.0012549274833872914,0.010430483147501945,0.013536509126424789
CES1021000001,2024-03-31,-0.014747963286936283,-0.009994039312005043,0.0012335263891145587,0.011011109687387943,0.014315975829958916
CES1021000001,2024-04-30,-0.014952786266803741,-0.010193615220487118,0.0011969300685450435,0.011176439002156258,0.014567084610462189
CES1021000001,2024-05-31,-0.015482468530535698,-0.010464861989021301,0.0011165760224685073,0.011327421292662621,0.014889463782310486
CES1021000001,2024-06-30,-0.015434292145073414,-0.010449365712702274,0.0013057604664936662,0.0114028574898839,0.014924954622983932
CES1021000001,2024-07-31,-0.015738764777779579,-0.010803172364830971,0.00083365035243332386,0.011196423321962357,0.014712279662489891
CES1021000001,2024-08-31,-0.016226783394813538,-0.011119210161268711,0.00095362949650734663,0.011260815896093845,0.014781301841139793
CES1021000001,2024-09-30,-0.016304697841405869,-0.011116897687315941,0.00099163816776126623,0.011489634402096272,0.014948498457670212
CES1021000001,2024-10-31,-0.016344327479600906,-0.011145454831421375,0.001128875301219523,0.011750827543437481,0.015358194708824158
CES1021000001,2024-11-30,-0.016481716185808182,-0.011420426890254021,0.00071278458926826715,0.0117380041629076,0.015456816181540489
CES1021000001,2024-12-31,-0.018537243828177452,-0.012097877450287342,0.001157730002887547,0.0127724539488554,0.017405493184924126
CES1021000001,2025-01-31,-0.018062669783830643,-0.011788009665906429,0.0012827952159568667,0.012925166636705399,0.017515368759632111
CES1021000001,2025-02-28,-0.017716698348522186,-0.011552468873560429,0.0012775474460795522,0.012793825007975101,0.017413802444934845
CES1021000001,2025-03-31,-0.017898144200444221,-0.011562890373170376,0.0014239250449463725,0.012830072082579136,0.017478587105870247
CES1021000001,2025-04-30,-0.017942462116479874,-0.011614618822932243,0.0013289673952385783,0.013111616484820843,0.017948683351278305
CES1021000001,2025-05-31,-0.017095599323511124,-0.011155921034514904,0.0016187321161851287,0.01294255442917347,0.01753716729581356
CES1021000001,2025-06-30,-0.01701875776052475,-0.011023703962564468,0.001542437938041985,0.01248195581138134,0.016995634883642197
CES1021000001,2025-07-31,-0.01759687066078186,-0.011411343701183796,0.0013864928623661399,0.012583285570144653,0.017223557457327843
CES2000000008,2023-08-31,-0.0063770124688744545,-0.0045524658635258675,-0.00044447038089856505,0.0032127713784575462,0.0047333110123872757
CES2000000008,2023-09-30,-0.0079134600237011909,-0.005603201687335968,-0.00031405669869855046,0.0046461881138384342,0.0066350847482681274
CES2000000008,2023-10-31,-0.0084882136434316635,-0.0059094135649502277,0.00018210498092230409,0.0059693227522075176,0.0081634232774376869
CES2000000008,2023-11-30,-0.0096329841762781143,-0.0067600631155073643,7.2400383942294866e-05,0.0066222958266735077,0.0090985279530286789
CES2000000008,2023-12-31,-0.010196767747402191,-0.0071348603814840317,0.00011494709906401113,0.0072724889032542706,0.0099867992103099823
CES2000000008,2024-01-31,-0.011792146600782871,-0.0082920975983142853,-2.6689383503253339e-06,0.0081647206097841263,0.011195960454642773
CES2000000008,2024-02-29,-0.013068481348454952,-0.0092154862359166145,5.4055099099059589e-06,0.0087866438552737236,0.011992392130196095
CES2000000008,2024-03-31,-0.012071666307747364,-0.0084588136523962021,0.00014374035526998341,0.0083353621885180473,0.01130253728479147
CES2000000008,2024-04-30,-0.011478404514491558,-0.0080130212008953094,0.00010741200094344094,0.0079025626182556152,0.010744933038949966
CES2000000008,2024-05-31,-0.011042543686926365,-0.0078083598054945469,6.5356965933460742e-05,0.007540043443441391,0.010282610543072224
CES2000000008,2024-06-30,-0.010946941561996937,-0.0076531064696609974,4.781207098858431e-05,0.0072101769037544727,0.0098296431824564934
CES2000000008,2024-07-31,-0.010303758084774017,-0.0072640972211956978,4.5081040298100561e-05,0.0068088574334979057,0.0092756515368819237
CES2000000008,2024-08-31,-0.010374980978667736,-0.007263044361025095,7.7973563747946173e-05,0.0065876338630914688,0.0089429765939712524
CES2000000008,2024-09-30,-0.010319014079868793,-0.0071816989220678806,3.1512601708527654e-05,0.0065077445469796658,0.0087613575160503387
CES2000000008,2024-10-31,-0.010430215857923031,-0.0072789760306477547,6.0740938351955265e-05,0.0067728529684245586,0.0092571703717112541
CES2000000008,2024-11-30,-0.010524957440793514,-0.0073557295836508274,0.00010668156028259546,0.006931026466190815,0.009419366717338562
CES2000000008,2024-12-31,-0.01148854847997427,-0.0079247439280152321,2.5703238861751743e-06,0.0077231395989656448,0.010870159603655338
CES2000000008,2025-01-31,-0.012083525769412518,-0.0083534736186265945,5.2014847824466415e-06,0.0081100622192025185,0.011361957527697086
CES2000000008,2025-02-28,-0.012346858158707619,-0.008562983013689518,-1.0598265362204984e-05,0.0086051784455776215,0.012014126405119896
CES2000000008,2025-03-31,-0.012097390368580818,-0.0083852149546146393,1.7678947187960148e-05,0.0083398781716823578,0.011740867048501968
CES2000000008,2025-04-30,-0.011879832483828068,-0.0082135610282421112,-3.4723900625976967e-06,0.0081495428457856178,0.011532135307788849
CES2000000008,2025-05-31,-0.011471926234662533,-0.007965434342622757,1.6154734112205915e-05,0.007659893948584795,0.010806601494550705
CES2000000008,2025-06-30,-0.010776647366583347,-0.0074640382081270218,2.6549707399681211e-05,0.0072538680396974087,0.010259922593832016
CES2000000008,2025-07-31,-0.010471316054463387,-0.0072478679940104485,4.2466672312002629e-05,0.0071287867613136768,0.010147197172045708
CES3000000008,2023-08-31,-0.0036202834453433752,-0.0022655155044049025,0.0012011382495984435,0.0048917084932327271,0.0063347462564706802
CES3000000008,2023-09-30,-0.0055159423500299454,-0.003957109060138464,4.1960272938013077e-05,0.0041411514393985271,0.0056980829685926437
CES3000000008,2023-10-31,-0.0060717873275279999,-0.0044194525107741356,-0.00016084742674138397,0.004174946341663599,0.0058384183794260025
CES3000000008,2023-11-30,-0.0058802436105906963,-0.0041761989705264568,0.00022260665718931705,0.0047034439630806446,0.0064034038223326206
CES3000000008,2023-12-31,-0.0062265158630907536,-0.0045226560905575752,-0.00011271625407971442,0.0044393609277904034,0.006174684502184391
CES3000000008,2024-01-31,-0.0063818520866334438,-0.0046187229454517365,3.4104465157724917e-05,0.0047210436314344406,0.0064511890523135662
CES3000000008,2024-02-29,-0.0064165452495217323,-0.0046420078724622726,2.6970124963554554e-05,0.0046132747083902359,0.0062825302593410015
CES3000000008,2024-03-31,-0.0062911682762205601,-0.0046036862768232822,-7.5575037044472992e-05,0.0045404895208775997,0.0062635848298668861
CES3000000008,2024-04-30,-0.0062548308633267879,-0.004531781654804945,2.7318181309965439e-05,0.0045516323298215866,0.0062005589716136456
CES3000000008,2024-05-31,-0.0061573651619255543,-0.0044747265055775642,1.1096168236690573e-05,0.004468915518373251,0.0060729957185685635
CES3000000008,2024-06-30,-0.0062967143021523952,-0.0045558148995041847,-5.4429299780167639e-05,0.0043999706394970417,0.0059904409572482109
CES3000000008,2024-07-31,-0.0058231181465089321,-0.0042083840817213058,3.4506192605476826e-05,0.0042890943586826324,0.0058520622551441193
CES3000000008,2024-08-31,-0.0059034177102148533,-0.004240088164806366,8.7205171439563856e-06,0.0041498038917779922,0.0056370776146650314
CES3000000008,2024-09-30,-0.0058366940356791019,-0.0041749496012926102,4.3518179154489189e-05,0.0041502807289361954,0.0055885608308017254
CES3000000008,2024-10-31,-0.0058455970138311386,-0.0041879946365952492,-1.3411668987828307e-05,0.0041339066810905933,0.0056935078464448452
CES3000000008,2024-11-30,-0.00585972610861063,-0.0041969185695052147,-3.8439990021288395e-05,0.004021771252155304,0.0055324365384876728
CES3000000008,2024-12-31,-0.0058456826955080032,-0.0042691347189247608,-5.2699819207191467e-05,0.0042175622656941414,0.0058054570108652115
CES3000000008,2025-01-31,-0.0059783007018268108,-0.0043748156167566776,-4.7998488298617303e-05,0.0043416642583906651,0.0059691471979022026
CES3000000008,2025-02-28,-0.0060681132599711418,-0.0044199386611580849,-3.252062015235424e-05,0.0044049909338355064,0.0060446439310908318
CES3000000008,2025-03-31,-0.0060404511168599129,-0.0043957708403468132,-5.133941158419475e-05,0.0043043559417128563,0.0059294081293046474
CES3000000008,2025-04-30,-0.0059322030283510685,-0.0042908266186714172,-3.282363832113333e-05,0.0042691775597631931,0.0058859833516180515
CES3000000008,2025-05-31,-0.0059349769726395607,-0.0043047540821135044,2.2232796254684217e-05,0.0042636245489120483,0.0058461958542466164
CES3000000008,2025-06-30,-0.0059938090853393078,-0.0043239290826022625,-2.6298075681552291e-06,0.0042036431841552258,0.0057737259194254875
CES3000000008,2025-07-31,-0.0059502637013792992,-0.0042936243116855621,2.6225643523503095e-07,0.0042136199772357941,0.00579476123675704
CLAIMSx,2023-08-31,-0.067848242819309235,-0.049476224929094315,-0.00087677792180329561,0.048161547631025314,0.066284127533435822
CLAIMSx,2023-09-30,-0.071027331054210663,-0.051249686628580093,0.0012931874953210354,0.051304876804351807,0.069429531693458557
CLAIMSx,2023-10-31,-0.07268679141998291,-0.053187057375907898,-0.0010368864750489593,0.050255123525857925,0.068694226443767548
CLAIMSx,2023-11-30,-0.070506930351257324,-0.051573671400547028,-0.00010844739153981209,0.051824819296598434,0.07085234671831131
CLAIMSx,2023-12-31,-0.074199654161930084,-0.054590091109275818,-0.0018270849250257015,0.050114776939153671,0.068576514720916748
CLAIMSx,2024-01-31,-0.074145980179309845,-0.054812256246805191,-0.0021392963826656342,0.050169039517641068,0.069683611392974854
CLAIMSx,2024-02-29,-0.075680337846279144,-0.055334888398647308,-0.002084540668874979,0.051303055137395859,0.071180827915668488
CLAIMSx,2024-03-31,-0.077642649412155151,-0.056719917804002762,-0.0017167688347399235,0.054144363850355148,0.074495777487754822
CLAIMSx,2024-04-30,-0.0740981325507164,-0.054004766047000885,-0.00043244403786957264,0.052451789379119873,0.072456173598766327
CLAIMSx,2024-05-31,-0.076696231961250305,-0.055957559496164322,-0.0012978309532627463,0.052937254309654236,0.073200494050979614
CLAIMSx,2024-06-30,-0.07499510794878006,-0.055030804127454758,-0.001388968899846077,0.051580727100372314,0.072097890079021454
CLAIMSx,2024-07-31,-0.074505679309368134,-0.054120205342769623,-0.00036419526441022754,0.051053859293460846,0.070726945996284485
CLAIMSx,2024-08-31,-0.075765818357467651,-0.055646207183599472,-0.0010171252069994807,0.05175110325217247,0.071577385067939758
CLAIMSx,2024-09-30,-0.078854575753211975,-0.057484015822410583,-0.001248458749614656,0.051391169428825378,0.070104703307151794
CLAIMSx,2024-10-31,-0.076429866254329681,-0.056023076176643372,-0.0016898881876841187,0.052105922251939774,0.072425022721290588
CLAIMSx,2024-11-30,-0.076957806944847107,-0.056437771767377853,-0.0031108621042221785,0.050589621067047119,0.070437200367450714
CLAIMSx,2024-12-31,-0.08634137362241745,-0.063376337289810181,-0.0019506466342136264,0.05741707980632782,0.07930610328912735
CLAIMSx,2025-01-31,-0.084192201495170593,-0.061738524585962296,-0.0020645421463996172,0.054887142032384872,0.075645484030246735
CLAIMSx,2025-02-28,-0.083143420517444611,-0.060917869210243225,-0.0016387440264225006,0.054445806890726089,0.074749253690242767
CLAIMSx,2025-03-31,-0.082343555986881256,-0.059986114501953125,-0.0015308120055124164,0.055661339312791824,0.077028654515743256
CLAIMSx,2025-04-30,-0.08561379462480545,-0.062137201428413391,-0.0023059439845383167,0.054427191615104675,0.075710989534854889
CLAIMSx,2025-05-31,-0.082348652184009552,-0.060106482356786728,-0.0022815540432929993,0.054352723062038422,0.076664477586746216
CLAIMSx,2025-06-30,-0.082509443163871765,-0.0595264732837677,-0.0019135081674903631,0.054497793316841125,0.07673337310552597
CLAIMSx,2025-07-31,-0.085052192211151123,-0.061292979866266251,-0.0015598469180986285,0.056152734905481339,0.078106231987476349
CLF16OV,2023-08-31,-0.0028707091696560383,-0.0018279911018908024,0.00076285179238766432,0.0032494687475264072,0.0042155636474490166
CLF16OV,2023-09-30,-0.0031748500186949968,-0.0020670925732702017,0.00078871549339964986,0.0034773994702845812,0.0045163184404373169
CLF16OV,2023-10-31,-0.0028658141382038593,-0.0017942457925528288,0.00098394369706511497,0.0036571742966771126,0.0046706190332770348
CLF16OV,2023-11-30,-0.0027664653025567532,-0.0017118931282311678,0.0010381493484601378,0.0035925069823861122,0.0045951586216688156
CLF16OV,2023-12-31,-0.0029733495321124792,-0.0018735395278781652,0.00091071764472872019,0.0035884494427591562,0.0046678651124238968
CLF16OV,2024-01-31,-0.0032348001841455698,-0.0020968683529645205,0.00086980313062667847,0.0036216257140040398,0.0046798791736364365
CLF16OV,2024-02-29,-0.0031389773357659578,-0.0019927893299609423,0.00092352263163775206,0.0036251100245863199,0.0046489899978041649
CLF16OV,2024-03-31,-0.0030982175376266241,-0.0019716129172593355,0.00087955489289015532,0.0035884524695575237,0.0046458747237920761
CLF16OV,2024-04-30,-0.0031057239975780249,-0.0019730241037905216,0.00092967413365840912,0.0035566061269491911,0.0045690536499023438
CLF16OV,2024-05-31,-0.0031853362452238798,-0.0020030357409268618,0.00096217577811330557,0.0036519852001219988,0.0046722190454602242
CLF16OV,2024-06-30,-0.0031474300194531679,-0.0019854942802339792,0.00095514307031407952,0.0036135450936853886,0.0046216687187552452
CLF16OV,2024-07-31,-0.0030878533143550158,-0.0019698711112141609,0.00087799091124907136,0.0034984005615115166,0.0044819870963692665
CLF16OV,2024-08-31,-0.0032573321368545294,-0.0020712220575660467,0.00092214799951761961,0.0035516130737960339,0.0045374035835266113
CLF16OV,2024-09-30,-0.0033207468222826719,-0.0021083438768982887,0.00091389589942991734,0.0036181560717523098,0.0046053072437644005
CLF16OV,2024-10-31,-0.0032622672151774168,-0.0020579658448696136,0.00094160530716180801,0.0036185705102980137,0.004625171422958374
CLF16OV,2024-11-30,-0.0030742117669433355,-0.0019391346722841263,0.00090879120398312807,0.0034963465295732021,0.0044621424749493599
CLF16OV,2024-12-31,-0.0032129895407706499,-0.0020123759750276804,0.00094617687864229083,0.0036851637996733189,0.0047377301380038261
CLF16OV,2025-01-31,-0.0032672828529030085,-0.0020488153677433729,0.0009647406404837966,0.0037726676091551781,0.0048411712050437927
CLF16OV,2025-02-28,-0.0031730339396744967,-0.0019783906172960997,0.00097602215828374028,0.0037232616450637579,0.0047918492928147316
CLF16OV,2025-03-31,-0.003187710652127862,-0.0019616908393800259,0.00096640817355364561,0.0036369611043483019,0.0046914652921259403
CLF16OV,2025-04-30,-0.0031510835979133844,-0.0019550705328583717,0.00094453687779605389,0.0036701695062220097,0.0047703962773084641
CLF16OV,2025-05-31,-0.0033198699820786715,-0.0020958420354872942,0.00093202845891937613,0.0037067499943077564,0.0047904979437589645
CLF16OV,2025-06-30,-0.0031565183307975531,-0.0019476108718663454,0.00098163436632603407,0.0036568066570907831,0.0047069159336388111
CLF16OV,2025-07-31,-0.0031178861390799284,-0.0019217131193727255,0.00096903007943183184,0.0036477323155850172,0.004721825011074543
CMRMTSPLx,2023-08-31,-0.010689274407923222,-0.0078986827284097672,-0.0007376217981800437,0.0060660443268716335,0.0083465669304132462
CMRMTSPLx,2023-09-30,-0.010017243213951588,-0.0070317727513611317,0.0010094981407746673,0.0088830981403589249,0.011476579122245312
CMRMTSPLx,2023-10-31,-0.010104719549417496,-0.0070076859556138515,0.0016253835055977106,0.0099091576412320137,0.01255978737026453
CMRMTSPLx,2023-11-30,-0.0087867090478539467,-0.0055725900456309319,0.0036425653379410505,0.01200783159583807,0.014762222766876221
CMRMTSPLx,2023-12-31,-0.011598424986004829,-0.0082728853449225426,0.001040908508002758,0.010163082741200924,0.013099475763738155
CMRMTSPLx,2024-01-31,-0.012599732726812363,-0.0090688774362206459,0.00062274257652461529,0.010122613050043583,0.013097533956170082
CMRMTSPLx,2024-02-29,-0.011726144701242447,-0.0081802979111671448,0.0018395074876025319,0.011317036114633083,0.014214325696229935
CMRMTSPLx,2024-03-31,-0.012009358964860439,-0.008532247506082058,0.0014508489985018969,0.011197496205568314,0.014303932897746563
CMRMTSPLx,2024-04-30,-0.01229518186300993,-0.0087398113682866096,0.0013960381038486958,0.010926371440291405,0.013942351564764977
CMRMTSPLx,2024-05-31,-0.012258059345185757,-0.0087655689567327499,0.0014553056098520756,0.011198921129107475,0.014294425025582314
CMRMTSPLx,2024-06-30,-0.012673650868237019,-0.0089926561340689659,0.0013217811938375235,0.011061552911996841,0.014109035953879356
CMRMTSPLx,2024-07-31,-0.01243275310844183,-0.0088701527565717697,0.0013297528494149446,0.010799873620271683,0.013773322105407715
CMRMTSPLx,2024-08-31,-0.012436334043741226,-0.0087970150634646416,0.0014442267129197717,0.010917621664702892,0.013904240913689137
CMRMTSPLx,2024-09-30,-0.012461264617741108,-0.0088157132267951965,0.0014156117103993893,0.010917338542640209,0.013810969889163971
CMRMTSPLx,2024-10-31,-0.01276124082505703,-0.0090738683938980103,0.0012870265636593103,0.011020123027265072,0.014132674783468246
CMRMTSPLx,2024-11-30,-0.012905589304864407,-0.0091712092980742455,0.0013280194252729416,0.011097513139247894,0.014210394583642483
CMRMTSPLx,2024-12-31,-0.013759828172624111,-0.0096505824476480484,0.0011325274826958776,0.011297060176730156,0.014907866716384888
CMRMTSPLx,2025-01-31,-0.01398200448602438,-0.0097922701388597488,0.0011999530252069235,0.011353875510394573,0.014931868761777878
CMRMTSPLx,2025-02-28,-0.013922388665378094,-0.0097533371299505234,0.0012143976055085659,0.011250605806708336,0.014788201078772545
CMRMTSPLx,2025-03-31,-0.014043525792658329,-0.0098106730729341507,0.0011810115538537502,0.011258336715400219,0.014841075055301189
CMRMTSPLx,2025-04-30,-0.01374832633882761,-0.0096133621409535408,0.001161092659458518,0.011391318403184414,0.015168020501732826
CMRMTSPLx,2025-05-31,-0.013949922285974026,-0.009759305976331234,0.0012748693116009235,0.011319424957036972,0.014922325499355793
CMRMTSPLx,2025-06-30,-0.013614860363304615,-0.0094516677781939507,0.0012885555624961853,0.011235357262194157,0.014821562916040421
CMRMTSPLx,2025-07-31,-0.013504263944923878,-0.0093775484710931778,0.0013141484232619405,0.011435355059802532,0.015152318403124809
COMPAPFFx,2023-08-31,0.055764354765415192,0.10516975820064545,0.19631344079971313,0.33619633316993713,0.41813063621520996
COMPAPFFx,2023-09-30,-0.0063349977135658264,0.052031822502613068,0.19475755095481873,0.39948689937591553,0.51676696538925171
COMPAPFFx,2023-10-31,-0.039946526288986206,0.025980845093727112,0.20645472407341003,0.49174848198890686,0.64402961730957031
COMPAPFFx,2023-11-30,-0.057446390390396118,0.014565654098987579,0.23174488544464111,0.60303270816802979,0.79541164636611938
COMPAPFFx,2023-12-31,-0.087425000965595245,-0.0094031095504760742,0.22732698917388916,0.67444097995758057,0.90350031852722168
COMPAPFFx,2024-01-31,-0.11114499717950821,-0.035004518926143646,0.20070850849151611,0.64185225963592529,0.87543660402297974
COMPAPFFx,2024-02-29,-0.12646636366844177,-0.046455420553684235,0.21191295981407166,0.72027391195297241,0.97860449552536011
COMPAPFFx,2024-03-31,-0.13513952493667603,-0.050171151757240295,0.2365080714225769,0.80585312843322754,1.0963971614837646
COMPAPFFx,2024-04-30,-0.13904374837875366,-0.052620537579059601,0.24010500311851501,0.82652801275253296,1.1315301656723022
COMPAPFFx,2024-05-31,-0.15372294187545776,-0.068021528422832489,0.23287090659141541,0.85403227806091309,1.1836725473403931
COMPAPFFx,2024-06-30,-0.16062837839126587,-0.071884743869304657,0.22785606980323792,0.85444754362106323,1.1970508098602295
COMPAPFFx,2024-07-31,-0.16162234544754028,-0.076605774462223053,0.22800314426422119,0.86306196451187134,1.2151913642883301
COMPAPFFx,2024-08-31,-0.17280319333076477,-0.086494989693164825,0.20987024903297424,0.85948014259338379,1.2169821262359619
COMPAPFFx,2024-09-30,-0.19003608822822571,-0.10326769202947617,0.19852077960968018,0.85630965232849121,1.2112185955047607
COMPAPFFx,2024-10-31,-0.19118556380271912,-0.10402560979127884,0.20223453640937805,0.89501595497131348,1.2575626373291016
COMPAPFFx,2024-11-30,-0.19892215728759766,-0.10708487778902054,0.21107643842697144,0.91944724321365356,1.2924302816390991
COMPAPFFx,2024-12-31,-0.2773338258266449,-0.13674300909042358,0.20397451519966125,0.96028363704681396,1.3493953943252563
COMPAPFFx,2025-01-31,-0.2832334041595459,-0.15047621726989746,0.16872358322143555,0.81080389022827148,1.1489206552505493
COMPAPFFx,2025-02-28,-0.27091202139854431,-0.1445496678352356,0.14326223731040955,0.70685696601867676,1.0168642997741699
COMPAPFFx,2025-03-31,-0.27117198705673218,-0.14617332816123962,0.13549438118934631,0.68028509616851807,0.98260188102722168
COMPAPFFx,2025-04-30,-0.27142646908760071,-0.14331629872322083,0.13017645478248596,0.64995342493057251,0.95232111215591431
COMPAPFFx,2025-05-31,-0.27409222722053528,-0.14827671647071838,0.12094809114933014,0.61286062002182007,0.90094232559204102
COMPAPFFx,2025-06-30,-0.28612992167472839,-0.15918546915054321,0.11329185217618942,0.61284458637237549,0.90738755464553833
COMPAPFFx,2025-07-31,-0.29965093731880188,-0.16869679093360901,0.11073900759220123,0.63461107015609741,0.94480437040328979
CONSPI,2023-08-31,-1.1423324346542358,-0.87450289726257324,-0.33159244060516357,0.23608106374740601,0.53297853469848633
CONSPI,2023-09-30,-1.5275636911392212,-1.1659914255142212,-0.4165421724319458,0.18902790546417236,0.50043296813964844
CONSPI,2023-10-31,-1.3193795680999756,-0.99502360820770264,-0.36469829082489014,0.25435775518417358,0.57261717319488525
CONSPI,2023-11-30,-1.4473224878311157,-1.0924705266952515,-0.38046509027481079,0.26855289936065674,0.60509204864501953
CONSPI,2023-12-31,-1.7994036674499512,-1.3525497913360596,-0.40276592969894409,0.36038324236869812,0.72903859615325928
CONSPI,2024-01-31,-1.7208656072616577,-1.291542649269104,-0.38126805424690247,0.42578208446502686,0.81487953662872314
CONSPI,2024-02-29,-1.5732367038726807,-1.1544181108474731,-0.35098332166671753,0.38581380248069763,0.75773286819458008
CONSPI,2024-03-31,-1.5158411264419556,-1.1195281744003296,-0.34943395853042603,0.35915553569793701,0.7122352123260498
CONSPI,2024-04-30,-1.6679034233093262,-1.2276288270950317,-0.3267504870891571,0.46790611743927002,0.87693512439727783
CONSPI,2024-05-31,-1.6296112537384033,-1.2002261877059937,-0.29969826340675354,0.49399304389953613,0.90982222557067871
CONSPI,2024-06-30,-1.6062386035919189,-1.1750158071517944,-0.27916818857192993,0.46982184052467346,0.89069843292236328
CONSPI,2024-07-31,-1.5731313228607178,-1.1527479887008667,-0.28230857849121094,0.475352942943573,0.88807332515716553
CONSPI,2024-08-31,-1.5706154108047485,-1.1570987701416016,-0.28278645873069763,0.51679831743240356,0.95023143291473389
CONSPI,2024-09-30,-1.625706672668457,-1.1895302534103394,-0.28287568688392639,0.5450974702835083,0.97197592258453369
CONSPI,2024-10-31,-1.5890051126480103,-1.166681170463562,-0.27548554539680481,0.53493452072143555,0.9690326452255249
CONSPI,2024-11-30,-1.7346535921096802,-1.2666246891021729,-0.29040506482124329,0.58250439167022705,1.0283651351928711
CONSPI,2024-12-31,-2.8019223213195801,-1.9155710935592651,-0.26035222411155701,1.3065881729125977,2.1838288307189941
CONSPI,2025-01-31,-2.3908131122589111,-1.62529456615448,-0.23032122850418091,0.9794766902923584,1.7216360569000244
CONSPI,2025-02-28,-1.9509873390197754,-1.3093259334564209,-0.197998046875,0.811257004737854,1.4585959911346436
CONSPI,2025-03-31,-1.8024464845657349,-1.2201143503189087,-0.20630091428756714,0.70300626754760742,1.3089847564697266
CONSPI,2025-04-30,-1.8728079795837402,-1.2603520154953003,-0.20964920520782471,0.76735115051269531,1.3830573558807373
CONSPI,2025-05-31,-1.8672143220901489,-1.2672932147979736,-0.17512641847133636,0.81943082809448242,1.4426878690719604
CONSPI,2025-06-30,-1.7237335443496704,-1.155117392539978,-0.16496908664703369,0.77978134155273438,1.3750934600830078
CONSPI,2025-07-31,-1.7025810480117798,-1.1467914581298828,-0.16703449189662933,0.76909887790679932,1.3444067239761353
CP3Mx,2023-08-31,-0.11001169681549072,-0.049150571227073669,0.050953652709722519,0.21863532066345215,0.33638849854469299
CP3Mx,2023-09-30,-0.15126244723796844,-0.081209160387516022,0.04718872532248497,0.2297062873840332,0.35673323273658752
CP3Mx,2023-10-31,-0.17732289433479309,-0.10177715122699738,0.043114021420478821,0.25647541880607605,0.39206394553184509
CP3Mx,2023-11-30,-0.20413918793201447,-0.12267953157424927,0.045857775956392288,0.2861056923866272,0.43276703357696533
CP3Mx,2023-12-31,-0.2385822981595993,-0.14843252301216125,0.036038774996995926,0.30094113945960999,0.46028822660446167
CP3Mx,2024-01-31,-0.2396843284368515,-0.15147745609283447,0.033814314752817154,0.29738342761993408,0.45513617992401123
CP3Mx,2024-02-29,-0.24907702207565308,-0.15716342628002167,0.035118658095598221,0.31150215864181519,0.47448077797889709
CP3Mx,2024-03-31,-0.25944912433624268,-0.16380509734153748,0.036245059221982956,0.31831672787666321,0.48198786377906799
CP3Mx,2024-04-30,-0.25521290302276611,-0.16202890872955322,0.033381622284650803,0.31434273719787598,0.477434903383255
CP3Mx,2024-05-31,-0.26202771067619324,-0.16465426981449127,0.032155007123947144,0.31578549742698669,0.48115387558937073
CP3Mx,2024-06-30,-0.25895839929580688,-0.16369956731796265,0.0352812260389328,0.32343330979347229,0.49266842007637024
CP3Mx,2024-07-31,-0.26379522681236267,-0.16690331697463989,0.03300202265381813,0.32096293568611145,0.4903777539730072
CP3Mx,2024-08-31,-0.28785383701324463,-0.18020811676979065,0.031570550054311752,0.32512974739074707,0.49663046002388
CP3Mx,2024-09-30,-0.29501262307167053,-0.18484944105148315,0.028167370706796646,0.33222058415412903,0.50815951824188232
CP3Mx,2024-10-31,-0.3109167218208313,-0.19799591600894928,0.028427504003047943,0.33868804574012756,0.51684755086898804
CP3Mx,2024-11-30,-0.31787621974945068,-0.2043813019990921,0.029088083654642105,0.34631279110908508,0.52892827987670898
CP3Mx,2024-12-31,-0.3802284300327301,-0.23409691452980042,0.026984091848134995,0.38686138391494751,0.62944430112838745
CP3Mx,2025-01-31,-0.37561970949172974,-0.23263426125049591,0.024157840758562088,0.37142607569694519,0.61149352788925171
CP3Mx,2025-02-28,-0.35603901743888855,-0.21922405064105988,0.022598884999752045,0.35841959714889526,0.59125721454620361
CP3Mx,2025-03-31,-0.34092411398887634,-0.20845121145248413,0.0256919264793396,0.35056936740875244,0.57147085666656494
CP3Mx,2025-04-30,-0.35451033711433411,-0.21727806329727173,0.017967712134122849,0.34783256053924561,0.56975579261779785
CP3Mx,2025-05-31,-0.34227165579795837,-0.2111174464225769,0.017679065465927124,0.33172935247421265,0.54187393188476562
CP3Mx,2025-06-30,-0.3431147038936615,-0.21030145883560181,0.017892211675643921,0.33686220645904541,0.55147784948348999
CP3Mx,2025-07-31,-0.35696530342102051,-0.21824949979782104,0.017907649278640747,0.34421119093894958,0.56086188554763794
CPIAPPSL,2023-08-31,-0.0086727691814303398,-0.0064201382920145988,3.6156634450890124e-05,0.0062702381983399391,0.0082639353349804878
CPIAPPSL,2023-09-30,-0.0094825522974133492,-0.0071265357546508312,-0.00020789468544535339,0.0067311748862266541,0.00899522565305233
CPIAPPSL,2023-10-31,-0.0097823133692145348,-0.0073065031319856644,3.6666526284534484e-05,0.007230895571410656,0.0095486035570502281
CPIAPPSL,2023-11-30,-0.0099093513563275337,-0.0074258795939385891,2.7806087018689141e-05,0.0073707089759409428,0.0097107132896780968
CPIAPPSL,2023-12-31,-0.010040126740932465,-0.0075074099004268646,2.1508732970687561e-05,0.0075256926938891411,0.0098947500810027122
CPIAPPSL,2024-01-31,-0.010522198863327503,-0.0078592980280518532,1.7734584616846405e-05,0.0076913842931389809,0.010115941986441612
CPIAPPSL,2024-02-29,-0.010418953374028206,-0.0077807717025279999,5.1277082093292847e-05,0.0076233050785958767,0.010011713020503521
CPIAPPSL,2024-03-31,-0.010251579806208611,-0.0076766340062022209,5.7071029004873708e-05,0.0076463893055915833,0.010040918365120888
CPIAPPSL,2024-04-30,-0.010321100242435932,-0.0077307680621743202,5.6752032833173871e-06,0.0075401570647954941,0.0099216615781188011
CPIAPPSL,2024-05-31,-0.010192837566137314,-0.0076426398009061813,2.7209414838580415e-05,0.0075041307136416435,0.0098686683923006058
CPIAPPSL,2024-06-30,-0.010413723066449165,-0.0077830823138356209,3.4771252103382722e-05,0.0075270654633641243,0.0098693948239088058
CPIAPPSL,2024-07-31,-0.010284985415637493,-0.0077344374731183052,3.5509914596332237e-05,0.0076010557822883129,0.010009678080677986
CPIAPPSL,2024-08-31,-0.010231038555502892,-0.0076553639955818653,6.9473564508371055e-05,0.0075444630347192287,0.0098996572196483612
CPIAPPSL,2024-09-30,-0.01034106407314539,-0.0077497237361967564,1.3562465028371662e-05,0.0075827301479876041,0.010003474541008472
CPIAPPSL,2024-10-31,-0.010233344510197639,-0.0077041173353791237,-4.9606042011873797e-06,0.0074409795925021172,0.0098205907270312309
CPIAPPSL,2024-11-30,-0.01015921588987112,-0.007592769805341959,3.0852475902065635e-05,0.0074846851639449596,0.009892941452562809
CPIAPPSL,2024-12-31,-0.0099851116538047791,-0.007436786312609911,-1.4720475519425236e-05,0.0073072193190455437,0.0097565930336713791
CPIAPPSL,2025-01-31,-0.010292839258909225,-0.007690508384257555,-5.3875501180300489e-05,0.0074328421615064144,0.0099466769024729729
CPIAPPSL,2025-02-28,-0.010490793734788895,-0.0078210607171058655,-3.6101740988669917e-05,0.0075379437766969204,0.010099105536937714
CPIAPPSL,2025-03-31,-0.010300006717443466,-0.0076997773721814156,-4.7709861973999068e-05,0.0075362427160143852,0.010089402087032795
CPIAPPSL,2025-04-30,-0.010253048501908779,-0.0076010548509657383,-4.6382392611121759e-06,0.0075648766942322254,0.010088253766298294
CPIAPPSL,2025-05-31,-0.010433114133775234,-0.0077269775792956352,-1.4201191333995666e-05,0.007507318165153265,0.01002080924808979
CPIAPPSL,2025-06-30,-0.010317208245396614,-0.0076230713166296482,-1.8974700651597232e-05,0.0072983177378773689,0.009770452044904232
CPIAPPSL,2025-07-31,-0.010047017596662045,-0.0074316435493528843,-2.314198536623735e-05,0.0072376816533505917,0.009725252166390419
CPIAUCSL,2023-08-31,-0.00013495120219886303,0.00057245942298322916,0.0024078015703707933,0.0043401606380939484,0.0052283909171819687
CPIAUCSL,2023-09-30,-0.00088942726142704487,-4.0038023144006729e-05,0.0021639179904013872,0.0044471705332398415,0.0054585104808211327
CPIAUCSL,2023-10-31,-0.0010431425180286169,-0.0001458548940718174,0.0022205889690667391,0.004648248665034771,0.0056756921112537384
CPIAUCSL,2023-11-30,-0.0009833616204559803,-8.3741499111056328e-05,0.0023387374822050333,0.0048152478411793709,0.0058896914124488831
CPIAUCSL,2023-12-31,-0.0011625064071267843,-0.00021018320694565773,0.0022587517742067575,0.0048142354935407639,0.0059264069423079491
CPIAUCSL,2024-01-31,-0.0012247201520949602,-0.00025417003780603409,0.0024164179340004921,0.0050877910107374191,0.0062492862343788147
CPIAUCSL,2024-02-29,-0.0013638702221214771,-0.0003554406575858593,0.0023547075688838959,0.0051607638597488403,0.0063715092837810516
CPIAUCSL,2024-03-31,-0.0013348674401640892,-0.00030243000946938992,0.002453201450407505,0.0053201215341687202,0.0065758069977164268
CPIAUCSL,2024-04-30,-0.0013979831710457802,-0.00036390428431332111,0.0023981374688446522,0.0052814595401287079,0.0065586166456341743
CPIAUCSL,2024-05-31,-0.0014446920249611139,-0.00038993149064481258,0.0024486009497195482,0.0054220804013311863,0.0067445747554302216
CPIAUCSL,2024-06-30,-0.0014827211853116751,-0.00041363714262843132,0.0023969095200300217,0.0053458902984857559,0.0066702645272016525
CPIAUCSL,2024-07-31,-0.001393649959936738,-0.00035117263905704021,0.0024419748224318027,0.0053416658192873001,0.0066482573747634888
CPIAUCSL,2024-08-31,-0.0015490034129470587,-0.00045253941789269447,0.002436911454424262,0.0053731524385511875,0.0067174239084124565
CPIAUCSL,2024-09-30,-0.001614817650988698,-0.00049382913857698441,0.0024558291770517826,0.0054842941462993622,0.006860930472612381
CPIAUCSL,2024-10-31,-0.0016456281300634146,-0.0005356157198548317,0.0024145657662302256,0.0054801022633910179,0.0068974336609244347
CPIAUCSL,2024-11-30,-0.0015788350719958544,-0.00046492018736898899,0.0024804004933685064,0.0055114831775426865,0.0069005843251943588
CPIAUCSL,2024-12-31,-0.0016477929893881083,-0.00045408518053591251,0.0024835430085659027,0.0055597219616174698,0.0070644561201334
CPIAUCSL,2025-01-31,-0.0016888792160898447,-0.00049008172936737537,0.0024727825075387955,0.0055512599647045135,0.0070674223825335503
CPIAUCSL,2025-02-28,-0.0016817750874906778,-0.00048014079220592976,0.0024818780366331339,0.0055741295218467712,0.0071035288274288177
CPIAUCSL,2025-03-31,-0.0017576857935637236,-0.00051492988131940365,0.0024919016286730766,0.0056198718957602978,0.0071662850677967072
CPIAUCSL,2025-04-30,-0.0016718890983611345,-0.00045093381777405739,0.002498262096196413,0.0056629525497555733,0.007274329662322998
CPIAUCSL,2025-05-31,-0.0017804934177547693,-0.00054877065122127533,0.0024886648170650005,0.0056314980611205101,0.0072167729958891869
CPIAUCSL,2025-06-30,-0.0016596859786659479,-0.00043099722824990749,0.0025153679307550192,0.0056242095306515694,0.0071933306753635406
CPIAUCSL,2025-07-31,-0.0016281360294669867,-0.00040452554821968079,0.0025163330137729645,0.0056189084425568581,0.0071914149448275566
CPIMEDSL,2023-08-31,-0.0035425324458628893,-0.0026240111328661442,-7.6086340413894504e-05,0.0023918433580547571,0.0032422102522104979
CPIMEDSL,2023-09-30,-0.0037530057597905397,-0.002784396056085825,-8.5604406194761395e-05,0.0026133125647902489,0.0035502039827406406
CPIMEDSL,2023-10-31,-0.0038635954260826111,-0.0028383687604218721,1.923639683809597e-05,0.0027872994542121887,0.0037299415562301874
CPIMEDSL,2023-11-30,-0.0038394478615373373,-0.0028616061899811029,-2.3599894120707177e-05,0.0028559279162436724,0.00386418541893363
CPIMEDSL,2023-12-31,-0.0039593279361724854,-0.0029189118649810553,-4.1586637962609529e-05,0.0028826496563851833,0.0038972024340182543
CPIMEDSL,2024-01-31,-0.0041019204072654247,-0.0030069989152252674,-2.1892928998568095e-06,0.0030040352139621973,0.0040265303105115891
CPIMEDSL,2024-02-29,-0.0039846207946538925,-0.0029255039989948273,-1.1569719390536193e-05,0.0029028409626334906,0.0039000620599836111
CPIMEDSL,2024-03-31,-0.0039229630492627621,-0.002892856951802969,-1.0386181202193256e-05,0.0028665503486990929,0.0038529988378286362
CPIMEDSL,2024-04-30,-0.0039360290393233299,-0.0028787355404347181,-8.2321912486804649e-06,0.0027957148849964142,0.0037559557240456343
CPIMEDSL,2024-05-31,-0.003887917147949338,-0.0028666211292147636,-8.1681082519935444e-06,0.0027524575125426054,0.0037034128326922655
CPIMEDSL,2024-06-30,-0.0038689346984028816,-0.0028315961826592684,-2.3193559172796085e-05,0.0026685970369726419,0.003574523376300931
CPIMEDSL,2024-07-31,-0.003762395353987813,-0.0027785454876720905,-1.8372878912487067e-05,0.0026291119866073132,0.0035361971240490675
CPIMEDSL,2024-08-31,-0.0037290514446794987,-0.0027444083243608475,-2.1981282770866528e-05,0.0026133144274353981,0.0035063400864601135
CPIMEDSL,2024-09-30,-0.0037991779390722513,-0.0027930079959332943,3.0752962629776448e-06,0.0027243830263614655,0.0036480948328971863
CPIMEDSL,2024-10-31,-0.0038196290843188763,-0.0028196319472044706,-9.2918126028962433e-06,0.0027108814101666212,0.0036285971291363239
CPIMEDSL,2024-11-30,-0.0038697256240993738,-0.0028490740805864334,-9.856319593382068e-06,0.00276951864361763,0.0037219570949673653
CPIMEDSL,2024-12-31,-0.0040437141433358192,-0.0029606686439365149,-3.5276283597340807e-05,0.0028442656621336937,0.0038945677224546671
CPIMEDSL,2025-01-31,-0.0041487440466880798,-0.0030386827420443296,-3.3531556255184114e-05,0.0029265056364238262,0.0040010316297411919
CPIMEDSL,2025-02-28,-0.0041327625513076782,-0.0030342277605086565,-3.3532320230733603e-05,0.0029454859904944897,0.0040273419581353664
CPIMEDSL,2025-03-31,-0.0040484643541276455,-0.0029783511999994516,-2.4074943212326616e-05,0.0029401537030935287,0.0040369238704442978
CPIMEDSL,2025-04-30,-0.0040488084778189659,-0.0029400498606264591,-2.2798380086896941e-05,0.0028829050716012716,0.0039449138566851616
CPIMEDSL,2025-05-31,-0.0041201263666152954,-0.0029781479388475418,-6.9979432737454772e-06,0.0029217835981398821,0.0039753951132297516
CPIMEDSL,2025-06-30,-0.0040610628202557564,-0.0029306530486792326,-8.818721653369721e-06,0.0028366241604089737,0.003870322136208415
CPIMEDSL,2025-07-31,-0.0040575540624558926,-0.0029448787681758404,-2.7011023121303879e-05,0.0028325456660240889,0.0038908165879547596
CPITRNSL,2023-08-31,-0.013820301741361618,-0.0088625159114599228,0.002055835910141468,0.01297663152217865,0.018014753237366676
CPITRNSL,2023-09-30,-0.021789401769638062,-0.015519833192229271,-0.0018399186665192246,0.011499308049678802,0.017483241856098175
CPITRNSL,2023-10-31,-0.02370203472673893,-0.017134947702288628,-0.0017394267488270998,0.013463038019835949,0.020165260881185532
CPITRNSL,2023-11-30,-0.021912256255745888,-0.015149042010307312,0.00066821370273828506,0.015999738126993179,0.022759994491934776
CPITRNSL,2023-12-31,-0.021348552778363228,-0.014878949150443077,0.00035304142511449754,0.015515202656388283,0.022504799067974091
CPITRNSL,2024-01-31,-0.023136982694268227,-0.016201823949813843,0.00014485187421087176,0.015674829483032227,0.022602707147598267
CPITRNSL,2024-02-29,-0.023823210969567299,-0.016743985936045647,0.00019218957459088415,0.016688846051692963,0.023869110271334648
CPITRNSL,2024-03-31,-0.023665023967623711,-0.016617771238088608,0.000414214504417032,0.017306149005889893,0.024643281474709511
CPITRNSL,2024-04-30,-0.024516060948371887,-0.017133202403783798,0.00026655703550204635,0.017334407195448875,0.024598713964223862
CPITRNSL,2024-05-31,-0.0243639275431633,-0.017321515828371048,0.00034519046312198043,0.017491212114691734,0.024671578779816628
CPITRNSL,2024-06-30,-0.024648642167448997,-0.017184970900416374,0.00027550820959731936,0.017410362139344215,0.024406028911471367
CPITRNSL,2024-07-31,-0.02305465005338192,-0.01616637222468853,0.00035054559702984989,0.016147838905453682,0.022899860516190529
CPITRNSL,2024-08-31,-0.023218467831611633,-0.016282670199871063,0.00019216351211071014,0.01570744626224041,0.022348489612340927
CPITRNSL,2024-09-30,-0.023757480084896088,-0.016658414155244827,3.8998630770947784e-05,0.015979070216417313,0.022815031930804253
CPITRNSL,2024-10-31,-0.023442050442099571,-0.016429373994469643,0.00018996844301000237,0.016157917678356171,0.023033551871776581
CPITRNSL,2024-11-30,-0.02365320548415184,-0.016495892778038979,0.00029114008066244423,0.016174318268895149,0.023053202778100967
CPITRNSL,2024-12-31,-0.025608621537685394,-0.017398640513420105,5.2697447245009243e-05,0.016667293384671211,0.024299520999193192
CPITRNSL,2025-01-31,-0.026254566386342049,-0.017770424485206604,9.8527962109073997e-05,0.016961926594376564,0.024617608636617661
CPITRNSL,2025-02-28,-0.026164224371314049,-0.017785545438528061,0.00013928530097473413,0.017220696434378624,0.024930661544203758
CPITRNSL,2025-03-31,-0.025038313120603561,-0.01702284999191761,0.00020124831644352525,0.016637897118926048,0.024275276809930801
CPITRNSL,2025-04-30,-0.024692771956324577,-0.016790449619293213,0.00017690198728814721,0.01667412742972374,0.024448273703455925
CPITRNSL,2025-05-31,-0.025725472718477249,-0.017493762075901031,0.00023608238552697003,0.016764936968684196,0.024339882656931877
CPITRNSL,2025-06-30,-0.025299027562141418,-0.017207803204655647,0.0003482825995888561,0.016771702095866203,0.0242622010409832
CPITRNSL,2025-07-31,-0.024198267608880997,-0.016498582437634468,0.00031274426146410406,0.016531124711036682,0.024125313386321068
CPIULFSL,2023-08-31,-0.0027875746600329876,-0.0018404028378427029,0.0004864763468503952,0.0027987160719931126,0.0037255808711051941
CPIULFSL,2023-09-30,-0.0049883029423654079,-0.0037672691978514194,-0.00085657625459134579,0.0019245820585638285,0.0030225468799471855
CPIULFSL,2023-10-31,-0.004638738464564085,-0.0033931354992091656,-0.00019747385522350669,0.002872187178581953,0.004023171029984951
CPIULFSL,2023-11-30,-0.0045743193477392197,-0.0032564881257712841,6.3277337176259607e-05,0.0031967838294804096,0.0043792054057121277
CPIULFSL,2023-12-31,-0.0044581028632819653,-0.0031797168776392937,6.71809320920147e-05,0.003240916645154357,0.0044919629581272602
CPIULFSL,2024-01-31,-0.0046921707689762115,-0.0033757507335394621,7.9695302702020854e-05,0.0033611170947551727,0.0045999204739928246
CPIULFSL,2024-02-29,-0.0051075341179966927,-0.0037381765432655811,-0.00013044057413935661,0.0033672612626105547,0.0046648792922496796
CPIULFSL,2024-03-31,-0.0048161549493670464,-0.0034455191344022751,0.00019566154514905065,0.0037543731741607189,0.005070811603218317
CPIULFSL,2024-04-30,-0.005027365405112505,-0.0036056204698979855,5.2429619245231152e-05,0.003588083665817976,0.0048987185582518578
CPIULFSL,2024-05-31,-0.0050823460333049297,-0.0037241177633404732,-2.3274958948604763e-05,0.0035384173970669508,0.0048789842985570431
CPIULFSL,2024-06-30,-0.0051400065422058105,-0.0036771679297089577,4.0560538764111698e-05,0.0036095844116061926,0.0049033029936254025
CPIULFSL,2024-07-31,-0.0049094539135694504,-0.0035459676291793585,5.1392300520092249e-05,0.0034571231808513403,0.0047262106090784073
CPIULFSL,2024-08-31,-0.0049747684970498085,-0.0035907772835344076,1.2170306945336051e-05,0.0033898777328431606,0.0046578859910368919
CPIULFSL,2024-09-30,-0.0050774612464010715,-0.0036614651326090097,7.6569849625229836e-06,0.0034673542249947786,0.0047649363987147808
CPIULFSL,2024-10-31,-0.0050315060652792454,-0.0036289175041019917,2.3706619685981423e-05,0.0034673493355512619,0.0047719408757984638
CPIULFSL,2024-11-30,-0.0049888389185070992,-0.0035870973952114582,4.7770721721462905e-05,0.0034770346246659756,0.0047677196562290192
CPIULFSL,2024-12-31,-0.0053828274831175804,-0.003774682292714715,1.7724123608786613e-06,0.003614039858803153,0.0050867386162281036
CPIULFSL,2025-01-31,-0.0055574229918420315,-0.0038872398436069489,1.5485351468669251e-05,0.0037479682359844446,0.0052499282173812389
CPIULFSL,2025-02-28,-0.005572363268584013,-0.0039005554281175137,3.335138171678409e-05,0.0038464246317744255,0.0053694117814302444
CPIULFSL,2025-03-31,-0.0053951693698763847,-0.0037720934487879276,5.0911992730107158e-05,0.0037166900001466274,0.0052267527207732201
CPIULFSL,2025-04-30,-0.0052754711359739304,-0.0036893747746944427,2.7279114874545485e-05,0.0036631794646382332,0.0051987473852932453
CPIULFSL,2025-05-31,-0.0054695163853466511,-0.0038289946969598532,3.9919505070429295e-05,0.0036640451289713383,0.005162067711353302
CPIULFSL,2025-06-30,-0.0053758760914206505,-0.0037504909560084343,5.5545351642649621e-05,0.0036428917665034533,0.0051198503933846951
CPIULFSL,2025-07-31,-0.0051864427514374256,-0.0036163157783448696,6.5029678808059543e-05,0.0035806973464787006,0.0050590685568749905
CUMFNS,2023-08-31,-0.87018394470214844,-0.68040835857391357,-0.18359255790710449,0.29841053485870361,0.46807104349136353
CUMFNS,2023-09-30,-0.75294172763824463,-0.55349463224411011,-0.0041372696869075298,0.52109354734420776,0.70364528894424438
CUMFNS,2023-10-31,-0.86049562692642212,-0.65432643890380859,-0.093164950609207153,0.46493199467658997,0.65545833110809326
CUMFNS,2023-11-30,-0.82036507129669189,-0.60893189907073975,-0.018835308030247688,0.54646968841552734,0.7416532039642334
CUMFNS,2023-12-31,-0.8251115083694458,-0.60828757286071777,-0.00041038729250431061,0.59080761671066284,0.80130821466445923
CUMFNS,2024-01-31,-0.86267924308776855,-0.64460653066635132,-0.021608885377645493,0.57554513216018677,0.77911943197250366
CUMFNS,2024-02-29,-0.86975950002670288,-0.64668381214141846,-0.017156576737761497,0.58617907762527466,0.78865700960159302
CUMFNS,2024-03-31,-0.86361026763916016,-0.63604646921157837,0.0084528587758541107,0.62065047025680542,0.82989931106567383
CUMFNS,2024-04-30,-0.87069833278656006,-0.64572465419769287,-0.017114540562033653,0.5802156925201416,0.79010415077209473
CUMFNS,2024-05-31,-0.85957044363021851,-0.63137346506118774,0.0027757124044001102,0.61609369516372681,0.834148108959198
CUMFNS,2024-06-30,-0.85182482004165649,-0.62443220615386963,0.011775797232985497,0.61492067575454712,0.82375854253768921
CUMFNS,2024-07-31,-0.84719324111938477,-0.62484276294708252,-0.0066551510244607925,0.58744049072265625,0.79237866401672363
CUMFNS,2024-08-31,-0.8736148476600647,-0.63876348733901978,0.0012750579044222832,0.59287446737289429,0.79866123199462891
CUMFNS,2024-09-30,-0.86881393194198608,-0.63289600610733032,0.0011664098128676414,0.59283167123794556,0.7926754355430603
CUMFNS,2024-10-31,-0.86820679903030396,-0.63492083549499512,0.0037772543728351593,0.61440169811248779,0.83156806230545044
CUMFNS,2024-11-30,-0.87212717533111572,-0.64131832122802734,-0.0051188315264880657,0.60271871089935303,0.81591588258743286
CUMFNS,2024-12-31,-0.95551961660385132,-0.69189172983169556,-0.017777081578969955,0.62760132551193237,0.86279743909835815
CUMFNS,2025-01-31,-0.96180391311645508,-0.69705605506896973,-0.0090647321194410324,0.63736850023269653,0.86872100830078125
CUMFNS,2025-02-28,-0.95422697067260742,-0.68745827674865723,-0.0044050207361578941,0.63208562135696411,0.86092400550842285
CUMFNS,2025-03-31,-0.96432942152023315,-0.68975347280502319,-0.0028182808309793472,0.6356576681137085,0.86747366189956665
CUMFNS,2025-04-30,-0.93968349695205688,-0.67677336931228638,-0.003678872250020504,0.64605695009231567,0.88800317049026489
CUMFNS,2025-05-31,-0.93231385946273804,-0.67547345161437988,-0.0017149546183645725,0.63246095180511475,0.86520665884017944
CUMFNS,2025-06-30,-0.93027085065841675,-0.66979026794433594,-0.0051551680080592632,0.62262040376663208,0.85487854480743408
CUMFNS,2025-07-31,-0.93227440118789673,-0.67116403579711914,-0.0027215548325330019,0.64050197601318359,0.8820461630821228
CUSR0000SA0L2,2023-08-31,-0.0041018812917172909,-0.0026985714212059975,0.00053774745902046561,0.0037169053684920073,0.0051210187375545502
CUSR0000SA0L2,2023-09-30,-0.0064378809183835983,-0.0047409920953214169,-0.00085800682427361608,0.0029328623786568642,0.0045884894207119942
CUSR0000SA0L2,2023-10-31,-0.0066000162623822689,-0.0047883032821118832,-0.00039006798760965466,0.0038235485553741455,0.0055689346045255661
CUSR0000SA0L2,2023-11-30,-0.0061768707819283009,-0.004340833518654108,0.00010280645074089989,0.0044341720640659332,0.0062510166317224503
CUSR0000SA0L2,2023-12-31,-0.0059683560393750668,-0.0041841487400233746,0.00014337347238324583,0.0044166818261146545,0.0062661599367856979
CUSR0000SA0L2,2024-01-31,-0.0064450879581272602,-0.0045527191832661629,4.8448069719597697e-05,0.0044193300418555737,0.0062578576616942883
CUSR0000SA0L2,2024-02-29,-0.0065694749355316162,-0.0046781795099377632,-2.1409185137599707e-05,0.0045224097557365894,0.0064011923968791962
CUSR0000SA0L2,2024-03-31,-0.0063967895694077015,-0.0045217256993055344,0.00010017335443990305,0.0046265404671430588,0.0065083368681371212
CUSR0000SA0L2,2024-04-30,-0.0066151549108326435,-0.0046460437588393688,3.4431843232596293e-05,0.0045307278633117676,0.0063706845976412296
CUSR0000SA0L2,2024-05-31,-0.0065641636028885841,-0.0046921134926378727,1.2475849871407263e-05,0.004528918769210577,0.0063752289861440659
CUSR0000SA0L2,2024-06-30,-0.0066555598750710487,-0.0046458989381790161,6.9474583142437041e-05,0.004624493420124054,0.0064233811572194099
CUSR0000SA0L2,2024-07-31,-0.0062780370935797691,-0.0044423011131584644,3.4043299820041284e-05,0.0043210908770561218,0.0060760383494198322
CUSR0000SA0L2,2024-08-31,-0.0063182557933032513,-0.0044573000632226467,1.1468637239886448e-05,0.004189652856439352,0.0059081446379423141
CUSR0000SA0L2,2024-09-30,-0.0063665001653134823,-0.0044789444655179977,2.1321196982171386e-05,0.004288041964173317,0.0060440343804657459
CUSR0000SA0L2,2024-10-31,-0.0063153752125799656,-0.004436984658241272,7.3329014412593096e-05,0.004362005740404129,0.0061608492396771908
CUSR0000SA0L2,2024-11-30,-0.0063771097920835018,-0.0044918409548699856,3.7995374441379681e-05,0.0043308520689606667,0.0061104223132133484
CUSR0000SA0L2,2024-12-31,-0.0067533664405345917,-0.0046677556820213795,-4.0943341446109116e-06,0.0044947275891900063,0.0064888419583439827
CUSR0000SA0L2,2025-01-31,-0.0069760577753186226,-0.0048082447610795498,-1.4017340618011076e-05,0.0045858616940677166,0.0066088568419218063
CUSR0000SA0L2,2025-02-28,-0.0069601535797119141,-0.0048076161183416843,2.1043233573436737e-05,0.0046885353513062,0.0067228106781840324
CUSR0000SA0L2,2025-03-31,-0.0067328368313610554,-0.0046490198001265526,3.3093027013819665e-05,0.0045550977811217308,0.0065809711813926697
CUSR0000SA0L2,2025-04-30,-0.0066071380861103535,-0.0045594871044158936,2.535748717491515e-05,0.0045214290730655193,0.006573203019797802
CUSR0000SA0L2,2025-05-31,-0.0068889418616890907,-0.0047550024464726448,3.3299489587079734e-05,0.0045588631182909012,0.0065733627416193485
CUSR0000SA0L2,2025-06-30,-0.0068095833994448185,-0.0046909935772418976,5.4822798119857907e-05,0.0045594028197228909,0.0065542017109692097
CUSR0000SA0L2,2025-07-31,-0.0065975221805274487,-0.0045466944575309753,5.740187771152705e-05,0.004502417054027319,0.0065157180652022362
CUSR0000SA0L5,2023-08-31,-0.0031523786019533873,-0.0021954199764877558,0.00013872218551114202,0.0023609867785125971,0.0032581363338977098
CUSR0000SA0L5,2023-09-30,-0.0046359580010175705,-0.0034983726218342781,-0.00075282144825905561,0.0019068787805736065,0.0029618623666465282
CUSR0000SA0L5,2023-10-31,-0.0043427590280771255,-0.0031821634620428085,-0.00019320177671033889,0.0026755388826131821,0.0037519840989261866
CUSR0000SA0L5,2023-11-30,-0.0042744460515677929,-0.0030519063584506512,4.7559755330439657e-05,0.0029546653386205435,0.0040565286763012409
CUSR0000SA0L5,2023-12-31,-0.0042807725258171558,-0.0030971143860369921,-3.2516123610548675e-05,0.0029801954515278339,0.0041628601029515266
CUSR0000SA0L5,2024-01-31,-0.0044128024019300938,-0.0031745657324790955,9.44498460739851e-05,0.0032148195896297693,0.0043854247778654099
CUSR0000SA0L5,2024-02-29,-0.004813049454241991,-0.0035396444145590067,-0.00016844870697241277,0.0031168421264737844,0.0043348688632249832
CUSR0000SA0L5,2024-03-31,-0.0045318626798689365,-0.0032592422794550657,0.00012912174861412495,0.0034324435982853174,0.0046588280238211155
CUSR0000SA0L5,2024-04-30,-0.0047050178982317448,-0.003379518399015069,3.6151614040136337e-05,0.0033409977331757545,0.0045621441677212715
CUSR0000SA0L5,2024-05-31,-0.0047225318849086761,-0.0034665211569517851,-2.5250170438084751e-05,0.0032859579659998417,0.0045310249552130699
CUSR0000SA0L5,2024-06-30,-0.0047566290013492107,-0.0034052652772516012,2.3921784304548055e-05,0.003296146634966135,0.0044825305230915546
CUSR0000SA0L5,2024-07-31,-0.0045408876612782478,-0.0032896872144192457,1.0972349627991207e-05,0.0031332292128354311,0.0042928652837872505
CUSR0000SA0L5,2024-08-31,-0.0046130064874887466,-0.0033337457571178675,3.9289061533054337e-06,0.0031240454409271479,0.0042929439805448055
CUSR0000SA0L5,2024-09-30,-0.0047258315607905388,-0.0034147489350289106,-2.2985077521298081e-05,0.003169473260641098,0.0043611815199255943
CUSR0000SA0L5,2024-10-31,-0.0046505946666002274,-0.0033549899235367775,5.1422739488771185e-06,0.0031721445266157389,0.0043738172389566898
CUSR0000SA0L5,2024-11-30,-0.0046315756626427174,-0.0033383516129106283,1.7806418327381834e-05,0.0031796304974704981,0.0043676584027707577
CUSR0000SA0L5,2024-12-31,-0.0049335872754454613,-0.0034866556525230408,2.9559305403381586e-06,0.0033513694070279598,0.0046777194365859032
CUSR0000SA0L5,2025-01-31,-0.0050753201358020306,-0.0035793345887213945,2.2187359718373045e-06,0.003429163945838809,0.0047757206484675407
CUSR0000SA0L5,2025-02-28,-0.0050244582816958427,-0.003541991813108325,2.5155404728138819e-05,0.0034589914139360189,0.004798737820237875
CUSR0000SA0L5,2025-03-31,-0.004899539053440094,-0.0034522090572863817,3.4710526961134747e-05,0.0033629229292273521,0.0046999962069094181
CUSR0000SA0L5,2025-04-30,-0.0048240832984447479,-0.0034043462947010994,1.1475227438495494e-05,0.0033501451835036278,0.0047235037200152874
CUSR0000SA0L5,2025-05-31,-0.0049833371303975582,-0.0035190298222005367,2.1838324755663052e-05,0.0033454142976552248,0.004688662476837635
CUSR0000SA0L5,2025-06-30,-0.0048743551596999168,-0.0034293436910957098,4.1971110476879403e-05,0.0033126974012702703,0.0046331346966326237
CUSR0000SA0L5,2025-07-31,-0.0047275745309889317,-0.0033264474477618933,4.5468710595741868e-05,0.0032679194118827581,0.0045975344255566597
CUSR0000SAC,2023-08-31,-0.0082072680816054344,-0.0055267205461859703,0.0003521610633470118,0.0059853252023458481,0.0085562951862812042
CUSR0000SAC,2023-09-30,-0.0099844634532928467,-0.0070292921736836433,-0.00047383073251694441,0.0059882979840040207,0.0089013883844017982
CUSR0000SAC,2023-10-31,-0.01055898517370224,-0.007511903066188097,-0.00042348314309492707,0.006556609645485878,0.009644748643040657
CUSR0000SAC,2023-11-30,-0.010088196024298668,-0.0070152240805327892,0.00011373418965376914,0.0071962927468121052,0.01033070869743824
CUSR0000SAC,2023-12-31,-0.0097932657226920128,-0.0068310745991766453,0.00012286541459616274,0.0071717547252774239,0.010382427833974361
CUSR0000SAC,2024-01-31,-0.010493070818483829,-0.0073518720455467701,3.3401403925381601e-05,0.0071678003296256065,0.010302115231752396
CUSR0000SAC,2024-02-29,-0.010775500908493996,-0.0075852819718420506,-4.5268912799656391e-05,0.0073178200982511044,0.010496580973267555
CUSR0000SAC,2024-03-31,-0.010372811928391457,-0.0072505460120737553,0.00012996880104765296,0.0074624274857342243,0.01064799539744854
CUSR0000SAC,2024-04-30,-0.010740602388978004,-0.0074966144748032093,4.4943590182811022e-08,0.0073394323699176311,0.010500581935048103
CUSR0000SAC,2024-05-31,-0.010505780577659607,-0.0074055101722478867,3.5088214644929394e-05,0.007293695118278265,0.010423677042126656
CUSR0000SAC,2024-06-30,-0.010459814220666885,-0.0072587002068758011,4.7447050746995956e-05,0.0071834446862339973,0.0101811857894063
CUSR0000SAC,2024-07-31,-0.009893554262816906,-0.0069299773313105106,3.683153772726655e-05,0.0068094572052359581,0.0097249345853924751
CUSR0000SAC,2024-08-31,-0.010104067623615265,-0.0070580644533038139,1.0916355677181855e-05,0.006741825956851244,0.009648788720369339
CUSR0000SAC,2024-09-30,-0.010272162035107613,-0.0071728401817381382,-3.1616702472092584e-05,0.0068322685547173023,0.0098039163276553154
CUSR0000SAC,2024-10-31,-0.01025278028100729,-0.0071671991609036922,-3.5055280022788793e-05,0.006826045922935009,0.0098195644095540047
CUSR0000SAC,2024-11-30,-0.010207297280430794,-0.0071185040287673473,3.2512485631741583e-05,0.0068993433378636837,0.0098826279863715172
CUSR0000SAC,2024-12-31,-0.011044565588235855,-0.0075223986059427261,-5.9793968830490485e-05,0.0072005107067525387,0.010627010837197304
CUSR0000SAC,2025-01-31,-0.011248404160141945,-0.007634531706571579,-5.957969551673159e-05,0.0072374306619167328,0.010672524571418762
CUSR0000SAC,2025-02-28,-0.011112663894891739,-0.0075587746687233448,-1.2873788364231586e-05,0.0072676260024309158,0.010680618695914745
CUSR0000SAC,2025-03-31,-0.010859102010726929,-0.0073684151284396648,-1.5838968465686776e-05,0.007125678937882185,0.010536672547459602
CUSR0000SAC,2025-04-30,-0.010727471671998501,-0.0073067042976617813,-3.124355134787038e-05,0.0071736830286681652,0.010649377480149269
CUSR0000SAC,2025-05-31,-0.011023839935660362,-0.00753006711602211,-1.4316549822979141e-05,0.0071803508326411247,0.010549784637987614
CUSR0000SAC,2025-06-30,-0.010755033232271671,-0.0073394388891756535,2.0800889615202323e-05,0.0071342955343425274,0.010450959205627441
CUSR0000SAC,2025-07-31,-0.010458605363965034,-0.0071349162608385086,2.5792647647904232e-05,0.0070722256787121296,0.01044786162674427
CUSR0000SAD,2023-08-31,-0.0045495224185287952,-0.0032488503493368626,-4.9360358389094472e-05,0.0030746241100132465,0.004320936743170023
CUSR0000SAD,2023-09-30,-0.0047200541011989117,-0.0033207349479198456,0.00024817054509185255,0.0037677374202758074,0.0051112319342792034
CUSR0000SAD,2023-10-31,-0.0048828525468707085,-0.0034782085567712784,0.00016686285380274057,0.0038686781190335751,0.0052790907211601734
CUSR0000SAD,2023-11-30,-0.0050914613530039787,-0.0035920690279453993,0.0001921605144161731,0.0038866132963448763,0.0053040627390146255
CUSR0000SAD,2023-12-31,-0.0052464799955487251,-0.0037722345441579819,3.7299701943993568e-05,0.003846118226647377,0.0053543504327535629
CUSR0000SAD,2024-01-31,-0.0057846494019031525,-0.004204742144793272,-0.00024754481273703277,0.0037126492243260145,0.005242345854640007
CUSR0000SAD,2024-02-29,-0.0058113778941333294,-0.0042001311667263508,-5.3121795644983649e-05,0.0039489762857556343,0.0054594967514276505
CUSR0000SAD,2024-03-31,-0.0056997640058398247,-0.0040866811759769917,3.6120232834946364e-05,0.0040321769192814827,0.0055504166521131992
CUSR0000SAD,2024-04-30,-0.0058192797005176544,-0.0041915811598300934,-5.5831700592534617e-05,0.0038831403944641352,0.0053813704289495945
CUSR0000SAD,2024-05-31,-0.0057939435355365276,-0.0041725984774529934,-1.0798459697980434e-05,0.0040399963036179543,0.0055717844516038895
CUSR0000SAD,2024-06-30,-0.0058969231322407722,-0.0041914279572665691,-1.0974097676808015e-05,0.0039972257800400257,0.0054860278032720089
CUSR0000SAD,2024-07-31,-0.0057999645359814167,-0.0041711144149303436,1.6685444279573858e-06,0.0039964057505130768,0.0054968120530247688
CUSR0000SAD,2024-08-31,-0.0058968593366444111,-0.0042387982830405235,-4.4369047827785835e-05,0.0040244166739284992,0.0055487202480435371
CUSR0000SAD,2024-09-30,-0.0059728687629103661,-0.0042970492504537106,-5.9116900956723839e-06,0.0042146346531808376,0.0057940371334552765
CUSR0000SAD,2024-10-31,-0.0058387760072946548,-0.0042144651524722576,2.9035390980425291e-05,0.0041543724946677685,0.0057030343450605869
CUSR0000SAD,2024-11-30,-0.0058930986560881138,-0.0042157615534961224,4.2510211642365903e-05,0.0041869096457958221,0.00575998704880476
CUSR0000SAD,2024-12-31,-0.0063118408434092999,-0.0044369623064994812,-3.9035567169776186e-06,0.0043148789554834366,0.0062079112976789474
CUSR0000SAD,2025-01-31,-0.0065077431499958038,-0.0045704073272645473,-1.0276709872414358e-05,0.0043966174125671387,0.0063173230737447739
CUSR0000SAD,2025-02-28,-0.0064614061266183853,-0.0045517035759985447,3.3195301512023434e-06,0.0044050910510122776,0.0063479728996753693
CUSR0000SAD,2025-03-31,-0.0063680741004645824,-0.0044877054169774055,-3.1308081815950572e-07,0.0043495986610651016,0.0062978970818221569
CUSR0000SAD,2025-04-30,-0.0063462117686867714,-0.0044689173810184002,-6.4734758780105039e-06,0.0044235261157155037,0.0064294287003576756
CUSR0000SAD,2025-05-31,-0.0065816049464046955,-0.004628427792340517,-1.4911347534507513e-06,0.0044146683067083359,0.0063849142752587795
CUSR0000SAD,2025-06-30,-0.0064026643522083759,-0.0045062038116157055,8.9512450358597562e-06,0.0043178815394639969,0.0062404428608715534
CUSR0000SAD,2025-07-31,-0.0062405294738709927,-0.0044032358564436436,-1.0483445294084959e-05,0.0042406534776091576,0.0061692986637353897
CUSR0000SAS,2023-08-31,-0.0020959761459380388,-0.001574154244735837,-0.00027342990506440401,0.00094652961706742644,0.0013878734316676855
CUSR0000SAS,2023-09-30,-0.0021838797256350517,-0.0016235439106822014,-0.00015193378203548491,0.0012975329300388694,0.0018153304699808359
CUSR0000SAS,2023-10-31,-0.002035635057836771,-0.0014444327680394053,0.0001727515336824581,0.0017932266928255558,0.0023667362984269857
CUSR0000SAS,2023-11-30,-0.0025563696399331093,-0.0019379376899451017,-0.00023362167121376842,0.0014658612199127674,0.0020652019884437323
CUSR0000SAS,2023-12-31,-0.0024042066652327776,-0.0017652189126238227,-1.194930518977344e-07,0.0017756823217496276,0.0024005882441997528
CUSR0000SAS,2024-01-31,-0.002649329137057066,-0.0019711244385689497,-0.00013184708950575441,0.0016916742315515876,0.0023129719775170088
CUSR0000SAS,2024-02-29,-0.0025314053054898977,-0.0018572623375803232,4.9240206863032654e-06,0.0018235751194879413,0.0024384451098740101
CUSR0000SAS,2024-03-31,-0.0025805903133004904,-0.0019074686570093036,-4.5895976654719561e-05,0.0017867173301056027,0.0024118605069816113
CUSR0000SAS,2024-04-30,-0.0025964353699237108,-0.0019132385496050119,-3.4882337786257267e-05,0.0017830899450927973,0.0024037163238972425
CUSR0000SAS,2024-05-31,-0.0025898132007569075,-0.0019151670858263969,-3.1250710890162736e-05,0.0017981206765398383,0.0024228082038462162
CUSR0000SAS,2024-06-30,-0.0026220821309834719,-0.0019185810815542936,-1.8092656318913214e-05,0.0018144452478736639,0.0024350767489522696
CUSR0000SAS,2024-07-31,-0.0026163561269640923,-0.0019390668021515012,-4.1902436350937933e-05,0.0017842913512140512,0.0024009277112782001
CUSR0000SAS,2024-08-31,-0.0026142767164856195,-0.0019224333809688687,-1.3525322174245957e-05,0.001823082217015326,0.0024484025780111551
CUSR0000SAS,2024-09-30,-0.0026419907808303833,-0.0019417946459725499,-3.6672507121693343e-05,0.0017873002216219902,0.0023984056897461414
CUSR0000SAS,2024-10-31,-0.0026324093341827393,-0.0019374763360247016,-2.3745371436234564e-05,0.0017917820950970054,0.0024219893384724855
CUSR0000SAS,2024-11-30,-0.0026076412759721279,-0.0019114657770842314,1.8870250642066821e-05,0.0018818365642800927,0.0025252252817153931
CUSR0000SAS,2024-12-31,-0.0027503252495080233,-0.0019681132398545742,8.2654987636487931e-06,0.0019246903248131275,0.0026585976593196392
CUSR0000SAS,2025-01-31,-0.0028267400339245796,-0.0020263355690985918,4.1259590943809599e-07,0.0019655858632177114,0.0027111461386084557
CUSR0000SAS,2025-02-28,-0.0028116127941757441,-0.0020132840145379305,7.8209559433162212e-06,0.0019835568964481354,0.0027400627732276917
CUSR0000SAS,2025-03-31,-0.0027950739022344351,-0.0019988836720585823,3.7542813515756279e-06,0.0019529525889083743,0.0027099859435111284
CUSR0000SAS,2025-04-30,-0.00275781424716115,-0.0019724150188267231,4.0410905057797208e-06,0.0019612759351730347,0.0027323346585035324
CUSR0000SAS,2025-05-31,-0.0028265616856515408,-0.0020260501187294722,-3.1939925975166261e-06,0.0019304177258163691,0.0026863645762205124
CUSR0000SAS,2025-06-30,-0.002747994614765048,-0.0019576968625187874,9.7367283160565421e-06,0.0018913425737991929,0.0026315059512853622
CUSR0000SAS,2025-07-31,-0.0027214786969125271,-0.0019403129117563367,1.1262125553912483e-05,0.0018858092371374369,0.0026306889485567808
DDURRG3M086SBEA,2023-08-31,-0.0020850244909524918,-0.00095296872314065695,0.0025047746021300554,0.006336212158203125,0.0075726369395852089
DDURRG3M086SBEA,2023-09-30,-0.0050859218463301659,-0.0037253631744533777,0.00012707775749731809,0.0040603168308734894,0.0053249970078468323
DDURRG3M086SBEA,2023-10-31,-0.0055360854603350163,-0.0040894080884754658,3.9603626646567136e-05,0.0042556351982057095,0.0055993287824094296
DDURRG3M086SBEA,2023-11-30,-0.0064364154823124409,-0.0050175990909337997,-0.00078347604721784592,0.0034116469323635101,0.0048423176631331444
DDURRG3M086SBEA,2023-12-31,-0.0053630978800356388,-0.0039518685080111027,0.00023839439381845295,0.0046422732993960381,0.0061005568131804466
DDURRG3M086SBEA,2024-01-31,-0.0052856137044727802,-0.0037595222238451242,0.00065092369914054871,0.0052495743148028851,0.0068087447434663773
DDURRG3M086SBEA,2024-02-29,-0.0063884435221552849,-0.0048955664969980717,-0.00042062930879183114,0.0040274648927152157,0.005534161813557148
DDURRG3M086SBEA,2024-03-31,-0.0069703049957752228,-0.0054121538996696472,-0.00087175483349710703,0.003577361349016428,0.0050914171151816845
DDURRG3M086SBEA,2024-04-30,-0.0055101150646805763,-0.0039911153726279736,0.00047323122271336615,0.0051347501575946808,0.0066619222052395344
DDURRG3M086SBEA,2024-05-31,-0.0056463005021214485,-0.0041710692457854748,0.00031071013654582202,0.0049834535457193851,0.0065107387490570545
DDURRG3M086SBEA,2024-06-30,-0.0063081635162234306,-0.0048082363791763783,-0.00027066149050369859,0.004244648851454258,0.0057337144389748573
DDURRG3M086SBEA,2024-07-31,-0.0065526245161890984,-0.0050204526633024216,-0.0003963898925576359,0.0040534990839660168,0.0055137868039309978
DDURRG3M086SBEA,2024-08-31,-0.005635247565805912,-0.0041547883301973343,0.00032528879819437861,0.0049155638553202152,0.0064410273917019367
DDURRG3M086SBEA,2024-09-30,-0.0057250405661761761,-0.0042672487907111645,0.00023650098592042923,0.0049416930414736271,0.0065306816250085831
DDURRG3M086SBEA,2024-10-31,-0.0060560312122106552,-0.0046496205031871796,-0.00018492064555175602,0.0043933778069913387,0.0059255403466522694
DDURRG3M086SBEA,2024-11-30,-0.0061499867588281631,-0.0046805082820355892,-0.00026991550112143159,0.004239432979375124,0.0057745184749364853
DDURRG3M086SBEA,2024-12-31,-0.0057789492420852184,-0.0042795902118086815,0.00015590403927490115,0.0047065988183021545,0.0062870183028280735
DDURRG3M086SBEA,2025-01-31,-0.0053966185078024864,-0.0038795971777290106,0.00063111935742199421,0.0053132167086005211,0.006929346825927496
DDURRG3M086SBEA,2025-02-28,-0.006585137452930212,-0.0050447746179997921,-0.00046486218343488872,0.0041871829889714718,0.0057949218899011612
DDURRG3M086SBEA,2025-03-31,-0.0066266353242099285,-0.0051090824417769909,-0.00053120811935514212,0.0040280492976307869,0.005644695833325386
DDURRG3M086SBEA,2025-04-30,-0.0056221750564873219,-0.0040884986519813538,0.00036194332642480731,0.0049239862710237503,0.006506004836410284
DDURRG3M086SBEA,2025-05-31,-0.0058768750168383121,-0.0043062274344265461,0.00016098786727525294,0.004823584109544754,0.0064716730266809464
DDURRG3M086SBEA,2025-06-30,-0.006333458237349987,-0.0047593209892511368,-0.00027068573399446905,0.0041928165592253208,0.0058005312457680702
DDURRG3M086SBEA,2025-07-31,-0.0063889408484101295,-0.0048113968223333359,-0.00034681209945119917,0.0041044782847166061,0.0056979544460773468
DMANEMP,2023-08-31,-0.0030526199843734503,-0.0020516428630799055,-2.3477827198803425e-05,0.0018939345609396696,0.0026135125663131475
DMANEMP,2023-09-30,-0.0027812025509774685,-0.0016989642754197121,0.00044538086513057351,0.0024777750950306654,0.0032695725094527006
DMANEMP,2023-10-31,-0.0035090085584670305,-0.0023270710371434689,9.2468049842864275e-05,0.0023272859398275614,0.0031757038086652756
DMANEMP,2023-11-30,-0.003673663130030036,-0.0024068548809736967,0.00026911677559837699,0.0027137929573655128,0.0036574883852154016
DMANEMP,2023-12-31,-0.0039127166382968426,-0.00248741265386343,0.00045698386384174228,0.0031978178303688765,0.00418808963149786
DMANEMP,2024-01-31,-0.0044441921636462212,-0.0029114673379808664,0.00048040534602478147,0.0034034510608762503,0.0044747660867869854
DMANEMP,2024-02-29,-0.0044695422984659672,-0.0028457415755838156,0.00066941807745024562,0.0036810373421758413,0.0047579342499375343
DMANEMP,2024-03-31,-0.0052500311285257339,-0.0034730075858533382,0.00034735951339825988,0.0037481703329831362,0.0049535799771547318
DMANEMP,2024-04-30,-0.0050597083754837513,-0.0032717138528823853,0.00057566916802898049,0.0038407447282224894,0.0049879783764481544
DMANEMP,2024-05-31,-0.0052700694650411606,-0.0034442148171365261,0.00044006406096741557,0.0038826602976769209,0.0051756547763943672
DMANEMP,2024-06-30,-0.0054000248201191425,-0.0034795159008353949,0.00057616567937657237,0.0039947391487658024,0.0052653411403298378
DMANEMP,2024-07-31,-0.0057206000201404095,-0.0036761893425136805,0.00044590263860300183,0.0039285109378397465,0.0051488829776644707
DMANEMP,2024-08-31,-0.006020787637680769,-0.0038424679078161716,0.00038801628397777677,0.0039756437763571739,0.0052361623384058475
DMANEMP,2024-09-30,-0.00619534682482481,-0.0039087790064513683,0.00043729838216677308,0.0040369373746216297,0.0052617969922721386
DMANEMP,2024-10-31,-0.0062805209308862686,-0.0039886399172246456,0.00052654667524620891,0.0041654002852737904,0.0054795858450233936
DMANEMP,2024-11-30,-0.0062790545634925365,-0.0040102950297296047,0.00038796750595793128,0.0040353680960834026,0.0053092134185135365
DMANEMP,2024-12-31,-0.0076230871491134167,-0.0046668723225593567,0.00051445752615109086,0.0046598389744758606,0.0062405853532254696
DMANEMP,2025-01-31,-0.007362079806625843,-0.0045153750106692314,0.00056297244736924767,0.0046927104704082012,0.0062491488642990589
DMANEMP,2025-02-28,-0.0072422330267727375,-0.0044449381530284882,0.00057216204004362226,0.0046680048108100891,0.0062071052379906178
DMANEMP,2025-03-31,-0.0071244104765355587,-0.0043492023833096027,0.00061717658536508679,0.0046612038277089596,0.0062522673979401588
DMANEMP,2025-04-30,-0.0074338912963867188,-0.0045221266336739063,0.00055833632359281182,0.0048089404590427876,0.0064906873740255833
DMANEMP,2025-05-31,-0.0070916507393121719,-0.0043370849452912807,0.00062675127992406487,0.004700785968452692,0.0063223983161151409
DMANEMP,2025-06-30,-0.0071470108814537525,-0.0043280697427690029,0.00063142570434138179,0.0046667675487697124,0.0062851943075656891
DMANEMP,2025-07-31,-0.0075513627380132675,-0.0046132402494549751,0.00050739728612825274,0.004774490837007761,0.0064697726629674435
DNDGRG3M086SBEA,2023-08-31,-0.010176925919950008,-0.0070707309059798717,0.00023185525787994266,0.0073407678864896297,0.01039801724255085
DNDGRG3M086SBEA,2023-09-30,-0.01150188036262989,-0.0081626893952488899,-0.0003311836626380682,0.0075474958866834641,0.010936068370938301
DNDGRG3M086SBEA,2023-10-31,-0.012124497443437576,-0.0086833983659744263,-0.00036342383828014135,0.0078818658366799355,0.011395066976547241
DNDGRG3M086SBEA,2023-11-30,-0.011493283323943615,-0.0080761713907122612,0.00016063348448369652,0.0084088277071714401,0.011945590376853943
DNDGRG3M086SBEA,2023-12-31,-0.011120730079710484,-0.0077722826972603798,0.0002889546740334481,0.0083533953875303268,0.011905373074114323
DNDGRG3M086SBEA,2024-01-31,-0.011826643720269203,-0.0083671947941184044,4.5049586333334446e-05,0.0082435682415962219,0.011809626594185829
DNDGRG3M086SBEA,2024-02-29,-0.012067005969583988,-0.0085654975846409798,1.370178688375745e-05,0.0084258206188678741,0.01202971488237381
DNDGRG3M086SBEA,2024-03-31,-0.011833572760224342,-0.0083692865446209908,0.00015509045624639839,0.0086323060095310211,0.012246358208358288
DNDGRG3M086SBEA,2024-04-30,-0.01238146610558033,-0.0087305344641208649,2.3861070076236501e-05,0.0086390459910035133,0.012252168729901314
DNDGRG3M086SBEA,2024-05-31,-0.012086009606719017,-0.0086470711976289749,5.5535223509650677e-05,0.0086128273978829384,0.012180411256849766
DNDGRG3M086SBEA,2024-06-30,-0.01219690777361393,-0.0085673136636614799,4.6103006752673537e-05,0.0084711844101548195,0.011881085112690926
DNDGRG3M086SBEA,2024-07-31,-0.011394741013646126,-0.0080668739974498749,9.1686379164457321e-05,0.0080171637237071991,0.011342408135533333
DNDGRG3M086SBEA,2024-08-31,-0.011458204127848148,-0.0080940332263708115,7.8407661931123585e-05,0.0078751435503363609,0.011160659603774548
DNDGRG3M086SBEA,2024-09-30,-0.011570243164896965,-0.0081815309822559357,1.5716348571004346e-05,0.0078918617218732834,0.011204504407942295
DNDGRG3M086SBEA,2024-10-31,-0.011540981940925121,-0.0081719821318984032,-1.607916783541441e-05,0.0078224362805485725,0.011167699471116066
DNDGRG3M086SBEA,2024-11-30,-0.011457176879048347,-0.0080847926437854767,6.8551940785255283e-05,0.0078751863911747932,0.011193746700882912
DNDGRG3M086SBEA,2024-12-31,-0.012191365472972393,-0.0082971686497330666,-1.5497747881454416e-05,0.0080532478168606758,0.011882334016263485
DNDGRG3M086SBEA,2025-01-31,-0.012396029196679592,-0.0084113851189613342,1.7005382687784731e-05,0.0081163328140974045,0.011940335854887962
DNDGRG3M086SBEA,2025-02-28,-0.012442237697541714,-0.0084751350805163383,-7.5313218985684216e-06,0.0082277087494730949,0.012101610191166401
DNDGRG3M086SBEA,2025-03-31,-0.012186378240585327,-0.0082717342302203178,2.3120534024201334e-05,0.0081287818029522896,0.012003219686448574
DNDGRG3M086SBEA,2025-04-30,-0.012121925130486488,-0.0082709053531289101,-1.5924802937661298e-05,0.0081605250015854836,0.01210362371057272
DNDGRG3M086SBEA,2025-05-31,-0.012348692864179611,-0.0084371156990528107,3.1286836019717157e-06,0.0081121921539306641,0.011929369531571865
DNDGRG3M086SBEA,2025-06-30,-0.012143847532570362,-0.0082930848002433777,5.4090611229185015e-05,0.0080737285315990448,0.011845195665955544
DNDGRG3M086SBEA,2025-07-31,-0.011741086840629578,-0.0080180224031209946,6.8187429860699922e-05,0.0080374507233500481,0.011858769692480564
DPCERA3M086SBEA,2023-08-31,-0.004086347296833992,-0.0023998839315026999,0.0011900552781298757,0.0044665224850177765,0.0059083495289087296
DPCERA3M086SBEA,2023-09-30,-0.0042583011090755463,-0.0025003098417073488,0.0013204794377088547,0.005114150233566761,0.0067688543349504471
DPCERA3M086SBEA,2023-10-31,-0.0034507315140217543,-0.0016762132290750742,0.0024341803509742022,0.0063553322106599808,0.0079922545701265335
DPCERA3M086SBEA,2023-11-30,-0.0037512255366891623,-0.0019433728884905577,0.0023392927832901478,0.006527450866997242,0.0083014927804470062
DPCERA3M086SBEA,2023-12-31,-0.0040913661941885948,-0.0021403592545539141,0.002391875721514225,0.0068037994205951691,0.0086433514952659607
DPCERA3M086SBEA,2024-01-31,-0.0046887723729014397,-0.0027451382484287024,0.0019342618761584163,0.0065454123541712761,0.0084737790748476982
DPCERA3M086SBEA,2024-02-29,-0.0044345539063215256,-0.0024864266160875559,0.0020980916451662779,0.006634722463786602,0.008529086597263813
DPCERA3M086SBEA,2024-03-31,-0.0045164767652750015,-0.0025482454802840948,0.0020086742006242275,0.0064716469496488571,0.0083209658041596413
DPCERA3M086SBEA,2024-04-30,-0.0043118800967931747,-0.0023765454534441233,0.0020679701119661331,0.0063779931515455246,0.0082425894215703011
DPCERA3M086SBEA,2024-05-31,-0.0044169304892420769,-0.0023955733049660921,0.0021984681952744722,0.0064964424818754196,0.0083179902285337448
DPCERA3M086SBEA,2024-06-30,-0.0042242715135216713,-0.002289897995069623,0.0021814967039972544,0.0064019178971648216,0.0082434061914682388
DPCERA3M086SBEA,2024-07-31,-0.0042452085763216019,-0.0023251071106642485,0.0021655485033988953,0.0063355239108204842,0.0081105856224894524
DPCERA3M086SBEA,2024-08-31,-0.0044837333261966705,-0.0025266769807785749,0.0021380737889558077,0.0064397677779197693,0.008250972256064415
DPCERA3M086SBEA,2024-09-30,-0.0045865802094340324,-0.0025654484052211046,0.0020927516743540764,0.0063659884035587311,0.0081215836107730865
DPCERA3M086SBEA,2024-10-31,-0.0044460780918598175,-0.0024708353448659182,0.0021604953799396753,0.0065287211909890175,0.0083958925679326057
DPCERA3M086SBEA,2024-11-30,-0.0043439744040369987,-0.0023901511449366808,0.002122312318533659,0.0064877057448029518,0.0083217890933156013
DPCERA3M086SBEA,2024-12-31,-0.0052771707996726036,-0.0028568182606250048,0.0023575101513415575,0.0073659960180521011,0.0096839703619480133
DPCERA3M086SBEA,2025-01-31,-0.0053922822698950768,-0.0029947937000542879,0.0021721231751143932,0.0070740105584263802,0.0093396482989192009
DPCERA3M086SBEA,2025-02-28,-0.0051313778385519981,-0.0027932676021009684,0.0022366957273334265,0.0069558676332235336,0.0091436970978975296
DPCERA3M086SBEA,2025-03-31,-0.0048317722976207733,-0.0025638358201831579,0.0022973648738116026,0.0070562344044446945,0.0092906774953007698
DPCERA3M086SBEA,2025-04-30,-0.0050595896318554878,-0.0027697852347046137,0.0021233416628092527,0.0068599721416831017,0.0090431366115808487
DPCERA3M086SBEA,2025-05-31,-0.0047699715942144394,-0.002600731560960412,0.0021212892606854439,0.0068749897181987762,0.0091607924550771713
DPCERA3M086SBEA,2025-06-30,-0.004546397365629673,-0.0023711936082690954,0.0022355448454618454,0.006857624277472496,0.009101049043238163
DPCERA3M086SBEA,2025-07-31,-0.0047038625925779343,-0.0024837583769112825,0.0022284381557255983,0.0068393219262361526,0.008998628705739975
DSERRG3M086SBEA,2023-08-31,-0.0013380731688812375,-0.000892728625331074,0.00027014530496671796,0.001468367176130414,0.0019331399817019701
DSERRG3M086SBEA,2023-09-30,-0.0021126477513462305,-0.0015824795700609684,-0.00022425378847401589,0.0011513704666867852,0.0016852865228429437
DSERRG3M086SBEA,2023-10-31,-0.0019945178646594286,-0.001441800151951611,7.9035307862795889e-05,0.0016493211733177304,0.002228862838819623
DSERRG3M086SBEA,2023-11-30,-0.0023882708046585321,-0.0018039868446066976,-0.00019997045455966145,0.0014470737660303712,0.0020682767499238253
DSERRG3M086SBEA,2023-12-31,-0.0022916437592357397,-0.0016894550062716007,-3.1217314244713634e-05,0.0017157122492790222,0.0023778930772095919
DSERRG3M086SBEA,2024-01-31,-0.002460205927491188,-0.0018242590595036745,-5.3411458793561906e-05,0.0017144425073638558,0.0023677153512835503
DSERRG3M086SBEA,2024-02-29,-0.0024946385528892279,-0.001854357891716063,-6.9571142375934869e-05,0.0017218015855178237,0.0023824747186154127
DSERRG3M086SBEA,2024-03-31,-0.0024666963145136833,-0.0018289417494088411,-5.2196224714862183e-05,0.001775343669578433,0.002442577388137579
DSERRG3M086SBEA,2024-04-30,-0.0025001519825309515,-0.001839658129028976,-4.0530030673835427e-05,0.0017536367522552609,0.0024080898147076368
DSERRG3M086SBEA,2024-05-31,-0.0024951356463134289,-0.001860243733972311,-6.5398337028454989e-05,0.0017370348796248436,0.0023925139103084803
DSERRG3M086SBEA,2024-06-30,-0.0025435520801693201,-0.0018668951233848929,-4.2361582018202171e-05,0.0017719797324389219,0.0024213958531618118
DSERRG3M086SBEA,2024-07-31,-0.0024851332418620586,-0.0018416837556287646,-4.432347122929059e-05,0.0017115946393460035,0.0023377961479127407
DSERRG3M086SBEA,2024-08-31,-0.0024519355501979589,-0.0018075114348903298,-3.7274861824698746e-05,0.0016843467019498348,0.0022979173809289932
DSERRG3M086SBEA,2024-09-30,-0.0024805765133351088,-0.0018301481613889337,-4.584381531458348e-05,0.0016780055593699217,0.0022770680952817202
DSERRG3M086SBEA,2024-10-31,-0.0024987992364913225,-0.0018501158338040113,-4.8051788326120004e-05,0.001699207816272974,0.0023294801358133554
DSERRG3M086SBEA,2024-11-30,-0.0025343180168420076,-0.0018651976715773344,-1.728265851852484e-05,0.0017924747662618756,0.0024370793253183365
DSERRG3M086SBEA,2024-12-31,-0.0028366860933601856,-0.0019430099055171013,-1.5189752957667224e-05,0.0019203426782041788,0.0028996462933719158
DSERRG3M086SBEA,2025-01-31,-0.0029418088961392641,-0.002017332473769784,-8.251216058852151e-06,0.0020101284608244896,0.003017425537109375
DSERRG3M086SBEA,2025-02-28,-0.0030206320807337761,-0.0020871777087450027,-3.2614545489195734e-05,0.002040912164375186,0.0030731051228940487
DSERRG3M086SBEA,2025-03-31,-0.0029863149393349886,-0.0020471627358347178,-3.4212098398711532e-05,0.001995317405089736,0.0030252193100750446
DSERRG3M086SBEA,2025-04-30,-0.0029402407817542553,-0.0020137808751314878,-3.0787366995355114e-05,0.0019981437362730503,0.0030512632802128792
DSERRG3M086SBEA,2025-05-31,-0.0030420536641031504,-0.0020929051097482443,-3.3283002267125994e-05,0.0020021591335535049,0.0030231161508709192
DSERRG3M086SBEA,2025-06-30,-0.0030220865737646818,-0.0020685936324298382,-4.4091437302995473e-05,0.0019798737484961748,0.0029826727695763111
DSERRG3M086SBEA,2025-07-31,-0.0029790224507451057,-0.0020314678549766541,-3.8581663829972968e-05,0.0019903448410332203,0.0030132133979350328
DTCOLNVHFNM,2023-08-31,-0.017196901142597198,-0.0094737056642770767,0.00058790127513930202,0.010606271214783192,0.017193524166941643
DTCOLNVHFNM,2023-09-30,-0.02312036044895649,-0.013878810219466686,-0.0005994135863147676,0.010746799409389496,0.017927838489413261
DTCOLNVHFNM,2023-10-31,-0.021940797567367554,-0.012962615117430687,-0.00044152446207590401,0.010754961520433426,0.017745403572916985
DTCOLNVHFNM,2023-11-30,-0.020886152982711792,-0.012264312244951725,-0.00024669530102983117,0.010670396499335766,0.01765763945877552
DTCOLNVHFNM,2023-12-31,-0.020317083224654198,-0.011869280599057674,-1.7887323338072747e-05,0.011415128596127033,0.018585899844765663
DTCOLNVHFNM,2024-01-31,-0.020108684897422791,-0.012032579630613327,0.00025670707691460848,0.011959517374634743,0.019442291930317879
DTCOLNVHFNM,2024-02-29,-0.020610066130757332,-0.01241977047175169,0.00042704882798716426,0.012454245239496231,0.020023126155138016
DTCOLNVHFNM,2024-03-31,-0.020281678065657616,-0.012299028225243092,0.00031758667319081724,0.012835915200412273,0.020423756912350655
DTCOLNVHFNM,2024-04-30,-0.020780790597200394,-0.012612070888280869,0.0004561284149531275,0.012780419550836086,0.020451966673135757
DTCOLNVHFNM,2024-05-31,-0.019428988918662071,-0.011518308892846107,0.00046571591519750655,0.012247435748577118,0.019736006855964661
DTCOLNVHFNM,2024-06-30,-0.020879888907074928,-0.012288421392440796,0.00050394993741065264,0.011892068199813366,0.019325364381074905
DTCOLNVHFNM,2024-07-31,-0.021393191069364548,-0.012413665652275085,0.00024921039585024118,0.011959701776504517,0.019364254549145699
DTCOLNVHFNM,2024-08-31,-0.022846179082989693,-0.013183942064642906,-1.5016325050964952e-05,0.01193732675164938,0.019587989896535873
DTCOLNVHFNM,2024-09-30,-0.024538880214095116,-0.014240587130188942,-0.00045337079791352153,0.011818891391158104,0.01924467459321022
DTCOLNVHFNM,2024-10-31,-0.023824602365493774,-0.013989372178912163,-0.00048755534226074815,0.011200861074030399,0.018573107197880745
DTCOLNVHFNM,2024-11-30,-0.023896677419543266,-0.014060053043067455,-0.00025210942840203643,0.011603730730712414,0.018934747204184532
DTCOLNVHFNM,2024-12-31,-0.031112942844629288,-0.01415641512721777,-0.000178426897036843,0.01374303363263607,0.025231769308447838
DTCOLNVHFNM,2025-01-31,-0.034844104200601578,-0.016163837164640427,-8.8879503891803324e-05,0.01476476714015007,0.027064045891165733
DTCOLNVHFNM,2025-02-28,-0.034797687083482742,-0.016225459054112434,0.00028734467923641205,0.016193032264709473,0.029024593532085419
DTCOLNVHFNM,2025-03-31,-0.033758211880922318,-0.015871347859501839,6.9333647843450308e-05,0.016138732433319092,0.029404023662209511
DTCOLNVHFNM,2025-04-30,-0.036876417696475983,-0.017260137945413589,0.00016319270071107894,0.018247794359922409,0.032546103000640869
DTCOLNVHFNM,2025-05-31,-0.036472156643867493,-0.017282396554946899,0.00036068909685127437,0.019217547029256821,0.034813635051250458
DTCOLNVHFNM,2025-06-30,-0.039415892213582993,-0.01913783885538578,5.0668513722484931e-05,0.020798450335860252,0.037693560123443604
DTCOLNVHFNM,2025-07-31,-0.043627407401800156,-0.020969776436686516,-8.2976286648772657e-05,0.023452840745449066,0.04174678772687912
DTCTHFNM,2023-08-31,-0.0090944878756999969,-0.0055798445828258991,0.00071917637251317501,0.0071776686236262321,0.010191044770181179
DTCTHFNM,2023-09-30,-0.012308179400861263,-0.0082869138568639755,-0.00017862851382233202,0.0068255350925028324,0.010134360752999783
DTCTHFNM,2023-10-31,-0.013508731499314308,-0.0093459393829107285,-0.00088837282964959741,0.005960891954600811,0.0090825064107775688
DTCTHFNM,2023-11-30,-0.009969792328774929,-0.006295002531260252,0.00055856304243206978,0.007379541639238596,0.010661549866199493
DTCTHFNM,2023-12-31,-0.011444361880421638,-0.007393835112452507,0.00041248463094234467,0.0081490995362401009,0.011667473241686821
DTCTHFNM,2024-01-31,-0.018214559182524681,-0.013669754378497601,-0.0030357334762811661,0.006663191132247448,0.010565495118498802
DTCTHFNM,2024-02-29,-0.012877823784947395,-0.0087056048214435577,-0.00048476841766387224,0.0067334542982280254,0.010070711374282837
DTCTHFNM,2024-03-31,-0.0061953715048730373,-0.0031550251878798008,0.0021168091334402561,0.0082761086523532867,0.011447358876466751
DTCTHFNM,2024-04-30,-0.0076653370633721352,-0.0046381549909710884,0.0011554732918739319,0.0068814060650765896,0.010021992959082127
DTCTHFNM,2024-05-31,-0.0070465058088302612,-0.004152301698923111,0.001462803571484983,0.0075854752212762833,0.010784347541630268
DTCTHFNM,2024-06-30,-0.0083620240911841393,-0.0051580029539763927,0.0012367271119728684,0.0073385462164878845,0.010511929169297218
DTCTHFNM,2024-07-31,-0.012021402828395367,-0.0083582373335957527,-0.000421598379034549,0.0061151492409408092,0.0092283422127366066
DTCTHFNM,2024-08-31,-0.009793626144528389,-0.0065708816982805729,-0.00017361382197123021,0.0057166703045368195,0.0087676234543323517
DTCTHFNM,2024-09-30,-0.010763630270957947,-0.0072880913503468037,-0.00043933326378464699,0.0057889479212462902,0.0087943887338042259
DTCTHFNM,2024-10-31,-0.011853381060063839,-0.0082939993590116501,-0.00087532278848811984,0.0054662232287228107,0.0085322139784693718
DTCTHFNM,2024-11-30,-0.011095008812844753,-0.0074697183445096016,-2.8090002160752192e-05,0.0065346895717084408,0.0097296023741364479
DTCTHFNM,2024-12-31,-0.014338827691972256,-0.008153354749083519,0.00019310085917823017,0.0075886650010943413,0.013681771233677864
DTCTHFNM,2025-01-31,-0.031440310180187225,-0.020467616617679596,-0.0023663060273975134,0.010146789252758026,0.018044902011752129
DTCTHFNM,2025-02-28,-0.020010162144899368,-0.012110662646591663,-0.00031585281249135733,0.0072497418150305748,0.013382894918322563
DTCTHFNM,2025-03-31,-0.011180685833096504,-0.0059967190027236938,0.0012961471220478415,0.0086793433874845505,0.014610175043344498
DTCTHFNM,2025-04-30,-0.013658645562827587,-0.00762129295617342,0.00079659873154014349,0.0078206276521086693,0.01357704121619463
DTCTHFNM,2025-05-31,-0.014711224474012852,-0.0078896190971136093,0.00075589085463434458,0.00904128048568964,0.01623573899269104
DTCTHFNM,2025-06-30,-0.015487207099795341,-0.0082560190930962563,0.0010002047056332231,0.010120837017893791,0.01829201728105545
DTCTHFNM,2025-07-31,-0.023898905143141747,-0.013908240012824535,0.00012927188072353601,0.010671878233551979,0.019714284688234329
EXCAUSx,2023-08-31,-0.025021810084581375,-0.019030202180147171,-0.00051074108341708779,0.018276894465088844,0.024290446192026138
EXCAUSx,2023-09-30,-0.026362551376223564,-0.020213207229971886,-0.00075685000047087669,0.018992239609360695,0.025345891714096069
EXCAUSx,2023-10-31,-0.02691696397960186,-0.020486092194914818,-0.00046048860531300306,0.019689286127686501,0.026081210002303123
EXCAUSx,2023-11-30,-0.026661241427063942,-0.020270958542823792,-0.00015342424740083516,0.019592396914958954,0.025739066302776337
EXCAUSx,2023-12-31,-0.02672978863120079,-0.020264491438865662,-0.00026640627766028047,0.019539667293429375,0.025686154142022133
EXCAUSx,2024-01-31,-0.027077017351984978,-0.020553955808281898,-0.00031322706490755081,0.019755896180868149,0.025964159518480301
EXCAUSx,2024-02-29,-0.027602000162005424,-0.020854460075497627,1.0223186109215021e-05,0.019870918244123459,0.025990057736635208
EXCAUSx,2024-03-31,-0.026997877284884453,-0.020530102774500847,-4.207162419334054e-05,0.019960178062319756,0.026235818862915039
EXCAUSx,2024-04-30,-0.027162777259945869,-0.020705118775367737,-0.00018032023217529058,0.019593905657529831,0.025899562984704971
EXCAUSx,2024-05-31,-0.027121080085635185,-0.020639980211853981,-9.0833345893770456e-05,0.020072994753718376,0.026479607447981834
EXCAUSx,2024-06-30,-0.02745245024561882,-0.020845277234911919,-0.00017471556202508509,0.019944708794355392,0.026229385286569595
EXCAUSx,2024-07-31,-0.027044313028454781,-0.020595230162143707,-7.495534373447299e-05,0.020179111510515213,0.026575902476906776
EXCAUSx,2024-08-31,-0.027165882289409637,-0.02060193195939064,-0.00015101020107977092,0.020004525780677795,0.026354631409049034
EXCAUSx,2024-09-30,-0.02725931815803051,-0.020614024251699448,-1.4964767615310848e-05,0.02024979330599308,0.026515845209360123
EXCAUSx,2024-10-31,-0.027271060273051262,-0.020734416320919991,-3.5243603633716702e-05,0.020029978826642036,0.026400934904813766
EXCAUSx,2024-11-30,-0.027125522494316101,-0.020456293597817421,0.00020429068536031991,0.020351067185401917,0.026770338416099548
EXCAUSx,2024-12-31,-0.026963280513882637,-0.020368997007608414,7.6916578109376132e-05,0.020508196204900742,0.027089923620223999
EXCAUSx,2025-01-31,-0.027118977159261703,-0.020484987646341324,2.0822786609642208e-05,0.020559092983603477,0.027236578986048698
EXCAUSx,2025-02-28,-0.027176814153790474,-0.02052123099565506,-2.7937509003095329e-05,0.020533541217446327,0.027159098535776138
EXCAUSx,2025-03-31,-0.026817362755537033,-0.020313622429966927,-1.1328811524435878e-05,0.020213168114423752,0.026804905384778976
EXCAUSx,2025-04-30,-0.026716040447354317,-0.020058808848261833,3.244577965233475e-05,0.020111780613660812,0.026669794693589211
EXCAUSx,2025-05-31,-0.02693876251578331,-0.020224111154675484,6.3896935898810625e-05,0.020114146173000336,0.026573892682790756
EXCAUSx,2025-06-30,-0.027067309245467186,-0.02025856077671051,0.00014479030505754054,0.020024586468935013,0.026426820084452629
EXCAUSx,2025-07-31,-0.026572572067379951,-0.019987277686595917,7.6544252806343138e-05,0.019895667210221291,0.026410790160298347
EXJPUSx,2023-08-31,-0.040960758924484253,-0.031367253512144089,-0.002553112106397748,0.025535695254802704,0.034503813832998276
EXJPUSx,2023-09-30,-0.041471641510725021,-0.031636606901884079,-0.0015762663679197431,0.027628917247056961,0.036903038620948792
EXJPUSx,2023-10-31,-0.042909324169158936,-0.032580386847257614,-0.0015394765650853515,0.027975611388683319,0.037157900631427765
EXJPUSx,2023-11-30,-0.041674606502056122,-0.031152209267020226,2.0713778212666512e-05,0.028708364814519882,0.037526175379753113
EXJPUSx,2023-12-31,-0.040604241192340851,-0.030423255637288094,0.00031546206446364522,0.029373088851571083,0.038270629942417145
EXJPUSx,2024-01-31,-0.040652047842741013,-0.030592456459999084,0.00067619892070069909,0.029398167505860329,0.038131389766931534
EXJPUSx,2024-02-29,-0.041235093027353287,-0.030768942087888718,0.00050298712449148297,0.028971206396818161,0.037667714059352875
EXJPUSx,2024-03-31,-0.040619537234306335,-0.030334895476698875,0.00081004778621718287,0.029693152755498886,0.038720004260540009
EXJPUSx,2024-04-30,-0.040747582912445068,-0.030570650473237038,0.00051708723185583949,0.029617343097925186,0.038742545992136002
EXJPUSx,2024-05-31,-0.040936063975095749,-0.030589772388339043,0.00035957811633124948,0.029743239283561707,0.03905097022652626
EXJPUSx,2024-06-30,-0.041284482926130295,-0.030967773869633675,5.7359866332262754e-05,0.029134819284081459,0.038226298987865448
EXJPUSx,2024-07-31,-0.040808051824569702,-0.030760997906327248,-1.8117774743586779e-05,0.028854832053184509,0.037931747734546661
EXJPUSx,2024-08-31,-0.041524786502122879,-0.031080201268196106,-3.5229895729571581e-05,0.028814028948545456,0.03789135068655014
EXJPUSx,2024-09-30,-0.041791144758462906,-0.031122561544179916,4.3420528527349234e-05,0.029490066692233086,0.038582641631364822
EXJPUSx,2024-10-31,-0.042128656059503555,-0.031491339206695557,-3.9380800444632769e-05,0.029272262006998062,0.038504123687744141
EXJPUSx,2024-11-30,-0.041513871401548386,-0.030953483656048775,0.00043894891859963536,0.029805753380060196,0.039072304964065552
EXJPUSx,2024-12-31,-0.042464334517717361,-0.031692992895841599,-0.00016398867592215538,0.029725352302193642,0.039086360484361649
EXJPUSx,2025-01-31,-0.042062167078256607,-0.031385231763124466,0.00015158217865973711,0.029524233192205429,0.038755014538764954
EXJPUSx,2025-02-28,-0.042202789336442947,-0.031396646052598953,-3.08244489133358e-05,0.029833026230335236,0.039232444018125534
EXJPUSx,2025-03-31,-0.042395580559968948,-0.031513765454292297,-1.5796395018696785e-06,0.029352210462093353,0.038580659776926041
EXJPUSx,2025-04-30,-0.041832897812128067,-0.030938532203435898,0.00021238165209069848,0.0295425895601511,0.038748957216739655
EXJPUSx,2025-05-31,-0.042277071624994278,-0.031337089836597443,0.0003717938088811934,0.029369145631790161,0.038372345268726349
EXJPUSx,2025-06-30,-0.042654227465391159,-0.031377524137496948,0.00034229416633024812,0.029240978881716728,0.038218509405851364
EXJPUSx,2025-07-31,-0.042503733187913895,-0.031306471675634384,0.00036980194272473454,0.02936091274023056,0.038518030196428299
EXSZUSx,2023-08-31,-0.04002935066819191,-0.032498922199010849,-0.0086790807545185089,0.015382595360279083,0.023571133613586426
EXSZUSx,2023-09-30,-0.037402652204036713,-0.029503397643566132,-0.0044151265174150467,0.02061939612030983,0.028742887079715729
EXSZUSx,2023-10-31,-0.036381814628839493,-0.028285907581448555,-0.0030125831253826618,0.021923311054706573,0.029740877449512482
EXSZUSx,2023-11-30,-0.035358574241399765,-0.027076408267021179,-0.0015267791459336877,0.022683680057525635,0.030195008963346481
EXSZUSx,2023-12-31,-0.035021189600229263,-0.026922330260276794,-0.0017201749142259359,0.023050589486956596,0.030814357101917267
EXSZUSx,2024-01-31,-0.03477821871638298,-0.026911552995443344,-0.0013619210803881288,0.022881142795085907,0.030280705541372299
EXSZUSx,2024-02-29,-0.03457685187458992,-0.026419352740049362,-0.001123837660998106,0.022655880078673363,0.029965855181217194
EXSZUSx,2024-03-31,-0.034796662628650665,-0.026689251884818077,-0.0013059577904641628,0.022962698712944984,0.030633728951215744
EXSZUSx,2024-04-30,-0.034607440233230591,-0.026561498641967773,-0.001153887715190649,0.023050209507346153,0.03070623055100441
EXSZUSx,2024-05-31,-0.035239879041910172,-0.026747521013021469,-0.001157702412456274,0.023301184177398682,0.031123597174882889
EXSZUSx,2024-06-30,-0.034822836518287659,-0.026644978672266006,-0.0011496918741613626,0.023096999153494835,0.03066156804561615
EXSZUSx,2024-07-31,-0.034473754465579987,-0.026416081935167313,-0.0010738832643255591,0.023019516840577126,0.030500452965497971
EXSZUSx,2024-08-31,-0.035371962934732437,-0.026890790089964867,-0.0008722539059817791,0.023158112540841103,0.030664063990116119
EXSZUSx,2024-09-30,-0.035583995282649994,-0.027039896696805954,-0.0011783065274357796,0.023219680413603783,0.030666474252939224
EXSZUSx,2024-10-31,-0.035988550633192062,-0.027403539046645164,-0.0013711403589695692,0.0230740737169981,0.030732866376638412
EXSZUSx,2024-11-30,-0.035706888884305954,-0.027192546054720879,-0.0010841683251783252,0.023403797298669815,0.031060226261615753
EXSZUSx,2024-12-31,-0.03554033488035202,-0.026984009891748428,-0.0013362554600462317,0.023198464885354042,0.030993003398180008
EXSZUSx,2025-01-31,-0.035378985106945038,-0.02680647186934948,-0.0011156281689181924,0.023426825180649757,0.031160205602645874
EXSZUSx,2025-02-28,-0.035026226192712784,-0.02648189477622509,-0.0011724038049578667,0.023295806720852852,0.031093433499336243
EXSZUSx,2025-03-31,-0.035411376506090164,-0.026670504361391068,-0.0011623649625107646,0.022909622639417648,0.030634228140115738
EXSZUSx,2025-04-30,-0.034775994718074799,-0.026244400069117546,-0.0011593853123486042,0.023171348497271538,0.031117390841245651
EXSZUSx,2025-05-31,-0.035280466079711914,-0.026755830273032188,-0.001041047740727663,0.022958016023039818,0.030583109706640244
EXSZUSx,2025-06-30,-0.034921400249004364,-0.026254227384924889,-0.0009808180620893836,0.022706693038344383,0.030229020863771439
EXSZUSx,2025-07-31,-0.035084810107946396,-0.026362882927060127,-0.0010377316502854228,0.022784959524869919,0.030485689640045166
EXUSUKx,2023-08-31,-0.026700953021645546,-0.018075829371809959,0.0064774155616760254,0.029638489708304405,0.036797460168600082
EXUSUKx,2023-09-30,-0.032538119703531265,-0.023653829470276833,0.0026240306906402111,0.027253160253167152,0.034699775278568268
EXUSUKx,2023-10-31,-0.035053439438343048,-0.026007276028394699,0.00061802694108337164,0.026428805664181709,0.034294001758098602
EXUSUKx,2023-11-30,-0.036407724022865295,-0.026910962536931038,0.00055570364929735661,0.026377048343420029,0.034322790801525116
EXUSUKx,2023-12-31,-0.036259718239307404,-0.027085235342383385,1.4140619896352291e-05,0.02637949213385582,0.034554820507764816
EXUSUKx,2024-01-31,-0.037013236433267593,-0.027824509888887405,5.5420678108930588e-05,0.026503659784793854,0.034585297107696533
EXUSUKx,2024-02-29,-0.037517569959163666,-0.028078570961952209,-0.0001485869288444519,0.026131121441721916,0.034146271646022797
EXUSUKx,2024-03-31,-0.037087451666593552,-0.027737880125641823,4.9097929149866104e-05,0.026598790660500526,0.034837275743484497
EXUSUKx,2024-04-30,-0.037667911499738693,-0.028225267305970192,-0.00010276422835886478,0.02634689025580883,0.034516852349042892
EXUSUKx,2024-05-31,-0.038041401654481888,-0.028396574780344963,-0.00013451953418552876,0.026712987571954727,0.035088304430246353
EXUSUKx,2024-06-30,-0.038942433893680573,-0.029146360233426094,-0.00052041979506611824,0.02640853263437748,0.034689821302890778
EXUSUKx,2024-07-31,-0.038892272859811783,-0.02929958887398243,-0.0004585987189784646,0.026350721716880798,0.034663114696741104
EXUSUKx,2024-08-31,-0.039178606122732162,-0.029437536373734474,-0.00061722553800791502,0.026331482455134392,0.034632544964551926
EXUSUKx,2024-09-30,-0.039609890431165695,-0.029622398316860199,-0.00040428910870105028,0.026584763079881668,0.034610942006111145
EXUSUKx,2024-10-31,-0.039564043283462524,-0.029743431136012077,-0.0002967070322483778,0.026668120175600052,0.034893572330474854
EXUSUKx,2024-11-30,-0.039863564074039459,-0.029864998534321785,-0.00015206984244287014,0.027020476758480072,0.035362079739570618
EXUSUKx,2024-12-31,-0.039616949856281281,-0.029346099123358727,-0.00060606712941080332,0.026806864887475967,0.035667587071657181
EXUSUKx,2025-01-31,-0.039275337010622025,-0.028936421498656273,-0.00023894989863038063,0.026664650067687035,0.035397369414567947
EXUSUKx,2025-02-28,-0.038967922329902649,-0.028755992650985718,-0.00058602564968168736,0.026859398931264877,0.035814758390188217
EXUSUKx,2025-03-31,-0.038459662348031998,-0.028431273996829987,-0.00046664016554132104,0.026291627436876297,0.035082969814538956
EXUSUKx,2025-04-30,-0.037859514355659485,-0.0278819240629673,-0.00041421019705012441,0.026185644790530205,0.03491814061999321
EXUSUKx,2025-05-31,-0.037864122539758682,-0.027979513630270958,-0.00015991565305739641,0.026099091395735741,0.034724991768598557
EXUSUKx,2025-06-30,-0.037562090903520584,-0.027646869421005249,-0.0002761558280326426,0.025586508214473724,0.034080155193805695
EXUSUKx,2025-07-31,-0.037077903747558594,-0.027373373508453369,-0.00024673412553966045,0.025675788521766663,0.034336969256401062
FEDFUNDS,2023-08-31,-0.13011512160301208,-0.066448576748371124,0.035512600094079971,0.20822726190090179,0.33073195815086365
FEDFUNDS,2023-09-30,-0.16375595331192017,-0.091361969709396362,0.035633746534585953,0.21742247045040131,0.34730538725852966
FEDFUNDS,2023-10-31,-0.18019171059131622,-0.10360880196094513,0.030031148344278336,0.23474182188510895,0.36900973320007324
FEDFUNDS,2023-11-30,-0.19811311364173889,-0.11847423017024994,0.031828589737415314,0.25782418251037598,0.39991411566734314
FEDFUNDS,2023-12-31,-0.21989922225475311,-0.13516876101493835,0.030463144183158875,0.28240400552749634,0.43406233191490173
FEDFUNDS,2024-01-31,-0.21693848073482513,-0.13431890308856964,0.032281167805194855,0.28111425042152405,0.43090614676475525
FEDFUNDS,2024-02-29,-0.22475068271160126,-0.13993081450462341,0.032210350036621094,0.2929166853427887,0.44848671555519104
FEDFUNDS,2024-03-31,-0.23627769947052002,-0.14817392826080322,0.03150610625743866,0.30345714092254639,0.46270850300788879
FEDFUNDS,2024-04-30,-0.23403909802436829,-0.14734144508838654,0.031763829290866852,0.30970504879951477,0.47085839509963989
FEDFUNDS,2024-05-31,-0.23966154456138611,-0.14933969080448151,0.030162010341882706,0.30661329627037048,0.46778389811515808
FEDFUNDS,2024-06-30,-0.2353377491235733,-0.14734679460525513,0.03285767138004303,0.31192058324813843,0.47702732682228088
FEDFUNDS,2024-07-31,-0.24464595317840576,-0.15319518744945526,0.030077632516622543,0.31368514895439148,0.48022529482841492
FEDFUNDS,2024-08-31,-0.26999369263648987,-0.16367024183273315,0.032050743699073792,0.32454264163970947,0.49359986186027527
FEDFUNDS,2024-09-30,-0.27386730909347534,-0.16618919372558594,0.028352294117212296,0.32240372896194458,0.49241432547569275
FEDFUNDS,2024-10-31,-0.28520900011062622,-0.17662103474140167,0.0265672467648983,0.31633362174034119,0.48405608534812927
FEDFUNDS,2024-11-30,-0.29095819592475891,-0.18090331554412842,0.027253963053226471,0.3212917149066925,0.49179032444953918
FEDFUNDS,2024-12-31,-0.39756745100021362,-0.21453277766704559,0.023663491010665894,0.37390515208244324,0.63363224267959595
FEDFUNDS,2025-01-31,-0.39163562655448914,-0.21018990874290466,0.023975793272256851,0.35032522678375244,0.60320448875427246
FEDFUNDS,2025-02-28,-0.36946016550064087,-0.19528862833976746,0.02078903466463089,0.33591911196708679,0.58159840106964111
FEDFUNDS,2025-03-31,-0.36883115768432617,-0.19526726007461548,0.019604582339525223,0.33137190341949463,0.56762546300888062
FEDFUNDS,2025-04-30,-0.37100183963775635,-0.19725409150123596,0.017088457942008972,0.33521518111228943,0.56917691230773926
FEDFUNDS,2025-05-31,-0.35102441906929016,-0.1869947761297226,0.01743079349398613,0.31658238172531128,0.53914976119995117
FEDFUNDS,2025-06-30,-0.34628605842590332,-0.18450213968753815,0.015397258102893829,0.31563541293144226,0.54219657182693481
FEDFUNDS,2025-07-31,-0.36084538698196411,-0.19324697554111481,0.013096388429403305,0.32397404313087463,0.55510050058364868
GS1,2023-08-31,-0.31518146395683289,-0.2043883353471756,0.04382295161485672,0.30111190676689148,0.4084773063659668
GS1,2023-09-30,-0.35428115725517273,-0.23503614962100983,0.036385364830493927,0.31842660903930664,0.43466183543205261
GS1,2023-10-31,-0.36944106221199036,-0.24752750992774963,0.034322932362556458,0.33391663432121277,0.4591812789440155
GS1,2023-11-30,-0.38543516397476196,-0.25760376453399658,0.033449310809373856,0.33591964840888977,0.46385926008224487
GS1,2023-12-31,-0.39783820509910583,-0.26895412802696228,0.028465848416090012,0.34506264328956604,0.47976794838905334
GS1,2024-01-31,-0.40464895963668823,-0.27559444308280945,0.028065051883459091,0.34574234485626221,0.4819488525390625
GS1,2024-02-29,-0.4138273298740387,-0.27970808744430542,0.030704312026500702,0.35292652249336243,0.49045062065124512
GS1,2024-03-31,-0.42161661386489868,-0.2852192223072052,0.027258943766355515,0.35377177596092224,0.49251222610473633
GS1,2024-04-30,-0.42030292749404907,-0.28389456868171692,0.025446843355894089,0.35742345452308655,0.49472635984420776
GS1,2024-05-31,-0.42024576663970947,-0.28032970428466797,0.025485392659902573,0.3488924503326416,0.48254135251045227
GS1,2024-06-30,-0.40826535224914551,-0.2726447582244873,0.024500325322151184,0.34227806329727173,0.47115477919578552
GS1,2024-07-31,-0.40532964468002319,-0.27279230952262878,0.021318662911653519,0.33352828025817871,0.4588698148727417
GS1,2024-08-31,-0.42236810922622681,-0.2835659384727478,0.022754542529582977,0.33332616090774536,0.4589027464389801
GS1,2024-09-30,-0.42038097977638245,-0.28019276261329651,0.024216562509536743,0.33971792459487915,0.46852481365203857
GS1,2024-10-31,-0.43790781497955322,-0.29113614559173584,0.025089569389820099,0.34319856762886047,0.47270035743713379
GS1,2024-11-30,-0.42485058307647705,-0.28628233075141907,0.023502185940742493,0.34182080626487732,0.47258767485618591
GS1,2024-12-31,-0.49340549111366272,-0.31971234083175659,0.019428826868534088,0.38838982582092285,0.55673468112945557
GS1,2025-01-31,-0.48337048292160034,-0.31281191110610962,0.020979415625333786,0.38459086418151855,0.55146807432174683
GS1,2025-02-28,-0.46908527612686157,-0.30324214696884155,0.022545579820871353,0.38308408856391907,0.55166184902191162
GS1,2025-03-31,-0.46460464596748352,-0.29844895005226135,0.022720701992511749,0.37511140108108521,0.54251664876937866
GS1,2025-04-30,-0.46759933233261108,-0.30147522687911987,0.018597237765789032,0.37562650442123413,0.54725635051727295
GS1,2025-05-31,-0.45388785004615784,-0.2945711612701416,0.02074877917766571,0.36727446317672729,0.5326535701751709
GS1,2025-06-30,-0.46397906541824341,-0.29931986331939697,0.020863253623247147,0.37452569603919983,0.54347407817840576
GS1,2025-07-31,-0.47792375087738037,-0.30734986066818237,0.019899044185876846,0.37372228503227234,0.54474890232086182
GS10,2023-08-31,-0.33863165974617004,-0.26450294256210327,-0.042580775916576385,0.18908120691776276,0.26734387874603271
GS10,2023-09-30,-0.35484224557876587,-0.27851665019989014,-0.044060401618480682,0.20310774445533752,0.28559225797653198
GS10,2023-10-31,-0.33739975094795227,-0.25906640291213989,-0.015207897871732712,0.23437601327896118,0.31250002980232239
GS10,2023-11-30,-0.33590689301490784,-0.25591158866882324,-0.0027546864002943039,0.25007921457290649,0.32850727438926697
GS10,2023-12-31,-0.33836153149604797,-0.25859111547470093,-0.005606834776699543,0.2556057870388031,0.33671185374259949
GS10,2024-01-31,-0.33903193473815918,-0.26068472862243652,-0.000676741823554039,0.25847801566123962,0.33780559897422791
GS10,2024-02-29,-0.34193447232246399,-0.25966179370880127,0.00041559524834156036,0.25841563940048218,0.33738985657691956
GS10,2024-03-31,-0.35020697116851807,-0.2675769031047821,-0.0022123390808701515,0.26483812928199768,0.34855583310127258
GS10,2024-04-30,-0.35470327734947205,-0.27219384908676147,-0.0061030443757772446,0.26376378536224365,0.34849286079406738
GS10,2024-05-31,-0.35868754982948303,-0.27344349026679993,-0.0054696369916200638,0.26344436407089233,0.34742027521133423
GS10,2024-06-30,-0.35739395022392273,-0.27372080087661743,-0.0096661187708377838,0.25612837076187134,0.33954820036888123
GS10,2024-07-31,-0.35821911692619324,-0.27585533261299133,-0.013090405613183975,0.24732136726379395,0.32959771156311035
GS10,2024-08-31,-0.36898905038833618,-0.28227648138999939,-0.015964362770318985,0.2473376989364624,0.33011892437934875
GS10,2024-09-30,-0.37027338147163391,-0.28184959292411804,-0.014515187591314316,0.24860993027687073,0.32933434844017029
GS10,2024-10-31,-0.37347835302352905,-0.28407445549964905,-0.01318582147359848,0.24989137053489685,0.33358111977577209
GS10,2024-11-30,-0.37508434057235718,-0.28604459762573242,-0.014312315732240677,0.25018668174743652,0.33429688215255737
GS10,2024-12-31,-0.36926570534706116,-0.28137639164924622,-0.0085677513852715492,0.27098584175109863,0.3623424768447876
GS10,2025-01-31,-0.36519977450370789,-0.27769261598587036,-0.0067654857411980629,0.27257773280143738,0.36431330442428589
GS10,2025-02-28,-0.35906225442886353,-0.27235814929008484,-0.0060964981094002724,0.2675439715385437,0.35812032222747803
GS10,2025-03-31,-0.36442452669143677,-0.27491468191146851,-0.0056245690211653709,0.26498806476593018,0.3545461893081665
GS10,2025-04-30,-0.35986813902854919,-0.27167189121246338,-0.0049600973725318909,0.26779061555862427,0.35848379135131836
GS10,2025-05-31,-0.36330109834671021,-0.27579766511917114,-0.0044991597533226013,0.26445922255516052,0.35339882969856262
GS10,2025-06-30,-0.36285412311553955,-0.2735666036605835,-0.0059235226362943649,0.25876957178115845,0.34720802307128906
GS10,2025-07-31,-0.3626294732093811,-0.27327865362167358,-0.0048652021214365959,0.26262485980987549,0.35300290584564209
GS5,2023-08-31,-0.39861920475959778,-0.3141733705997467,-0.066986262798309326,0.18457189202308655,0.26983198523521423
GS5,2023-09-30,-0.41462406516075134,-0.32602843642234802,-0.06170479953289032,0.21257781982421875,0.30580496788024902
GS5,2023-10-31,-0.38305595517158508,-0.29250666499137878,-0.017084572464227676,0.26255902647972107,0.35110184550285339
GS5,2023-11-30,-0.38845139741897583,-0.29496902227401733,-0.007661464624106884,0.27775546908378601,0.36702644824981689
GS5,2023-12-31,-0.38351026177406311,-0.2912849485874176,-0.0047999238595366478,0.29002177715301514,0.38190162181854248
GS5,2024-01-31,-0.38593262434005737,-0.29476755857467651,0.001188814640045166,0.29634800553321838,0.38735857605934143
GS5,2024-02-29,-0.38783785700798035,-0.29114174842834473,0.0082731414586305618,0.30313554406166077,0.39391174912452698
GS5,2024-03-31,-0.39830794930458069,-0.30166873335838318,0.0035120416432619095,0.30932486057281494,0.40572237968444824
GS5,2024-04-30,-0.39965513348579407,-0.30360543727874756,-0.00086288154125213623,0.30617138743400574,0.40366232395172119
GS5,2024-05-31,-0.40616628527641296,-0.30824312567710876,-0.0041581587865948677,0.30000942945480347,0.3960205614566803
GS5,2024-06-30,-0.40749457478523254,-0.30969792604446411,-0.008600013330578804,0.2938447892665863,0.38966062664985657
GS5,2024-07-31,-0.4080585241317749,-0.31267669796943665,-0.013962244614958763,0.28105476498603821,0.37574180960655212
GS5,2024-08-31,-0.41767510771751404,-0.31734201312065125,-0.015637410804629326,0.28001675009727478,0.3746151328086853
GS5,2024-09-30,-0.41725212335586548,-0.31511536240577698,-0.012798625975847244,0.28276342153549194,0.37512147426605225
GS5,2024-10-31,-0.41733956336975098,-0.3144872784614563,-0.008633611723780632,0.2869812548160553,0.38257953524589539
GS5,2024-11-30,-0.41832080483436584,-0.31631729006767273,-0.0091294711455702782,0.28939029574394226,0.38566717505455017
GS5,2024-12-31,-0.4153454601764679,-0.31171104311943054,-0.0036723623052239418,0.31063976883888245,0.41622668504714966
GS5,2025-01-31,-0.41162851452827454,-0.30843368172645569,-0.0028551975265145302,0.31158936023712158,0.41829073429107666
GS5,2025-02-28,-0.40475365519523621,-0.30201455950737,0.00083691254258155823,0.31017103791236877,0.41562145948410034
GS5,2025-03-31,-0.41079798340797424,-0.30434882640838623,0.0016679763793945312,0.30672797560691833,0.4105675220489502
GS5,2025-04-30,-0.40572306513786316,-0.30117714405059814,0.0022720899432897568,0.30914589762687683,0.41419920325279236
GS5,2025-05-31,-0.40993481874465942,-0.30596011877059937,0.0009650103747844696,0.30370903015136719,0.40647214651107788
GS5,2025-06-30,-0.4127800464630127,-0.30587705969810486,-6.2560662627220154e-05,0.29890036582946777,0.40118899941444397
GS5,2025-07-31,-0.41259303689002991,-0.30588263273239136,0.00016378983855247498,0.30185160040855408,0.40632522106170654
HOUST,2023-08-31,7.1812386512756348,7.2036476135253906,7.2712612152099609,7.3424654006958008,7.3672499656677246
HOUST,2023-09-30,7.169459342956543,7.1965427398681641,7.2744970321655273,7.3501238822937012,7.3748970031738281
HOUST,2023-10-31,7.1509881019592285,7.1842293739318848,7.274716854095459,7.3575892448425293,7.3834414482116699
HOUST,2023-11-30,7.1445403099060059,7.1771941184997559,7.2768735885620117,7.3706603050231934,7.4015436172485352
HOUST,2023-12-31,7.1354188919067383,7.1734967231750488,7.2834558486938477,7.3905305862426758,7.4241366386413574
HOUST,2024-01-31,7.1251082420349121,7.1644306182861328,7.2866048812866211,7.3994522094726562,7.4346113204956055
HOUST,2024-02-29,7.1205716133117676,7.162416934967041,7.28857421875,7.4040660858154297,7.4405159950256348
HOUST,2024-03-31,7.1058182716369629,7.1508431434631348,7.2866191864013672,7.4140567779541016,7.453394889831543
HOUST,2024-04-30,7.0938210487365723,7.141505241394043,7.2859640121459961,7.4180045127868652,7.4575357437133789
HOUST,2024-05-31,7.0812392234802246,7.1308245658874512,7.2819409370422363,7.4225902557373047,7.4677219390869141
HOUST,2024-06-30,7.0693912506103516,7.1227130889892578,7.2796769142150879,7.424537181854248,7.468287467956543
HOUST,2024-07-31,7.0636806488037109,7.1175847053527832,7.2764511108398438,7.4218711853027344,7.4646687507629395
HOUST,2024-08-31,7.0567855834960938,7.1099123954772949,7.2744994163513184,7.4255352020263672,7.4712810516357422
HOUST,2024-09-30,7.0452075004577637,7.1014671325683594,7.272590160369873,7.4299535751342773,7.4761919975280762
HOUST,2024-10-31,7.0360755920410156,7.0948429107666016,7.2749471664428711,7.4356918334960938,7.483701229095459
HOUST,2024-11-30,7.0332636833190918,7.091728687286377,7.2715606689453125,7.4372668266296387,7.4859800338745117
HOUST,2024-12-31,6.9995169639587402,7.0709729194641113,7.2760767936706543,7.4617424011230469,7.5184292793273926
HOUST,2025-01-31,6.9979958534240723,7.0700211524963379,7.2746882438659668,7.4665951728820801,7.5245194435119629
HOUST,2025-02-28,6.9971518516540527,7.0694475173950195,7.2735815048217773,7.4702229499816895,7.529604434967041
HOUST,2025-03-31,6.9982094764709473,7.0711698532104492,7.2762556076049805,7.4671525955200195,7.5263681411743164
HOUST,2025-04-30,6.9878573417663574,7.0650186538696289,7.2750897407531738,7.4762997627258301,7.5386800765991211
HOUST,2025-05-31,6.9992060661315918,7.0730152130126953,7.2795004844665527,7.4766173362731934,7.5369853973388672
HOUST,2025-06-30,6.9959235191345215,7.0718884468078613,7.282097339630127,7.4787297248840332,7.5394906997680664
HOUST,2025-07-31,6.9860091209411621,7.0659976005554199,7.2826113700866699,7.4852957725524902,7.5472888946533203
HOUSTMW,2023-08-31,4.9159517288208008,4.9839401245117188,5.175114631652832,5.3484344482421875,5.4002037048339844
HOUSTMW,2023-09-30,4.9258832931518555,4.9992551803588867,5.2098422050476074,5.3988943099975586,5.4544792175292969
HOUSTMW,2023-10-31,4.9094204902648926,4.9856996536254883,5.206474781036377,5.4100427627563477,5.4686551094055176
HOUSTMW,2023-11-30,4.8977470397949219,4.9785170555114746,5.2100315093994141,5.4141712188720703,5.4716267585754395
HOUSTMW,2023-12-31,4.8725385665893555,4.9570684432983398,5.1991381645202637,5.4221973419189453,5.483454704284668
HOUSTMW,2024-01-31,4.8540892601013184,4.9403305053710938,5.1923084259033203,5.4287762641906738,5.4939212799072266
HOUSTMW,2024-02-29,4.8513422012329102,4.9373636245727539,5.1961498260498047,5.4355859756469727,5.5009574890136719
HOUSTMW,2024-03-31,4.8587889671325684,4.9470076560974121,5.2104296684265137,5.4543013572692871,5.5211420059204102
HOUSTMW,2024-04-30,4.8608684539794922,4.9513330459594727,5.2212152481079102,5.4707374572753906,5.5419049263000488
HOUSTMW,2024-05-31,4.8529982566833496,4.9481606483459473,5.2180523872375488,5.4671421051025391,5.5361838340759277
HOUSTMW,2024-06-30,4.8496971130371094,4.9416656494140625,5.2180485725402832,5.4675259590148926,5.5386037826538086
HOUSTMW,2024-07-31,4.8551521301269531,4.9476766586303711,5.224977970123291,5.4684138298034668,5.5369811058044434
HOUSTMW,2024-08-31,4.8451485633850098,4.9424448013305664,5.2239055633544922,5.4717931747436523,5.5437378883361816
HOUSTMW,2024-09-30,4.840543270111084,4.9402475357055664,5.2242374420166016,5.4797754287719727,5.5505151748657227
HOUSTMW,2024-10-31,4.8294110298156738,4.9343419075012207,5.2278847694396973,5.4902915954589844,5.5644235610961914
HOUSTMW,2024-11-30,4.8191204071044922,4.9263944625854492,5.2318878173828125,5.500938892364502,5.5770168304443359
HOUSTMW,2024-12-31,4.778691291809082,4.8928709030151367,5.2345237731933594,5.5405788421630859,5.6268305778503418
HOUSTMW,2025-01-31,4.7453474998474121,4.8633670806884766,5.2152652740478516,5.5253329277038574,5.6123642921447754
HOUSTMW,2025-02-28,4.7477512359619141,4.867011547088623,5.216707706451416,5.5192270278930664,5.6057353019714355
HOUSTMW,2025-03-31,4.7669692039489746,4.8834490776062012,5.219428539276123,5.5214838981628418,5.6099109649658203
HOUSTMW,2025-04-30,4.7907261848449707,4.9056673049926758,5.234527587890625,5.5229816436767578,5.6074924468994141
HOUSTMW,2025-05-31,4.7995400428771973,4.9129257202148438,5.2452316284179688,5.5301175117492676,5.6141061782836914
HOUSTMW,2025-06-30,4.8041634559631348,4.9163188934326172,5.2418532371520996,5.5300493240356445,5.6162762641906738
HOUSTMW,2025-07-31,4.8089556694030762,4.9208316802978516,5.246117115020752,5.532020092010498,5.616114616394043
HOUSTNE,2023-08-31,4.3952846527099609,4.4816975593566895,4.7217292785644531,4.9633975028991699,5.0487980842590332
HOUSTNE,2023-09-30,4.3582711219787598,4.4495000839233398,4.7101702690124512,4.9782934188842773,5.0727777481079102
HOUSTNE,2023-10-31,4.3354578018188477,4.4321637153625488,4.7138934135437012,5.0025806427001953,5.1038780212402344
HOUSTNE,2023-11-30,4.3127126693725586,4.4157624244689941,4.7103300094604492,5.0159177780151367,5.1214737892150879
HOUSTNE,2023-12-31,4.3155860900878906,4.4204421043395996,4.7255148887634277,5.0354247093200684,5.142876148223877
HOUSTNE,2024-01-31,4.3035659790039062,4.4119510650634766,4.7275090217590332,5.047156810760498,5.1573071479797363
HOUSTNE,2024-02-29,4.2996211051940918,4.4113616943359375,4.739469051361084,5.062100887298584,5.1740860939025879
HOUSTNE,2024-03-31,4.2909440994262695,4.4006061553955078,4.7253828048706055,5.0603570938110352,5.1761288642883301
HOUSTNE,2024-04-30,4.2813220024108887,4.3977723121643066,4.7390804290771484,5.0652065277099609,5.1773061752319336
HOUSTNE,2024-05-31,4.2848572731018066,4.4006161689758301,4.7371349334716797,5.0679292678833008,5.1836142539978027
HOUSTNE,2024-06-30,4.2657699584960938,4.3868389129638672,4.7399716377258301,5.0721511840820312,5.185302734375
HOUSTNE,2024-07-31,4.2719230651855469,4.3882808685302734,4.7392368316650391,5.0714602470397949,5.1836738586425781
HOUSTNE,2024-08-31,4.274777889251709,4.3932647705078125,4.738804817199707,5.0705776214599609,5.1852293014526367
HOUSTNE,2024-09-30,4.2610073089599609,4.3811254501342773,4.7303528785705566,5.0699262619018555,5.182560920715332
HOUSTNE,2024-10-31,4.2633299827575684,4.3827986717224121,4.7351293563842773,5.079378604888916,5.1979217529296875
HOUSTNE,2024-11-30,4.2479400634765625,4.3755350112915039,4.7439913749694824,5.0889134407043457,5.2053823471069336
HOUSTNE,2024-12-31,4.236781120300293,4.3633484840393066,4.7517528533935547,5.1293554306030273,5.2600173950195312
HOUSTNE,2025-01-31,4.218663215637207,4.3494610786437988,4.7522602081298828,5.1352739334106445,5.2688112258911133
HOUSTNE,2025-02-28,4.2168006896972656,4.3482804298400879,4.7485547065734863,5.1315970420837402,5.2677621841430664
HOUSTNE,2025-03-31,4.2178220748901367,4.3500299453735352,4.7466416358947754,5.1352343559265137,5.2725925445556641
HOUSTNE,2025-04-30,4.2206926345825195,4.3548250198364258,4.748443603515625,5.1366291046142578,5.2773385047912598
HOUSTNE,2025-05-31,4.219353199005127,4.3557586669921875,4.7477693557739258,5.133387565612793,5.2714285850524902
HOUSTNE,2025-06-30,4.2127280235290527,4.3506455421447754,4.7531085014343262,5.1388387680053711,5.2788600921630859
HOUSTNE,2025-07-31,4.2238807678222656,4.3573126792907715,4.7544412612915039,5.1472654342651367,5.2898263931274414
HOUSTS,2023-08-31,6.5641870498657227,6.594508171081543,6.6844391822814941,6.7705597877502441,6.7976374626159668
HOUSTS,2023-09-30,6.5524277687072754,6.5858631134033203,6.6842546463012695,6.7805829048156738,6.8111257553100586
HOUSTS,2023-10-31,6.5362725257873535,6.5738811492919922,6.682945728302002,6.791895866394043,6.8256306648254395
HOUSTS,2023-11-30,6.5271401405334473,6.5669074058532715,6.6862330436706543,6.8018980026245117,6.8389835357666016
HOUSTS,2023-12-31,6.5190186500549316,6.5650811195373535,6.6960992813110352,6.8216652870178223,6.8615150451660156
HOUSTS,2024-01-31,6.5133757591247559,6.5590510368347168,6.6981844902038574,6.8318037986755371,6.8738007545471191
HOUSTS,2024-02-29,6.512214183807373,6.5586452484130859,6.7008171081542969,6.8359603881835938,6.8791203498840332
HOUSTS,2024-03-31,6.4963340759277344,6.544227123260498,6.6939520835876465,6.8390026092529297,6.8840775489807129
HOUSTS,2024-04-30,6.4800801277160645,6.5304269790649414,6.6882977485656738,6.8450312614440918,6.892542839050293
HOUSTS,2024-05-31,6.4621801376342773,6.5138154029846191,6.6794815063476562,6.8409895896911621,6.8899703025817871
HOUSTS,2024-06-30,6.4523258209228516,6.5065650939941406,6.6726980209350586,6.8358983993530273,6.8855428695678711
HOUSTS,2024-07-31,6.4403891563415527,6.4943094253540039,6.668602466583252,6.8367853164672852,6.8870754241943359
HOUSTS,2024-08-31,6.4321727752685547,6.4878034591674805,6.6698851585388184,6.8376922607421875,6.8882403373718262
HOUSTS,2024-09-30,6.4268155097961426,6.4841370582580566,6.6672239303588867,6.8406810760498047,6.8923916816711426
HOUSTS,2024-10-31,6.4181585311889648,6.4762225151062012,6.6663951873779297,6.8441076278686523,6.8975071907043457
HOUSTS,2024-11-30,6.4090681076049805,6.4694910049438477,6.6634016036987305,6.8481340408325195,6.9031848907470703
HOUSTS,2024-12-31,6.3915066719055176,6.4597105979919434,6.6686530113220215,6.8672213554382324,6.9272828102111816
HOUSTS,2025-01-31,6.397252082824707,6.4662432670593262,6.6730575561523438,6.8676609992980957,6.930513858795166
HOUSTS,2025-02-28,6.3933210372924805,6.4626445770263672,6.671048641204834,6.8688750267028809,6.9327077865600586
HOUSTS,2025-03-31,6.3886446952819824,6.4582028388977051,6.6673288345336914,6.8710379600524902,6.9357476234436035
HOUSTS,2025-04-30,6.3783836364746094,6.4506902694702148,6.6638998985290527,6.8736333847045898,6.9394941329956055
HOUSTS,2025-05-31,6.3750805854797363,6.4473767280578613,6.6642789840698242,6.8748469352722168,6.9404168128967285
HOUSTS,2025-06-30,6.372260570526123,6.4460301399230957,6.6636672019958496,6.8764042854309082,6.9432535171508789
HOUSTS,2025-07-31,6.3763399124145508,6.4498867988586426,6.6675233840942383,6.8818426132202148,6.9488520622253418
HOUSTW,2023-08-31,5.6714959144592285,5.719843864440918,5.8494396209716797,5.9588322639465332,5.994438648223877
HOUSTW,2023-09-30,5.6433343887329102,5.6988620758056641,5.8436794281005859,5.9644994735717773,6.0018835067749023
HOUSTW,2023-10-31,5.6215376853942871,5.6805453300476074,5.8380436897277832,5.9730567932128906,6.0125513076782227
HOUSTW,2023-11-30,5.6002860069274902,5.6623625755310059,5.8385710716247559,5.9855413436889648,6.0316696166992188
HOUSTW,2023-12-31,5.5818386077880859,5.6507339477539062,5.8403635025024414,6.0052614212036133,6.0555820465087891
HOUSTW,2024-01-31,5.5807218551635742,5.6523938179016113,5.8569521903991699,6.0198192596435547,6.0676660537719727
HOUSTW,2024-02-29,5.5635066032409668,5.6414074897766113,5.8592643737792969,6.0308947563171387,6.0811161994934082
HOUSTW,2024-03-31,5.5440983772277832,5.6265287399291992,5.852879524230957,6.0353937149047852,6.087733268737793
HOUSTW,2024-04-30,5.5388803482055664,5.6186881065368652,5.8447065353393555,6.0328903198242188,6.0863480567932129
HOUSTW,2024-05-31,5.5210986137390137,5.6063623428344727,5.841219425201416,6.0359945297241211,6.0949206352233887
HOUSTW,2024-06-30,5.5192217826843262,5.6047358512878418,5.8388338088989258,6.0400848388671875,6.0971121788024902
HOUSTW,2024-07-31,5.5135693550109863,5.5988593101501465,5.8378200531005859,6.0394277572631836,6.0961508750915527
HOUSTW,2024-08-31,5.5004043579101562,5.5882859230041504,5.8381571769714355,6.0430669784545898,6.1026744842529297
HOUSTW,2024-09-30,5.4965524673461914,5.5862936973571777,5.837979793548584,6.0461359024047852,6.1048526763916016
HOUSTW,2024-10-31,5.4855856895446777,5.5780491828918457,5.8375687599182129,6.0516700744628906,6.1127886772155762
HOUSTW,2024-11-30,5.4852848052978516,5.574091911315918,5.8317856788635254,6.0571413040161133,6.121424674987793
HOUSTW,2024-12-31,5.4339256286621094,5.5433468818664551,5.8379535675048828,6.083859920501709,6.1533260345458984
HOUSTW,2025-01-31,5.4366226196289062,5.5450024604797363,5.8376874923706055,6.0899806022644043,6.1608152389526367
HOUSTW,2025-02-28,5.4368915557861328,5.5458097457885742,5.839510440826416,6.0962185859680176,6.1694512367248535
HOUSTW,2025-03-31,5.4303445816040039,5.5446958541870117,5.8418822288513184,6.0904927253723145,6.1628589630126953
HOUSTW,2025-04-30,5.423192024230957,5.5409040451049805,5.8413186073303223,6.0983543395996094,6.1733484268188477
HOUSTW,2025-05-31,5.4407081604003906,5.5535578727722168,5.8500161170959473,6.0987119674682617,6.1706705093383789
HOUSTW,2025-06-30,5.4294724464416504,5.5459151268005371,5.8503727912902832,6.1016602516174316,6.1740865707397461
HOUSTW,2025-07-31,5.4170475006103516,5.5366907119750977,5.8471236228942871,6.1074309349060059,6.181340217590332
HWI,2023-08-31,-270.2828369140625,-150.67839050292969,159.08145141601562,517.8994140625,668.94744873046875
HWI,2023-09-30,-674.8785400390625,-525.32354736328125,-139.89718627929688,203.50425720214844,342.51205444335938
HWI,2023-10-31,-611.7786865234375,-460.49960327148438,-72.691062927246094,289.46914672851562,439.9249267578125
HWI,2023-11-30,-621.90264892578125,-462.37124633789062,-48.622264862060547,328.31512451171875,482.60275268554688
HWI,2023-12-31,-627.75079345703125,-462.15704345703125,-43.26446533203125,341.74472045898438,498.04513549804688
HWI,2024-01-31,-602.9322509765625,-431.33840942382812,-11.777454376220703,396.87701416015625,559.093994140625
HWI,2024-02-29,-655.8719482421875,-486.30377197265625,-51.705284118652344,347.8922119140625,507.602783203125
HWI,2024-03-31,-605.18389892578125,-435.55783081054688,-2.4457721710205078,413.68710327148438,576.97235107421875
HWI,2024-04-30,-655.55303955078125,-483.80685424804688,-49.015579223632812,364.28564453125,523.66241455078125
HWI,2024-05-31,-634.94793701171875,-458.50784301757812,-6.4840688705444336,420.76272583007812,583.4544677734375
HWI,2024-06-30,-642.7095947265625,-461.0028076171875,-12.952913284301758,411.11331176757812,572.85125732421875
HWI,2024-07-31,-651.20196533203125,-470.25762939453125,-18.769546508789062,405.20895385742188,566.86126708984375
HWI,2024-08-31,-626.57421875,-448.6644287109375,-11.337072372436523,409.17910766601562,570.428955078125
HWI,2024-09-30,-634.542724609375,-456.63104248046875,-12.851585388183594,412.44696044921875,580.64306640625
HWI,2024-10-31,-594.07659912109375,-425.58221435546875,2.2667112350463867,430.40884399414062,597.3580322265625
HWI,2024-11-30,-611.74029541015625,-440.16693115234375,-13.083271026611328,406.81585693359375,569.6102294921875
HWI,2024-12-31,-669.32513427734375,-474.42404174804688,-6.5939188003540039,422.79641723632812,601.98162841796875
HWI,2025-01-31,-660.59552001953125,-471.75772094726562,-12.984857559204102,424.52084350585938,612.35986328125
HWI,2025-02-28,-654.04949951171875,-466.90133666992188,-13.638923645019531,416.98861694335938,602.5557861328125
HWI,2025-03-31,-651.6092529296875,-465.31387329101562,-8.1649169921875,423.51467895507812,610.7733154296875
HWI,2025-04-30,-661.5992431640625,-467.12933349609375,-8.4973011016845703,422.36502075195312,605.6597900390625
HWI,2025-05-31,-649.08856201171875,-456.22549438476562,-8.7247390747070312,422.60870361328125,605.56207275390625
HWI,2025-06-30,-650.11431884765625,-456.76910400390625,-8.5290317535400391,419.6883544921875,604.53070068359375
HWI,2025-07-31,-657.4700927734375,-460.32952880859375,-9.2425022125244141,411.9283447265625,593.58392333984375
HWIURATIO,2023-08-31,-0.10605832189321518,-0.067631617188453674,0.013698202557861805,0.087978526949882507,0.1175285130739212
HWIURATIO,2023-09-30,-0.14024008810520172,-0.098021514713764191,-0.0054612690582871437,0.071473941206932068,0.10197708755731583
HWIURATIO,2023-10-31,-0.14431287348270416,-0.10208124667406082,-0.0066246520727872849,0.074415542185306549,0.10711996257305145
HWIURATIO,2023-11-30,-0.14596205949783325,-0.10405029356479645,-0.0055173197761178017,0.076800897717475891,0.11025682836771011
HWIURATIO,2023-12-31,-0.14640684425830841,-0.10243363678455353,-0.0031479138415306807,0.078782185912132263,0.11201588064432144
HWIURATIO,2024-01-31,-0.14487895369529724,-0.099669277667999268,0.0006002672016620636,0.08612322062253952,0.12044066190719604
HWIURATIO,2024-02-29,-0.15018296241760254,-0.10534600913524628,-0.0037370685022324324,0.081994190812110901,0.1173052042722702
HWIURATIO,2024-03-31,-0.14964556694030762,-0.10377874225378036,-1.2192642316222191e-05,0.086781904101371765,0.12187805026769638
HWIURATIO,2024-04-30,-0.15067188441753387,-0.10498646646738052,-0.0021626392845064402,0.085403569042682648,0.12006258219480515
HWIURATIO,2024-05-31,-0.15412865579128265,-0.10633144527673721,0.00096579012461006641,0.089046269655227661,0.12263068556785583
HWIURATIO,2024-06-30,-0.15210999548435211,-0.10436300188302994,-0.00010489556007087231,0.088063903152942657,0.12158333510160446
HWIURATIO,2024-07-31,-0.15146709978580475,-0.10408370196819305,5.9223617427051067e-05,0.087647497653961182,0.12122214585542679
HWIURATIO,2024-08-31,-0.14495734870433807,-0.099124506115913391,0.00087074155453592539,0.087249100208282471,0.12054557353258133
HWIURATIO,2024-09-30,-0.14267563819885254,-0.097638219594955444,0.002397594042122364,0.088575057685375214,0.12177685648202896
HWIURATIO,2024-10-31,-0.13879868388175964,-0.094666324555873871,0.0033554811961948872,0.088617123663425446,0.12179530411958694
HWIURATIO,2024-11-30,-0.140785813331604,-0.095866747200489044,0.0023978822864592075,0.087650768458843231,0.12099343538284302
HWIURATIO,2024-12-31,-0.14441387355327606,-0.098284058272838593,0.0019269435433670878,0.087106235325336456,0.12278430163860321
HWIURATIO,2025-01-31,-0.14462910592556,-0.098942480981349945,0.0013129098806530237,0.087241232395172119,0.12363240122795105
HWIURATIO,2025-02-28,-0.14323826134204865,-0.097546964883804321,0.0022282034624367952,0.087203167378902435,0.12348555773496628
HWIURATIO,2025-03-31,-0.14158321917057037,-0.096988067030906677,0.0023566361051052809,0.086759127676486969,0.12307203561067581
HWIURATIO,2025-04-30,-0.14211241900920868,-0.096100680530071259,0.0029759793542325497,0.087103962898254395,0.1231050044298172
HWIURATIO,2025-05-31,-0.14194515347480774,-0.095753751695156097,0.0031117892358452082,0.08713056892156601,0.12340933084487915
HWIURATIO,2025-06-30,-0.14219644665718079,-0.096062883734703064,0.0027683230582624674,0.086565740406513214,0.12331017851829529
HWIURATIO,2025-07-31,-0.14324092864990234,-0.096684060990810394,0.0024259102065116167,0.085935071110725403,0.12257344275712967
INDPRO,2023-08-31,-0.00817911047488451,-0.0058493493124842644,-7.3442468419671059e-05,0.0054941708222031593,0.0074002724140882492
INDPRO,2023-09-30,-0.0074605359695851803,-0.0050447355024516582,0.0012914829421788454,0.0072352364659309387,0.0092464089393615723
INDPRO,2023-10-31,-0.0078337490558624268,-0.0053452178835868835,0.0012762554688379169,0.0075225201435387135,0.0095939133316278458
INDPRO,2023-11-30,-0.0078089921735227108,-0.0052529484964907169,0.0016115175094455481,0.0080295661464333534,0.010182217694818974
INDPRO,2023-12-31,-0.0080645186826586723,-0.0053489604033529758,0.001754079363308847,0.0084492536261677742,0.010723931714892387
INDPRO,2024-01-31,-0.0080698961392045021,-0.0054666469804942608,0.001740651554428041,0.0084643801674246788,0.010679113678634167
INDPRO,2024-02-29,-0.0082565536722540855,-0.0055739902891218662,0.0016981635708361864,0.0084424326196312904,0.010621804744005203
INDPRO,2024-03-31,-0.0084820054471492767,-0.0057284655049443245,0.0017471644096076488,0.0087423129007220268,0.011059011332690716
INDPRO,2024-04-30,-0.008479434996843338,-0.0057587423361837864,0.0016148567665368319,0.0084404861554503441,0.010741556063294411
INDPRO,2024-05-31,-0.0086066918447613716,-0.005810523871332407,0.0016799371223896742,0.0087861400097608566,0.011247395537793636
INDPRO,2024-06-30,-0.0086189443245530128,-0.0057959784753620625,0.0018056232947856188,0.0088245132938027382,0.011142893694341183
INDPRO,2024-07-31,-0.008565850555896759,-0.0058423778973519802,0.0014887087745591998,0.0084571512416005135,0.010778116062283516
INDPRO,2024-08-31,-0.0087929582223296165,-0.0059700123965740204,0.0015417193062603474,0.0083958655595779419,0.010700427927076817
INDPRO,2024-09-30,-0.0085991648957133293,-0.0057865260168910027,0.0015739427180960774,0.0083804382011294365,0.010634058155119419
INDPRO,2024-10-31,-0.0085348235443234444,-0.0057870461605489254,0.001570045598782599,0.0085632307454943657,0.010990466922521591
INDPRO,2024-11-30,-0.008514750748872757,-0.0057793292216956615,0.0014993763761594892,0.0083451038226485252,0.010674417018890381
INDPRO,2024-12-31,-0.0093517126515507698,-0.0063245124183595181,0.0014698294689878821,0.0087373349815607071,0.011248043738305569
INDPRO,2025-01-31,-0.0093130907043814659,-0.0063213463872671127,0.0014586360193789005,0.0086827250197529793,0.011145979166030884
INDPRO,2025-02-28,-0.0092065613716840744,-0.0062027070671319962,0.0015814384678378701,0.0087009072303771973,0.011121802963316441
INDPRO,2025-03-31,-0.0093447295948863029,-0.0062626521103084087,0.0015371907502412796,0.0086957933381199837,0.011173084378242493
INDPRO,2025-04-30,-0.0092969080433249474,-0.0062625249847769737,0.0014679458690807223,0.0087100164964795113,0.011280843988060951
INDPRO,2025-05-31,-0.0091523509472608566,-0.0062009179964661598,0.0014969304902479053,0.0086245574057102203,0.011133011430501938
INDPRO,2025-06-30,-0.0091525791212916374,-0.0061431555077433586,0.001472452306188643,0.0085420943796634674,0.011032216250896454
INDPRO,2025-07-31,-0.0093459561467170715,-0.0062765968032181263,0.0014831223525106907,0.0087908627465367317,0.011384008452296257
INVEST,2023-08-31,-0.015793109312653542,-0.011463236063718796,-0.0010892774444073439,0.0086439363658428192,0.012538238428533077
INVEST,2023-09-30,-0.01569005474448204,-0.011108045466244221,2.9892908059991896e-07,0.010478178039193153,0.014464308507740498
INVEST,2023-10-31,-0.015920944511890411,-0.011307127773761749,0.00013892627612221986,0.011169539764523506,0.015306191518902779
INVEST,2023-11-30,-0.015973843634128571,-0.011230451054871082,0.00018429936608299613,0.010895882733166218,0.014938830398023129
INVEST,2023-12-31,-0.015677480027079582,-0.011097583919763565,7.4146053520962596e-05,0.010801953263580799,0.014919468201696873
INVEST,2024-01-31,-0.016052234917879105,-0.011413276195526123,9.8222109954804182e-05,0.01081840880215168,0.014850868843495846
INVEST,2024-02-29,-0.01600189134478569,-0.011321451514959335,8.1181962741538882e-05,0.010678579099476337,0.014654449187219143
INVEST,2024-03-31,-0.016010506078600883,-0.011322006583213806,0.00014242428005672991,0.010943558067083359,0.015049183741211891
INVEST,2024-04-30,-0.01624605804681778,-0.011495419777929783,0.00013142511306796223,0.011127178557217121,0.015244191512465477
INVEST,2024-05-31,-0.016268389299511909,-0.011588431894779205,8.7334046838805079e-05,0.011185076087713242,0.015319216065108776
INVEST,2024-06-30,-0.0158075001090765,-0.011151911690831184,0.0001594977657077834,0.010782555676996708,0.014695832505822182
INVEST,2024-07-31,-0.015337334014475346,-0.010877510532736778,0.00011170396464876831,0.010428677313029766,0.014271492138504982
INVEST,2024-08-31,-0.015658628195524216,-0.011020260863006115,0.0001773631083779037,0.010260515846312046,0.014026619493961334
INVEST,2024-09-30,-0.01548877265304327,-0.010842115618288517,0.00019488378893584013,0.01025724783539772,0.013942314311861992
INVEST,2024-10-31,-0.015874207019805908,-0.011138369329273701,0.00018297854694537818,0.010492523200809956,0.01441184151917696
INVEST,2024-11-30,-0.016010850667953491,-0.011284836567938328,0.00021178516908548772,0.010827198624610901,0.014865804463624954
INVEST,2024-12-31,-0.017465796321630478,-0.012165441177785397,-2.7985341148450971e-05,0.011592963710427284,0.01645597442984581
INVEST,2025-01-31,-0.017583234235644341,-0.012261948548257351,3.5597859096014872e-05,0.011796965263783932,0.016698598861694336
INVEST,2025-02-28,-0.017546039074659348,-0.012245326302945614,2.0889532606815919e-05,0.011738425120711327,0.016704531386494637
INVEST,2025-03-31,-0.017388071864843369,-0.012061391957104206,3.7273235648171976e-05,0.011513860896229744,0.016375832259654999
INVEST,2025-04-30,-0.017316948622465134,-0.012080136686563492,3.6369357985677198e-05,0.011721559800207615,0.016715236008167267
INVEST,2025-05-31,-0.017321482300758362,-0.012142914347350597,0.00010116014163941145,0.011531616561114788,0.016358666121959686
INVEST,2025-06-30,-0.017004912719130516,-0.011889467015862465,7.8826153185218573e-05,0.011251713149249554,0.015996424481272697
INVEST,2025-07-31,-0.01680372841656208,-0.011769028380513191,9.2084228526800871e-05,0.011270706541836262,0.016095578670501709
IPB51222S,2023-08-31,-0.071116223931312561,-0.052106443792581558,-0.00084850727580487728,0.046751584857702255,0.06329759955406189
IPB51222S,2023-09-30,-0.075625665485858917,-0.05536874383687973,-0.00010479229968041182,0.053292747586965561,0.071432210505008698
IPB51222S,2023-10-31,-0.081278204917907715,-0.059078730642795563,0.001805582782253623,0.059658695012331009,0.078899376094341278
IPB51222S,2023-11-30,-0.081768319010734558,-0.060460671782493591,0.0020150777418166399,0.065070472657680511,0.08628576248884201
IPB51222S,2023-12-31,-0.09041363000869751,-0.06700560450553894,0.0017685279017314315,0.067395836114883423,0.0887303426861763
IPB51222S,2024-01-31,-0.091456249356269836,-0.067692279815673828,0.0022399453446269035,0.070691585540771484,0.092582322657108307
IPB51222S,2024-02-29,-0.089486867189407349,-0.065576031804084778,0.0018084599869325757,0.067589014768600464,0.089283041656017303
IPB51222S,2024-03-31,-0.088518001139163971,-0.064745515584945679,0.0015286835841834545,0.067021481692790985,0.088578470051288605
IPB51222S,2024-04-30,-0.089509934186935425,-0.065832071006298065,0.0014634161489084363,0.064595170319080353,0.085261702537536621
IPB51222S,2024-05-31,-0.082508377730846405,-0.060464389622211456,0.0015940116718411446,0.061030242592096329,0.080675460398197174
IPB51222S,2024-06-30,-0.079091854393482208,-0.057483348995447159,0.001287114922888577,0.056867968291044235,0.0750264972448349
IPB51222S,2024-07-31,-0.075636573135852814,-0.055374089628458023,0.0011227766517549753,0.054638955742120743,0.072469979524612427
IPB51222S,2024-08-31,-0.076363749802112579,-0.055731765925884247,0.0010012607090175152,0.054567486047744751,0.072179578244686127
IPB51222S,2024-09-30,-0.077191941440105438,-0.0561637282371521,0.0015282731037586927,0.056419752538204193,0.07406548410654068
IPB51222S,2024-10-31,-0.079253643751144409,-0.057849593460559845,0.0012481652665883303,0.057703897356987,0.076188839972019196
IPB51222S,2024-11-30,-0.081709958612918854,-0.059601183980703354,0.0015058070421218872,0.060552321374416351,0.080114848911762238
IPB51222S,2024-12-31,-0.090653769671916962,-0.066086910665035248,0.0009503968758508563,0.068307578563690186,0.091759204864501953
IPB51222S,2025-01-31,-0.095147989690303802,-0.069411054253578186,0.001622089184820652,0.069962263107299805,0.094213023781776428
IPB51222S,2025-02-28,-0.092853471636772156,-0.067704416811466217,0.0013174782507121563,0.069796733558177948,0.093757405877113342
IPB51222S,2025-03-31,-0.089282408356666565,-0.065095305442810059,0.0018531713867560029,0.069387622177600861,0.093524694442749023
IPB51222S,2025-04-30,-0.088500194251537323,-0.063580095767974854,0.0014349962584674358,0.065479502081871033,0.088117226958274841
IPB51222S,2025-05-31,-0.082816608250141144,-0.059450842440128326,0.0016250145854428411,0.060805086046457291,0.081749886274337769
IPB51222S,2025-06-30,-0.077908143401145935,-0.055921074002981186,0.0016306739998981357,0.055545337498188019,0.074906721711158752
IPB51222S,2025-07-31,-0.07378135621547699,-0.053224574774503708,0.0015424952143803239,0.053670290857553482,0.073027752339839935
IPBUSEQ,2023-08-31,-0.015330808237195015,-0.011062039062380791,-0.00020229071378707886,0.010093889199197292,0.013632526621222496
IPBUSEQ,2023-09-30,-0.012465863488614559,-0.007980850525200367,0.0039290417917072773,0.015064758248627186,0.018831929191946983
IPBUSEQ,2023-10-31,-0.014481481164693832,-0.010002125054597855,0.0020211061928421259,0.013555099256336689,0.017434094101190567
IPBUSEQ,2023-11-30,-0.01441054604947567,-0.0097782304510474205,0.0026405674871057272,0.014356158673763275,0.018370816484093666
IPBUSEQ,2023-12-31,-0.014348503202199936,-0.0094559285789728165,0.0034590894356369972,0.015826091170310974,0.020162450149655342
IPBUSEQ,2024-01-31,-0.015824761241674423,-0.010993015021085739,0.0021892089862376451,0.014579333364963531,0.018755920231342316
IPBUSEQ,2024-02-29,-0.014534862712025642,-0.0097235972061753273,0.0033042277209460735,0.015476967208087444,0.019500048831105232
IPBUSEQ,2024-03-31,-0.014562210068106651,-0.0096108661964535713,0.003736135084182024,0.016167040914297104,0.02030470035970211
IPBUSEQ,2024-04-30,-0.015297194942831993,-0.010457925498485565,0.0025203502736985683,0.014781191945075989,0.019017662853002548
IPBUSEQ,2024-05-31,-0.015258697792887688,-0.010249163955450058,0.0028363480232656002,0.01556145865470171,0.020104458555579185
IPBUSEQ,2024-06-30,-0.014467868953943253,-0.0095744691789150238,0.0036321666557341814,0.015943771228194237,0.020151715725660324
IPBUSEQ,2024-07-31,-0.014930561184883118,-0.010118390433490276,0.0028317093383520842,0.01521308533847332,0.019353406503796577
IPBUSEQ,2024-08-31,-0.015659352764487267,-0.010607660748064518,0.0029375737067312002,0.01530859712511301,0.019440101459622383
IPBUSEQ,2024-09-30,-0.015356270596385002,-0.010321668349206448,0.0030324580147862434,0.015438067726790905,0.019496174529194832
IPBUSEQ,2024-10-31,-0.015139833092689514,-0.010224787518382072,0.0030927709303796291,0.015796251595020294,0.020152619108557701
IPBUSEQ,2024-11-30,-0.015121815726161003,-0.010292480699717999,0.002814816776663065,0.015363093465566635,0.019580129534006119
IPBUSEQ,2024-12-31,-0.015717083588242531,-0.010794622823596001,0.002836928004398942,0.015920616686344147,0.020372791215777397
IPBUSEQ,2025-01-31,-0.015290381386876106,-0.010497475974261761,0.0028622124809771776,0.015795644372701645,0.020164242014288902
IPBUSEQ,2025-02-28,-0.015115734189748764,-0.010311231948435307,0.0030554467812180519,0.015796970576047897,0.020089918747544289
IPBUSEQ,2025-03-31,-0.015552368015050888,-0.01060646865516901,0.0029302593320608139,0.015906451269984245,0.020347271114587784
IPBUSEQ,2025-04-30,-0.015885397791862488,-0.010891614481806755,0.0027823331765830517,0.01609966903924942,0.020790485665202141
IPBUSEQ,2025-05-31,-0.015536697581410408,-0.01066560298204422,0.002929766196757555,0.015951208770275116,0.020451929420232773
IPBUSEQ,2025-06-30,-0.015479370951652527,-0.010486259125173092,0.0029246015474200249,0.015727635473012924,0.020163295790553093
IPBUSEQ,2025-07-31,-0.015816871076822281,-0.010755292139947414,0.0028218978550285101,0.01607070304453373,0.020709319040179253
IPCONGD,2023-08-31,-0.012894367799162865,-0.010080680251121521,-0.002147309947758913,0.0058752913028001785,0.0086814071983098984
IPCONGD,2023-09-30,-0.010405955836176872,-0.0073375762440264225,0.0015323900151997805,0.010127397254109383,0.01306471973657608
IPCONGD,2023-10-31,-0.012885430827736855,-0.0098407454788684845,-0.00091245688963681459,0.0080617936328053474,0.011078033596277237
IPCONGD,2023-11-30,-0.012458834797143936,-0.0093076806515455246,0.00010995980119332671,0.0093284603208303452,0.012403847649693489
IPCONGD,2023-12-31,-0.01306588388979435,-0.0099756550043821335,-0.00069306220393627882,0.0088862050324678421,0.012161200866103172
IPCONGD,2024-01-31,-0.01270013116300106,-0.0095374509692192078,0.00035688103525899351,0.0098230615258216858,0.012941701337695122
IPCONGD,2024-02-29,-0.013151403516530991,-0.0099445581436157227,-0.00018584099598228931,0.0092374179512262344,0.012335840612649918
IPCONGD,2024-03-31,-0.012622272595763206,-0.0094850286841392517,0.00022629398154094815,0.009673677384853363,0.01287536695599556
IPCONGD,2024-04-30,-0.012864615768194199,-0.0097410231828689575,-0.00012403295841068029,0.0092124044895172119,0.012373661622405052
IPCONGD,2024-05-31,-0.012778479605913162,-0.0096729565411806107,-8.9852488599717617e-05,0.0094764623790979385,0.012728042900562286
IPCONGD,2024-06-30,-0.012746034190058708,-0.0096235387027263641,-6.8055116571485996e-05,0.009380050003528595,0.012527486309409142
IPCONGD,2024-07-31,-0.012575017288327217,-0.0095231961458921432,-0.00012861308641731739,0.0090823452919721603,0.012131519615650177
IPCONGD,2024-08-31,-0.012592438608407974,-0.0094493106007575989,2.6351423002779484e-05,0.0091977342963218689,0.012242423370480537
IPCONGD,2024-09-30,-0.012699360027909279,-0.0095186606049537659,-0.00013793987454846501,0.0088822785764932632,0.011779781430959702
IPCONGD,2024-10-31,-0.012195287272334099,-0.009112287312746048,0.00016778480494394898,0.0092721376568078995,0.012364799156785011
IPCONGD,2024-11-30,-0.012357890605926514,-0.0092435926198959351,0.00010442710481584072,0.0091095920652151108,0.012123674154281616
IPCONGD,2024-12-31,-0.013595951721072197,-0.010041778907179832,-9.9998840596526861e-05,0.0094297565519809723,0.012819856405258179
IPCONGD,2025-01-31,-0.013752231374382973,-0.010156163945794106,-0.00017426232807338238,0.0093175135552883148,0.012698965147137642
IPCONGD,2025-02-28,-0.013569870963692665,-0.0099957641214132309,-7.3444796726107597e-05,0.0092275198549032211,0.012542618438601494
IPCONGD,2025-03-31,-0.013657338917255402,-0.010031353682279587,-0.00011900957906618714,0.009215010330080986,0.012582473456859589
IPCONGD,2025-04-30,-0.013370649889111519,-0.0098130460828542709,-9.849050547927618e-05,0.0093307923525571823,0.012877482920885086
IPCONGD,2025-05-31,-0.013548271730542183,-0.0099736880511045456,-7.7673525083810091e-05,0.0091619957238435745,0.012538261711597443
IPCONGD,2025-06-30,-0.013287540525197983,-0.0097037516534328461,-5.4680334869772196e-05,0.0090180821716785431,0.012350616976618767
IPCONGD,2025-07-31,-0.013207925483584404,-0.0096339266747236252,1.1346011888235807e-05,0.0091904513537883759,0.012603884562849998
IPDCONGD,2023-08-31,-0.034920137375593185,-0.025711758062243462,-0.0032043270766735077,0.018176238983869553,0.026340784505009651
IPDCONGD,2023-09-30,-0.028496615588665009,-0.01898818276822567,0.0046676737256348133,0.026211179792881012,0.034404952079057693
IPDCONGD,2023-10-31,-0.033471971750259399,-0.024021221324801445,-0.00027106492780148983,0.02214241586625576,0.030506249517202377
IPDCONGD,2023-11-30,-0.032466113567352295,-0.022828567773103714,0.0013477809261530638,0.023869728669524193,0.032439645379781723
IPDCONGD,2023-12-31,-0.03263821080327034,-0.022483358159661293,0.0022307024337351322,0.02516842819750309,0.034049045294523239
IPDCONGD,2024-01-31,-0.033198751509189606,-0.023433025926351547,0.0015708197606727481,0.024557771161198616,0.033312130719423294
IPDCONGD,2024-02-29,-0.033144641667604446,-0.023214524611830711,0.0017978615360334516,0.024677734822034836,0.033344980329275131
IPDCONGD,2024-03-31,-0.033207099884748459,-0.023073581978678703,0.0026292763650417328,0.025991389527916908,0.034918546676635742
IPDCONGD,2024-04-30,-0.033648822456598282,-0.023747323080897331,0.0012082631001248956,0.023873809725046158,0.032728910446166992
IPDCONGD,2024-05-31,-0.033533543348312378,-0.023270683363080025,0.0018517018761485815,0.025236312299966812,0.034574318677186966
IPDCONGD,2024-06-30,-0.032934591174125671,-0.022994959726929665,0.002067080233246088,0.02481166273355484,0.033710062503814697
IPDCONGD,2024-07-31,-0.032959777861833572,-0.023215135559439659,0.0014416497433558106,0.023936955258250237,0.032523065805435181
IPDCONGD,2024-08-31,-0.033295519649982452,-0.023449389263987541,0.0014922353439033031,0.023816009983420372,0.032427530735731125
IPDCONGD,2024-09-30,-0.033116050064563751,-0.023118142038583755,0.0015176138840615749,0.023552769795060158,0.031816247850656509
IPDCONGD,2024-10-31,-0.032093748450279236,-0.022591965273022652,0.001571955974213779,0.024384729564189911,0.033428564667701721
IPDCONGD,2024-11-30,-0.032201766967773438,-0.022628018632531166,0.0014789353590458632,0.023877864703536034,0.032513592392206192
IPDCONGD,2024-12-31,-0.035006102174520493,-0.024308318272233009,0.001272446708753705,0.024620847776532173,0.033872541040182114
IPDCONGD,2025-01-31,-0.03422887995839119,-0.023634808138012886,0.001584672718308866,0.024194953963160515,0.033170595765113831
IPDCONGD,2025-02-28,-0.033447150141000748,-0.02297862246632576,0.0019354518735781312,0.024347934871912003,0.033203937113285065
IPDCONGD,2025-03-31,-0.033485490828752518,-0.022881932556629181,0.001855459064245224,0.024633647873997688,0.033854071050882339
IPDCONGD,2025-04-30,-0.033187098801136017,-0.022764222696423531,0.0017610113136470318,0.024744560942053795,0.034218441694974899
IPDCONGD,2025-05-31,-0.031913887709379196,-0.021966366097331047,0.0020452416501939297,0.024520402774214745,0.033907391130924225
IPDCONGD,2025-06-30,-0.031900942325592041,-0.021803470328450203,0.002118358388543129,0.02453223429620266,0.033949214965105057
IPDCONGD,2025-07-31,-0.032554108649492264,-0.022311031818389893,0.0020471327006816864,0.025274781510233879,0.035035718232393265
IPDMAT,2023-08-31,-0.013034634292125702,-0.0090215746313333511,0.0010715099051594734,0.010842375457286835,0.014156244695186615
IPDMAT,2023-09-30,-0.012500464916229248,-0.0083458684384822845,0.002588688163086772,0.012459956109523773,0.015649557113647461
IPDMAT,2023-10-31,-0.01409674808382988,-0.0098188649863004684,0.0014508542371913791,0.011818891391158104,0.015149615705013275
IPDMAT,2023-11-30,-0.013629518449306488,-0.0092014633119106293,0.0025094039738178253,0.012871012091636658,0.016235601156949997
IPDMAT,2023-12-31,-0.013625681400299072,-0.0090283807367086411,0.0030957949347794056,0.013951187953352928,0.01753019355237484
IPDMAT,2024-01-31,-0.014056913554668427,-0.0095183402299880981,0.0028626043349504471,0.013743367046117783,0.017204347997903824
IPDMAT,2024-02-29,-0.013971436768770218,-0.0093288104981184006,0.0031205569393932819,0.013890158385038376,0.017287878319621086
IPDMAT,2024-03-31,-0.014500046148896217,-0.0097701083868741989,0.0029392319265753031,0.014194626361131668,0.017831122502684593
IPDMAT,2024-04-30,-0.014744248241186142,-0.0099612623453140259,0.0027442893479019403,0.013947397470474243,0.017591958865523338
IPDMAT,2024-05-31,-0.014961207285523415,-0.010207725688815117,0.0025869447272270918,0.014159070327877998,0.018061211332678795
IPDMAT,2024-06-30,-0.014885120093822479,-0.0099912844598293304,0.0029100053943693638,0.014285745099186897,0.017968611791729927
IPDMAT,2024-07-31,-0.014826372265815735,-0.010079419240355492,0.0025320216082036495,0.013824090361595154,0.017494868487119675
IPDMAT,2024-08-31,-0.01534554734826088,-0.010405914857983589,0.0025786114856600761,0.013850603252649307,0.01757342554628849
IPDMAT,2024-09-30,-0.015296796336770058,-0.010318053886294365,0.0025498266331851482,0.013892816379666328,0.017503896728157997
IPDMAT,2024-10-31,-0.015543278306722641,-0.01044544018805027,0.00267010647803545,0.014268975704908371,0.018146747723221779
IPDMAT,2024-11-30,-0.015364455059170723,-0.010443234816193581,0.0025818711146712303,0.014265449717640877,0.018141705542802811
IPDMAT,2024-12-31,-0.016818808391690254,-0.0115218386054039,0.0022388247307389975,0.014726657420396805,0.018891211599111557
IPDMAT,2025-01-31,-0.016843445599079132,-0.011499613523483276,0.0024539961013942957,0.014940956607460976,0.019041672348976135
IPDMAT,2025-02-28,-0.016639795154333115,-0.011272476986050606,0.0026467416901141405,0.014987347647547722,0.01906946673989296
IPDMAT,2025-03-31,-0.016986437141895294,-0.011449621990323067,0.0025619675870984793,0.014889843761920929,0.019029075279831886
IPDMAT,2025-04-30,-0.016527185216546059,-0.011205209419131279,0.0025763446465134621,0.015129348263144493,0.019466809928417206
IPDMAT,2025-05-31,-0.016478158533573151,-0.011207934468984604,0.0026482499670237303,0.014913802966475487,0.019062275066971779
IPDMAT,2025-06-30,-0.016412295401096344,-0.011098559945821762,0.0025757765397429466,0.014733387157320976,0.0188605897128582
IPDMAT,2025-07-31,-0.016437212005257607,-0.011098200455307961,0.0026177836116403341,0.014971999451518059,0.019231982529163361
IPFINAL,2023-08-31,-0.011972952634096146,-0.0093772197142243385,-0.0022329762578010559,0.0050038653425872326,0.0074768597260117531
IPFINAL,2023-09-30,-0.0091027859598398209,-0.0062751318328082561,0.0017100884579122066,0.0094115156680345535,0.012030527926981449
IPFINAL,2023-10-31,-0.011095257475972176,-0.0082819778472185135,-0.00033111940138041973,0.0076952511444687843,0.010403961874544621
IPFINAL,2023-11-30,-0.010976861231029034,-0.0080093350261449814,0.00042270589619874954,0.0086824931204319,0.011457360349595547
IPFINAL,2023-12-31,-0.010802460834383965,-0.0079014850780367851,0.00062726670876145363,0.0091424928978085518,0.012106209062039852
IPFINAL,2024-01-31,-0.01106733363121748,-0.0081231314688920975,0.00070559908635914326,0.0092658055946230888,0.012089105322957039
IPFINAL,2024-02-29,-0.01108168438076973,-0.0081024607643485069,0.00063452165341004729,0.0091532329097390175,0.011961346492171288
IPFINAL,2024-03-31,-0.010950733907520771,-0.0079800430685281754,0.00082514167297631502,0.0094862664118409157,0.012423846870660782
IPFINAL,2024-04-30,-0.01118477713316679,-0.0082216411828994751,0.00046306365402415395,0.008948073722422123,0.01186143234372139
IPFINAL,2024-05-31,-0.011106408201158047,-0.0081492969766259193,0.00053853972349315882,0.0093085886910557747,0.012357094325125217
IPFINAL,2024-06-30,-0.011004327796399593,-0.0080226492136716843,0.00067308882717043161,0.0092887775972485542,0.012214615009725094
IPFINAL,2024-07-31,-0.010902433656156063,-0.0080062076449394226,0.0004866786184720695,0.0089431256055831909,0.011824566870927811
IPFINAL,2024-08-31,-0.010977405123412609,-0.0079588685184717178,0.0007087168050929904,0.0091159660369157791,0.011987457051873207
IPFINAL,2024-09-30,-0.010972816497087479,-0.0079713650047779083,0.00051318906480446458,0.008774980902671814,0.011521061882376671
IPFINAL,2024-10-31,-0.010432243347167969,-0.0075597064569592476,0.00081503437831997871,0.0092312796041369438,0.012199578806757927
IPFINAL,2024-11-30,-0.01076964195817709,-0.00784286018460989,0.00059228343889117241,0.0089555336162447929,0.01185577642172575
IPFINAL,2024-12-31,-0.011895874515175819,-0.0087024234235286713,0.0003177833859808743,0.009176705963909626,0.012360429391264915
IPFINAL,2025-01-31,-0.0119355209171772,-0.0087585980072617531,0.000233430415391922,0.0089811729267239571,0.01211894303560257
IPFINAL,2025-02-28,-0.011887354776263237,-0.0086926519870758057,0.00030626758234575391,0.0089242793619632721,0.011996049433946609
IPFINAL,2025-03-31,-0.012276816181838512,-0.0089045083150267601,0.00027427927125245333,0.0090799033641815186,0.012231739237904549
IPFINAL,2025-04-30,-0.012026500888168812,-0.0087682697921991348,0.00027426204178482294,0.0091769518330693245,0.012478368356823921
IPFINAL,2025-05-31,-0.012197921983897686,-0.0089397700503468513,0.00027776125352829695,0.0090953828766942024,0.012323752045631409
IPFINAL,2025-06-30,-0.011990020982921124,-0.0087020331993699074,0.00026021205121651292,0.0089494744315743446,0.012168513610959053
IPFINAL,2025-07-31,-0.012021616101264954,-0.0087188547477126122,0.00028339662821963429,0.0091834850609302521,0.012522021308541298
IPFPNSS,2023-08-31,-0.0096019254997372627,-0.0074860001914203167,-0.0017297911690548062,0.0040499363094568253,0.0059715467505156994
IPFPNSS,2023-09-30,-0.0079928645864129066,-0.0057397503405809402,0.00066789542324841022,0.006848516408354044,0.0088944872841238976
IPFPNSS,2023-10-31,-0.0093746976926922798,-0.0070808553136885166,-0.00057260191533714533,0.0059600742533802986,0.0081110326573252678
IPFPNSS,2023-11-30,-0.0091889826580882072,-0.0067617711611092091,0.00019358319696038961,0.006957697682082653,0.0091703534126281738
IPFPNSS,2023-12-31,-0.0091454992070794106,-0.0067396149970591068,0.00038451066939160228,0.0073504345491528511,0.0096628889441490173
IPFPNSS,2024-01-31,-0.0092989960685372353,-0.0068895877338945866,0.00043444149196147919,0.0074911005795001984,0.0097633665427565575
IPFPNSS,2024-02-29,-0.0094328559935092926,-0.0069774002768099308,0.00031015084823593497,0.0074230763129889965,0.0097020519897341728
IPFPNSS,2024-03-31,-0.0094104362651705742,-0.0069275642745196819,0.00048885057913139462,0.0077828271314501762,0.010188671760261059
IPFPNSS,2024-04-30,-0.0096248053014278412,-0.0071419705636799335,0.00018385209841653705,0.007316881325095892,0.0097108306363224983
IPFPNSS,2024-05-31,-0.0095976041629910469,-0.0071115507744252682,0.00023069675080478191,0.0076370961032807827,0.01017770916223526
IPFPNSS,2024-06-30,-0.0095701394602656364,-0.0070508592762053013,0.00036764872493222356,0.0076650348491966724,0.010086748749017715
IPFPNSS,2024-07-31,-0.0094947116449475288,-0.0070492024533450603,0.00017428910359740257,0.0073377205990254879,0.0097245499491691589
IPFPNSS,2024-08-31,-0.0096069183200597763,-0.0070490879006683826,0.00032752926927059889,0.0074510779231786728,0.009821571409702301
IPFPNSS,2024-09-30,-0.0094972746446728706,-0.0069549507461488247,0.0002692274865694344,0.0072333654388785362,0.0094999512657523155
IPFPNSS,2024-10-31,-0.0092766657471656799,-0.0068065798841416836,0.00039014924550428987,0.0075894300825893879,0.010072553530335426
IPFPNSS,2024-11-30,-0.0095219332724809647,-0.0070130717940628529,0.00022609869483858347,0.0073391175828874111,0.0097440481185913086
IPFPNSS,2024-12-31,-0.010531773790717125,-0.0077803502790629864,-5.4342672228813171e-07,0.0076420488767325878,0.010336869396269321
IPFPNSS,2025-01-31,-0.010547501966357231,-0.0078158071264624596,-4.9350550398230553e-05,0.0074535091407597065,0.010077919811010361
IPFPNSS,2025-02-28,-0.010535608045756817,-0.0077823507599532604,-1.7839483916759491e-05,0.007381767500191927,0.0099511435255408287
IPFPNSS,2025-03-31,-0.010848814621567726,-0.0079468945041298866,-1.3980315998196602e-05,0.0075602983124554157,0.010193468071520329
IPFPNSS,2025-04-30,-0.01062400545924902,-0.0078096832148730755,-1.1308235116302967e-05,0.0075805145315825939,0.010298501700162888
IPFPNSS,2025-05-31,-0.010723625309765339,-0.0079331938177347183,-2.0860461518168449e-05,0.0075247576460242271,0.01023428700864315
IPFPNSS,2025-06-30,-0.010598966851830482,-0.0077749262563884258,-6.5059983171522617e-05,0.0074276947416365147,0.010141347534954548
IPFPNSS,2025-07-31,-0.010655120946466923,-0.0078016393817961216,-3.0814786441624165e-05,0.0076087680645287037,0.01039434876292944
IPFUELS,2023-08-31,-0.024544501677155495,-0.01752287894487381,-0.0006856336840428412,0.015525874681770802,0.021967362612485886
IPFUELS,2023-09-30,-0.026911912485957146,-0.019476231187582016,-0.00071417604340240359,0.01796003058552742,0.025211459025740623
IPFUELS,2023-10-31,-0.026999933645129204,-0.019331816583871841,0.00050249678315594792,0.019940115511417389,0.02712281234562397
IPFUELS,2023-11-30,-0.027526555582880974,-0.019623661413788795,0.00092633208259940147,0.020768286660313606,0.028226831927895546
IPFUELS,2023-12-31,-0.028512472286820412,-0.020540423691272736,-0.00013422395568341017,0.020858531817793846,0.028952345252037048
IPFUELS,2024-01-31,-0.030469926074147224,-0.022030530497431755,0.00021207088138908148,0.021638199687004089,0.029524808749556541
IPFUELS,2024-02-29,-0.029990585520863533,-0.021428020671010017,0.00084559211973100901,0.022303890436887741,0.030037416145205498
IPFUELS,2024-03-31,-0.029021840542554855,-0.020756762474775314,0.00071442325133830309,0.021775556728243828,0.029587313532829285
IPFUELS,2024-04-30,-0.028442079201340675,-0.020478950813412666,0.0005032725166529417,0.020646460354328156,0.028230203315615654
IPFUELS,2024-05-31,-0.028709789738059044,-0.020375527441501617,0.00064185902010649443,0.020932238548994064,0.028641121461987495
IPFUELS,2024-06-30,-0.027978602796792984,-0.020087596029043198,0.0005508032045327127,0.020130608230829239,0.027453292161226273
IPFUELS,2024-07-31,-0.02800922654569149,-0.020158717408776283,0.00041241754661314189,0.019813181832432747,0.026859009638428688
IPFUELS,2024-08-31,-0.029725231230258942,-0.021263837814331055,0.00056866009254008532,0.020462241023778915,0.027639131993055344
IPFUELS,2024-09-30,-0.030522625893354416,-0.021820325404405594,0.00053396954899653792,0.021505234763026237,0.029011767357587814
IPFUELS,2024-10-31,-0.030846709385514259,-0.022056194022297859,0.0005509211914613843,0.021484987810254097,0.029049539938569069
IPFUELS,2024-11-30,-0.030898274853825569,-0.022126710042357445,0.00035142793785780668,0.021196415647864342,0.028704896569252014
IPFUELS,2024-12-31,-0.030292557552456856,-0.021352559328079224,0.0005490449839271605,0.021657334640622139,0.029691671952605247
IPFUELS,2025-01-31,-0.030364042147994041,-0.021370917558670044,0.00066938274540007114,0.02171691320836544,0.02972646988928318
IPFUELS,2025-02-28,-0.029647326096892357,-0.020781375467777252,0.00078100105747580528,0.02129279263317585,0.029228843748569489
IPFUELS,2025-03-31,-0.029703959822654724,-0.020711351186037064,0.00063576461980119348,0.020844466984272003,0.028741773217916489
IPFUELS,2025-04-30,-0.028771540150046349,-0.020174365490674973,0.00056427984964102507,0.020948702469468117,0.029160777106881142
IPFUELS,2025-05-31,-0.028944719582796097,-0.020469821989536285,0.00064470467623323202,0.020699430257081985,0.028533311560750008
IPFUELS,2025-06-30,-0.028173573315143585,-0.019751405343413353,0.0007364133489318192,0.020376110449433327,0.028082668781280518
IPFUELS,2025-07-31,-0.028040086850523949,-0.01961885392665863,0.00080259877722710371,0.020573781803250313,0.028534857556223869
IPMANSICS,2023-08-31,-0.010279824025928974,-0.0078859785571694374,-0.0016543938545510173,0.0044677797704935074,0.0065843150950968266
IPMANSICS,2023-09-30,-0.0088698156177997589,-0.0063474252820014954,0.00051970523782074451,0.0070771188475191593,0.0093492530286312103
IPMANSICS,2023-10-31,-0.010062309913337231,-0.0074959369376301765,-0.0005442954134196043,0.0063922549597918987,0.0087585886940360069
IPMANSICS,2023-11-30,-0.0095750698819756508,-0.0069367242977023125,0.00037349294871091843,0.0074178948998451233,0.0098272832110524178
IPMANSICS,2023-12-31,-0.0096324486657977104,-0.0069182300940155983,0.0006708602886646986,0.0079494044184684753,0.010458153672516346
IPMANSICS,2024-01-31,-0.010256033390760422,-0.007539752870798111,0.00018957885913550854,0.0075862160883843899,0.01011254545301199
IPMANSICS,2024-02-29,-0.010105898603796959,-0.0073616970330476761,0.00035535817733034492,0.0078319227322936058,0.01035719271749258
IPMANSICS,2024-03-31,-0.010075630620121956,-0.0072317766025662422,0.00074701546691358089,0.0083774309605360031,0.010980618186295033
IPMANSICS,2024-04-30,-0.01042565330862999,-0.0076032634824514389,0.00017157942056655884,0.0076322932727634907,0.010251113213598728
IPMANSICS,2024-05-31,-0.010295185260474682,-0.007439659908413887,0.00041133561171591282,0.0081013422459363937,0.010813750326633453
IPMANSICS,2024-06-30,-0.010117223486304283,-0.0072670942172408104,0.00064373755594715476,0.0082101784646511078,0.010844231583178043
IPMANSICS,2024-07-31,-0.010205087251961231,-0.007404448464512825,0.00035617739195004106,0.007826399989426136,0.010399849154055119
IPMANSICS,2024-08-31,-0.010488333180546761,-0.0075526218861341476,0.00042710540583357215,0.0079273274168372154,0.010517789982259274
IPMANSICS,2024-09-30,-0.010428148321807384,-0.007506292313337326,0.00038068107096478343,0.0077462750487029552,0.01021189708262682
IPMANSICS,2024-10-31,-0.010291005484759808,-0.0074086440727114677,0.00044682284351438284,0.0081366049125790596,0.010897266678512096
IPMANSICS,2024-11-30,-0.010357632301747799,-0.007481069304049015,0.00033769337460398674,0.0079027377068996429,0.010555687360465527
IPMANSICS,2024-12-31,-0.01137611735612154,-0.0083107687532901764,0.00011256686411798,0.0083767427131533623,0.011353082023561001
IPMANSICS,2025-01-31,-0.011403273791074753,-0.0083372499793767929,0.00019906042143702507,0.0082919104024767876,0.011157537810504436
IPMANSICS,2025-02-28,-0.011358898133039474,-0.0082753058522939682,0.00022674910724163055,0.0082378741353750229,0.011059459298849106
IPMANSICS,2025-03-31,-0.011566056869924068,-0.0083677880465984344,0.00023145938757807016,0.0083918841555714607,0.011279555968940258
IPMANSICS,2025-04-30,-0.01137436181306839,-0.0082607995718717575,0.00020914326887577772,0.0083777513355016708,0.011331602931022644
IPMANSICS,2025-05-31,-0.011349874548614025,-0.0082990610972046852,0.00018458673730492592,0.0082881199195981026,0.011257810518145561
IPMANSICS,2025-06-30,-0.011291367933154106,-0.0082010235637426376,0.00011163332965224981,0.0082095600664615631,0.011200370267033577
IPMANSICS,2025-07-31,-0.011344778351485729,-0.0082255862653255463,0.00015914009418338537,0.0084279114380478859,0.011485922150313854
IPMAT,2023-08-31,-0.0085414927452802658,-0.0054911007173359394,0.0018644403899088502,0.0088559854775667191,0.011312555521726608
IPMAT,2023-09-30,-0.0090071093291044235,-0.0058769192546606064,0.0019118584459647536,0.0092862173914909363,0.011847354471683502
IPMAT,2023-10-31,-0.0089447014033794403,-0.0057277437299489975,0.002527645556256175,0.010173622518777847,0.012727744877338409
IPMAT,2023-11-30,-0.0089797191321849823,-0.0057309102267026901,0.0025716018863022327,0.010180059820413589,0.012777365744113922
IPMAT,2023-12-31,-0.0088730696588754654,-0.005541523452848196,0.002683752216398716,0.010458542034029961,0.013165736570954323
IPMAT,2024-01-31,-0.0092703048139810562,-0.0059802071191370487,0.0024900822900235653,0.010253319516777992,0.012888263911008835
IPMAT,2024-02-29,-0.0093378350138664246,-0.0059356712736189365,0.0026621657889336348,0.010451557114720345,0.013027731329202652
IPMAT,2024-03-31,-0.0098514892160892487,-0.0063288514502346516,0.0025452841073274612,0.010654278099536896,0.013400787487626076
IPMAT,2024-04-30,-0.0096785258501768112,-0.0062197246588766575,0.0025409664958715439,0.010424472391605377,0.013146068900823593
IPMAT,2024-05-31,-0.010057009756565094,-0.0063970978371798992,0.0025190655142068863,0.01068573072552681,0.013588463887572289
IPMAT,2024-06-30,-0.0099124275147914886,-0.0063208234496414661,0.0026959218084812164,0.010747373104095459,0.013483554124832153
IPMAT,2024-07-31,-0.010050201788544655,-0.0065451688133180141,0.0022599163930863142,0.01036384142935276,0.013109948486089706
IPMAT,2024-08-31,-0.010241741314530373,-0.0066368109546601772,0.0023835871834307909,0.010335333645343781,0.013062817975878716
IPMAT,2024-09-30,-0.010255571454763412,-0.0065946797840297222,0.002294453326612711,0.010311359539628029,0.013006886467337608
IPMAT,2024-10-31,-0.010165771469473839,-0.0065745930187404156,0.0023443037644028664,0.010566495358943939,0.013451671227812767
IPMAT,2024-11-30,-0.010044794529676437,-0.0065033449791371822,0.0022478634491562843,0.010267661884427071,0.013029536232352257
IPMAT,2024-12-31,-0.010817324742674828,-0.006785199511796236,0.0024293619208037853,0.010758308693766594,0.01382114365696907
IPMAT,2025-01-31,-0.010830391198396683,-0.0068415519781410694,0.0024117364082485437,0.01079137995839119,0.013836801052093506
IPMAT,2025-02-28,-0.010688865557312965,-0.0067092957906424999,0.0025233139749616385,0.010855760425329208,0.013890083879232407
IPMAT,2025-03-31,-0.010809006169438362,-0.0067601404152810574,0.0024679203052073717,0.010766733437776566,0.013844316825270653
IPMAT,2025-04-30,-0.010714322328567505,-0.0067388457246124744,0.0023761983029544353,0.010735956951975822,0.013930458575487137
IPMAT,2025-05-31,-0.010314159095287323,-0.0065110945142805576,0.0024517367128282785,0.010600242763757706,0.013674581423401833
IPMAT,2025-06-30,-0.010369427502155304,-0.0064868894405663013,0.0024757105857133865,0.010567868128418922,0.013615308329463005
IPMAT,2025-07-31,-0.010714029893279076,-0.0067372270859777927,0.0024440493434667587,0.010850900784134865,0.014038866385817528
IPNCONGD,2023-08-31,-0.011992765590548515,-0.0094384849071502686,-0.0016718313563615084,0.0059672761708498001,0.0085209719836711884
IPNCONGD,2023-09-30,-0.012312202714383602,-0.0095762526616454124,-0.0011154212988913059,0.0071905683726072311,0.0098855048418045044
IPNCONGD,2023-10-31,-0.012048571370542049,-0.0092234136536717415,-0.00039702537469565868,0.0081091523170471191,0.010768248699605465
IPNCONGD,2023-11-30,-0.011988766491413116,-0.0091995382681488991,-9.2156114988029003e-05,0.0086388252675533295,0.011317185126245022
IPNCONGD,2023-12-31,-0.013518000021576881,-0.010661741718649864,-0.0014611284714192152,0.0074992193840444088,0.010349424555897713
IPNCONGD,2024-01-31,-0.012045688927173615,-0.0091329524293541908,0.00055129086831584573,0.0096989059820771217,0.01244942843914032
IPNCONGD,2024-02-29,-0.012948888354003429,-0.009944339282810688,-0.0001620135735720396,0.0090064303949475288,0.011731375940144062
IPNCONGD,2024-03-31,-0.012419194914400578,-0.0095983827486634254,-6.560393376275897e-05,0.0091049214825034142,0.011916860938072205
IPNCONGD,2024-04-30,-0.012879393063485622,-0.0099518159404397011,-0.00029251392697915435,0.0089313462376594543,0.011736032553017139
IPNCONGD,2024-05-31,-0.012395799160003662,-0.0096193579956889153,-0.00010983919491991401,0.0090817166492342949,0.011844160966575146
IPNCONGD,2024-06-30,-0.012566437944769859,-0.0096857370808720589,-0.00016806472558528185,0.0090031567960977554,0.011723817326128483
IPNCONGD,2024-07-31,-0.012273200787603855,-0.0094999074935913086,-0.00020586146274581552,0.0087649226188659668,0.011467955075204372
IPNCONGD,2024-08-31,-0.012314530089497566,-0.0094773061573505402,-0.00011380389332771301,0.0090418346226215363,0.011781423352658749
IPNCONGD,2024-09-30,-0.01243182085454464,-0.0095352223142981529,-7.0730748120695353e-05,0.0088918181136250496,0.011528356932103634
IPNCONGD,2024-10-31,-0.012183793820440769,-0.009344274178147316,4.9082795158028603e-05,0.0090027628466486931,0.011723680421710014
IPNCONGD,2024-11-30,-0.012313141487538815,-0.0093823578208684921,0.00011810904834419489,0.0089996177703142166,0.011741654016077518
IPNCONGD,2024-12-31,-0.012727217748761177,-0.0096904868260025978,-7.7612989116460085e-05,0.009319317527115345,0.012312960810959339
IPNCONGD,2025-01-31,-0.013043951243162155,-0.0099213365465402603,-0.00017852766904979944,0.0092790257185697556,0.012318301945924759
IPNCONGD,2025-02-28,-0.012958994135260582,-0.0098553616553544998,-0.00019965122919529676,0.0091419406235218048,0.012121681123971939
IPNCONGD,2025-03-31,-0.012839247472584248,-0.0098237544298171997,-0.00024809816386550665,0.0089338812977075577,0.011890875175595284
IPNCONGD,2025-04-30,-0.012708370573818684,-0.0096596544608473778,-0.000267494295258075,0.0088955583050847054,0.011910839006304741
IPNCONGD,2025-05-31,-0.012764696963131428,-0.0096727088093757629,-0.00011895020725205541,0.0089855780825018883,0.011903907172381878
IPNCONGD,2025-06-30,-0.012774387374520302,-0.0096545694395899773,-0.00018306460697203875,0.0087414989247918129,0.011622126214206219
IPNCONGD,2025-07-31,-0.012494549155235291,-0.0094863055273890495,-0.00018940115114673972,0.0087459320202469826,0.011682813987135887
IPNMAT,2023-08-31,-0.015207030810415745,-0.011126227676868439,-0.0018094497499987483,0.0076103042811155319,0.01179848425090313
IPNMAT,2023-09-30,-0.014213530346751213,-0.0099181821569800377,0.00041505234548822045,0.010602735914289951,0.015059724450111389
IPNMAT,2023-10-31,-0.013877380639314651,-0.0096344240009784698,0.0004896639147773385,0.010669595561921597,0.015128526836633682
IPNMAT,2023-11-30,-0.01337630208581686,-0.0092266267165541649,0.00056369917001575232,0.010307305492460728,0.014636524952948093
IPNMAT,2023-12-31,-0.013236092403531075,-0.0090440437197685242,0.00068117643240839243,0.010495215654373169,0.014913584105670452
IPNMAT,2024-01-31,-0.013948620297014713,-0.0097920484840869904,0.00019141696975566447,0.01003996841609478,0.014306342229247093
IPNMAT,2024-02-29,-0.012436510063707829,-0.0083900643512606621,0.0011535405647009611,0.010344504378736019,0.014390822499990463
IPNMAT,2024-03-31,-0.012682567350566387,-0.0086038578301668167,0.00094765820540487766,0.010359023697674274,0.014519210904836655
IPNMAT,2024-04-30,-0.012591884471476078,-0.008648277260363102,0.00087743549374863505,0.009944242425262928,0.014023908413946629
IPNMAT,2024-05-31,-0.013020880520343781,-0.0088458061218261719,0.00097406632266938686,0.010453588329255581,0.014724773354828358
IPNMAT,2024-06-30,-0.01245702151209116,-0.0084716388955712318,0.0010945145040750504,0.010112193413078785,0.014070622622966766
IPNMAT,2024-07-31,-0.012643887661397457,-0.0086799273267388344,0.00071372068487107754,0.0098488172516226768,0.01376230176538229
IPNMAT,2024-08-31,-0.013602213934063911,-0.0093366252258419991,0.00073975743725895882,0.010084062814712524,0.014055229723453522
IPNMAT,2024-09-30,-0.013718045316636562,-0.0094342147931456566,0.00053760572336614132,0.0097986999899148941,0.013657077215611935
IPNMAT,2024-10-31,-0.013479697518050671,-0.0093413498252630234,0.00033021738636307418,0.0097531154751777649,0.013947919942438602
IPNMAT,2024-11-30,-0.013365198858082294,-0.0092414263635873795,0.00020478441729210317,0.0092900507152080536,0.013255273923277855
IPNMAT,2024-12-31,-0.014906366355717182,-0.0102033456787467,0.00018561504839453846,0.010070291347801685,0.014425450935959816
IPNMAT,2025-01-31,-0.015116478316485882,-0.01043732650578022,6.215233588591218e-05,0.0098295882344245911,0.014104506000876427
IPNMAT,2025-02-28,-0.014923471957445145,-0.010305795818567276,-1.3425364159047604e-05,0.0096874618902802467,0.013914886862039566
IPNMAT,2025-03-31,-0.01496551837772131,-0.010315648280084133,-0.00010659315739758313,0.0096016610041260719,0.013902442529797554
IPNMAT,2025-04-30,-0.014933895319700241,-0.010336720384657383,-0.00019278773106634617,0.0096730757504701614,0.014143176376819611
IPNMAT,2025-05-31,-0.014830146916210651,-0.010361704975366592,-0.00020636268891394138,0.0095115611329674721,0.013880896382033825
IPNMAT,2025-06-30,-0.014615146443247795,-0.010126585140824318,-0.00020288856467232108,0.0093755368143320084,0.01374322734773159
IPNMAT,2025-07-31,-0.014873059466481209,-0.010301409289240837,-0.00020175485406070948,0.0096488716080784798,0.014141819439828396
ISRATIOx,2023-08-31,-0.018579307943582535,-0.013185042887926102,0.00068634370109066367,0.014594887383282185,0.019911892712116241
ISRATIOx,2023-09-30,-0.021473363041877747,-0.015345226041972637,0.00032835453748703003,0.014945817179977894,0.020289137959480286
ISRATIOx,2023-10-31,-0.022555617615580559,-0.016285279765725136,-0.00028370082145556808,0.015114292502403259,0.020549722015857697
ISRATIOx,2023-11-30,-0.023274291306734085,-0.016935242339968681,-0.00037073239218443632,0.015557640232145786,0.021356256678700447
ISRATIOx,2023-12-31,-0.02493433840572834,-0.018114030361175537,-0.00063621747540310025,0.015953844413161278,0.022039303556084633
ISRATIOx,2024-01-31,-0.02474668063223362,-0.01806875504553318,-0.00023898146173451096,0.016595127061009407,0.022631650790572166
ISRATIOx,2024-02-29,-0.026364831253886223,-0.019289081916213036,-0.00088804506231099367,0.01675078459084034,0.023013260215520859
ISRATIOx,2024-03-31,-0.026275435462594032,-0.019120469689369202,-0.00055534561397507787,0.017424929887056351,0.023902948945760727
ISRATIOx,2024-04-30,-0.025895502418279648,-0.018776021897792816,-0.00026745855575427413,0.017175197601318359,0.023529889062047005
ISRATIOx,2024-05-31,-0.026389602571725845,-0.018926192075014114,-0.00029600824927911162,0.017490236088633537,0.024132277816534042
ISRATIOx,2024-06-30,-0.025816794484853745,-0.018537869676947594,-0.00012941313616465777,0.017109625041484833,0.023622192442417145
ISRATIOx,2024-07-31,-0.025485826656222343,-0.018249284476041794,3.2484778785146773e-05,0.017087332904338837,0.023288622498512268
ISRATIOx,2024-08-31,-0.027247602120041847,-0.019578417763113976,3.6543933674693108e-05,0.017711641266942024,0.024090226739645004
ISRATIOx,2024-09-30,-0.027263805270195007,-0.019551666453480721,6.7257758928462863e-05,0.017933046445250511,0.024259304627776146
ISRATIOx,2024-10-31,-0.027498563751578331,-0.019761890172958374,5.9002661146223545e-05,0.018101876601576805,0.024652166292071342
ISRATIOx,2024-11-30,-0.027750721201300621,-0.020103389397263527,-0.00021861806453671306,0.018160790205001831,0.0246608667075634
ISRATIOx,2024-12-31,-0.028240224346518517,-0.01992587186396122,0.00043200014624744654,0.019665079191327095,0.026945339515805244
ISRATIOx,2025-01-31,-0.028116706758737564,-0.019863534718751907,0.00041306461207568645,0.019585799425840378,0.026819763705134392
ISRATIOx,2025-02-28,-0.027645502239465714,-0.019511222839355469,0.00045335543109104037,0.019306175410747528,0.026509629562497139
ISRATIOx,2025-03-31,-0.027844700962305069,-0.019573042169213295,0.00028501154156401753,0.019005564972758293,0.026299202814698219
ISRATIOx,2025-04-30,-0.027599163353443146,-0.019439494237303734,0.00032386655220761895,0.019369516521692276,0.026990262791514397
ISRATIOx,2025-05-31,-0.027511224150657654,-0.019525889307260513,0.00039609736995771527,0.019095802679657936,0.026349132880568504
ISRATIOx,2025-06-30,-0.026663962751626968,-0.018714830279350281,0.00043748039752244949,0.018547762185335159,0.025655157864093781
ISRATIOx,2025-07-31,-0.026553289964795113,-0.018589446321129799,0.00047810142859816551,0.018562011420726776,0.02578207291662693
M1SL,2023-08-31,-0.011999769136309624,-0.0073339063674211502,0.00012303866969887167,0.0079277642071247101,0.011564162559807301
M1SL,2023-09-30,-0.014682394452393055,-0.0093312980607151985,-9.7272750281263143e-05,0.0080796713009476662,0.012161909602582455
M1SL,2023-10-31,-0.013136125169694424,-0.0079024126753211021,0.00076202978380024433,0.0097027793526649475,0.014056390151381493
M1SL,2023-11-30,-0.015110981650650501,-0.0095734931528568268,-0.00016627422883175313,0.008794768713414669,0.012928185984492302
M1SL,2023-12-31,-0.018909968435764313,-0.012384847737848759,-0.00053097668569535017,0.0096996063366532326,0.014241909608244896
M1SL,2024-01-31,-0.018461517989635468,-0.011597944423556328,0.00076643243664875627,0.011837674304842949,0.016948679462075233
M1SL,2024-02-29,-0.022386785596609116,-0.014590688981115818,-0.00021706447296310216,0.011491620913147926,0.016615072265267372
M1SL,2024-03-31,-0.020118009299039841,-0.012764075770974159,0.00011644035112112761,0.012101763859391212,0.017448125407099724
M1SL,2024-04-30,-0.021467685699462891,-0.01388984452933073,0.00017000618390738964,0.012747746892273426,0.018651913851499557
M1SL,2024-05-31,-0.02059098519384861,-0.013233537785708904,0.00029034441104158759,0.012411246076226234,0.018134430050849915
M1SL,2024-06-30,-0.019837575033307076,-0.012490128166973591,0.00055008375784382224,0.011196850799024105,0.016809968277812004
M1SL,2024-07-31,-0.01910543255507946,-0.012162466533482075,0.00017190353537444025,0.010837786830961704,0.015972170978784561
M1SL,2024-08-31,-0.020136842504143715,-0.013006154447793961,-5.5676304327789694e-05,0.011556160636246204,0.017189241945743561
M1SL,2024-09-30,-0.021405082195997238,-0.014009080827236176,-5.8908310165861621e-05,0.01258507277816534,0.018503447994589806
M1SL,2024-10-31,-0.019583005458116531,-0.012662221677601337,0.00015112142136786133,0.011865142732858658,0.017552042379975319
M1SL,2024-11-30,-0.019907834008336067,-0.012803741730749607,0.00025801511947065592,0.011894145980477333,0.01760522648692131
M1SL,2024-12-31,-0.021242117509245872,-0.0132393604144454,-0.00037251523463055491,0.011337769217789173,0.017590871080756187
M1SL,2025-01-31,-0.021598415449261665,-0.013448634184896946,-0.00022561705554835498,0.011645272374153137,0.01842183992266655
M1SL,2025-02-28,-0.020415810868144035,-0.012514534406363964,-6.135209696367383e-05,0.010601924732327461,0.01670529693365097
M1SL,2025-03-31,-0.019486265257000923,-0.011933616362512112,-0.00010360115993535146,0.010519137606024742,0.016724029555916786
M1SL,2025-04-30,-0.021885240450501442,-0.013698610477149487,-0.00030525759211741388,0.011311043053865433,0.018094757571816444
M1SL,2025-05-31,-0.021498896181583405,-0.013495395891368389,8.1263679021503776e-05,0.012359747663140297,0.019403733313083649
M1SL,2025-06-30,-0.019044831395149231,-0.011605247855186462,2.3817006876925007e-05,0.011046326719224453,0.017682883888483047
M1SL,2025-07-31,-0.018692968413233757,-0.011304815299808979,-0.00020551202760543674,0.01044177170842886,0.016742249950766563
M2REAL,2023-08-31,-0.010910127311944962,-0.0093430038541555405,-0.0047144019044935703,-0.00046486174687743187,0.0010517914779484272
M2REAL,2023-09-30,-0.0093785878270864487,-0.007663508877158165,-0.0024179341271519661,0.0025143919046968222,0.0042155077680945396
M2REAL,2023-10-31,-0.010091799311339855,-0.0081390198320150375,-0.0022173761390149593,0.0032751851249486208,0.0051925629377365112
M2REAL,2023-11-30,-0.009892626665532589,-0.0078983064740896225,-0.0019723433069884777,0.0037889755330979824,0.0057983901351690292
M2REAL,2023-12-31,-0.0098441010341048241,-0.0078191598877310753,-0.0016243923455476761,0.0044504371471703053,0.0065597840584814548
M2REAL,2024-01-31,-0.0097559662535786629,-0.0077563785016536713,-0.0014891480095684528,0.004865073598921299,0.007108176127076149
M2REAL,2024-02-29,-0.010330491699278355,-0.0082115624099969864,-0.001592530868947506,0.0048366477712988853,0.0071438462473452091
M2REAL,2024-03-31,-0.010097001679241657,-0.0080264713615179062,-0.0014788494445383549,0.0051302975043654442,0.0075206472538411617
M2REAL,2024-04-30,-0.010447721928358078,-0.0083048129454255104,-0.0016185012646019459,0.0049869446083903313,0.0073822494596242905
M2REAL,2024-05-31,-0.010384541936218739,-0.0082263750955462456,-0.0013264070730656385,0.0053346240893006325,0.00779703538864851
M2REAL,2024-06-30,-0.010439459234476089,-0.0082853958010673523,-0.0012818772811442614,0.0053950231522321701,0.007839106023311615
M2REAL,2024-07-31,-0.010317631997168064,-0.0080955689772963524,-0.0010913717560470104,0.005530109629034996,0.0079205427318811417
M2REAL,2024-08-31,-0.010312187485396862,-0.0079900836572051048,-0.0010402873158454895,0.0055646505206823349,0.008027711883187294
M2REAL,2024-09-30,-0.010258265770971775,-0.0079551199451088905,-0.00088293128646910191,0.0057479031383991241,0.0081333350390195847
M2REAL,2024-10-31,-0.010477636009454727,-0.0081063015386462212,-0.00093271001242101192,0.0059273941442370415,0.0085233170539140701
M2REAL,2024-11-30,-0.010603376664221287,-0.0081459162756800652,-0.00087336450815200806,0.0058410894125699997,0.0083819981664419174
M2REAL,2024-12-31,-0.011194166727364063,-0.008491971530020237,-0.0010153423063457012,0.0059852804988622665,0.008786606602370739
M2REAL,2025-01-31,-0.011205085553228855,-0.0084723504260182381,-0.00087317335419356823,0.0060513615608215332,0.0087966164574027061
M2REAL,2025-02-28,-0.011326500214636326,-0.0084510911256074905,-0.00080431206151843071,0.0060715246945619583,0.0087981214746832848
M2REAL,2025-03-31,-0.011191976256668568,-0.0083250813186168671,-0.00081163155846297741,0.0062343208119273186,0.0090618617832660675
M2REAL,2025-04-30,-0.011143234558403492,-0.0082517741248011589,-0.00074532185681164265,0.0062785884365439415,0.0091567058116197586
M2REAL,2025-05-31,-0.01104743592441082,-0.0081700114533305168,-0.00060131167992949486,0.0064608640968799591,0.0093393241986632347
M2REAL,2025-06-30,-0.011241517961025238,-0.0082907844334840775,-0.00061443843878805637,0.0064120437018573284,0.0093251904472708702
M2REAL,2025-07-31,-0.011031866073608398,-0.0081871440634131432,-0.00061412854120135307,0.0066079143434762955,0.0095954332500696182
M2SL,2023-08-31,-0.0068278233520686626,-0.0048855962231755257,-0.0010498602641746402,0.0023917218204587698,0.0039441296830773354
M2SL,2023-09-30,-0.0055398461408913136,-0.0036571288947016001,0.00021090530208311975,0.0038941982202231884,0.005599356722086668
M2SL,2023-10-31,-0.0055674207396805286,-0.0036572504322975874,0.00028409037622623146,0.0041638677939772606,0.0059102056547999382
M2SL,2023-11-30,-0.0059789516963064671,-0.0040380097925662994,-2.785449760267511e-05,0.003911332692950964,0.0057127675972878933
M2SL,2023-12-31,-0.0065829837694764137,-0.0044614835642278194,-0.00011510158219607547,0.0040845391340553761,0.0060247704386711121
M2SL,2024-01-31,-0.0066716917790472507,-0.0044987984001636505,5.0239992560818791e-05,0.0043669799342751503,0.0063048494048416615
M2SL,2024-02-29,-0.0066146058961749077,-0.0044404277577996254,-1.5148750208027195e-05,0.0041848849505186081,0.0060641821473836899
M2SL,2024-03-31,-0.006610386073589325,-0.0043778321705758572,0.00010018645116360858,0.0042884307913482189,0.0061964546330273151
M2SL,2024-04-30,-0.0071288896724581718,-0.0047751925885677338,-7.4508192483335733e-05,0.0042979978024959564,0.0062512126751244068
M2SL,2024-05-31,-0.0069062188267707825,-0.0045626983046531677,0.00012058073480147868,0.0044861803762614727,0.0064230482093989849
M2SL,2024-06-30,-0.0067275827750563622,-0.0044608698226511478,8.3601171354530379e-06,0.0041569620370864868,0.0060062478296458721
M2SL,2024-07-31,-0.0062384922057390213,-0.004126477986574173,2.8357339033391327e-05,0.003953542560338974,0.0057052299380302429
M2SL,2024-08-31,-0.0066225160844624043,-0.0043749697506427765,-1.2222608347656205e-06,0.0038603621069341898,0.0055930749513208866
M2SL,2024-09-30,-0.0064660282805562019,-0.0042515592649579048,6.934713019290939e-05,0.0038888074923306704,0.0055840639397501945
M2SL,2024-10-31,-0.0063689546659588814,-0.0042227990925312042,-3.1980860512703657e-05,0.0037997171748429537,0.0055711301974952221
M2SL,2024-11-30,-0.0062379920855164528,-0.0041231340728700161,2.4129480152623728e-05,0.0038787119556218386,0.0056184963323175907
M2SL,2024-12-31,-0.0070934309624135494,-0.0046448074281215668,-1.1331720088492148e-05,0.0044365040957927704,0.0067317713983356953
M2SL,2025-01-31,-0.007099752314388752,-0.0046417717821896076,3.9698414184385911e-05,0.0044484296813607216,0.0067144879139959812
M2SL,2025-02-28,-0.0070301988162100315,-0.0046277721412479877,-2.287773895659484e-06,0.0043483348563313484,0.0066183093003928661
M2SL,2025-03-31,-0.0069723860360682011,-0.0045528803020715714,8.8317574409302324e-06,0.0044021345674991608,0.0067107090726494789
M2SL,2025-04-30,-0.0072232023812830448,-0.004756054375320673,-4.6830344217596576e-05,0.0046112164855003357,0.0070834793150424957
M2SL,2025-05-31,-0.0073883431032299995,-0.004887810442596674,-9.9443022918421775e-06,0.0048587676137685776,0.0073745232075452805
M2SL,2025-06-30,-0.007400014903396368,-0.004904536996036768,-3.682993701659143e-05,0.0046356325037777424,0.0070379390381276608
M2SL,2025-07-31,-0.0069868937134742737,-0.0045868265442550182,4.2120966099901125e-05,0.0045651104301214218,0.0069261169992387295
MANEMP,2023-08-31,-0.0027208197861909866,-0.0019924284424632788,-0.0004958475474268198,0.00090216542594134808,0.0014165663160383701
MANEMP,2023-09-30,-0.0027827327139675617,-0.0019810365047305822,-0.00033611338585615158,0.0011521066771820188,0.0017336285673081875
MANEMP,2023-10-31,-0.003031597938388586,-0.002165250713005662,-0.00036343481042422354,0.0013100446667522192,0.0019346224144101143
MANEMP,2023-11-30,-0.0030293811578303576,-0.0021235402673482895,-0.00014531181659549475,0.0016522130463272333,0.0023186805192381144
MANEMP,2023-12-31,-0.0033501998987048864,-0.0023204728495329618,-0.00011335959425196052,0.0018532599788159132,0.0025280562695115805
MANEMP,2024-01-31,-0.0034622272942215204,-0.002378485631197691,8.1479316577315331e-05,0.002162969671189785,0.0029140633996576071
MANEMP,2024-02-29,-0.0035578764509409666,-0.0023994650691747665,0.00015480094589293003,0.0023298102896660566,0.0030955129768699408
MANEMP,2024-03-31,-0.0039921561256051064,-0.0027422010898590088,3.3383199479430914e-05,0.0025033645797520876,0.0033532420638948679
MANEMP,2024-04-30,-0.0039987633936107159,-0.0027124572079628706,0.00011435820488259196,0.0024931291118264198,0.0033050149213522673
MANEMP,2024-05-31,-0.0040869368240237236,-0.0027743799146264791,8.9009699877351522e-05,0.0025903633795678616,0.0034910936374217272
MANEMP,2024-06-30,-0.0042132213711738586,-0.0028164512477815151,0.00019495701417326927,0.0027043030131608248,0.003604985075071454
MANEMP,2024-07-31,-0.004451453685760498,-0.0029444338288158178,0.00013099249918013811,0.002668025903403759,0.0035216531250625849
MANEMP,2024-08-31,-0.0046635204926133156,-0.0030436781235039234,0.00010547583224251866,0.0027136604767292738,0.0035960867535322905
MANEMP,2024-09-30,-0.0047897202894091606,-0.0030889539048075676,0.00014954584185034037,0.0027369493618607521,0.0035833960864692926
MANEMP,2024-10-31,-0.0048661855980753899,-0.003162104869261384,0.00024409667821601033,0.002914107171818614,0.0038508081343024969
MANEMP,2024-11-30,-0.0048709278926253319,-0.0031753059010952711,0.00017254997510462999,0.0028525493107736111,0.0037506467197090387
MANEMP,2024-12-31,-0.0058639449998736382,-0.0037076734006404877,0.00022638065274804831,0.0033242737408727407,0.0044934507459402084
MANEMP,2025-01-31,-0.0056325420737266541,-0.0035494903568178415,0.00029193179216235876,0.0033505235332995653,0.0044892402365803719
MANEMP,2025-02-28,-0.0055512553080916405,-0.0034980368800461292,0.00030772702302783728,0.0033463358413428068,0.0044779367744922638
MANEMP,2025-03-31,-0.0054265018552541733,-0.003399041248485446,0.00034569180570542812,0.0033495628740638494,0.0045244740322232246
MANEMP,2025-04-30,-0.0056655025109648705,-0.0035442158114165068,0.00027777720242738724,0.0034314489457756281,0.0046619409695267677
MANEMP,2025-05-31,-0.0054070726037025452,-0.0033929136116057634,0.00033218634780496359,0.0033702005166560411,0.0045789359137415886
MANEMP,2025-06-30,-0.005445653572678566,-0.0033808911684900522,0.00034924375358968973,0.003363731550052762,0.0045731868594884872
MANEMP,2025-07-31,-0.0057588517665863037,-0.0036156745627522469,0.00025659950915724039,0.0034528991673141718,0.0047169588506221771
NDMANEMP,2023-08-31,-0.0037253736518323421,-0.0031082483474165201,-0.0014503890415653586,0.00017699057934805751,0.00071219145320355892
NDMANEMP,2023-09-30,-0.0042036455124616623,-0.0034652661997824907,-0.0015405693557113409,0.00027250789571553469,0.00088507332839071751
NDMANEMP,2023-10-31,-0.0040471339598298073,-0.003290997352451086,-0.0012740324018523097,0.00066890334710478783,0.0013030294794589281
NDMANEMP,2023-11-30,-0.0038452490698546171,-0.0031104176305234432,-0.0010061492212116718,0.00097197107970714569,0.0016120376531034708
NDMANEMP,2023-12-31,-0.0045668529346585274,-0.0036908239126205444,-0.0013383252080529928,0.00076767359860241413,0.0014086875598877668
NDMANEMP,2024-01-31,-0.0040132906287908554,-0.0031904801726341248,-0.00082733947783708572,0.0013569905422627926,0.0020721012260764837
NDMANEMP,2024-02-29,-0.0042588412761688232,-0.0033549421932548285,-0.00089410250075161457,0.0014073422644287348,0.0021458123810589314
NDMANEMP,2024-03-31,-0.0044994051568210125,-0.0035246820189058781,-0.00085080426651984453,0.0016396008431911469,0.0024280138313770294
NDMANEMP,2024-04-30,-0.0045532342046499252,-0.0035968234296888113,-0.00095876626437529922,0.0014906222932040691,0.002268234035000205
NDMANEMP,2024-05-31,-0.0046051051467657089,-0.0036058861296623945,-0.00084610760677605867,0.0016778330318629742,0.0024916226975619793
NDMANEMP,2024-06-30,-0.0045359311625361443,-0.0035419166088104248,-0.00077723583672195673,0.0017450833693146706,0.0025577268097549677
NDMANEMP,2024-07-31,-0.0046759145334362984,-0.003651896258816123,-0.00081813667202368379,0.0017120770644396544,0.002491997554898262
NDMANEMP,2024-08-31,-0.0048490171320736408,-0.0037910076789557934,-0.00080554280430078506,0.0017895128112286329,0.0025910020340234041
NDMANEMP,2024-09-30,-0.0048485430888831615,-0.0037630249280482531,-0.00078426353866234422,0.0017911330796778202,0.0025774235837161541
NDMANEMP,2024-10-31,-0.0047107837162911892,-0.0036420042160898447,-0.00068002467742189765,0.0019755251705646515,0.0028332872316241264
NDMANEMP,2024-11-30,-0.0047583198174834251,-0.0037014058325439692,-0.00076147960498929024,0.0018808611202985048,0.0026866730768233538
NDMANEMP,2024-12-31,-0.0054130116477608681,-0.0040492089465260506,-0.00062451494159176946,0.0023626177571713924,0.0033253305591642857
NDMANEMP,2025-01-31,-0.0052518066950142384,-0.0039214985445141792,-0.00055403029546141624,0.0023728366941213608,0.0032965829595923424
NDMANEMP,2025-02-28,-0.0051766862161457539,-0.0038502663373947144,-0.00051075272494927049,0.0023471768945455551,0.0032565835863351822
NDMANEMP,2025-03-31,-0.0051753493025898933,-0.0038609479088336229,-0.00056364212650805712,0.0023164988961070776,0.0032595251686871052
NDMANEMP,2025-04-30,-0.0053361239843070507,-0.0039779720827937126,-0.00059786951169371605,0.0023373572621494532,0.0033060340210795403
NDMANEMP,2025-05-31,-0.005116624291986227,-0.0038373651914298534,-0.0005622672033496201,0.0023263748735189438,0.0032916124910116196
NDMANEMP,2025-06-30,-0.0051568937487900257,-0.003836123738437891,-0.00055376638192683458,0.0023350268602371216,0.0032952972687780857
NDMANEMP,2025-07-31,-0.0053546805866062641,-0.0039892122149467468,-0.00057905016001313925,0.0024487997870892286,0.0034545157104730606
NONBORRES,2023-08-31,-0.055108308792114258,-0.032767646014690399,0.00010740916331997141,0.037270020693540573,0.051742512732744217
NONBORRES,2023-09-30,-0.057579979300498962,-0.035193637013435364,0.0033049262128770351,0.036712612956762314,0.050243441015481949
NONBORRES,2023-10-31,-0.061911992728710175,-0.037038687616586685,0.0027125517372041941,0.037515174597501755,0.05129367858171463
NONBORRES,2023-11-30,-0.056274805217981339,-0.034446626901626587,0.0018680451903492212,0.041039470583200455,0.054405473172664642
NONBORRES,2023-12-31,-0.066228032112121582,-0.039596728980541229,-0.00032178079709410667,0.036394160240888596,0.047474291175603867
NONBORRES,2024-01-31,-0.075967550277709961,-0.047814492136240005,0.00015516739222221076,0.036256324499845505,0.050757884979248047
NONBORRES,2024-02-29,-0.07439093291759491,-0.045692216604948044,-0.00062186201103031635,0.042464204132556915,0.058463361114263535
NONBORRES,2024-03-31,-0.074212312698364258,-0.044531114399433136,0.0036578138824552298,0.042757730931043625,0.059063240885734558
NONBORRES,2024-04-30,-0.082329586148262024,-0.05159435048699379,0.00018547686340752989,0.04293011873960495,0.061064526438713074
NONBORRES,2024-05-31,-0.080449953675270081,-0.051383964717388153,-0.0026184853632003069,0.042713385075330734,0.060636628419160843
NONBORRES,2024-06-30,-0.074780464172363281,-0.044466584920883179,0.0062994919717311859,0.049120895564556122,0.066475778818130493
NONBORRES,2024-07-31,-0.072194039821624756,-0.043750442564487457,0.0015487049240618944,0.040927164256572723,0.052495092153549194
NONBORRES,2024-08-31,-0.073078304529190063,-0.046782638877630234,-0.0038497801870107651,0.037128299474716187,0.055130995810031891
NONBORRES,2024-09-30,-0.0745525062084198,-0.047064751386642456,0.0013842186890542507,0.040291722863912582,0.056789495050907135
NONBORRES,2024-10-31,-0.070764869451522827,-0.04378122091293335,0.002300213323906064,0.041010472923517227,0.056057605892419815
NONBORRES,2024-11-30,-0.072261348366737366,-0.043541222810745239,0.0030140986200422049,0.038685344159603119,0.05535580962896347
NONBORRES,2024-12-31,-0.073194682598114014,-0.045551706105470657,-0.0043184333480894566,0.041102785617113113,0.060672741383314133
NONBORRES,2025-01-31,-0.084493592381477356,-0.053629778325557709,3.5808552638627589e-05,0.039736922830343246,0.058802418410778046
NONBORRES,2025-02-28,-0.081607520580291748,-0.051963441073894501,-0.003468662966042757,0.039192166179418564,0.057392273098230362
NONBORRES,2025-03-31,-0.070206671953201294,-0.043483555316925049,0.0016774743562564254,0.047244783490896225,0.065366446971893311
NONBORRES,2025-04-30,-0.068586185574531555,-0.039578396826982498,0.00096302269957959652,0.042390994727611542,0.057622633874416351
NONBORRES,2025-05-31,-0.082409828901290894,-0.050402291119098663,-0.0013999216025695205,0.036833733320236206,0.053420349955558777
NONBORRES,2025-06-30,-0.06970350444316864,-0.039838477969169617,0.0036568054929375648,0.048096887767314911,0.066522717475891113
NONBORRES,2025-07-31,-0.076824590563774109,-0.044725630432367325,0.0035645731259137392,0.04309135302901268,0.058748356997966766
NONREVSL,2023-08-31,-0.0038075849879533052,-0.0022359259892255068,0.00016046923701651394,0.00261289207264781,0.0042240824550390244
NONREVSL,2023-09-30,-0.0049956636503338814,-0.0031237269286066294,-2.4647421014378779e-05,0.0027690308634191751,0.004549338947981596
NONREVSL,2023-10-31,-0.0050340406596660614,-0.0031788176856935024,-1.763226100592874e-05,0.0030478856060653925,0.0049044531770050526
NONREVSL,2023-11-30,-0.0057151820510625839,-0.0036637210287153721,-0.00010075236787088215,0.0032517551444470882,0.0052718366496264935
NONREVSL,2023-12-31,-0.0061406297609210014,-0.0039206966757774353,-9.3094749900046736e-05,0.0035801383201032877,0.005720864050090313
NONREVSL,2024-01-31,-0.0062709036283195019,-0.0040451246313750744,-6.9127316237427294e-05,0.0037672454491257668,0.0060649639926850796
NONREVSL,2024-02-29,-0.0064705759286880493,-0.0041149342432618141,-4.381435428513214e-05,0.0037166709080338478,0.0059871985577046871
NONREVSL,2024-03-31,-0.0065725753083825111,-0.0042070173658430576,-0.00014369138807523996,0.0036583410110324621,0.0058878753334283829
NONREVSL,2024-04-30,-0.0063334591686725616,-0.0040295831859111786,-6.9983485445845872e-05,0.0035389808472245932,0.0058040949515998363
NONREVSL,2024-05-31,-0.0060510691255331039,-0.003790195332840085,-2.8336928153294139e-05,0.0035345449578016996,0.0058021945878863335
NONREVSL,2024-06-30,-0.0065766731277108192,-0.0041491733863949776,-3.0989438528195024e-05,0.0035891907755285501,0.0059301243163645267
NONREVSL,2024-07-31,-0.0065171439200639725,-0.0040812878869473934,-6.8433218984864652e-05,0.0036393336486071348,0.0060235504060983658
NONREVSL,2024-08-31,-0.0068079959601163864,-0.0042458144016563892,-6.5552543674129993e-05,0.0037811589427292347,0.0062477346509695053
NONREVSL,2024-09-30,-0.0072935959324240685,-0.0045496565289795399,-0.00012863005395047367,0.0040045501664280891,0.0064980471506714821
NONREVSL,2024-10-31,-0.0075413747690618038,-0.0047514140605926514,-0.00012659115600399673,0.0040698717348277569,0.0066557265818119049
NONREVSL,2024-11-30,-0.0074441209435462952,-0.0047240359708666801,-0.00011716936569428071,0.0040890593081712723,0.0066194147802889347
NONREVSL,2024-12-31,-0.0089816497638821602,-0.0053403042256832123,-0.00011187188647454605,0.0053490246646106243,0.0092719029635190964
NONREVSL,2025-01-31,-0.011737413704395294,-0.0070899599231779575,-0.00016775747644715011,0.0065351207740604877,0.011322685517370701
NONREVSL,2025-02-28,-0.0096472688019275665,-0.0058353627100586891,-7.2381786594633013e-05,0.0054076015949249268,0.0092965736985206604
NONREVSL,2025-03-31,-0.0081508718430995941,-0.0049822782166302204,-0.00010381547326687723,0.0046874498948454857,0.0081209978088736534
NONREVSL,2025-04-30,-0.0090201022103428841,-0.0054487632587552071,-0.00012996264558751136,0.0049092285335063934,0.0085029266774654388
NONREVSL,2025-05-31,-0.0085652712732553482,-0.0051745749078691006,-9.4664836069568992e-05,0.0048782019875943661,0.0085852975025773048
NONREVSL,2025-06-30,-0.0084713315591216087,-0.0051343762315809727,-0.00012579896429087967,0.0048625776544213295,0.0085164681077003479
NONREVSL,2025-07-31,-0.0084842713549733162,-0.0050314106047153473,-0.00014974178338889033,0.0049049141816794872,0.0082655204460024834
OILPRICEx,2023-08-31,-0.1955697238445282,-0.15470491349697113,-0.030595190823078156,0.089734837412834167,0.13243110477924347
OILPRICEx,2023-09-30,-0.18551322817802429,-0.14000959694385529,-0.0028879691381007433,0.13691714406013489,0.1836446225643158
OILPRICEx,2023-10-31,-0.19135114550590515,-0.14513051509857178,-0.0028951507993042469,0.14196102321147919,0.18887525796890259
OILPRICEx,2023-11-30,-0.187795490026474,-0.14314480125904083,-0.00073155015707015991,0.14308841526508331,0.1899721622467041
OILPRICEx,2023-12-31,-0.1875147819519043,-0.1424499899148941,-0.0026940270327031612,0.13969926536083221,0.1858883798122406
OILPRICEx,2024-01-31,-0.18800459802150726,-0.14190398156642914,-0.00037090008845552802,0.13996797800064087,0.18531869351863861
OILPRICEx,2024-02-29,-0.188463494181633,-0.14168788492679596,0.0004988220171071589,0.13981910049915314,0.1853996068239212
OILPRICEx,2024-03-31,-0.18741181492805481,-0.14222833514213562,-0.00096912367735058069,0.14043207466602325,0.18729317188262939
OILPRICEx,2024-04-30,-0.18961760401725769,-0.14327549934387207,-0.0007113027386367321,0.14341488480567932,0.19020037353038788
OILPRICEx,2024-05-31,-0.18891678750514984,-0.14415369927883148,-0.00076784985139966011,0.14365914463996887,0.19019149243831635
OILPRICEx,2024-06-30,-0.18787035346031189,-0.14204403758049011,-0.00062437320593744516,0.14148032665252686,0.18686938285827637
OILPRICEx,2024-07-31,-0.17979967594146729,-0.13658785820007324,-0.00059510854771360755,0.13719654083251953,0.18246817588806152
OILPRICEx,2024-08-31,-0.17685393989086151,-0.13324074447154999,-0.000221691356273368,0.13403622806072235,0.17778478562831879
OILPRICEx,2024-09-30,-0.17546795308589935,-0.13189183175563812,-0.00031463787308894098,0.13241556286811829,0.17469167709350586
OILPRICEx,2024-10-31,-0.17638605833053589,-0.13310058414936066,-0.00010415472206659615,0.1336265504360199,0.17821714282035828
OILPRICEx,2024-11-30,-0.1783129870891571,-0.13397616147994995,0.0011984448647126555,0.13753926753997803,0.18357686698436737
OILPRICEx,2024-12-31,-0.19280721247196198,-0.14399056136608124,-0.0014427665155380964,0.14117762446403503,0.19181625545024872
OILPRICEx,2025-01-31,-0.19659464061260223,-0.14642725884914398,-0.0019731237553060055,0.14250007271766663,0.19449913501739502
OILPRICEx,2025-02-28,-0.19207873940467834,-0.14306299388408661,-0.001505986088886857,0.14078965783119202,0.19249705970287323
OILPRICEx,2025-03-31,-0.18742081522941589,-0.14025132358074188,-0.0018519912846386433,0.13801917433738708,0.18921665847301483
OILPRICEx,2025-04-30,-0.18620139360427856,-0.13836090266704559,-0.0014671959215775132,0.13842390477657318,0.1896866112947464
OILPRICEx,2025-05-31,-0.18569682538509369,-0.13765919208526611,-0.00086107046809047461,0.13609358668327332,0.18667669594287872
OILPRICEx,2025-06-30,-0.18336613476276398,-0.1361297219991684,-0.0010716925607994199,0.13349589705467224,0.18344922363758087
OILPRICEx,2025-07-31,-0.17989526689052582,-0.13351093232631683,-0.00082100590225309134,0.13188524544239044,0.18158251047134399
PAYEMS,2023-08-31,-7.5796851888298988e-05,0.00033652252750471234,0.0011848262511193752,0.0020110425539314747,0.0023224330507218838
PAYEMS,2023-09-30,-7.8707817010581493e-05,0.000366097257938236,0.0012449957430362701,0.002120352815836668,0.0024955477565526962
PAYEMS,2023-10-31,-0.00034268549643456936,0.00017800991190597415,0.0012193301226943731,0.0021600225009024143,0.0025286870077252388
PAYEMS,2023-11-30,-0.00033770501613616943,0.00017864786786958575,0.00127643090672791,0.0022820523008704185,0.0026607343461364508
PAYEMS,2023-12-31,-0.00036875857040286064,0.0001914959866553545,0.0013113792520016432,0.0023897294886410236,0.0027973346877843142
PAYEMS,2024-01-31,-0.00058709958102554083,2.0027859136462212e-05,0.0013139102375134826,0.0024392793420702219,0.0028782619629055262
PAYEMS,2024-02-29,-0.00066350540146231651,-6.2658218666911125e-06,0.0013455318985506892,0.0025701071135699749,0.0030475244857370853
PAYEMS,2024-03-31,-0.00081690982915461063,-0.00013211730401962996,0.0013616487849503756,0.0027351649478077888,0.0032550340984016657
PAYEMS,2024-04-30,-0.00087534612976014614,-0.00016226258594542742,0.0013577438658103347,0.0027130669914186001,0.003268407890573144
PAYEMS,2024-05-31,-0.0009052956011146307,-0.00020301342010498047,0.0013384462799876928,0.0027073170058429241,0.0032549051102250814
PAYEMS,2024-06-30,-0.00097331544384360313,-0.00024130416568368673,0.0013402416370809078,0.0027037337422370911,0.0032808654941618443
PAYEMS,2024-07-31,-0.0011255203280597925,-0.00036152510438114405,0.0012904038885608315,0.0027030883356928825,0.0032697452697902918
PAYEMS,2024-08-31,-0.0010997294448316097,-0.00034785270690917969,0.0012963394401594996,0.0027530025690793991,0.0033264050725847483
PAYEMS,2024-09-30,-0.001105770468711853,-0.0003085241187363863,0.0013393171830102801,0.0028397946152836084,0.0034301062114536762
PAYEMS,2024-10-31,-0.001107353251427412,-0.00032105715945363045,0.0014026270946487784,0.0028845812194049358,0.0034812160301953554
PAYEMS,2024-11-30,-0.0012175804004073143,-0.00038407871033996344,0.0013685165904462337,0.0029007946141064167,0.003500945633277297
PAYEMS,2024-12-31,-0.0015912135131657124,-0.00065255584195256233,0.0012983857886865735,0.0030889397021383047,0.0038221701979637146
PAYEMS,2025-01-31,-0.0016411400865763426,-0.00066456629429012537,0.0013467166572809219,0.0031246626749634743,0.0038852372672408819
PAYEMS,2025-02-28,-0.001603167038410902,-0.00063459912780672312,0.0013681671116501093,0.0031568622216582298,0.0038978371303528547
PAYEMS,2025-03-31,-0.0015171130653470755,-0.00057193881366401911,0.0013912278227508068,0.0032134400680661201,0.0039876368828117847
PAYEMS,2025-04-30,-0.001610840205103159,-0.00064505473710596561,0.0013587968423962593,0.0032180831767618656,0.0039849872700870037
PAYEMS,2025-05-31,-0.0014606015756726265,-0.00053181883413344622,0.0013997830683365464,0.0032316320575773716,0.0040397718548774719
PAYEMS,2025-06-30,-0.0015036738477647305,-0.00053621747065335512,0.0013983693206682801,0.0032227886840701103,0.004031844437122345
PAYEMS,2025-07-31,-0.0016314007807523012,-0.00065728940535336733,0.0013203005073592067,0.0032043869141489267,0.0039962003938853741
PCEPI,2023-08-31,0.00021451734937727451,0.00075683428440243006,0.0022739090491086245,0.0038560386747121811,0.0044737700372934341
PCEPI,2023-09-30,-0.00031284359283745289,0.00031555572059005499,0.002084887120872736,0.0039078248664736748,0.004604218527674675
PCEPI,2023-10-31,-0.00039564864709973335,0.00027621944900602102,0.0021937335841357708,0.0041511324234306812,0.0048719076439738274
PCEPI,2023-11-30,-0.00071329181082546711,-1.4876015484333038e-05,0.0019888044334948063,0.0040276721119880676,0.0047964323312044144
PCEPI,2023-12-31,-0.00069359783083200455,1.9620172679424286e-05,0.0020595383830368519,0.0041753239929676056,0.0049873450770974159
PCEPI,2024-01-31,-0.00056462455540895462,0.00016079586930572987,0.0023226579651236534,0.0044784289784729481,0.005273931659758091
PCEPI,2024-02-29,-0.00083346734754741192,-6.2896404415369034e-05,0.0021628993563354015,0.0043848175555467606,0.0052105416543781757
PCEPI,2024-03-31,-0.00075976643711328506,2.2904714569449425e-05,0.0022824020124971867,0.0045609883964061737,0.0054214168339967728
PCEPI,2024-04-30,-0.00081027788110077381,-1.8174992874264717e-05,0.0022478937171399593,0.0045850826427340508,0.0054778037592768669
PCEPI,2024-05-31,-0.00086226104758679867,-7.4448529630899429e-05,0.002226764801889658,0.0045988904312252998,0.0055115330033004284
PCEPI,2024-06-30,-0.0009776996448636055,-0.00014173588715493679,0.0021898054983466864,0.0045803878456354141,0.0055086193606257439
PCEPI,2024-07-31,-0.00088942795991897583,-8.6840474978089333e-05,0.0022449537646025419,0.0046301963739097118,0.0055725746788084507
PCEPI,2024-08-31,-0.00095310783945024014,-0.00012811226770281792,0.0022347765043377876,0.0046742707490921021,0.0056580230593681335
PCEPI,2024-09-30,-0.0010489900596439838,-0.00019717053510248661,0.0022480788175016642,0.0047735976986587048,0.0057855700142681599
PCEPI,2024-10-31,-0.0010415629949420691,-0.00019451952539384365,0.0022503866348415613,0.0047910949215292931,0.0058169681578874588
PCEPI,2024-11-30,-0.0011564425658434629,-0.00028279842808842659,0.0022056370507925749,0.0047842990607023239,0.0058350255712866783
PCEPI,2024-12-31,-0.0010590953752398491,-0.0002171671949326992,0.0022163945250213146,0.0047930865548551083,0.0058367671445012093
PCEPI,2025-01-31,-0.00092248455621302128,-6.9994945079088211e-05,0.0024172361008822918,0.0050259502604603767,0.0060810940340161324
PCEPI,2025-02-28,-0.00099368393421173096,-0.00012770458124577999,0.0023539669346064329,0.0050462214276194572,0.006142323836684227
PCEPI,2025-03-31,-0.0010446237865835428,-0.00018355320207774639,0.002303471090272069,0.0049833143129944801,0.0060935746878385544
PCEPI,2025-04-30,-0.0010195032227784395,-0.00014244904741644859,0.0023386490065604448,0.0049966350197792053,0.0061042839661240578
PCEPI,2025-05-31,-0.0011008211877197027,-0.00020565791055560112,0.0023169107735157013,0.0050186170265078545,0.006161772646009922
PCEPI,2025-06-30,-0.0010866210795938969,-0.00018425076268613338,0.0023226372431963682,0.0049938652664422989,0.0061267614364624023
PCEPI,2025-07-31,-0.0010386032517999411,-0.00015423097647726536,0.0023088452871888876,0.0049644396640360355,0.0060914326459169388
PERMIT,2023-08-31,7.2382278442382812,7.2615985870361328,7.3144779205322266,7.3717303276062012,7.3932747840881348
PERMIT,2023-09-30,7.2248897552490234,7.2520666122436523,7.318572998046875,7.383021354675293,7.4047865867614746
PERMIT,2023-10-31,7.202970027923584,7.2365522384643555,7.3183436393737793,7.393101692199707,7.4169816970825195
PERMIT,2023-11-30,7.1951870918273926,7.2296013832092285,7.3226437568664551,7.40863037109375,7.4367170333862305
PERMIT,2023-12-31,7.1833200454711914,7.2237577438354492,7.3263497352600098,7.4270596504211426,7.4593949317932129
PERMIT,2024-01-31,7.1707963943481445,7.2120742797851562,7.3258223533630371,7.4335026741027832,7.4674606323242188
PERMIT,2024-02-29,7.1607193946838379,7.2054600715637207,7.3276138305664062,7.4385337829589844,7.4733219146728516
PERMIT,2024-03-31,7.1453437805175781,7.1939129829406738,7.3294305801391602,7.4521884918212891,7.4895906448364258
PERMIT,2024-04-30,7.135930061340332,7.1865081787109375,7.3288116455078125,7.4592342376708984,7.4979081153869629
PERMIT,2024-05-31,7.1240019798278809,7.1767864227294922,7.3274736404418945,7.4665126800537109,7.5091428756713867
PERMIT,2024-06-30,7.1168837547302246,7.1728458404541016,7.326164722442627,7.468907356262207,7.5120844841003418
PERMIT,2024-07-31,7.1090207099914551,7.165858268737793,7.3257231712341309,7.470832347869873,7.5128240585327148
PERMIT,2024-08-31,7.1016068458557129,7.1584773063659668,7.3253641128540039,7.4747581481933594,7.5189604759216309
PERMIT,2024-09-30,7.0950241088867188,7.1544170379638672,7.3253078460693359,7.4847164154052734,7.5317363739013672
PERMIT,2024-10-31,7.0867719650268555,7.1485061645507812,7.3290524482727051,7.4873604774475098,7.5345602035522461
PERMIT,2024-11-30,7.0793919563293457,7.1432991027832031,7.329108715057373,7.494255542755127,7.5417566299438477
PERMIT,2024-12-31,7.0529727935791016,7.131772518157959,7.3364443778991699,7.5153102874755859,7.5713520050048828
PERMIT,2025-01-31,7.0507016181945801,7.1312384605407715,7.3374910354614258,7.5203733444213867,7.5788207054138184
PERMIT,2025-02-28,7.0476469993591309,7.1292281150817871,7.3356609344482422,7.5263586044311523,7.5861778259277344
PERMIT,2025-03-31,7.0448436737060547,7.1276273727416992,7.3399128913879395,7.5257902145385742,7.5854692459106445
PERMIT,2025-04-30,7.0360832214355469,7.1225137710571289,7.3380208015441895,7.5341591835021973,7.5971074104309082
PERMIT,2025-05-31,7.0353822708129883,7.1217994689941406,7.3409829139709473,7.5337314605712891,7.5951428413391113
PERMIT,2025-06-30,7.0310463905334473,7.1206512451171875,7.3424944877624512,7.5373172760009766,7.5994038581848145
PERMIT,2025-07-31,7.0264215469360352,7.1178498268127441,7.345003604888916,7.5458579063415527,7.6088180541992188
PERMITMW,2023-08-31,5.1859631538391113,5.2121362686157227,5.289912223815918,5.3710436820983887,5.3990821838378906
PERMITMW,2023-09-30,5.1571683883666992,5.1918802261352539,5.2899031639099121,5.3817157745361328,5.4127106666564941
PERMITMW,2023-10-31,5.144658088684082,5.1836247444152832,5.2923030853271484,5.3985114097595215,5.433037281036377
PERMITMW,2023-11-30,5.1362495422363281,5.1750268936157227,5.2890253067016602,5.4040980339050293,5.4404687881469727
PERMITMW,2023-12-31,5.1121320724487305,5.1599245071411133,5.2981081008911133,5.4296298027038574,5.4705815315246582
PERMITMW,2024-01-31,5.1089935302734375,5.1553950309753418,5.2992463111877441,5.4468393325805664,5.492314338684082
PERMITMW,2024-02-29,5.1038188934326172,5.1541328430175781,5.303370475769043,5.4568848609924316,5.5040335655212402
PERMITMW,2024-03-31,5.0892624855041504,5.1433010101318359,5.3032488822937012,5.4646720886230469,5.5136065483093262
PERMITMW,2024-04-30,5.0827112197875977,5.1382803916931152,5.3020925521850586,5.4713387489318848,5.5241985321044922
PERMITMW,2024-05-31,5.0736527442932129,5.1330595016479492,5.3016295433044434,5.4719858169555664,5.5238175392150879
PERMITMW,2024-06-30,5.0663337707519531,5.1257710456848145,5.2998113632202148,5.4738020896911621,5.5283966064453125
PERMITMW,2024-07-31,5.0617561340332031,5.1216716766357422,5.3021245002746582,5.4770808219909668,5.5312943458557129
PERMITMW,2024-08-31,5.0486078262329102,5.1125192642211914,5.30206298828125,5.4857072830200195,5.5441303253173828
PERMITMW,2024-09-30,5.0439114570617676,5.1095657348632812,5.3010392189025879,5.491706371307373,5.5510611534118652
PERMITMW,2024-10-31,5.0333309173583984,5.1033873558044434,5.3025250434875488,5.4973659515380859,5.5578899383544922
PERMITMW,2024-11-30,5.0286359786987305,5.0980191230773926,5.3044514656066895,5.507319450378418,5.5693755149841309
PERMITMW,2024-12-31,5.0116081237792969,5.0884780883789062,5.3178539276123047,5.5500211715698242,5.6253986358642578
PERMITMW,2025-01-31,5.0103216171264648,5.0874514579772949,5.3181700706481934,5.5442824363708496,5.6167926788330078
PERMITMW,2025-02-28,5.0107150077819824,5.0886855125427246,5.3183126449584961,5.541938304901123,5.6140642166137695
PERMITMW,2025-03-31,5.0041289329528809,5.0856814384460449,5.3173799514770508,5.5465435981750488,5.6222028732299805
PERMITMW,2025-04-30,5.0076117515563965,5.0894780158996582,5.3222007751464844,5.5473394393920898,5.6209425926208496
PERMITMW,2025-05-31,5.0071392059326172,5.0881743431091309,5.3243093490600586,5.552861213684082,5.6297879219055176
PERMITMW,2025-06-30,5.0107936859130859,5.09326171875,5.3267226219177246,5.5588321685791016,5.6376967430114746
PERMITMW,2025-07-31,5.0050835609436035,5.0900249481201172,5.3292293548583984,5.5646514892578125,5.6435613632202148
PERMITNE,2023-08-31,4.7265563011169434,4.778559684753418,4.9124116897583008,5.0540237426757812,5.1089668273925781
PERMITNE,2023-09-30,4.693702220916748,4.7553915977478027,4.9140634536743164,5.0723772048950195,5.1351346969604492
PERMITNE,2023-10-31,4.6768555641174316,4.7427372932434082,4.9118204116821289,5.0836801528930664,5.1493678092956543
PERMITNE,2023-11-30,4.6619067192077637,4.7300906181335449,4.9116649627685547,5.0977473258972168,5.167943000793457
PERMITNE,2023-12-31,4.6450672149658203,4.7219357490539551,4.931490421295166,5.1379528045654297,5.215052604675293
PERMITNE,2024-01-31,4.6246137619018555,4.7021932601928711,4.9173851013183594,5.1369104385375977,5.2180094718933105
PERMITNE,2024-02-29,4.6304807662963867,4.7102146148681641,4.9251728057861328,5.1482877731323242,5.2315168380737305
PERMITNE,2024-03-31,4.6173186302185059,4.7007112503051758,4.9249906539916992,5.1594691276550293,5.2475557327270508
PERMITNE,2024-04-30,4.6113777160644531,4.6979923248291016,4.9270730018615723,5.1600871086120605,5.2475309371948242
PERMITNE,2024-05-31,4.603154182434082,4.6932592391967773,4.927708625793457,5.1660051345825195,5.2574796676635742
PERMITNE,2024-06-30,4.596588134765625,4.6885948181152344,4.9281477928161621,5.165522575378418,5.2550477981567383
PERMITNE,2024-07-31,4.5955333709716797,4.6847853660583496,4.9269161224365234,5.1648669242858887,5.2535533905029297
PERMITNE,2024-08-31,4.5759282112121582,4.6704277992248535,4.9263458251953125,5.1724696159362793,5.2661752700805664
PERMITNE,2024-09-30,4.5678830146789551,4.6651115417480469,4.9229073524475098,5.1712841987609863,5.2633285522460938
PERMITNE,2024-10-31,4.5607104301452637,4.6608257293701172,4.9245686531066895,5.1791677474975586,5.2768559455871582
PERMITNE,2024-11-30,4.5592379570007324,4.6570568084716797,4.9273891448974609,5.1886491775512695,5.2860331535339355
PERMITNE,2024-12-31,4.5253429412841797,4.6339335441589355,4.9302701950073242,5.2245297431945801,5.3327836990356445
PERMITNE,2025-01-31,4.5220346450805664,4.6328339576721191,4.936859130859375,5.2322955131530762,5.3401703834533691
PERMITNE,2025-02-28,4.5223021507263184,4.6330809593200684,4.9343729019165039,5.2296695709228516,5.3388080596923828
PERMITNE,2025-03-31,4.5061726570129395,4.6227445602416992,4.9308595657348633,5.2300357818603516,5.3411059379577637
PERMITNE,2025-04-30,4.5118632316589355,4.6262068748474121,4.9321823120117188,5.2360877990722656,5.353085994720459
PERMITNE,2025-05-31,4.5027060508728027,4.6193575859069824,4.9333405494689941,5.2354602813720703,5.3490810394287109
PERMITNE,2025-06-30,4.5103540420532227,4.6278419494628906,4.9354896545410156,5.2356791496276855,5.3506827354431152
PERMITNE,2025-07-31,4.5073995590209961,4.6263504028320312,4.9381084442138672,5.244534969329834,5.36236572265625
PERMITS,2023-08-31,6.6125555038452148,6.6399044990539551,6.7115182876586914,6.7722148895263672,6.7918529510498047
PERMITS,2023-09-30,6.5981512069702148,6.6301980018615723,6.712677001953125,6.7844858169555664,6.8081784248352051
PERMITS,2023-10-31,6.5826044082641602,6.6187286376953125,6.7115926742553711,6.7964415550231934,6.8228631019592285
PERMITS,2023-11-30,6.5731840133666992,6.6127567291259766,6.7131085395812988,6.8041925430297852,6.8335990905761719
PERMITS,2023-12-31,6.5573601722717285,6.6003255844116211,6.709953784942627,6.8183355331420898,6.8536109924316406
PERMITS,2024-01-31,6.5503954887390137,6.5956497192382812,6.7118868827819824,6.8231844902038574,6.8588347434997559
PERMITS,2024-02-29,6.5335283279418945,6.5812058448791504,6.7104182243347168,6.8283543586730957,6.8660554885864258
PERMITS,2024-03-31,6.5211434364318848,6.570622444152832,6.7095332145690918,6.8369946479797363,6.8767709732055664
PERMITS,2024-04-30,6.5089330673217773,6.5615043640136719,6.7079644203186035,6.8470277786254883,6.8900237083435059
PERMITS,2024-05-31,6.4997029304504395,6.5534143447875977,6.7071175575256348,6.8491253852844238,6.8936643600463867
PERMITS,2024-06-30,6.4923105239868164,6.549464225769043,6.7039656639099121,6.8508749008178711,6.8973069190979004
PERMITS,2024-07-31,6.481745719909668,6.5371747016906738,6.7019596099853516,6.8547825813293457,6.9022703170776367
PERMITS,2024-08-31,6.472501277923584,6.5301966667175293,6.7030305862426758,6.8584418296813965,6.9077639579772949
PERMITS,2024-09-30,6.4687561988830566,6.5283117294311523,6.6999597549438477,6.8640966415405273,6.9173598289489746
PERMITS,2024-10-31,6.4550518989562988,6.5152525901794434,6.6998577117919922,6.8670263290405273,6.9193515777587891
PERMITS,2024-11-30,6.4450020790100098,6.5089154243469238,6.7015728950500488,6.8774733543395996,6.9326004981994629
PERMITS,2024-12-31,6.4110097885131836,6.4902567863464355,6.7027840614318848,6.8928647041320801,6.9525060653686523
PERMITS,2025-01-31,6.4063224792480469,6.4870986938476562,6.7045073509216309,6.8949136734008789,6.9596390724182129
PERMITS,2025-02-28,6.402946949005127,6.4847469329833984,6.7054452896118164,6.8967709541320801,6.9621601104736328
PERMITS,2025-03-31,6.3998656272888184,6.4820170402526855,6.7035331726074219,6.9067821502685547,6.9738349914550781
PERMITS,2025-04-30,6.3912258148193359,6.4768638610839844,6.7010889053344727,6.9085416793823242,6.9769363403320312
PERMITS,2025-05-31,6.391054630279541,6.4760570526123047,6.7040801048278809,6.9137253761291504,6.982053279876709
PERMITS,2025-06-30,6.3851609230041504,6.4722757339477539,6.7045688629150391,6.9179120063781738,6.9888677597045898
PERMITS,2025-07-31,6.3802452087402344,6.4689993858337402,6.707674503326416,6.9257287979125977,6.9975476264953613
PERMITW,2023-08-31,5.7201337814331055,5.7517032623291016,5.8368539810180664,5.9300689697265625,5.9635758399963379
PERMITW,2023-09-30,5.6861786842346191,5.7272567749023438,5.8391284942626953,5.9464387893676758,5.983396053314209
PERMITW,2023-10-31,5.6710515022277832,5.7177367210388184,5.8431186676025391,5.9641261100769043,6.0026488304138184
PERMITW,2023-11-30,5.6510181427001953,5.7016544342041016,5.848090648651123,5.984710693359375,6.0304718017578125
PERMITW,2023-12-31,5.6368436813354492,5.6949062347412109,5.8544635772705078,6.0096821784973145,6.0587882995605469
PERMITW,2024-01-31,5.6175379753112793,5.6779522895812988,5.854464054107666,6.0154685974121094,6.0665898323059082
PERMITW,2024-02-29,5.5983195304870605,5.6652779579162598,5.8536720275878906,6.026123046875,6.0800108909606934
PERMITW,2024-03-31,5.5751438140869141,5.6481261253356934,5.8530583381652832,6.0401663780212402,6.0970439910888672
PERMITW,2024-04-30,5.574124813079834,5.6456470489501953,5.8516340255737305,6.042384147644043,6.0998578071594238
PERMITW,2024-05-31,5.5556039810180664,5.6334638595581055,5.8516507148742676,6.0541205406188965,6.1177568435668945
PERMITW,2024-06-30,5.5519628524780273,5.6317367553710938,5.855344295501709,6.0621438026428223,6.1234588623046875
PERMITW,2024-07-31,5.5437874794006348,5.6235642433166504,5.8519172668457031,6.0628414154052734,6.1251463890075684
PERMITW,2024-08-31,5.5186371803283691,5.6028041839599609,5.8491535186767578,6.0688953399658203,6.1356830596923828
PERMITW,2024-09-30,5.5194363594055176,5.604771614074707,5.8519020080566406,6.0792407989501953,6.1488337516784668
PERMITW,2024-10-31,5.509523868560791,5.5992999076843262,5.8561568260192871,6.0842962265014648,6.1534771919250488
PERMITW,2024-11-30,5.5179386138916016,5.6026053428649902,5.8561458587646484,6.0950527191162109,6.1669230461120605
PERMITW,2024-12-31,5.458867073059082,5.5698323249816895,5.863196849822998,6.1188135147094727,6.1996970176696777
PERMITW,2025-01-31,5.4603042602539062,5.5694518089294434,5.8609404563903809,6.1279873847961426,6.210503101348877
PERMITW,2025-02-28,5.4601001739501953,5.5703039169311523,5.8621726036071777,6.1305217742919922,6.2149868011474609
PERMITW,2025-03-31,5.4518280029296875,5.5672421455383301,5.8636074066162109,6.1268291473388672,6.2119903564453125
PERMITW,2025-04-30,5.4430103302001953,5.5614047050476074,5.861691951751709,6.1368198394775391,6.2270660400390625
PERMITW,2025-05-31,5.4563798904418945,5.570836067199707,5.8689684867858887,6.1385717391967773,6.224698543548584
PERMITW,2025-06-30,5.4501338005065918,5.5683894157409668,5.872004508972168,6.1413946151733398,6.2276363372802734
PERMITW,2025-07-31,5.4393086433410645,5.5609474182128906,5.8714103698730469,6.150611400604248,6.2396073341369629
PPICMM,2023-08-31,-0.053644087165594101,-0.038007620722055435,0.0015463205054402351,0.040450125932693481,0.054828394204378128
PPICMM,2023-09-30,-0.059315226972103119,-0.042851664125919342,-0.00067839800613000989,0.042150050401687622,0.058242283761501312
PPICMM,2023-10-31,-0.060604434460401535,-0.043606951832771301,0.0012319278903305531,0.04744952917098999,0.06456349790096283
PPICMM,2023-11-30,-0.070342779159545898,-0.05291878804564476,-0.0069703157059848309,0.040560312569141388,0.059081032872200012
PPICMM,2023-12-31,-0.060784187167882919,-0.042411085218191147,0.0051645045168697834,0.055132403969764709,0.073778614401817322
PPICMM,2024-01-31,-0.071120604872703552,-0.051810607314109802,-0.0019649835303425789,0.049238745123147964,0.068379677832126617
PPICMM,2024-02-29,-0.069488294422626495,-0.050694417208433151,-0.00058056868147104979,0.050136983394622803,0.069089338183403015
PPICMM,2024-03-31,-0.069464631378650665,-0.050432536751031876,0.00044692258234135807,0.051618266850709915,0.070359840989112854
PPICMM,2024-04-30,-0.071189723908901215,-0.051968030631542206,-0.00060598290292546153,0.050903160125017166,0.069607682526111603
PPICMM,2024-05-31,-0.071141801774501801,-0.052276149392127991,-0.0005812131566926837,0.050902023911476135,0.069611988961696625
PPICMM,2024-06-30,-0.07217773050069809,-0.051934778690338135,-0.00010120286606252193,0.051140561699867249,0.069146797060966492
PPICMM,2024-07-31,-0.071134597063064575,-0.051939021795988083,-0.00031712488271296024,0.050213828682899475,0.068105548620223999
PPICMM,2024-08-31,-0.069682635366916656,-0.050623130053281784,0.00015542052278760821,0.050625164061784744,0.068407885730266571
PPICMM,2024-09-30,-0.069308333098888397,-0.050328072160482407,0.00023962539853528142,0.050551190972328186,0.068361259996891022
PPICMM,2024-10-31,-0.068224973976612091,-0.04987199604511261,5.6021752243395895e-05,0.049189478158950806,0.066844306886196136
PPICMM,2024-11-30,-0.069314874708652496,-0.050469212234020233,-0.00022109021665528417,0.04978581890463829,0.067903503775596619
PPICMM,2024-12-31,-0.069198369979858398,-0.049821987748146057,5.2819563279626891e-05,0.050297297537326813,0.069627180695533752
PPICMM,2025-01-31,-0.070434413850307465,-0.050444949418306351,0.00015907513443380594,0.050800856202840805,0.070275060832500458
PPICMM,2025-02-28,-0.069715581834316254,-0.050075400620698929,-4.1831634007394314e-05,0.050156429409980774,0.069482557475566864
PPICMM,2025-03-31,-0.068889908492565155,-0.050087712705135345,-0.00066153047373518348,0.049642361700534821,0.069534868001937866
PPICMM,2025-04-30,-0.069521181285381317,-0.049891509115695953,-0.00056467665126547217,0.049891587346792221,0.069927304983139038
PPICMM,2025-05-31,-0.070607095956802368,-0.050423234701156616,-0.00036014604847878218,0.04986143484711647,0.069618180394172668
PPICMM,2025-06-30,-0.069337494671344757,-0.049348447471857071,-0.00012849774793721735,0.048399128019809723,0.067635059356689453
PPICMM,2025-07-31,-0.067977003753185272,-0.048407837748527527,3.4723561839200556e-06,0.048036549240350723,0.067257702350616455
REALLN,2023-08-31,-0.0054800594225525856,-0.0035689950454980135,0.00024805849534459412,0.0039535686373710632,0.0057326648384332657
REALLN,2023-09-30,-0.0061901761218905449,-0.0041139032691717148,9.4589668151456863e-05,0.0040800143033266068,0.0059222746640443802
REALLN,2023-10-31,-0.0061620883643627167,-0.0039998814463615417,0.00050758256111294031,0.0049884775653481483,0.0069710938259959221
REALLN,2023-11-30,-0.0070523098111152649,-0.0047333668917417526,6.5457199525553733e-05,0.0046449443325400352,0.0066782692447304726
REALLN,2023-12-31,-0.0079218558967113495,-0.0055513754487037659,-0.00066196679836139083,0.0041092829778790474,0.0062498878687620163
REALLN,2024-01-31,-0.0074366079643368721,-0.0050597954541444778,6.4759449742268771e-05,0.0048962235450744629,0.0070337401703000069
REALLN,2024-02-29,-0.007407396100461483,-0.0050152735784649849,7.9531157098244876e-05,0.0048881284892559052,0.0070038903504610062
REALLN,2024-03-31,-0.0073999809101223946,-0.0050040250644087791,0.00011019210796803236,0.0049676187336444855,0.0071287564933300018
REALLN,2024-04-30,-0.0071848602965474129,-0.0048251980915665627,0.00013915311137679964,0.0047970237210392952,0.0068798372521996498
REALLN,2024-05-31,-0.0072592031210660934,-0.0048835426568984985,-1.9597093341872096e-05,0.0046071913093328476,0.0066891834139823914
REALLN,2024-06-30,-0.007119499146938324,-0.0047570886090397835,5.6738652347121388e-05,0.004500201903283596,0.0064887665212154388
REALLN,2024-07-31,-0.0070927385240793228,-0.0047884155064821243,-6.3697725636302494e-06,0.0044899638742208481,0.0064210575073957443
REALLN,2024-08-31,-0.007314927875995636,-0.0048894481733441353,7.1459711762145162e-05,0.0045210421085357666,0.0064566722139716148
REALLN,2024-09-30,-0.0071415361016988754,-0.0047448510304093361,6.3156701799016446e-05,0.0044635552912950516,0.0063364095985889435
REALLN,2024-10-31,-0.0072165150195360184,-0.0048248898237943649,3.6092882510274649e-05,0.0045291474089026451,0.0065100742504000664
REALLN,2024-11-30,-0.0072647584602236748,-0.0048914887011051178,2.1623640350298956e-05,0.0046220757067203522,0.0066235344856977463
REALLN,2024-12-31,-0.0073944898322224617,-0.0049932580441236496,1.9547929696273059e-05,0.0047556068748235703,0.0068533141165971756
REALLN,2025-01-31,-0.0073892753571271896,-0.0049711773172020912,3.8809994293842465e-05,0.0046816021203994751,0.0067389188334345818
REALLN,2025-02-28,-0.0071035996079444885,-0.0047712130472064018,7.259762060130015e-05,0.0045856256037950516,0.0066287638619542122
REALLN,2025-03-31,-0.0070224115625023842,-0.0046707503497600555,8.8307977421209216e-05,0.004548211582005024,0.0065868441015481949
REALLN,2025-04-30,-0.0067987842485308647,-0.0045721689239144325,2.9462065867846832e-05,0.0045688347890973091,0.0066879885271191597
REALLN,2025-05-31,-0.0065400386229157448,-0.0044071199372410774,7.3753231845330447e-05,0.0043847523629665375,0.0063849147409200668
REALLN,2025-06-30,-0.006490473635494709,-0.0043625310063362122,4.2942065192619339e-05,0.0043162545189261436,0.006323167122900486
REALLN,2025-07-31,-0.0066117811948060989,-0.0044384775683283806,4.3841871956828982e-05,0.0044176569208502769,0.0064912745729088783
RETAILx,2023-08-31,-0.01230657659471035,-0.007885366678237915,0.0018408407922834158,0.010776065289974213,0.014710050076246262
RETAILx,2023-09-30,-0.014556590467691422,-0.0098095647990703583,0.0009571458213031292,0.011779812164604664,0.016397647559642792
RETAILx,2023-10-31,-0.012298056855797768,-0.0075113042257726192,0.0040882783941924572,0.015125105157494545,0.019668594002723694
RETAILx,2023-11-30,-0.01232956163585186,-0.0075885453261435032,0.0041192932985723019,0.015257889404892921,0.019984565675258636
RETAILx,2023-12-31,-0.014157900586724281,-0.0091742165386676788,0.0025616297498345375,0.013874998316168785,0.018585922196507454
RETAILx,2024-01-31,-0.015369229018688202,-0.010175397619605064,0.0023546949960291386,0.014505323022603989,0.019526112824678421
RETAILx,2024-02-29,-0.014571055769920349,-0.0092629566788673401,0.0036052875220775604,0.015727460384368896,0.020690197125077248
RETAILx,2024-03-31,-0.014978434890508652,-0.0097312666475772858,0.0029062347020953894,0.015358269214630127,0.020527642220258713
RETAILx,2024-04-30,-0.015151064842939377,-0.0097519829869270325,0.0031300890259444714,0.014937879517674446,0.01992826908826828
RETAILx,2024-05-31,-0.015047945082187653,-0.0095223113894462585,0.0036997389979660511,0.015787495300173759,0.020932499319314957
RETAILx,2024-06-30,-0.015150103718042374,-0.0096852462738752365,0.0031827145721763372,0.015046043321490288,0.020124597474932671
RETAILx,2024-07-31,-0.014341503381729126,-0.0091250482946634293,0.0033449698239564896,0.014718096703290939,0.019465278834104538
RETAILx,2024-08-31,-0.015275454148650169,-0.0097376201301813126,0.0033853978384286165,0.01491967961192131,0.019746134057641029
RETAILx,2024-09-30,-0.015357965603470802,-0.0097986329346895218,0.0032407494727522135,0.014913175255060196,0.019624931737780571
RETAILx,2024-10-31,-0.015827713534235954,-0.010211369022727013,0.00292966328561306,0.01514374278485775,0.020344637334346771
RETAILx,2024-11-30,-0.015380861237645149,-0.0098847374320030212,0.0031665484420955181,0.015266459435224533,0.020291194319725037
RETAILx,2024-12-31,-0.016238581389188766,-0.010152021422982216,0.003583286888897419,0.016783824190497398,0.023074017837643623
RETAILx,2025-01-31,-0.016545277088880539,-0.01037931814789772,0.0035770221147686243,0.016708323732018471,0.022914005443453789
RETAILx,2025-02-28,-0.015939574688673019,-0.0099071618169546127,0.0037883925251662731,0.016658078879117966,0.022769317030906677
RETAILx,2025-03-31,-0.016125144436955452,-0.0099698863923549652,0.0037034607958048582,0.01681925356388092,0.023111550137400627
RETAILx,2025-04-30,-0.015965057536959648,-0.0099530760198831558,0.0035260231234133244,0.016857219859957695,0.023378359153866768
RETAILx,2025-05-31,-0.016131432726979256,-0.010148452594876289,0.0035450079012662172,0.016779396682977676,0.023245848715305328
RETAILx,2025-06-30,-0.015613077208399773,-0.009670555591583252,0.0036411797627806664,0.016624366864562035,0.023071696981787682
RETAILx,2025-07-31,-0.015528619289398193,-0.0095914397388696671,0.0035879714414477348,0.016622927039861679,0.023071561008691788
RPI,2023-08-31,-0.0028348513878881931,-0.0013120730873197317,0.0016810038359835744,0.0043631447479128838,0.0055935569107532501
RPI,2023-09-30,-0.00233113719150424,-0.00075362273491919041,0.0024236931931227446,0.0053905672393739223,0.0067710001021623611
RPI,2023-10-31,-0.0024706833064556122,-0.00084931333549320698,0.0023977416567504406,0.0054543172009289265,0.0067492104135453701
RPI,2023-11-30,-0.0024788654409348965,-0.00083408900536596775,0.0026866407133638859,0.0059903874062001705,0.0073684463277459145
RPI,2023-12-31,-0.0028456277213990688,-0.0010497418697923422,0.002744981786236167,0.0065212124027311802,0.0080198999494314194
RPI,2024-01-31,-0.0032307258807122707,-0.0014190920628607273,0.0024626047816127539,0.0063117370009422302,0.0078876782208681107
RPI,2024-02-29,-0.003227622713893652,-0.0013156954664736986,0.0024744255933910608,0.0061094304546713829,0.0076289195567369461
RPI,2024-03-31,-0.0036680432967841625,-0.0016943057999014854,0.0022457842715084553,0.0058636777102947235,0.0073007442988455296
RPI,2024-04-30,-0.0035605053417384624,-0.0016431738622486591,0.0023459317162632942,0.0061983983032405376,0.0077982181683182716
RPI,2024-05-31,-0.003863130696117878,-0.0018711495213210583,0.0024457366671413183,0.006309952586889267,0.0078670168295502663
RPI,2024-06-30,-0.0036702738143503666,-0.0017021885141730309,0.0024099336005747318,0.006107221357524395,0.0076896781101822853
RPI,2024-07-31,-0.0039037964306771755,-0.0019207093864679337,0.0023629369679838419,0.0061540836468338966,0.0076974132098257542
RPI,2024-08-31,-0.0040572020225226879,-0.0020864778198301792,0.0023860812652856112,0.0065131732262670994,0.0081896930932998657
RPI,2024-09-30,-0.0043922220356762409,-0.0023079458624124527,0.0022449968382716179,0.0064311819151043892,0.0081119192764163017
RPI,2024-10-31,-0.0041725295595824718,-0.0021889866329729557,0.0021605123765766621,0.0063378452323377132,0.0080271624028682709
RPI,2024-11-30,-0.0043349340558052063,-0.0022716601379215717,0.0022198355291038752,0.0066147255711257458,0.0083573982119560242
RPI,2024-12-31,-0.006660794373601675,-0.0035723764449357986,0.0026355977170169353,0.0089718122035264969,0.011931221932172775
RPI,2025-01-31,-0.0063435579650104046,-0.0034008687362074852,0.0023718047887086868,0.0079249516129493713,0.010677073150873184
RPI,2025-02-28,-0.0053158979862928391,-0.0025739041157066822,0.0023038177751004696,0.0069545796141028404,0.0094346972182393074
RPI,2025-03-31,-0.0046403063461184502,-0.0021560164168477058,0.0022935112938284874,0.0065882885828614235,0.0089206155389547348
RPI,2025-04-30,-0.0050499951466917992,-0.0025184815749526024,0.0021357056684792042,0.0065410849638283253,0.0087343081831932068
RPI,2025-05-31,-0.0044499658979475498,-0.0021125362254679203,0.0022361066658049822,0.00644294498488307,0.0085558034479618073
RPI,2025-06-30,-0.0043024574406445026,-0.0019775815308094025,0.0021926464978605509,0.0061564003117382526,0.0081546250730752945
RPI,2025-07-31,-0.0041547431610524654,-0.0019459850154817104,0.0021024309098720551,0.0059581557288765907,0.0077852844260632992
S&P 500,2023-08-31,-0.043176751583814621,-0.027183277532458305,0.010540029965341091,0.043058574199676514,0.053825750946998596
S&P 500,2023-09-30,-0.043854769319295883,-0.027676081284880638,0.010903125628829002,0.044157110154628754,0.055047057569026947
S&P 500,2023-10-31,-0.043702021241188049,-0.027597462758421898,0.011437118053436279,0.045759789645671844,0.056916031986474991
S&P 500,2023-11-30,-0.047073785215616226,-0.029716594144701958,0.01086917519569397,0.045489087700843811,0.056737177073955536
S&P 500,2023-12-31,-0.045733112841844559,-0.028610492125153542,0.011866765096783638,0.046923525631427765,0.05817689374089241
S&P 500,2024-01-31,-0.046468455344438553,-0.02980869822204113,0.011014347895979881,0.046254511922597885,0.057366278022527695
S&P 500,2024-02-29,-0.048112388700246811,-0.030816620215773582,0.010560356080532074,0.045672003179788589,0.056684341281652451
S&P 500,2024-03-31,-0.048955272883176804,-0.031411264091730118,0.010104523971676826,0.045602712780237198,0.057058986276388168
S&P 500,2024-04-30,-0.048953860998153687,-0.031437549740076065,0.0099313603714108467,0.045252103358507156,0.056640066206455231
S&P 500,2024-05-31,-0.049417838454246521,-0.031530413776636124,0.0099517246708273888,0.045539233833551407,0.057353436946868896
S&P 500,2024-06-30,-0.050031386315822601,-0.031870573759078979,0.0097485380247235298,0.045463956892490387,0.057216078042984009
S&P 500,2024-07-31,-0.049495618790388107,-0.031926203519105911,0.0095943845808506012,0.044871021062135696,0.05623946338891983
S&P 500,2024-08-31,-0.050245445221662521,-0.032274045050144196,0.010173403657972813,0.045134346932172775,0.056469671428203583
S&P 500,2024-09-30,-0.049737971276044846,-0.031825874000787735,0.01000656932592392,0.045285377651453018,0.056486021727323532
S&P 500,2024-10-31,-0.049705963581800461,-0.031799811869859695,0.01025558914989233,0.045932542532682419,0.057513576000928879
S&P 500,2024-11-30,-0.048475928604602814,-0.031159067526459694,0.010523746721446514,0.046458076685667038,0.058081626892089844
S&P 500,2024-12-31,-0.046952053904533386,-0.028775287792086601,0.011617358773946762,0.046505015343427658,0.058600619435310364
S&P 500,2025-01-31,-0.047115109860897064,-0.029070967808365822,0.011673452332615852,0.046299375593662262,0.058117181062698364
S&P 500,2025-02-28,-0.047047980129718781,-0.029099775478243828,0.011273576878011227,0.046139713376760483,0.058165319263935089
S&P 500,2025-03-31,-0.048914935439825058,-0.030282648280262947,0.010696112178266048,0.04536902904510498,0.057439319789409637
S&P 500,2025-04-30,-0.048204708844423294,-0.030064305290579796,0.010618939064443111,0.0457150898873806,0.058107275515794754
S&P 500,2025-05-31,-0.047747381031513214,-0.029815828427672386,0.010926926508545876,0.045277439057826996,0.057071927934885025
S&P 500,2025-06-30,-0.047680474817752838,-0.029529744759202003,0.010771214962005615,0.044428359717130661,0.055970866233110428
S&P 500,2025-07-31,-0.048720266669988632,-0.030129833146929741,0.010568437166512012,0.044621553272008896,0.056447312235832214
S&P PE ratio,2023-08-31,-0.040897339582443237,-0.023976186290383339,0.016189549118280411,0.051900312304496765,0.065388359129428864
S&P PE ratio,2023-09-30,-0.047101132571697235,-0.02850295789539814,0.016521798446774483,0.057077143341302872,0.072123788297176361
S&P PE ratio,2023-10-31,-0.049774456769227982,-0.030743436887860298,0.015895852819085121,0.060132130980491638,0.076340898871421814
S&P PE ratio,2023-11-30,-0.054532036185264587,-0.034488767385482788,0.014386935159564018,0.059295523911714554,0.075648292899131775
S&P PE ratio,2023-12-31,-0.05544712021946907,-0.034289740025997162,0.01645134761929512,0.06329037994146347,0.079841755330562592
S&P PE ratio,2024-01-31,-0.059462938457727432,-0.038913168013095856,0.012276999652385712,0.060542929917573929,0.077620230615139008
S&P PE ratio,2024-02-29,-0.061753284186124802,-0.04053819552063942,0.011532226577401161,0.059610214084386826,0.076837129890918732
S&P PE ratio,2024-03-31,-0.065345488488674164,-0.043602358549833298,0.0090661542490124702,0.058684006333351135,0.077114738523960114
S&P PE ratio,2024-04-30,-0.066579259932041168,-0.044219646602869034,0.0086649414151906967,0.058031145483255386,0.076447963714599609
S&P PE ratio,2024-05-31,-0.067580446600914001,-0.044901575893163681,0.0081541426479816437,0.05834507942199707,0.077743910253047943
S&P PE ratio,2024-06-30,-0.069527603685855865,-0.046079084277153015,0.0072035263292491436,0.05764736607670784,0.076999880373477936
S&P PE ratio,2024-07-31,-0.070010967552661896,-0.047250252217054367,0.0066557629033923149,0.057069949805736542,0.076120428740978241
S&P PE ratio,2024-08-31,-0.070822276175022125,-0.047627747058868408,0.0069536082446575165,0.057855933904647827,0.077485829591751099
S&P PE ratio,2024-09-30,-0.071378909051418304,-0.048023894429206848,0.0068249315954744816,0.058760058134794235,0.078470960259437561
S&P PE ratio,2024-10-31,-0.071339644491672516,-0.048000853508710861,0.0073749972507357597,0.059202335774898529,0.079399995505809784
S&P PE ratio,2024-11-30,-0.071561761200428009,-0.048204079270362854,0.0079663088545203209,0.060863759368658066,0.081520818173885345
S&P PE ratio,2024-12-31,-0.084244370460510254,-0.050476111471652985,0.0075749591924250126,0.061198264360427856,0.089155577123165131
S&P PE ratio,2025-01-31,-0.085434392094612122,-0.051750626415014267,0.0069415662437677383,0.060552474111318588,0.088369712233543396
S&P PE ratio,2025-02-28,-0.084761306643486023,-0.051809370517730713,0.0062562846578657627,0.059972606599330902,0.088201552629470825
S&P PE ratio,2025-03-31,-0.087214767932891846,-0.053491368889808655,0.0049667404964566231,0.058803897351026535,0.087370172142982483
S&P PE ratio,2025-04-30,-0.086868584156036377,-0.053182810544967651,0.0051821041852235794,0.059734571725130081,0.08941323310136795
S&P PE ratio,2025-05-31,-0.087143957614898682,-0.053204115480184555,0.0059211524203419685,0.059630177915096283,0.088767111301422119
S&P PE ratio,2025-06-30,-0.086615718901157379,-0.052396349608898163,0.0059816227294504642,0.059935480356216431,0.089163891971111298
S&P PE ratio,2025-07-31,-0.089959368109703064,-0.05435606837272644,0.0058358293026685715,0.060665871948003769,0.089770883321762085
S&P div yield,2023-08-31,-0.090648822486400604,-0.067682646214962006,-0.0070226066745817661,0.064645886421203613,0.099722713232040405
S&P div yield,2023-09-30,-0.10285390913486481,-0.078306987881660461,-0.014291570521891117,0.059857316315174103,0.095505669713020325
S&P div yield,2023-10-31,-0.10558275878429413,-0.080800421535968781,-0.015486439689993858,0.06145806610584259,0.097506962716579437
S&P div yield,2023-11-30,-0.10509408265352249,-0.079954631626605988,-0.012838618829846382,0.065497733652591705,0.10288749635219574
S&P div yield,2023-12-31,-0.11037185788154602,-0.084124863147735596,-0.01615661196410656,0.063584171235561371,0.10193757712841034
S&P div yield,2024-01-31,-0.1114819198846817,-0.085376530885696411,-0.013408282771706581,0.067851342260837555,0.10725134611129761
S&P div yield,2024-02-29,-0.11091886460781097,-0.084135867655277252,-0.01241159625351429,0.069823861122131348,0.10938451439142227
S&P div yield,2024-03-31,-0.11102802306413651,-0.084028623998165131,-0.011736837215721607,0.072295419871807098,0.11281923949718475
S&P div yield,2024-04-30,-0.11110503226518631,-0.083943061530590057,-0.010580058209598064,0.070839636027812958,0.10984490811824799
S&P div yield,2024-05-31,-0.11254184693098068,-0.084251478314399719,-0.010225904174149036,0.072705410420894623,0.1122690811753273
S&P div yield,2024-06-30,-0.11190393567085266,-0.084411591291427612,-0.010216638445854187,0.071577675640583038,0.10977581888437271
S&P div yield,2024-07-31,-0.11086162924766541,-0.083702355623245239,-0.010627176612615585,0.069857776165008545,0.10741356760263443
S&P div yield,2024-08-31,-0.11491286009550095,-0.086203202605247498,-0.010779613628983498,0.069269366562366486,0.1072237566113472
S&P div yield,2024-09-30,-0.11461976915597916,-0.086136743426322937,-0.011398396454751492,0.069178216159343719,0.10592630505561829
S&P div yield,2024-10-31,-0.11411514133214951,-0.086497686803340912,-0.012537363916635513,0.069162331521511078,0.10843332856893539
S&P div yield,2024-11-30,-0.11892381310462952,-0.089874640107154846,-0.01480172760784626,0.067046783864498138,0.10497944056987762
S&P div yield,2024-12-31,-0.12276006489992142,-0.092818208038806915,-0.016282994300127029,0.067807435989379883,0.10620906949043274
S&P div yield,2025-01-31,-0.12293670326471329,-0.093007147312164307,-0.017468355596065521,0.06515096127986908,0.1032881960272789
S&P div yield,2025-02-28,-0.12004023790359497,-0.091062031686306,-0.01802082359790802,0.063183523714542389,0.10087431222200394
S&P div yield,2025-03-31,-0.11568792164325714,-0.086993619799613953,-0.01487338449805975,0.064362488687038422,0.10162761807441711
S&P div yield,2025-04-30,-0.11315726488828659,-0.084914833307266235,-0.014789962209761143,0.064220331609249115,0.10148083418607712
S&P div yield,2025-05-31,-0.11213289946317673,-0.085037052631378174,-0.015012651681900024,0.062463589012622833,0.099070087075233459
S&P div yield,2025-06-30,-0.10875603556632996,-0.081800647079944611,-0.013137933798134327,0.063709303736686707,0.10031072050333023
S&P div yield,2025-07-31,-0.10823775082826614,-0.081209294497966766,-0.011827319860458374,0.065206289291381836,0.10141422599554062
SRVPRD,2023-08-31,-1.5056808479130268e-05,0.00036122510209679604,0.0012447440531104803,0.0021033110097050667,0.0024177343584597111
SRVPRD,2023-09-30,2.1411804482340813e-05,0.00042911095079034567,0.0013522434746846557,0.0022448129020631313,0.0026121709961444139
SRVPRD,2023-10-31,-0.00017350947018712759,0.00029926805291324854,0.0013436937006190419,0.00231125857681036,0.0026723477058112621
SRVPRD,2023-11-30,-0.00012927292846143246,0.00032488768920302391,0.0014001677045598626,0.0024130814708769321,0.0027767191641032696
SRVPRD,2023-12-31,-0.00019319064449518919,0.00030019704718142748,0.0013986577978357673,0.0024855593219399452,0.0028652765322476625
SRVPRD,2024-01-31,-0.00038309989031404257,0.00015302759129554033,0.0013988865539431572,0.0025201602838933468,0.0029300174210220575
SRVPRD,2024-02-29,-0.00042274035513401031,0.00015264598187059164,0.0014331325655803084,0.0026461058296263218,0.0030942696612328291
SRVPRD,2024-03-31,-0.00053722551092505455,5.837087519466877e-05,0.001473373849876225,0.0028036464937031269,0.003285721642896533
SRVPRD,2024-04-30,-0.00063205254264175892,-6.0372985899448395e-06,0.0014554928056895733,0.0027821369003504515,0.0032917181961238384
SRVPRD,2024-05-31,-0.00066401204094290733,-5.1873037591576576e-05,0.0014335633022710681,0.0027956222184002399,0.0033114184625446796
SRVPRD,2024-06-30,-0.00074978498741984367,-0.0001072208397090435,0.0014284133212640882,0.0028060232289135456,0.0033509335480630398
SRVPRD,2024-07-31,-0.00095085077919065952,-0.00027877325192093849,0.0013505651149898767,0.002774030901491642,0.0033076605759561062
SRVPRD,2024-08-31,-0.00088333757594227791,-0.00025011494290083647,0.0013623961713165045,0.0028298702090978622,0.0033782664686441422
SRVPRD,2024-09-30,-0.00088633154518902302,-0.00020134937949478626,0.001440146123059094,0.002959021832793951,0.003527926979586482
SRVPRD,2024-10-31,-0.00079114595428109169,-0.00013340741861611605,0.0015068333595991135,0.0030123484320938587,0.003579325508326292
SRVPRD,2024-11-30,-0.00093055795878171921,-0.00021861016284674406,0.0014532397035509348,0.0029717246070504189,0.0035312301479279995
SRVPRD,2024-12-31,-0.0012648920528590679,-0.00046150851994752884,0.0014152397634461522,0.0031941402703523636,0.0038823892828077078
SRVPRD,2025-01-31,-0.001301788492128253,-0.00047072058077901602,0.0014387156115844846,0.0032370518893003464,0.0039739483036100864
SRVPRD,2025-02-28,-0.0012540388852357864,-0.00043236766941845417,0.0014637566637247801,0.0032736547291278839,0.0039881821721792221
SRVPRD,2025-03-31,-0.0011708347592502832,-0.00037067325320094824,0.0015001875581219792,0.0032943335827440023,0.0040098791942000389
SRVPRD,2025-04-30,-0.0013153534382581711,-0.00048598682042211294,0.0014647823991253972,0.0033462445717304945,0.0040704435668885708
SRVPRD,2025-05-31,-0.0011933245696127415,-0.00039446540176868439,0.0014986994210630655,0.0033844928257167339,0.0041557229124009609
SRVPRD,2025-06-30,-0.0012432762887328863,-0.00039629591628909111,0.0015082985628396273,0.0033848532475531101,0.0041550323367118835
SRVPRD,2025-07-31,-0.0013689831830561161,-0.00052149663679301739,0.0014120535925030708,0.0033510474022477865,0.0041130539029836655
T10YFFM,2023-08-31,-1.7754049301147461,-1.6231698989868164,-1.2564716339111328,-0.94035458564758301,-0.77541089057922363
T10YFFM,2023-09-30,-1.9128332138061523,-1.7336680889129639,-1.2348904609680176,-0.62509214878082275,-0.38740980625152588
T10YFFM,2023-10-31,-2.0904009342193604,-1.8567740917205811,-1.1712462902069092,-0.47259080410003662,-0.19851124286651611
T10YFFM,2023-11-30,-2.1675589084625244,-1.8827762603759766,-1.1082041263580322,-0.24034309387207031,0.06157982349395752
T10YFFM,2023-12-31,-2.3077876567840576,-1.980391263961792,-1.0227241516113281,-0.028916478157043457,0.30443060398101807
T10YFFM,2024-01-31,-2.3743190765380859,-2.0047564506530762,-0.94883871078491211,0.16291654109954834,0.51287662982940674
T10YFFM,2024-02-29,-2.4385159015655518,-2.0401101112365723,-0.87029027938842773,0.37079387903213501,0.74668806791305542
T10YFFM,2024-03-31,-2.4341433048248291,-2.0214982032775879,-0.74303364753723145,0.62369388341903687,1.0314109325408936
T10YFFM,2024-04-30,-2.5266916751861572,-2.0499284267425537,-0.65586328506469727,0.79089683294296265,1.2139294147491455
T10YFFM,2024-05-31,-2.537928581237793,-2.0562384128570557,-0.57876992225646973,0.91493576765060425,1.3667538166046143
T10YFFM,2024-06-30,-2.5838854312896729,-2.0744130611419678,-0.55730485916137695,0.99424874782562256,1.4609138965606689
T10YFFM,2024-07-31,-2.5725891590118408,-2.0708425045013428,-0.51396989822387695,1.1074368953704834,1.5938893556594849
T10YFFM,2024-08-31,-2.5945618152618408,-2.0770649909973145,-0.50264835357666016,1.1846215724945068,1.6860291957855225
T10YFFM,2024-09-30,-2.7119042873382568,-2.1630423069000244,-0.44703018665313721,1.2643156051635742,1.7723696231842041
T10YFFM,2024-10-31,-2.6864087581634521,-2.1353685855865479,-0.38334345817565918,1.3456339836120605,1.8587168455123901
T10YFFM,2024-11-30,-2.7331779003143311,-2.1567695140838623,-0.36800789833068848,1.427681565284729,1.9570187330245972
T10YFFM,2024-12-31,-2.6866157054901123,-2.0628037452697754,-0.20108520984649658,1.7199219465255737,2.3328444957733154
T10YFFM,2025-01-31,-2.7511460781097412,-2.0753414630889893,-0.14933478832244873,1.8330681324005127,2.4845719337463379
T10YFFM,2025-02-28,-2.6931159496307373,-2.0356070995330811,-0.13299453258514404,1.8459060192108154,2.5020160675048828
T10YFFM,2025-03-31,-2.7113597393035889,-2.0264689922332764,-0.071269035339355469,1.9508962631225586,2.6159002780914307
T10YFFM,2025-04-30,-2.7073509693145752,-2.0341272354125977,-0.022282719612121582,2.0177922248840332,2.6868023872375488
T10YFFM,2025-05-31,-2.7530982494354248,-2.0356531143188477,0.0251617431640625,2.0958824157714844,2.735405445098877
T10YFFM,2025-06-30,-2.7111132144927979,-2.0031187534332275,0.07779848575592041,2.1069521903991699,2.7426023483276367
T10YFFM,2025-07-31,-2.6998207569122314,-1.996833324432373,0.11824929714202881,2.1830036640167236,2.844684362411499
T1YFFM,2023-08-31,-0.053620032966136932,0.050090145319700241,0.23039725422859192,0.41971823573112488,0.51209330558776855
T1YFFM,2023-09-30,-0.18885055184364319,-0.057355590164661407,0.23639562726020813,0.55325174331665039,0.69563180208206177
T1YFFM,2023-10-31,-0.33588597178459167,-0.16976925730705261,0.22771090269088745,0.65165805816650391,0.82697081565856934
T1YFFM,2023-11-30,-0.44403848052024841,-0.24890348315238953,0.23202481865882874,0.74412697553634644,0.94899648427963257
T1YFFM,2023-12-31,-0.51157212257385254,-0.30356791615486145,0.22155776619911194,0.81375610828399658,1.0471559762954712
T1YFFM,2024-01-31,-0.5548330545425415,-0.33802893757820129,0.22479832172393799,0.85656654834747314,1.1037746667861938
T1YFFM,2024-02-29,-0.61885702610015869,-0.38207042217254639,0.22274285554885864,0.90457314252853394,1.1688016653060913
T1YFFM,2024-03-31,-0.6715160608291626,-0.42378994822502136,0.21908083558082581,0.94662445783615112,1.2311158180236816
T1YFFM,2024-04-30,-0.72334802150726318,-0.45757982134819031,0.21828138828277588,0.99336022138595581,1.294075608253479
T1YFFM,2024-05-31,-0.73147773742675781,-0.47187325358390808,0.21193137764930725,1.0063216686248779,1.3113538026809692
T1YFFM,2024-06-30,-0.76054376363754272,-0.48647233843803406,0.20237976312637329,1.0108391046524048,1.3216440677642822
T1YFFM,2024-07-31,-0.77210187911987305,-0.50368225574493408,0.19418948888778687,0.98699027299880981,1.2968044281005859
T1YFFM,2024-08-31,-0.77385395765304565,-0.50632119178771973,0.18719862401485443,0.99607712030410767,1.3095357418060303
T1YFFM,2024-09-30,-0.79588931798934937,-0.52349972724914551,0.18507376313209534,1.0087143182754517,1.3284175395965576
T1YFFM,2024-10-31,-0.80213344097137451,-0.53197383880615234,0.17821267247200012,1.0199986696243286,1.3402788639068604
T1YFFM,2024-11-30,-0.84061640501022339,-0.55282789468765259,0.18392562866210938,1.0326557159423828,1.3610183000564575
T1YFFM,2024-12-31,-1.06812584400177,-0.65360432863235474,0.1601996123790741,1.1200227737426758,1.540179967880249
T1YFFM,2025-01-31,-1.0688703060150146,-0.65711283683776855,0.15963076055049896,1.0772258043289185,1.4762784242630005
T1YFFM,2025-02-28,-1.0521292686462402,-0.64822596311569214,0.15422573685646057,1.0506765842437744,1.4445911645889282
T1YFFM,2025-03-31,-1.0331941843032837,-0.63847637176513672,0.14986582100391388,1.0372664928436279,1.4279494285583496
T1YFFM,2025-04-30,-1.0155547857284546,-0.62841552495956421,0.15023969113826752,1.031578540802002,1.4160722494125366
T1YFFM,2025-05-31,-1.0146664381027222,-0.63218009471893311,0.15116718411445618,1.0091148614883423,1.3794963359832764
T1YFFM,2025-06-30,-1.0161046981811523,-0.63197731971740723,0.15067119896411896,1.0083572864532471,1.3790066242218018
T1YFFM,2025-07-31,-1.0314685106277466,-0.64292657375335693,0.14615015685558319,1.0008684396743774,1.382136344909668
T5YFFM,2023-08-31,-1.4417030811309814,-1.2899103164672852,-0.90963286161422729,-0.55464392900466919,-0.37646025419235229
T5YFFM,2023-09-30,-1.6198558807373047,-1.4120068550109863,-0.86392229795455933,-0.25022131204605103,-0.014797091484069824
T5YFFM,2023-10-31,-1.755122184753418,-1.512697696685791,-0.78748160600662231,-0.074893176555633545,0.18867409229278564
T5YFFM,2023-11-30,-1.8467168807983398,-1.5513758659362793,-0.71221870183944702,0.14640891551971436,0.42760396003723145
T5YFFM,2023-12-31,-1.9467141628265381,-1.6123378276824951,-0.62189227342605591,0.35959494113922119,0.67605245113372803
T5YFFM,2024-01-31,-2.0081357955932617,-1.6327261924743652,-0.54446357488632202,0.56380182504653931,0.8968920111656189
T5YFFM,2024-02-29,-2.0168190002441406,-1.6296062469482422,-0.46077877283096313,0.70850527286529541,1.057286262512207
T5YFFM,2024-03-31,-1.9999520778656006,-1.5985949039459229,-0.33572083711624146,0.92502808570861816,1.3022807836532593
T5YFFM,2024-04-30,-2.0446290969848633,-1.6045680046081543,-0.25467818975448608,1.0680572986602783,1.4607087373733521
T5YFFM,2024-05-31,-2.0566189289093018,-1.6131675243377686,-0.18111807107925415,1.1715465784072876,1.5892684459686279
T5YFFM,2024-06-30,-2.0746521949768066,-1.6028287410736084,-0.14436095952987671,1.2392377853393555,1.6603903770446777
T5YFFM,2024-07-31,-2.0854647159576416,-1.6125869750976562,-0.13499492406845093,1.2974144220352173,1.7288633584976196
T5YFFM,2024-08-31,-2.0863914489746094,-1.5985040664672852,-0.10783034563064575,1.3200118541717529,1.7639176845550537
T5YFFM,2024-09-30,-2.1779353618621826,-1.678818941116333,-0.086050808429718018,1.4000673294067383,1.8743244409561157
T5YFFM,2024-10-31,-2.1366374492645264,-1.6405036449432373,-0.059582352638244629,1.4395065307617188,1.9015201330184937
T5YFFM,2024-11-30,-2.1753532886505127,-1.6497132778167725,-0.01260143518447876,1.5089938640594482,1.9942643642425537
T5YFFM,2024-12-31,-2.2898628711700439,-1.6767616271972656,0.085247814655303955,1.7154532670974731,2.2798874378204346
T5YFFM,2025-01-31,-2.2970454692840576,-1.6644501686096191,0.11367684602737427,1.7810850143432617,2.370427131652832
T5YFFM,2025-02-28,-2.2448747158050537,-1.6159789562225342,0.14999210834503174,1.8120687007904053,2.413992166519165
T5YFFM,2025-03-31,-2.2536861896514893,-1.6137173175811768,0.16588765382766724,1.8625097274780273,2.4629106521606445
T5YFFM,2025-04-30,-2.2742273807525635,-1.61318039894104,0.20253103971481323,1.8776693344116211,2.4594879150390625
T5YFFM,2025-05-31,-2.2657680511474609,-1.5922279357910156,0.23239761590957642,1.9384391307830811,2.5085000991821289
T5YFFM,2025-06-30,-2.2518715858459473,-1.5860059261322021,0.26078087091445923,1.9676222801208496,2.5442845821380615
T5YFFM,2025-07-31,-2.2391905784606934,-1.5771858692169189,0.29091733694076538,1.9975659847259521,2.5872347354888916
TB3MS,2023-08-31,-0.12380966544151306,-0.05988200381398201,0.051856111735105515,0.19969786703586578,0.28418815135955811
TB3MS,2023-09-30,-0.18179364502429962,-0.10576857626438141,0.040690530091524124,0.20742513239383698,0.30075541138648987
TB3MS,2023-10-31,-0.20347599685192108,-0.12315137684345245,0.041158054023981094,0.23449079692363739,0.33564105629920959
TB3MS,2023-11-30,-0.22187748551368713,-0.13655431568622589,0.048124667257070541,0.26436126232147217,0.37581953406333923
TB3MS,2023-12-31,-0.24361854791641235,-0.15317559242248535,0.040031429380178452,0.27743110060691833,0.40225648880004883
TB3MS,2024-01-31,-0.23738276958465576,-0.14950728416442871,0.042818453162908554,0.2741016149520874,0.39699217677116394
TB3MS,2024-02-29,-0.23992152512073517,-0.14906644821166992,0.045614320784807205,0.27901884913444519,0.40404078364372253
TB3MS,2024-03-31,-0.25217369198799133,-0.15941254794597626,0.038738787174224854,0.28013274073600769,0.40870201587677002
TB3MS,2024-04-30,-0.24736683070659637,-0.15657700598239899,0.035550482571125031,0.27174979448318481,0.39815855026245117
TB3MS,2024-05-31,-0.25668385624885559,-0.16093111038208008,0.037336550652980804,0.27874612808227539,0.40669915080070496
TB3MS,2024-06-30,-0.25382375717163086,-0.16087830066680908,0.036475364118814468,0.2822214663028717,0.41224300861358643
TB3MS,2024-07-31,-0.26002401113510132,-0.16593725979328156,0.032802626490592957,0.27983307838439941,0.41006100177764893
TB3MS,2024-08-31,-0.27674394845962524,-0.17465983331203461,0.033876895904541016,0.28050056099891663,0.41115525364875793
TB3MS,2024-09-30,-0.27784281969070435,-0.1736641526222229,0.033294379711151123,0.28452610969543457,0.41731506586074829
TB3MS,2024-10-31,-0.28862759470939636,-0.1824527382850647,0.034422244876623154,0.28510421514511108,0.41963118314743042
TB3MS,2024-11-30,-0.29262006282806396,-0.18693046271800995,0.033895280212163925,0.2953760027885437,0.43408748507499695
TB3MS,2024-12-31,-0.34891626238822937,-0.21348997950553894,0.023021429777145386,0.31108787655830383,0.48894152045249939
TB3MS,2025-01-31,-0.33964937925338745,-0.20744523406028748,0.025191143155097961,0.3085881769657135,0.48735174536705017
TB3MS,2025-02-28,-0.32477211952209473,-0.1972275972366333,0.024955675005912781,0.30586770176887512,0.48248100280761719
TB3MS,2025-03-31,-0.32554271817207336,-0.19862698018550873,0.022527452558279037,0.30537164211273193,0.48032218217849731
TB3MS,2025-04-30,-0.33790984749794006,-0.20632371306419373,0.016510535031557083,0.30477547645568848,0.48241093754768372
TB3MS,2025-05-31,-0.31942522525787354,-0.19459891319274902,0.019874431192874908,0.29120162129402161,0.45746105909347534
TB3MS,2025-06-30,-0.32253912091255188,-0.19513067603111267,0.019751362502574921,0.29557815194129944,0.46488559246063232
TB3MS,2025-07-31,-0.33727520704269409,-0.20439928770065308,0.018191806972026825,0.2988000214099884,0.46694043278694153
TB3SMFFM,2023-08-31,-0.035907834768295288,0.012944519519805908,0.096189230680465698,0.23163554072380066,0.31601783633232117
TB3SMFFM,2023-09-30,-0.074353456497192383,-0.01656380295753479,0.091973334550857544,0.28286400437355042,0.38950386643409729
TB3SMFFM,2023-10-31,-0.11796343326568604,-0.048479646444320679,0.089965850114822388,0.32696780562400818,0.45058915019035339
TB3SMFFM,2023-11-30,-0.15209168195724487,-0.078274458646774292,0.090301334857940674,0.36506542563438416,0.50427556037902832
TB3SMFFM,2023-12-31,-0.19071128964424133,-0.11123374104499817,0.083593100309371948,0.39785155653953552,0.55934607982635498
TB3SMFFM,2024-01-31,-0.19820669293403625,-0.11733582615852356,0.081242084503173828,0.41000768542289734,0.58478343486785889
TB3SMFFM,2024-02-29,-0.23244619369506836,-0.14660966396331787,0.078048408031463623,0.43467870354652405,0.6233983039855957
TB3SMFFM,2024-03-31,-0.26899653673171997,-0.17654035985469818,0.078469634056091309,0.45784369111061096,0.65588033199310303
TB3SMFFM,2024-04-30,-0.27246260643005371,-0.1822439581155777,0.069814741611480713,0.46828481554985046,0.67835664749145508
TB3SMFFM,2024-05-31,-0.28620690107345581,-0.19348566234111786,0.062439143657684326,0.47710862755775452,0.69549214839935303
TB3SMFFM,2024-06-30,-0.29833883047103882,-0.20559138059616089,0.05792003870010376,0.48294088244438171,0.71448719501495361
TB3SMFFM,2024-07-31,-0.29688289761543274,-0.20363540947437286,0.056572556495666504,0.4905267059803009,0.72818458080291748
TB3SMFFM,2024-08-31,-0.3091580867767334,-0.21489475667476654,0.052105486392974854,0.49996545910835266,0.74045169353485107
TB3SMFFM,2024-09-30,-0.32303175330162048,-0.22493278980255127,0.048642754554748535,0.52188515663146973,0.76736342906951904
TB3SMFFM,2024-10-31,-0.35491034388542175,-0.25394928455352783,0.044179737567901611,0.53727447986602783,0.78581333160400391
TB3SMFFM,2024-11-30,-0.36640384793281555,-0.26279929280281067,0.044714570045471191,0.53974270820617676,0.79245281219482422
TB3SMFFM,2024-12-31,-0.40736836194992065,-0.2751961350440979,0.033776581287384033,0.6274113655090332,0.98455131053924561
TB3SMFFM,2025-01-31,-0.39037498831748962,-0.26403456926345825,0.031168878078460693,0.60402143001556396,0.96438944339752197
TB3SMFFM,2025-02-28,-0.37546366453170776,-0.25174495577812195,0.028293132781982422,0.56830143928527832,0.91349911689758301
TB3SMFFM,2025-03-31,-0.37267717719078064,-0.24737462401390076,0.029180347919464111,0.57046663761138916,0.90278792381286621
TB3SMFFM,2025-04-30,-0.38480070233345032,-0.25594767928123474,0.024299860000610352,0.55881810188293457,0.88019883632659912
TB3SMFFM,2025-05-31,-0.38103389739990234,-0.25107467174530029,0.018910735845565796,0.53275835514068604,0.84064793586730957
TB3SMFFM,2025-06-30,-0.39903375506401062,-0.26458016037940979,0.017308026552200317,0.53615415096282959,0.84641170501708984
TB3SMFFM,2025-07-31,-0.41195642948150635,-0.27085161209106445,0.022125869989395142,0.54570901393890381,0.86340475082397461
TB6MS,2023-08-31,-0.16417498886585236,-0.09359537810087204,0.042069166898727417,0.22635240852832794,0.32576456665992737
TB6MS,2023-09-30,-0.20893548429012299,-0.12660844624042511,0.04030223935842514,0.24484427273273468,0.35371169447898865
TB6MS,2023-10-31,-0.22987638413906097,-0.14369061589241028,0.037875361740589142,0.26895993947982788,0.3879753053188324
TB6MS,2023-11-30,-0.24370120465755463,-0.1542193591594696,0.038012534379959106,0.28729352355003357,0.41474118828773499
TB6MS,2023-12-31,-0.25969687104225159,-0.16655805706977844,0.032643049955368042,0.29597342014312744,0.43285226821899414
TB6MS,2024-01-31,-0.25588127970695496,-0.16552980244159698,0.033008784055709839,0.29191875457763672,0.42688092589378357
TB6MS,2024-02-29,-0.25892356038093567,-0.16610141098499298,0.035635508596897125,0.29918509721755981,0.43660581111907959
TB6MS,2024-03-31,-0.26973789930343628,-0.17409883439540863,0.032134421169757843,0.30212169885635376,0.441497802734375
TB6MS,2024-04-30,-0.26679781079292297,-0.17307409644126892,0.029336618259549141,0.30062270164489746,0.43948355317115784
TB6MS,2024-05-31,-0.27388045191764832,-0.17465230822563171,0.030607746914029121,0.30228275060653687,0.43972834944725037
TB6MS,2024-06-30,-0.26549050211906433,-0.17120431363582611,0.029831180348992348,0.29847759008407593,0.43555158376693726
TB6MS,2024-07-31,-0.26750016212463379,-0.17341020703315735,0.02725585363805294,0.29221358895301819,0.42660987377166748
TB6MS,2024-08-31,-0.2825971245765686,-0.18178421258926392,0.028349878266453743,0.29364067316055298,0.42919635772705078
TB6MS,2024-09-30,-0.28285646438598633,-0.18066927790641785,0.027856374159455299,0.29977226257324219,0.43900316953659058
TB6MS,2024-10-31,-0.2936197817325592,-0.18882386386394501,0.028916863724589348,0.30224573612213135,0.44299143552780151
TB6MS,2024-11-30,-0.28950586915016174,-0.18742260336875916,0.029040751978754997,0.3047046959400177,0.44691634178161621
TB6MS,2024-12-31,-0.36357796192169189,-0.22428129613399506,0.021709034219384193,0.32831871509552002,0.49358794093132019
TB6MS,2025-01-31,-0.35606399178504944,-0.21961501240730286,0.022337982431054115,0.32162916660308838,0.48427918553352356
TB6MS,2025-02-28,-0.34424689412117004,-0.21257728338241577,0.021401213482022285,0.32180944085121155,0.48601213097572327
TB6MS,2025-03-31,-0.34187448024749756,-0.21102634072303772,0.020233621820807457,0.32111057639122009,0.48667451739311218
TB6MS,2025-04-30,-0.34756708145141602,-0.21414881944656372,0.016168152913451195,0.31757918000221252,0.4885004460811615
TB6MS,2025-05-31,-0.32904908061027527,-0.2029680460691452,0.018502930179238319,0.30337518453598022,0.46657359600067139
TB6MS,2025-06-30,-0.33624663949012756,-0.20643530786037445,0.017572050914168358,0.30836763978004456,0.47618529200553894
TB6MS,2025-07-31,-0.35038298368453979,-0.21478252112865448,0.016556279733777046,0.31124985218048096,0.47989779710769653
TB6SMFFM,2023-08-31,-0.071824684739112854,0.006845325231552124,0.11395177245140076,0.27030891180038452,0.3657870888710022
TB6SMFFM,2023-09-30,-0.12609489262104034,-0.035928696393966675,0.11863386631011963,0.35849225521087646,0.49176180362701416
TB6SMFFM,2023-10-31,-0.2055264413356781,-0.096514567732810974,0.12099653482437134,0.43863725662231445,0.59754753112792969
TB6SMFFM,2023-11-30,-0.27091002464294434,-0.15273791551589966,0.1253429651260376,0.50801020860671997,0.69080477952957153
TB6SMFFM,2023-12-31,-0.32525685429573059,-0.19400763511657715,0.11658653616905212,0.57476234436035156,0.79096812009811401
TB6SMFFM,2024-01-31,-0.34514105319976807,-0.21253013610839844,0.11806616187095642,0.5983160138130188,0.82551032304763794
TB6SMFFM,2024-02-29,-0.39708244800567627,-0.25230526924133301,0.11772453784942627,0.64280688762664795,0.88842922449111938
TB6SMFFM,2024-03-31,-0.44536161422729492,-0.29107493162155151,0.12070071697235107,0.68349331617355347,0.94596678018569946
TB6SMFFM,2024-04-30,-0.45034292340278625,-0.29961228370666504,0.11701816320419312,0.71243786811828613,0.99299019575119019
TB6SMFFM,2024-05-31,-0.48672765493392944,-0.32514899969100952,0.11063465476036072,0.7353973388671875,1.0302813053131104
TB6SMFFM,2024-06-30,-0.48032176494598389,-0.32335597276687622,0.10824507474899292,0.74744981527328491,1.0597841739654541
TB6SMFFM,2024-07-31,-0.49798798561096191,-0.33654120564460754,0.10184654593467712,0.75421816110610962,1.075164794921875
TB6SMFFM,2024-08-31,-0.52456212043762207,-0.35751408338546753,0.096585392951965332,0.77538985013961792,1.0993161201477051
TB6SMFFM,2024-09-30,-0.55589580535888672,-0.38096159696578979,0.095777362585067749,0.79474896192550659,1.121272087097168
TB6SMFFM,2024-10-31,-0.58551335334777832,-0.40002855658531189,0.093554228544235229,0.82249754667282104,1.1550700664520264
TB6SMFFM,2024-11-30,-0.57353949546813965,-0.39658385515213013,0.090070158243179321,0.81605881452560425,1.1536071300506592
TB6SMFFM,2024-12-31,-0.69353640079498291,-0.42135483026504517,0.085042864084243774,0.96201688051223755,1.3971672058105469
TB6SMFFM,2025-01-31,-0.67173564434051514,-0.41463440656661987,0.080807626247406006,0.92862838506698608,1.3542156219482422
TB6SMFFM,2025-02-28,-0.6479148268699646,-0.39711800217628479,0.079043179750442505,0.8801911473274231,1.2935433387756348
TB6SMFFM,2025-03-31,-0.63750660419464111,-0.3868350088596344,0.085131257772445679,0.89078980684280396,1.3046061992645264
TB6SMFFM,2025-04-30,-0.65906643867492676,-0.39648532867431641,0.074075698852539062,0.86379808187484741,1.2748367786407471
TB6SMFFM,2025-05-31,-0.62927889823913574,-0.38041245937347412,0.071145981550216675,0.8239561915397644,1.2172367572784424
TB6SMFFM,2025-06-30,-0.63777697086334229,-0.38212418556213379,0.074636489152908325,0.82229405641555786,1.216392993927002
TB6SMFFM,2025-07-31,-0.67310959100723267,-0.40318101644515991,0.071289777755737305,0.81987720727920532,1.2223474979400635
TOTRESNS,2023-08-31,-0.046404145658016205,-0.031237460672855377,-5.3623571147909388e-06,0.030885547399520874,0.044793572276830673
TOTRESNS,2023-09-30,-0.046553708612918854,-0.029719004407525063,0.0064998315647244453,0.042549189180135727,0.058049298822879791
TOTRESNS,2023-10-31,-0.053549744188785553,-0.035936553031206131,0.0032265291083604097,0.041111119091510773,0.05691884458065033
TOTRESNS,2023-11-30,-0.048315215855836868,-0.030927976593375206,0.0097775682806968689,0.049478080123662949,0.066845893859863281
TOTRESNS,2023-12-31,-0.069286681711673737,-0.048020858317613602,-0.00097059120889753103,0.045442081987857819,0.06506095826625824
TOTRESNS,2024-01-31,-0.089094758033752441,-0.064759403467178345,-0.0092929583042860031,0.046539157629013062,0.068573914468288422
TOTRESNS,2024-02-29,-0.085966825485229492,-0.060499202460050583,0.0013022290077060461,0.060686536133289337,0.083568118512630463
TOTRESNS,2024-03-31,-0.091717272996902466,-0.065660111606121063,-0.0022215803619474173,0.05996936559677124,0.083613388240337372
TOTRESNS,2024-04-30,-0.095868423581123352,-0.069462545216083527,-0.0063369926065206528,0.055673271417617798,0.078645028173923492
TOTRESNS,2024-05-31,-0.082108385860919952,-0.058114316314458847,0.001682859961874783,0.059888161718845367,0.082295551896095276
TOTRESNS,2024-06-30,-0.070759780704975128,-0.046861089766025543,0.0093930596485733986,0.062772065401077271,0.084019765257835388
TOTRESNS,2024-07-31,-0.080731600522994995,-0.058246038854122162,-0.0054736556485295296,0.044725548475980759,0.064837686717510223
TOTRESNS,2024-08-31,-0.078644394874572754,-0.055463355034589767,-0.00065402465406805277,0.048990707844495773,0.068831980228424072
TOTRESNS,2024-09-30,-0.0758785679936409,-0.053368546068668365,0.00025135374744422734,0.050812978297472,0.070824801921844482
TOTRESNS,2024-10-31,-0.073614470660686493,-0.050747092813253403,0.0029222921002656221,0.051728725433349609,0.071749776601791382
TOTRESNS,2024-11-30,-0.073629513382911682,-0.051845386624336243,-0.001150825060904026,0.048111218959093094,0.067914858460426331
TOTRESNS,2024-12-31,-0.092660881578922272,-0.065561525523662567,-0.0043853176757693291,0.056568235158920288,0.084927409887313843
TOTRESNS,2025-01-31,-0.10048660635948181,-0.07110142707824707,-0.0042972462251782417,0.062075983732938766,0.092217415571212769
TOTRESNS,2025-02-28,-0.096595413982868195,-0.067242234945297241,0.0012759694363921881,0.072549186646938324,0.10380887240171432
TOTRESNS,2025-03-31,-0.095978863537311554,-0.066040962934494019,0.0022864439524710178,0.070461317896842957,0.10140608996152878
TOTRESNS,2025-04-30,-0.098223499953746796,-0.069134555757045746,-0.0035123736597597599,0.063760489225387573,0.094570070505142212
TOTRESNS,2025-05-31,-0.097918488085269928,-0.068927407264709473,-0.0053151771426200867,0.057598192244768143,0.085820659995079041
TOTRESNS,2025-06-30,-0.079453036189079285,-0.052811890840530396,0.0057989004999399185,0.062989577651023865,0.089752815663814545
TOTRESNS,2025-07-31,-0.079855524003505707,-0.054343461990356445,0.0015077299904078245,0.058012206107378006,0.085027188062667847
TWEXAFEGSMTHx,2023-08-31,-0.029745414853096008,-0.024174656718969345,-0.0050771329551935196,0.013909724541008472,0.020172715187072754
TWEXAFEGSMTHx,2023-09-30,-0.029220949858427048,-0.023279376327991486,-0.0028606823179870844,0.017687713727355003,0.024268779903650284
TWEXAFEGSMTHx,2023-10-31,-0.029139198362827301,-0.022848054766654968,-0.0018566275248304009,0.019052723422646523,0.02548365481197834
TWEXAFEGSMTHx,2023-11-30,-0.027853233739733696,-0.021534012630581856,-0.00041622068965807557,0.020049950107932091,0.026144945994019508
TWEXAFEGSMTHx,2023-12-31,-0.027601528912782669,-0.021306080743670464,-0.00030082504963502288,0.020421784371137619,0.026453902944922447
TWEXAFEGSMTHx,2024-01-31,-0.027496660128235817,-0.021275969222187996,0.00015971979883033782,0.02069292776286602,0.026707695797085762
TWEXAFEGSMTHx,2024-02-29,-0.028101539239287376,-0.021651392802596092,-1.9391631212783977e-05,0.020294547080993652,0.026309562847018242
TWEXAFEGSMTHx,2024-03-31,-0.027498340234160423,-0.021279158070683479,8.3294900832697749e-05,0.020551890134811401,0.026718294247984886
TWEXAFEGSMTHx,2024-04-30,-0.027626750990748405,-0.021363610401749611,7.4946547101717442e-05,0.020526375621557236,0.02671944722533226
TWEXAFEGSMTHx,2024-05-31,-0.02765195444226265,-0.021260125562548637,4.1750965465325862e-05,0.020837882533669472,0.027216298505663872
TWEXAFEGSMTHx,2024-06-30,-0.027837358415126801,-0.021522451192140579,-4.402145350468345e-05,0.020503934472799301,0.026631223037838936
TWEXAFEGSMTHx,2024-07-31,-0.027361378073692322,-0.021188652142882347,-4.2721221689134836e-06,0.020530497655272484,0.02667693980038166
TWEXAFEGSMTHx,2024-08-31,-0.027789462357759476,-0.02134719118475914,-1.7127182218246162e-05,0.02062561921775341,0.026833217591047287
TWEXAFEGSMTHx,2024-09-30,-0.028115676715970039,-0.021554043516516685,-7.2020040533971041e-05,0.020777445286512375,0.026968596503138542
TWEXAFEGSMTHx,2024-10-31,-0.028056200593709946,-0.021616708487272263,-0.00015060076839290559,0.020480789244174957,0.026718001812696457
TWEXAFEGSMTHx,2024-11-30,-0.028106020763516426,-0.021476492285728455,0.0002002678083954379,0.020880762487649918,0.027173286303877831
TWEXAFEGSMTHx,2024-12-31,-0.02777484804391861,-0.021220972761511803,9.2474925622809678e-05,0.020950423553586006,0.027187665924429893
TWEXAFEGSMTHx,2025-01-31,-0.027772679924964905,-0.021269071847200394,7.6454751251731068e-05,0.020819192752242088,0.02713373489677906
TWEXAFEGSMTHx,2025-02-28,-0.027772590517997742,-0.021166602149605751,0.00016553691239096224,0.020764276385307312,0.027043417096138
TWEXAFEGSMTHx,2025-03-31,-0.027562620118260384,-0.021115103736519814,8.5927349573466927e-05,0.020752048119902611,0.026980610564351082
TWEXAFEGSMTHx,2025-04-30,-0.027289537712931633,-0.020758500322699547,0.00021573914273176342,0.020847918465733528,0.026991240680217743
TWEXAFEGSMTHx,2025-05-31,-0.027555100619792938,-0.020987749099731445,0.00029826012905687094,0.020793529227375984,0.026887686923146248
TWEXAFEGSMTHx,2025-06-30,-0.027847753837704659,-0.021117158234119415,0.00032454344909638166,0.020687252283096313,0.026762424036860466
TWEXAFEGSMTHx,2025-07-31,-0.027420828118920326,-0.020871464163064957,0.00029920417000539601,0.020601756870746613,0.026730198413133621
UEMP15OV,2023-08-31,-0.06673441082239151,-0.047449905425310135,0.0068757301196455956,0.059928469359874725,0.078751340508460999
UEMP15OV,2023-09-30,-0.07165248692035675,-0.051545180380344391,0.0067520621232688427,0.064165495336055756,0.084068916738033295
UEMP15OV,2023-10-31,-0.077048636972904205,-0.056747723370790482,0.0034627190325409174,0.06408025324344635,0.085145480930805206
UEMP15OV,2023-11-30,-0.078413024544715881,-0.057063180953264236,0.0064128395169973373,0.068239070475101471,0.089634150266647339
UEMP15OV,2023-12-31,-0.081050217151641846,-0.05985603854060173,0.0044035096652805805,0.067874759435653687,0.09005332738161087
UEMP15OV,2024-01-31,-0.084865950047969818,-0.063316956162452698,0.0031384020112454891,0.06840919703245163,0.090970307588577271
UEMP15OV,2024-02-29,-0.085875138640403748,-0.063852481544017792,0.0034119959454983473,0.069143921136856079,0.091479986906051636
UEMP15OV,2024-03-31,-0.086631365120410919,-0.06466452032327652,0.0034179768990725279,0.071506761014461517,0.095280639827251434
UEMP15OV,2024-04-30,-0.087108373641967773,-0.064935065805912018,0.0038710713852196932,0.071329988539218903,0.094627171754837036
UEMP15OV,2024-05-31,-0.089370563626289368,-0.067223086953163147,0.00218036281876266,0.070969007909297943,0.094418175518512726
UEMP15OV,2024-06-30,-0.090642854571342468,-0.067365862429141998,0.003172997385263443,0.072119250893592834,0.095559984445571899
UEMP15OV,2024-07-31,-0.091183997690677643,-0.068633303046226501,0.0013085273094475269,0.069120734930038452,0.092962279915809631
UEMP15OV,2024-08-31,-0.090594030916690826,-0.067847326397895813,0.00101307756267488,0.068151570856571198,0.091787382960319519
UEMP15OV,2024-09-30,-0.091439798474311829,-0.068339169025421143,0.00024903204757720232,0.067033924162387848,0.089531615376472473
UEMP15OV,2024-10-31,-0.091085486114025116,-0.067980356514453888,0.0013145341072231531,0.068433605134487152,0.092107780277729034
UEMP15OV,2024-11-30,-0.093395255506038666,-0.070105776190757751,-0.0003032939275726676,0.067245908081531525,0.091361880302429199
UEMP15OV,2024-12-31,-0.098608449101448059,-0.073272176086902618,-0.0016428290400654078,0.067804306745529175,0.094239242374897003
UEMP15OV,2025-01-31,-0.10035979002714157,-0.074803769588470459,-0.0023213725071400404,0.06813117116689682,0.095007561147212982
UEMP15OV,2025-02-28,-0.10026458650827408,-0.074803516268730164,-0.0024631263222545385,0.067783810198307037,0.09490203857421875
UEMP15OV,2025-03-31,-0.1013263612985611,-0.075450778007507324,-0.0028532722499221563,0.067066282033920288,0.094214253127574921
UEMP15OV,2025-04-30,-0.10012844949960709,-0.074158146977424622,-0.0023966655135154724,0.067649401724338531,0.09555865079164505
UEMP15OV,2025-05-31,-0.10188433527946472,-0.075541794300079346,-0.0023585320450365543,0.067427970468997955,0.095044434070587158
UEMP15OV,2025-06-30,-0.10160095244646072,-0.074859671294689178,-0.002068754518404603,0.066919483244419098,0.094259589910507202
UEMP15OV,2025-07-31,-0.10026679933071136,-0.074078306555747986,-0.0019959809724241495,0.067239329218864441,0.094952225685119629
UEMP15T26,2023-08-31,-0.091366946697235107,-0.064748838543891907,0.015283513814210892,0.093025445938110352,0.1191597580909729
UEMP15T26,2023-09-30,-0.11155533045530319,-0.08425624668598175,1.638050889596343e-06,0.08617401123046875,0.11465165764093399
UEMP15T26,2023-10-31,-0.11100741475820541,-0.083158060908317566,0.0036307836417108774,0.089713543653488159,0.11785738915205002
UEMP15T26,2023-11-30,-0.10395035147666931,-0.075880207121372223,0.013291085138916969,0.098862819373607635,0.1274961531162262
UEMP15T26,2023-12-31,-0.11513405293226242,-0.086849279701709747,0.0030960673466324806,0.093427836894989014,0.1243203803896904
UEMP15T26,2024-01-31,-0.11696841567754745,-0.088243842124938965,0.0055964593775570393,0.096983484923839569,0.12691500782966614
UEMP15T26,2024-02-29,-0.12039767950773239,-0.090595602989196777,0.0047411336563527584,0.097394764423370361,0.12704390287399292
UEMP15T26,2024-03-31,-0.12135529518127441,-0.09140487015247345,0.0055560525506734848,0.10170843452215195,0.1333543062210083
UEMP15T26,2024-04-30,-0.12508781254291534,-0.094606369733810425,0.0041733896359801292,0.10036419332027435,0.13143585622310638
UEMP15T26,2024-05-31,-0.12535104155540466,-0.094732485711574554,0.0053355367854237556,0.10344038903713226,0.13453996181488037
UEMP15T26,2024-06-30,-0.12851953506469727,-0.09642627090215683,0.0052541885524988174,0.10358263552188873,0.13478177785873413
UEMP15T26,2024-07-31,-0.12639838457107544,-0.095527075231075287,0.0041521135717630386,0.10070546716451645,0.13216316699981689
UEMP15T26,2024-08-31,-0.12847204506397247,-0.097118154168128967,0.0027008443139493465,0.098639421164989471,0.12986762821674347
UEMP15T26,2024-09-30,-0.13011778891086578,-0.098258927464485168,0.0019246682059019804,0.098563149571418762,0.12897099554538727
UEMP15T26,2024-10-31,-0.13026314973831177,-0.098531492054462433,0.0018957960419356823,0.099186062812805176,0.13111196458339691
UEMP15T26,2024-11-30,-0.13263398408889771,-0.10064879804849625,0.00074823730392381549,0.097827598452568054,0.12962687015533447
UEMP15T26,2024-12-31,-0.14260308444499969,-0.10655754804611206,-0.00055516691645607352,0.10214436054229736,0.1383637934923172
UEMP15T26,2025-01-31,-0.14610385894775391,-0.109498031437397,-0.0014201791491359472,0.10354495793581009,0.14061379432678223
UEMP15T26,2025-02-28,-0.14499787986278534,-0.10863344371318817,-0.0017324350774288177,0.10192814469337463,0.13902455568313599
UEMP15T26,2025-03-31,-0.14627228677272797,-0.10944189876317978,-0.0020354515872895718,0.10142125189304352,0.1387554407119751
UEMP15T26,2025-04-30,-0.14406383037567139,-0.10752483457326889,-0.0014526997692883015,0.10326019674539566,0.14168837666511536
UEMP15T26,2025-05-31,-0.14635221660137177,-0.10940741002559662,-0.00060131965437904,0.10328297317028046,0.14079681038856506
UEMP15T26,2025-06-30,-0.14556767046451569,-0.10801585763692856,-0.00013840451720170677,0.10298401117324829,0.14014346897602081
UEMP15T26,2025-07-31,-0.14297893643379211,-0.10609252005815506,0.00090220366837456822,0.10327284783124924,0.14067551493644714
UEMP27OV,2023-08-31,-0.091585598886013031,-0.069403715431690216,-0.0064999987371265888,0.05599626898765564,0.078969612717628479
UEMP27OV,2023-09-30,-0.07857251912355423,-0.054139018058776855,0.016783945262432098,0.086801551282405853,0.1114509254693985
UEMP27OV,2023-10-31,-0.093985110521316528,-0.069214068353176117,0.0047237314283847809,0.07955612987279892,0.10538129508495331
UEMP27OV,2023-11-30,-0.095240339636802673,-0.06947268545627594,0.0080285249277949333,0.085616342723369598,0.11207382380962372
UEMP27OV,2023-12-31,-0.094793036580085754,-0.068657740950584412,0.009932677261531353,0.087957903742790222,0.11431589722633362
UEMP27OV,2024-01-31,-0.10128505527973175,-0.074696853756904602,0.0063330489210784435,0.087319053709506989,0.11471167206764221
UEMP27OV,2024-02-29,-0.10394375026226044,-0.076820217072963715,0.0059468098916113377,0.087215296924114227,0.11459635198116302
UEMP27OV,2024-03-31,-0.10146708786487579,-0.074969485402107239,0.0075614210218191147,0.089390739798545837,0.11734642833471298
UEMP27OV,2024-04-30,-0.10178564488887787,-0.075313664972782135,0.0070371897891163826,0.088855214416980743,0.1170128732919693
UEMP27OV,2024-05-31,-0.10369580984115601,-0.077574223279953003,0.0053300480358302593,0.088964931666851044,0.11791636794805527
UEMP27OV,2024-06-30,-0.10631676763296127,-0.078548766672611237,0.005846954882144928,0.089318647980690002,0.11762998998165131
UEMP27OV,2024-07-31,-0.10639883577823639,-0.079551421105861664,0.0046124844811856747,0.087090201675891876,0.11577536910772324
UEMP27OV,2024-08-31,-0.10536742955446243,-0.078410528600215912,0.0041646780446171761,0.086249925196170807,0.1147787943482399
UEMP27OV,2024-09-30,-0.10805577039718628,-0.080260179936885834,0.0032420367933809757,0.085994593799114227,0.113619364798069
UEMP27OV,2024-10-31,-0.10541733354330063,-0.078263610601425171,0.0053432867862284184,0.088889114558696747,0.11810255795717239
UEMP27OV,2024-11-30,-0.10855494439601898,-0.080896444618701935,0.0039178016595542431,0.08734825998544693,0.11692189425230026
UEMP27OV,2024-12-31,-0.11477519571781158,-0.084889627993106842,0.0004291592922527343,0.084831953048706055,0.11660410463809967
UEMP27OV,2025-01-31,-0.11689064651727676,-0.086567535996437073,0.00033321746741421521,0.085712157189846039,0.11811137944459915
UEMP27OV,2025-02-28,-0.11819273978471756,-0.087674558162689209,-0.0001422218483639881,0.086438015103340149,0.11990916728973389
UEMP27OV,2025-03-31,-0.11839839071035385,-0.088030301034450531,-0.00065549393184483051,0.084784172475337982,0.11767899245023727
UEMP27OV,2025-04-30,-0.11799243092536926,-0.08703739196062088,-0.00030608611996285617,0.085405126214027405,0.11883470416069031
UEMP27OV,2025-05-31,-0.12023378163576126,-0.088492408394813538,-0.00018249088316224515,0.085565231740474701,0.11922293156385422
UEMP27OV,2025-06-30,-0.1215059757232666,-0.089169017970561981,-0.00011270433606114239,0.084637798368930817,0.11787717789411545
UEMP27OV,2025-07-31,-0.11851032078266144,-0.087330572307109833,-0.00015078115393407643,0.084234796464443207,0.11735621839761734
UEMP5TO14,2023-08-31,-0.045086156576871872,-0.026217345148324966,0.027974601835012436,0.086161665618419647,0.10867272317409515
UEMP5TO14,2023-09-30,-0.10729295760393143,-0.086192585527896881,-0.027077248319983482,0.036771994084119797,0.060634680092334747
UEMP5TO14,2023-10-31,-0.082018658518791199,-0.060902226716279984,0.0026441542431712151,0.069508157670497894,0.094102643430233002
UEMP5TO14,2023-11-30,-0.092799961566925049,-0.070726394653320312,-0.0057894503697752953,0.061816327273845673,0.086783736944198608
UEMP5TO14,2023-12-31,-0.084951020777225494,-0.062790930271148682,0.0036742521915584803,0.073861673474311829,0.10057684779167175
UEMP5TO14,2024-01-31,-0.095174975693225861,-0.073877662420272827,-0.0072675533592700958,0.062324993312358856,0.08826427161693573
UEMP5TO14,2024-02-29,-0.091802351176738739,-0.070086896419525146,-0.0019087489927187562,0.068259552121162415,0.093935199081897736
UEMP5TO14,2024-03-31,-0.092061854898929596,-0.070217721164226532,-0.0027959144208580256,0.06852809339761734,0.095021598041057587
UEMP5TO14,2024-04-30,-0.090040095150470734,-0.068274356424808502,-0.0015429898630827665,0.066631019115447998,0.092313103377819061
UEMP5TO14,2024-05-31,-0.093886815011501312,-0.070944629609584808,-0.0040195705369114876,0.066897831857204437,0.093602314591407776
UEMP5TO14,2024-06-30,-0.091163612902164459,-0.069146968424320221,-0.0023993412032723427,0.067512206733226776,0.094045855104923248
UEMP5TO14,2024-07-31,-0.091427050530910492,-0.069427922368049622,-0.0021868825424462557,0.066655769944190979,0.091924101114273071
UEMP5TO14,2024-08-31,-0.095222622156143188,-0.071901515126228333,-0.001574761001393199,0.067734576761722565,0.092888720333576202
UEMP5TO14,2024-09-30,-0.093890726566314697,-0.07066076248884201,-0.00052729720482602715,0.06997004896402359,0.095317572355270386
UEMP5TO14,2024-10-31,-0.096779629588127136,-0.073438398540019989,-0.0036435371730476618,0.068114742636680603,0.09485933929681778
UEMP5TO14,2024-11-30,-0.097832933068275452,-0.07476680725812912,-0.00621759332716465,0.06499268114566803,0.090589098632335663
UEMP5TO14,2024-12-31,-0.10502604395151138,-0.079349510371685028,-0.0030427954625338316,0.076441459357738495,0.1063983216881752
UEMP5TO14,2025-01-31,-0.1041320338845253,-0.078657649457454681,-0.0034240430686622858,0.075575806200504303,0.10542429983615875
UEMP5TO14,2025-02-28,-0.10305842012166977,-0.07788703590631485,-0.0041080787777900696,0.073201902210712433,0.10304835438728333
UEMP5TO14,2025-03-31,-0.10462359338998795,-0.078191131353378296,-0.0032976209186017513,0.074152573943138123,0.10411117970943451
UEMP5TO14,2025-04-30,-0.10174961388111115,-0.07631615549325943,-0.0034820083528757095,0.074424698948860168,0.10584712028503418
UEMP5TO14,2025-05-31,-0.10234262049198151,-0.077304363250732422,-0.003870729124173522,0.071757569909095764,0.10172474384307861
UEMP5TO14,2025-06-30,-0.10217568278312683,-0.076588422060012817,-0.0040335338562726974,0.071080230176448822,0.10087340325117111
UEMP5TO14,2025-07-31,-0.10099656134843826,-0.075533822178840637,-0.0036121024750173092,0.07183469831943512,0.10184677690267563
UEMPLT5,2023-08-31,-0.084759019315242767,-0.057192973792552948,0.019252831116318703,0.097313173115253448,0.12485784292221069
UEMPLT5,2023-09-30,-0.11741459369659424,-0.086966253817081451,-0.0013384656049311161,0.084077537059783936,0.11359924077987671
UEMPLT5,2023-10-31,-0.12158486992120743,-0.089978262782096863,-0.00060247397050261497,0.087939843535423279,0.11801121383905411
UEMPLT5,2023-11-30,-0.12508088350296021,-0.092474929988384247,-0.00027641403721645474,0.089919924736022949,0.12072684615850449
UEMPLT5,2023-12-31,-0.12918210029602051,-0.096348471939563751,-0.0029071196913719177,0.090523257851600647,0.1232285276055336
UEMPLT5,2024-01-31,-0.12826082110404968,-0.095896139740943909,0.00030397356022149324,0.093530416488647461,0.12522286176681519
UEMPLT5,2024-02-29,-0.13596092164516449,-0.10137812793254852,-0.0011380891082808375,0.094934709370136261,0.1270795464515686
UEMPLT5,2024-03-31,-0.13608761131763458,-0.10190503299236298,-0.0015605941880494356,0.098411731421947479,0.13215093314647675
UEMPLT5,2024-04-30,-0.13501589000225067,-0.10068044811487198,-0.00075674679828807712,0.098271168768405914,0.13132362067699432
UEMPLT5,2024-05-31,-0.13570064306259155,-0.10011337697505951,-0.0011139780981466174,0.09670644998550415,0.12929065525531769
UEMPLT5,2024-06-30,-0.13491784036159515,-0.10030503571033478,-0.0016304063610732555,0.096107132732868195,0.12862910330295563
UEMPLT5,2024-07-31,-0.12898318469524384,-0.095850668847560883,-0.00026093079941347241,0.093210563063621521,0.1246965080499649
UEMPLT5,2024-08-31,-0.13263283669948578,-0.098329201340675354,-0.0012492709793150425,0.091114409267902374,0.12177278846502304
UEMPLT5,2024-09-30,-0.13277590274810791,-0.098202459514141083,-0.0019175208872184157,0.089733697474002838,0.11932165920734406
UEMPLT5,2024-10-31,-0.13165588676929474,-0.097674891352653503,-0.002225192729383707,0.08951500803232193,0.12049176543951035
UEMPLT5,2024-11-30,-0.12945376336574554,-0.096134684979915619,-0.0014297823654487729,0.089074932038784027,0.11922734975814819
UEMPLT5,2024-12-31,-0.1397007554769516,-0.10387561470270157,-0.00086743728024885058,0.10092645883560181,0.13655312359333038
UEMPLT5,2025-01-31,-0.14073632657527924,-0.10474887490272522,-0.00077030312968418002,0.10211008042097092,0.13815660774707794
UEMPLT5,2025-02-28,-0.14275799691677094,-0.10617160052061081,-0.0013618934899568558,0.10178650170564651,0.13888648152351379
UEMPLT5,2025-03-31,-0.14361304044723511,-0.10583227127790451,-0.0011756658786907792,0.10040313750505447,0.13681481778621674
UEMPLT5,2025-04-30,-0.14071188867092133,-0.10409379750490189,-0.0010099411010742188,0.10218406468629837,0.13947384059429169
UEMPLT5,2025-05-31,-0.14330776035785675,-0.10665619373321533,-0.00041813493589870632,0.10179206728935242,0.13836216926574707
UEMPLT5,2025-06-30,-0.14250224828720093,-0.10543400049209595,-0.00095301284454762936,0.099345214664936066,0.13527880609035492
UEMPLT5,2025-07-31,-0.13726510107517242,-0.10146709531545639,-0.00053456722525879741,0.098187565803527832,0.1343226283788681
UEMPMEAN,2023-08-31,-1.7568058967590332,-1.3184418678283691,-0.14899379014968872,0.97135233879089355,1.4122984409332275
UEMPMEAN,2023-09-30,-1.6385478973388672,-1.1695840358734131,0.10090918838977814,1.3659608364105225,1.8356828689575195
UEMPMEAN,2023-10-31,-1.8678665161132812,-1.3899860382080078,-0.068950146436691284,1.2326575517654419,1.7272999286651611
UEMPMEAN,2023-11-30,-1.7919113636016846,-1.3325808048248291,-0.017404356971383095,1.2857189178466797,1.7792496681213379
UEMPMEAN,2023-12-31,-1.7780336141586304,-1.2990031242370605,0.0041259517893195152,1.2791389226913452,1.764293909072876
UEMPMEAN,2024-01-31,-1.8642714023590088,-1.3589309453964233,0.0011527333408594131,1.3358557224273682,1.8383500576019287
UEMPMEAN,2024-02-29,-1.8736473321914673,-1.3678563833236694,0.0026352861896157265,1.3294378519058228,1.832210898399353
UEMPMEAN,2024-03-31,-1.8307032585144043,-1.3334717750549316,0.029112076386809349,1.3561698198318481,1.8561137914657593
UEMPMEAN,2024-04-30,-1.8519223928451538,-1.3511821031570435,0.0080940322950482368,1.3227400779724121,1.8206429481506348
UEMPMEAN,2024-05-31,-1.8689224720001221,-1.3763961791992188,0.0083169350400567055,1.3628499507904053,1.8713476657867432
UEMPMEAN,2024-06-30,-1.9440425634384155,-1.4162144660949707,0.0016533667221665382,1.3806800842285156,1.882002592086792
UEMPMEAN,2024-07-31,-1.9158476591110229,-1.4075609445571899,-0.00012356694787740707,1.3624652624130249,1.8691587448120117
UEMPMEAN,2024-08-31,-1.8861877918243408,-1.3821457624435425,-0.004970477893948555,1.3413335084915161,1.8425980806350708
UEMPMEAN,2024-09-30,-1.9254710674285889,-1.412534236907959,0.0036997757852077484,1.3853847980499268,1.9055367708206177
UEMPMEAN,2024-10-31,-1.8798438310623169,-1.3845986127853394,0.0087576285004615784,1.3588631153106689,1.8564897775650024
UEMPMEAN,2024-11-30,-1.9003697633743286,-1.3942258358001709,-0.0053892824798822403,1.3491069078445435,1.8631815910339355
UEMPMEAN,2024-12-31,-1.9575766324996948,-1.4259574413299561,-0.0072799883782863617,1.365668773651123,1.9018738269805908
UEMPMEAN,2025-01-31,-2.0277714729309082,-1.4751993417739868,-0.0063695274293422699,1.4239809513092041,1.983259916305542
UEMPMEAN,2025-02-28,-2.0431795120239258,-1.4917758703231812,-0.013760380446910858,1.4308134317398071,2.0041873455047607
UEMPMEAN,2025-03-31,-2.005587100982666,-1.4713716506958008,-0.018924765288829803,1.3986214399337769,1.9715273380279541
UEMPMEAN,2025-04-30,-1.9754160642623901,-1.4273203611373901,-0.0095884185284376144,1.3725157976150513,1.9395878314971924
UEMPMEAN,2025-05-31,-2.040576696395874,-1.4678093194961548,-0.0091447159647941589,1.4007076025009155,1.9695497751235962
UEMPMEAN,2025-06-30,-2.0436038970947266,-1.4711475372314453,-0.005221368744969368,1.4073663949966431,1.9771578311920166
UEMPMEAN,2025-07-31,-2.0225346088409424,-1.4568872451782227,-0.0014672679826617241,1.4031074047088623,1.9685710668563843
UMCSENTx,2023-08-31,-6.318265438079834,-4.7400636672973633,-0.21177256107330322,4.2198739051818848,5.6918377876281738
UMCSENTx,2023-09-30,-7.5526113510131836,-5.8947300910949707,-1.102262020111084,3.4728820323944092,5.0414018630981445
UMCSENTx,2023-10-31,-6.2113580703735352,-4.6060614585876465,0.10792791843414307,4.8293805122375488,6.3501238822937012
UMCSENTx,2023-11-30,-6.9459457397460938,-5.3205747604370117,-0.42950186133384705,4.2862663269042969,5.8087835311889648
UMCSENTx,2023-12-31,-5.9107065200805664,-4.278357982635498,0.52788758277893066,5.317375659942627,6.8074960708618164
UMCSENTx,2024-01-31,-6.4123907089233398,-4.807734489440918,0.093146651983261108,4.8975510597229004,6.4137969017028809
UMCSENTx,2024-02-29,-6.4882326126098633,-4.8414111137390137,0.097048506140708923,4.8980503082275391,6.4296197891235352
UMCSENTx,2024-03-31,-6.6460466384887695,-5.0089564323425293,-0.091159820556640625,4.6954770088195801,6.2458186149597168
UMCSENTx,2024-04-30,-6.4980869293212891,-4.847231388092041,0.051790326833724976,4.8357152938842773,6.3819065093994141
UMCSENTx,2024-05-31,-6.6774039268493652,-5.0168023109436035,-0.16752281785011292,4.5752358436584473,6.1573705673217773
UMCSENTx,2024-06-30,-6.3587837219238281,-4.7147512435913086,0.053148228675127029,4.7896089553833008,6.3366227149963379
UMCSENTx,2024-07-31,-6.6292777061462402,-5.0123038291931152,-0.19775292277336121,4.45062255859375,5.9491057395935059
UMCSENTx,2024-08-31,-6.5694212913513184,-4.9277844429016113,-0.098094522953033447,4.6467986106872559,6.1733279228210449
UMCSENTx,2024-09-30,-6.7522110939025879,-5.0728812217712402,-0.22795198857784271,4.4025154113769531,5.8607630729675293
UMCSENTx,2024-10-31,-6.5787129402160645,-4.903170108795166,-0.038832589983940125,4.633880615234375,6.1612381935119629
UMCSENTx,2024-11-30,-6.7398509979248047,-5.056948184967041,-0.11404198408126831,4.6278395652770996,6.1699304580688477
UMCSENTx,2024-12-31,-6.4159870147705078,-4.6795902252197266,0.23231096565723419,5.1573171615600586,6.8950233459472656
UMCSENTx,2025-01-31,-6.538550853729248,-4.7728533744812012,0.22963826358318329,5.103879451751709,6.8095860481262207
UMCSENTx,2025-02-28,-6.6638007164001465,-4.8997139930725098,0.054884862154722214,4.9832711219787598,6.7034668922424316
UMCSENTx,2025-03-31,-6.6972384452819824,-4.9772844314575195,-0.059582024812698364,4.7596545219421387,6.4717326164245605
UMCSENTx,2025-04-30,-6.5888047218322754,-4.8332915306091309,0.031907934695482254,4.7805657386779785,6.4715681076049805
UMCSENTx,2025-05-31,-6.6394405364990234,-4.8613219261169434,0.039327368140220642,4.7402043342590332,6.4102864265441895
UMCSENTx,2025-06-30,-6.5712399482727051,-4.7706408500671387,0.081040129065513611,4.7136650085449219,6.365013599395752
UMCSENTx,2025-07-31,-6.614016056060791,-4.8258199691772461,0.018542028963565826,4.683070182800293,6.355156421661377
UNRATE,2023-08-31,-0.16202740371227264,-0.1165897473692894,0.01711592823266983,0.14895282685756683,0.19752860069274902
UNRATE,2023-09-30,-0.21623648703098297,-0.16167251765727997,-0.0066490909084677696,0.13514678180217743,0.18724966049194336
UNRATE,2023-10-31,-0.20439283549785614,-0.15236715972423553,0.0014097932726144791,0.14741389453411102,0.19858373701572418
UNRATE,2023-11-30,-0.21896544098854065,-0.16565662622451782,-0.0042736642062664032,0.15357041358947754,0.21005640923976898
UNRATE,2023-12-31,-0.23030918836593628,-0.17407123744487762,-0.0038224579766392708,0.15748649835586548,0.2115817666053772
UNRATE,2024-01-31,-0.23938564956188202,-0.18398119509220123,-0.011045331135392189,0.1564251184463501,0.21488752961158752
UNRATE,2024-02-29,-0.24006319046020508,-0.18061724305152893,-0.0022340579889714718,0.16818442940711975,0.22931933403015137
UNRATE,2024-03-31,-0.25356835126876831,-0.19212664663791656,-0.0062092971056699753,0.17641757428646088,0.23968356847763062
UNRATE,2024-04-30,-0.24784734845161438,-0.18887010216712952,-0.006833505816757679,0.17130282521247864,0.23475636541843414
UNRATE,2024-05-31,-0.25753790140151978,-0.19634795188903809,-0.0099146207794547081,0.17211093008518219,0.23557530343532562
UNRATE,2024-06-30,-0.25210294127464294,-0.19267401099205017,-0.0068271579220890999,0.17410290241241455,0.2395847886800766
UNRATE,2024-07-31,-0.25722476840019226,-0.19631174206733704,-0.0065557453781366348,0.17121462523937225,0.23466385900974274
UNRATE,2024-08-31,-0.26266658306121826,-0.20233607292175293,-0.0089247254654765129,0.1747516542673111,0.23955337703227997
UNRATE,2024-09-30,-0.269847571849823,-0.20657280087471008,-0.012549549341201782,0.16759976744651794,0.2290145605802536
UNRATE,2024-10-31,-0.25758224725723267,-0.19840903580188751,-0.011440188623964787,0.17177160084247589,0.23685549199581146
UNRATE,2024-11-30,-0.27061641216278076,-0.20911583304405212,-0.022294837981462479,0.16780900955200195,0.23348100483417511
UNRATE,2024-12-31,-0.31214097142219543,-0.2373543381690979,-0.015172576531767845,0.19712863862514496,0.2712348997592926
UNRATE,2025-01-31,-0.30399066209793091,-0.23138144612312317,-0.017013095319271088,0.18616138398647308,0.25627204775810242
UNRATE,2025-02-28,-0.29897814989089966,-0.2279738187789917,-0.018407616764307022,0.18079826235771179,0.25044044852256775
UNRATE,2025-03-31,-0.29845866560935974,-0.22713328897953033,-0.019177466630935669,0.18670655786991119,0.26005473732948303
UNRATE,2025-04-30,-0.30944019556045532,-0.23520524799823761,-0.019619302824139595,0.18460173904895782,0.25736549496650696
UNRATE,2025-05-31,-0.2995607852935791,-0.22894874215126038,-0.020963015034794807,0.18435762822628021,0.26063439249992371
UNRATE,2025-06-30,-0.29792219400405884,-0.22487978637218475,-0.017549831420183182,0.1860617995262146,0.26226302981376648
UNRATE,2025-07-31,-0.30457592010498047,-0.22989927232265472,-0.01934509351849556,0.1848708838224411,0.25916454195976257
USCONS,2023-08-31,-0.0020375186577439308,-0.0005387237761169672,0.0021394244395196438,0.0049586058594286442,0.0062391436658799648
USCONS,2023-09-30,-0.0031606992706656456,-0.0013724638847634196,0.0019914910662919283,0.0051834182813763618,0.0067150387912988663
USCONS,2023-10-31,-0.0038428390398621559,-0.0018430337077006698,0.0020421494264155626,0.0057183136232197285,0.0073520857840776443
USCONS,2023-11-30,-0.0043350155465304852,-0.0021939743310213089,0.0021144619677215815,0.0062270332127809525,0.0081143658608198166
USCONS,2023-12-31,-0.0049193478189408779,-0.0024537467397749424,0.0024760994128882885,0.0073836799710988998,0.0095586702227592468
USCONS,2024-01-31,-0.0070081278681755066,-0.0041823433712124825,0.0020948955789208412,0.0080475304275751114,0.010559927672147751
USCONS,2024-02-29,-0.0072019342333078384,-0.0041355867870151997,0.002594666788354516,0.0089974524453282356,0.011602239683270454
USCONS,2024-03-31,-0.0072257323190569878,-0.0042299665510654449,0.002291717566549778,0.008458566851913929,0.011000786907970905
USCONS,2024-04-30,-0.006386269349604845,-0.0035134991630911827,0.0024233353324234486,0.0078595690429210663,0.010136928409337997
USCONS,2024-05-31,-0.0059697600081562996,-0.0032046283595263958,0.0024287672713398933,0.0075057530775666237,0.0097687514498829842
USCONS,2024-06-30,-0.0054018371738493443,-0.0027554742991924286,0.0025548834819346666,0.0072396527975797653,0.0093799885362386703
USCONS,2024-07-31,-0.005271431989967823,-0.0027190782129764557,0.0023226980119943619,0.0067242495715618134,0.0086696166545152664
USCONS,2024-08-31,-0.0050626345910131931,-0.0026126313023269176,0.0023335691075772047,0.0067836111411452293,0.0087273912504315376
USCONS,2024-09-30,-0.0055319108068943024,-0.0029212459921836853,0.0022403306793421507,0.0067835953086614609,0.0086226845160126686
USCONS,2024-10-31,-0.0058046276681125164,-0.0031342329457402229,0.0023711798712611198,0.0071131591685116291,0.0091810384765267372
USCONS,2024-11-30,-0.0058870976790785789,-0.0032423678785562515,0.0021406500600278378,0.006954890675842762,0.0089433472603559494
USCONS,2024-12-31,-0.0078575648367404938,-0.004189374390989542,0.0023788968101143837,0.0083602145314216614,0.011064643040299416
USCONS,2025-01-31,-0.0081025883555412292,-0.0043905279599130154,0.0024160426110029221,0.008693331852555275,0.011495492421090603
USCONS,2025-02-28,-0.0081781027838587761,-0.0044976198114454746,0.0024314979091286659,0.0086627071723341942,0.011528337374329567
USCONS,2025-03-31,-0.0073628704994916916,-0.0038329199887812138,0.002581088338047266,0.0084792813286185265,0.01121386606246233
USCONS,2025-04-30,-0.0071850903332233429,-0.0037302235141396523,0.0025140279904007912,0.0085542388260364532,0.011321688070893288
USCONS,2025-05-31,-0.0064467624761164188,-0.0033330018632113934,0.0025456345174461603,0.0081015517935156822,0.01064602006226778
USCONS,2025-06-30,-0.0062461509369313717,-0.0031821061857044697,0.0025196673814207315,0.0078918775543570518,0.010389571078121662
USCONS,2025-07-31,-0.006177232600748539,-0.0031372648663818836,0.0024448083713650703,0.0077905086800456047,0.010275688953697681
USFIRE,2023-08-31,-0.00098256708588451147,-0.00057049386668950319,0.00067411846248432994,0.0018942065071314573,0.0022750739008188248
USFIRE,2023-09-30,-0.0011645489139482379,-0.0007028140826150775,0.00077225518180057406,0.0021915952675044537,0.0026251734234392643
USFIRE,2023-10-31,-0.001400349079631269,-0.00090266729239374399,0.0006892011733725667,0.002261429326608777,0.0027252405416220427
USFIRE,2023-11-30,-0.0014608047204092145,-0.00093548174481838942,0.00079301826190203428,0.0024459455162286758,0.0029412927106022835
USFIRE,2023-12-31,-0.0015765096759423614,-0.0010036163730546832,0.00087088055443018675,0.0026380191557109356,0.0031885313801467419
USFIRE,2024-01-31,-0.0017965423176065087,-0.0012110323878005147,0.00073880184208974242,0.0025771432556211948,0.0031322590075433254
USFIRE,2024-02-29,-0.0017099898541346192,-0.0010823664488270879,0.00094407971482723951,0.0027915628161281347,0.0033423504792153835
USFIRE,2024-03-31,-0.0019249849719926715,-0.001279764692299068,0.00081640970893204212,0.0028024397324770689,0.0033989585936069489
USFIRE,2024-04-30,-0.0020346757955849171,-0.001353918225504458,0.00082042126450687647,0.0028215982019901276,0.0034190202131867409
USFIRE,2024-05-31,-0.0020685275085270405,-0.0013664612779393792,0.00086137145990505815,0.0029151649214327335,0.0035181976854801178
USFIRE,2024-06-30,-0.0021172245033085346,-0.0014050687896087766,0.00084537395741790533,0.0029223340097814798,0.0035422686487436295
USFIRE,2024-07-31,-0.0021439716219902039,-0.0014460975071415305,0.00083248043665662408,0.0028987466357648373,0.0035254107788205147
USFIRE,2024-08-31,-0.0021989042870700359,-0.0014712844276800752,0.00082721689250320196,0.0029469302389770746,0.0035981968976557255
USFIRE,2024-09-30,-0.0022428096272051334,-0.0014926433796063066,0.00086934841237962246,0.0030061816796660423,0.0036301468499004841
USFIRE,2024-10-31,-0.0022899853065609932,-0.001527514192275703,0.00087060389341786504,0.0030357791110873222,0.0036902385763823986
USFIRE,2024-11-30,-0.0023408965207636356,-0.0015680937794968486,0.00088143907487392426,0.0031026131473481655,0.0037833438254892826
USFIRE,2024-12-31,-0.0024019908159971237,-0.0015867260517552495,0.00095967791276052594,0.0033297999761998653,0.0040430100634694099
USFIRE,2025-01-31,-0.0024015060625970364,-0.0015918290009722114,0.00096017384203150868,0.0033670966513454914,0.0040929387323558331
USFIRE,2025-02-28,-0.0024017500691115856,-0.0015756554203107953,0.00099331722594797611,0.0033851959742605686,0.0041061555966734886
USFIRE,2025-03-31,-0.0024393452331423759,-0.0015902292216196656,0.0010150808375328779,0.0033982316963374615,0.0041145957075059414
USFIRE,2025-04-30,-0.0023873592726886272,-0.0015499676810577512,0.0010296332184225321,0.0034349099732935429,0.0041636829264461994
USFIRE,2025-05-31,-0.0024187173694372177,-0.0015804913127794862,0.0010398211888968945,0.0034416359849274158,0.0041591604240238667
USFIRE,2025-06-30,-0.0024205734953284264,-0.0015648958506062627,0.0010475985473021865,0.003422704990953207,0.0041344277560710907
USFIRE,2025-07-31,-0.0023631625808775425,-0.0015197839820757508,0.0010782062308862805,0.0034725004807114601,0.004200697410851717
USGOOD,2023-08-31,-0.00158675666898489,-0.00086897396249696612,0.00070389278698712587,0.0021826960146427155,0.0027224123477935791
USGOOD,2023-09-30,-0.0019867694936692715,-0.0011541566345840693,0.00065105565590783954,0.0022200755774974823,0.0028120009228587151
USGOOD,2023-10-31,-0.0023496313951909542,-0.0014385682297870517,0.00059887976385653019,0.0023924596607685089,0.0030351332388818264
USGOOD,2023-11-30,-0.0024672406725585461,-0.0015024233143776655,0.00072933034971356392,0.0027176574803888798,0.0034416844137012959
USGOOD,2023-12-31,-0.0026813428848981857,-0.0015948421787470579,0.00086750322952866554,0.0030707912519574165,0.0038086520507931709
USGOOD,2024-01-31,-0.0030041052959859371,-0.0018519186414778233,0.00094662990886718035,0.0032880282960832119,0.0040887515060603619
USGOOD,2024-02-29,-0.0031928308308124542,-0.0019178189104422927,0.0011001911479979753,0.0035299379378557205,0.0043303803540766239
USGOOD,2024-03-31,-0.0035868552513420582,-0.0022551794536411762,0.00092312099877744913,0.0036309901624917984,0.004524370189756155
USGOOD,2024-04-30,-0.0034416848793625832,-0.0021163285709917545,0.0010053393198177218,0.0035769250243902206,0.0044291042722761631
USGOOD,2024-05-31,-0.0035290275700390339,-0.0021956753917038441,0.0009352716151624918,0.0036350521259009838,0.0045906556770205498
USGOOD,2024-06-30,-0.0035179657861590385,-0.0021430265624076128,0.001053323270753026,0.0037332219071686268,0.0046660020016133785
USGOOD,2024-07-31,-0.0037170611321926117,-0.0023013218306005001,0.00091328518465161324,0.0035579320974647999,0.0044413898140192032
USGOOD,2024-08-31,-0.0037299282848834991,-0.0023192977532744408,0.00088484177831560373,0.0036025187000632286,0.0045136562548577785
USGOOD,2024-09-30,-0.0039281751960515976,-0.0024313414469361305,0.00087721145246177912,0.0036213081330060959,0.0044991616159677505
USGOOD,2024-10-31,-0.0041017713956534863,-0.0025683017447590828,0.00096865615341812372,0.0038300682790577412,0.0048083639703691006
USGOOD,2024-11-30,-0.0041670585051178932,-0.002640875056385994,0.00083421031013131142,0.0037231086753308773,0.0046557066962122917
USGOOD,2024-12-31,-0.0054776878096163273,-0.0033569540828466415,0.00096373481210321188,0.0043378919363021851,0.0055550001561641693
USGOOD,2025-01-31,-0.0053221555426716805,-0.0032610613852739334,0.00099533365573734045,0.0044241598807275295,0.0056314584799110889
USGOOD,2025-02-28,-0.0052902670577168465,-0.0032387156970798969,0.0010272647486999631,0.0044380035251379013,0.0056561105884611607
USGOOD,2025-03-31,-0.0051325103268027306,-0.0030979015864431858,0.0010896953754127026,0.0043978304602205753,0.0056335157714784145
USGOOD,2025-04-30,-0.0052551855333149433,-0.0031619668006896973,0.0010350424563512206,0.0045293066650629044,0.0058412007056176662
USGOOD,2025-05-31,-0.0049215932376682758,-0.0029546115547418594,0.0011034256312996149,0.0044219298288226128,0.0056818053126335144
USGOOD,2025-06-30,-0.0049746241420507431,-0.0029628542251884937,0.0010997869540005922,0.0043886899948120117,0.0056492844596505165
USGOOD,2025-07-31,-0.0052554779686033726,-0.0031771529465913773,0.00099125877022743225,0.0044433311559259892,0.0057629547081887722
USGOVT,2023-08-31,-0.0014064033748582006,-0.00063478061929345131,0.0013079472118988633,0.0035178102552890778,0.0044873543083667755
USGOVT,2023-09-30,-0.00081656209658831358,-6.5274827647954226e-05,0.0018863548757508397,0.0041765696369111538,0.0051723788492381573
USGOVT,2023-10-31,-0.00087959878146648407,-0.00016156857600435615,0.0016601451206952333,0.0037787444889545441,0.0047166724689304829
USGOVT,2023-11-30,-0.00070652016438543797,-3.4621218219399452e-05,0.0017049143789336085,0.0036804475821554661,0.0045861466787755489
USGOVT,2023-12-31,-0.00084259104914963245,-0.00012747757136821747,0.0015853054355829954,0.0036029256880283356,0.0045151114463806152
USGOVT,2024-01-31,-0.0010764269391074777,-0.00031422183383256197,0.0016068860422819853,0.0036647496744990349,0.004606135655194521
USGOVT,2024-02-29,-0.0010842727497220039,-0.00029580912087112665,0.0016116776969283819,0.0036602546460926533,0.0045918887481093407
USGOVT,2024-03-31,-0.0011924761347472668,-0.00038668024353682995,0.0015995672438293695,0.0038133650086820126,0.0048195868730545044
USGOVT,2024-04-30,-0.0014191904338076711,-0.00058080093003809452,0.0015343010891228914,0.0038149380125105381,0.0048511424101889133
USGOVT,2024-05-31,-0.0016338586574420333,-0.00073952018283307552,0.0014938783133402467,0.0039159348234534264,0.0050269397906959057
USGOVT,2024-06-30,-0.001664182054810226,-0.00076854275539517403,0.0014797805342823267,0.0039124982431530952,0.0050238855183124542
USGOVT,2024-07-31,-0.0018024655291810632,-0.00089313194621354342,0.0013785015325993299,0.0038879578933119774,0.0049944096244871616
USGOVT,2024-08-31,-0.0017096552764996886,-0.00082616903819143772,0.0014368192059919238,0.0039296699687838554,0.0050455015152692795
USGOVT,2024-09-30,-0.0019448547391220927,-0.00098907144274562597,0.0014401953667402267,0.0040317000821232796,0.0051942858844995499
USGOVT,2024-10-31,-0.0017289271345362067,-0.00082387239672243595,0.0014655631966888905,0.0038908412680029869,0.0050125592388212681
USGOVT,2024-11-30,-0.0017056245123967528,-0.00081539631355553865,0.0013558324426412582,0.0037068305537104607,0.0047619272954761982
USGOVT,2024-12-31,-0.0020066299475729465,-0.00095462880562990904,0.0013802007306367159,0.0039929980412125587,0.0053623639978468418
USGOVT,2025-01-31,-0.0019838470034301281,-0.00092463335022330284,0.0014291260158643126,0.0040239999070763588,0.0053885583765804768
USGOVT,2025-02-28,-0.0019504023948684335,-0.00091391871683299541,0.0014061389956623316,0.0039617116563022137,0.0053089712746441364
USGOVT,2025-03-31,-0.0020057628862559795,-0.00094525970052927732,0.0014299373142421246,0.004010853823274374,0.0054275747388601303
USGOVT,2025-04-30,-0.0022285822778940201,-0.0010792107786983252,0.0013727891491726041,0.0041907895356416702,0.0057628978975117207
USGOVT,2025-05-31,-0.0024222247302532196,-0.0012503047473728657,0.0014047961449250579,0.0043716859072446823,0.0059703625738620758
USGOVT,2025-06-30,-0.0024637761525809765,-0.0012448190245777369,0.0014280520845204592,0.0044326377101242542,0.0060260235331952572
USGOVT,2025-07-31,-0.0026962710544466972,-0.0014252628898248076,0.0013793256366625428,0.0044110100716352463,0.0059841964393854141
USTPU,2023-08-31,-0.0019459978211671114,-0.0013725357130169868,-4.2998814024031162e-05,0.0011938347015529871,0.0016845118952915072
USTPU,2023-09-30,-0.0021936479024589062,-0.0015082976315170527,7.8975397627800703e-05,0.0014552938519045711,0.002012268640100956
USTPU,2023-10-31,-0.0023158022668212652,-0.0015883897431194782,7.7149365097284317e-05,0.0016508733388036489,0.0022376622073352337
USTPU,2023-11-30,-0.0024256580509245396,-0.0016796702984720469,0.00013939861673861742,0.0018219862831756473,0.0024350974708795547
USTPU,2023-12-31,-0.0029186594765633345,-0.0020425431430339813,4.8966496251523495e-05,0.0019089571433141828,0.0025564515963196754
USTPU,2024-01-31,-0.0028089410625398159,-0.0019579413346946239,0.00017559371190145612,0.0022154846228659153,0.0029292716644704342
USTPU,2024-02-29,-0.0027890217024832964,-0.0018728733994066715,0.00032765185460448265,0.0023955865763127804,0.003136875107884407
USTPU,2024-03-31,-0.0030159382149577141,-0.0020262815523892641,0.0003973057318944484,0.0026529741007834673,0.0034475747961550951
USTPU,2024-04-30,-0.0030602139886468649,-0.0020953651983290911,0.00024515303084626794,0.0024903039447963238,0.003317161463201046
USTPU,2024-05-31,-0.0030979954171925783,-0.0021077368874102831,0.00030436890665441751,0.0025418531149625778,0.0033489305060356855
USTPU,2024-06-30,-0.0030140134040266275,-0.0020327623933553696,0.00041041735676117241,0.0026520327664911747,0.0034997530747205019
USTPU,2024-07-31,-0.0031402783934026957,-0.0021486689802259207,0.00037033285479992628,0.0026496425271034241,0.0034964436199516058
USTPU,2024-08-31,-0.0032864159438759089,-0.0022518131881952286,0.00036074675153940916,0.00269692437723279,0.0035624105948954821
USTPU,2024-09-30,-0.0032371676061302423,-0.0021879209671169519,0.0004015392332803458,0.0026801207568496466,0.0035010713618248701
USTPU,2024-10-31,-0.0031560144852846861,-0.0021267316769808531,0.00045969273196533322,0.0028357475530356169,0.0037247934378683567
USTPU,2024-11-30,-0.0031866894569247961,-0.0021460871212184429,0.0003999873879365623,0.0028040288016200066,0.0036775518674403429
USTPU,2024-12-31,-0.0037533452268689871,-0.0024977491702884436,0.00041335594141855836,0.003123345086351037,0.0041305245831608772
USTPU,2025-01-31,-0.00369454943574965,-0.0024545609485358,0.00048193047405220568,0.0031218654476106167,0.004108828492462635
USTPU,2025-02-28,-0.0036368237342685461,-0.0024001789279282093,0.00051156023982912302,0.0031482512131333351,0.0041252472437918186
USTPU,2025-03-31,-0.0035990646574646235,-0.0023788916878402233,0.0004869441909249872,0.003228131216019392,0.0042552435770630836
USTPU,2025-04-30,-0.0037091646809130907,-0.0024466901086270809,0.00047255257959477603,0.0031907849479466677,0.0042009218595921993
USTPU,2025-05-31,-0.0035445422399789095,-0.002347851637750864,0.00049832015065476298,0.0032159073743969202,0.0042875772342085838
USTPU,2025-06-30,-0.0034578938502818346,-0.0022400307934731245,0.00054629473015666008,0.0032209339551627636,0.0042861755937337875
USTPU,2025-07-31,-0.0035957393702119589,-0.0023442998062819242,0.00052452395902946591,0.0032206561882048845,0.004248492419719696
USTRADE,2023-08-31,-0.0029306360520422459,-0.0022936016321182251,-0.00048991315998136997,0.0012299923691898584,0.0018419603584334254
USTRADE,2023-09-30,-0.0031923414207994938,-0.0024352511391043663,-0.00033083755988627672,0.0015238203341141343,0.0022098347544670105
USTRADE,2023-10-31,-0.0030769254080951214,-0.0023285569623112679,-0.00026564870495349169,0.0017953888745978475,0.0025183157995343208
USTRADE,2023-11-30,-0.003179122693836689,-0.0024295425973832607,-0.00022080494090914726,0.0018953292164951563,0.0026248113717883825
USTRADE,2023-12-31,-0.0038893995806574821,-0.0030105062760412693,-0.000531161786057055,0.0017969681648537517,0.0025804443284869194
USTRADE,2024-01-31,-0.0037788292393088341,-0.0029434701427817345,-0.00043578061740845442,0.0020697121508419514,0.00289511913433671
USTRADE,2024-02-29,-0.0037546236999332905,-0.0028448300436139107,-0.00027013302315026522,0.0022985856048762798,0.0031620915979146957
USTRADE,2024-03-31,-0.0039869640022516251,-0.0030090627260506153,-0.00017341622151434422,0.0026068990118801594,0.0035302815958857536
USTRADE,2024-04-30,-0.0039825229905545712,-0.003056554589420557,-0.00034946470987051725,0.0024108751676976681,0.0033515323884785175
USTRADE,2024-05-31,-0.0040915082208812237,-0.0031396541744470596,-0.00034072785638272762,0.0024498063139617443,0.0033748229034245014
USTRADE,2024-06-30,-0.0039352504536509514,-0.0029866169206798077,-0.00016368890646845102,0.00261140544898808,0.0035732421092689037
USTRADE,2024-07-31,-0.004091004841029644,-0.0031157005578279495,-0.00022561918012797832,0.002553542610257864,0.0035053598694503307
USTRADE,2024-08-31,-0.0042873905040323734,-0.0032778969034552574,-0.00028636876959353685,0.0025331801734864712,0.0035018050111830235
USTRADE,2024-09-30,-0.0043454747647047043,-0.0033171423710882664,-0.00033213209826499224,0.0026217377744615078,0.0036188419908285141
USTRADE,2024-10-31,-0.0042092613875865936,-0.0032050306908786297,-0.00022724666632711887,0.0027571811806410551,0.0037705469876527786
USTRADE,2024-11-30,-0.0043139662593603134,-0.0032815844751894474,-0.00028319703415036201,0.0027434511575847864,0.0037612887099385262
USTRADE,2024-12-31,-0.0046176495961844921,-0.0035004313103854656,-0.00022031762637197971,0.003024611622095108,0.004100533202290535
USTRADE,2025-01-31,-0.0045029832981526852,-0.0034150583669543266,-0.00016227707965299487,0.0030571087263524532,0.0041556330397725105
USTRADE,2025-02-28,-0.0044515267945826054,-0.003366375807672739,-0.00012641568901017308,0.0030600489117205143,0.0041439887136220932
USTRADE,2025-03-31,-0.0044185887090861797,-0.0033494862727820873,-0.00015739543596282601,0.0031066173687577248,0.0042197760194540024
USTRADE,2025-04-30,-0.0046120085753500462,-0.0034767277538776398,-0.0001602203119546175,0.0030618868768215179,0.0041364356875419617
USTRADE,2025-05-31,-0.0044563207775354385,-0.003389319870620966,-0.00015176209853962064,0.0031062602065503597,0.0042421813122928143
USTRADE,2025-06-30,-0.0043999012559652328,-0.0032850094139575958,-9.4742921646684408e-05,0.0031038918532431126,0.0042207888327538967
USTRADE,2025-07-31,-0.0045312852598726749,-0.0033870288170874119,-9.3868875410407782e-05,0.0031564082019031048,0.0042539485730230808
USWTRADE,2023-08-31,-0.0011418488575145602,-0.00069583579897880554,0.00050279521383345127,0.0017403317615389824,0.0021382970735430717
USWTRADE,2023-09-30,-0.00096126273274421692,-0.00044017983600497246,0.00095318106468766928,0.0023553979117423296,0.0028269968461245298
USWTRADE,2023-10-31,-0.0011166539043188095,-0.00055919121950864792,0.00098021433223038912,0.0025239945389330387,0.0030205380171537399
USWTRADE,2023-11-30,-0.0013177822111174464,-0.00070629478432238102,0.0010389181552454829,0.0027556836139410734,0.0033363259863108397
USWTRADE,2023-12-31,-0.0013365491759032011,-0.00065858161542564631,0.0012148842215538025,0.0031752209179103374,0.0038118574302643538
USWTRADE,2024-01-31,-0.0018272735178470612,-0.0010985319968312979,0.00095419073477387428,0.0029705837368965149,0.00363930594176054
USWTRADE,2024-02-29,-0.0018779982347041368,-0.0010693663498386741,0.0010807889048010111,0.0031500693876296282,0.0038144306745380163
USWTRADE,2024-03-31,-0.0021349901799112558,-0.0012678626226261258,0.0010953312739729881,0.0033492164220660925,0.0040574474260210991
USWTRADE,2024-04-30,-0.0021508792415261269,-0.0012995866127312183,0.0010554664768278599,0.0033193982671946287,0.0040291487239301205
USWTRADE,2024-05-31,-0.0023112848866730928,-0.0014139823615550995,0.0010613107588142157,0.0034421586897224188,0.0042212177067995071
USWTRADE,2024-06-30,-0.00227395910769701,-0.0013598677469417453,0.0011470073368400335,0.0035177429672330618,0.0042717731557786465
USWTRADE,2024-07-31,-0.0024645824450999498,-0.0015311066526919603,0.0010354828555136919,0.0034455149434506893,0.0041974848136305809
USWTRADE,2024-08-31,-0.0025777434930205345,-0.0016286210156977177,0.0010659871622920036,0.0035476083867251873,0.0043224925175309181
USWTRADE,2024-09-30,-0.0026436250191181898,-0.0016575430054217577,0.001038140500895679,0.0035156344529241323,0.0042809471487998962
USWTRADE,2024-10-31,-0.0025422614999115467,-0.0015662119258195162,0.0011368230916559696,0.0036573079414665699,0.0044522248208522797
USWTRADE,2024-11-30,-0.0026100613176822662,-0.0016441000625491142,0.0010307731572538614,0.0035735541023313999,0.0043608248233795166
USWTRADE,2024-12-31,-0.0030123724136501551,-0.0018428941257297993,0.0011150783393532038,0.0038824738003313541,0.0048276446759700775
USWTRADE,2025-01-31,-0.0029016714543104172,-0.001780723687261343,0.001096200430765748,0.0038683731108903885,0.0048088375478982925
USWTRADE,2025-02-28,-0.002883401932194829,-0.0017549348995089531,0.0011394418543204665,0.0039055021479725838,0.0048369010910391808
USWTRADE,2025-03-31,-0.0028880799654871225,-0.0017566310707479715,0.0011209907243028283,0.0038799969479441643,0.004836592823266983
USWTRADE,2025-04-30,-0.003076538909226656,-0.0018835894297808409,0.0010933417361229658,0.0039673764258623123,0.0049890000373125076
USWTRADE,2025-05-31,-0.0029222166631370783,-0.0017956716474145651,0.0010973871685564518,0.0038957654032856226,0.0048652617260813713
USWTRADE,2025-06-30,-0.0028771094512194395,-0.0017285631038248539,0.0011312291026115417,0.003856762545183301,0.0048089567571878433
USWTRADE,2025-07-31,-0.0030511082150042057,-0.0018627450335770845,0.0010998703073710203,0.0039529707282781601,0.0049505997449159622
VIXCLSx,2023-08-31,11.805489540100098,12.514423370361328,14.729835510253906,18.286859512329102,20.200380325317383
VIXCLSx,2023-09-30,11.069543838500977,12.012167930603027,15.044816970825195,19.991884231567383,22.303182601928711
VIXCLSx,2023-10-31,10.621147155761719,11.638694763183594,15.368684768676758,21.569961547851562,24.408536911010742
VIXCLSx,2023-11-30,10.288478851318359,11.456850051879883,15.632181167602539,22.466604232788086,25.542829513549805
VIXCLSx,2023-12-31,10.135518074035645,11.329473495483398,15.63160514831543,22.811286926269531,26.062015533447266
VIXCLSx,2024-01-31,9.9715490341186523,11.252816200256348,16.0406494140625,24.129070281982422,27.80499267578125
VIXCLSx,2024-02-29,9.9761581420898438,11.305001258850098,16.560415267944336,25.315727233886719,29.333686828613281
VIXCLSx,2024-03-31,9.9999790191650391,11.357916831970215,16.682289123535156,25.396417617797852,29.427385330200195
VIXCLSx,2024-04-30,9.904693603515625,11.256475448608398,16.502538681030273,25.312135696411133,29.467178344726562
VIXCLSx,2024-05-31,9.8434276580810547,11.214824676513672,16.681375503540039,25.800928115844727,30.203851699829102
VIXCLSx,2024-06-30,9.810816764831543,11.24310302734375,16.930271148681641,26.475202560424805,31.092227935791016
VIXCLSx,2024-07-31,9.7825555801391602,11.217486381530762,16.786317825317383,26.456659317016602,31.155551910400391
VIXCLSx,2024-08-31,9.7222890853881836,11.201505661010742,16.986732482910156,26.709384918212891,31.493902206420898
VIXCLSx,2024-09-30,9.8654317855834961,11.359910011291504,17.20208740234375,27.326755523681641,32.439983367919922
VIXCLSx,2024-10-31,9.8630943298339844,11.411723136901855,17.65179443359375,28.191574096679688,33.466461181640625
VIXCLSx,2024-11-30,9.8035612106323242,11.358013153076172,17.570653915405273,28.000259399414062,33.366115570068359
VIXCLSx,2024-12-31,8.9564132690429688,10.728778839111328,17.208864212036133,27.54759407043457,32.135719299316406
VIXCLSx,2025-01-31,8.8069639205932617,10.697624206542969,17.277475357055664,27.672103881835938,32.274604797363281
VIXCLSx,2025-02-28,9.0150346755981445,10.85886287689209,17.298919677734375,27.867870330810547,32.628890991210938
VIXCLSx,2025-03-31,8.9402303695678711,10.81904411315918,17.312694549560547,27.925643920898438,32.777153015136719
VIXCLSx,2025-04-30,8.8521661758422852,10.723911285400391,17.079944610595703,27.623294830322266,32.651824951171875
VIXCLSx,2025-05-31,8.7598600387573242,10.676359176635742,17.098123550415039,27.562145233154297,32.484687805175781
VIXCLSx,2025-06-30,8.889134407043457,10.740777015686035,17.180896759033203,27.503505706787109,32.450492858886719
VIXCLSx,2025-07-31,8.84814453125,10.710270881652832,17.149690628051758,27.716012954711914,32.833076477050781
W875RX1,2023-08-31,-0.0027186020743101835,-0.0013117971830070019,0.001925205928273499,0.0050547784194350243,0.0063290232792496681
W875RX1,2023-09-30,-0.0027330804150551558,-0.001146846916526556,0.002589239738881588,0.0061876680701971054,0.0076234173029661179
W875RX1,2023-10-31,-0.0033016281668096781,-0.0016018939204514027,0.0024706295225769281,0.0062955180183053017,0.0077844401821494102
W875RX1,2023-11-30,-0.0031289041507989168,-0.0014624546747654676,0.0026925131678581238,0.0067037465050816536,0.0082861948758363724
W875RX1,2023-12-31,-0.003757368540391326,-0.0018873566295951605,0.0026496145874261856,0.0071150828152894974,0.0088388184085488319
W875RX1,2024-01-31,-0.004224708303809166,-0.0023546463344246149,0.002324339235201478,0.0068432213738560677,0.0085755186155438423
W875RX1,2024-02-29,-0.003641925984993577,-0.0018119860906153917,0.0024528484791517258,0.0066512860357761383,0.0082935662940144539
W875RX1,2024-03-31,-0.0038117424119263887,-0.0019318077247589827,0.0024488037452101707,0.0066759996116161346,0.008320971392095089
W875RX1,2024-04-30,-0.0037706645671278238,-0.0019548230338841677,0.0024361321702599525,0.0066625364124774933,0.0083638522773981094
W875RX1,2024-05-31,-0.0039456477388739586,-0.0020519306417554617,0.0025750256609171629,0.0069589540362358093,0.0087430840358138084
W875RX1,2024-06-30,-0.0037133207079023123,-0.0018849542830139399,0.0025619866792112589,0.0067699374631047249,0.0085235228762030602
W875RX1,2024-07-31,-0.0038561087567359209,-0.0020068122539669275,0.0024582343176007271,0.006688256748020649,0.008385063149034977
W875RX1,2024-08-31,-0.0040017794817686081,-0.0021331103052943945,0.0024785068817436695,0.00682066660374403,0.0085443258285522461
W875RX1,2024-09-30,-0.0043155699968338013,-0.0023260053712874651,0.0024160705506801605,0.0067763859406113625,0.0084646465256810188
W875RX1,2024-10-31,-0.0042127091437578201,-0.0022929573897272348,0.0024284841492772102,0.0070152496919035912,0.0088888565078377724
W875RX1,2024-11-30,-0.0044946689158678055,-0.0025124384555965662,0.0023191613145172596,0.0069702761247754097,0.0087911421433091164
W875RX1,2024-12-31,-0.0063982931897044182,-0.0035229993518441916,0.0025421883910894394,0.0085292346775531769,0.011262338608503342
W875RX1,2025-01-31,-0.0065957102924585342,-0.0037404985632747412,0.0023571394849568605,0.0083314981311559677,0.011071049608290195
W875RX1,2025-02-28,-0.0052380738779902458,-0.0027100562583655119,0.0024797632358968258,0.0074918530881404877,0.0098800258710980415
W875RX1,2025-03-31,-0.0046959212049841881,-0.0023731605615466833,0.002485217060893774,0.007306072860956192,0.0096409833058714867
W875RX1,2025-04-30,-0.0050648152828216553,-0.0026358955074101686,0.0023551373742520809,0.0072543546557426453,0.0095121636986732483
W875RX1,2025-05-31,-0.0047230962663888931,-0.002469728933647275,0.0023706136271357536,0.0071887355297803879,0.009392433799803257
W875RX1,2025-06-30,-0.0045837583020329475,-0.0023298368323594332,0.0023860996589064598,0.0071116434410214424,0.0092780496925115585
W875RX1,2025-07-31,-0.0046974271535873413,-0.0024222440551966429,0.0023614256642758846,0.0070394556969404221,0.0091251088306307793
WPSFD49207,2023-08-31,-0.012412202544510365,-0.0089732883498072624,-1.9821967725874856e-05,0.0085400426760315895,0.011659163981676102
WPSFD49207,2023-09-30,-0.014405104331672192,-0.010724673978984356,-0.0010348391951993108,0.0087312674149870872,0.012399417348206043
WPSFD49207,2023-10-31,-0.0144998449832201,-0.010526403784751892,0.00010698094411054626,0.010814276523888111,0.014544040895998478
WPSFD49207,2023-11-30,-0.01443242933601141,-0.010542141273617744,2.7815087378257886e-05,0.010591048747301102,0.014440406113862991
WPSFD49207,2023-12-31,-0.014217968098819256,-0.010300160385668278,0.00019323693413753062,0.010682918131351471,0.014583062380552292
WPSFD49207,2024-01-31,-0.0151438033208251,-0.010984010063111782,-0.00013323841267265379,0.010619965381920338,0.014584979973733425
WPSFD49207,2024-02-29,-0.015113197267055511,-0.010986181907355785,6.8440116592682898e-05,0.011017409153282642,0.015049573965370655
WPSFD49207,2024-03-31,-0.015036887489259243,-0.010948492214083672,0.00013754688552580774,0.011132021434605122,0.015178034082055092
WPSFD49207,2024-04-30,-0.015200572088360786,-0.01106694620102644,0.0001091504018404521,0.011210319586098194,0.015249863266944885
WPSFD49207,2024-05-31,-0.015118715353310108,-0.011054211296141148,0.00017272851255256683,0.010991471819579601,0.014864448457956314
WPSFD49207,2024-06-30,-0.015068270266056061,-0.010830951854586601,0.00014445446140598506,0.010793948546051979,0.014538235031068325
WPSFD49207,2024-07-31,-0.014356916770339012,-0.010446262545883656,0.0001075503314496018,0.010220213793218136,0.013897579163312912
WPSFD49207,2024-08-31,-0.014314409345388412,-0.010384494438767433,7.6758988143410534e-05,0.01009569875895977,0.013696558773517609
WPSFD49207,2024-09-30,-0.014561780728399754,-0.010581973008811474,8.0133875599130988e-05,0.010095792822539806,0.013617411255836487
WPSFD49207,2024-10-31,-0.01450429018586874,-0.010536235757172108,0.00012392905773594975,0.010225643403828144,0.013908561319112778
WPSFD49207,2024-11-30,-0.014695018529891968,-0.010656852275133133,0.00017393774760421365,0.010542313568294048,0.014329534024000168
WPSFD49207,2024-12-31,-0.016322901472449303,-0.01139999832957983,3.0651404813397676e-05,0.0109675582498312,0.015436333604156971
WPSFD49207,2025-01-31,-0.016776030883193016,-0.0117007065564394,3.717041909112595e-05,0.011350685730576515,0.01592114195227623
WPSFD49207,2025-02-28,-0.017009174451231956,-0.011846375651657581,5.3831994591746479e-05,0.011366210877895355,0.015928497537970543
WPSFD49207,2025-03-31,-0.016189545392990112,-0.011340764351189137,9.4276147137861699e-05,0.011171761900186539,0.015768999233841896
WPSFD49207,2025-04-30,-0.016141843050718307,-0.011237331666052341,5.3245043091010302e-05,0.011130975559353828,0.015736239030957222
WPSFD49207,2025-05-31,-0.016606219112873077,-0.011524577625095844,6.5681684645824134e-05,0.011125226505100727,0.015648767352104187
WPSFD49207,2025-06-30,-0.016565291211009026,-0.011522018350660801,7.3472496296744794e-05,0.011169998906552792,0.01569187268614769
WPSFD49207,2025-07-31,-0.016096638515591621,-0.011201240122318268,0.00010570904123596847,0.011097259819507599,0.015632256865501404
WPSFD49502,2023-08-31,-0.016918007284402847,-0.012224237434566021,8.1292899267282337e-05,0.011935794726014137,0.016278579831123352
WPSFD49502,2023-09-30,-0.019419381394982338,-0.014455461874604225,-0.0012589192483574152,0.012119978666305542,0.017184106633067131
WPSFD49502,2023-10-31,-0.01957130990922451,-0.014171180315315723,0.00033744052052497864,0.014847321435809135,0.019986620172858238
WPSFD49502,2023-11-30,-0.019515499472618103,-0.014320903457701206,-2.0767409296240658e-05,0.014414171688258648,0.019778031855821609
WPSFD49502,2023-12-31,-0.019227039068937302,-0.013940837234258652,0.00027548411162570119,0.014557555317878723,0.019955486059188843
WPSFD49502,2024-01-31,-0.020343998447060585,-0.014766319654881954,-0.00015438711852766573,0.014465967193245888,0.019968980923295021
WPSFD49502,2024-02-29,-0.020312486216425896,-0.01476752758026123,0.00011661746248137206,0.014982295222580433,0.020584441721439362
WPSFD49502,2024-03-31,-0.020304009318351746,-0.014785517007112503,0.00018099263252224773,0.015073785558342934,0.020657012239098549
WPSFD49502,2024-04-30,-0.020389588549733162,-0.014860906638205051,0.0001469338167225942,0.015163377858698368,0.020728632807731628
WPSFD49502,2024-05-31,-0.020320095121860504,-0.014849237166345119,0.00024568772641941905,0.014804616570472717,0.020075719803571701
WPSFD49502,2024-06-30,-0.02018120139837265,-0.014545812271535397,0.00016219678218476474,0.01449953019618988,0.019612036645412445
WPSFD49502,2024-07-31,-0.019316921010613441,-0.014050836674869061,0.000129067397210747,0.013752230443060398,0.018768062815070152
WPSFD49502,2024-08-31,-0.019170306622982025,-0.013905495405197144,0.00010488536645425484,0.013564098626375198,0.018464777618646622
WPSFD49502,2024-09-30,-0.019461121410131454,-0.014154674485325813,9.6191426564473659e-05,0.013561205938458443,0.018359178677201271
WPSFD49502,2024-10-31,-0.019394967705011368,-0.014099294319748878,0.00013928873522672802,0.013718982227146626,0.018703345209360123
WPSFD49502,2024-11-30,-0.019613882526755333,-0.014238914474844933,0.00017113955982495099,0.014006533659994602,0.019100051373243332
WPSFD49502,2024-12-31,-0.02179960161447525,-0.01523170992732048,2.157622657250613e-05,0.014741747640073299,0.020939311012625694
WPSFD49502,2025-01-31,-0.022331852465867996,-0.015599338337779045,2.170207881135866e-05,0.015249511227011681,0.021589290350675583
WPSFD49502,2025-02-28,-0.022583708167076111,-0.015748292207717896,4.3099855247419327e-05,0.015196545980870724,0.021495696157217026
WPSFD49502,2025-03-31,-0.021513162180781364,-0.015090526081621647,9.4688846729695797e-05,0.014941900037229061,0.021293343976140022
WPSFD49502,2025-04-30,-0.021408827975392342,-0.014916856773197651,5.4461750551126897e-05,0.014845599420368671,0.021166309714317322
WPSFD49502,2025-05-31,-0.021956615149974823,-0.015259631909430027,5.861095996806398e-05,0.014830426312983036,0.021036379039287567
WPSFD49502,2025-06-30,-0.021777160465717316,-0.015170668251812458,7.9749086580704898e-05,0.014875042252242565,0.02106853574514389
WPSFD49502,2025-07-31,-0.021296756342053413,-0.014849323779344559,0.00011711135448422283,0.014779637567698956,0.020992182195186615
WPSID61,2023-08-31,-0.013442602008581161,-0.0091675659641623497,0.00011088274186477065,0.0088854776695370674,0.012919374741613865
WPSID61,2023-09-30,-0.014882707968354225,-0.010250691324472427,-0.00032571415067650378,0.0092513896524906158,0.013659648597240448
WPSID61,2023-10-31,-0.015235164202749729,-0.010527145117521286,-2.17696087929653e-05,0.0099658863618969917,0.014481388963758945
WPSID61,2023-11-30,-0.015142126008868217,-0.010383268818259239,0.00019485084339976311,0.010273356921970844,0.014864224009215832
WPSID61,2023-12-31,-0.014702307991683483,-0.010067015886306763,0.00032103841658681631,0.01033296063542366,0.015074186027050018
WPSID61,2024-01-31,-0.015724584460258484,-0.010822596028447151,0.00014472371549345553,0.010393070988357067,0.015115691348910332
WPSID61,2024-02-29,-0.015771625563502312,-0.010858410969376564,0.00030335882911458611,0.010815780609846115,0.015608134679496288
WPSID61,2024-03-31,-0.015780700370669365,-0.010909741744399071,0.00025674563948996365,0.010990399867296219,0.015935372561216354
WPSID61,2024-04-30,-0.016275301575660706,-0.011188758537173271,0.00022656033979728818,0.01102926954627037,0.015882197767496109
WPSID61,2024-05-31,-0.016053277999162674,-0.011134260334074497,0.00030508911004289985,0.011114512570202351,0.015893943607807159
WPSID61,2024-06-30,-0.01613054983317852,-0.010983116924762726,0.00024391777697019279,0.011028626002371311,0.015731692314147949
WPSID61,2024-07-31,-0.01556776650249958,-0.01075360830873251,0.00019877305021509528,0.010634569451212883,0.015317059122025967
WPSID61,2024-08-31,-0.015642184764146805,-0.01073991134762764,0.00025736400857567787,0.010669965296983719,0.015372545458376408
WPSID61,2024-09-30,-0.015839708968997002,-0.010847280733287334,0.00024849790497682989,0.010739443823695183,0.015463424846529961
WPSID61,2024-10-31,-0.015788789838552475,-0.010852058418095112,0.00024431606288999319,0.010649235919117928,0.015368349850177765
WPSID61,2024-11-30,-0.016116539016366005,-0.01105140894651413,0.0003150943957734853,0.01093534380197525,0.015806078910827637
WPSID61,2024-12-31,-0.017027741298079491,-0.011246532201766968,0.0001989086449611932,0.011132525280117989,0.016570104286074638
WPSID61,2025-01-31,-0.017597509548068047,-0.01159569900482893,0.00020332109124865383,0.011261031031608582,0.016715288162231445
WPSID61,2025-02-28,-0.017289157956838608,-0.011468861252069473,0.00018186791567131877,0.011112756095826626,0.01652863621711731
WPSID61,2025-03-31,-0.016841676086187363,-0.011247455142438412,0.00010856013977900147,0.010889857076108456,0.016319183632731438
WPSID61,2025-04-30,-0.016542686149477959,-0.011062678880989552,0.00012961641186848283,0.010919882915914059,0.016394888982176781
WPSID61,2025-05-31,-0.017206801101565361,-0.011522609740495682,0.00017506227595731616,0.011025681160390377,0.016379076987504959
WPSID61,2025-06-30,-0.016949890181422234,-0.011426521465182304,0.00013557726924773306,0.010979095473885536,0.016292162239551544
WPSID61,2025-07-31,-0.016491767019033432,-0.011155568994581699,0.0001741141895763576,0.01095367968082428,0.016361625865101814
WPSID62,2023-08-31,-0.093717142939567566,-0.071327283978462219,-0.018290933221578598,0.025660747662186623,0.042191628366708755
WPSID62,2023-09-30,-0.086065158247947693,-0.062218047678470612,-0.0057588042691349983,0.04760289192199707,0.06859327107667923
WPSID62,2023-10-31,-0.07655131071805954,-0.052166786044836044,0.0074927425011992455,0.065874435007572174,0.08852493017911911
WPSID62,2023-11-30,-0.0894656702876091,-0.0642085000872612,-0.00058081082534044981,0.060589481145143509,0.08382771909236908
WPSID62,2023-12-31,-0.092332027852535248,-0.06641918420791626,-0.0030529769137501717,0.059595193713903427,0.083645768463611603
WPSID62,2024-01-31,-0.09303639829158783,-0.066048704087734222,-4.3821470171678811e-05,0.063766598701477051,0.087260566651821136
WPSID62,2024-02-29,-0.093455016613006592,-0.066098146140575409,0.00031933994614519179,0.063780523836612701,0.087295278906822205
WPSID62,2024-03-31,-0.093557335436344147,-0.067061580717563629,-0.0018920291913673282,0.061721537262201309,0.085750266909599304
WPSID62,2024-04-30,-0.092553913593292236,-0.065230190753936768,0.00057910167379304767,0.064235277473926544,0.08775000274181366
WPSID62,2024-05-31,-0.091050080955028534,-0.0642547607421875,0.0010822496842592955,0.064331009984016418,0.087506406009197235
WPSID62,2024-06-30,-0.094195239245891571,-0.066209852695465088,-0.00050216476665809751,0.06212996318936348,0.085222899913787842
WPSID62,2024-07-31,-0.091978549957275391,-0.065731756389141083,-0.00060325319645926356,0.061864864081144333,0.084717996418476105
WPSID62,2024-08-31,-0.09122169017791748,-0.064536556601524353,0.001105588162317872,0.064362563192844391,0.087582051753997803
WPSID62,2024-09-30,-0.093192905187606812,-0.066156819462776184,0.00037315758527256548,0.064038462936878204,0.087464585900306702
WPSID62,2024-10-31,-0.091670460999011993,-0.065386459231376648,0.00079060299322009087,0.063507191836833954,0.086413078010082245
WPSID62,2024-11-30,-0.09493129700422287,-0.067118152976036072,0.00092669879086315632,0.064478293061256409,0.087758876383304596
WPSID62,2024-12-31,-0.097883962094783783,-0.068385586142539978,0.00044352485565468669,0.067167825996875763,0.095338590443134308
WPSID62,2025-01-31,-0.10049731284379959,-0.070262610912322998,-8.2331775047350675e-05,0.06758793443441391,0.096228249371051788
WPSID62,2025-02-28,-0.10061293095350266,-0.070382915437221527,0.00016327244520653039,0.067912466824054718,0.096536271274089813
WPSID62,2025-03-31,-0.097252830862998962,-0.068450227379798889,6.1773651395924389e-05,0.066483981907367706,0.095166735351085663
WPSID62,2025-04-30,-0.096154473721981049,-0.067342013120651245,5.5405511375283822e-05,0.065691940486431122,0.094046801328659058
WPSID62,2025-05-31,-0.096998065710067749,-0.067641675472259521,0.00042995988042093813,0.06490393728017807,0.092902384698390961
WPSID62,2025-06-30,-0.095066934823989868,-0.066446647047996521,0.00023875480110291392,0.063178166747093201,0.09077116847038269
WPSID62,2025-07-31,-0.093460887670516968,-0.065598994493484497,0.00014435840421356261,0.063260674476623535,0.091000162065029144
