unique_id,ds,TimesFM,TimesFM-q-5,TimesFM-q-10,TimesFM-q-50,TimesFM-q-90,TimesFM-q-95
AAA,2003-05-31,-0.056276217103004456,-0.231069341301918,-0.231069341301918,-0.0562762171030044,0.1328189074993133,0.1328189074993133
AAA,2003-06-30,-0.047991331666707993,-0.23717772960662839,-0.23717772960662839,-0.047991331666707902,0.16024455428123471,0.16024455428123471
AAA,2003-07-31,-0.039996370673179626,-0.2381339818239212,-0.2381339818239212,-0.039996370673179599,0.17642717063426969,0.17642717063426969
AAA,2003-08-31,-0.034389715641736984,-0.23792073130607599,-0.23792073130607599,-0.034389715641736901,0.19026336073875419,0.19026336073875419
AAA,2003-09-30,-0.033225987106561661,-0.23921282589435569,-0.23921282589435569,-0.033225987106561598,0.19367541372776029,0.19367541372776029
AAA,2003-10-31,-0.032484918832778931,-0.2399772703647613,-0.2399772703647613,-0.032484918832778903,0.19685909152030939,0.19685909152030939
AAA,2003-11-30,-0.030778586864471436,-0.2384003549814224,-0.2384003549814224,-0.030778586864471401,0.2029931098222732,0.2029931098222732
AAA,2003-12-31,-0.029684782028198242,-0.2393351793289184,-0.2393351793289184,-0.029684782028198201,0.2068105936050415,0.2068105936050415
AAA,2004-01-31,-0.02557816170156002,-0.2378517538309097,-0.2378517538309097,-0.0255781635642051,0.21171261370182029,0.21171261370182029
AAA,2004-02-29,-0.027240518480539322,-0.24062763154506681,-0.24062763154506681,-0.027240518480539301,0.21507632732391349,0.21507632732391349
AAA,2004-03-31,-0.03019481897354126,-0.24195028841495511,-0.24195028841495511,-0.030194818973541201,0.21271118521690369,0.21271118521690369
AAA,2004-04-30,-0.028777793049812317,-0.24226346611976621,-0.24226346611976621,-0.0287777930498123,0.21509093046188349,0.21509093046188349
AAA,2004-05-31,-0.027883512899279594,-0.24293343722820279,-0.24293343722820279,-0.027883514761924699,0.21600542962551109,0.21600542962551109
AAA,2004-06-30,-0.02594836987555027,-0.24581697583198539,-0.24581697583198539,-0.0259483680129051,0.22248964011669159,0.22248964011669159
AAA,2004-07-31,-0.022712705656886101,-0.24229529500007629,-0.24229529500007629,-0.022712707519531201,0.228245735168457,0.228245735168457
AAA,2004-08-31,-0.017829034477472305,-0.2429358959197998,-0.2429358959197998,-0.017829034477472298,0.2320334166288375,0.2320334166288375
AAA,2004-09-30,-0.01626555435359478,-0.23760044574737549,-0.23760044574737549,-0.016265556216239901,0.23604500293731689,0.23604500293731689
AAA,2004-10-31,-0.01837695948779583,-0.24168984591960899,-0.24168984591960899,-0.018376957625150601,0.2361619174480438,0.2361619174480438
AAA,2004-11-30,-0.020425105467438698,-0.24585112929344169,-0.24585112929344169,-0.0204251036047935,0.24169966578483579,0.24169966578483579
AAA,2004-12-31,-0.019056672230362892,-0.2477118521928787,-0.2477118521928787,-0.019056670367717701,0.2436611801385879,0.2436611801385879
AAA,2005-01-31,-0.01949349045753479,-0.24812687933444971,-0.24812687933444971,-0.0194934904575347,0.2464822381734848,0.2464822381734848
AAA,2005-02-28,-0.014115693047642708,-0.24352146685123441,-0.24352146685123441,-0.0141156911849975,0.25538370013237,0.25538370013237
AAA,2005-03-31,-0.014791401103138924,-0.24642500281333921,-0.24642500281333921,-0.0147913992404937,0.2513640820980072,0.2513640820980072
AAA,2005-04-30,-0.014620844274759293,-0.2456081211566925,-0.2456081211566925,-0.014620844274759201,0.25678190588951111,0.25678190588951111
AAAFFM,2003-05-31,4.4897136688232422,4.2801051139831543,4.2801051139831543,4.4897136688232422,4.6855030059814453,4.6855030059814453
AAAFFM,2003-06-30,4.5011806488037109,4.2799263000488281,4.2799263000488281,4.5011806488037109,4.7406959533691406,4.7406959533691406
AAAFFM,2003-07-31,4.5236630439758301,4.2566685676574707,4.2566685676574707,4.5236630439758301,4.7810611724853516,4.7810611724853516
AAAFFM,2003-08-31,4.5676770210266113,4.2863759994506836,4.2863759994506836,4.5676770210266113,4.8189206123352051,4.8189206123352051
AAAFFM,2003-09-30,4.5831637382507324,4.2892971038818359,4.2892971038818359,4.5831637382507324,4.8548870086669922,4.8548870086669922
AAAFFM,2003-10-31,4.5999865531921387,4.3296294212341309,4.3296294212341309,4.5999865531921387,4.8644766807556152,4.8644766807556152
AAAFFM,2003-11-30,4.6343235969543457,4.3469977378845215,4.3469977378845215,4.6343235969543457,4.8823456764221191,4.8823456764221191
AAAFFM,2003-12-31,4.6844635009765625,4.3620491027832031,4.3620491027832031,4.6844635009765625,4.8970975875854492,4.8970975875854492
AAAFFM,2004-01-31,4.6727151870727539,4.3993959426879883,4.3993959426879883,4.6727151870727539,4.9061288833618164,4.9061288833618164
AAAFFM,2004-02-29,4.6559181213378906,4.3826026916503906,4.3826026916503906,4.6559181213378906,4.9132509231567383,4.9132509231567383
AAAFFM,2004-03-31,4.6100516319274902,4.3983173370361328,4.3983173370361328,4.6100516319274902,4.8767709732055664,4.8767709732055664
AAAFFM,2004-04-30,4.5069928169250488,4.2399044036865234,4.2399044036865234,4.5069928169250488,4.7830028533935547,4.7830028533935547
AAAFFM,2004-05-31,4.4200944900512695,4.1920337677001953,4.1920337677001953,4.4200944900512695,4.6869020462036133,4.6869020462036133
AAAFFM,2004-06-30,4.3298439979553223,4.0387439727783203,4.0387439727783203,4.3298439979553223,4.574765682220459,4.574765682220459
AAAFFM,2004-07-31,4.2577958106994629,4.0192489624023438,4.0192489624023438,4.2577958106994629,4.5500650405883789,4.5500650405883789
AAAFFM,2004-08-31,4.1105971336364746,3.8483390808105469,3.8483390808105469,4.1105971336364746,4.3849730491638184,4.3849730491638184
AAAFFM,2004-09-30,3.8794889450073242,3.6115069389343262,3.6115069389343262,3.8794889450073242,4.2157754898071289,4.2157754898071289
AAAFFM,2004-10-31,3.7031159400939941,3.4115581512451172,3.4115581512451172,3.7031159400939941,4.0432925224304199,4.0432925224304199
AAAFFM,2004-11-30,3.4515814781188965,3.163428783416748,3.163428783416748,3.4515814781188965,3.7797236442565918,3.7797236442565918
AAAFFM,2004-12-31,3.2551488876342773,3.0031230449676514,3.0031230449676514,3.2551488876342773,3.6035876274108887,3.6035876274108887
AAAFFM,2005-01-31,3.0791015625,2.8212909698486328,2.8212909698486328,3.0791015625,3.433781623840332,3.433781623840332
AAAFFM,2005-02-28,2.9037971496582031,2.6059243679046631,2.6059243679046631,2.9037971496582031,3.2925293445587158,3.2925293445587158
AAAFFM,2005-03-31,2.6760594844818115,2.3978984355926514,2.3978984355926514,2.6760594844818115,3.0674495697021484,3.0674495697021484
AAAFFM,2005-04-30,2.4922659397125244,2.2173161506652832,2.2173161506652832,2.4922659397125244,2.8449506759643555,2.8449506759643555
ACOGNO,2003-05-31,0.012128459289669991,-0.0076430407352745004,-0.0076430407352745004,0.0121284592896699,0.0311926044523715,0.0311926044523715
ACOGNO,2003-06-30,0.015273435041308403,-0.0050569772720336003,-0.0050569772720336003,0.0152734350413084,0.034720789641141801,0.034720789641141801
ACOGNO,2003-07-31,-0.0013623915147036314,-0.022028900682926102,-0.022028900682926102,-0.0013623917475342,0.018541395664215001,0.018541395664215001
ACOGNO,2003-08-31,-0.0027786772698163986,-0.023605335503816601,-0.023605335503816601,-0.0027786772698163002,0.017364094033837301,0.017364094033837301
ACOGNO,2003-09-30,0.003297609044238925,-0.0177112985402345,-0.0177112985402345,0.0032976089278236001,0.023711157962679801,0.023711157962679801
ACOGNO,2003-10-31,0.0017007304122671485,-0.019550595432519899,-0.019550595432519899,0.0017007302958518,0.022292429581284499,0.022292429581284499
ACOGNO,2003-11-30,0.0055293561890721321,-0.015847004950046501,-0.015847004950046501,0.0055293561890721,0.026379806920886002,0.026379806920886002
ACOGNO,2003-12-31,0.0011676677968353033,-0.0202228464186191,-0.0202228464186191,0.0011676675640046,0.022031709551811201,0.022031709551811201
ACOGNO,2004-01-31,0.00047795684076845646,-0.0211150106042623,-0.0211150106042623,0.0004779570735991,0.0214934609830379,0.0214934609830379
ACOGNO,2004-02-29,0.001096540130674839,-0.020550828427076302,-0.020550828427076302,0.0010965398978441,0.022252058610320001,0.022252058610320001
ACOGNO,2004-03-31,0.0025519058108329773,-0.019289232790470099,-0.019289232790470099,0.0025519058108329001,0.023645808920264199,0.023645808920264199
ACOGNO,2004-04-30,0.0024473988451063633,-0.0191618241369724,-0.0191618241369724,0.002447399077937,0.023529198020696598,0.023529198020696598
ACOGNO,2004-05-31,0.0015882223378866911,-0.020237132906913698,-0.020237132906913698,0.0015882225707173001,0.022529227659106199,0.022529227659106199
ACOGNO,2004-06-30,0.0015849319752305746,-0.020373603329062399,-0.020373603329062399,0.0015849319752305,0.0228488370776176,0.0228488370776176
ACOGNO,2004-07-31,0.0022804052568972111,-0.019553918391466099,-0.019553918391466099,0.0022804050240665002,0.023470534011721601,0.023470534011721601
ACOGNO,2004-08-31,0.0031298440881073475,-0.0187726281583309,-0.0187726281583309,0.0031298443209379001,0.024220434948801901,0.024220434948801901
ACOGNO,2004-09-30,0.0024886941537261009,-0.019299151375889698,-0.019299151375889698,0.0024886943865566999,0.0235563963651657,0.0235563963651657
ACOGNO,2004-10-31,0.0017955589573830366,-0.019835166633129099,-0.019835166633129099,0.001795558957383,0.022963633760809898,0.022963633760809898
ACOGNO,2004-11-30,0.0025667473673820496,-0.019308829680085099,-0.019308829680085099,0.0025667471345513998,0.023917369544506,0.023917369544506
ACOGNO,2004-12-31,0.0026756417937576771,-0.019143670797348002,-0.019143670797348002,0.0026756417937575999,0.023960743099450999,0.023960743099450999
ACOGNO,2005-01-31,0.0022180173546075821,-0.019449856132268899,-0.019449856132268899,0.0022180173546075001,0.023773783817887299,0.023773783817887299
ACOGNO,2005-02-28,0.0021359534002840519,-0.019428065046668001,-0.019428065046668001,0.0021359534002839999,0.023316293954849202,0.023316293954849202
ACOGNO,2005-03-31,0.0021980805322527885,-0.019320765510201399,-0.019320765510201399,0.0021980802994220998,0.0233328472822904,0.0233328472822904
ACOGNO,2005-04-30,0.0027963845059275627,-0.018761899322271298,-0.018761899322271298,0.0027963843895122001,0.024058451876044201,0.024058451876044201
AMDMNOx,2003-05-31,0.017647147178649902,-0.0245915260165929,-0.0245915260165929,0.017647147178649899,0.059072494506835903,0.059072494506835903
AMDMNOx,2003-06-30,-0.0067407209426164627,-0.050445467233657802,-0.050445467233657802,-0.0067407209426164003,0.036030583083629601,0.036030583083629601
AMDMNOx,2003-07-31,0.0021717553026974201,-0.042530789971351603,-0.042530789971351603,0.0021717557683587001,0.045743353664875003,0.045743353664875003
AMDMNOx,2003-08-31,0.0079212840646505356,-0.037125341594219201,-0.037125341594219201,0.0079212845303118003,0.0522637069225311,0.0522637069225311
AMDMNOx,2003-09-30,7.9174526035785675e-05,-0.045314580202102599,-0.045314580202102599,7.9174526035785675e-05,0.044635139405727303,0.044635139405727303
AMDMNOx,2003-10-31,0.0046126679517328739,-0.041158191859722103,-0.041158191859722103,0.0046126684173940996,0.049445621669292401,0.049445621669292401
AMDMNOx,2003-11-30,0.0034900004975497723,-0.042908154428005198,-0.042908154428005198,0.0034900009632110002,0.048186764121055603,0.048186764121055603
AMDMNOx,2003-12-31,0.0025280893314629793,-0.043812818825244897,-0.043812818825244897,0.0025280890986323001,0.046996966004371601,0.046996966004371601
AMDMNOx,2004-01-31,0.0044497563503682613,-0.042010165750980301,-0.042010165750980301,0.0044497558847069003,0.049349740147590603,0.049349740147590603
AMDMNOx,2004-02-29,0.0027948191855102777,-0.043865941464900901,-0.043865941464900901,0.0027948189526795998,0.048183947801589903,0.048183947801589903
AMDMNOx,2004-03-31,0.0028337757103145123,-0.043648786842823001,-0.043648786842823001,0.0028337752446531998,0.048392288386821698,0.048392288386821698
AMDMNOx,2004-04-30,0.0032158398535102606,-0.043259680271148598,-0.043259680271148598,0.0032158400863408999,0.048326030373573303,0.048326030373573303
AMDMNOx,2004-05-31,0.0030689253471791744,-0.043185718357562998,-0.043185718357562998,0.0030689248815177999,0.048176169395446701,0.048176169395446701
AMDMNOx,2004-06-30,0.0034783394075930119,-0.043766744434833499,-0.043766744434833499,0.0034783398732541999,0.049430489540100098,0.049430489540100098
AMDMNOx,2004-07-31,0.0035012033767998219,-0.043715052306652,-0.043715052306652,0.0035012029111384999,0.049070455133914899,0.049070455133914899
AMDMNOx,2004-08-31,0.0035089491866528988,-0.043745644390582997,-0.043745644390582997,0.0035089487209916002,0.049157291650771998,0.049157291650771998
AMDMNOx,2004-09-30,0.0036007461603730917,-0.0432817339897155,-0.0432817339897155,0.0036007463932036998,0.0489881709218025,0.0489881709218025
AMDMNOx,2004-10-31,0.0036960151046514511,-0.043319627642631503,-0.043319627642631503,0.0036960151046513999,0.049083687365055001,0.049083687365055001
AMDMNOx,2004-11-30,0.0038403854705393314,-0.043121494352817501,-0.043121494352817501,0.0038403859362006001,0.049750164151191698,0.049750164151191698
AMDMNOx,2004-12-31,0.0036287282127887011,-0.043313883244991302,-0.043313883244991302,0.0036287279799580002,0.0497181192040443,0.0497181192040443
AMDMNOx,2005-01-31,0.0028985217213630676,-0.044129706919193198,-0.044129706919193198,0.002898521721363,0.048790313303470598,0.048790313303470598
AMDMNOx,2005-02-28,0.0033537319395691156,-0.043412074446678099,-0.043412074446678099,0.0033537317067384,0.0487360879778862,0.0487360879778862
AMDMNOx,2005-03-31,0.0035944492556154728,-0.043147057294845498,-0.043147057294845498,0.0035944497212766998,0.0485065877437591,0.0485065877437591
AMDMNOx,2005-04-30,0.0039601018652319908,-0.042802728712558698,-0.042802728712558698,0.0039601018652318997,0.049338132143020602,0.049338132143020602
AMDMUOx,2003-05-31,-0.00063506793230772018,-0.0087443590164183998,-0.0087443590164183998,-0.00063506793230770002,0.0085152247920631998,0.0085152247920631998
AMDMUOx,2003-06-30,-0.00090775080025196075,-0.0095398332923649996,-0.0095398332923649996,-0.00090775080025190004,0.0089890873059629995,0.0089890873059629995
AMDMUOx,2003-07-31,-0.00071849720552563667,-0.0097916424274444008,-0.0097916424274444008,-0.00071849720552560003,0.0097949709743261008,0.0097949709743261008
AMDMUOx,2003-08-31,-0.00066232867538928986,-0.0100771654397249,-0.0100771654397249,-0.00066232867538919998,0.010223515331745099,0.010223515331745099
AMDMUOx,2003-09-30,-0.0005305078811943531,-0.0102034304291009,-0.0102034304291009,-0.00053050788119429998,0.0106435008347034,0.0106435008347034
AMDMUOx,2003-10-31,-0.0005876859650015831,-0.010471498593688001,-0.010471498593688001,-0.00058768596500150005,0.0108303166925907,0.0108303166925907
AMDMUOx,2003-11-30,-0.00083679845556616783,-0.010868761688470801,-0.010868761688470801,-0.00083679845556609996,0.0109281353652477,0.0109281353652477
AMDMUOx,2003-12-31,-0.00096390815451741219,-0.0111683756113052,-0.0111683756113052,-0.00096390815451740004,0.011066487990319699,0.011066487990319699
AMDMUOx,2004-01-31,-0.0009721042588353157,-0.0114512182772159,-0.0114512182772159,-0.00097210425883529998,0.0110995955765247,0.0110995955765247
AMDMUOx,2004-02-29,-0.0006789439357817173,-0.011236825957894299,-0.011236825957894299,-0.00067894393578169995,0.0116585902869701,0.0116585902869701
AMDMUOx,2004-03-31,-0.00060216430574655533,-0.011160612106323201,-0.011160612106323201,-0.00060216430574650003,0.0118757802993059,0.0118757802993059
AMDMUOx,2004-04-30,-0.00061869528144598007,-0.0112080760300159,-0.0112080760300159,-0.00061869528144589995,0.0120139736682176,0.0120139736682176
AMDMUOx,2004-05-31,-0.00058555556461215019,-0.011199543252587299,-0.011199543252587299,-0.00058555556461209999,0.011876833625137801,0.011876833625137801
AMDMUOx,2004-06-30,-0.00048961769789457321,-0.0112263225018978,-0.0112263225018978,-0.00048961769789450003,0.0121972300112247,0.0121972300112247
AMDMUOx,2004-07-31,-0.00065343175083398819,-0.011363597586750899,-0.011363597586750899,-0.00065343175083390004,0.012233522720634901,0.012233522720634901
AMDMUOx,2004-08-31,-0.00061608804389834404,-0.0113881342113018,-0.0113881342113018,-0.00061608804389830002,0.0123730152845382,0.0123730152845382
AMDMUOx,2004-09-30,-0.00024519022554159164,-0.0112189557403326,-0.0112189557403326,-0.00024519022554149997,0.0128261018544435,0.0128261018544435
AMDMUOx,2004-10-31,-2.5894027203321457e-05,-0.011029383167624401,-0.011029383167624401,-2.5894027203321457e-05,0.0130791068077087,0.0130791068077087
AMDMUOx,2004-11-30,-1.6258563846349716e-05,-0.011234642937779401,-0.011234642937779401,-1.6258563846349716e-05,0.0134301986545324,0.0134301986545324
AMDMUOx,2004-12-31,0.00016320915892720222,-0.0111553445458412,-0.0111553445458412,0.0001632091589272,0.013672361150383901,0.013672361150383901
AMDMUOx,2005-01-31,0.00016228854656219482,-0.0111401509493589,-0.0111401509493589,0.00016228854656210001,0.0137204192578792,0.0137204192578792
AMDMUOx,2005-02-28,-4.5437831431627274e-05,-0.0114068295806646,-0.0114068295806646,-4.5437831431627274e-05,0.0136395897716283,0.0136395897716283
AMDMUOx,2005-03-31,-3.0351337045431137e-05,-0.0114536415785551,-0.0114536415785551,-3.0351337045431137e-05,0.013632990419864601,0.013632990419864601
AMDMUOx,2005-04-30,0.00027020927518606186,-0.0112369358539581,-0.0112369358539581,0.00027020927518600001,0.0140228401869535,0.0140228401869535
ANDENOx,2003-05-31,0.012177343480288982,-0.063851550221443107,-0.063851550221443107,0.0121773439459502,0.078676678240299197,0.078676678240299197
ANDENOx,2003-06-30,-0.0041156066581606865,-0.085709698498248998,-0.085709698498248998,-0.0041156066581605998,0.066337577998638098,0.066337577998638098
ANDENOx,2003-07-31,0.0075264140032231808,-0.078248128294944694,-0.078248128294944694,0.0075264144688844004,0.080216117203235598,0.080216117203235598
ANDENOx,2003-08-31,0.0030195456929504871,-0.085640974342823001,-0.085640974342823001,0.0030195461586116999,0.077410116791725103,0.077410116791725103
ANDENOx,2003-09-30,0.0040202927775681019,-0.087730810046195901,-0.087730810046195901,0.0040202932432292999,0.080355435609817505,0.080355435609817505
ANDENOx,2003-10-31,-0.00022647203877568245,-0.094573862850666005,-0.094573862850666005,-0.0002264715731143,0.078377000987529699,0.078377000987529699
ANDENOx,2003-11-30,0.0027224859222769737,-0.093012243509292603,-0.093012243509292603,0.0027224859222769,0.081956297159194905,0.081956297159194905
ANDENOx,2003-12-31,0.0065404577180743217,-0.090274997055530506,-0.090274997055530506,0.0065404586493968001,0.085726931691169697,0.085726931691169697
ANDENOx,2004-01-31,0.0023376811295747757,-0.095301225781440693,-0.095301225781440693,0.0023376820608973,0.082283616065979004,0.082283616065979004
ANDENOx,2004-02-29,0.0046281712129712105,-0.093070089817047105,-0.093070089817047105,0.0046281712129712001,0.0845615863800048,0.0845615863800048
ANDENOx,2004-03-31,0.0035488815046846867,-0.0943436399102211,-0.0943436399102211,0.0035488819703458998,0.083683043718337999,0.083683043718337999
ANDENOx,2004-04-30,0.0052044433541595936,-0.092579104006290394,-0.092579104006290394,0.0052044438198208002,0.084463335573673207,0.084463335573673207
ANDENOx,2004-05-31,0.0028624134138226509,-0.094803735613822895,-0.094803735613822895,0.0028624134138226002,0.082519806921482003,0.082519806921482003
ANDENOx,2004-06-30,0.0062006097286939621,-0.092124976217746707,-0.092124976217746707,0.0062006097286938996,0.086612038314342499,0.086612038314342499
ANDENOx,2004-07-31,0.0064210714772343636,-0.092114776372909504,-0.092114776372909504,0.0064210724085569,0.087276659905910395,0.087276659905910395
ANDENOx,2004-08-31,0.0037879771552979946,-0.095176830887794495,-0.095176830887794495,0.0037879766896366999,0.085082925856113406,0.085082925856113406
ANDENOx,2004-09-30,0.0033206548541784286,-0.095386154949665,-0.095386154949665,0.0033206557855009998,0.084706842899322496,0.084706842899322496
ANDENOx,2004-10-31,0.0045626028440892696,-0.094133399426937103,-0.094133399426937103,0.0045626023784278999,0.085629113018512698,0.085629113018512698
ANDENOx,2004-11-30,0.0032124421559274197,-0.097189739346504198,-0.097189739346504198,0.0032124416902660998,0.086064860224723802,0.086064860224723802
ANDENOx,2004-12-31,0.0071226386353373528,-0.093922041356563499,-0.093922041356563499,0.0071226377040147001,0.09072807431221,0.09072807431221
ANDENOx,2005-01-31,0.0063112652860581875,-0.094641983509063707,-0.094641983509063707,0.0063112648203969002,0.089401371777057606,0.089401371777057606
ANDENOx,2005-02-28,0.0050343256443738937,-0.094621911644935594,-0.094621911644935594,0.0050343265756963998,0.086752161383628804,0.086752161383628804
ANDENOx,2005-03-31,0.0041788425296545029,-0.095583744347095406,-0.095583744347095406,0.0041788415983318996,0.086096897721290505,0.086096897721290505
ANDENOx,2005-04-30,0.004576520062983036,-0.095519021153449998,-0.095519021153449998,0.0045765209943056002,0.087249979376792894,0.087249979376792894
AWHMAN,2003-05-31,40.161754608154297,39.991767883300781,39.991767883300781,40.161754608154297,40.363948822021491,40.363948822021491
AWHMAN,2003-06-30,40.223403930664062,40.019309997558594,40.019309997558594,40.223403930664062,40.455276489257812,40.455276489257812
AWHMAN,2003-07-31,40.343784332275391,40.118930816650391,40.118930816650391,40.343784332275391,40.568946838378906,40.568946838378906
AWHMAN,2003-08-31,40.473934173583984,40.2496337890625,40.2496337890625,40.473934173583984,40.709388732910163,40.709388732910163
AWHMAN,2003-09-30,40.590019226074219,40.354427337646477,40.354427337646477,40.590019226074219,40.815216064453125,40.815216064453125
AWHMAN,2003-10-31,40.692661285400391,40.482376098632812,40.482376098632812,40.692661285400391,40.916477203369141,40.916477203369141
AWHMAN,2003-11-30,40.771564483642578,40.549167633056641,40.549167633056641,40.771564483642578,40.978324890136719,40.978324890136719
AWHMAN,2003-12-31,40.826480865478516,40.601940155029297,40.601940155029297,40.826480865478509,41.031654357910163,41.031654357910163
AWHMAN,2004-01-31,40.880893707275391,40.669620513916016,40.669620513916016,40.880893707275391,41.068798065185547,41.068798065185547
AWHMAN,2004-02-29,40.911128997802734,40.697071075439453,40.697071075439453,40.911128997802734,41.111953735351562,41.111953735351562
AWHMAN,2004-03-31,40.906784057617188,40.709224700927734,40.709224700927734,40.906784057617188,41.094058990478509,41.094058990478509
AWHMAN,2004-04-30,40.863143920898438,40.638523101806641,40.638523101806641,40.863143920898438,41.067165374755859,41.067165374755859
AWHMAN,2004-05-31,40.833183288574219,40.620719909667969,40.620719909667969,40.833183288574219,41.016136169433594,41.016136169433594
AWHMAN,2004-06-30,40.796710968017578,40.565414428710938,40.565414428710938,40.796710968017578,41.014877319335938,41.014877319335938
AWHMAN,2004-07-31,40.734794616699219,40.518939971923828,40.518939971923828,40.734794616699219,40.954513549804688,40.954513549804688
AWHMAN,2004-08-31,40.647689819335938,40.422744750976562,40.422744750976562,40.647689819335938,40.879283905029297,40.879283905029297
AWHMAN,2004-09-30,40.582683563232422,40.334281921386719,40.334281921386719,40.582683563232422,40.835678100585938,40.835678100585938
AWHMAN,2004-10-31,40.527496337890625,40.271736145019531,40.271736145019531,40.527496337890625,40.793827056884766,40.793827056884766
AWHMAN,2004-11-30,40.486019134521484,40.218063354492188,40.218063354492188,40.486019134521491,40.736648559570312,40.736648559570312
AWHMAN,2004-12-31,40.491016387939453,40.225975036621094,40.225975036621094,40.491016387939453,40.760250091552734,40.760250091552734
AWHMAN,2005-01-31,40.528400421142578,40.266574859619141,40.266574859619141,40.528400421142578,40.793830871582031,40.793830871582031
AWHMAN,2005-02-28,40.531154632568359,40.233718872070312,40.233718872070312,40.531154632568359,40.830360412597656,40.830360412597656
AWHMAN,2005-03-31,40.520938873291016,40.21734619140625,40.21734619140625,40.520938873291016,40.813190460205078,40.813190460205078
AWHMAN,2005-04-30,40.5338134765625,40.243629455566406,40.243629455566406,40.5338134765625,40.830570220947266,40.830570220947266
AWOTMAN,2003-05-31,-0.026213858276605606,-0.14812028408050529,-0.14812028408050529,-0.026213858276605599,0.094473175704479204,0.094473175704479204
AWOTMAN,2003-06-30,-0.01191851869225502,-0.1407210826873779,-0.1407210826873779,-0.011918518692254999,0.114004336297512,0.114004336297512
AWOTMAN,2003-07-31,-0.013473076745867729,-0.14346699416637421,-0.14346699416637421,-0.0134730767458677,0.1141421124339103,0.1141421124339103
AWOTMAN,2003-08-31,-0.010277412831783295,-0.14204506576061249,-0.14204506576061249,-0.010277412831783199,0.1184341087937355,0.1184341087937355
AWOTMAN,2003-09-30,0.00078186276368796825,-0.13307316601276389,-0.13307316601276389,0.000781862065196,0.12960641086101529,0.12960641086101529
AWOTMAN,2003-10-31,-0.0043793781660497189,-0.13970620930194849,-0.13970620930194849,-0.0043793786317110001,0.12643380463123319,0.12643380463123319
AWOTMAN,2003-11-30,-0.0055503137409687042,-0.1419368237257003,-0.1419368237257003,-0.0055503137409686999,0.1263147294521331,0.1263147294521331
AWOTMAN,2003-12-31,-0.0084205921739339828,-0.1461273580789566,-0.1461273580789566,-0.0084205921739338996,0.1238724738359451,0.1238724738359451
AWOTMAN,2004-01-31,-0.0027656638994812965,-0.1435708403587341,-0.1435708403587341,-0.0027656648308038,0.13098762929439539,0.13098762929439539
AWOTMAN,2004-02-29,-0.0019140136428177357,-0.14230705797672269,-0.14230705797672269,-0.0019140131771564,0.1329292505979538,0.1329292505979538
AWOTMAN,2004-03-31,0.0013237819075584412,-0.1383031159639358,-0.1383031159639358,0.0013237819075584,0.13657672703266141,0.13657672703266141
AWOTMAN,2004-04-30,-0.0011272253468632698,-0.14066208899021149,-0.14066208899021149,-0.0011272244155406,0.13285951316356659,0.13285951316356659
AWOTMAN,2004-05-31,0.0051540294662117958,-0.13665179908275599,-0.13665179908275599,0.0051540303975343002,0.1392646580934524,0.1392646580934524
AWOTMAN,2004-06-30,0.0023222432937473059,-0.13906855881214139,-0.13906855881214139,0.0023222435265779001,0.13805215060710899,0.13805215060710899
AWOTMAN,2004-07-31,0.0072486931458115578,-0.13326402008533469,-0.13326402008533469,0.0072486940771341003,0.1439991742372512,0.1439991742372512
AWOTMAN,2004-08-31,0.0039567560888826847,-0.13803604245185849,-0.13803604245185849,0.0039567556232213003,0.1399537324905395,0.1399537324905395
AWOTMAN,2004-09-30,0.0035053947940468788,-0.1379587650299072,-0.1379587650299072,0.0035053938627242999,0.13856229186058039,0.13856229186058039
AWOTMAN,2004-10-31,0.0017793547594919801,-0.13946157693862909,-0.13946157693862909,0.0017793551087379,0.1355033665895462,0.1355033665895462
AWOTMAN,2004-11-30,0.0048571731895208359,-0.13886699080467221,-0.13886699080467221,0.0048571731895208003,0.14068086445331571,0.14068086445331571
AWOTMAN,2004-12-31,0.0039760512299835682,-0.13930028676986689,-0.13930028676986689,0.0039760507643222002,0.14108447730541229,0.14108447730541229
AWOTMAN,2005-01-31,0.0074237692169845104,-0.13743817806243891,-0.13743817806243891,0.0074237696826456997,0.1446850448846817,0.1446850448846817
AWOTMAN,2005-02-28,0.0050667719915509224,-0.1392507851123809,-0.1392507851123809,0.0050667729228733999,0.14065578579902649,0.14065578579902649
AWOTMAN,2005-03-31,0.0058708633296191692,-0.13898922502994529,-0.13898922502994529,0.0058708637952804002,0.14382919669151301,0.14382919669151301
AWOTMAN,2005-04-30,0.0034459107555449009,-0.1444564163684845,-0.1444564163684845,0.0034459102898836001,0.1433761864900589,0.1433761864900589
BAA,2003-05-31,-0.045660685747861862,-0.23512567579746241,-0.23512567579746241,-0.0456606857478618,0.16050626337528229,0.16050626337528229
BAA,2003-06-30,-0.042414449155330658,-0.24796576797962189,-0.24796576797962189,-0.042414449155330602,0.18457706272602081,0.18457706272602081
BAA,2003-07-31,-0.037460524588823318,-0.25222331285476679,-0.25222331285476679,-0.037460524588823298,0.19813580811023709,0.19813580811023709
BAA,2003-08-31,-0.029768643900752068,-0.25024017691612238,-0.25024017691612238,-0.029768645763397199,0.2138681560754776,0.2138681560754776
BAA,2003-09-30,-0.02471262589097023,-0.24666444957256309,-0.24666444957256309,-0.024712625890970199,0.2196211963891983,0.2196211963891983
BAA,2003-10-31,-0.020243873819708824,-0.24397405982017509,-0.24397405982017509,-0.020243875682353901,0.2267598211765289,0.2267598211765289
BAA,2003-11-30,-0.020158756524324417,-0.2446533739566803,-0.2446533739566803,-0.0201587565243244,0.23111808300018311,0.23111808300018311
BAA,2003-12-31,-0.019159989431500435,-0.24697078764438629,-0.24697078764438629,-0.019159987568855199,0.23459583520889279,0.23459583520889279
BAA,2004-01-31,-0.014528394676744938,-0.24314689636230469,-0.24314689636230469,-0.014528393745422301,0.23946557939052579,0.23946557939052579
BAA,2004-02-29,-0.01393780205398798,-0.24351836740970609,-0.24351836740970609,-0.0139378011226654,0.24456486105918879,0.24456486105918879
BAA,2004-03-31,-0.017091507092118263,-0.24609768390655509,-0.24609768390655509,-0.0170915052294731,0.24152581393718719,0.24152581393718719
BAA,2004-04-30,-0.015688100829720497,-0.24638074636459351,-0.24638074636459351,-0.015688098967075299,0.24375256896018979,0.24375256896018979
BAA,2004-05-31,-0.014333059079945087,-0.2452220618724823,-0.2452220618724823,-0.014333058148622501,0.2428427040576934,0.2428427040576934
BAA,2004-06-30,-0.012678108178079128,-0.2492086440324783,-0.2492086440324783,-0.012678109109401699,0.24962528049945831,0.24962528049945831
BAA,2004-07-31,-0.012666870839893818,-0.24831683933734891,-0.24831683933734891,-0.0126668699085712,0.25243985652923578,0.25243985652923578
BAA,2004-08-31,-0.009335201233625412,-0.24795059859752649,-0.24795059859752649,-0.0093352012336253998,0.2540738582611084,0.2540738582611084
BAA,2004-09-30,-0.01158604770898819,-0.246371790766716,-0.246371790766716,-0.011586047708988099,0.2532146275043487,0.2532146275043487
BAA,2004-10-31,-0.010490240529179573,-0.24594348669052121,-0.24594348669052121,-0.0104902423918247,0.25481560826301569,0.25481560826301569
BAA,2004-11-30,-0.012313271872699261,-0.25005054473876948,-0.25005054473876948,-0.012313272804021801,0.25967893004417419,0.25967893004417419
BAA,2004-12-31,-0.01279002521187067,-0.25165480375289911,-0.25165480375289911,-0.012790024280548,0.25936359167098999,0.25936359167098999
BAA,2005-01-31,-0.011284492909908295,-0.25147369503974909,-0.25147369503974909,-0.011284492909908199,0.26283848285675049,0.26283848285675049
BAA,2005-02-28,-0.005069551058113575,-0.244684413075447,-0.244684413075447,-0.0050695501267910004,0.271262526512146,0.271262526512146
BAA,2005-03-31,-0.0038995242211967707,-0.24441710114479059,-0.24441710114479059,-0.0038995258510111999,0.26955211162567139,0.26955211162567139
BAA,2005-04-30,-0.0048100519925355911,-0.243258386850357,-0.243258386850357,-0.0048100501298904003,0.27243641018867493,0.27243641018867493
BAAFFM,2003-05-31,5.5689287185668945,5.363011360168457,5.363011360168457,5.5689287185668945,5.7951593399047852,5.7951593399047852
BAAFFM,2003-06-30,5.5273075103759766,5.3045501708984375,5.3045501708984375,5.5273075103759766,5.8150539398193359,5.8150539398193359
BAAFFM,2003-07-31,5.492584228515625,5.1961908340454102,5.1961908340454102,5.492584228515625,5.8066601753234863,5.8066601753234863
BAAFFM,2003-08-31,5.4504499435424805,5.1156301498413086,5.1156301498413086,5.4504499435424805,5.7768964767456055,5.7768964767456055
BAAFFM,2003-09-30,5.4329981803894043,5.0910224914550781,5.0910224914550781,5.4329981803894043,5.7834253311157227,5.7834253311157227
BAAFFM,2003-10-31,5.432917594909668,5.1170864105224609,5.1170864105224609,5.432917594909668,5.7728414535522461,5.7728414535522461
BAAFFM,2003-11-30,5.4781761169433594,5.1260671615600586,5.1260671615600586,5.4781761169433594,5.8033246994018555,5.8033246994018555
BAAFFM,2003-12-31,5.5185346603393555,5.1342720985412598,5.1342720985412598,5.5185346603393555,5.804966926574707,5.804966926574707
BAAFFM,2004-01-31,5.5268440246582031,5.1998987197875977,5.1998987197875977,5.5268440246582031,5.8319416046142578,5.8319416046142578
BAAFFM,2004-02-29,5.5522174835205078,5.202082633972168,5.202082633972168,5.5522174835205078,5.8929100036621094,5.8929100036621094
BAAFFM,2004-03-31,5.4870853424072266,5.2056913375854492,5.2056913375854492,5.4870853424072266,5.8366336822509766,5.8366336822509766
BAAFFM,2004-04-30,5.4017376899719238,5.0417275428771973,5.0417275428771973,5.4017376899719238,5.7515869140625,5.7515869140625
BAAFFM,2004-05-31,5.2862300872802734,4.988703727722168,4.988703727722168,5.2862300872802734,5.6125564575195312,5.6125564575195312
BAAFFM,2004-06-30,5.1669025421142578,4.7954821586608887,4.7954821586608887,5.1669025421142578,5.4757633209228516,5.4757633209228516
BAAFFM,2004-07-31,5.0913333892822266,4.7660846710205078,4.7660846710205078,5.0913333892822266,5.4503049850463867,5.4503049850463867
BAAFFM,2004-08-31,4.9224605560302734,4.5658621788024902,4.5658621788024902,4.9224605560302734,5.2619867324829102,5.2619867324829102
BAAFFM,2004-09-30,4.7083597183227539,4.3268728256225586,4.3268728256225586,4.7083597183227539,5.1204938888549805,5.1204938888549805
BAAFFM,2004-10-31,4.5621829032897949,4.1688408851623535,4.1688408851623535,4.5621829032897949,4.9706459045410156,4.9706459045410156
BAAFFM,2004-11-30,4.4132180213928223,4.0389628410339355,4.0389628410339355,4.4132180213928223,4.8178749084472656,4.8178749084472656
BAAFFM,2004-12-31,4.2969284057617188,3.9580559730529785,3.9580559730529785,4.2969284057617188,4.703458309173584,4.703458309173584
BAAFFM,2005-01-31,4.1691827774047852,3.8158698081970215,3.8158698081970215,4.1691827774047852,4.5773983001708984,4.5773983001708984
BAAFFM,2005-02-28,4.0247278213500977,3.6257381439208984,3.6257381439208984,4.0247278213500977,4.487762451171875,4.487762451171875
BAAFFM,2005-03-31,3.761847972869873,3.3867430686950684,3.3867430686950684,3.761847972869873,4.2227816581726074,4.2227816581726074
BAAFFM,2005-04-30,3.5792689323425293,3.2257826328277588,3.2257826328277588,3.5792689323425293,3.9842352867126465,3.9842352867126465
BOGMBASE,2003-05-31,0.00070661719655618072,-0.0063735088333486999,-0.0063735088333486999,0.00070661719655610005,0.0073876827955245,0.0073876827955245
BOGMBASE,2003-06-30,0.0025783295277506113,-0.0045069255866110004,-0.0045069255866110004,0.0025783295277506,0.0094220358878373996,0.0094220358878373996
BOGMBASE,2003-07-31,7.8657205449417233e-05,-0.0071489014662802003,-0.0071489014662802003,7.8657176345586777e-05,0.0070481211878358997,0.0070481211878358997
BOGMBASE,2003-08-31,-0.0037828064523637295,-0.011069958098232699,-0.011069958098232699,-0.0037828064523637,0.0033700944622978,0.0033700944622978
BOGMBASE,2003-09-30,0.0027244158554822206,-0.0047196741215884,-0.0047196741215884,0.0027244158554821998,0.010370691306889,0.010370691306889
BOGMBASE,2003-10-31,-0.0028444149065762758,-0.0105395996943116,-0.0105395996943116,-0.0028444149065761999,0.0049644928658381,0.0049644928658381
BOGMBASE,2003-11-30,0.0078689195215702057,0.00020082831906620001,0.00020082831906620001,0.0078689195215702005,0.015788264572620302,0.015788264572620302
BOGMBASE,2003-12-31,0.0059995716437697411,-0.0016313067171722,-0.0016313067171722,0.0059995716437697003,0.0139135513454675,0.0139135513454675
BOGMBASE,2004-01-31,-0.016127524897456169,-0.0238419026136398,-0.0238419026136398,-0.0161275248974561,-0.0078971311450004005,-0.0078971311450004005
BOGMBASE,2004-02-29,-0.0040149944834411144,-0.0119106834754347,-0.0119106834754347,-0.0040149944834410997,0.0043505257344804002,0.0043505257344804002
BOGMBASE,2004-03-31,0.011581135913729668,0.0036325128749012002,0.0036325128749012002,0.0115811359137296,0.020139491185545901,0.020139491185545901
BOGMBASE,2004-04-30,0.001390550285577774,-0.0064726024866103996,-0.0064726024866103996,0.0013905502673878,0.0098421052098274005,0.0098421052098274005
BOGMBASE,2004-05-31,-0.00289684790186584,-0.011100626550614799,-0.011100626550614799,-0.0028968479018658001,0.0058073312975466,0.0058073312975466
BOGMBASE,2004-06-30,0.0027230989653617144,-0.0055714170448482002,-0.0055714170448482002,0.0027230989653617001,0.011207400821149301,0.011207400821149301
BOGMBASE,2004-07-31,0.00040990469278767705,-0.0078987311571836003,-0.0078987311571836003,0.00040990475099530002,0.0090132439509034001,0.0090132439509034001
BOGMBASE,2004-08-31,-0.0043990178965032101,-0.012685953639447601,-0.012685953639447601,-0.0043990178965031997,0.0042081903084180998,0.0042081903084180998
BOGMBASE,2004-09-30,0.0027948592323809862,-0.0052186287939547998,-0.0052186287939547998,0.0027948592323808999,0.0113388346508145,0.0113388346508145
BOGMBASE,2004-10-31,-0.0018002692377194762,-0.0096410475671291004,-0.0096410475671291004,-0.0018002692377193999,0.0067032137885688998,0.0067032137885688998
BOGMBASE,2004-11-30,0.0063775153830647469,-0.0016415611607953,-0.0016415611607953,0.0063775153830647,0.015143526718020399,0.015143526718020399
BOGMBASE,2004-12-31,0.0049544083885848522,-0.0030319802463054002,-0.0030319802463054002,0.0049544083885848002,0.013587287627160501,0.013587287627160501
BOGMBASE,2005-01-31,-0.014471580274403095,-0.022497236728668199,-0.022497236728668199,-0.014471580274403,-0.0055530131794512003,-0.0055530131794512003
BOGMBASE,2005-02-28,-0.0033616391010582447,-0.011387352831661699,-0.011387352831661699,-0.0033616391010582,0.0053901709616184,0.0053901709616184
BOGMBASE,2005-03-31,0.011068353429436684,0.0028012513648718001,0.0028012513648718001,0.0110683534294366,0.019856425002217199,0.019856425002217199
BOGMBASE,2005-04-30,0.00088135304395109415,-0.0075430478900670997,-0.0075430478900670997,0.00088135302939909999,0.0098771741613744996,0.0098771741613744996
BUSINVx,2003-05-31,0.001873392378911376,-0.0030060661956666998,-0.0030060661956666998,0.0018733923789113001,0.0059463442303240004,0.0059463442303240004
BUSINVx,2003-06-30,0.0019128008279949427,-0.0034443894401192002,-0.0034443894401192002,0.0019128008279948999,0.0062880767509340997,0.0062880767509340997
BUSINVx,2003-07-31,0.0018966598436236382,-0.0038566337898373001,-0.0038566337898373001,0.0018966598436236,0.0065294457599519998,0.0065294457599519998
BUSINVx,2003-08-31,0.0019605199340730906,-0.0041077649220823999,-0.0041077649220823999,0.0019605199340729999,0.0067668324336408996,0.0067668324336408996
BUSINVx,2003-09-30,0.0019973323214799166,-0.0042710620909928998,-0.0042710620909928998,0.0019973323214799001,0.0069335415028034999,0.0069335415028034999
BUSINVx,2003-10-31,0.0020567451138049364,-0.0044176280498503997,-0.0044176280498503997,0.0020567451138049,0.0071826241910457004,0.0071826241910457004
BUSINVx,2003-11-30,0.0020734304562211037,-0.0045632096007466004,-0.0045632096007466004,0.0020734304562211002,0.0074137793853878003,0.0074137793853878003
BUSINVx,2003-12-31,0.0021471539512276649,-0.0046795541420578003,-0.0046795541420578003,0.0021471539512275999,0.0076247304677962997,0.0076247304677962997
BUSINVx,2004-01-31,0.0023036010097712278,-0.0046654753386973996,-0.0046654753386973996,0.0023036010097712001,0.0078000677749513999,0.0078000677749513999
BUSINVx,2004-02-29,0.0024497783742845058,-0.0046438770368694999,-0.0046438770368694999,0.0024497783742845002,0.0080828368663786992,0.0080828368663786992
BUSINVx,2004-03-31,0.0024769690353423357,-0.0046670865267515,-0.0046670865267515,0.0024769690353423001,0.0081408806145191002,0.0081408806145191002
BUSINVx,2004-04-30,0.0025869098026305437,-0.0046185618266463002,-0.0046185618266463002,0.0025869098026304999,0.0083922669291495999,0.0083922669291495999
BUSINVx,2004-05-31,0.0027034243103116751,-0.0045477217063306999,-0.0045477217063306999,0.0027034243103116,0.0084025664255023003,0.0084025664255023003
BUSINVx,2004-06-30,0.0027652510907500982,-0.0045199124142526999,-0.0045199124142526999,0.0027652510907500002,0.0087743885815142995,0.0087743885815142995
BUSINVx,2004-07-31,0.0028190980665385723,-0.0045650294050573999,-0.0045650294050573999,0.0028190980665384999,0.0088766980916260996,0.0088766980916260996
BUSINVx,2004-08-31,0.0028745562303811312,-0.0045822281390427997,-0.0045822281390427997,0.0028745562303810999,0.0089443409815429999,0.0089443409815429999
BUSINVx,2004-09-30,0.0029242648743093014,-0.0045204292982816002,-0.0045204292982816002,0.0029242648743093001,0.0090581560507415997,0.0090581560507415997
BUSINVx,2004-10-31,0.0029350875411182642,-0.0045390576124190998,-0.0045390576124190998,0.0029350875411182,0.0090897027403116001,0.0090897027403116001
BUSINVx,2004-11-30,0.0028463522903621197,-0.0048071006312966,-0.0048071006312966,0.0028463522903621002,0.0091994283720850008,0.0091994283720850008
BUSINVx,2004-12-31,0.0028594483155757189,-0.0049223108217119997,-0.0049223108217119997,0.0028594483155756998,0.0091544371098278999,0.0091544371098278999
BUSINVx,2005-01-31,0.0029042025562375784,-0.0048954430967569004,-0.0048954430967569004,0.0029042025562374999,0.0092514790594576991,0.0092514790594576991
BUSINVx,2005-02-28,0.0028171513695269823,-0.0050288066267966999,-0.0050288066267966999,0.0028171513695268999,0.0091956770047544999,0.0091956770047544999
BUSINVx,2005-03-31,0.0026927855797111988,-0.0052064536139369002,-0.0052064536139369002,0.0026927855797110999,0.0089625744149087992,0.0089625744149087992
BUSINVx,2005-04-30,0.0025569386780261993,-0.0053473273292183,-0.0053473273292183,0.0025569386780261,0.0090105291455983994,0.0090105291455983994
BUSLOANS,2003-05-31,-0.0019571627490222454,-0.0084335887804627002,-0.0084335887804627002,-0.0019571627490221999,0.0044994563795625999,0.0044994563795625999
BUSLOANS,2003-06-30,0.0005437465151771903,-0.0062455725856124999,-0.0062455725856124999,0.00054374657338480004,0.0072556664235889001,0.0072556664235889001
BUSLOANS,2003-07-31,0.00020458709332160652,-0.0066762580536305002,-0.0066762580536305002,0.0002045871224254,0.0070768683217465001,0.0070768683217465001
BUSLOANS,2003-08-31,1.3462594324664678e-05,-0.0069176638498902,-0.0069176638498902,1.3462617062032224e-05,0.0069361669011413999,0.0069361669011413999
BUSLOANS,2003-09-30,-5.529108238988556e-05,-0.0071098180487750998,-0.0071098180487750998,-5.5291107855737209e-05,0.0068836049176752004,0.0068836049176752004
BUSLOANS,2003-10-31,-0.00036383818951435387,-0.0074730552732944003,-0.0074730552732944003,-0.0003638381604105,0.0066833137534558001,0.0066833137534558001
BUSLOANS,2003-11-30,-0.00017720196046866477,-0.0073238378390668999,-0.0073238378390668999,-0.00017720193136479999,0.0069363452494143997,0.0069363452494143997
BUSLOANS,2003-12-31,0.00024402703274972737,-0.0069482312537729003,-0.0069482312537729003,0.00024402700364580001,0.0074048722162841996,0.0074048722162841996
BUSLOANS,2004-01-31,0.00010731794463936239,-0.0071578300558029998,-0.0071578300558029998,0.0001073179300874,0.0073708225972949999,0.0073708225972949999
BUSLOANS,2004-02-29,-0.00011110762716270983,-0.007429426535964,-0.007429426535964,-0.0001111075980588,0.0072209201753139001,0.0072209201753139001
BUSLOANS,2004-03-31,-8.5268053226172924e-05,-0.0074110194109380002,-0.0074110194109380002,-8.5268053226172924e-05,0.0072931782342492996,0.0072931782342492996
BUSLOANS,2004-04-30,2.1875934180570766e-05,-0.0072766887024044002,-0.0072766887024044002,2.1875952370464798e-05,0.0073381839320063001,0.0073381839320063001
BUSLOANS,2004-05-31,0.00011051111505366862,-0.0072421878576278001,-0.0072421878576278001,0.0001105110859498,0.0074233063496648996,0.0074233063496648996
BUSLOANS,2004-06-30,5.9295671235304326e-05,-0.0073399632237851004,-0.0073399632237851004,5.929567851126194e-05,0.0074603492394088996,0.0074603492394088996
BUSLOANS,2004-07-31,-8.2064161688322201e-06,-0.0074110585264861003,-0.0074110585264861003,-8.2064652815461159e-06,0.0073687182739376996,0.0073687182739376996
BUSLOANS,2004-08-31,-3.6671040106739383e-06,-0.0073750698938964999,-0.0073750698938964999,-3.6670826375484462e-06,0.0074304174631834004,0.0074304174631834004
BUSLOANS,2004-09-30,6.5174695919267833e-05,-0.0072967642918228999,-0.0072967642918228999,6.5174652263522148e-05,0.0074444594793021002,0.0074444594793021002
BUSLOANS,2004-10-31,-9.4023940619081259e-05,-0.0074034817516803004,-0.0074034817516803004,-9.4023998826742159e-05,0.0073000220581888996,0.0073000220581888996
BUSLOANS,2004-11-30,-1.8642136637936346e-05,-0.0074617895297705997,-0.0074617895297705997,-1.8642167560756207e-05,0.0073820659890770001,0.0073820659890770001
BUSLOANS,2004-12-31,-3.092003453275538e-06,-0.0074642095714806999,-0.0074642095714806999,-3.0919909477233887e-06,0.0074239578098057998,0.0074239578098057998
BUSLOANS,2005-01-31,-4.0688370063435286e-05,-0.0075101410038769002,-0.0075101410038769002,-4.0688319131731987e-05,0.0074178054928779004,0.0074178054928779004
BUSLOANS,2005-02-28,5.9124857216374949e-05,-0.0073305149562656003,-0.0073305149562656003,5.9124897234141827e-05,0.0074307168833911003,0.0074307168833911003
BUSLOANS,2005-03-31,3.3632648410275578e-05,-0.0073545887134969,-0.0073545887134969,3.3632619306445122e-05,0.0074198655784130001,0.0074198655784130001
BUSLOANS,2005-04-30,-6.7801258410327137e-05,-0.0075269979424773996,-0.0075269979424773996,-6.7801214754581451e-05,0.0073587293736635997,0.0073587293736635997
CE16OV,2003-05-31,0.001433953526429832,-0.0017902824329212,-0.0017902824329212,0.0014339535264298001,0.0047376449219882003,0.0047376449219882003
CE16OV,2003-06-30,0.0011772488942369819,-0.0021688225679099,-0.0021688225679099,0.0011772488942368999,0.0046128015965223,0.0046128015965223
CE16OV,2003-07-31,0.0013512130826711655,-0.0020741983316838,-0.0020741983316838,0.0013512130826711,0.0048272539861500003,0.0048272539861500003
CE16OV,2003-08-31,0.0014011539751663804,-0.0020650406368075999,-0.0020650406368075999,0.0014011539751663,0.0049078809097408997,0.0049078809097408997
CE16OV,2003-09-30,0.0010718831326812506,-0.0024064569734035999,-0.0024064569734035999,0.0010718831326812,0.0045589366927742004,0.0045589366927742004
CE16OV,2003-10-31,0.0011328833643347025,-0.0023796283639966999,-0.0023796283639966999,0.0011328833643347001,0.0046434691175818001,0.0046434691175818001
CE16OV,2003-11-30,0.0014302893541753292,-0.0021171369589865,-0.0021171369589865,0.0014302893541752999,0.0049270479939876998,0.0049270479939876998
CE16OV,2003-12-31,0.0013660907279700041,-0.0022371700033545,-0.0022371700033545,0.00136609072797,0.0048558325506745997,0.0048558325506745997
CE16OV,2004-01-31,0.0013576589990407228,-0.0022356202825902999,-0.0022356202825902999,0.0013576589990407001,0.0049007888883352002,0.0049007888883352002
CE16OV,2004-02-29,0.0013986615231260657,-0.0022383360192178999,-0.0022383360192178999,0.001398661523126,0.0049727838486433003,0.0049727838486433003
CE16OV,2004-03-31,0.001382914837449789,-0.0022478499449788999,-0.0022478499449788999,0.0013829148374496999,0.0049855513498186996,0.0049855513498186996
CE16OV,2004-04-30,0.0014647678472101688,-0.0021874173544347,-0.0021874173544347,0.0014647678472101001,0.0050408993847667997,0.0050408993847667997
CE16OV,2004-05-31,0.0014140924904495478,-0.0022222287952899,-0.0022222287952899,0.0014140924904495001,0.0049514463171362001,0.0049514463171362001
CE16OV,2004-06-30,0.0014138168189674616,-0.0022848639637230998,-0.0022848639637230998,0.0014138168189674,0.0049860370345413,0.0049860370345413
CE16OV,2004-07-31,0.0014193686656653881,-0.0022746068425476,-0.0022746068425476,0.0014193686656653001,0.0049898088909684996,0.0049898088909684996
CE16OV,2004-08-31,0.0014729517279192805,-0.0022641783580182998,-0.0022641783580182998,0.0014729517279192001,0.0050368783995509,0.0050368783995509
CE16OV,2004-09-30,0.0014307004166767001,-0.0022653550840913998,-0.0022653550840913998,0.0014307004166766999,0.0049646738916635002,0.0049646738916635002
CE16OV,2004-10-31,0.0014117538230493665,-0.0022945227101444999,-0.0022945227101444999,0.0014117538230492999,0.0049339616671204003,0.0049339616671204003
CE16OV,2004-11-30,0.0013804467162117362,-0.0023842533119022001,-0.0023842533119022001,0.0013804467162117,0.0049564489163458,0.0049564489163458
CE16OV,2004-12-31,0.0012276294874027371,-0.0025136265903710998,-0.0025136265903710998,0.0012276294874027001,0.0048330854624508996,0.0048330854624508996
CE16OV,2005-01-31,0.0012877433327957988,-0.0024676122702657999,-0.0024676122702657999,0.0012877433327956999,0.0048991055227816001,0.0048991055227816001
CE16OV,2005-02-28,0.0013604036066681147,-0.0023752413690090002,-0.0023752413690090002,0.0013604036066680999,0.0049232575111090998,0.0049232575111090998
CE16OV,2005-03-31,0.0012932386016473174,-0.0024465448223054001,-0.0024465448223054001,0.0012932386016473001,0.0048516802489757,0.0048516802489757
CE16OV,2005-04-30,0.0012099198065698147,-0.0025674235075712,-0.0025674235075712,0.0012099198065697999,0.0048270444385706997,0.0048270444385706997
CES0600000007,2003-05-31,39.588569641113281,39.363876342773438,39.363876342773438,39.588569641113281,39.831512451171875,39.831512451171875
CES0600000007,2003-06-30,39.639934539794922,39.389060974121094,39.389060974121094,39.639934539794922,39.905250549316406,39.905250549316406
CES0600000007,2003-07-31,39.749282836914062,39.483692169189453,39.483692169189453,39.749282836914062,40.007362365722656,40.007362365722656
CES0600000007,2003-08-31,39.8619384765625,39.596115112304688,39.596115112304688,39.8619384765625,40.131980895996094,40.131980895996094
CES0600000007,2003-09-30,39.960121154785156,39.694084167480469,39.694084167480469,39.960121154785149,40.220714569091797,40.220714569091797
CES0600000007,2003-10-31,40.062961578369141,39.816719055175781,39.816719055175781,40.062961578369141,40.326778411865234,40.326778411865234
CES0600000007,2003-11-30,40.119255065917969,39.865142822265625,39.865142822265625,40.119255065917969,40.360977172851562,40.360977172851562
CES0600000007,2003-12-31,40.166366577148438,39.917011260986328,39.917011260986328,40.166366577148438,40.40948486328125,40.40948486328125
CES0600000007,2004-01-31,40.212245941162109,39.980903625488281,39.980903625488281,40.212245941162109,40.435760498046875,40.435760498046875
CES0600000007,2004-02-29,40.242321014404297,40.006004333496094,40.006004333496094,40.242321014404297,40.476428985595703,40.476428985595703
CES0600000007,2004-03-31,40.247737884521484,40.025737762451172,40.025737762451172,40.247737884521491,40.463111877441406,40.463111877441406
CES0600000007,2004-04-30,40.208705902099609,39.966175079345703,39.966175079345703,40.208705902099609,40.441688537597656,40.441688537597656
CES0600000007,2004-05-31,40.164558410644531,39.931617736816406,39.931617736816406,40.164558410644531,40.376976013183594,40.376976013183594
CES0600000007,2004-06-30,40.135623931884766,39.884891510009766,39.884891510009766,40.135623931884766,40.382923126220703,40.382923126220703
CES0600000007,2004-07-31,40.070594787597656,39.820117950439453,39.820117950439453,40.070594787597656,40.312778472900391,40.312778472900391
CES0600000007,2004-08-31,39.981464385986328,39.721942901611328,39.721942901611328,39.981464385986328,40.243721008300781,40.243721008300781
CES0600000007,2004-09-30,39.929027557373047,39.649429321289062,39.649429321289062,39.929027557373047,40.209739685058594,40.209739685058594
CES0600000007,2004-10-31,39.869060516357422,39.586307525634766,39.586307525634766,39.869060516357422,40.167652130126953,40.167652130126953
CES0600000007,2004-11-30,39.846149444580078,39.553367614746094,39.553367614746094,39.846149444580078,40.127529144287109,40.127529144287109
CES0600000007,2004-12-31,39.841964721679688,39.537460327148438,39.537460327148438,39.841964721679688,40.130821228027344,40.130821228027344
CES0600000007,2005-01-31,39.864063262939453,39.568798065185547,39.568798065185547,39.864063262939453,40.147819519042969,40.147819519042969
CES0600000007,2005-02-28,39.882438659667969,39.555160522460938,39.555160522460938,39.882438659667969,40.199623107910163,40.199623107910163
CES0600000007,2005-03-31,39.890224456787109,39.561237335205078,39.561237335205078,39.890224456787109,40.19952392578125,40.19952392578125
CES0600000007,2005-04-30,39.937610626220703,39.620841979980469,39.620841979980469,39.937610626220703,40.256973266601562,40.256973266601562
CES0600000008,2003-05-31,0.00026333483401685953,-0.0028538336046040002,-0.0028538336046040002,0.00026333483401680001,0.0033794192131608,0.0033794192131608
CES0600000008,2003-06-30,3.8835441955598071e-05,-0.0032804361544549001,-0.0032804361544549001,3.8835452869534492e-05,0.0033658901229499999,0.0033658901229499999
CES0600000008,2003-07-31,-0.00035386980744078755,-0.0038229411002248001,-0.0038229411002248001,-0.0003538698074407,0.0031181338708846998,0.0031181338708846998
CES0600000008,2003-08-31,7.8385128290392458e-05,-0.0034467873629182,-0.0034467873629182,7.838511373847723e-05,0.0036439418327063001,0.0036439418327063001
CES0600000008,2003-09-30,-3.2702395401429385e-05,-0.0036792606115341,-0.0036792606115341,-3.2702402677386999e-05,0.0036528902128337998,0.0036528902128337998
CES0600000008,2003-10-31,-0.00022298535623122007,-0.0039378530345856996,-0.0039378530345856996,-0.00022298534167930001,0.0035303449258208002,0.0035303449258208002
CES0600000008,2003-11-30,-0.00011077977251261473,-0.0038952464237808999,-0.0038952464237808999,-0.0001107797725126,0.0036931373178957999,0.0036931373178957999
CES0600000008,2003-12-31,-0.00011632710084086284,-0.0039290613494813,-0.0039290613494813,-0.0001163270790129,0.0037187817506491999,0.0037187817506491999
CES0600000008,2004-01-31,-0.00010483694495633245,-0.0040259840898214999,-0.0040259840898214999,-0.0001048369449563,0.0038118953816591999,0.0038118953816591999
CES0600000008,2004-02-29,-8.9122120698448271e-05,-0.0040592486038804002,-0.0040592486038804002,-8.9122098870575428e-05,0.0038726672064512001,0.0038726672064512001
CES0600000008,2004-03-31,-0.00012842676369473338,-0.0041427887044847003,-0.0041427887044847003,-0.00012842676369469999,0.0038520745001732999,0.0038520745001732999
CES0600000008,2004-04-30,-7.7442360634449869e-05,-0.0040520420297979996,-0.0040520420297979996,-7.7442382462322712e-05,0.0038890421856194002,0.0038890421856194002
CES0600000008,2004-05-31,-8.1915153714362532e-05,-0.0041128015145658996,-0.0041128015145658996,-8.1915175542235374e-05,0.0039191348478197999,0.0039191348478197999
CES0600000008,2004-06-30,-7.8574776125606149e-05,-0.0041092522442340001,-0.0041092522442340001,-7.8574754297733307e-05,0.0039347498677670002,0.0039347498677670002
CES0600000008,2004-07-31,-0.00011341589561197907,-0.0041639022529124997,-0.0041639022529124997,-0.00011341588106000001,0.0039140637964009996,0.0039140637964009996
CES0600000008,2004-08-31,-0.00010910112905548885,-0.0041717202402650998,-0.0041717202402650998,-0.0001091011217795,0.0039486256428061996,0.0039486256428061996
CES0600000008,2004-09-30,-8.473159687127918e-05,-0.0041625387966632002,-0.0041625387966632002,-8.4731611423194408e-05,0.0039823749102652004,0.0039823749102652004
CES0600000008,2004-10-31,-7.1443842898588628e-05,-0.0041204895824193,-0.0041204895824193,-7.1443850174546242e-05,0.0039994288235901997,0.0039994288235901997
CES0600000008,2004-11-30,-5.8942641771864146e-05,-0.0041943262331186996,-0.0041943262331186996,-5.894264904782176e-05,0.0041232979856430998,0.0041232979856430998
CES0600000008,2004-12-31,-7.0024674641899765e-05,-0.0042067733593284997,-0.0042067733593284997,-7.0024689193814993e-05,0.004096639342606,0.004096639342606
CES0600000008,2005-01-31,-3.817461765720509e-05,-0.0041932580061256001,-0.0041932580061256001,-3.8174621295183897e-05,0.0041370973922311999,0.0041370973922311999
CES0600000008,2005-02-28,-3.1270701583707705e-05,-0.0041219326667486997,-0.0041219326667486997,-3.1270727049559355e-05,0.0040787495672702,0.0040787495672702
CES0600000008,2005-03-31,-5.2493214752757922e-05,-0.0041697584092617,-0.0041697584092617,-5.2493240218609571e-05,0.0040950342081486997,0.0040950342081486997
CES0600000008,2005-04-30,-9.5767900347709656e-05,-0.0042439615353940998,-0.0042439615353940998,-9.5767900347709656e-05,0.0040891743265092,0.0040891743265092
CES1021000001,2003-05-31,-0.0045945430174469948,-0.0095400540158152008,-0.0095400540158152008,-0.0045945430174469002,0.00054208771325640003,0.00054208771325640003
CES1021000001,2003-06-30,-0.004135986790060997,-0.0099568953737616001,-0.0099568953737616001,-0.0041359867900608999,0.0018998097220901001,0.0018998097220901001
CES1021000001,2003-07-31,-0.0036603077314794064,-0.0100622260943055,-0.0100622260943055,-0.0036603077314793999,0.0030519798165187001,0.0030519798165187001
CES1021000001,2003-08-31,-0.0033869128674268723,-0.010118940845131799,-0.010118940845131799,-0.0033869128674267998,0.0035612528445199002,0.0035612528445199002
CES1021000001,2003-09-30,-0.0031110430136322975,-0.0102207604795694,-0.0102207604795694,-0.0031110430136321999,0.0041526715504004996,0.0041526715504004996
CES1021000001,2003-10-31,-0.0029214518144726753,-0.010153442621230999,-0.010153442621230999,-0.0029214518144725999,0.0044971891911700004,0.0044971891911700004
CES1021000001,2003-11-30,-0.0027605965733528137,-0.0101973358541727,-0.0101973358541727,-0.0027605965733527998,0.0048963786102830999,0.0048963786102830999
CES1021000001,2003-12-31,-0.0026409085839986801,-0.0102721247822046,-0.0102721247822046,-0.0026409085839985999,0.0049756723456084,0.0049756723456084
CES1021000001,2004-01-31,-0.0024473066441714764,-0.0103865657001733,-0.0103865657001733,-0.0024473066441714,0.0055041965097188004,0.0055041965097188004
CES1021000001,2004-02-29,-0.0023841413203626871,-0.0105262314900755,-0.0105262314900755,-0.0023841413203625999,0.0057824254035948996,0.0057824254035948996
CES1021000001,2004-03-31,-0.002370776142925024,-0.0106391282752156,-0.0106391282752156,-0.0023707761429250002,0.0058510955423115999,0.0058510955423115999
CES1021000001,2004-04-30,-0.002349786227568984,-0.0106414752081036,-0.0106414752081036,-0.0023497862275688999,0.0058237174525856,0.0058237174525856
CES1021000001,2004-05-31,-0.0022931292187422514,-0.0109377084299921,-0.0109377084299921,-0.0022931292187421998,0.0062207025475800003,0.0062207025475800003
CES1021000001,2004-06-30,-0.0023326694499701262,-0.0110689802095294,-0.0110689802095294,-0.0023326694499701001,0.0061630378477274999,0.0061630378477274999
CES1021000001,2004-07-31,-0.0023412317968904972,-0.011325480416417099,-0.011325480416417099,-0.0023412317968904001,0.0063345497474073999,0.0063345497474073999
CES1021000001,2004-08-31,-0.0023538630921393633,-0.0114402817562222,-0.0114402817562222,-0.0023538630921393,0.0065373736433684002,0.0065373736433684002
CES1021000001,2004-09-30,-0.0024150805547833443,-0.0116266775876283,-0.0116266775876283,-0.0024150805547833,0.0063929143361746996,0.0063929143361746996
CES1021000001,2004-10-31,-0.0024130437523126602,-0.0115741183981299,-0.0115741183981299,-0.0024130437523125999,0.0064849965274333,0.0064849965274333
CES1021000001,2004-11-30,-0.0023104758001863956,-0.011846542358398399,-0.011846542358398399,-0.0023104758001862998,0.0069209579378366002,0.0069209579378366002
CES1021000001,2004-12-31,-0.0024775764904916286,-0.0121424458920955,-0.0121424458920955,-0.0024775764904916,0.0068995296023785999,0.0068995296023785999
CES1021000001,2005-01-31,-0.0023883599787950516,-0.0119917774572968,-0.0119917774572968,-0.002388359978795,0.0068861595354974001,0.0068861595354974001
CES1021000001,2005-02-28,-0.0025951429270207882,-0.0121537139639258,-0.0121537139639258,-0.0025951429270207002,0.0064770467579363996,0.0064770467579363996
CES1021000001,2005-03-31,-0.0026068137958645821,-0.012321343645453399,-0.012321343645453399,-0.0026068137958645001,0.0065240836702286998,0.0065240836702286998
CES1021000001,2005-04-30,-0.0027287434786558151,-0.012898349203169301,-0.012898349203169301,-0.0027287434786557999,0.0066592367365956003,0.0066592367365956003
CES2000000008,2003-05-31,-0.0032664809841662645,-0.0090311272069811006,-0.0090311272069811006,-0.0032664809841661999,0.0025290737394243002,0.0025290737394243002
CES2000000008,2003-06-30,0.0014383572852239013,-0.0047968183644114997,-0.0047968183644114997,0.0014383572852239,0.0075489226728677004,0.0075489226728677004
CES2000000008,2003-07-31,-0.00041565357241779566,-0.0069190529175101999,-0.0069190529175101999,-0.00041565357241769998,0.0059944633394478997,0.0059944633394478997
CES2000000008,2003-08-31,0.00022144393005874008,-0.0064840246923267,-0.0064840246923267,0.00022144394461060001,0.0068059386685490001,0.0068059386685490001
CES2000000008,2003-09-30,3.4401597076794133e-05,-0.0069260825403034002,-0.0069260825403034002,3.4401542507112026e-05,0.0068753547966480004,0.0068753547966480004
CES2000000008,2003-10-31,0.00015554233686998487,-0.0069794212467968004,-0.0069794212467968004,0.0001555423950776,0.0071193911135196001,0.0071193911135196001
CES2000000008,2003-11-30,-2.0506713553913869e-05,-0.0072468467988073002,-0.0072468467988073002,-2.0506675355136395e-05,0.0070824888534843002,0.0070824888534843002
CES2000000008,2003-12-31,-0.00040715991053730249,-0.0076966607011853998,-0.0076966607011853998,-0.0004071599105373,0.0067782704718409997,0.0067782704718409997
CES2000000008,2004-01-31,0.00054269522661343217,-0.0068899230100214004,-0.0068899230100214004,0.00054269522661339997,0.0078210681676864,0.0078210681676864
CES2000000008,2004-02-29,-0.0002005537535296753,-0.0076611218973994004,-0.0076611218973994004,-0.00020055379718540001,0.0071748602204024002,0.0071748602204024002
CES2000000008,2004-03-31,8.7382795754820108e-05,-0.0074143065139651004,-0.0074143065139651004,8.7382737547159195e-05,0.0075045106932519999,0.0075045106932519999
CES2000000008,2004-04-30,8.2737919001374394e-05,-0.0073435078375040999,-0.0073435078375040999,8.2737882621586323e-05,0.0074534439481794001,0.0074534439481794001
CES2000000008,2004-05-31,6.0124315496068448e-05,-0.0074136345647274997,-0.0074136345647274997,6.0124322772026062e-05,0.0074798380956052997,0.0074798380956052997
CES2000000008,2004-06-30,-0.00020717896404676139,-0.0076672830618916997,-0.0076672830618916997,-0.00020717899315049999,0.0072168810293077998,0.0072168810293077998
CES2000000008,2004-07-31,-0.0001554699701955542,-0.0075759892351925,-0.0075759892351925,-0.00015546998474740001,0.0072666606865823,0.0072666606865823
CES2000000008,2004-08-31,-5.0355167331872508e-05,-0.0075079626403748,-0.0075079626403748,-5.0355214625597e-05,0.0073708519339561003,0.0073708519339561003
CES2000000008,2004-09-30,-6.1920211010146886e-05,-0.007501799147576,-0.007501799147576,-6.1920261941850185e-05,0.0073317429050803002,0.0073317429050803002
CES2000000008,2004-10-31,-4.210466067888774e-05,-0.0074458708986638996,-0.0074458708986638996,-4.2104627937078483e-05,0.0073679164052009001,0.0073679164052009001
CES2000000008,2004-11-30,2.2114621970104054e-05,-0.0075384364463388,-0.0075384364463388,2.2114603780210015e-05,0.0075609260238706996,0.0075609260238706996
CES2000000008,2004-12-31,3.9916994865052402e-06,-0.0076274811290203996,-0.0076274811290203996,3.9916485548019409e-06,0.0075664669275282998,0.0075664669275282998
CES2000000008,2005-01-31,7.6356722274795175e-05,-0.0075194323435425004,-0.0075194323435425004,7.6356693170964718e-05,0.0076255463063716004,0.0076255463063716004
CES2000000008,2005-02-28,-8.6607906268909574e-05,-0.0075586754828690997,-0.0075586754828690997,-8.6607877165079117e-05,0.0073167574591933996,0.0073167574591933996
CES2000000008,2005-03-31,4.9037833377951756e-05,-0.0073928367346525001,-0.0073928367346525001,4.9037858843803406e-05,0.0074840462766586997,0.0074840462766586997
CES2000000008,2005-04-30,-6.1943705077283084e-05,-0.0075800297781824996,-0.0075800297781824996,-6.1943661421537399e-05,0.0073894415982067004,0.0073894415982067004
CES3000000008,2003-05-31,0.0015051474329084158,-0.0018649753183126001,-0.0018649753183126001,0.0015051474329084,0.0050108158029615003,0.0050108158029615003
CES3000000008,2003-06-30,-0.00026536808582022786,-0.0038415368180721998,-0.0038415368180721998,-0.0002653680858202,0.0035019945353269,0.0035019945353269
CES3000000008,2003-07-31,-0.0004017867031507194,-0.0041155656799673999,-0.0041155656799673999,-0.0004017867031507,0.0035136195365339002,0.0035136195365339002
CES3000000008,2003-08-31,-0.00028119396301917732,-0.0040596718899904996,-0.0040596718899904996,-0.00028119399212300002,0.0037274544592946,0.0037274544592946
CES3000000008,2003-09-30,-0.00017284395289607346,-0.0040866904892026996,-0.0040866904892026996,-0.00017284392379219999,0.0039052839856593999,0.0039052839856593999
CES3000000008,2003-10-31,-0.00013014287105761468,-0.0040903319604694002,-0.0040903319604694002,-0.00013014290016140001,0.0040558860637246999,0.0040558860637246999
CES3000000008,2003-11-30,-0.00010868297249544412,-0.0041048466227947998,-0.0041048466227947998,-0.0001086829579435,0.0041172234341501999,0.0041172234341501999
CES3000000008,2003-12-31,-0.00022254334180615842,-0.0042762160301208002,-0.0042762160301208002,-0.0002225433709099,0.0040380866266787,0.0040380866266787
CES3000000008,2004-01-31,-0.00034719117684289813,-0.0045108306221662998,-0.0045108306221662998,-0.00034719117684280001,0.0039820130914448998,0.0039820130914448998
CES3000000008,2004-02-29,-0.00010176135401707143,-0.0043272823095320996,-0.0043272823095320996,-0.0001017613685689,0.0042953044176100999,0.0042953044176100999
CES3000000008,2004-03-31,-0.0003303324047010392,-0.0046017109416425003,-0.0046017109416425003,-0.00033033243380479999,0.0040973601862788001,0.0040973601862788001
CES3000000008,2004-04-30,-0.00020896198111586273,-0.0044539263471961004,-0.0044539263471961004,-0.0002089620102196,0.0042072376236319004,0.0042072376236319004
CES3000000008,2004-05-31,-0.00016897819295991212,-0.0044967075809835997,-0.0044967075809835997,-0.00016897817840789999,0.0042490749619900998,0.0042490749619900998
CES3000000008,2004-06-30,-0.00013135191693436354,-0.0044484059326350004,-0.0044484059326350004,-0.00013135193148620001,0.0043313065543770001,0.0043313065543770001
CES3000000008,2004-07-31,-0.00017380759527441114,-0.0045357914641498999,-0.0045357914641498999,-0.0001738076098263,0.0043356833048164003,0.0043356833048164003
CES3000000008,2004-08-31,-0.00013320632569957525,-0.0045234463177621,-0.0045234463177621,-0.00013320631114760001,0.0044035203754901001,0.0044035203754901001
CES3000000008,2004-09-30,-0.00021865547751076519,-0.0045994054526089997,-0.0045994054526089997,-0.00021865544840689999,0.0043097962625323998,0.0043097962625323998
CES3000000008,2004-10-31,-0.00020298571325838566,-0.0045361728407441997,-0.0045361728407441997,-0.00020298571325830001,0.0043146312236785004,0.0043146312236785004
CES3000000008,2004-11-30,-0.0001133850309997797,-0.0045461710542439998,-0.0045461710542439998,-0.0001133850309997,0.0045323837548494001,0.0045323837548494001
CES3000000008,2004-12-31,-8.9784953161142766e-05,-0.0045087472535668997,-0.0045087472535668997,-8.9784967713057995e-05,0.0045517873950302002,0.0045517873950302002
CES3000000008,2005-01-31,-0.00013733295782003552,-0.0045332605950533997,-0.0045332605950533997,-0.00013733294326809999,0.0045002028346061004,0.0045002028346061004
CES3000000008,2005-02-28,-0.00013066842802800238,-0.0044726817868648997,-0.0044726817868648997,-0.00013066839892409999,0.0044062552042305001,0.0044062552042305001
CES3000000008,2005-03-31,-0.00017689472588244826,-0.0045686638914048004,-0.0045686638914048004,-0.00017689471133049999,0.0043755811639130003,0.0043755811639130003
CES3000000008,2005-04-30,-0.00012139198224758729,-0.0045379553921519999,-0.0045379553921519999,-0.0001213919604197,0.0045200847089290003,0.0045200847089290003
CLAIMSx,2003-05-31,0.0055355001240968704,-0.044089622795581797,-0.044089622795581797,0.0055354996584354998,0.061249300837516701,0.061249300837516701
CLAIMSx,2003-06-30,0.0060554342344403267,-0.045165836811065598,-0.045165836811065598,0.0060554342344402998,0.064657405018806402,0.064657405018806402
CLAIMSx,2003-07-31,0.0053370362147688866,-0.0467556342482566,-0.0467556342482566,0.0053370366804301001,0.065608695149421595,0.065608695149421595
CLAIMSx,2003-08-31,0.0052094175480306149,-0.047313500195741598,-0.047313500195741598,0.0052094175480306001,0.066646337509155204,0.066646337509155204
CLAIMSx,2003-09-30,0.0054850061424076557,-0.046994194388389497,-0.046994194388389497,0.0054850061424076002,0.067184634506702395,0.067184634506702395
CLAIMSx,2003-10-31,0.0049861767329275608,-0.047399345785379403,-0.047399345785379403,0.0049861767329275001,0.067162215709686196,0.067162215709686196
CLAIMSx,2003-11-30,0.0042395037598907948,-0.048495035618543597,-0.048495035618543597,0.0042395032942294996,0.067169457674026406,0.067169457674026406
CLAIMSx,2003-12-31,0.0053217820823192596,-0.047767862677574102,-0.047767862677574102,0.0053217820823191998,0.069005966186523396,0.069005966186523396
CLAIMSx,2004-01-31,0.0050376905128359795,-0.048488114029168999,-0.048488114029168999,0.0050376909784972,0.068650253117084503,0.068650253117084503
CLAIMSx,2004-02-29,0.0040454603731632233,-0.049582697451114599,-0.049582697451114599,0.0040454603731631998,0.0683755353093147,0.0683755353093147
CLAIMSx,2004-03-31,0.0041190087795257568,-0.049973521381616502,-0.049973521381616502,0.0041190087795256996,0.068342544138431494,0.068342544138431494
CLAIMSx,2004-04-30,0.0047019319608807564,-0.049077030271291698,-0.049077030271291698,0.0047019314952193997,0.069014728069305406,0.069014728069305406
CLAIMSx,2004-05-31,0.0047688842751085758,-0.049020081758499097,-0.049020081758499097,0.0047688847407697998,0.069375596940517398,0.069375596940517398
CLAIMSx,2004-06-30,0.0045258728787302971,-0.049808554351329803,-0.049808554351329803,0.0045258733443915003,0.0695350691676139,0.0695350691676139
CLAIMSx,2004-07-31,0.005231853574514389,-0.049748774617910302,-0.049748774617910302,0.0052318535745142997,0.070689603686332703,0.070689603686332703
CLAIMSx,2004-08-31,0.0051319776102900505,-0.050163704901933601,-0.050163704901933601,0.0051319780759512997,0.071019746363162994,0.071019746363162994
CLAIMSx,2004-09-30,0.0052244006656110287,-0.050143506377935403,-0.050143506377935403,0.005224400665611,0.071223713457584298,0.071223713457584298
CLAIMSx,2004-10-31,0.0062156305648386478,-0.048867829144001,-0.048867829144001,0.0062156305648386001,0.072027333080768502,0.072027333080768502
CLAIMSx,2004-11-30,0.0067488159984350204,-0.0489663891494274,-0.0489663891494274,0.0067488159984349996,0.073634296655654893,0.073634296655654893
CLAIMSx,2004-12-31,0.00684715760871768,-0.049440074712037999,-0.049440074712037999,0.0068471576087176002,0.073642194271087605,0.073642194271087605
CLAIMSx,2005-01-31,0.0062131816521286964,-0.050048805773258202,-0.050048805773258202,0.0062131816521286002,0.073055386543273898,0.073055386543273898
CLAIMSx,2005-02-28,0.0066731828264892101,-0.049350365996360702,-0.049350365996360702,0.0066731828264891997,0.073111489415168707,0.073111489415168707
CLAIMSx,2005-03-31,0.0066388580016791821,-0.049351818859577103,-0.049351818859577103,0.0066388580016790997,0.072916612029075595,0.072916612029075595
CLAIMSx,2005-04-30,0.0062489630654454231,-0.049825049936771303,-0.049825049936771303,0.0062489630654453997,0.073061473667621599,0.073061473667621599
CLF16OV,2003-05-31,0.0002791363513097167,-0.0024687654804438001,-0.0024687654804438001,0.0002791363513097,0.0031334948725997998,0.0031334948725997998
CLF16OV,2003-06-30,0.00069193833041936159,-0.0021413881331682001,-0.0021413881331682001,0.00069193833041930001,0.0036145981866865999,0.0036145981866865999
CLF16OV,2003-07-31,0.001329913386143744,-0.0015379388350993,-0.0015379388350993,0.0013299133861437,0.0042958026751875001,0.0042958026751875001
CLF16OV,2003-08-31,0.0009832846699282527,-0.00189491501078,-0.00189491501078,0.0009832846699282,0.0039575980044900998,0.0039575980044900998
CLF16OV,2003-09-30,0.00068791251396760345,-0.0022004502825438001,-0.0022004502825438001,0.00068791251396759998,0.0036694512236863002,0.0036694512236863002
CLF16OV,2003-10-31,0.0010556117631494999,-0.0018345008138567001,-0.0018345008138567001,0.0010556117631494999,0.0040428289212286004,0.0040428289212286004
CLF16OV,2003-11-30,0.00097765505779534578,-0.0019308316987007,-0.0019308316987007,0.00097765505779530003,0.0039893100038169999,0.0039893100038169999
CLF16OV,2003-12-31,0.00081109435996040702,-0.0020986464805900999,-0.0020986464805900999,0.00081109435996039997,0.0038354275748133,0.0038354275748133
CLF16OV,2004-01-31,0.00099155993666499853,-0.0019327185582369,-0.0019327185582369,0.00099155993666490009,0.0040215076878666002,0.0040215076878666002
CLF16OV,2004-02-29,0.00086376495892181993,-0.0020728532690553999,-0.0020728532690553999,0.00086376495892179998,0.0039190091192722,0.0039190091192722
CLF16OV,2004-03-31,0.0009315412025898695,-0.0020068404264748001,-0.0020068404264748001,0.0009315412025898,0.0039955992251633999,0.0039955992251633999
CLF16OV,2004-04-30,0.0010147097054868937,-0.0019006498623639,-0.0019006498623639,0.0010147097054868,0.0040818457491694996,0.0040818457491694996
CLF16OV,2004-05-31,0.00092541385674849153,-0.0019936074968426999,-0.0019936074968426999,0.00092541385674840002,0.0039795795455574001,0.0039795795455574001
CLF16OV,2004-06-30,0.0010384484194219112,-0.0019008601084351,-0.0019008601084351,0.0010384484194219,0.0041095744818449003,0.0041095744818449003
CLF16OV,2004-07-31,0.0010437908349558711,-0.0019086149986833,-0.0019086149986833,0.0010437908349558,0.0041296547278760996,0.0041296547278760996
CLF16OV,2004-08-31,0.0010312183294445276,-0.0019413696136324999,-0.0019413696136324999,0.0010312183294445001,0.0041181202977894999,0.0041181202977894999
CLF16OV,2004-09-30,0.00096645019948482513,-0.0020014294423162,-0.0020014294423162,0.00096645019948479998,0.0040422677993773998,0.0040422677993773998
CLF16OV,2004-10-31,0.0010074932361021638,-0.0019504411611705999,-0.0019504411611705999,0.0010074932361021,0.0040784673765301002,0.0040784673765301002
CLF16OV,2004-11-30,0.0010062814690172672,-0.0020289449021219999,-0.0020289449021219999,0.0010062814690172,0.0041392436251043996,0.0041392436251043996
CLF16OV,2004-12-31,0.00089353061048313975,-0.0021486966870724999,-0.0021486966870724999,0.00089353061048309996,0.0040331301279365999,0.0040331301279365999
CLF16OV,2005-01-31,0.0010159960947930813,-0.0020343628711997999,-0.0020343628711997999,0.001015996094793,0.0041758557781576998,0.0041758557781576998
CLF16OV,2005-02-28,0.000986132537946105,-0.0020270410459488001,-0.0020270410459488001,0.00098613253794610002,0.0041031725704668998,0.0041031725704668998
CLF16OV,2005-03-31,0.00093182857381179929,-0.0020811494905501001,-0.0020811494905501001,0.00093182857381169997,0.0040441965684293998,0.0040441965684293998
CLF16OV,2005-04-30,0.00085759127978235483,-0.0021703175734727998,-0.0021703175734727998,0.00085759127978229997,0.0040041459724307,0.0040041459724307
CMRMTSPLx,2003-05-31,0.00020614941604435444,-0.0093299234285950002,-0.0093299234285950002,0.00020614941604430001,0.0097670815885065997,0.0097670815885065997
CMRMTSPLx,2003-06-30,0.003731398144736886,-0.0061552543193100998,-0.0061552543193100998,0.0037313981447368002,0.013518385589122699,0.013518385589122699
CMRMTSPLx,2003-07-31,0.0014093760401010513,-0.0086445417255163002,-0.0086445417255163002,0.0014093760401009999,0.0113335885107517,0.0113335885107517
CMRMTSPLx,2003-08-31,0.00041473424062132835,-0.0097348783165215995,-0.0097348783165215995,0.0004147342406213,0.0104207284748554,0.0104207284748554
CMRMTSPLx,2003-09-30,0.0036003384739160538,-0.0066579729318618002,-0.0066579729318618002,0.003600338473916,0.013630034402012801,0.013630034402012801
CMRMTSPLx,2003-10-31,0.0024486519396305084,-0.0078979441896079999,-0.0078979441896079999,0.0024486519396305002,0.012660060077905599,0.012660060077905599
CMRMTSPLx,2003-11-30,0.0015880446881055832,-0.0088521530851721,-0.0088521530851721,0.0015880446881054999,0.0117906220257282,0.0117906220257282
CMRMTSPLx,2003-12-31,0.0021934143733233213,-0.0083342976868151994,-0.0083342976868151994,0.0021934143733233001,0.012400801293551899,0.012400801293551899
CMRMTSPLx,2004-01-31,0.002700284356251359,-0.0077130207791924,-0.0077130207791924,0.0027002843562513,0.012927077710628501,0.012927077710628501
CMRMTSPLx,2004-02-29,0.0026374368462711573,-0.0077985022217034999,-0.0077985022217034999,0.0026374368462711,0.0129544371739029,0.0129544371739029
CMRMTSPLx,2004-03-31,0.0026995581574738026,-0.0076767113059759001,-0.0076767113059759001,0.0026995581574738,0.012949879281222799,0.012949879281222799
CMRMTSPLx,2004-04-30,0.0027116886340081692,-0.0075923213735222001,-0.0075923213735222001,0.0027116886340080998,0.012873051688075,0.012873051688075
CMRMTSPLx,2004-05-31,0.0029353946447372437,-0.0073963366448878999,-0.0073963366448878999,0.0029353946447371999,0.013101352378726,0.013101352378726
CMRMTSPLx,2004-06-30,0.0028510903939604759,-0.0076006483286619004,-0.0076006483286619004,0.0028510905103757002,0.013124433346092699,0.013124433346092699
CMRMTSPLx,2004-07-31,0.0033195861615240574,-0.0069964751601219004,-0.0069964751601219004,0.0033195861615240001,0.013487339951097899,0.013487339951097899
CMRMTSPLx,2004-08-31,0.0032343640923500061,-0.0070847691968083,-0.0070847691968083,0.00323436409235,0.013355790637433499,0.013355790637433499
CMRMTSPLx,2004-09-30,0.0032073380425572395,-0.0069153700023889004,-0.0069153700023889004,0.0032073381589725002,0.013204500079154901,0.013204500079154901
CMRMTSPLx,2004-10-31,0.0032087748404592276,-0.0069674244150518998,-0.0069674244150518998,0.0032087748404591998,0.013155560009181499,0.013155560009181499
CMRMTSPLx,2004-11-30,0.0030893718358129263,-0.0072350827977061003,-0.0072350827977061003,0.0030893718358128998,0.0131710218265652,0.0131710218265652
CMRMTSPLx,2004-12-31,0.0029321669135242701,-0.0074536381289361997,-0.0074536381289361997,0.0029321669135241998,0.013010097667574799,0.013010097667574799
CMRMTSPLx,2005-01-31,0.0029366111848503351,-0.0072780614718793999,-0.0072780614718793999,0.0029366111848503,0.0129507882520556,0.0129507882520556
CMRMTSPLx,2005-02-28,0.0031187527347356081,-0.0069529525935648996,-0.0069529525935648996,0.0031187527347355999,0.0130158755928277,0.0130158755928277
CMRMTSPLx,2005-03-31,0.0025755441747605801,-0.0073429271578788003,-0.0073429271578788003,0.0025755441747604998,0.012390488758683199,0.012390488758683199
CMRMTSPLx,2005-04-30,0.0023788628168404102,-0.0076323300600051004,-0.0076323300600051004,0.0023788628168403998,0.0123263373970985,0.0123263373970985
COMPAPFFx,2003-05-31,-0.04521460086107254,-0.13628293573856351,-0.13628293573856351,-0.045214600861072499,0.047454278916120501,0.047454278916120501
COMPAPFFx,2003-06-30,-0.043204396963119507,-0.13750177621841431,-0.13750177621841431,-0.0432043969631195,0.054083526134490897,0.054083526134490897
COMPAPFFx,2003-07-31,-0.030498407781124115,-0.1341783255338668,-0.1341783255338668,-0.030498407781124101,0.0677818953990936,0.0677818953990936
COMPAPFFx,2003-08-31,-0.017442315816879272,-0.11920326948165889,-0.11920326948165889,-0.0174423158168792,0.086223728954791995,0.086223728954791995
COMPAPFFx,2003-09-30,-0.0010502859950065613,-0.11013010144233699,-0.11013010144233699,-0.0010502859950064999,0.1011362522840499,0.1011362522840499
COMPAPFFx,2003-10-31,0.033540710806846619,-0.068063616752624498,-0.068063616752624498,0.033540710806846598,0.1404622793197631,0.1404622793197631
COMPAPFFx,2003-11-30,0.048259519040584564,-0.055945232510566698,-0.055945232510566698,0.048259519040584502,0.16448342800140381,0.16448342800140381
COMPAPFFx,2003-12-31,0.053899902850389481,-0.054322659969329799,-0.054322659969329799,0.053899902850389397,0.16910916566848749,0.16910916566848749
COMPAPFFx,2004-01-31,0.040999926626682281,-0.060324370861053397,-0.060324370861053397,0.040999926626682198,0.15121650695800781,0.15121650695800781
COMPAPFFx,2004-02-29,0.053017832338809967,-0.049511551856994601,-0.049511551856994601,0.053017832338809898,0.1646885871887207,0.1646885871887207
COMPAPFFx,2004-03-31,0.063138753175735474,-0.026526331901550199,-0.026526331901550199,0.063138753175735404,0.17309194803237909,0.17309194803237909
COMPAPFFx,2004-04-30,0.090363830327987671,-0.0120407193899154,-0.0120407193899154,0.090363830327987602,0.20982642471790311,0.20982642471790311
COMPAPFFx,2004-05-31,0.12762828171253204,0.023185960948467199,0.023185960948467199,0.12762828171253199,0.2356893122196197,0.2356893122196197
COMPAPFFx,2004-06-30,0.14754852652549744,0.045350998640060397,0.045350998640060397,0.14754852652549741,0.25937354564666748,0.25937354564666748
COMPAPFFx,2004-07-31,0.15844623744487762,0.069516934454441001,0.069516934454441001,0.1584462374448776,0.27368170022964478,0.27368170022964478
COMPAPFFx,2004-08-31,0.16609704494476318,0.0686836168169975,0.0686836168169975,0.1660970449447631,0.2793090939521789,0.2793090939521789
COMPAPFFx,2004-09-30,0.16034859418869019,0.056038442999124499,0.056038442999124499,0.1603485941886901,0.2828001976013183,0.2828001976013183
COMPAPFFx,2004-10-31,0.17468248307704926,0.070654608309268896,0.070654608309268896,0.1746824830770492,0.29453581571578979,0.29453581571578979
COMPAPFFx,2004-11-30,0.18866413831710815,0.080177843570709201,0.080177843570709201,0.1886641383171081,0.31508859992027283,0.31508859992027283
COMPAPFFx,2004-12-31,0.20616441965103149,0.1148570626974105,0.1148570626974105,0.20616441965103149,0.3373548686504364,0.3373548686504364
COMPAPFFx,2005-01-31,0.19115468859672546,0.1004566401243209,0.1004566401243209,0.19115468859672541,0.30331805348396301,0.30331805348396301
COMPAPFFx,2005-02-28,0.17386183142662048,0.080024391412734902,0.080024391412734902,0.1738618314266204,0.28755301237106318,0.28755301237106318
COMPAPFFx,2005-03-31,0.16743484139442444,0.069496691226959201,0.069496691226959201,0.16743484139442441,0.27941018342971802,0.27941018342971802
COMPAPFFx,2005-04-30,0.15609841048717499,0.067463032901286996,0.067463032901286996,0.15609841048717499,0.2641871571540832,0.2641871571540832
CONSPI,2003-05-31,0.53523296117782593,-0.098182864487171104,-0.098182864487171104,0.53523296117782593,1.2377389669418335,1.2377389669418335
CONSPI,2003-06-30,0.46065866947174072,-0.2277058064937591,-0.2277058064937591,0.46065866947174072,1.2383586168289185,1.2383586168289185
CONSPI,2003-07-31,0.42190554738044739,-0.30623066425323481,-0.30623066425323481,0.42190554738044739,1.253666877746582,1.253666877746582
CONSPI,2003-08-31,0.40771549940109253,-0.34614649415016169,-0.34614649415016169,0.40771549940109247,1.2767032384872437,1.2767032384872437
CONSPI,2003-09-30,0.38571706414222717,-0.39224213361740112,-0.39224213361740112,0.38571706414222717,1.2765152454376221,1.2765152454376221
CONSPI,2003-10-31,0.38011199235916138,-0.42546594142913818,-0.42546594142913818,0.38011199235916138,1.3047561645507812,1.3047561645507812
CONSPI,2003-11-30,0.36610934138298035,-0.4490891695022583,-0.4490891695022583,0.36610934138298029,1.3032386302947998,1.3032386302947998
CONSPI,2003-12-31,0.3348655104637146,-0.49947020411491388,-0.49947020411491388,0.3348655104637146,1.2889635562896729,1.2889635562896729
CONSPI,2004-01-31,0.32776769995689392,-0.51205623149871826,-0.51205623149871826,0.32776769995689392,1.3025367259979248,1.3025367259979248
CONSPI,2004-02-29,0.31712058186531067,-0.53761565685272217,-0.53761565685272217,0.31712058186531061,1.3156783580780029,1.3156783580780029
CONSPI,2004-03-31,0.29815185070037842,-0.55948954820632935,-0.55948954820632935,0.29815185070037842,1.316281795501709,1.316281795501709
CONSPI,2004-04-30,0.29817953705787659,-0.56645709276199341,-0.56645709276199341,0.29817953705787659,1.3211101293563845,1.3211101293563845
CONSPI,2004-05-31,0.29757595062255859,-0.56741982698440552,-0.56741982698440552,0.29757595062255859,1.3183572292327881,1.3183572292327881
CONSPI,2004-06-30,0.28537073731422424,-0.60542839765548706,-0.60542839765548706,0.28537072986364359,1.3156132698059082,1.3156132698059082
CONSPI,2004-07-31,0.27214962244033813,-0.62481075525283813,-0.62481075525283813,0.27214961498975748,1.3090267181396484,1.3090267181396484
CONSPI,2004-08-31,0.26017257571220398,-0.64899808168411255,-0.64899808168411255,0.26017256826162338,1.2931438684463501,1.2931438684463501
CONSPI,2004-09-30,0.25290995836257935,-0.66434556245803833,-0.66434556245803833,0.25290995836257929,1.2868890762329102,1.2868890762329102
CONSPI,2004-10-31,0.27193713188171387,-0.65743815898895264,-0.65743815898895264,0.27193713933229441,1.2987868785858154,1.2987868785858154
CONSPI,2004-11-30,0.27210810780525208,-0.68376469612121582,-0.68376469612121582,0.27210810035467148,1.3221346139907837,1.3221346139907837
CONSPI,2004-12-31,0.27434730529785156,-0.68770742416381836,-0.68770742416381836,0.27434730529785151,1.3340456485748291,1.3340456485748291
CONSPI,2005-01-31,0.29091838002204895,-0.66438645124435425,-0.66438645124435425,0.29091838002204889,1.3481987714767456,1.3481987714767456
CONSPI,2005-02-28,0.30303847789764404,-0.6476207971572876,-0.6476207971572876,0.30303847789764399,1.3528200387954712,1.3528200387954712
CONSPI,2005-03-31,0.2822292149066925,-0.66510212421417236,-0.66510212421417236,0.2822292149066925,1.3185096979141235,1.3185096979141235
CONSPI,2005-04-30,0.29528504610061646,-0.67112630605697632,-0.67112630605697632,0.2952850461006164,1.335053563117981,1.335053563117981
CP3Mx,2003-05-31,-0.015010331757366657,-0.2542421817779541,-0.2542421817779541,-0.015010330826043999,0.18738478422164909,0.18738478422164909
CP3Mx,2003-06-30,-0.010684873908758163,-0.27429682016372681,-0.27429682016372681,-0.010684873908758099,0.21205402910709381,0.21205402910709381
CP3Mx,2003-07-31,-0.014128901064395905,-0.2988442182540893,-0.2988442182540893,-0.014128901064395899,0.2215267121791839,0.2215267121791839
CP3Mx,2003-08-31,-0.020297205075621605,-0.31374597549438471,-0.31374597549438471,-0.020297206938266699,0.2238659858703613,0.2238659858703613
CP3Mx,2003-09-30,-0.030401509255170822,-0.33591654896736139,-0.33591654896736139,-0.030401509255170801,0.2214343845844268,0.2214343845844268
CP3Mx,2003-10-31,-0.023679612204432487,-0.33505493402481079,-0.33505493402481079,-0.023679614067077599,0.23660854995250699,0.23660854995250699
CP3Mx,2003-11-30,-0.02786322683095932,-0.34613433480262751,-0.34613433480262751,-0.027863226830959299,0.24044615030288691,0.24044615030288691
CP3Mx,2003-12-31,-0.028818683698773384,-0.35045593976974487,-0.35045593976974487,-0.0288186818361282,0.24614298343658439,0.24614298343658439
CP3Mx,2004-01-31,-0.067138224840164185,-0.39794003963470459,-0.39794003963470459,-0.067138224840164101,0.21413670480251309,0.21413670480251309
CP3Mx,2004-02-29,-0.035527318716049194,-0.36861225962638849,-0.36861225962638849,-0.035527318716049097,0.25129726529121399,0.25129726529121399
CP3Mx,2004-03-31,-0.012697853147983551,-0.34837943315505981,-0.34837943315505981,-0.012697853147983501,0.27427232265472412,0.27427232265472412
CP3Mx,2004-04-30,-0.012009811587631702,-0.34716665744781489,-0.34716665744781489,-0.0120098106563091,0.27529072761535639,0.27529072761535639
CP3Mx,2004-05-31,-0.014649021439254284,-0.36336886882781982,-0.36336886882781982,-0.0146490223705768,0.27633056044578552,0.27633056044578552
CP3Mx,2004-06-30,-0.0064268698915839195,-0.35117155313491821,-0.35117155313491821,-0.0064268708229063996,0.2863193154335022,0.2863193154335022
CP3Mx,2004-07-31,-0.016726499423384666,-0.36892950534820551,-0.36892950534820551,-0.016726501286029798,0.28502336144447321,0.28502336144447321
CP3Mx,2004-08-31,-0.02775971032679081,-0.38519957661628718,-0.38519957661628718,-0.027759708464145601,0.2798180878162384,0.2798180878162384
CP3Mx,2004-09-30,-0.03690764307975769,-0.39211660623550409,-0.39211660623550409,-0.0369076430797576,0.27385607361793518,0.27385607361793518
CP3Mx,2004-10-31,-0.028390884399414062,-0.38342592120170588,-0.38342592120170588,-0.028390884399414,0.28301829099655151,0.28301829099655151
CP3Mx,2004-11-30,-0.019535399973392487,-0.38898009061813349,-0.38898009061813349,-0.0195353999733924,0.30265727639198298,0.30265727639198298
CP3Mx,2004-12-31,-0.017770450562238693,-0.39130261540412897,-0.39130261540412897,-0.0177704505622386,0.30471488833427429,0.30471488833427429
CP3Mx,2005-01-31,-0.052585549652576447,-0.4257659912109375,-0.4257659912109375,-0.052585549652576398,0.2716709673404693,0.2716709673404693
CP3Mx,2005-02-28,-0.027021918445825577,-0.39508917927741999,-0.39508917927741999,-0.0270219184458255,0.29372832179069519,0.29372832179069519
CP3Mx,2005-03-31,-0.0060291988775134087,-0.38023316860198969,-0.38023316860198969,-0.0060291960835455998,0.31601467728614802,0.31601467728614802
CP3Mx,2005-04-30,-0.010316314175724983,-0.39137721061706537,-0.39137721061706537,-0.010316312313079799,0.3226706981658935,0.3226706981658935
CPIAPPSL,2003-05-31,-0.0013258722610771656,-0.0071250009350477999,-0.0071250009350477999,-0.0013258722610770999,0.0046687573194503004,0.0046687573194503004
CPIAPPSL,2003-06-30,-0.00063487928127869964,-0.0067220949567853997,-0.0067220949567853997,-0.00063487933948630005,0.0056425957009196004,0.0056425957009196004
CPIAPPSL,2003-07-31,-0.00016458367463201284,-0.006461274344474,-0.006461274344474,-0.000164583674632,0.0062456815503536996,0.0062456815503536996
CPIAPPSL,2003-08-31,-2.72617835435085e-05,-0.0064757135696709,-0.0064757135696709,-2.7261790819466111e-05,0.0065254783257842003,0.0065254783257842003
CPIAPPSL,2003-09-30,-0.00078152766218408942,-0.0074051623232662001,-0.0074051623232662001,-0.00078152772039170003,0.0059180348180233999,0.0059180348180233999
CPIAPPSL,2003-10-31,0.00099624134600162506,-0.0057405466213822001,-0.0057405466213822001,0.00099624134600159991,0.0077961278147995004,0.0077961278147995004
CPIAPPSL,2003-11-30,0.00021000701235607266,-0.0066423006355761996,-0.0066423006355761996,0.00021000707056369999,0.0071044708602129997,0.0071044708602129997
CPIAPPSL,2003-12-31,-0.00035701319575309753,-0.0072150691412389001,-0.0072150691412389001,-0.00035701319575300001,0.0065961512736975999,0.0065961512736975999
CPIAPPSL,2004-01-31,-0.00015280584921129048,-0.0071717966347932,-0.0071717966347932,-0.00015280582010740001,0.0069192843511699997,0.0069192843511699997
CPIAPPSL,2004-02-29,5.8089017329621129e-07,-0.0070686279796062998,-0.0070686279796062998,5.8091245591640472e-07,0.0071103875525294997,0.0071103875525294997
CPIAPPSL,2004-03-31,0.00013507023686543107,-0.0069573130458593004,-0.0069573130458593004,0.00013507029507299999,0.0072721508331596001,0.0072721508331596001
CPIAPPSL,2004-04-30,-9.6715535619296134e-05,-0.0071286298334598003,-0.0071286298334598003,-9.6715521067380905e-05,0.0069604623131453002,0.0069604623131453002
CPIAPPSL,2004-05-31,3.3785374398576096e-05,-0.0070374570786952001,-0.0070374570786952001,3.378535620868206e-05,0.0070240064524114002,0.0070240064524114002
CPIAPPSL,2004-06-30,-0.00028892458067275584,-0.0074105649255216,-0.0074105649255216,-0.00028892455156890001,0.0068174256011842996,0.0068174256011842996
CPIAPPSL,2004-07-31,-5.9004414652008563e-05,-0.0072033270262181004,-0.0072033270262181004,-5.9004407376050949e-05,0.0070768524892628002,0.0070768524892628002
CPIAPPSL,2004-08-31,6.9876507041044533e-05,-0.0070882020518182997,-0.0070882020518182997,6.9876550696790218e-05,0.0072372527793048997,0.0072372527793048997
CPIAPPSL,2004-09-30,9.9077115010004491e-05,-0.0070678764022885998,-0.0070678764022885998,9.9077122285962105e-05,0.0071969460695980999,0.0071969460695980999
CPIAPPSL,2004-10-31,-3.3841639378806576e-05,-0.0071720648556946997,-0.0071720648556946997,-3.384158480912447e-05,0.0071257418021559004,0.0071257418021559004
CPIAPPSL,2004-11-30,0.00011000197991961613,-0.0071731531061232003,-0.0071731531061232003,0.0001100020017474,0.0073459073901176002,0.0073459073901176002
CPIAPPSL,2004-12-31,0.00015315780183300376,-0.0071678161621093004,-0.0071678161621093004,0.0001531578600406,0.0073663122020660998,0.0073663122020660998
CPIAPPSL,2005-01-31,4.6903282054699957e-05,-0.0073000267148016999,-0.0073000267148016999,4.6903267502784729e-05,0.0072296774014829999,0.0072296774014829999
CPIAPPSL,2005-02-28,-0.00010078184277517721,-0.0072833043523132003,-0.0072833043523132003,-0.0001007817918434,0.0070023899897932998,0.0070023899897932998
CPIAPPSL,2005-03-31,3.0480005079880357e-05,-0.0071481717750430003,-0.0071481717750430003,3.04799759760499e-05,0.0071455235593019997,0.0071455235593019997
CPIAPPSL,2005-04-30,4.973254181095399e-05,-0.007093908265233,-0.007093908265233,4.9732509069144726e-05,0.0072294459678232002,0.0072294459678232002
CPIAUCSL,2003-05-31,0.00078990659676492214,-0.0025230892933904999,-0.0025230892933904999,0.00078990659676490002,0.0039859833195805003,0.0039859833195805003
CPIAUCSL,2003-06-30,0.0014276406727731228,-0.0020355647429822999,-0.0020355647429822999,0.0014276406727731,0.0047779753804205998,0.0047779753804205998
CPIAUCSL,2003-07-31,0.0016669105971232057,-0.0018846513703465,-0.0018846513703465,0.0016669105971232,0.0049806395545601003,0.0049806395545601003
CPIAUCSL,2003-08-31,0.001995705533772707,-0.0015668272972105999,-0.0015668272972105999,0.0019957055337727,0.0053342962637543002,0.0053342962637543002
CPIAUCSL,2003-09-30,0.0020077605731785297,-0.0015074159018695001,-0.0015074159018695001,0.0020077605731784998,0.0053957719355821002,0.0053957719355821002
CPIAUCSL,2003-10-31,0.0021857407409697771,-0.0013584992848336001,-0.0013584992848336001,0.0021857407409696999,0.0055127087980507998,0.0055127087980507998
CPIAUCSL,2003-11-30,0.0024606832303106785,-0.0010532289743423,-0.0010532289743423,0.0024606832303106,0.0059817144647239997,0.0059817144647239997
CPIAUCSL,2003-12-31,0.0026405320968478918,-0.00085709337145089995,-0.00085709337145089995,0.0026405320968477999,0.0062289000488816998,0.0062289000488816998
CPIAUCSL,2004-01-31,0.0025921417400240898,-0.00099339894950379996,-0.00099339894950379996,0.002592141740024,0.0060997758992016003,0.0060997758992016003
CPIAUCSL,2004-02-29,0.0024563451297581196,-0.0011666673235595001,-0.0011666673235595001,0.0024563451297581001,0.0060754842124878996,0.0060754842124878996
CPIAUCSL,2004-03-31,0.0024943980388343334,-0.0010670972988009,-0.0010670972988009,0.0024943980388343,0.0061259455978870002,0.0061259455978870002
CPIAUCSL,2004-04-30,0.0025062845088541508,-0.0010285768657922001,-0.0010285768657922001,0.0025062845088541,0.0061872191727161,0.0061872191727161
CPIAUCSL,2004-05-31,0.0025769160129129887,-0.00097565446048970004,-0.00097565446048970004,0.0025769160129129002,0.0063175670802592997,0.0063175670802592997
CPIAUCSL,2004-06-30,0.0027103046886622906,-0.00098393205553289997,-0.00098393205553289997,0.0027103046886621999,0.0065692514181136998,0.0065692514181136998
CPIAUCSL,2004-07-31,0.0028853137046098709,-0.00074345758184790004,-0.00074345758184790004,0.0028853137046097998,0.0068116821348666997,0.0068116821348666997
CPIAUCSL,2004-08-31,0.0030054564122110605,-0.00069159315899009995,-0.00069159315899009995,0.0030054564122109998,0.0069108274765312004,0.0069108274765312004
CPIAUCSL,2004-09-30,0.0030750827863812447,-0.00062132906168689995,-0.00062132906168689995,0.0030750827863812,0.0070910528302192003,0.0070910528302192003
CPIAUCSL,2004-10-31,0.0030695130117237568,-0.0006551002152264,-0.0006551002152264,0.0030695130117237,0.0071164276450871996,0.0071164276450871996
CPIAUCSL,2004-11-30,0.0027870065532624722,-0.00089285383000959999,-0.00089285383000959999,0.0027870065532624002,0.0070986496284604003,0.0070986496284604003
CPIAUCSL,2004-12-31,0.0026450080331414938,-0.0010884506627916999,-0.0010884506627916999,0.0026450080331414001,0.0070190178230404004,0.0070190178230404004
CPIAUCSL,2005-01-31,0.0028072078712284565,-0.0010961266234517,-0.0010961266234517,0.0028072078712284001,0.0071950177662074002,0.0071950177662074002
CPIAUCSL,2005-02-28,0.0033135018311440945,-0.00067179696634410001,-0.00067179696634410001,0.0033135018311439999,0.0078163677826523,0.0078163677826523
CPIAUCSL,2005-03-31,0.0040253209881484509,1.7219455912709236e-05,1.7219455912709236e-05,0.0040253209881483997,0.0085619203746318002,0.0085619203746318002
CPIAUCSL,2005-04-30,0.0048036943189799786,0.00079584331251680005,0.00079584331251680005,0.0048036943189798996,0.0093950685113668008,0.0093950685113668008
CPIMEDSL,2003-05-31,-0.0010049564298242331,-0.0030657288152724001,-0.0030657288152724001,-0.0010049564298242001,0.0010255479719489,0.0010255479719489
CPIMEDSL,2003-06-30,0.00040583181544207036,-0.0018250069115310001,-0.0018250069115310001,0.00040583180543760002,0.0025784918107091999,0.0025784918107091999
CPIMEDSL,2003-07-31,-5.0648039177758619e-05,-0.0023808388505131002,-0.0023808388505131002,-5.0648028263822198e-05,0.0022321648430079001,0.0022321648430079001
CPIMEDSL,2003-08-31,-0.00026038667419925332,-0.0026765973307192,-0.0026765973307192,-0.00026038667419919998,0.0020806859247386,0.0020806859247386
CPIMEDSL,2003-09-30,-4.8197114665526897e-05,-0.0025006786454467998,-0.0025006786454467998,-4.8197107389569283e-05,0.002327291527763,0.002327291527763
CPIMEDSL,2003-10-31,-7.2628216003067791e-05,-0.0025627864524722,-0.0025627864524722,-7.2628201451152563e-05,0.0023257778957486001,0.0023257778957486001
CPIMEDSL,2003-11-30,-0.00017840712098404765,-0.0027310280129313001,-0.0027310280129313001,-0.000178407120984,0.0022909662220627,0.0022909662220627
CPIMEDSL,2003-12-31,-5.6689637858653441e-05,-0.0026653870008885002,-0.0026653870008885002,-5.6689634220674634e-05,0.0024561276659369,0.0024561276659369
CPIMEDSL,2004-01-31,-8.5428910097107291e-05,-0.0027117647696286002,-0.0027117647696286002,-8.5428880993276834e-05,0.0024871227797119999,0.0024871227797119999
CPIMEDSL,2004-02-29,-0.00010785847553052008,-0.0027445633895695001,-0.0027445633895695001,-0.0001078584755305,0.0025321024004368998,0.0025321024004368998
CPIMEDSL,2004-03-31,-0.00010837918671313673,-0.0027628832031041002,-0.0027628832031041002,-0.0001083791721612,0.0025579531211404999,0.0025579531211404999
CPIMEDSL,2004-04-30,-9.9656172096729279e-05,-0.0027924245223402001,-0.0027924245223402001,-9.9656172096729279e-05,0.0025696195662020999,0.0025696195662020999
CPIMEDSL,2004-05-31,-8.5721039795316756e-05,-0.0027901281137019001,-0.0027901281137019001,-8.5721025243401527e-05,0.0025645715650170998,0.0025645715650170998
CPIMEDSL,2004-06-30,-0.00011740734043996781,-0.0028738903347402,-0.0028738903347402,-0.0001174073549918,0.0025643731933087002,0.0025643731933087002
CPIMEDSL,2004-07-31,-8.7194843217730522e-05,-0.0028545325621962001,-0.0028545325621962001,-8.7194843217730522e-05,0.0026671248488127999,0.0026671248488127999
CPIMEDSL,2004-08-31,-9.4077011453919113e-05,-0.0028862934559583,-0.0028862934559583,-9.4077026005834341e-05,0.0026701956521719,0.0026701956521719
CPIMEDSL,2004-09-30,-4.0044349589152262e-05,-0.002807161770761,-0.002807161770761,-4.0044367779046297e-05,0.0027145929634571002,0.0027145929634571002
CPIMEDSL,2004-10-31,-7.4447074439376593e-05,-0.0028400418814270999,-0.0028400418814270999,-7.4447074439376593e-05,0.0026732280384749001,0.0026732280384749001
CPIMEDSL,2004-11-30,-5.0931841542478651e-05,-0.0029067839495836999,-0.0029067839495836999,-5.0931819714605808e-05,0.0027962604071943998,0.0027962604071943998
CPIMEDSL,2004-12-31,-6.9756075390614569e-05,-0.0029330221004783999,-0.0029330221004783999,-6.9756060838699341e-05,0.0028181367088108999,0.0028181367088108999
CPIMEDSL,2005-01-31,-4.3002321035601199e-05,-0.0029228236526249998,-0.0029228236526249998,-4.300230648368597e-05,0.0028563754167407001,0.0028563754167407001
CPIMEDSL,2005-02-28,-6.6422406234778464e-05,-0.0028928550891577998,-0.0028928550891577998,-6.6422391682863235e-05,0.0027917772531509,0.0027917772531509
CPIMEDSL,2005-03-31,-6.6380060161463916e-05,-0.0028969026170670002,-0.0028969026170670002,-6.6380074713379145e-05,0.0027908207848667999,0.0027908207848667999
CPIMEDSL,2005-04-30,-7.277507393155247e-05,-0.0029224066529422998,-0.0029224066529422998,-7.2775059379637241e-05,0.0027689735870807999,0.0027689735870807999
CPITRNSL,2003-05-31,0.011239225044846535,0.00048934767255550001,0.00048934767255550001,0.0112392250448465,0.0210804119706153,0.0210804119706153
CPITRNSL,2003-06-30,0.0034182162489742041,-0.0078472942113875996,-0.0078472942113875996,0.0034182161325587998,0.0136999078094959,0.0136999078094959
CPITRNSL,2003-07-31,-0.0028306611347943544,-0.014286269433796401,-0.014286269433796401,-0.0028306611347942998,0.0076318741776048998,0.0076318741776048998
CPITRNSL,2003-08-31,0.0019453351851552725,-0.0095730470493434992,-0.0095730470493434992,0.0019453352506387999,0.0126658277586102,0.0126658277586102
CPITRNSL,2003-09-30,0.0027166176587343216,-0.0089419046416878006,-0.0089419046416878006,0.0027166177169419001,0.013544746674597199,0.013544746674597199
CPITRNSL,2003-10-31,-0.00079535733675584197,-0.012700675055384599,-0.012700675055384599,-0.00079535739496349996,0.0101325856521725,0.0101325856521725
CPITRNSL,2003-11-30,-0.001308167353272438,-0.013412944972515099,-0.013412944972515099,-0.0013081673532724001,0.0098511679098009994,0.0098511679098009994
CPITRNSL,2003-12-31,0.0015959384618327022,-0.0105958031490445,-0.0105958031490445,0.0015959384618327,0.0127675086259841,0.0127675086259841
CPITRNSL,2004-01-31,0.001167861744761467,-0.0110688600689172,-0.0110688600689172,0.0011678618029690999,0.0124059803783893,0.0124059803783893
CPITRNSL,2004-02-29,-0.00042302993824705482,-0.012648692354559799,-0.012648692354559799,-0.00042302999645470001,0.010601935908198299,0.010601935908198299
CPITRNSL,2004-03-31,-0.00014499400276690722,-0.0123245734721422,-0.0123245734721422,-0.00014499388635150001,0.0108528491109609,0.0108528491109609
CPITRNSL,2004-04-30,0.00094807578716427088,-0.0111378887668251,-0.0111378887668251,0.00094807567074890004,0.0118905482813715,0.0118905482813715
CPITRNSL,2004-05-31,0.00071774970274418592,-0.0111203119158744,-0.0111203119158744,0.00071774970274409995,0.0115150930359959,0.0115150930359959
CPITRNSL,2004-06-30,-8.9291177573613822e-05,-0.011956242844462299,-0.011956242844462299,-8.9291250333189964e-05,0.010830215178430001,0.010830215178430001
CPITRNSL,2004-07-31,-0.00049897399730980396,-0.0124650197103619,-0.0124650197103619,-0.00049897399730979995,0.010274460539221699,0.010274460539221699
CPITRNSL,2004-08-31,0.00018220639321953058,-0.0116883246228098,-0.0116883246228098,0.0001822062768042,0.0108441915363073,0.0108441915363073
CPITRNSL,2004-09-30,8.594572136644274e-05,-0.0116024669259786,-0.0116024669259786,8.5945706814527512e-05,0.010598438791930599,0.010598438791930599
CPITRNSL,2004-10-31,-1.6695050362613983e-05,-0.0115194926038384,-0.0115194926038384,-1.6695004887878895e-05,0.0104648368433117,0.0104648368433117
CPITRNSL,2004-11-30,0.00020348317048046738,-0.011297706514596899,-0.011297706514596899,0.00020348327234380001,0.0106990914791822,0.0106990914791822
CPITRNSL,2004-12-31,0.00042984634637832642,-0.0110605265945196,-0.0110605265945196,0.00042984634637830002,0.010734960436820901,0.010734960436820901
CPITRNSL,2005-01-31,0.00057181355077773333,-0.010888173244893501,-0.010888173244893501,0.00057181355077770004,0.011133383028209201,0.011133383028209201
CPITRNSL,2005-02-28,0.00010886328527703881,-0.0111347660422325,-0.0111347660422325,0.0001088632270693,0.0104110585525631,0.0104110585525631
CPITRNSL,2005-03-31,0.00037937023444101214,-0.0110199926421046,-0.0110199926421046,0.0003793701762333,0.0105957062914967,0.0105957062914967
CPITRNSL,2005-04-30,0.00026147448807023466,-0.0111038703471422,-0.0111038703471422,0.00026147451717400001,0.010501267388463,0.010501267388463
CPIULFSL,2003-05-31,0.0041414378210902214,0.00091426161816340001,0.00091426161816340001,0.0041414378210901997,0.0070635182783006997,0.0070635182783006997
CPIULFSL,2003-06-30,0.00066857569618150592,-0.0026953939814120002,-0.0026953939814120002,0.00066857571437139995,0.0037797074764966002,0.0037797074764966002
CPIULFSL,2003-07-31,-0.0012312565231695771,-0.0046969144605099999,-0.0046969144605099999,-0.0012312565231694999,0.0019997688359580002,0.0019997688359580002
CPIULFSL,2003-08-31,0.00020078188390471041,-0.0033067991025745001,-0.0033067991025745001,0.00020078191300849999,0.0035385868977755,0.0035385868977755
CPIULFSL,2003-09-30,0.00071864074561744928,-0.0028400295414030001,-0.0028400295414030001,0.00071864075289339996,0.0040930006653069999,0.0040930006653069999
CPIULFSL,2003-10-31,-0.00030585558852180839,-0.0038994045462459001,-0.0038994045462459001,-0.00030585558852179998,0.0031056741718202001,0.0031056741718202001
CPIULFSL,2003-11-30,-0.000344080850481987,-0.0040041315369306997,-0.0040041315369306997,-0.00034408085048189999,0.0031237951479852,0.0031237951479852
CPIULFSL,2003-12-31,-4.1587216401239857e-05,-0.0037540120538324001,-0.0037540120538324001,-4.1587220039218664e-05,0.0034000209998338998,0.0034000209998338998
CPIULFSL,2004-01-31,-0.00036244950024411082,-0.0040978873148560004,-0.0040978873148560004,-0.00036244950024409998,0.0031014096457511,0.0031014096457511
CPIULFSL,2004-02-29,-0.00038854574086144567,-0.0041455822065471996,-0.0041455822065471996,-0.00038854574086140002,0.0030690503772348001,0.0030690503772348001
CPIULFSL,2004-03-31,7.9427532909903675e-05,-0.0037244376726447998,-0.0037244376726447998,7.9427554737776518e-05,0.0035530391614883999,0.0035530391614883999
CPIULFSL,2004-04-30,0.00032517401268705726,-0.0034609411377459001,-0.0034609411377459001,0.00032517401268700001,0.0037658463697879999,0.0037658463697879999
CPIULFSL,2004-05-31,-2.8738306355080567e-05,-0.0037986882962286,-0.0037986882962286,-2.8738286346197128e-05,0.0033804175909608,0.0033804175909608
CPIULFSL,2004-06-30,3.9802296669222414e-05,-0.0037641818635165002,-0.0037641818635165002,3.9802282117307186e-05,0.0035045477561652001,0.0035045477561652001
CPIULFSL,2004-07-31,-0.00013214501086622477,-0.0039521912112832,-0.0039521912112832,-0.00013214501086619999,0.0033056654501706002,0.0033056654501706002
CPIULFSL,2004-08-31,3.1923398637445644e-05,-0.0037884241901338001,-0.0037884241901338001,3.1923409551382065e-05,0.0034419717267155001,0.0034419717267155001
CPIULFSL,2004-09-30,-9.4465249276254326e-06,-0.0038056424818933001,-0.0038056424818933001,-9.4465212896466255e-06,0.0034009211231022999,0.0034009211231022999
CPIULFSL,2004-10-31,-5.753554796683602e-05,-0.0038329516537486999,-0.0038329516537486999,-5.7535537052899599e-05,0.0033318165224044999,0.0033318165224044999
CPIULFSL,2004-11-30,-0.00015055503172334284,-0.0039487169124186004,-0.0039487169124186004,-0.00015055504627520001,0.0032844948582351,0.0032844948582351
CPIULFSL,2004-12-31,8.8645872892811894e-05,-0.0036979725118726002,-0.0036979725118726002,8.8645901996642351e-05,0.0035230119246988999,0.0035230119246988999
CPIULFSL,2005-01-31,6.182207289384678e-05,-0.0037162527441977999,-0.0037162527441977999,6.1822065617889166e-05,0.003570090746507,0.003570090746507
CPIULFSL,2005-02-28,-8.6573483713436872e-05,-0.0038491250015795001,-0.0038491250015795001,-8.6573476437479258e-05,0.0033433174248784,0.0033433174248784
CPIULFSL,2005-03-31,0.00013952242443338037,-0.003646504599601,-0.003646504599601,0.0001395224244333,0.0035465487744658999,0.0035465487744658999
CPIULFSL,2005-04-30,0.00012376927770674229,-0.0036281077191233002,-0.0036281077191233002,0.0001237692777067,0.0035356427542864999,0.0035356427542864999
CUMFNS,2003-05-31,-0.053777500987052917,-0.61096513271331787,-0.61096513271331787,-0.053777500987052897,0.50384211540222168,0.50384211540222168
CUMFNS,2003-06-30,-0.039230000227689743,-0.63344323635101318,-0.63344323635101318,-0.03923000395298,0.54611515998840332,0.54611515998840332
CUMFNS,2003-07-31,-0.044360324740409851,-0.67010617256164551,-0.67010617256164551,-0.044360324740409803,0.56751799583435059,0.56751799583435059
CUMFNS,2003-08-31,-0.073123589158058167,-0.71962344646453857,-0.71962344646453857,-0.073123589158058097,0.5613865852355957,0.5613865852355957
CUMFNS,2003-09-30,-0.11000683158636093,-0.77602314949035645,-0.77602314949035645,-0.1100068315863609,0.53221392631530762,0.53221392631530762
CUMFNS,2003-10-31,-0.12196068465709686,-0.79836046695709229,-0.79836046695709229,-0.12196068465709679,0.52785754203796387,0.52785754203796387
CUMFNS,2003-11-30,-0.084790043532848358,-0.77380883693695068,-0.77380883693695068,-0.0847900509834289,0.57423782348632812,0.57423782348632812
CUMFNS,2003-12-31,-0.069130174815654755,-0.76721727848052979,-0.76721727848052979,-0.069130174815654699,0.59227192401885986,0.59227192401885986
CUMFNS,2004-01-31,-0.051654089242219925,-0.75014054775238037,-0.75014054775238037,-0.051654085516929599,0.61476504802703857,0.61476504802703857
CUMFNS,2004-02-29,-0.03990514948964119,-0.74587690830230713,-0.74587690830230713,-0.039905145764350801,0.63649427890777588,0.63649427890777588
CUMFNS,2004-03-31,-0.042360804975032806,-0.75065374374389648,-0.75065374374389648,-0.042360812425613403,0.64334380626678467,0.64334380626678467
CUMFNS,2004-04-30,-0.07935207337141037,-0.7865372896194458,-0.7865372896194458,-0.079352065920829704,0.60939347743988037,0.60939347743988037
CUMFNS,2004-05-31,-0.10094457864761353,-0.81180882453918457,-0.81180882453918457,-0.1009445786476135,0.58227193355560303,0.58227193355560303
CUMFNS,2004-06-30,-0.081696867942810059,-0.79891645908355713,-0.79891645908355713,-0.081696867942810003,0.59804427623748779,0.59804427623748779
CUMFNS,2004-07-31,-0.059157758951187134,-0.78288674354553223,-0.78288674354553223,-0.059157758951187099,0.62882375717163086,0.62882375717163086
CUMFNS,2004-08-31,-0.050678454339504242,-0.7904282808303833,-0.7904282808303833,-0.050678446888923603,0.64007341861724854,0.64007341861724854
CUMFNS,2004-09-30,-0.070847257971763611,-0.82186305522918701,-0.82186305522918701,-0.070847257971763597,0.64208996295928955,0.64208996295928955
CUMFNS,2004-10-31,-0.10908441245555878,-0.87813758850097656,-0.87813758850097656,-0.10908441245555869,0.61053502559661865,0.61053502559661865
CUMFNS,2004-11-30,-0.15813902020454407,-0.96064162254333496,-0.96064162254333496,-0.15813902020454401,0.59728872776031494,0.59728872776031494
CUMFNS,2004-12-31,-0.19102764129638672,-1.0027173757553101,-1.0027173757553101,-0.19102764129638669,0.58477663993835449,0.58477663993835449
CUMFNS,2005-01-31,-0.18877197802066803,-1.0064787864685061,-1.0064787864685061,-0.188771978020668,0.59542179107666016,0.59542179107666016
CUMFNS,2005-02-28,-0.19005173444747925,-1.0177839994430542,-1.0177839994430542,-0.19005173444747919,0.59525251388549805,0.59525251388549805
CUMFNS,2005-03-31,-0.23176182806491852,-1.0657683610916138,-1.0657683610916138,-0.23176182806491849,0.56383168697357178,0.56383168697357178
CUMFNS,2005-04-30,-0.28214135766029358,-1.1264016628265381,-1.1264016628265381,-0.28214135766029358,0.52390623092651367,0.52390623092651367
CUSR0000SA0L2,2003-05-31,0.0056554037146270275,0.0018610915867611,0.0018610915867611,0.0056554037146269998,0.0091690728440879995,0.0091690728440879995
CUSR0000SA0L2,2003-06-30,0.002336043631657958,-0.0015974391717463001,-0.0015974391717463001,0.0023360436316578999,0.0059979343786835003,0.0059979343786835003
CUSR0000SA0L2,2003-07-31,-0.0008369815768674016,-0.0048374258913099002,-0.0048374258913099002,-0.00083698157686739997,0.0028930264525115,0.0028930264525115
CUSR0000SA0L2,2003-08-31,0.00065796694252640009,-0.0033495905809104,-0.0033495905809104,0.00065796695707830003,0.0044662654399871002,0.0044662654399871002
CUSR0000SA0L2,2003-09-30,0.00047923921374604106,-0.0035363573115319001,-0.0035363573115319001,0.00047923921374600002,0.0043049696832895001,0.0043049696832895001
CUSR0000SA0L2,2003-10-31,-0.0004892252036370337,-0.0045339819043874003,-0.0045339819043874003,-0.00048922520363699998,0.0033746145199984,0.0033746145199984
CUSR0000SA0L2,2003-11-30,-0.00027778773801401258,-0.0044044158421455998,-0.0044044158421455998,-0.000277787738014,0.0036328269634395001,0.0036328269634395001
CUSR0000SA0L2,2003-12-31,0.00061449414351955056,-0.0035796992015093001,-0.0035796992015093001,0.00061449414351950004,0.0045089079067110998,0.0045089079067110998
CUSR0000SA0L2,2004-01-31,-0.00036189967067912221,-0.0045638121664524,-0.0045638121664524,-0.00036189967067909998,0.0035716802813111998,0.0035716802813111998
CUSR0000SA0L2,2004-02-29,-0.00056965649127960205,-0.0048148771747946002,-0.0048148771747946002,-0.00056965649127959999,0.0033515200484544,0.0033515200484544
CUSR0000SA0L2,2004-03-31,0.000360640580765903,-0.0039007251616567,-0.0039007251616567,0.00036064058076590001,0.0042927623726427,0.0042927623726427
CUSR0000SA0L2,2004-04-30,0.00055202585645020008,-0.0036931745707988002,-0.0036931745707988002,0.00055202585645019997,0.0044604921713470996,0.0044604921713470996
CUSR0000SA0L2,2004-05-31,0.00017704453784972429,-0.0040410272777079998,-0.0040410272777079998,0.00017704453784970001,0.0040289000608026001,0.0040289000608026001
CUSR0000SA0L2,2004-06-30,2.4013661459321156e-07,-0.0042636739090085004,-0.0042636739090085004,2.4016480892896652e-07,0.0038884466048329999,0.0038884466048329999
CUSR0000SA0L2,2004-07-31,-0.00019669035100378096,-0.0044982633553445001,-0.0044982633553445001,-0.00019669032189990001,0.0036525030154734,0.0036525030154734
CUSR0000SA0L2,2004-08-31,1.5014165910542943e-05,-0.0042923055589198997,-0.0042923055589198997,1.5014142263680696e-05,0.0038503508549183,0.0038503508549183
CUSR0000SA0L2,2004-09-30,0.00014497322263196111,-0.0041296402923762,-0.0041296402923762,0.00014497322263190001,0.0039422493427991,0.0039422493427991
CUSR0000SA0L2,2004-10-31,6.6982283897232264e-05,-0.0041830446571111003,-0.0041830446571111003,6.6982291173189878e-05,0.0038517608772962999,0.0038517608772962999
CUSR0000SA0L2,2004-11-30,-2.0136485545663163e-07,-0.0042790402658282999,-0.0042790402658282999,-2.0134029909968379e-07,0.0037908679805696002,0.0037908679805696002
CUSR0000SA0L2,2004-12-31,2.0527229935396463e-05,-0.0042599826119839998,-0.0042599826119839998,2.0527222659438848e-05,0.0038212051149456999,0.0038212051149456999
CUSR0000SA0L2,2005-01-31,0.00015991731197573245,-0.0041140727698802003,-0.0041140727698802003,0.00015991734107949999,0.0040321112610399003,0.0040321112610399003
CUSR0000SA0L2,2005-02-28,3.5411376302363351e-05,-0.0042204619385301997,-0.0042204619385301997,3.5411387216299772e-05,0.0038457228802143998,0.0038457228802143998
CUSR0000SA0L2,2005-03-31,0.00020048263831995428,-0.0040695732459424998,-0.0040695732459424998,0.00020048260921609999,0.0039867418818175003,0.0039867418818175003
CUSR0000SA0L2,2005-04-30,0.00025754360831342638,-0.0040129655972122999,-0.0040129655972122999,0.00025754360831339998,0.0040355208329855997,0.0040355208329855997
CUSR0000SA0L5,2003-05-31,0.0042820004746317863,0.0010455095907672999,0.0010455095907672999,0.0042820004746316996,0.0073184310458600001,0.0073184310458600001
CUSR0000SA0L5,2003-06-30,0.00096010533161461353,-0.0024228966794907999,-0.0024228966794907999,0.00096010533161459998,0.0041644121520220999,0.0041644121520220999
CUSR0000SA0L5,2003-07-31,-0.00020754581782966852,-0.0036781015805900001,-0.0036781015805900001,-0.0002075458178296,0.0030798115767538001,0.0030798115767538001
CUSR0000SA0L5,2003-08-31,0.00024128230870701373,-0.0032643880695104001,-0.0032643880695104001,0.00024128230870700001,0.0036092703230679,0.0036092703230679
CUSR0000SA0L5,2003-09-30,0.00020466186106204987,-0.0033454438671468999,-0.0033454438671468999,0.00020466189016580001,0.0035890622530131999,0.0035890622530131999
CUSR0000SA0L5,2003-10-31,-0.00017002361710183322,-0.0037417325656861002,-0.0037417325656861002,-0.000170023587998,0.0032625433523207001,0.0032625433523207001
CUSR0000SA0L5,2003-11-30,-6.4097810536623001e-05,-0.0037044091150164001,-0.0037044091150164001,-6.4097810536623001e-05,0.0034106881357729001,0.0034106881357729001
CUSR0000SA0L5,2003-12-31,0.00042378227226436138,-0.0032653287053107998,-0.0032653287053107998,0.00042378227226430002,0.0038943984545766999,0.0038943984545766999
CUSR0000SA0L5,2004-01-31,-0.00055544183123856783,-0.0042666187509893998,-0.0042666187509893998,-0.00055544183123849996,0.0029578837566076998,0.0029578837566076998
CUSR0000SA0L5,2004-02-29,-0.00031843327451497316,-0.0040627014823257004,-0.0040627014823257004,-0.00031843327451489998,0.0032101899851112998,0.0032101899851112998
CUSR0000SA0L5,2004-03-31,0.00022043194621801376,-0.0035480353981255999,-0.0035480353981255999,0.00022043197532180001,0.0037549054250121,0.0037549054250121
CUSR0000SA0L5,2004-04-30,0.00022447627270594239,-0.0035363263450562,-0.0035363263450562,0.0002244762727059,0.0037361960858106002,0.0037361960858106002
CUSR0000SA0L5,2004-05-31,4.04806160076987e-05,-0.0037019657902418999,-0.0037019657902418999,4.0480634197592735e-05,0.0035008562263101001,0.0035008562263101001
CUSR0000SA0L5,2004-06-30,5.1485469157341868e-05,-0.0037459372542797999,-0.0037459372542797999,5.148549098521471e-05,0.0035484237596391998,0.0035484237596391998
CUSR0000SA0L5,2004-07-31,-0.000100850680610165,-0.0039076893590389997,-0.0039076893590389997,-0.0001008506515063,0.0034017576836049002,0.0034017576836049002
CUSR0000SA0L5,2004-08-31,4.803152842214331e-05,-0.0037673281040042001,-0.0037673281040042001,4.8031506594270468e-05,0.0035295041743665001,0.0035295041743665001
CUSR0000SA0L5,2004-09-30,7.0863730798009783e-05,-0.0037197479978203002,-0.0037197479978203002,7.0863752625882626e-05,0.0035474677570164,0.0035474677570164
CUSR0000SA0L5,2004-10-31,7.964659744175151e-05,-0.0036896476522087999,-0.0036896476522087999,7.9646590165793896e-05,0.0035306890495121002,0.0035306890495121002
CUSR0000SA0L5,2004-11-30,-1.9728999177459627e-05,-0.0038151876069604999,-0.0038151876069604999,-1.972902100533247e-05,0.0034672978799790001,0.0034672978799790001
CUSR0000SA0L5,2004-12-31,7.0090711233206093e-05,-0.0037156038451939002,-0.0037156038451939002,7.0090696681290865e-05,0.0035643004812300001,0.0035643004812300001
CUSR0000SA0L5,2005-01-31,8.7322136096190661e-05,-0.0037100906483829,-0.0037100906483829,8.7322143372148275e-05,0.0036291787400841002,0.0036291787400841002
CUSR0000SA0L5,2005-02-28,5.020699609303847e-05,-0.0037153568118809999,-0.0037153568118809999,5.0207017920911312e-05,0.0035347288940100999,0.0035347288940100999
CUSR0000SA0L5,2005-03-31,0.00016172486357390881,-0.0036272231955080999,-0.0036272231955080999,0.0001617248635739,0.0036259964108466998,0.0036259964108466998
CUSR0000SA0L5,2005-04-30,0.00017614639364182949,-0.0035937195643782,-0.0035937195643782,0.0001761463936418,0.0036375899799168001,0.0036375899799168001
CUSR0000SAC,2003-05-31,0.0065721520222723484,0.001094136503525,0.001094136503525,0.0065721520222722998,0.0115010691806674,0.0115010691806674
CUSR0000SAC,2003-06-30,0.0024795744102448225,-0.0032040062360465002,-0.0032040062360465002,0.0024795744102448,0.00757587980479,0.00757587980479
CUSR0000SAC,2003-07-31,-0.0003368181933183223,-0.0060776593163609002,-0.0060776593163609002,-0.00033681816421440001,0.0048165824264287003,0.0048165824264287003
CUSR0000SAC,2003-08-31,0.0013812754768878222,-0.0043328432366251,-0.0043328432366251,0.0013812754186801001,0.0066320849582551999,0.0066320849582551999
CUSR0000SAC,2003-09-30,0.00034893580595962703,-0.0054119583219288999,-0.0054119583219288999,0.00034893583506340003,0.0056083225645124002,0.0056083225645124002
CUSR0000SAC,2003-10-31,-0.00077393674291670322,-0.0065535875037311996,-0.0065535875037311996,-0.00077393674291669997,0.0045398557558655002,0.0045398557558655002
CUSR0000SAC,2003-11-30,0.00029551144689321518,-0.0056114364415406999,-0.0056114364415406999,0.0002955114468932,0.0056546758860348996,0.0056546758860348996
CUSR0000SAC,2003-12-31,0.00075241795275360346,-0.0052458802238105999,-0.0052458802238105999,0.00075241801096119997,0.0061178938485682002,0.0061178938485682002
CUSR0000SAC,2004-01-31,-0.00058990553952753544,-0.0066360603086649999,-0.0066360603086649999,-0.00058990553952749999,0.0048539210110901997,0.0048539210110901997
CUSR0000SAC,2004-02-29,-0.00017886066052597016,-0.0062400801107286999,-0.0062400801107286999,-0.0001788606168702,0.0052189719863234996,0.0052189719863234996
CUSR0000SAC,2004-03-31,0.00052055111154913902,-0.0055158855393528002,-0.0055158855393528002,0.00052055111154909999,0.0059685213491320003,0.0059685213491320003
CUSR0000SAC,2004-04-30,0.00056619639508426189,-0.0054613910615444001,-0.0054613910615444001,0.00056619639508419999,0.0059529407881200001,0.0059529407881200001
CUSR0000SAC,2004-05-31,0.00038233710802160203,-0.0056424383074044999,-0.0056424383074044999,0.00038233713712540002,0.0056783366017043001,0.0056783366017043001
CUSR0000SAC,2004-06-30,0.00022662128321826458,-0.0058143339119850999,-0.0058143339119850999,0.00022662128321819999,0.0056027057580649003,0.0056027057580649003
CUSR0000SAC,2004-07-31,-0.0002451956388540566,-0.0063435463234782002,-0.0063435463234782002,-0.0002451955806463,0.0050910371355711997,0.0050910371355711997
CUSR0000SAC,2004-08-31,-0.00010429337271489203,-0.0061597581952810001,-0.0061597581952810001,-0.000104293343611,0.0052302912808953996,0.0052302912808953996
CUSR0000SAC,2004-09-30,0.00017269706586375833,-0.0058342744596301998,-0.0058342744596301998,0.000172697007656,0.0054369042627513001,0.0054369042627513001
CUSR0000SAC,2004-10-31,0.00020644944743253291,-0.0057586547918616997,-0.0057586547918616997,0.00020644941832870001,0.0054407394491135996,0.0054407394491135996
CUSR0000SAC,2004-11-30,6.7439359554555267e-05,-0.0059183859266340004,-0.0059183859266340004,6.7439395934343338e-05,0.0053230109624563997,0.0053230109624563997
CUSR0000SAC,2004-12-31,4.8011555918492377e-05,-0.0059306956827639996,-0.0059306956827639996,4.8011541366577148e-05,0.0053362972103058997,0.0053362972103058997
CUSR0000SAC,2005-01-31,0.00016203340783249587,-0.0058125006034969997,-0.0058125006034969997,0.00016203336417670001,0.0055204606615006004,0.0055204606615006004
CUSR0000SAC,2005-02-28,7.1413443947676569e-05,-0.0058751772157846997,-0.0058751772157846997,7.1413465775549412e-05,0.0052827587351202002,0.0052827587351202002
CUSR0000SAC,2005-03-31,0.00032830744748935103,-0.0056583988480268998,-0.0056583988480268998,0.00032830750569700002,0.0054757785983382996,0.0054757785983382996
CUSR0000SAC,2005-04-30,0.00020432575547602028,-0.0058019887655973001,-0.0058019887655973001,0.0002043257700279,0.0053746188059448996,0.0053746188059448996
CUSR0000SAD,2003-05-31,0.00049886148190125823,-0.0020950331818311999,-0.0020950331818311999,0.00049886148372020004,0.0028829306829719998,0.0028829306829719998
CUSR0000SAD,2003-06-30,-0.00047996014473028481,-0.0031757529359309998,-0.0031757529359309998,-0.00047996014473020003,0.0020069719757883999,0.0020069719757883999
CUSR0000SAD,2003-07-31,4.3235195335000753e-05,-0.0027162805199622999,-0.0027162805199622999,4.3235166231170297e-05,0.0025415890850126002,0.0025415890850126002
CUSR0000SAD,2003-08-31,-0.00018150382675230503,-0.0029560858383773998,-0.0029560858383773998,-0.00018150382675229999,0.0023447987623511999,0.0023447987623511999
CUSR0000SAD,2003-09-30,0.00057770090643316507,-0.0022602786775678002,-0.0022602786775678002,0.00057770091370910003,0.0031384495086967,0.0031384495086967
CUSR0000SAD,2003-10-31,-0.00027945096371695399,-0.003167130285874,-0.003167130285874,-0.0002794509637169,0.0023209161590783999,0.0023209161590783999
CUSR0000SAD,2003-11-30,0.0003807438479270786,-0.0025525689125061,-0.0025525689125061,0.000380743847927,0.0030127877835184002,0.0030127877835184002
CUSR0000SAD,2003-12-31,0.00039007115992717445,-0.0025703590363264001,-0.0025703590363264001,0.00039007115992710002,0.0030366692226380001,0.0030366692226380001
CUSR0000SAD,2004-01-31,-0.000153599918121472,-0.0032046374399213999,-0.0032046374399213999,-0.00015359994722529999,0.0025673224590718,0.0025673224590718
CUSR0000SAD,2004-02-29,0.00016226814477704465,-0.0029105099383741001,-0.0029105099383741001,0.00016226814477700001,0.0029108305461703998,0.0029108305461703998
CUSR0000SAD,2004-03-31,-0.00012875476386398077,-0.0032487104181200001,-0.0032487104181200001,-0.0001287547638639,0.0026304495986550999,0.0026304495986550999
CUSR0000SAD,2004-04-30,-2.9893044484197162e-05,-0.0031543246004729999,-0.0031543246004729999,-2.9893068131059408e-05,0.0027146637439726998,0.0027146637439726998
CUSR0000SAD,2004-05-31,4.0169343265006319e-06,-0.0031591167207806999,-0.0031591167207806999,4.0169106796383858e-06,0.0027691901195794001,0.0027691901195794001
CUSR0000SAD,2004-06-30,0.00011765010276576504,-0.0030584363266824999,-0.0030584363266824999,0.0001176500809378,0.0029115958604961001,0.0029115958604961001
CUSR0000SAD,2004-07-31,2.6427467673784122e-05,-0.0031731366179882999,-0.0031731366179882999,2.6427442207932472e-05,0.0028562932275234998,0.0028562932275234998
CUSR0000SAD,2004-08-31,0.00017197109991684556,-0.0030311618465929998,-0.0030311618465929998,0.00017197107081300001,0.0030177286826074002,0.0030177286826074002
CUSR0000SAD,2004-09-30,0.00015087390784174204,-0.0030596468131989002,-0.0030596468131989002,0.0001508739078417,0.0029999499674886001,0.0029999499674886001
CUSR0000SAD,2004-10-31,0.00016981473891064525,-0.0030418445821851002,-0.0030418445821851002,0.00016981473891060001,0.0030051895882933998,0.0030051895882933998
CUSR0000SAD,2004-11-30,4.5783825044054538e-05,-0.0032120747491717,-0.0032120747491717,4.5783817768096931e-05,0.0029442652594297999,0.0029442652594297999
CUSR0000SAD,2004-12-31,-0.00011245055065955967,-0.0033811260946094001,-0.0033811260946094001,-0.0001124505652114,0.0027769880834966,0.0027769880834966
CUSR0000SAD,2005-01-31,-4.8425881686853245e-05,-0.0033273675944655999,-0.0033273675944655999,-4.8425863496959209e-05,0.0028523805085569,0.0028523805085569
CUSR0000SAD,2005-02-28,3.6517980333883315e-05,-0.0031856719870120001,-0.0031856719870120001,3.6517973057925701e-05,0.0028885311912744999,0.0028885311912744999
CUSR0000SAD,2005-03-31,3.8235401007113978e-05,-0.0032294888515025,-0.0032294888515025,3.8235390093177557e-05,0.002900005551055,0.002900005551055
CUSR0000SAD,2005-04-30,0.00012308411533012986,-0.0031804139725863001,-0.0031804139725863001,0.00012308411533009999,0.0029925657436250998,0.0029925657436250998
CUSR0000SAS,2003-05-31,0.0020422458183020353,9.2518734163604677e-05,9.2518734163604677e-05,0.0020422458183020002,0.0039462298154829996,0.0039462298154829996
CUSR0000SAS,2003-06-30,-0.00043231670861132443,-0.0024626038502900999,-0.0024626038502900999,-0.00043231670861129998,0.0015685381367802,0.0015685381367802
CUSR0000SAS,2003-07-31,-1.8548460047895787e-06,-0.0020707699004560002,-0.0020707699004560002,-1.8548453226685524e-06,0.0020630841609089999,0.0020630841609089999
CUSR0000SAS,2003-08-31,-0.00010467987158335745,-0.0021985315252095001,-0.0021985315252095001,-0.0001046798715833,0.0020079014357179,0.0020079014357179
CUSR0000SAS,2003-09-30,-3.8558580854441971e-05,-0.0021872764918952998,-0.0021872764918952998,-3.8558588130399585e-05,0.0020996292587369,0.0020996292587369
CUSR0000SAS,2003-10-31,0.00011041319521609694,-0.0020484167616814002,-0.0020484167616814002,0.0001104131806641,0.0022967101540416002,0.0022967101540416002
CUSR0000SAS,2003-11-30,-1.7939848476089537e-05,-0.0022249976173043,-0.0022249976173043,-1.7939833924174309e-05,0.0022002104669808999,0.0022002104669808999
CUSR0000SAS,2003-12-31,8.9637731434777379e-05,-0.0021446938626467999,-0.0021446938626467999,8.9637731434777379e-05,0.0023223864845931001,0.0023223864845931001
CUSR0000SAS,2004-01-31,-0.00013092496374156326,-0.0024118428118525999,-0.0024118428118525999,-0.00013092497829339999,0.0021503393072633999,0.0021503393072633999
CUSR0000SAS,2004-02-29,-5.5850065109552816e-05,-0.0023442469537258001,-0.0023442469537258001,-5.5850076023489237e-05,0.0022458815947175,0.0022458815947175
CUSR0000SAS,2004-03-31,-0.00017126045713666826,-0.0024641202762722002,-0.0024641202762722002,-0.00017126044258469999,0.002140718512237,0.002140718512237
CUSR0000SAS,2004-04-30,4.0725067265157122e-06,-0.0022999539505689998,-0.0022999539505689998,4.0724989958107471e-06,0.0023092704359440998,0.0023092704359440998
CUSR0000SAS,2004-05-31,-4.0219361835625023e-05,-0.0023509792517870001,-0.0023509792517870001,-4.0219369111582637e-05,0.0022528821136802001,0.0022528821136802001
CUSR0000SAS,2004-06-30,9.2894975978197181e-07,-0.0023412811569868998,-0.0023412811569868998,9.2893606051802635e-07,0.0023099402897058998,0.0023099402897058998
CUSR0000SAS,2004-07-31,-7.5809730333276093e-05,-0.0024256156757473,-0.0024256156757473,-7.5809715781360865e-05,0.0022573666647076,0.0022573666647076
CUSR0000SAS,2004-08-31,-2.6542529667494819e-05,-0.0023915087804198001,-0.0023915087804198001,-2.6542518753558397e-05,0.0022845731582492,0.0022845731582492
CUSR0000SAS,2004-09-30,-4.2601674067554995e-05,-0.0023997598327695998,-0.0023997598327695998,-4.2601663153618574e-05,0.0022855978459118999,0.0022855978459118999
CUSR0000SAS,2004-10-31,2.6771005650516599e-05,-0.0023348955437540999,-0.0023348955437540999,2.6771012926474217e-05,0.0023525625001639002,0.0023525625001639002
CUSR0000SAS,2004-11-30,-2.0488929294515401e-05,-0.0024512899108230998,-0.0024512899108230998,-2.0488922018557787e-05,0.0024028308689594,0.0024028308689594
CUSR0000SAS,2004-12-31,-4.0914510464062914e-06,-0.0024378604721276998,-0.0024378604721276998,-4.0914455894380808e-06,0.0024683568626642002,0.0024683568626642002
CUSR0000SAS,2005-01-31,-5.2500130550470203e-05,-0.0024976802524178999,-0.0024976802524178999,-5.2500137826427817e-05,0.0024318129289895001,0.0024318129289895001
CUSR0000SAS,2005-02-28,-5.7480439863866195e-05,-0.0024683668743818998,-0.0024683668743818998,-5.7480443501845002e-05,0.0023673195391893001,0.0023673195391893001
CUSR0000SAS,2005-03-31,-5.7940433180192485e-05,-0.0025013934355229001,-0.0025013934355229001,-5.7940429542213678e-05,0.0023642454762010999,0.0023642454762010999
CUSR0000SAS,2005-04-30,6.4101659518200904e-06,-0.0024363270495086002,-0.0024363270495086002,6.4101768657565117e-06,0.0024336986243723999,0.0024336986243723999
DDURRG3M086SBEA,2003-05-31,-0.00091287121176719666,-0.0041220616549253004,-0.0041220616549253004,-0.00091287121176710005,0.0023250831291079001,0.0023250831291079001
DDURRG3M086SBEA,2003-06-30,3.5106557334074751e-05,-0.0033575058914720999,-0.0033575058914720999,3.5106553696095943e-05,0.0034747864119708,0.0034747864119708
DDURRG3M086SBEA,2003-07-31,5.2913703257218003e-05,-0.0034583956003189,-0.0034583956003189,5.2913674153387547e-05,0.0036124875769019001,0.0036124875769019001
DDURRG3M086SBEA,2003-08-31,-0.00024176300212275237,-0.0038136327639222002,-0.0038136327639222002,-0.0002417630166746,0.0033728880807757,0.0033728880807757
DDURRG3M086SBEA,2003-09-30,0.00018163006461691111,-0.0034463144838809,-0.0034463144838809,0.0001816300791688,0.0038818903267382999,0.0038818903267382999
DDURRG3M086SBEA,2003-10-31,7.491868018405512e-05,-0.0035964273847639001,-0.0035964273847639001,7.4918672908097506e-05,0.0038129300810395999,0.0038129300810395999
DDURRG3M086SBEA,2003-11-30,-0.00021863331494387239,-0.0039364919066428999,-0.0039364919066428999,-0.00021863332949569999,0.0035538310185074,0.0035538310185074
DDURRG3M086SBEA,2003-12-31,-0.0001061594084603712,-0.0038173631764947999,-0.0038173631764947999,-0.0001061594230122,0.0036751129664480001,0.0036751129664480001
DDURRG3M086SBEA,2004-01-31,0.00012228141713421792,-0.0036606267094612,-0.0036606267094612,0.0001222814316861,0.0039584101177752001,0.0039584101177752001
DDURRG3M086SBEA,2004-02-29,-0.00021628603280987591,-0.0040214196778832999,-0.0040214196778832999,-0.00021628604736170001,0.0036527770571410001,0.0036527770571410001
DDURRG3M086SBEA,2004-03-31,5.6398595916107297e-05,-0.0037898174487054001,-0.0037898174487054001,5.6398625019937754e-05,0.0039243753999470997,0.0039243753999470997
DDURRG3M086SBEA,2004-04-30,8.2748774730134755e-05,-0.0037087732926010999,-0.0037087732926010999,8.2748767454177141e-05,0.0039313407614827,0.0039313407614827
DDURRG3M086SBEA,2004-05-31,-0.00027472162037156522,-0.0040585715323686001,-0.0040585715323686001,-0.0002747216494753,0.0036382908001542,0.0036382908001542
DDURRG3M086SBEA,2004-06-30,-1.3216647857916541e-05,-0.0038426606915891001,-0.0038426606915891001,-1.3216631487011909e-05,0.0039052483625710002,0.0039052483625710002
DDURRG3M086SBEA,2004-07-31,8.5886633314657956e-05,-0.0037516918964684001,-0.0037516918964684001,8.5886626038700342e-05,0.0040253181941807001,0.0040253181941807001
DDURRG3M086SBEA,2004-08-31,-4.010119300801307e-05,-0.0039132540114223003,-0.0039132540114223003,-4.0101178456097841e-05,0.0039106723852455,0.0039106723852455
DDURRG3M086SBEA,2004-09-30,0.0001031108113238588,-0.0037687392905354001,-0.0037687392905354001,0.0001031107967719,0.0040324754081666001,0.0040324754081666001
DDURRG3M086SBEA,2004-10-31,4.6359298721654341e-05,-0.0038351290859281999,-0.0038351290859281999,4.6359316911548376e-05,0.0039556967094539998,0.0039556967094539998
DDURRG3M086SBEA,2004-11-30,-0.00029044676921330392,-0.0042104027234016999,-0.0042104027234016999,-0.00029044679831710001,0.0036703883670270001,0.0036703883670270001
DDURRG3M086SBEA,2004-12-31,-0.00013538669736590236,-0.0040373727679252,-0.0040373727679252,-0.0001353867119178,0.0038208323530852001,0.0038208323530852001
DDURRG3M086SBEA,2005-01-31,9.3821749032940716e-05,-0.0038466388359664999,-0.0038466388359664999,9.3821727205067887e-05,0.0040719090029596996,0.0040719090029596996
DDURRG3M086SBEA,2005-02-28,-0.00011340938362991437,-0.0039769476279616,-0.0039769476279616,-0.00011340936180200001,0.0038264002650975999,0.0038264002650975999
DDURRG3M086SBEA,2005-03-31,4.3952793930657208e-05,-0.0038489121943712,-0.0038489121943712,4.395277937874198e-05,0.0039998721331357002,0.0039998721331357002
DDURRG3M086SBEA,2005-04-30,3.9582042518304661e-05,-0.0038820006884634,-0.0038820006884634,3.9582024328410625e-05,0.0040082507766783003,0.0040082507766783003
DMANEMP,2003-05-31,-0.0069408654235303402,-0.0103065967559814,-0.0103065967559814,-0.0069408654235303003,-0.0038614340592174998,-0.0038614340592174998
DMANEMP,2003-06-30,-0.0064653963781893253,-0.010442670434713299,-0.010442670434713299,-0.0064653963781893002,-0.0027536638081073002,-0.0027536638081073002
DMANEMP,2003-07-31,-0.0060169915668666363,-0.010552434250712299,-0.010552434250712299,-0.0060169915668665998,-0.0017549871699884,-0.0017549871699884
DMANEMP,2003-08-31,-0.0056824097409844398,-0.0106761893257498,-0.0106761893257498,-0.0056824097409844,-0.0009948557708411999,-0.0009948557708411999
DMANEMP,2003-09-30,-0.0052476194687187672,-0.010598437860608099,-0.010598437860608099,-0.0052476194687187004,-0.0002524533774703,-0.0002524533774703
DMANEMP,2003-10-31,-0.0049361097626388073,-0.010586006566882101,-0.010586006566882101,-0.0049361097626388004,0.00039438332896670001,0.00039438332896670001
DMANEMP,2003-11-30,-0.0045688645914196968,-0.0104506406933069,-0.0104506406933069,-0.0045688645914195997,0.00096209824550889998,0.00096209824550889998
DMANEMP,2003-12-31,-0.0041651944629848003,-0.0102812340483069,-0.0102812340483069,-0.0041651944629848003,0.0015186120290309,0.0015186120290309
DMANEMP,2004-01-31,-0.0038784181233495474,-0.0101699158549308,-0.0101699158549308,-0.0038784181233495001,0.0019470779807306,0.0019470779807306
DMANEMP,2004-02-29,-0.0035987996961921453,-0.0100406883284449,-0.0100406883284449,-0.0035987996961920998,0.0024323493707924999,0.0024323493707924999
DMANEMP,2004-03-31,-0.0033843768760561943,-0.0099356388673186007,-0.0099356388673186007,-0.0033843768760561002,0.0027578244917094001,0.0027578244917094001
DMANEMP,2004-04-30,-0.0031591583974659443,-0.0098461564630270004,-0.0098461564630270004,-0.0031591583974659001,0.0029877987690269002,0.0029877987690269002
DMANEMP,2004-05-31,-0.002934611402451992,-0.0097676170989871008,-0.0097676170989871008,-0.0029346114024519001,0.0030921970028429998,0.0030921970028429998
DMANEMP,2004-06-30,-0.002726810984313488,-0.0096385246142745001,-0.0096385246142745001,-0.0027268109843134,0.0033901542192323999,0.0033901542192323999
DMANEMP,2004-07-31,-0.0024741548113524914,-0.0094131445512175005,-0.0094131445512175005,-0.0024741548113523999,0.0036873170174657999,0.0036873170174657999
DMANEMP,2004-08-31,-0.0022448939271271229,-0.0093005048111081002,-0.0093005048111081002,-0.0022448939271270999,0.0038741269381716002,0.0038741269381716002
DMANEMP,2004-09-30,-0.0021298299543559551,-0.0091766966506838001,-0.0091766966506838001,-0.0021298299543559,0.0039826965657994004,0.0039826965657994004
DMANEMP,2004-10-31,-0.0019951567519456148,-0.0090439077466726008,-0.0090439077466726008,-0.0019951567519456001,0.0040833363309502003,0.0040833363309502003
DMANEMP,2004-11-30,-0.0018814922077581286,-0.0091274529695509997,-0.0091274529695509997,-0.0018814922077581,0.0042970068752764996,0.0042970068752764996
DMANEMP,2004-12-31,-0.0017659792210906744,-0.0091075655072927007,-0.0091075655072927007,-0.0017659792210906,0.0043998053297399997,0.0043998053297399997
DMANEMP,2005-01-31,-0.0017003308748826385,-0.0089850798249243996,-0.0089850798249243996,-0.0017003308748826001,0.0044214385561644996,0.0044214385561644996
DMANEMP,2005-02-28,-0.0015570345567539334,-0.0088753122836350996,-0.0088753122836350996,-0.0015570345567539,0.0044936789199708999,0.0044936789199708999
DMANEMP,2005-03-31,-0.0015443374868482351,-0.0088324202224611993,-0.0088324202224611993,-0.0015443374868482,0.0044856662862002,0.0044856662862002
DMANEMP,2005-04-30,-0.0015431958017870784,-0.0088887782767414995,-0.0088887782767414995,-0.0015431958017870001,0.0046194875612854003,0.0046194875612854003
DNDGRG3M086SBEA,2003-05-31,0.0049456609413027763,-0.0018985185306519001,-0.0018985185306519001,0.0049456609413027,0.011560222133994101,0.011560222133994101
DNDGRG3M086SBEA,2003-06-30,0.0032020157668739557,-0.0038844149094074002,-0.0038844149094074002,0.0032020157668739002,0.0100378859788179,0.0100378859788179
DNDGRG3M086SBEA,2003-07-31,0.00051438511582091451,-0.0065444875508545997,-0.0065444875508545997,0.00051438511582089998,0.0074175614863633997,0.0074175614863633997
DNDGRG3M086SBEA,2003-08-31,0.00063913012854754925,-0.0063451440073549002,-0.0063451440073549002,0.00063913018675519997,0.0076148547232150997,0.0076148547232150997
DNDGRG3M086SBEA,2003-09-30,-0.00010292576916981488,-0.0071072494611143996,-0.0071072494611143996,-0.0001029258128255,0.0068355062976479001,0.0068355062976479001
DNDGRG3M086SBEA,2003-10-31,-0.00086979800835251808,-0.0078497184440492994,-0.0078497184440492994,-0.00086979800835249998,0.0061407159082590996,0.0061407159082590996
DNDGRG3M086SBEA,2003-11-30,-0.00018850955530069768,-0.0072727487422524998,-0.0072727487422524998,-0.00018850958440450001,0.0068856840953229999,0.0068856840953229999
DNDGRG3M086SBEA,2003-12-31,0.0005107856122776866,-0.0066423648968338004,-0.0066423648968338004,0.00051078561227759997,0.0075503624975681001,0.0075503624975681001
DNDGRG3M086SBEA,2004-01-31,-0.00026651698863133788,-0.0074515603482723002,-0.0074515603482723002,-0.00026651704683890002,0.0068283858709037,0.0068283858709037
DNDGRG3M086SBEA,2004-02-29,8.868560689734295e-05,-0.0070691280998289004,-0.0070691280998289004,8.8685657829046249e-05,0.0071082878857851002,0.0071082878857851002
DNDGRG3M086SBEA,2004-03-31,0.00030689136474393308,-0.0068059242330490996,-0.0068059242330490996,0.00030689133564010002,0.007360806223005,0.007360806223005
DNDGRG3M086SBEA,2004-04-30,0.00025371537776663899,-0.0068357842974364003,-0.0068357842974364003,0.00025371531955890002,0.0072597027756273001,0.0072597027756273001
DNDGRG3M086SBEA,2004-05-31,0.00028017262229695916,-0.0067974999547003997,-0.0067974999547003997,0.00028017262229690002,0.0072075142525136002,0.0072075142525136002
DNDGRG3M086SBEA,2004-06-30,7.9908655607141554e-05,-0.0070519470609724001,-0.0070519470609724001,7.9908641055226326e-05,0.0070855063386261003,0.0070855063386261003
DNDGRG3M086SBEA,2004-07-31,-0.00023238062567543238,-0.0073978458531200001,-0.0073978458531200001,-0.00023238058201959999,0.0067339949309825004,0.0067339949309825004
DNDGRG3M086SBEA,2004-08-31,-0.00020273319387342781,-0.0073115387931465999,-0.0073115387931465999,-0.00020273320842529999,0.0066941967234014996,0.0066941967234014996
DNDGRG3M086SBEA,2004-09-30,-3.6369074223330244e-05,-0.0070824008435009999,-0.0070824008435009999,-3.6369077861309052e-05,0.0067730736918747,0.0067730736918747
DNDGRG3M086SBEA,2004-10-31,1.0575768101261929e-05,-0.0070006800815462997,-0.0070006800815462997,1.0575749911367892e-05,0.0067802318371831998,0.0067802318371831998
DNDGRG3M086SBEA,2004-11-30,1.3577067875303328e-05,-0.0070259962230920002,-0.0070259962230920002,1.35770533233881e-05,0.0067656962200999,0.0067656962200999
DNDGRG3M086SBEA,2004-12-31,5.0086564442608505e-05,-0.0069839200004934996,-0.0069839200004934996,5.0086528062820435e-05,0.0067876083776354,0.0067876083776354
DNDGRG3M086SBEA,2005-01-31,0.0001770683447830379,-0.0068414090201258,-0.0068414090201258,0.00017706840299059999,0.0069591612555085997,0.0069591612555085997
DNDGRG3M086SBEA,2005-02-28,8.5555831901729107e-05,-0.0068551683798432003,-0.0068551683798432003,8.5555831901729107e-05,0.0066912868060170997,0.0066912868060170997
DNDGRG3M086SBEA,2005-03-31,0.00014137844846118242,-0.0068232771009206,-0.0068232771009206,0.00014137849211689999,0.0066700922325253001,0.0066700922325253001
DNDGRG3M086SBEA,2005-04-30,-1.8061975424643606e-05,-0.0070209908299147996,-0.0070209908299147996,-1.8061953596770763e-05,0.0065373526886105,0.0065373526886105
DPCERA3M086SBEA,2003-05-31,0.0015726869460195303,-0.0036229370161889999,-0.0036229370161889999,0.0015726869460194999,0.0065187350846827004,0.0065187350846827004
DPCERA3M086SBEA,2003-06-30,0.0032770028337836266,-0.0021779076196253,-0.0021779076196253,0.0032770028337836001,0.0083724893629549997,0.0083724893629549997
DPCERA3M086SBEA,2003-07-31,0.0028904909268021584,-0.0026910253800451001,-0.0026910253800451001,0.0028904909268020998,0.0080687049776314995,0.0080687049776314995
DPCERA3M086SBEA,2003-08-31,0.0024123787879943848,-0.0032373117282985999,-0.0032373117282985999,0.0024123787879943002,0.0076216463930903998,0.0076216463930903998
DPCERA3M086SBEA,2003-09-30,0.0033686116803437471,-0.0023213005624711002,-0.0023213005624711002,0.0033686116803436999,0.0086014717817305998,0.0086014717817305998
DPCERA3M086SBEA,2003-10-31,0.0029973529744893312,-0.0027028475888073002,-0.0027028475888073002,0.0029973529744893,0.0082401260733603997,0.0082401260733603997
DPCERA3M086SBEA,2003-11-30,0.0027697116602212191,-0.0029867058619856002,-0.0029867058619856002,0.0027697116602212,0.0079773133620618993,0.0079773133620618993
DPCERA3M086SBEA,2003-12-31,0.0032403410878032446,-0.0025289771147071999,-0.0025289771147071999,0.0032403410878031999,0.0084498636424541005,0.0084498636424541005
DPCERA3M086SBEA,2004-01-31,0.0031657051295042038,-0.0026189587078988001,-0.0026189587078988001,0.0031657051295041999,0.0084033049643038992,0.0084033049643038992
DPCERA3M086SBEA,2004-02-29,0.0029043722897768021,-0.0028782323934137002,-0.0028782323934137002,0.0029043722897767999,0.0082080401480197004,0.0082080401480197004
DPCERA3M086SBEA,2004-03-31,0.0031486577354371548,-0.0026827240362763002,-0.0026827240362763002,0.0031486577354371001,0.0084762377664445998,0.0084762377664445998
DPCERA3M086SBEA,2004-04-30,0.0029755225405097008,-0.0028444202616810001,-0.0028444202616810001,0.0029755225405096999,0.0082492493093013,0.0082492493093013
DPCERA3M086SBEA,2004-05-31,0.0030236558523029089,-0.0028245854191482002,-0.0028245854191482002,0.0030236558523028998,0.0083371186628936993,0.0083371186628936993
DPCERA3M086SBEA,2004-06-30,0.0031176849734038115,-0.0026983632706104998,-0.0026983632706104998,0.0031176849734038002,0.0084593445062637,0.0084593445062637
DPCERA3M086SBEA,2004-07-31,0.0029619990382343531,-0.0029238793067634002,-0.0029238793067634002,0.0029619990382343002,0.0082983933389185992,0.0082983933389185992
DPCERA3M086SBEA,2004-08-31,0.0030808316078037024,-0.0028307740576565001,-0.0028307740576565001,0.0030808316078037002,0.0084428014233708,0.0084428014233708
DPCERA3M086SBEA,2004-09-30,0.0031322448048740625,-0.0027641481719910999,-0.0027641481719910999,0.0031322448048740001,0.0084976265206933004,0.0084976265206933004
DPCERA3M086SBEA,2004-10-31,0.0030326771084219217,-0.0028539444319903001,-0.0028539444319903001,0.0030326771084219,0.0083608552813528997,0.0083608552813528997
DPCERA3M086SBEA,2004-11-30,0.0030516267288476229,-0.0029455479234456999,-0.0029455479234456999,0.0030516267288475999,0.0084600262343882994,0.0084600262343882994
DPCERA3M086SBEA,2004-12-31,0.0030474644154310226,-0.0029838010668754001,-0.0029838010668754001,0.0030474644154310001,0.0084444051608443,0.0084444051608443
DPCERA3M086SBEA,2005-01-31,0.0030444355215877295,-0.0029570809565483999,-0.0029570809565483999,0.0030444355215877,0.0085313431918620994,0.0085313431918620994
DPCERA3M086SBEA,2005-02-28,0.0030687227845191956,-0.0028704297728835999,-0.0028704297728835999,0.0030687227845191001,0.0084993336349724995,0.0084993336349724995
DPCERA3M086SBEA,2005-03-31,0.0030949462670832872,-0.0028818165883421,-0.0028818165883421,0.0030949462670832001,0.0085556972771882994,0.0085556972771882994
DPCERA3M086SBEA,2005-04-30,0.0029845917597413063,-0.0029899971559642999,-0.0029899971559642999,0.0029845917597412998,0.0085066258907317994,0.0085066258907317994
DSERRG3M086SBEA,2003-05-31,0.0010201502591371536,-0.00069541519042100005,-0.00069541519042100005,0.0010201502591371001,0.0027701624203473,0.0027701624203473
DSERRG3M086SBEA,2003-06-30,-0.0003558471507858485,-0.0021191437263041002,-0.0021191437263041002,-0.00035584715078579998,0.0014762963401153001,0.0014762963401153001
DSERRG3M086SBEA,2003-07-31,0.00015239216736517847,-0.0016388358781113999,-0.0016388358781113999,0.0001523921528132,0.0020276585128158001,0.0020276585128158001
DSERRG3M086SBEA,2003-08-31,-2.2906489903107285e-05,-0.0018368932651355,-0.0018368932651355,-2.2906489903107285e-05,0.0018909765640273001,0.0018909765640273001
DSERRG3M086SBEA,2003-09-30,-4.5273201976669952e-05,-0.0018935188418254,-0.0018935188418254,-4.5273191062733531e-05,0.0019021457992494,0.0019021457992494
DSERRG3M086SBEA,2003-10-31,5.6235107877000701e-06,-0.0018804480787366,-0.0018804480787366,5.6235003285109997e-06,0.0020028189755976001,0.0020028189755976001
DSERRG3M086SBEA,2003-11-30,-0.00013003681669943035,-0.0020426439587026002,-0.0020426439587026002,-0.00013003681669939999,0.0019011697731911999,0.0019011697731911999
DSERRG3M086SBEA,2003-12-31,0.00013037445023655891,-0.0018241234356536999,-0.0018241234356536999,0.00013037443568459999,0.0021741343662141999,0.0021741343662141999
DSERRG3M086SBEA,2004-01-31,-4.412028647493571e-05,-0.0020214451942592001,-0.0020214451942592001,-4.4120271923020482e-05,0.0020353472791612001,0.0020353472791612001
DSERRG3M086SBEA,2004-02-29,-6.4511506934650242e-05,-0.0020523148123173999,-0.0020523148123173999,-6.4511521486565471e-05,0.0020071708131580998,0.0020071708131580998
DSERRG3M086SBEA,2004-03-31,-6.0604441387113184e-05,-0.0020301423501223,-0.0020301423501223,-6.0604448663070798e-05,0.0019997179042547,0.0019997179042547
DSERRG3M086SBEA,2004-04-30,-7.3097951826639473e-05,-0.0020603563170880001,-0.0020603563170880001,-7.3097937274724245e-05,0.0019625809509306999,0.0019625809509306999
DSERRG3M086SBEA,2004-05-31,4.4383095882949419e-06,-0.0019857448060065,-0.0019857448060065,4.4383050408214331e-06,0.0020289528183639002,0.0020289528183639002
DSERRG3M086SBEA,2004-06-30,-6.2829039961798117e-06,-0.0020086041186004001,-0.0020086041186004001,-6.2829058151692152e-06,0.0020442428067325999,0.0020442428067325999
DSERRG3M086SBEA,2004-07-31,-3.3254764275625348e-07,-0.0020287837833166001,-0.0020287837833166001,-3.325403667986393e-07,0.0020589563064276999,0.0020589563064276999
DSERRG3M086SBEA,2004-08-31,2.7351874450687319e-05,-0.0020046790596097001,-0.0020046790596097001,2.7351867174729705e-05,0.0021016078535467,0.0021016078535467
DSERRG3M086SBEA,2004-09-30,2.3800019334885292e-05,-0.0019828458316624,-0.0019828458316624,2.3800006601959467e-05,0.0020669715013354999,0.0020669715013354999
DSERRG3M086SBEA,2004-10-31,5.0891326281998772e-06,-0.0020100651308894001,-0.0020100651308894001,5.0891248974949121e-06,0.0020369663834571001,0.0020369663834571001
DSERRG3M086SBEA,2004-11-30,-6.4322943217121065e-05,-0.0020828235428780001,-0.0020828235428780001,-6.4322928665205836e-05,0.0019824651535599999,0.0019824651535599999
DSERRG3M086SBEA,2004-12-31,-3.8568523450521752e-05,-0.0020575628150253998,-0.0020575628150253998,-3.8568512536585331e-05,0.0020318075548856999,0.0020318075548856999
DSERRG3M086SBEA,2005-01-31,3.5928730994783109e-06,-0.0020673966500908002,-0.0020673966500908002,3.5928678698837757e-06,0.0020910510793327999,0.0020910510793327999
DSERRG3M086SBEA,2005-02-28,-1.3300255886861123e-05,-0.0020692052785307,-0.0020692052785307,-1.3300246791914104e-05,0.0020454893819987002,0.0020454893819987002
DSERRG3M086SBEA,2005-03-31,-2.3366601453744806e-05,-0.0021066383924334998,-0.0021066383924334998,-2.3366592358797789e-05,0.0020509175956248999,0.0020509175956248999
DSERRG3M086SBEA,2005-04-30,-2.0510418835328892e-05,-0.0021249551791696999,-0.0021249551791696999,-2.0510429749265313e-05,0.0020682634785771001,0.0020682634785771001
DTCOLNVHFNM,2003-05-31,-0.012355994433164597,-0.041459545493125902,-0.041459545493125902,-0.012355994433164499,0.016940761357545801,0.016940761357545801
DTCOLNVHFNM,2003-06-30,0.0056045753881335258,-0.024609774351119901,-0.024609774351119901,0.0056045753299257999,0.035837169736623702,0.035837169736623702
DTCOLNVHFNM,2003-07-31,-0.0020062439143657684,-0.032754842191934502,-0.032754842191934502,-0.0020062439143656999,0.028654826804995499,0.028654826804995499
DTCOLNVHFNM,2003-08-31,0.0018949570367112756,-0.029426850378513301,-0.029426850378513301,0.0018949569202959,0.032914631068706499,0.032914631068706499
DTCOLNVHFNM,2003-09-30,-0.0093100657686591148,-0.041726201772689799,-0.041726201772689799,-0.0093100657686590992,0.022404612973332402,0.022404612973332402
DTCOLNVHFNM,2003-10-31,0.0023404401727020741,-0.030511965975165301,-0.030511965975165301,0.0023404401727019999,0.0343886911869049,0.0343886911869049
DTCOLNVHFNM,2003-11-30,0.00034118734765797853,-0.032926484942436197,-0.032926484942436197,0.0003411872312426,0.033282447606325101,0.033282447606325101
DTCOLNVHFNM,2003-12-31,-0.0012602545320987701,-0.034468274563550901,-0.034468274563550901,-0.0012602545320987001,0.031667586416005998,0.031667586416005998
DTCOLNVHFNM,2004-01-31,-0.0006267487769946456,-0.034395541995763702,-0.034395541995763702,-0.00062674889340989999,0.032341331243515001,0.032341331243515001
DTCOLNVHFNM,2004-02-29,0.0036477376706898212,-0.029679760336875902,-0.029679760336875902,0.0036477376706898,0.036191578954458202,0.036191578954458202
DTCOLNVHFNM,2004-03-31,0.0027635917067527771,-0.030363909900188401,-0.030363909900188401,0.0027635917067526999,0.034935392439365297,0.034935392439365297
DTCOLNVHFNM,2004-04-30,0.0057562044821679592,-0.027301535010337798,-0.027301535010337798,0.0057562044530641001,0.037736702710390001,0.037736702710390001
DTCOLNVHFNM,2004-05-31,-0.00044025888200849295,-0.033545564860105501,-0.033545564860105501,-0.00044025899842379997,0.031658165156841202,0.031658165156841202
DTCOLNVHFNM,2004-06-30,0.0046161450445652008,-0.0283160023391246,-0.0283160023391246,0.0046161450445651999,0.037534743547439499,0.037534743547439499
DTCOLNVHFNM,2004-07-31,-0.0015432076761499047,-0.034886229783296502,-0.034886229783296502,-0.0015432075597345001,0.031722102314233697,0.031722102314233697
DTCOLNVHFNM,2004-08-31,-0.0011856749188154936,-0.034154370427131597,-0.034154370427131597,-0.0011856751516460999,0.031966798007488202,0.031966798007488202
DTCOLNVHFNM,2004-09-30,-0.0046738819219172001,-0.037634894251823398,-0.037634894251823398,-0.0046738819219172001,0.028435081243515001,0.028435081243515001
DTCOLNVHFNM,2004-10-31,0.0012918733991682529,-0.032066572457551901,-0.032066572457551901,0.0012918733991682,0.034332804381847298,0.034332804381847298
DTCOLNVHFNM,2004-11-30,-0.0018085524206981063,-0.0355725288391113,-0.0355725288391113,-0.0018085525371133999,0.031369049102067899,0.031369049102067899
DTCOLNVHFNM,2004-12-31,0.00099853891879320145,-0.032528117299079798,-0.032528117299079798,0.00099853891879319993,0.033882800489664001,0.033882800489664001
DTCOLNVHFNM,2005-01-31,-0.0017538666725158691,-0.035053413361310903,-0.035053413361310903,-0.0017538666725158,0.031490184366702999,0.031490184366702999
DTCOLNVHFNM,2005-02-28,0.0029439055360853672,-0.029735088348388599,-0.029735088348388599,0.0029439055360853,0.035299938172101898,0.035299938172101898
DTCOLNVHFNM,2005-03-31,0.0028530401177704334,-0.029537476599216399,-0.029537476599216399,0.0028530401177704,0.035383604466915103,0.035383604466915103
DTCOLNVHFNM,2005-04-30,0.0048041464760899544,-0.027655929327011101,-0.027655929327011101,0.0048041464033303002,0.0371922999620437,0.0371922999620437
DTCTHFNM,2003-05-31,7.8236671470222063e-06,-0.0090532610192893999,-0.0090532610192893999,7.8236917033791542e-06,0.0080025671049952004,0.0080025671049952004
DTCTHFNM,2003-06-30,0.0049033486284315586,-0.0046517900191247004,-0.0046517900191247004,0.0049033486284314996,0.013351916335523101,0.013351916335523101
DTCTHFNM,2003-07-31,-0.0035183122381567955,-0.013657001778483301,-0.013657001778483301,-0.0035183122381567001,0.0053300554864107999,0.0053300554864107999
DTCTHFNM,2003-08-31,-0.0012747191358357668,-0.0119110150262713,-0.0119110150262713,-0.0012747191358357,0.0079452488571404994,0.0079452488571404994
DTCTHFNM,2003-09-30,0.00030470718047581613,-0.010784825310111001,-0.010784825310111001,0.00030470720957960002,0.0096967816352843995,0.0096967816352843995
DTCTHFNM,2003-10-31,-0.00095608341507613659,-0.0121719781309366,-0.0121719781309366,-0.00095608341507610005,0.0083528961986303,0.0083528961986303
DTCTHFNM,2003-11-30,3.8962325561442412e-06,-0.0110757164657115,-0.0110757164657115,3.8961879909038544e-06,0.0094915246590970993,0.0094915246590970993
DTCTHFNM,2003-12-31,0.0023587248288094997,-0.0090093864127992994,-0.0090093864127992994,0.0023587247997055999,0.012017996050417401,0.012017996050417401
DTCTHFNM,2004-01-31,-0.0051683243364095688,-0.0168258249759674,-0.0168258249759674,-0.0051683243364095003,0.0049179997295141003,0.0049179997295141003
DTCTHFNM,2004-02-29,-0.0012958843726664782,-0.013059783726930599,-0.013059783726930599,-0.0012958843726664001,0.0088722240179777007,0.0088722240179777007
DTCTHFNM,2004-03-31,0.0029311368707567453,-0.0084264352917670995,-0.0084264352917670995,0.0029311368707566998,0.0128710642457008,0.0128710642457008
DTCTHFNM,2004-04-30,0.0028986865654587746,-0.0079992236569522996,-0.0079992236569522996,0.0028986865654587,0.012229709886014401,0.012229709886014401
DTCTHFNM,2004-05-31,0.0028622751124203205,-0.0080881174653768002,-0.0080881174653768002,0.0028622751124203001,0.0122907338663935,0.0122907338663935
DTCTHFNM,2004-06-30,0.0049628140404820442,-0.0062406407669186002,-0.0062406407669186002,0.004962814040482,0.014824654906988101,0.014824654906988101
DTCTHFNM,2004-07-31,-0.0046194330789148808,-0.016185469925403501,-0.016185469925403501,-0.0046194330789148001,0.0059423046186565997,0.0059423046186565997
DTCTHFNM,2004-08-31,-0.0018809514585882425,-0.0139169609174132,-0.0139169609174132,-0.0018809514585882,0.0089942850172519007,0.0089942850172519007
DTCTHFNM,2004-09-30,0.0015658864285796881,-0.0101596675813198,-0.0101596675813198,0.0015658864576835001,0.0123351607471704,0.0123351607471704
DTCTHFNM,2004-10-31,-0.00086700991960242391,-0.0126589694991707,-0.0126589694991707,-0.0008670098613947,0.0099015692248939999,0.0099015692248939999
DTCTHFNM,2004-11-30,0.0012789317406713963,-0.010822131298482401,-0.010822131298482401,0.0012789316824637,0.012269984930753699,0.012269984930753699
DTCTHFNM,2004-12-31,0.001560429809615016,-0.0109198903664946,-0.0109198903664946,0.0015604297805111001,0.012804668396711299,0.012804668396711299
DTCTHFNM,2005-01-31,-0.0049196467734873295,-0.0177874043583869,-0.0177874043583869,-0.0049196467734873,0.0064878892153500999,0.0064878892153500999
DTCTHFNM,2005-02-28,-0.0010606893338263035,-0.013708321377635,-0.013708321377635,-0.0010606893338263,0.0100020328536629,0.0100020328536629
DTCTHFNM,2005-03-31,0.0035377021413296461,-0.0086410054937005008,-0.0086410054937005008,0.0035377021413296001,0.014187287539243599,0.014187287539243599
DTCTHFNM,2005-04-30,0.002513757674023509,-0.0092466296628117006,-0.0092466296628117006,0.0025137576158158,0.0128293735906481,0.0128293735906481
EXCAUSx,2003-05-31,-0.0055327406153082848,-0.018738374114036501,-0.018738374114036501,-0.0055327406153081998,0.0091750035062431994,0.0091750035062431994
EXCAUSx,2003-06-30,-0.0035267574712634087,-0.017672110348939798,-0.017672110348939798,-0.0035267574712634,0.012235683389008,0.012235683389008
EXCAUSx,2003-07-31,-0.0026058899238705635,-0.017124898731708499,-0.017124898731708499,-0.0026058899238705002,0.0136398216709494,0.0136398216709494
EXCAUSx,2003-08-31,-0.0025766710750758648,-0.017310574650764399,-0.017310574650764399,-0.0025766710750758002,0.014069791883230201,0.014069791883230201
EXCAUSx,2003-09-30,-0.0025678477250039577,-0.0173369701951742,-0.0173369701951742,-0.0025678477250039001,0.0140555640682578,0.0140555640682578
EXCAUSx,2003-10-31,-0.0026792809367179871,-0.017591873183846401,-0.017591873183846401,-0.0026792809367178999,0.014072204008698399,0.014072204008698399
EXCAUSx,2003-11-30,-0.0027769929729402065,-0.017626542598009099,-0.017626542598009099,-0.0027769929729402,0.0141392750665545,0.0141392750665545
EXCAUSx,2003-12-31,-0.0026434743776917458,-0.017448844388127299,-0.017448844388127299,-0.0026434743776916998,0.0143777159973979,0.0143777159973979
EXCAUSx,2004-01-31,-0.0024493038654327393,-0.0173446983098983,-0.0173446983098983,-0.0024493038654326998,0.0144938491284847,0.0144938491284847
EXCAUSx,2004-02-29,-0.0020359302870929241,-0.016927013173699299,-0.016927013173699299,-0.0020359302870928998,0.0149909816682338,0.0149909816682338
EXCAUSx,2004-03-31,-0.0018878005212172866,-0.016801146790385201,-0.016801146790385201,-0.0018878006376326,0.0151451723650097,0.0151451723650097
EXCAUSx,2004-04-30,-0.001928960788063705,-0.016790203750133501,-0.016790203750133501,-0.0019289609044789999,0.015221125446259901,0.015221125446259901
EXCAUSx,2004-05-31,-0.001827522530220449,-0.016673790290951701,-0.016673790290951701,-0.0018275226466357001,0.015123569406569001,0.015123569406569001
EXCAUSx,2004-06-30,-0.0019979453645646572,-0.0169605314731597,-0.0169605314731597,-0.0019979453645646,0.0153067577630281,0.0153067577630281
EXCAUSx,2004-07-31,-0.001727382536046207,-0.016545351594686501,-0.016545351594686501,-0.0017273826524614999,0.0155698368325829,0.0155698368325829
EXCAUSx,2004-08-31,-0.0013592526083812118,-0.016149619594216302,-0.016149619594216302,-0.0013592527247965,0.016022283583879401,0.016022283583879401
EXCAUSx,2004-09-30,-0.0011574866948649287,-0.015910355374216999,-0.015910355374216999,-0.0011574868112802,0.016076257452368702,0.016076257452368702
EXCAUSx,2004-10-31,-0.0010731050278991461,-0.0157978571951389,-0.0157978571951389,-0.0010731050278990999,0.016270473599433899,0.016270473599433899
EXCAUSx,2004-11-30,-0.00084226264152675867,-0.015725770965218499,-0.015725770965218499,-0.00084226252511139998,0.016522871330380402,0.016522871330380402
EXCAUSx,2004-12-31,-0.00055281142704188824,-0.015398080460727199,-0.015398080460727199,-0.00055281142704179998,0.016906397417187601,0.016906397417187601
EXCAUSx,2005-01-31,-0.00075224554166197777,-0.0155635019764304,-0.0155635019764304,-0.00075224554166190003,0.016567099839448901,0.016567099839448901
EXCAUSx,2005-02-28,-0.00091338623315095901,-0.015503476373851299,-0.015503476373851299,-0.00091338623315090003,0.0162490922957658,0.0162490922957658
EXCAUSx,2005-03-31,-0.00093144562561064959,-0.015384265221655299,-0.015384265221655299,-0.0009314455091953,0.0161911025643348,0.0161911025643348
EXCAUSx,2005-04-30,-0.00086470856331288815,-0.0154162058606743,-0.0154162058606743,-0.0008647085633128,0.016381809487938801,0.016381809487938801
EXJPUSx,2003-05-31,0.0035176333039999008,-0.028087681159377001,-0.028087681159377001,0.0035176333039999,0.032418191432952798,0.032418191432952798
EXJPUSx,2003-06-30,0.00094322185032069683,-0.033221110701560898,-0.033221110701560898,0.00094322208315130004,0.031819842755794497,0.031819842755794497
EXJPUSx,2003-07-31,0.0010779337026178837,-0.0344179645180702,-0.0344179645180702,0.0010779337026178,0.032764755189418703,0.032764755189418703
EXJPUSx,2003-08-31,0.0016983135137706995,-0.0346794426441192,-0.0346794426441192,0.0016983132809399999,0.033945806324481902,0.033945806324481902
EXJPUSx,2003-09-30,0.0024600294418632984,-0.033969409763812998,-0.033969409763812998,0.0024600294418632,0.034931346774101202,0.034931346774101202
EXJPUSx,2003-10-31,0.0029740645550191402,-0.033800624310970299,-0.033800624310970299,0.0029740645550190999,0.035404510796070099,0.035404510796070099
EXJPUSx,2003-11-30,0.0019945148378610611,-0.0353543385863304,-0.0353543385863304,0.0019945148378609999,0.034556508064269999,0.034556508064269999
EXJPUSx,2003-12-31,0.0006212631706148386,-0.037250556051731103,-0.037250556051731103,0.00062126293778409997,0.033577896654605803,0.033577896654605803
EXJPUSx,2004-01-31,-5.393102765083313e-05,-0.038012579083442598,-0.038012579083442598,-5.393102765083313e-05,0.033086307346820797,0.033086307346820797
EXJPUSx,2004-02-29,0.00086749764159321785,-0.037394374608993503,-0.037394374608993503,0.00086749764159319996,0.034185975790023797,0.034185975790023797
EXJPUSx,2004-03-31,0.0020291078835725784,-0.036273054778575897,-0.036273054778575897,0.0020291078835724999,0.035396024584770203,0.035396024584770203
EXJPUSx,2004-04-30,0.002683625090867281,-0.035778038203716202,-0.035778038203716202,0.0026836250908671999,0.035982228815555503,0.035982228815555503
EXJPUSx,2004-05-31,0.0028586974367499352,-0.035505421459674801,-0.035505421459674801,0.0028586974367499,0.036186985671520198,0.036186985671520198
EXJPUSx,2004-06-30,0.0017791492864489555,-0.037131719291210098,-0.037131719291210098,0.0017791492864489,0.035465329885482698,0.035465329885482698
EXJPUSx,2004-07-31,0.00067971926182508469,-0.038282535970211001,-0.038282535970211001,0.00067971926182500001,0.0343231111764907,0.0343231111764907
EXJPUSx,2004-08-31,0.00028000026941299438,-0.038695693016052198,-0.038695693016052198,0.0002800002694129,0.033902108669280999,0.033902108669280999
EXJPUSx,2004-09-30,0.000904829241335392,-0.037885397672653198,-0.037885397672653198,0.00090482924133529995,0.034452475607395103,0.034452475607395103
EXJPUSx,2004-10-31,0.0018570991232991219,-0.036815501749515499,-0.036815501749515499,0.0018570991232991,0.035111360251903499,0.035111360251903499
EXJPUSx,2004-11-30,0.0027447855100035667,-0.036110788583755403,-0.036110788583755403,0.0027447855100035,0.036466330289840698,0.036466330289840698
EXJPUSx,2004-12-31,0.0031541367061436176,-0.0357199981808662,-0.0357199981808662,0.0031541364733128998,0.036840528249740601,0.036840528249740601
EXJPUSx,2005-01-31,0.0020864955149590969,-0.036773495376110001,-0.036773495376110001,0.0020864955149590002,0.035883031785488101,0.035883031785488101
EXJPUSx,2005-02-28,0.00090322853066027164,-0.037996217608451802,-0.037996217608451802,0.00090322829782960002,0.034526012837886803,0.034526012837886803
EXJPUSx,2005-03-31,0.0006326714064925909,-0.0382025614380836,-0.0382025614380836,0.00063267117366189998,0.0336869955062866,0.0336869955062866
EXJPUSx,2005-04-30,0.0011146110482513905,-0.037986733019351897,-0.037986733019351897,0.0011146110482513,0.0341379940509796,0.0341379940509796
EXSZUSx,2003-05-31,0.002191832521930337,-0.0265737436711788,-0.0265737436711788,0.0021918325219303001,0.029101800173521,0.029101800173521
EXSZUSx,2003-06-30,-0.0014615838881582022,-0.032736726105213103,-0.032736726105213103,-0.0014615841209888001,0.027558144181966698,0.027558144181966698
EXSZUSx,2003-07-31,-0.002983729587867856,-0.035781070590019198,-0.035781070590019198,-0.0029837293550371998,0.026822511106729501,0.026822511106729501
EXSZUSx,2003-08-31,-0.0025753777008503675,-0.036294315010309199,-0.036294315010309199,-0.0025753779336809999,0.027952140197157801,0.027952140197157801
EXSZUSx,2003-09-30,-0.0024045584723353386,-0.036281675100326503,-0.036281675100326503,-0.0024045584723353,0.028368959203362399,0.028368959203362399
EXSZUSx,2003-10-31,-0.0017875581979751587,-0.035897362977266298,-0.035897362977266298,-0.0017875581979750999,0.0292803794145584,0.0292803794145584
EXSZUSx,2003-11-30,-0.0015931304078549147,-0.035961978137493099,-0.035961978137493099,-0.0015931306406855,0.029240701347589399,0.029240701347589399
EXSZUSx,2003-12-31,-0.0018352465704083443,-0.036492876708507503,-0.036492876708507503,-0.0018352465704083,0.0289907846599817,0.0289907846599817
EXSZUSx,2004-01-31,-0.0022058435715734959,-0.036787431687116602,-0.036787431687116602,-0.0022058435715734,0.028819855302572198,0.028819855302572198
EXSZUSx,2004-02-29,-0.0020667209755629301,-0.036812037229537901,-0.036812037229537901,-0.0020667212083935,0.0290480479598045,0.0290480479598045
EXSZUSx,2004-03-31,-0.0022429819218814373,-0.036963474005460698,-0.036963474005460698,-0.0022429819218814,0.028844796121120401,0.028844796121120401
EXSZUSx,2004-04-30,-0.0020851001609116793,-0.037116955965757301,-0.037116955965757301,-0.0020850999280810001,0.028908675536513301,0.028908675536513301
EXSZUSx,2004-05-31,-0.0020677759312093258,-0.0371077023446559,-0.0371077023446559,-0.0020677759312093002,0.029064219444990099,0.029064219444990099
EXSZUSx,2004-06-30,-0.0023805126547813416,-0.037908695638179703,-0.037908695638179703,-0.0023805126547812999,0.028786066919565201,0.028786066919565201
EXSZUSx,2004-07-31,-0.0024670474231243134,-0.037761032581329297,-0.037761032581329297,-0.0024670474231242999,0.028644653037190399,0.028644653037190399
EXSZUSx,2004-08-31,-0.0027595979627221823,-0.038133487105369498,-0.038133487105369498,-0.0027595981955527999,0.0284016765654087,0.0284016765654087
EXSZUSx,2004-09-30,-0.0026927203871309757,-0.0379808209836483,-0.0379808209836483,-0.0026927203871308998,0.028364740312099401,0.028364740312099401
EXSZUSx,2004-10-31,-0.0022955264430493116,-0.0375938713550567,-0.0375938713550567,-0.0022955266758799002,0.028552489355206399,0.028552489355206399
EXSZUSx,2004-11-30,-0.0017734752036631107,-0.037353362888097701,-0.037353362888097701,-0.0017734752036631001,0.029636558145284601,0.029636558145284601
EXSZUSx,2004-12-31,-0.0016550404252484441,-0.037409242242574602,-0.037409242242574602,-0.0016550403088330999,0.0297442227602005,0.0297442227602005
EXSZUSx,2005-01-31,-0.0014382121153175831,-0.037186533212661702,-0.037186533212661702,-0.0014382121153175,0.029930252581834699,0.029930252581834699
EXSZUSx,2005-02-28,-0.0017696191789582372,-0.037333179265260599,-0.037333179265260599,-0.0017696190625428999,0.029276419430971101,0.029276419430971101
EXSZUSx,2005-03-31,-0.0022955774329602718,-0.037706799805164302,-0.037706799805164302,-0.0022955774329601998,0.028661280870437601,0.028661280870437601
EXSZUSx,2005-04-30,-0.0022172422613948584,-0.037831287831067997,-0.037831287831067997,-0.0022172424942254998,0.028704814612865399,0.028704814612865399
EXUSUKx,2003-05-31,-0.00077839754521846771,-0.016918182373046799,-0.016918182373046799,-0.00077839754521839995,0.0162059161812067,0.0162059161812067
EXUSUKx,2003-06-30,-0.0009893456008285284,-0.018314685672521501,-0.018314685672521501,-0.0009893456008285,0.017466366291046101,0.017466366291046101
EXUSUKx,2003-07-31,-0.0012299586087465286,-0.019070791080594,-0.019070791080594,-0.0012299586087465,0.0178918074816465,0.0178918074816465
EXUSUKx,2003-08-31,-0.0013334947871044278,-0.0195211358368396,-0.0195211358368396,-0.0013334946706890999,0.018177244812250099,0.018177244812250099
EXUSUKx,2003-09-30,-0.001222795806825161,-0.019586486741900399,-0.019586486741900399,-0.0012227958068251,0.0183704253286123,0.0183704253286123
EXUSUKx,2003-10-31,-0.0010544577380642295,-0.019660729914903599,-0.019660729914903599,-0.0010544578544794999,0.0185162015259265,0.0185162015259265
EXUSUKx,2003-11-30,-0.00080894480925053358,-0.019318180158734301,-0.019318180158734301,-0.0008089449256658,0.0187781509011983,0.0187781509011983
EXUSUKx,2003-12-31,-0.00064716336783021688,-0.019291222095489498,-0.019291222095489498,-0.00064716348424550001,0.019193965941667501,0.019193965941667501
EXUSUKx,2004-01-31,-0.00072684022597968578,-0.019725006073713299,-0.019725006073713299,-0.00072684022597960002,0.019081410020589801,0.019081410020589801
EXUSUKx,2004-02-29,-0.0011807734845206141,-0.020327346399426401,-0.020327346399426401,-0.0011807736009359,0.018877271562814699,0.018877271562814699
EXUSUKx,2004-03-31,-0.0012504161568358541,-0.020573612302541702,-0.020573612302541702,-0.0012504160404204999,0.018834669142961499,0.018834669142961499
EXUSUKx,2004-04-30,-0.0011614469112828374,-0.020638715475797601,-0.020638715475797601,-0.0011614467948675,0.019014701247215202,0.019014701247215202
EXUSUKx,2004-05-31,-0.0010297284461557865,-0.020724514499306599,-0.020724514499306599,-0.0010297284461557,0.019178967922925901,0.019178967922925901
EXUSUKx,2004-06-30,-0.00074061466148123145,-0.0204011164605617,-0.0204011164605617,-0.00074061471968879999,0.019708547741174601,0.019708547741174601
EXUSUKx,2004-07-31,-0.00040091469418257475,-0.020348250865936199,-0.020348250865936199,-0.00040091481059779997,0.019858626648783601,0.019858626648783601
EXUSUKx,2004-08-31,-0.00046750501496717334,-0.0206124056130647,-0.0206124056130647,-0.00046750507317479999,0.019701190292835201,0.019701190292835201
EXUSUKx,2004-09-30,-0.00077001197496429086,-0.020758904516696899,-0.020758904516696899,-0.00077001191675660002,0.019356552511453601,0.019356552511453601
EXUSUKx,2004-10-31,-0.00095391017384827137,-0.020981967449188201,-0.020981967449188201,-0.00095391017384820003,0.018964858725667,0.018964858725667
EXUSUKx,2004-11-30,-0.00074317021062597632,-0.021159350872039701,-0.021159350872039701,-0.00074317026883360005,0.019536491483449901,0.019536491483449901
EXUSUKx,2004-12-31,-0.00095179124036803842,-0.0215034615248441,-0.0215034615248441,-0.00095179118216029998,0.019426438957452701,0.019426438957452701
EXUSUKx,2005-01-31,-0.00089338282123208046,-0.0214118417352437,-0.0214118417352437,-0.00089338282123200001,0.019474064931273401,0.019474064931273401
EXUSUKx,2005-02-28,-0.00079321849625557661,-0.021297188475728,-0.021297188475728,-0.00079321861267079999,0.019453821703791601,0.019453821703791601
EXUSUKx,2005-03-31,-0.0010181397665292025,-0.021486656740307801,-0.021486656740307801,-0.0010181397665292001,0.0190838444977998,0.0190838444977998
EXUSUKx,2005-04-30,-0.0013015801087021828,-0.021802732720971101,-0.021802732720971101,-0.0013015801087020999,0.018963687121868099,0.018963687121868099
FEDFUNDS,2003-05-31,-0.0044929119758307934,-0.22451521456241599,-0.22451521456241599,-0.004492912441492,0.1672784686088562,0.1672784686088562
FEDFUNDS,2003-06-30,-0.012473097071051598,-0.25603106617927551,-0.25603106617927551,-0.0124730989336967,0.17547343671321869,0.17547343671321869
FEDFUNDS,2003-07-31,-0.019055647775530815,-0.28753370046615601,-0.28753370046615601,-0.019055649638175898,0.17917425930500031,0.17917425930500031
FEDFUNDS,2003-08-31,-0.022284146398305893,-0.30585134029388428,-0.30585134029388428,-0.022284146398305799,0.18211878836154929,0.18211878836154929
FEDFUNDS,2003-09-30,-0.027845717966556549,-0.32650715112686157,-0.32650715112686157,-0.027845717966556501,0.18782573938369751,0.18782573938369751
FEDFUNDS,2003-10-31,-0.037120770663022995,-0.34551995992660522,-0.34551995992660522,-0.037120770663022898,0.19016008079051969,0.19016008079051969
FEDFUNDS,2003-11-30,-0.039196562021970749,-0.35895311832427979,-0.35895311832427979,-0.0391965620219707,0.1979416161775589,0.1979416161775589
FEDFUNDS,2003-12-31,-0.040462162345647812,-0.37147054076194758,-0.37147054076194758,-0.040462162345647798,0.2033362984657287,0.2033362984657287
FEDFUNDS,2004-01-31,-0.03658616915345192,-0.37873160839080811,-0.37873160839080811,-0.036586169153451899,0.21649989485740659,0.21649989485740659
FEDFUNDS,2004-02-29,-0.021710248664021492,-0.37087929248809809,-0.37087929248809809,-0.021710246801376301,0.23938976228237149,0.23938976228237149
FEDFUNDS,2004-03-31,-0.014856038615107536,-0.36910504102706909,-0.36910504102706909,-0.014856040477752601,0.2509131133556366,0.2509131133556366
FEDFUNDS,2004-04-30,-0.0079245436936616898,-0.365671306848526,-0.365671306848526,-0.0079245418310165006,0.25740510225296021,0.25740510225296021
FEDFUNDS,2004-05-31,-0.0030448867473751307,-0.37530800700187678,-0.37530800700187678,-0.0030448883771895998,0.26602828502655029,0.26602828502655029
FEDFUNDS,2004-06-30,-0.0067008729092776775,-0.37561684846878052,-0.37561684846878052,-0.0067008733749388998,0.26730886101722717,0.26730886101722717
FEDFUNDS,2004-07-31,-0.017458103597164154,-0.39477559924125671,-0.39477559924125671,-0.017458103597164099,0.26710912585258478,0.26710912585258478
FEDFUNDS,2004-08-31,-0.022678596898913383,-0.40586411952972412,-0.40586411952972412,-0.022678598761558501,0.26752665638923639,0.26752665638923639
FEDFUNDS,2004-09-30,-0.029198747128248215,-0.41366526484489441,-0.41366526484489441,-0.029198747128248201,0.2667229175567627,0.2667229175567627
FEDFUNDS,2004-10-31,-0.036367941647768021,-0.42383253574371338,-0.42383253574371338,-0.036367941647768,0.25884011387825012,0.25884011387825012
FEDFUNDS,2004-11-30,-0.030754843726754189,-0.4381115734577179,-0.4381115734577179,-0.030754841864109001,0.27665302157402039,0.27665302157402039
FEDFUNDS,2004-12-31,-0.034741099923849106,-0.44839298725128168,-0.44839298725128168,-0.034741099923849099,0.2737693190574646,0.2737693190574646
FEDFUNDS,2005-01-31,-0.033016156405210495,-0.44813507795333862,-0.44813507795333862,-0.033016156405210398,0.27801972627639771,0.27801972627639771
FEDFUNDS,2005-02-28,-0.033690139651298523,-0.44641497731208801,-0.44641497731208801,-0.033690139651298502,0.27661272883415222,0.27661272883415222
FEDFUNDS,2005-03-31,-0.033981930464506149,-0.4552900493144989,-0.4552900493144989,-0.033981934189796399,0.28143849968910217,0.28143849968910217
FEDFUNDS,2005-04-30,-0.033709865063428879,-0.46531370282173151,-0.46531370282173151,-0.033709865063428802,0.29570725560188288,0.29570725560188288
GS1,2003-05-31,-0.023514457046985626,-0.29784384369850159,-0.29784384369850159,-0.023514457046985598,0.22457335889339439,0.22457335889339439
GS1,2003-06-30,-0.029053110629320145,-0.33066236972808838,-0.33066236972808838,-0.0290531106293201,0.24412485957145691,0.24412485957145691
GS1,2003-07-31,-0.030142057687044144,-0.34938091039657593,-0.34938091039657593,-0.030142057687044099,0.25615030527114868,0.25615030527114868
GS1,2003-08-31,-0.029885414987802505,-0.36079457402229309,-0.36079457402229309,-0.029885414987802499,0.26568597555160522,0.26568597555160522
GS1,2003-09-30,-0.041571013629436493,-0.37701085209846491,-0.37701085209846491,-0.041571013629436403,0.25971090793609619,0.25971090793609619
GS1,2003-10-31,-0.045217230916023254,-0.381480872631073,-0.381480872631073,-0.045217230916023199,0.26145941019058228,0.26145941019058228
GS1,2003-11-30,-0.047172956168651581,-0.38772222399711609,-0.38772222399711609,-0.047172956168651498,0.26279598474502558,0.26279598474502558
GS1,2003-12-31,-0.047191858291625977,-0.38954144716262817,-0.38954144716262817,-0.0471918582916259,0.26552301645278931,0.26552301645278931
GS1,2004-01-31,-0.045655451714992523,-0.39632958173751831,-0.39632958173751831,-0.045655451714992502,0.27535614371299738,0.27535614371299738
GS1,2004-02-29,-0.038287468254566193,-0.3934433758258819,-0.3934433758258819,-0.038287468254566102,0.28724992275238032,0.28724992275238032
GS1,2004-03-31,-0.036323517560958862,-0.39174628257751459,-0.39174628257751459,-0.0363235175609588,0.29255616664886469,0.29255616664886469
GS1,2004-04-30,-0.036517411470413208,-0.3935621976852417,-0.3935621976852417,-0.036517411470413201,0.29366788268089289,0.29366788268089289
GS1,2004-05-31,-0.039514273405075073,-0.40461850166320801,-0.40461850166320801,-0.039514273405074997,0.29402446746826172,0.29402446746826172
GS1,2004-06-30,-0.038934275507926941,-0.40586447715759277,-0.40586447715759277,-0.038934275507926899,0.29538065195083618,0.29538065195083618
GS1,2004-07-31,-0.041510336101055145,-0.41112422943115229,-0.41112422943115229,-0.041510336101055097,0.29809272289276117,0.29809272289276117
GS1,2004-08-31,-0.039972886443138123,-0.4158456027507782,-0.4158456027507782,-0.039972886443138102,0.3028559684753418,0.3028559684753418
GS1,2004-09-30,-0.035807907581329346,-0.41476872563362122,-0.41476872563362122,-0.035807907581329297,0.3105663657188415,0.3105663657188415
GS1,2004-10-31,-0.029566057026386261,-0.40967950224876398,-0.40967950224876398,-0.029566057026386199,0.31961902976036072,0.31961902976036072
GS1,2004-11-30,-0.026010869070887566,-0.41958519816398621,-0.41958519816398621,-0.026010870933532701,0.3349011242389679,0.3349011242389679
GS1,2004-12-31,-0.019418273121118546,-0.4189076423645019,-0.4189076423645019,-0.019418269395828198,0.34525424242019648,0.34525424242019648
GS1,2005-01-31,-0.021633436903357506,-0.42574179172515869,-0.42574179172515869,-0.0216334387660026,0.34756097197532648,0.34756097197532648
GS1,2005-02-28,-0.019478095695376396,-0.42114648222923279,-0.42114648222923279,-0.0194780975580215,0.3463427722454071,0.3463427722454071
GS1,2005-03-31,-0.020873120054602623,-0.42951130867004389,-0.42951130867004389,-0.020873121917247699,0.35171103477478027,0.35171103477478027
GS1,2005-04-30,-0.019515594467520714,-0.43141570687294001,-0.43141570687294001,-0.019515596330165801,0.3598332405090332,0.3598332405090332
GS10,2003-05-31,0.021300308406352997,-0.24908576905727381,-0.24908576905727381,0.0213003084063529,0.30111062526702881,0.30111062526702881
GS10,2003-06-30,-0.0046800603158771992,-0.2957881093025207,-0.2957881093025207,-0.0046800598502158997,0.30020397901535029,0.30020397901535029
GS10,2003-07-31,-0.017262428998947144,-0.32131534814834589,-0.32131534814834589,-0.017262428998947098,0.29717287421226501,0.29717287421226501
GS10,2003-08-31,-0.019090618938207626,-0.33123576641082758,-0.33123576641082758,-0.019090618938207599,0.30533966422080988,0.30533966422080988
GS10,2003-09-30,-0.021060209721326828,-0.3336158394813537,-0.3336158394813537,-0.0210602097213268,0.3060407936573028,0.3060407936573028
GS10,2003-10-31,-0.019594445824623108,-0.33223119378089899,-0.33223119378089899,-0.019594445824623101,0.3096433281898498,0.3096433281898498
GS10,2003-11-30,-0.017686791718006134,-0.33273312449455261,-0.33273312449455261,-0.017686791718006099,0.31383812427520752,0.31383812427520752
GS10,2003-12-31,-0.016431059688329697,-0.3325336873531341,-0.3325336873531341,-0.016431063413619901,0.31565859913825989,0.31565859913825989
GS10,2004-01-31,-0.014026271179318428,-0.32924121618270868,-0.32924121618270868,-0.014026269316673201,0.3205471932888031,0.3205471932888031
GS10,2004-02-29,-0.010354723781347275,-0.32832628488540649,-0.32832628488540649,-0.0103547237813472,0.32663115859031677,0.32663115859031677
GS10,2004-03-31,-0.010378791019320488,-0.32662540674209589,-0.32662540674209589,-0.010378792881965601,0.32819381356239319,0.32819381356239319
GS10,2004-04-30,-0.010667808353900909,-0.32953813672065729,-0.32953813672065729,-0.010667808353900901,0.33053001761436462,0.33053001761436462
GS10,2004-05-31,-0.013651309534907341,-0.33061173558235168,-0.33061173558235168,-0.0136513113975524,0.32998952269554138,0.32998952269554138
GS10,2004-06-30,-0.015852075070142746,-0.34205448627471918,-0.34205448627471918,-0.015852071344852399,0.3311326801776886,0.3311326801776886
GS10,2004-07-31,-0.017958490177989006,-0.34127470850944519,-0.34127470850944519,-0.0179584920406341,0.33167317509651179,0.33167317509651179
GS10,2004-08-31,-0.017134139314293861,-0.34310621023178101,-0.34310621023178101,-0.017134137451648698,0.3335620760917663,0.3335620760917663
GS10,2004-09-30,-0.014701200649142265,-0.33932638168334961,-0.33932638168334961,-0.014701202511787401,0.3377985954284668,0.3377985954284668
GS10,2004-10-31,-0.0092744957655668259,-0.33637982606887817,-0.33637982606887817,-0.0092744976282119005,0.34426060318946838,0.34426060318946838
GS10,2004-11-30,-0.0072698662988841534,-0.34104403853416437,-0.34104403853416437,-0.0072698667645453999,0.35579133033752441,0.35579133033752441
GS10,2004-12-31,-0.0026764885988086462,-0.33609855175018311,-0.33609855175018311,-0.0026764869689940999,0.36576947569847101,0.36576947569847101
GS10,2005-01-31,-0.00036114308750256896,-0.33684569597244263,-0.33684569597244263,-0.00036114454269400002,0.36958727240562439,0.36958727240562439
GS10,2005-02-28,0.0038109913002699614,-0.3293555080890655,-0.3293555080890655,0.003810990601778,0.37388992309570312,0.37388992309570312
GS10,2005-03-31,0.0031934776343405247,-0.32912448048591608,-0.32912448048591608,0.0031934790313242999,0.37297603487968439,0.37297603487968439
GS10,2005-04-30,0.00017073428898584098,-0.33448880910873408,-0.33448880910873408,0.00017073377966879999,0.3726753294467926,0.3726753294467926
GS5,2003-05-31,0.027205817401409149,-0.27422571182250971,-0.27422571182250971,0.027205815538764,0.33307337760925287,0.33307337760925287
GS5,2003-06-30,-0.0082401353865861893,-0.3359295129776001,-0.3359295129776001,-0.0082401335239410001,0.3288071453571319,0.3288071453571319
GS5,2003-07-31,-0.021457107737660408,-0.3662139475345611,-0.3662139475345611,-0.0214571058750152,0.32938253879547119,0.32938253879547119
GS5,2003-08-31,-0.020412558689713478,-0.37735402584075928,-0.37735402584075928,-0.020412556827068301,0.34336110949516291,0.34336110949516291
GS5,2003-09-30,-0.030324412509799004,-0.38910290598869318,-0.38910290598869318,-0.030324414372444101,0.33888646960258478,0.33888646960258478
GS5,2003-10-31,-0.028439225628972054,-0.3885059654712677,-0.3885059654712677,-0.028439223766326901,0.34516257047653198,0.34516257047653198
GS5,2003-11-30,-0.021965321153402328,-0.38596454262733459,-0.38596454262733459,-0.021965317428111999,0.35451775789260859,0.35451775789260859
GS5,2003-12-31,-0.020471688359975815,-0.38538470864295959,-0.38538470864295959,-0.020471692085266099,0.35872933268547058,0.35872933268547058
GS5,2004-01-31,-0.017055584117770195,-0.38499107956886292,-0.38499107956886292,-0.017055585980415299,0.36524057388305659,0.36524057388305659
GS5,2004-02-29,-0.01446186751127243,-0.3869751095771789,-0.3869751095771789,-0.014461867511272399,0.37245994806289667,0.37245994806289667
GS5,2004-03-31,-0.011476072482764721,-0.38401508331298828,-0.38401508331298828,-0.0114760696887969,0.37768456339836121,0.37768456339836121
GS5,2004-04-30,-0.010219281539320946,-0.38602674007415771,-0.38602674007415771,-0.010219283401966,0.38103723526000971,0.38103723526000971
GS5,2004-05-31,-0.014522640034556389,-0.39000841975212092,-0.39000841975212092,-0.0145226418972015,0.38045555353164667,0.38045555353164667
GS5,2004-06-30,-0.017230784520506859,-0.40313652157783508,-0.40313652157783508,-0.017230786383152001,0.38585761189460749,0.38585761189460749
GS5,2004-07-31,-0.020626712590456009,-0.40537407994270319,-0.40537407994270319,-0.0206267088651657,0.38164240121841431,0.38164240121841431
GS5,2004-08-31,-0.02106807753443718,-0.40947920083999628,-0.40947920083999628,-0.021068081259727402,0.3849959671497345,0.3849959671497345
GS5,2004-09-30,-0.01728028804063797,-0.40454033017158508,-0.40454033017158508,-0.017280288040637901,0.39096087217330933,0.39096087217330933
GS5,2004-10-31,-0.012175452895462513,-0.40427684783935541,-0.40427684783935541,-0.0121754556894302,0.39790382981300348,0.39790382981300348
GS5,2004-11-30,-0.0099733294919133186,-0.4098792672157287,-0.4098792672157287,-0.0099733322858810008,0.4134125411510467,0.4134125411510467
GS5,2004-12-31,-0.006350664421916008,-0.40918141603469849,-0.40918141603469849,-0.0063506662845611,0.42025908827781677,0.42025908827781677
GS5,2005-01-31,-0.0043373843654990196,-0.40965309739112848,-0.40965309739112848,-0.0043373852968214997,0.4263574481010437,0.4263574481010437
GS5,2005-02-28,-0.0022885780781507492,-0.40578487515449518,-0.40578487515449518,-0.0022885799407958,0.42780384421348572,0.42780384421348572
GS5,2005-03-31,-0.0038487513083964586,-0.40835553407669067,-0.40835553407669067,-0.0038487538695334998,0.42730647325515742,0.42730647325515742
GS5,2005-04-30,-0.0019800239242613316,-0.40884694457054138,-0.40884694457054138,-0.0019800215959548,0.43306848406791681,0.43306848406791681
HOUST,2003-05-31,7.4627161026000977,7.3784570693969727,7.3784570693969727,7.4627161026000977,7.5445446968078613,7.5445446968078613
HOUST,2003-06-30,7.4955563545227051,7.4008021354675293,7.4008021354675293,7.4955563545227051,7.5841226577758789,7.5841226577758789
HOUST,2003-07-31,7.526695728302002,7.432647705078125,7.432647705078125,7.526695728302002,7.620997428894043,7.620997428894043
HOUST,2003-08-31,7.5401577949523926,7.4397978782653809,7.4397978782653809,7.5401577949523926,7.6333479881286621,7.6333479881286621
HOUST,2003-09-30,7.5561680793762207,7.4553327560424796,7.4553327560424796,7.5561680793762207,7.6433696746826172,7.6433696746826172
HOUST,2003-10-31,7.5712804794311523,7.4731812477111816,7.4731812477111816,7.5712804794311523,7.6541585922241211,7.6541585922241211
HOUST,2003-11-30,7.5889768600463867,7.4921188354492188,7.4921188354492188,7.5889768600463867,7.6764473915100098,7.6764473915100098
HOUST,2003-12-31,7.5881586074829102,7.4964694976806641,7.4964694976806641,7.5881586074829102,7.6709775924682617,7.6709775924682617
HOUST,2004-01-31,7.5859298706054688,7.4953808784484863,7.4953808784484863,7.5859298706054688,7.6659283638000488,7.6659283638000488
HOUST,2004-02-29,7.5948123931884766,7.5015058517456046,7.5015058517456046,7.5948123931884766,7.682919979095459,7.682919979095459
HOUST,2004-03-31,7.5824875831604004,7.4978299140930176,7.4978299140930176,7.5824875831604004,7.6611723899841309,7.6611723899841309
HOUST,2004-04-30,7.5695328712463379,7.4766712188720703,7.4766712188720703,7.5695328712463379,7.6588993072509766,7.6588993072509766
HOUST,2004-05-31,7.5640664100646973,7.4856972694396973,7.4856972694396973,7.5640664100646973,7.6420717239379883,7.6420717239379883
HOUST,2004-06-30,7.5587291717529297,7.4679994583129883,7.4679994583129883,7.5587291717529297,7.6439008712768564,7.6439008712768564
HOUST,2004-07-31,7.5571117401123047,7.4703574180603027,7.4703574180603027,7.5571117401123047,7.6339621543884277,7.6339621543884277
HOUST,2004-08-31,7.5717463493347168,7.4814333915710449,7.4814333915710449,7.5717463493347168,7.6435747146606445,7.6435747146606445
HOUST,2004-09-30,7.5861477851867676,7.4937348365783691,7.4937348365783691,7.5861477851867676,7.6714677810668945,7.6714677810668945
HOUST,2004-10-31,7.5939407348632812,7.4966311454772949,7.4966311454772949,7.5939407348632812,7.6752896308898926,7.6752896308898926
HOUST,2004-11-30,7.6073598861694336,7.5198807716369629,7.5198807716369629,7.6073598861694336,7.6860060691833496,7.6860060691833496
HOUST,2004-12-31,7.6117782592773438,7.5261321067810059,7.5261321067810059,7.6117782592773438,7.685887336730957,7.685887336730957
HOUST,2005-01-31,7.6141018867492676,7.5337867736816406,7.5337867736816406,7.6141018867492676,7.6889123916625977,7.6889123916625977
HOUST,2005-02-28,7.627321720123291,7.527409553527832,7.527409553527832,7.627321720123291,7.7208981513977051,7.7208981513977051
HOUST,2005-03-31,7.6335320472717285,7.5372076034545898,7.5372076034545898,7.6335320472717276,7.727259635925293,7.727259635925293
HOUST,2005-04-30,7.6350002288818359,7.5490827560424796,7.5490827560424796,7.6350002288818359,7.718505859375,7.718505859375
HOUSTMW,2003-05-31,5.8378467559814453,5.6886653900146484,5.6886653900146484,5.8378467559814453,5.9838070869445801,5.9838070869445801
HOUSTMW,2003-06-30,5.8497714996337891,5.6803112030029297,5.6803112030029297,5.8497714996337891,6.0103654861450195,6.0103654861450195
HOUSTMW,2003-07-31,5.8650689125061035,5.6796936988830566,5.6796936988830566,5.8650689125061035,6.0328712463378906,6.0328712463378906
HOUSTMW,2003-08-31,5.8578410148620605,5.654146671295166,5.654146671295166,5.8578410148620605,6.0301690101623535,6.0301690101623535
HOUSTMW,2003-09-30,5.8454813957214355,5.6319828033447266,5.6319828033447266,5.8454813957214355,6.0251750946044922,6.0251750946044922
HOUSTMW,2003-10-31,5.8475484848022461,5.6289172172546387,5.6289172172546387,5.8475484848022461,6.0304913520812988,6.0304913520812988
HOUSTMW,2003-11-30,5.8421940803527832,5.6113476753234863,5.6113476753234863,5.8421940803527832,6.0356216430664062,6.0356216430664062
HOUSTMW,2003-12-31,5.8334870338439941,5.5869226455688477,5.5869226455688477,5.8334870338439941,6.0208539962768555,6.0208539962768555
HOUSTMW,2004-01-31,5.8223519325256348,5.5809922218322754,5.5809922218322754,5.8223519325256348,6.0201559066772461,6.0201559066772461
HOUSTMW,2004-02-29,5.8050494194030762,5.5547256469726562,5.5547256469726562,5.8050494194030762,6.0112361907958984,6.0112361907958984
HOUSTMW,2004-03-31,5.780632495880127,5.5323996543884277,5.5323996543884277,5.780632495880127,5.9896945953369141,5.9896945953369141
HOUSTMW,2004-04-30,5.755774974822998,5.4952406883239746,5.4952406883239746,5.755774974822998,5.9770011901855469,5.9770011901855469
HOUSTMW,2004-05-31,5.7535200119018555,5.4999709129333496,5.4999709129333496,5.7535200119018555,5.9703536033630371,5.9703536033630371
HOUSTMW,2004-06-30,5.7376866340637207,5.4611644744873047,5.4611644744873047,5.7376866340637207,5.9528799057006836,5.9528799057006836
HOUSTMW,2004-07-31,5.7328033447265625,5.46343994140625,5.46343994140625,5.7328033447265625,5.9517936706542969,5.9517936706542969
HOUSTMW,2004-08-31,5.726966381072998,5.4506063461303711,5.4506063461303711,5.726966381072998,5.9429383277893066,5.9429383277893066
HOUSTMW,2004-09-30,5.7066197395324707,5.4268512725830078,5.4268512725830078,5.7066197395324707,5.9326910972595215,5.9326910972595215
HOUSTMW,2004-10-31,5.707122802734375,5.4227347373962402,5.4227347373962402,5.707122802734375,5.9338388442993164,5.9338388442993164
HOUSTMW,2004-11-30,5.7056283950805664,5.4107928276062012,5.4107928276062012,5.7056283950805664,5.9384384155273438,5.9384384155273438
HOUSTMW,2004-12-31,5.7091460227966309,5.4157915115356445,5.4157915115356445,5.7091460227966309,5.9502196311950684,5.9502196311950684
HOUSTMW,2005-01-31,5.6956982612609863,5.4034667015075684,5.4034667015075684,5.6956982612609863,5.9350337982177734,5.9350337982177734
HOUSTMW,2005-02-28,5.6950397491455078,5.3946380615234375,5.3946380615234375,5.6950397491455078,5.9445428848266602,5.9445428848266602
HOUSTMW,2005-03-31,5.68707275390625,5.3903584480285645,5.3903584480285645,5.68707275390625,5.9398655891418457,5.9398655891418457
HOUSTMW,2005-04-30,5.6700406074523926,5.3700809478759766,5.3700809478759766,5.6700406074523926,5.9236106872558594,5.9236106872558594
HOUSTNE,2003-05-31,5.0000185966491699,4.848942756652832,4.848942756652832,5.0000185966491699,5.1490740776062012,5.1490740776062012
HOUSTNE,2003-06-30,5.0183119773864746,4.852989673614502,4.852989673614502,5.0183119773864746,5.1788783073425293,5.1788783073425293
HOUSTNE,2003-07-31,5.0377459526062012,4.8657259941101074,4.8657259941101074,5.0377459526062012,5.2107348442077637,5.2107348442077637
HOUSTNE,2003-08-31,5.0503129959106445,4.8678231239318848,4.8678231239318848,5.0503129959106445,5.2296557426452637,5.2296557426452637
HOUSTNE,2003-09-30,5.0602216720581055,4.8698124885559082,4.8698124885559082,5.0602216720581055,5.2370738983154297,5.2370738983154297
HOUSTNE,2003-10-31,5.0568962097167969,4.8649325370788574,4.8649325370788574,5.0568962097167969,5.2420625686645508,5.2420625686645508
HOUSTNE,2003-11-30,5.067901611328125,4.8701224327087402,4.8701224327087402,5.067901611328125,5.2604165077209473,5.2604165077209473
HOUSTNE,2003-12-31,5.0686192512512207,4.8581485748291016,4.8581485748291016,5.0686192512512207,5.2591161727905273,5.2591161727905273
HOUSTNE,2004-01-31,5.067594051361084,4.8578786849975586,4.8578786849975586,5.067594051361084,5.2638697624206543,5.2638697624206543
HOUSTNE,2004-02-29,5.0825691223144531,4.8715872764587402,4.8715872764587402,5.0825691223144531,5.285761833190918,5.285761833190918
HOUSTNE,2004-03-31,5.089026927947998,4.8820033073425293,4.8820033073425293,5.089026927947998,5.2928867340087891,5.2928867340087891
HOUSTNE,2004-04-30,5.0973963737487793,4.8884491920471191,4.8884491920471191,5.0973963737487793,5.3108997344970703,5.3108997344970703
HOUSTNE,2004-05-31,5.1029958724975586,4.8949451446533203,4.8949451446533203,5.1029958724975586,5.3047423362731934,5.3047423362731934
HOUSTNE,2004-06-30,5.1136283874511719,4.9024591445922852,4.9024591445922852,5.1136283874511719,5.3267049789428711,5.3267049789428711
HOUSTNE,2004-07-31,5.1017231941223145,4.8870143890380859,4.8870143890380859,5.1017231941223145,5.3144021034240723,5.3144021034240723
HOUSTNE,2004-08-31,5.0977983474731445,4.8835353851318359,4.8835353851318359,5.0977983474731445,5.3101005554199219,5.3101005554199219
HOUSTNE,2004-09-30,5.1090817451477051,4.8844566345214844,4.8844566345214844,5.1090817451477051,5.3315038681030273,5.3315038681030273
HOUSTNE,2004-10-31,5.1200227737426758,4.8955497741699219,4.8955497741699219,5.1200227737426758,5.3391251564025879,5.3391251564025879
HOUSTNE,2004-11-30,5.1261606216430664,4.8951230049133301,4.8951230049133301,5.1261606216430664,5.3524160385131836,5.3524160385131836
HOUSTNE,2004-12-31,5.1305651664733887,4.8955512046813965,4.8955512046813965,5.1305651664733887,5.3626670837402344,5.3626670837402344
HOUSTNE,2005-01-31,5.1372909545898438,4.9063801765441895,4.9063801765441895,5.1372909545898438,5.3727211952209473,5.3727211952209473
HOUSTNE,2005-02-28,5.1427884101867676,4.8979401588439941,4.8979401588439941,5.1427884101867676,5.3900184631347656,5.3900184631347656
HOUSTNE,2005-03-31,5.1468925476074219,4.8994441032409668,4.8994441032409668,5.1468925476074219,5.3920145034790039,5.3920145034790039
HOUSTNE,2005-04-30,5.1600890159606934,4.9163913726806641,4.9163913726806641,5.1600890159606934,5.4014759063720703,5.4014759063720703
HOUSTS,2003-05-31,6.672515869140625,6.5625519752502441,6.5625519752502441,6.672515869140625,6.7828435897827148,6.7828435897827148
HOUSTS,2003-06-30,6.7084717750549316,6.5911917686462402,6.5911917686462402,6.7084717750549316,6.8242454528808594,6.8242454528808594
HOUSTS,2003-07-31,6.7348647117614746,6.6173992156982422,6.6173992156982422,6.7348647117614746,6.8508539199829102,6.8508539199829102
HOUSTS,2003-08-31,6.7515649795532227,6.6316375732421875,6.6316375732421875,6.7515649795532227,6.8637681007385254,6.8637681007385254
HOUSTS,2003-09-30,6.7671117782592773,6.6507821083068848,6.6507821083068848,6.7671117782592773,6.8724932670593262,6.8724932670593262
HOUSTS,2003-10-31,6.7848515510559082,6.6707253456115723,6.6707253456115723,6.7848515510559082,6.8851318359375,6.8851318359375
HOUSTS,2003-11-30,6.8117704391479492,6.6982169151306152,6.6982169151306152,6.8117704391479492,6.916905403137207,6.916905403137207
HOUSTS,2003-12-31,6.8249001502990723,6.7136435508728027,6.7136435508728027,6.8249001502990723,6.9265937805175781,6.9265937805175781
HOUSTS,2004-01-31,6.8251552581787109,6.719576358795166,6.719576358795166,6.8251552581787109,6.9209527969360352,6.9209527969360352
HOUSTS,2004-02-29,6.8356046676635742,6.7266998291015625,6.7266998291015625,6.8356046676635742,6.9395303726196289,6.9395303726196289
HOUSTS,2004-03-31,6.8205094337463379,6.7218356132507324,6.7218356132507324,6.8205094337463379,6.9164619445800781,6.9164619445800781
HOUSTS,2004-04-30,6.8140549659729004,6.7073688507080078,6.7073688507080078,6.8140549659729004,6.9195146560668945,6.9195146560668945
HOUSTS,2004-05-31,6.8230757713317871,6.7269902229309082,6.7269902229309082,6.8230757713317871,6.9179306030273438,6.9179306030273438
HOUSTS,2004-06-30,6.8270297050476074,6.723020076751709,6.723020076751709,6.8270297050476074,6.9279394149780273,6.9279394149780273
HOUSTS,2004-07-31,6.8307399749755859,6.7310304641723633,6.7310304641723633,6.8307399749755859,6.9241428375244141,6.9241428375244141
HOUSTS,2004-08-31,6.8396763801574707,6.7381687164306641,6.7381687164306641,6.8396763801574707,6.9286141395568848,6.9286141395568848
HOUSTS,2004-09-30,6.8478713035583496,6.7416114807128906,6.7416114807128906,6.8478713035583496,6.9452204704284668,6.9452204704284668
HOUSTS,2004-10-31,6.8471322059631348,6.7377467155456543,6.7377467155456543,6.8471322059631348,6.9450345039367676,6.9450345039367676
HOUSTS,2004-11-30,6.8574447631835938,6.7596993446350098,6.7596993446350098,6.8574447631835938,6.9547967910766602,6.9547967910766602
HOUSTS,2004-12-31,6.8655176162719727,6.766120433807373,6.766120433807373,6.8655176162719727,6.9594216346740723,6.9594216346740723
HOUSTS,2005-01-31,6.8697671890258789,6.7774882316589355,6.7774882316589355,6.8697671890258789,6.9622745513916016,6.9622745513916016
HOUSTS,2005-02-28,6.8884034156799316,6.777681827545166,6.777681827545166,6.8884034156799316,7.0005054473876953,7.0005054473876953
HOUSTS,2005-03-31,6.8941020965576172,6.7871389389038086,6.7871389389038086,6.8941020965576172,7.0019946098327637,7.0019946098327637
HOUSTS,2005-04-30,6.8981294631958008,6.7977705001831055,6.7977705001831055,6.8981294631958008,7.0019493103027344,7.0019493103027344
HOUSTW,2003-05-31,6.1450285911560059,6.0327668190002441,6.0327668190002441,6.1450285911560059,6.2571167945861816,6.2571167945861816
HOUSTW,2003-06-30,6.171229362487793,6.057309627532959,6.057309627532959,6.171229362487793,6.2889595031738281,6.2889595031738281
HOUSTW,2003-07-31,6.1930656433105469,6.0854597091674805,6.0854597091674805,6.1930656433105469,6.3119111061096191,6.3119111061096191
HOUSTW,2003-08-31,6.2088799476623535,6.0956153869628906,6.0956153869628906,6.2088799476623535,6.3219871520996094,6.3219871520996094
HOUSTW,2003-09-30,6.2355799674987793,6.1252074241638184,6.1252074241638184,6.2355799674987793,6.3438315391540527,6.3438315391540527
HOUSTW,2003-10-31,6.2469882965087891,6.1372833251953125,6.1372833251953125,6.2469882965087891,6.3524613380432129,6.3524613380432129
HOUSTW,2003-11-30,6.2519340515136719,6.1432209014892578,6.1432209014892578,6.2519340515136719,6.3661322593688965,6.3661322593688965
HOUSTW,2003-12-31,6.2550063133239746,6.1464357376098633,6.1464357376098633,6.2550063133239746,6.3631553649902344,6.3631553649902344
HOUSTW,2004-01-31,6.2590575218200684,6.1513667106628418,6.1513667106628418,6.2590575218200684,6.3655815124511719,6.3655815124511719
HOUSTW,2004-02-29,6.263099193572998,6.1503787040710449,6.1503787040710449,6.263099193572998,6.3764753341674805,6.3764753341674805
HOUSTW,2004-03-31,6.2605438232421875,6.1524672508239746,6.1524672508239746,6.2605438232421875,6.3627133369445801,6.3627133369445801
HOUSTW,2004-04-30,6.24951171875,6.1296496391296387,6.1296496391296387,6.24951171875,6.3703360557556152,6.3703360557556152
HOUSTW,2004-05-31,6.2432537078857422,6.1408777236938477,6.1408777236938477,6.2432537078857422,6.3512520790100098,6.3512520790100098
HOUSTW,2004-06-30,6.2338323593139648,6.1197509765625,6.1197509765625,6.2338323593139648,6.3485903739929199,6.3485903739929199
HOUSTW,2004-07-31,6.2349190711975098,6.1216201782226562,6.1216201782226562,6.2349190711975098,6.3419981002807617,6.3419981002807617
HOUSTW,2004-08-31,6.2544193267822266,6.1435108184814453,6.1435108184814453,6.2544193267822266,6.3574848175048828,6.3574848175048828
HOUSTW,2004-09-30,6.2614707946777344,6.1445770263671875,6.1445770263671875,6.2614707946777344,6.380610466003418,6.380610466003418
HOUSTW,2004-10-31,6.2657375335693359,6.1448359489440918,6.1448359489440918,6.2657375335693359,6.3811464309692383,6.3811464309692383
HOUSTW,2004-11-30,6.2812848091125488,6.1665000915527344,6.1665000915527344,6.2812848091125488,6.39141845703125,6.39141845703125
HOUSTW,2004-12-31,6.2813787460327148,6.1689620018005371,6.1689620018005371,6.2813787460327148,6.3930754661560059,6.3930754661560059
HOUSTW,2005-01-31,6.2804946899414062,6.1653180122375488,6.1653180122375488,6.2804946899414062,6.3910350799560547,6.3910350799560547
HOUSTW,2005-02-28,6.2893581390380859,6.1579670906066895,6.1579670906066895,6.2893581390380859,6.4239797592163086,6.4239797592163086
HOUSTW,2005-03-31,6.2946310043334961,6.1643376350402832,6.1643376350402832,6.2946310043334961,6.4289016723632812,6.4289016723632812
HOUSTW,2005-04-30,6.2960848808288574,6.1759471893310547,6.1759471893310547,6.2960848808288574,6.4178543090820312,6.4178543090820312
HWI,2003-05-31,-71.125015258789062,-290.73052978515625,-290.73052978515625,-71.125015258789062,150.34991455078125,150.34991455078125
HWI,2003-06-30,-45.252105712890625,-277.61526489257812,-277.61526489257812,-45.252105712890625,187.16400146484375,187.16400146484375
HWI,2003-07-31,-18.478652954101562,-257.51995849609375,-257.51995849609375,-18.478652954101559,220.62699890136719,220.62699890136719
HWI,2003-08-31,-23.063653945922852,-271.25454711914062,-271.25454711914062,-23.063652038574219,222.65936279296875,222.65936279296875
HWI,2003-09-30,-54.235454559326172,-304.19827270507812,-304.19827270507812,-54.235454559326172,190.95353698730469,190.95353698730469
HWI,2003-10-31,22.966043472290039,-229.9200134277344,-229.9200134277344,22.966045379638672,270.21322631835938,270.21322631835938
HWI,2003-11-30,-29.05035400390625,-287.47052001953125,-287.47052001953125,-29.05035400390625,220.87528991699219,220.87528991699219
HWI,2003-12-31,-20.344924926757812,-286.38409423828125,-286.38409423828125,-20.344924926757812,232.62205505371097,232.62205505371097
HWI,2004-01-31,9.7648906707763672,-252.51544189453125,-252.51544189453125,9.764892578125,260.20852661132812,260.20852661132812
HWI,2004-02-29,-20.790063858032227,-285.86444091796875,-285.86444091796875,-20.790061950683594,232.52311706542969,232.52311706542969
HWI,2004-03-31,-0.27913308143615723,-266.03329467773438,-266.03329467773438,-0.27913284301757812,254.54194641113281,254.54194641113281
HWI,2004-04-30,2.0433125495910645,-267.75201416015625,-267.75201416015625,2.0433120727539062,259.79617309570312,259.79617309570312
HWI,2004-05-31,-5.5783662796020508,-272.19839477539062,-272.19839477539062,-5.5783653259277344,247.58099365234375,247.58099365234375
HWI,2004-06-30,3.1817948818206787,-270.46627807617188,-270.46627807617188,3.181793212890625,263.153076171875,263.153076171875
HWI,2004-07-31,5.1347055435180664,-268.466796875,-268.466796875,5.13470458984375,265.4307861328125,265.4307861328125
HWI,2004-08-31,-0.097947359085083008,-276.28326416015625,-276.28326416015625,-0.0979461669921875,261.56521606445312,261.56521606445312
HWI,2004-09-30,4.4946765899658203,-271.9608154296875,-271.9608154296875,4.4946784973144531,263.66021728515625,263.66021728515625
HWI,2004-10-31,6.7611246109008789,-270.03125,-270.03125,6.7611236572265625,264.96630859375,264.96630859375
HWI,2004-11-30,2.6280684471130371,-277.58837890625,-277.58837890625,2.6280670166015625,263.95755004882812,263.95755004882812
HWI,2004-12-31,5.4374027252197266,-274.28094482421875,-274.28094482421875,5.4374046325683594,271.41439819335938,271.41439819335938
HWI,2005-01-31,4.3276476860046387,-274.14157104492188,-274.14157104492188,4.3276481628417969,267.17929077148438,267.17929077148438
HWI,2005-02-28,3.2526986598968506,-274.5855712890625,-274.5855712890625,3.2526969909667969,264.37631225585938,264.37631225585938
HWI,2005-03-31,5.115992546081543,-271.06793212890625,-271.06793212890625,5.1159934997558594,266.74395751953125,266.74395751953125
HWI,2005-04-30,0.33123159408569336,-275.1116943359375,-275.1116943359375,0.33123016357421869,261.60928344726562,261.60928344726562
HWIURATIO,2003-05-31,-0.0021702693775296211,-0.032595422118902199,-0.032595422118902199,-0.0021702693775295999,0.026594940572977,0.026594940572977
HWIURATIO,2003-06-30,-0.004261653870344162,-0.037149418145418098,-0.037149418145418098,-0.0042616538703441004,0.026225274428725201,0.026225274428725201
HWIURATIO,2003-07-31,-0.0035940927919000387,-0.037754062563180903,-0.037754062563180903,-0.0035940930247306,0.027786418795585601,0.027786418795585601
HWIURATIO,2003-08-31,-0.0028339836280792952,-0.037826735526323298,-0.037826735526323298,-0.0028339838609099002,0.029118144884705498,0.029118144884705498
HWIURATIO,2003-09-30,-0.0020107580348849297,-0.037906147539615603,-0.037906147539615603,-0.0020107580348849002,0.029582988470792701,0.029582988470792701
HWIURATIO,2003-10-31,0.00043133660801686347,-0.035930376499891198,-0.035930376499891198,0.00043133646249770001,0.032311443239450399,0.032311443239450399
HWIURATIO,2003-11-30,0.00012440685532055795,-0.037272211164235999,-0.037272211164235999,0.00012440700083969999,0.031738068908452897,0.031738068908452897
HWIURATIO,2003-12-31,3.9623177144676447e-05,-0.038152400404214797,-0.038152400404214797,3.9623118937015533e-05,0.031966604292392703,0.031966604292392703
HWIURATIO,2004-01-31,0.0018182925414294004,-0.036848716437816599,-0.036848716437816599,0.0018182927742600001,0.033854193985462099,0.033854193985462099
HWIURATIO,2004-02-29,0.0015148640377447009,-0.037363827228546101,-0.037363827228546101,0.00151486415416,0.033925637602806001,0.033925637602806001
HWIURATIO,2004-03-31,0.0025108910631388426,-0.036986395716667099,-0.036986395716667099,0.0025108912959693999,0.034940753132104797,0.034940753132104797
HWIURATIO,2004-04-30,0.0034203117247670889,-0.036028098315000499,-0.036028098315000499,0.0034203114919364001,0.035479124635457902,0.035479124635457902
HWIURATIO,2004-05-31,0.0040676272474229336,-0.035611849278211503,-0.035611849278211503,0.0040676272474228998,0.035782117396592997,0.035782117396592997
HWIURATIO,2004-06-30,0.0039806733839213848,-0.035934269428253098,-0.035934269428253098,0.0039806733839212998,0.036304105073213501,0.036304105073213501
HWIURATIO,2004-07-31,0.0042481138370931149,-0.036127910017967203,-0.036127910017967203,0.0042481140699237004,0.036972042173147202,0.036972042173147202
HWIURATIO,2004-08-31,0.0037826034240424633,-0.037182074040174401,-0.037182074040174401,0.0037826034240424,0.0366857461631298,0.0366857461631298
HWIURATIO,2004-09-30,0.0040530986152589321,-0.037154555320739698,-0.037154555320739698,0.0040530986152589,0.036819119006395298,0.036819119006395298
HWIURATIO,2004-10-31,0.0049677425995469093,-0.0359354577958583,-0.0359354577958583,0.0049677425995468998,0.037516903132200199,0.037516903132200199
HWIURATIO,2004-11-30,0.0044892467558383942,-0.037095025181770297,-0.037095025181770297,0.0044892469886689997,0.036966118961572599,0.036966118961572599
HWIURATIO,2004-12-31,0.0044084889814257622,-0.036844398826360703,-0.036844398826360703,0.0044084892142563998,0.036848198622465099,0.036848198622465099
HWIURATIO,2005-01-31,0.0043118312023580074,-0.036687191575765603,-0.036687191575765603,0.0043118310859425997,0.036755505949258797,0.036755505949258797
HWIURATIO,2005-02-28,0.0041517093777656555,-0.036896333098411498,-0.036896333098411498,0.0041517096105962003,0.036092620342969797,0.036092620342969797
HWIURATIO,2005-03-31,0.0033407616429030895,-0.037797342985868398,-0.037797342985868398,0.0033407618757336998,0.035321597009897197,0.035321597009897197
HWIURATIO,2005-04-30,0.0030284076929092407,-0.037944752722978502,-0.037944752722978502,0.0030284076929092,0.035422276705503401,0.035422276705503401
INDPRO,2003-05-31,-0.00045227794907987118,-0.0073032225482164998,-0.0073032225482164998,-0.0004522779490798,0.006297524087131,0.006297524087131
INDPRO,2003-06-30,-0.00011370819993317127,-0.0075418832711874996,-0.0075418832711874996,-0.0001137081999331,0.0070387497544288002,0.0070387497544288002
INDPRO,2003-07-31,-8.1092584878206253e-05,-0.0078940354287623995,-0.0078940354287623995,-8.1092584878206253e-05,0.0073673762381075997,0.0073673762381075997
INDPRO,2003-08-31,-4.0000071749091148e-05,-0.0081171430647373009,-0.0081171430647373009,-4.0000071749091148e-05,0.0076678334735333,0.0076678334735333
INDPRO,2003-09-30,-6.8976078182458878e-05,-0.0083563290536402997,-0.0083563290536402997,-6.8976078182458878e-05,0.0076725813560187001,0.0076725813560187001
INDPRO,2003-10-31,-0.0001895613968372345,-0.0086135957390069007,-0.0086135957390069007,-0.00018956139683719999,0.0077066230587660997,0.0077066230587660997
INDPRO,2003-11-30,-1.8502818420529366e-05,-0.0086330268532037006,-0.0086330268532037006,-1.8502818420529369e-05,0.0079952608793973003,0.0079952608793973003
INDPRO,2003-12-31,0.00021382025443017483,-0.008518436923623,-0.008518436923623,0.00021382025443009999,0.0083115035668014994,0.0083115035668014994
INDPRO,2004-01-31,0.00034665153361856937,-0.0085098017007112,-0.0085098017007112,0.00034665153361849999,0.0084699932485817996,0.0084699932485817996
INDPRO,2004-02-29,0.00043301261030137539,-0.0084924343973398,-0.0084924343973398,0.00043301261030129998,0.0086955791339277996,0.0086955791339277996
INDPRO,2004-03-31,0.00052179326303303242,-0.0084212739020585996,-0.0084212739020585996,0.000521793263033,0.0088272960856556008,0.0088272960856556008
INDPRO,2004-04-30,0.00035933591425418854,-0.0085857044905423997,-0.0085857044905423997,0.00035933591425410001,0.0087272301316260997,0.0087272301316260997
INDPRO,2004-05-31,0.00023105088621377945,-0.0087776109576225003,-0.0087776109576225003,0.0002310508862137,0.0084751639515160994,0.0084751639515160994
INDPRO,2004-06-30,0.00025515677407383919,-0.0088398568332195004,-0.0088398568332195004,0.00025515677407379999,0.0086286710575221998,0.0086286710575221998
INDPRO,2004-07-31,0.00047519616782665253,-0.0087207835167645992,-0.0087207835167645992,0.0004751961678266,0.0089225126430392005,0.0089225126430392005
INDPRO,2004-08-31,0.00056574097834527493,-0.0087769348174333,-0.0087769348174333,0.00056574097834520001,0.0090372217819093999,0.0090372217819093999
INDPRO,2004-09-30,0.00039161881431937218,-0.0089609865099191006,-0.0089609865099191006,0.00039161881431930002,0.0090355807915328996,0.0090355807915328996
INDPRO,2004-10-31,0.00022618169896304607,-0.0092666484415531002,-0.0092666484415531002,0.000226181698963,0.0088553782552480004,0.0088553782552480004
INDPRO,2004-11-30,4.9006193876266479e-06,-0.0097320731729268993,-0.0097320731729268993,4.9006193876266479e-06,0.0088961757719516008,0.0088961757719516008
INDPRO,2004-12-31,-0.00012787408195436001,-0.0098817553371191007,-0.0098817553371191007,-0.0001278740819543,0.0089037474244832993,0.0089037474244832993
INDPRO,2005-01-31,-4.9705151468515396e-05,-0.0098485592752694997,-0.0098485592752694997,-4.9705151468515389e-05,0.0089864870533347008,0.0089864870533347008
INDPRO,2005-02-28,0.00015936489216983318,-0.0096393581479786994,-0.0096393581479786994,0.00015936489216980001,0.0091725569218397002,0.0091725569218397002
INDPRO,2005-03-31,0.00010677520185709,-0.0097232889384031001,-0.0097232889384031001,0.00010677520185699999,0.0091613810509443006,0.0091613810509443006
INDPRO,2005-04-30,-0.00016371975652873516,-0.0100901331752538,-0.0100901331752538,-0.00016371975652870001,0.0090286321938037005,0.0090286321938037005
INVEST,2003-05-31,-0.00220720493234694,-0.012088781222701,-0.012088781222701,-0.0022072049323469001,0.0071094203740357997,0.0071094203740357997
INVEST,2003-06-30,0.0027325607370585203,-0.007448392920196,-0.007448392920196,0.0027325607370584999,0.0124659100547432,0.0124659100547432
INVEST,2003-07-31,-0.00016590848099440336,-0.0105740260332822,-0.0105740260332822,-0.00016590859740970001,0.0097815822809933992,0.0097815822809933992
INVEST,2003-08-31,0.0011214453261345625,-0.0093909790739417007,-0.0093909790739417007,0.0011214452679269001,0.0112074939534068,0.0112074939534068
INVEST,2003-09-30,0.0028732840437442064,-0.0079103205353020997,-0.0079103205353020997,0.0028732841019518001,0.013171249069273401,0.013171249069273401
INVEST,2003-10-31,-0.0013403436169028282,-0.0122740929946303,-0.0122740929946303,-0.0013403436169028,0.0090452143922448002,0.0090452143922448002
INVEST,2003-11-30,0.0016176912467926741,-0.0094042634591460002,-0.0094042634591460002,0.0016176913050003001,0.0121716177091002,0.0121716177091002
INVEST,2003-12-31,0.0013994215987622738,-0.0097386520355938998,-0.0097386520355938998,0.0013994217151775,0.0120213748887181,0.0120213748887181
INVEST,2004-01-31,-0.004832893144339323,-0.0159280244261026,-0.0159280244261026,-0.0048328931443392996,0.0061212813016027004,0.0061212813016027004
INVEST,2004-02-29,-0.0021257733460515738,-0.0133258756250143,-0.0133258756250143,-0.0021257733460515,0.0089788530021904997,0.0089788530021904997
INVEST,2004-03-31,0.0023065113928169012,-0.0088431518524885004,-0.0088431518524885004,0.0023065114801283002,0.013525019399821699,0.013525019399821699
INVEST,2004-04-30,0.00033948049531318247,-0.010735575109720201,-0.010735575109720201,0.00033948058262460001,0.0115090114995837,0.0115090114995837
INVEST,2004-05-31,-0.0024791397154331207,-0.0135135008022189,-0.0135135008022189,-0.0024791397154330999,0.0087174437940120003,0.0087174437940120003
INVEST,2004-06-30,0.0012913213577121496,-0.0099032353609799992,-0.0099032353609799992,0.0012913214159197999,0.0125312162563204,0.0125312162563204
INVEST,2004-07-31,0.00016098955529741943,-0.011031118221580901,-0.011031118221580901,0.00016098958440120001,0.0115432608872652,0.0115432608872652
INVEST,2004-08-31,0.0014449928421527147,-0.0098826605826615992,-0.0098826605826615992,0.001444992783945,0.0128787849098443,0.0128787849098443
INVEST,2004-09-30,0.0020625051110982895,-0.0093268975615501005,-0.0093268975615501005,0.0020625050819944001,0.013399354182183699,0.013399354182183699
INVEST,2004-10-31,-0.00025988512788899243,-0.011639742180704999,-0.011639742180704999,-0.00025988509878510001,0.0110753942281007,0.0110753942281007
INVEST,2004-11-30,0.00048547645565122366,-0.0111882612109184,-0.0111882612109184,0.0004854765720665,0.011936656199395599,0.011936656199395599
INVEST,2004-12-31,0.0015700082294642925,-0.010060194879770199,-0.010060194879770199,0.0015700082585681,0.012999034486710999,0.012999034486710999
INVEST,2005-01-31,-0.0036558287683874369,-0.0153915928676724,-0.0153915928676724,-0.0036558287683874,0.0077946248929946999,0.0077946248929946999
INVEST,2005-02-28,-0.0020152654033154249,-0.013570038601756,-0.013570038601756,-0.0020152654033154002,0.0093843536451457994,0.0093843536451457994
INVEST,2005-03-31,0.0033469635527580976,-0.0082461563870310003,-0.0082461563870310003,0.0033469635527580001,0.0147871356457471,0.0147871356457471
INVEST,2005-04-30,0.0008332174620591104,-0.0108985854312777,-0.0108985854312777,0.00083321752026669998,0.0122595196589827,0.0122595196589827
IPB51222S,2003-05-31,0.012217622250318527,-0.032190155237913097,-0.032190155237913097,0.0122176224831491,0.056740202009677797,0.056740202009677797
IPB51222S,2003-06-30,0.0047377850860357285,-0.041116133332252502,-0.041116133332252502,0.0047377850860356998,0.051144916564226102,0.051144916564226102
IPB51222S,2003-07-31,0.0058267423883080482,-0.040647834539413397,-0.040647834539413397,0.0058267428539693,0.053077269345521899,0.053077269345521899
IPB51222S,2003-08-31,0.0045446348376572132,-0.042304340749978998,-0.042304340749978998,0.0045446348376572002,0.052297577261924702,0.052297577261924702
IPB51222S,2003-09-30,0.0032572669442743063,-0.043384023010730702,-0.043384023010730702,0.0032572671771049001,0.050889611244201598,0.050889611244201598
IPB51222S,2003-10-31,0.0027139710728079081,-0.043987315148115103,-0.043987315148115103,0.0027139708399771998,0.050710942596197101,0.050710942596197101
IPB51222S,2003-11-30,0.0036558974534273148,-0.043405696749687098,-0.043405696749687098,0.0036558974534273,0.051861222833394997,0.051861222833394997
IPB51222S,2003-12-31,0.0046754879876971245,-0.042787507176399203,-0.042787507176399203,0.0046754879876971002,0.052946459501981701,0.052946459501981701
IPB51222S,2004-01-31,0.003073832718655467,-0.044274408370256403,-0.044274408370256403,0.0030738329514860998,0.051078852266073199,0.051078852266073199
IPB51222S,2004-02-29,0.0029060475062578917,-0.044779859483242,-0.044779859483242,0.0029060477390885002,0.051058553159236901,0.051058553159236901
IPB51222S,2004-03-31,0.0027427952736616135,-0.044902879744768101,-0.044902879744768101,0.0027427952736616,0.051017470657825401,0.051017470657825401
IPB51222S,2004-04-30,0.0028570040594786406,-0.045021131634712198,-0.045021131634712198,0.0028570042923092001,0.0510317608714103,0.0510317608714103
IPB51222S,2004-05-31,0.0032302490435540676,-0.044115286320447901,-0.044115286320447901,0.0032302495092152998,0.050948638468980699,0.050948638468980699
IPB51222S,2004-06-30,0.0038174903020262718,-0.044398579746484701,-0.044398579746484701,0.0038174903020261998,0.052292082458734498,0.052292082458734498
IPB51222S,2004-07-31,0.003502346109598875,-0.044299349188804599,-0.044299349188804599,0.0035023456439375001,0.0520626790821552,0.0520626790821552
IPB51222S,2004-08-31,0.0026906076818704605,-0.0451947376132011,-0.0451947376132011,0.0026906076818703998,0.051313515752553898,0.051313515752553898
IPB51222S,2004-09-30,0.0027401857078075409,-0.045142576098442001,-0.045142576098442001,0.0027401857078075001,0.051164701581001198,0.051164701581001198
IPB51222S,2004-10-31,0.0032356150913983583,-0.044750269502401303,-0.044750269502401303,0.0032356148585676999,0.051767755299806498,0.051767755299806498
IPB51222S,2004-11-30,0.0034309802576899529,-0.045229997485876,-0.045229997485876,0.0034309802576898999,0.052678246051072998,0.052678246051072998
IPB51222S,2004-12-31,0.0032393233850598335,-0.045287195593118598,-0.045287195593118598,0.0032393233850598001,0.052984926849603597,0.052984926849603597
IPB51222S,2005-01-31,0.0026916919741779566,-0.045944944024085999,-0.045944944024085999,0.0026916917413472999,0.052203841507434803,0.052203841507434803
IPB51222S,2005-02-28,0.0034792595542967319,-0.044963639229536001,-0.044963639229536001,0.0034792590886354,0.052479315549135201,0.052479315549135201
IPB51222S,2005-03-31,0.0033294833265244961,-0.045067176222801202,-0.045067176222801202,0.0033294837921857001,0.0518951080739498,0.0518951080739498
IPB51222S,2005-04-30,0.0034198053181171417,-0.044786203652620302,-0.044786203652620302,0.0034198053181171001,0.052228845655918101,0.052228845655918101
IPBUSEQ,2003-05-31,-0.00072674965485930443,-0.011308113113045601,-0.011308113113045601,-0.00072674965485929998,0.0092559047043322996,0.0092559047043322996
IPBUSEQ,2003-06-30,-0.0011304230429232121,-0.012495404109358701,-0.012495404109358701,-0.0011304230429231999,0.0094394460320472006,0.0094394460320472006
IPBUSEQ,2003-07-31,-0.0012333993799984455,-0.0131634157150983,-0.0131634157150983,-0.0012333993799984,0.0096427239477633996,0.0096427239477633996
IPBUSEQ,2003-08-31,-0.00092660635709762573,-0.013219917193055101,-0.013219917193055101,-0.00092660635709760004,0.0101912934333086,0.0101912934333086
IPBUSEQ,2003-09-30,-0.00067601818591356277,-0.0132300499826669,-0.0132300499826669,-0.0006760181859135,0.0106194764375686,0.0106194764375686
IPBUSEQ,2003-10-31,-0.00065027456730604172,-0.0135811399668455,-0.0135811399668455,-0.00065027456730599998,0.0109250675886869,0.0109250675886869
IPBUSEQ,2003-11-30,-0.00018029240891337395,-0.0132836569100618,-0.0132836569100618,-0.0001802924089133,0.0115510169416666,0.0115510169416666
IPBUSEQ,2003-12-31,-0.00014063296839594841,-0.0133676622062921,-0.0133676622062921,-0.0001406329683959,0.0117907570675015,0.0117907570675015
IPBUSEQ,2004-01-31,4.2034313082695007e-05,-0.013466121628880501,-0.013466121628880501,4.2034313082695007e-05,0.0120829846709966,0.0120829846709966
IPBUSEQ,2004-02-29,0.00033389590680599213,-0.013408560305833799,-0.013408560305833799,0.00033389590680590002,0.012486150488257399,0.012486150488257399
IPBUSEQ,2004-03-31,0.00052126636728644371,-0.013216994702816001,-0.013216994702816001,0.00052126636728640002,0.012712789699435199,0.012712789699435199
IPBUSEQ,2004-04-30,0.00051312008872628212,-0.0131925381720066,-0.0131925381720066,0.00051312008872620005,0.012646242976188601,0.012646242976188601
IPBUSEQ,2004-05-31,0.00048330007120966911,-0.013307323679327901,-0.013307323679327901,0.0004833000712096,0.012601401656866001,0.012601401656866001
IPBUSEQ,2004-06-30,0.0007141907699406147,-0.0131910350173711,-0.0131910350173711,0.00071419076994059996,0.013069028034806199,0.013069028034806199
IPBUSEQ,2004-07-31,0.00081834825687110424,-0.013135133311152399,-0.013135133311152399,0.00081834825687110001,0.013188134878873801,0.013188134878873801
IPBUSEQ,2004-08-31,0.001002167584374547,-0.0131146106868982,-0.0131146106868982,0.0010021675843745,0.0133528225123882,0.0133528225123882
IPBUSEQ,2004-09-30,0.0010979790240526199,-0.012827105820178901,-0.012827105820178901,0.0010979790240526,0.0135732423514127,0.0135732423514127
IPBUSEQ,2004-10-31,0.0010290115606039762,-0.0129645802080631,-0.0129645802080631,0.0010290115606038999,0.0134797561913728,0.0134797561913728
IPBUSEQ,2004-11-30,0.0011174916289746761,-0.0130274686962366,-0.0130274686962366,0.0011174916289746,0.013867888599634099,0.013867888599634099
IPBUSEQ,2004-12-31,0.0013314888346940279,-0.0128955747932195,-0.0128955747932195,0.0013314888346939999,0.0141442827880382,0.0141442827880382
IPBUSEQ,2005-01-31,0.0014653755351901054,-0.012795152142643901,-0.012795152142643901,0.0014653755351901,0.014272898435592599,0.014272898435592599
IPBUSEQ,2005-02-28,0.001571121159940958,-0.0126099754124879,-0.0126099754124879,0.0015711211599408999,0.014260992407798699,0.014260992407798699
IPBUSEQ,2005-03-31,0.001542956568300724,-0.012657884508371299,-0.012657884508371299,0.0015429565683007,0.0142213031649589,0.0142213031649589
IPBUSEQ,2005-04-30,0.001513955881819129,-0.0127309542149305,-0.0127309542149305,0.0015139558818190999,0.0144346300512552,0.0144346300512552
IPCONGD,2003-05-31,0.0015579235041514039,-0.0072471769526599996,-0.0072471769526599996,0.0015579235041514,0.0101572107523679,0.0101572107523679
IPCONGD,2003-06-30,0.0012944196350872517,-0.0079858796671032004,-0.0079858796671032004,0.0012944196350872001,0.010268030688166599,0.010268030688166599
IPCONGD,2003-07-31,0.00096390035469084978,-0.0085802059620618005,-0.0085802059620618005,0.00096390035469080002,0.010151346214115601,0.010151346214115601
IPCONGD,2003-08-31,0.00067060627043247223,-0.0090556936338543007,-0.0090556936338543007,0.00067060627043240002,0.0100340861827135,0.0100340861827135
IPCONGD,2003-09-30,0.00079674448352307081,-0.0090151755139231005,-0.0090151755139231005,0.00079674448352300001,0.0102569265291094,0.0102569265291094
IPCONGD,2003-10-31,0.0008958401158452034,-0.0089827962219714997,-0.0089827962219714997,0.00089584011584520004,0.010383517481386601,0.010383517481386601
IPCONGD,2003-11-30,0.0010221764678135514,-0.0089103663340209995,-0.0089103663340209995,0.0010221764678135,0.0104767167940735,0.0104767167940735
IPCONGD,2003-12-31,0.0012091496028006077,-0.0087539767846465007,-0.0087539767846465007,0.0012091496028006001,0.010677109472453501,0.010677109472453501
IPCONGD,2004-01-31,0.0010784389451146126,-0.0088800853118300004,-0.0088800853118300004,0.0010784389451146,0.0106159290298819,0.0106159290298819
IPCONGD,2004-02-29,0.0011271662078797817,-0.0089228209108114,-0.0089228209108114,0.0011271662078797,0.010806472972035399,0.010806472972035399
IPCONGD,2004-03-31,0.00097047584131360054,-0.0090884352102874998,-0.0090884352102874998,0.0009704758413136,0.0107042295858263,0.0107042295858263
IPCONGD,2004-04-30,0.0008896681247279048,-0.0092062447220086999,-0.0092062447220086999,0.00088966812472790003,0.0106004169210791,0.0106004169210791
IPCONGD,2004-05-31,0.00082630699034780264,-0.0092254662886261003,-0.0092254662886261003,0.00082630699034780004,0.0105296652764081,0.0105296652764081
IPCONGD,2004-06-30,0.00083831790834665298,-0.0092668747529387006,-0.0092668747529387006,0.00083831790834659997,0.010530701838433699,0.010530701838433699
IPCONGD,2004-07-31,0.00092184229288250208,-0.0091576501727103996,-0.0091576501727103996,0.00092184229288250002,0.0106900809332728,0.0106900809332728
IPCONGD,2004-08-31,0.00092313438653945923,-0.0091933300718665002,-0.0091933300718665002,0.00092313438653940003,0.0107445586472749,0.0107445586472749
IPCONGD,2004-09-30,0.00072230875957757235,-0.0094514898955821002,-0.0094514898955821002,0.00072230875957750003,0.010640001855790599,0.010640001855790599
IPCONGD,2004-10-31,0.00053436064627021551,-0.0096767861396074,-0.0096767861396074,0.00053436064627020001,0.0104920882731676,0.0104920882731676
IPCONGD,2004-11-30,0.00041796709410846233,-0.0099892886355519,-0.0099892886355519,0.00041796709410839999,0.0105670178309082,0.0105670178309082
IPCONGD,2004-12-31,0.00050147902220487595,-0.0099575612694025005,-0.0099575612694025005,0.00050147902220480005,0.0107025541365146,0.0107025541365146
IPCONGD,2005-01-31,0.00063402543310075998,-0.0097744930535554001,-0.0097744930535554001,0.00063402543310070003,0.0107940575107932,0.0107940575107932
IPCONGD,2005-02-28,0.00091359566431492567,-0.0094533162191509992,-0.0094533162191509992,0.00091359566431489998,0.0110398828983306,0.0110398828983306
IPCONGD,2005-03-31,0.00091815239284187555,-0.0094275921583175,-0.0094275921583175,0.00091815239284179998,0.0110904732719063,0.0110904732719063
IPCONGD,2005-04-30,0.00080592057202011347,-0.0096918577328324006,-0.0096918577328324006,0.00080592057202010002,0.011131121776998,0.011131121776998
IPDCONGD,2003-05-31,0.00093473051674664021,-0.017198422923684099,-0.017198422923684099,0.00093473051674659998,0.0180327352136373,0.0180327352136373
IPDCONGD,2003-06-30,0.0019735377281904221,-0.017183229327201802,-0.017183229327201802,0.0019735377281903999,0.019663255661725901,0.019663255661725901
IPDCONGD,2003-07-31,0.0018097148276865482,-0.018324684351682601,-0.018324684351682601,0.0018097148276865001,0.0201747752726078,0.0201747752726078
IPDCONGD,2003-08-31,0.00067934440448880196,-0.020356351509690201,-0.020356351509690201,0.0006793444044888,0.019838837906718199,0.019838837906718199
IPDCONGD,2003-09-30,-0.00091720465570688248,-0.0227020867168903,-0.0227020867168903,-0.00091720465570679997,0.018803775310516298,0.018803775310516298
IPDCONGD,2003-10-31,-0.00089933443814516068,-0.023045482113957402,-0.023045482113957402,-0.00089933443814509996,0.018858291208744001,0.018858291208744001
IPDCONGD,2003-11-30,0.00083050760440528393,-0.021184695884585301,-0.021184695884585301,0.00083050760440520001,0.020380945876240699,0.020380945876240699
IPDCONGD,2003-12-31,0.0010671771597117186,-0.020743060857057499,-0.020743060857057499,0.0010671771597116999,0.020375812426209401,0.020375812426209401
IPDCONGD,2004-01-31,0.0015568949747830629,-0.020301429554819998,-0.020301429554819998,0.0015568949747830001,0.0210378151386976,0.0210378151386976
IPDCONGD,2004-02-29,0.0016853840788826346,-0.020673181861638999,-0.020673181861638999,0.0016853841952979001,0.0214890092611312,0.0214890092611312
IPDCONGD,2004-03-31,0.001335653243586421,-0.021478839218616399,-0.021478839218616399,0.0013356532435864,0.021608283743262201,0.021608283743262201
IPDCONGD,2004-04-30,-0.00029296311549842358,-0.0232878513634204,-0.0232878513634204,-0.00029296334832900001,0.0201856512576341,0.0201856512576341
IPDCONGD,2004-05-31,-0.00015153479762375355,-0.023236744105815801,-0.023236744105815801,-0.00015153479762369999,0.020316176116466501,0.020316176116466501
IPDCONGD,2004-06-30,0.0013659896794706583,-0.021476684138178801,-0.021476684138178801,0.0013659896794706,0.021555293351411799,0.021555293351411799
IPDCONGD,2004-07-31,0.0014436917845159769,-0.021003022789955101,-0.021003022789955101,0.0014436917845158999,0.021635018289089199,0.021635018289089199
IPDCONGD,2004-08-31,0.0017190430080518126,-0.0206657946109771,-0.0206657946109771,0.0017190431244671,0.021877119317650701,0.021877119317650701
IPDCONGD,2004-09-30,0.0012447478948161006,-0.021562326699495302,-0.021562326699495302,0.0012447480112314001,0.021747859194874701,0.021747859194874701
IPDCONGD,2004-10-31,0.00033478369005024433,-0.022998940199613498,-0.022998940199613498,0.00033478369005019999,0.021178815513849199,0.021178815513849199
IPDCONGD,2004-11-30,-0.0013244473375380039,-0.025433929637074401,-0.025433929637074401,-0.001324447337538,0.020388362929224899,0.020388362929224899
IPDCONGD,2004-12-31,-0.00084726326167583466,-0.024781042709946601,-0.024781042709946601,-0.00084726326167579996,0.0211331881582736,0.0211331881582736
IPDCONGD,2005-01-31,0.0011171828955411911,-0.0225901436060667,-0.0225901436060667,0.0011171828955411,0.022451749071478799,0.022451749071478799
IPDCONGD,2005-02-28,0.0015512832906097174,-0.0214400049299001,-0.0214400049299001,0.0015512832906097,0.0222061518579721,0.0222061518579721
IPDCONGD,2005-03-31,0.0019282485591247678,-0.020786624401807698,-0.020786624401807698,0.0019282484427094,0.022640556097030601,0.022640556097030601
IPDCONGD,2005-04-30,0.0013447885867208242,-0.022073997184634198,-0.022073997184634198,0.0013447885867208,0.022419514134526201,0.022419514134526201
IPDMAT,2003-05-31,-0.0023141580168157816,-0.013340552337467599,-0.013340552337467599,-0.0023141580168157001,0.0079979551956056993,0.0079979551956056993
IPDMAT,2003-06-30,-0.0010397655423730612,-0.0131482454016804,-0.0131482454016804,-0.001039765542373,0.0100207775831222,0.0100207775831222
IPDMAT,2003-07-31,-0.00022567622363567352,-0.0131115140393376,-0.0131115140393376,-0.00022567622363559999,0.0114992186427116,0.0114992186427116
IPDMAT,2003-08-31,1.9223196431994438e-05,-0.0133198769763112,-0.0133198769763112,1.9223196431994442e-05,0.012136396020650799,0.012136396020650799
IPDMAT,2003-09-30,2.6440247893333435e-05,-0.013703194446861701,-0.013703194446861701,2.6440247893333435e-05,0.0122537165880203,0.0122537165880203
IPDMAT,2003-10-31,0.00014449423179030418,-0.0137751000002026,-0.0137751000002026,0.00014449423179030001,0.012557797133922501,0.012557797133922501
IPDMAT,2003-11-30,0.00052285869605839252,-0.013643841259181499,-0.013643841259181499,0.00052285869605830004,0.013115019537508399,0.013115019537508399
IPDMAT,2003-12-31,0.00059742364101111889,-0.0135655784979462,-0.0135655784979462,0.00059742364101110002,0.0134185617789626,0.0134185617789626
IPDMAT,2004-01-31,0.0011461384128779173,-0.0131287826225161,-0.0131287826225161,0.0011461384128778999,0.0139110395684838,0.0139110395684838
IPDMAT,2004-02-29,0.0015883038286119699,-0.012781416065990901,-0.012781416065990901,0.0015883038286118999,0.0145299984142184,0.0145299984142184
IPDMAT,2004-03-31,0.0016369541408494115,-0.012854526750743301,-0.012854526750743301,0.0016369542572646999,0.0146032869815826,0.0146032869815826
IPDMAT,2004-04-30,0.0012596060987561941,-0.0131484037265181,-0.0131484037265181,0.0012596060987561,0.0143760023638606,0.0143760023638606
IPDMAT,2004-05-31,0.0011157162953168154,-0.013399907387793,-0.013399907387793,0.0011157162953168,0.0139669515192508,0.0139669515192508
IPDMAT,2004-06-30,0.0011569857597351074,-0.013458120636641899,-0.013458120636641899,0.0011569857597351,0.0141853420063853,0.0141853420063853
IPDMAT,2004-07-31,0.0012617136817425489,-0.0135421389713883,-0.0135421389713883,0.0012617136817424999,0.0144406352192163,0.0144406352192163
IPDMAT,2004-08-31,0.0014980731066316366,-0.0134190330281853,-0.0134190330281853,0.0014980731066316,0.0146128255873918,0.0146128255873918
IPDMAT,2004-09-30,0.0015268747229129076,-0.0134212682023644,-0.0134212682023644,0.0015268747229129,0.014873794279992501,0.014873794279992501
IPDMAT,2004-10-31,0.0014267254155129194,-0.0137292547151446,-0.0137292547151446,0.0014267254155128999,0.014694841578602701,0.014694841578602701
IPDMAT,2004-11-30,0.0010037790052592754,-0.0147259132936596,-0.0147259132936596,0.0010037790052592,0.0147813884541392,0.0147813884541392
IPDMAT,2004-12-31,0.00085940072312951088,-0.0148631883785128,-0.0148631883785128,0.00085940072312950004,0.0148258507251739,0.0148258507251739
IPDMAT,2005-01-31,0.0010092020966112614,-0.0147026842460036,-0.0147026842460036,0.0010092020966112,0.0149569232016801,0.0149569232016801
IPDMAT,2005-02-28,0.00096104084514081478,-0.014728772453963699,-0.014728772453963699,0.00096104084514080004,0.0147557239979505,0.0147557239979505
IPDMAT,2005-03-31,0.00077810417860746384,-0.0148205207660794,-0.0148205207660794,0.00077810417860739998,0.0146050294861197,0.0146050294861197
IPDMAT,2005-04-30,0.00063600810244679451,-0.015291306190192699,-0.015291306190192699,0.00063600810244669997,0.0146354427561163,0.0146354427561163
IPFINAL,2003-05-31,0.0013249263865873218,-0.0066495854407548002,-0.0066495854407548002,0.0013249263865873001,0.0093816351145505003,0.0093816351145505003
IPFINAL,2003-06-30,0.0012751579051837325,-0.0070787472650407999,-0.0070787472650407999,0.0012751579051837,0.0096279047429561008,0.0096279047429561008
IPFINAL,2003-07-31,0.00089648948051035404,-0.0077439555898307999,-0.0077439555898307999,0.00089648948051030005,0.0094882836565374998,0.0094882836565374998
IPFINAL,2003-08-31,0.00050734379328787327,-0.0083052972331643,-0.0083052972331643,0.00050734379328779998,0.0093443375080822996,0.0093443375080822996
IPFINAL,2003-09-30,0.00033294106833636761,-0.0086385197937488001,-0.0086385197937488001,0.00033294106833630001,0.0092129670083521999,0.0092129670083521999
IPFINAL,2003-10-31,0.0004711453802883625,-0.0086033986881375001,-0.0086033986881375001,0.0004711453802883,0.0094574093818663996,0.0094574093818663996
IPFINAL,2003-11-30,0.00085888744797557592,-0.0083147073164581992,-0.0083147073164581992,0.00085888744797550003,0.0098824612796306003,0.0098824612796306003
IPFINAL,2003-12-31,0.0011940596159547567,-0.0079993791878223003,-0.0079993791878223003,0.0011940596159546999,0.0102441729977726,0.0102441729977726
IPFINAL,2004-01-31,0.0011585658648982644,-0.0081170545890927003,-0.0081170545890927003,0.0011585658648982,0.010236263275146399,0.010236263275146399
IPFINAL,2004-02-29,0.00098845537286251783,-0.0083918441087007002,-0.0083918441087007002,0.00098845537286250005,0.0102370362728834,0.0102370362728834
IPFINAL,2004-03-31,0.00083827157504856586,-0.0085691409185527992,-0.0085691409185527992,0.00083827157504850005,0.0101683363318443,0.0101683363318443
IPFINAL,2004-04-30,0.00050560757517814636,-0.0088763320818543,-0.0088763320818543,0.00050560757517809996,0.0098600964993237998,0.0098600964993237998
IPFINAL,2004-05-31,0.00047745532356202602,-0.0089257331565022,-0.0089257331565022,0.000477455323562,0.0097646284848451007,0.0097646284848451007
IPFINAL,2004-06-30,0.00081442599184811115,-0.0085954191163181998,-0.0085954191163181998,0.00081442599184809999,0.010140281170606599,0.010140281170606599
IPFINAL,2004-07-31,0.0011319243349134922,-0.0082937162369488993,-0.0082937162369488993,0.0011319243349134,0.010519294068217199,0.010519294068217199
IPFINAL,2004-08-31,0.0010701367864385247,-0.0084385164082049994,-0.0084385164082049994,0.0010701367864385,0.010509753599762899,0.010509753599762899
IPFINAL,2004-09-30,0.0007368922233581543,-0.0088053494691847992,-0.0088053494691847992,0.00073689222335809998,0.0103051103651523,0.0103051103651523
IPFINAL,2004-10-31,0.0003781602717936039,-0.0092826802283524999,-0.0092826802283524999,0.00037816027179359999,0.0099647752940653991,0.0099647752940653991
IPFINAL,2004-11-30,4.3062726035714149e-05,-0.0098313307389615995,-0.0098313307389615995,4.3062726035714149e-05,0.0099129900336264992,0.0099129900336264992
IPFINAL,2004-12-31,0.00017589493654668331,-0.0097237806767225005,-0.0097237806767225005,0.00017589493654659999,0.010176471434533501,0.010176471434533501
IPFINAL,2005-01-31,0.00060651171952486038,-0.0093388427048920995,-0.0093388427048920995,0.00060651171952479999,0.0105721298605203,0.0105721298605203
IPFINAL,2005-02-28,0.00095295452047139406,-0.0089588575065135002,-0.0089588575065135002,0.00095295452047129995,0.010877847671508701,0.010877847671508701
IPFINAL,2005-03-31,0.00089095113798975945,-0.0090547958388923992,-0.0090547958388923992,0.00089095113798970003,0.010874828323721801,0.010874828323721801
IPFINAL,2005-04-30,0.00053768535144627094,-0.0095143420621751993,-0.0095143420621751993,0.00053768535144620004,0.0106792626902461,0.0106792626902461
IPFPNSS,2003-05-31,0.00053110695444047451,-0.0067053753882645997,-0.0067053753882645997,0.00053110695444040003,0.0077319312840700002,0.0077319312840700002
IPFPNSS,2003-06-30,0.00048648752272129059,-0.0071949427947402,-0.0071949427947402,0.0004864875227212,0.0080122780054807004,0.0080122780054807004
IPFPNSS,2003-07-31,0.00030259229242801666,-0.0076716858893632004,-0.0076716858893632004,0.00030259229242800002,0.0080550368875265,0.0080550368875265
IPFPNSS,2003-08-31,0.00011022645048797131,-0.0080490047112106999,-0.0080490047112106999,0.00011022645048790001,0.0080903489142655997,0.0080903489142655997
IPFPNSS,2003-09-30,0.00014050561003386974,-0.0081801414489746007,-0.0081801414489746007,0.0001405056100338,0.0081440694630145992,0.0081440694630145992
IPFPNSS,2003-10-31,0.00022418098524212837,-0.0082211252301931,-0.0082211252301931,0.00022418098524209999,0.0083493301644921008,0.0083493301644921008
IPFPNSS,2003-11-30,0.00035728118382394314,-0.0082186963409184993,-0.0082186963409184993,0.00035728118382389999,0.0085431672632694002,0.0085431672632694002
IPFPNSS,2003-12-31,0.00055552227422595024,-0.0080910036340355006,-0.0080910036340355006,0.00055552227422590004,0.0087809022516012001,0.0087809022516012001
IPFPNSS,2004-01-31,0.00053972098976373672,-0.0081806741654871992,-0.0081806741654871992,0.00053972098976369997,0.0088009741157293007,0.0088009741157293007
IPFPNSS,2004-02-29,0.00061366893351078033,-0.0081909531727432996,-0.0081909531727432996,0.0006136689335107,0.0090348701924084993,0.0090348701924084993
IPFPNSS,2004-03-31,0.00064394599758088589,-0.0081817889586091007,-0.0081817889586091007,0.00064394599758080002,0.0091165788471697998,0.0091165788471697998
IPFPNSS,2004-04-30,0.00042538857087492943,-0.0084005119279025996,-0.0084005119279025996,0.00042538857087489999,0.0089316749945281999,0.0089316749945281999
IPFPNSS,2004-05-31,0.00031043286435306072,-0.0085143083706498007,-0.0085143083706498007,0.00031043286435300001,0.0087226564064621006,0.0087226564064621006
IPFPNSS,2004-06-30,0.00038533611223101616,-0.0085213361307978006,-0.0085213361307978006,0.000385336112231,0.0088637778535485007,0.0088637778535485007
IPFPNSS,2004-07-31,0.00060982606373727322,-0.0083132069557905006,-0.0083132069557905006,0.00060982606373720003,0.0091553879901765996,0.0091553879901765996
IPFPNSS,2004-08-31,0.00058910669758915901,-0.0084409806877374007,-0.0084409806877374007,0.00058910669758910003,0.0091987429186700994,0.0091987429186700994
IPFPNSS,2004-09-30,0.00039807637222111225,-0.0086793154478072999,-0.0086793154478072999,0.0003980763722211,0.0091275852173566003,0.0091275852173566003
IPFPNSS,2004-10-31,0.00012105866335332394,-0.0090494044125080005,-0.0090494044125080005,0.0001210586633533,0.0088683273643255008,0.0088683273643255008
IPFPNSS,2004-11-30,-0.00012963567860424519,-0.0095403566956519994,-0.0095403566956519994,-0.0001296356786042,0.0088786212727426997,0.0088786212727426997
IPFPNSS,2004-12-31,-8.7518244981765747e-05,-0.0095029324293136007,-0.0095029324293136007,-8.7518244981765747e-05,0.0090892165899276005,0.0090892165899276005
IPFPNSS,2005-01-31,2.8025824576616287e-05,-0.0094569278880953008,-0.0094569278880953008,2.8025824576616287e-05,0.0091807926073670006,0.0091807926073670006
IPFPNSS,2005-02-28,0.000208619749173522,-0.0092461956664919003,-0.0092461956664919003,0.00020861974917350001,0.0093556009232996992,0.0093556009232996992
IPFPNSS,2005-03-31,7.9910270869731903e-05,-0.0094199487939475995,-0.0094199487939475995,7.9910270869731903e-05,0.0092869456857442006,0.0092869456857442006
IPFPNSS,2005-04-30,-0.00021310173906385899,-0.0098539851605892008,-0.0098539851605892008,-0.00021310173906380001,0.0091328499838708999,0.0091328499838708999
IPFUELS,2003-05-31,0.0022039357572793961,-0.018691033124923699,-0.018691033124923699,0.0022039356408640001,0.021453524008393201,0.021453524008393201
IPFUELS,2003-06-30,0.0014330459525808692,-0.020455026999115899,-0.020455026999115899,0.0014330460689961,0.021339436993002801,0.021339436993002801
IPFUELS,2003-07-31,0.001312532345764339,-0.0209688302129507,-0.0209688302129507,0.0013125324621796001,0.0213192999362945,0.0213192999362945
IPFUELS,2003-08-31,0.0024755201302468777,-0.020231684669852201,-0.020231684669852201,0.0024755200138314999,0.022630779072642299,0.022630779072642299
IPFUELS,2003-09-30,0.0023027993738651276,-0.020593281835317601,-0.020593281835317601,0.0023027992574498001,0.0224053356796503,0.0224053356796503
IPFUELS,2003-10-31,0.0022978768683969975,-0.020997583866119301,-0.020997583866119301,0.0022978767519816002,0.022593852132558798,0.022593852132558798
IPFUELS,2003-11-30,0.0014801905490458012,-0.021967930719256401,-0.021967930719256401,0.0014801905490458001,0.021772628650069199,0.021772628650069199
IPFUELS,2003-12-31,0.0015862098662182689,-0.022068357095122299,-0.022068357095122299,0.0015862099826335001,0.021933970972895601,0.021933970972895601
IPFUELS,2004-01-31,0.0024387042503803968,-0.021466203033924099,-0.021466203033924099,0.0024387043667957,0.022995911538600901,0.022995911538600901
IPFUELS,2004-02-29,0.0020279239397495985,-0.022147737443447099,-0.022147737443447099,0.0020279237069189002,0.0227033514529466,0.0227033514529466
IPFUELS,2004-03-31,0.0016910660779103637,-0.022534230723976999,-0.022534230723976999,0.0016910661943256001,0.022497950121760299,0.022497950121760299
IPFUELS,2004-04-30,0.0015656895702704787,-0.0226233303546905,-0.0226233303546905,0.0015656896866857999,0.022244337946176501,0.022244337946176501
IPFUELS,2004-05-31,0.0014998094411566854,-0.022684982046484899,-0.022684982046484899,0.0014998093247413,0.022182961925864199,0.022182961925864199
IPFUELS,2004-06-30,0.0014992787037044764,-0.022981315851211499,-0.022981315851211499,0.0014992784708738,0.022363459691405199,0.022363459691405199
IPFUELS,2004-07-31,0.0016123631503432989,-0.022904131561517702,-0.022904131561517702,0.0016123631503432,0.022632656618952699,0.022632656618952699
IPFUELS,2004-08-31,0.0016347719356417656,-0.0230298638343811,-0.0230298638343811,0.0016347719356416999,0.022804293781518901,0.022804293781518901
IPFUELS,2004-09-30,0.0016209427267313004,-0.023030366748571299,-0.023030366748571299,0.0016209427267312999,0.0227169953286647,0.0227169953286647
IPFUELS,2004-10-31,0.0016872152918949723,-0.023116780444979598,-0.023116780444979598,0.0016872151754796,0.022820331156253801,0.022820331156253801
IPFUELS,2004-11-30,0.0015688685234636068,-0.023583902046084401,-0.023583902046084401,0.0015688682906329001,0.0230340529233217,0.0230340529233217
IPFUELS,2004-12-31,0.0012356817023828626,-0.0241492446511983,-0.0241492446511983,0.0012356815859675,0.0228675045073032,0.0228675045073032
IPFUELS,2005-01-31,0.0013397353468462825,-0.024146787822246499,-0.024146787822246499,0.0013397354632616,0.022833410650491701,0.022833410650491701
IPFUELS,2005-02-28,0.0012751194881275296,-0.024100527167320199,-0.024100527167320199,0.0012751193717122,0.022630296647548599,0.022630296647548599
IPFUELS,2005-03-31,0.0011083370773121715,-0.024106269702315299,-0.024106269702315299,0.0011083371937274,0.022368054836988401,0.022368054836988401
IPFUELS,2005-04-30,0.0010747055057436228,-0.024490512907505001,-0.024490512907505001,0.0010747055057436,0.022448610514402299,0.022448610514402299
IPMANSICS,2003-05-31,-0.0002335419412702322,-0.0076749911531805003,-0.0076749911531805003,-0.0002335419412702,0.0072072329930961002,0.0072072329930961002
IPMANSICS,2003-06-30,0.00028180447407066822,-0.0077167479321359998,-0.0077167479321359998,0.00028180447407060002,0.0080758202821015999,0.0080758202821015999
IPMANSICS,2003-07-31,0.00029117451049387455,-0.0081124547868967004,-0.0081124547868967004,0.00029117451049380001,0.0084063429385423001,0.0084063429385423001
IPMANSICS,2003-08-31,0.00012607336975634098,-0.0085603334009647005,-0.0085603334009647005,0.0001260733697563,0.0085236448794603001,0.0085236448794603001
IPMANSICS,2003-09-30,-0.00015210779383778572,-0.0090875783935189004,-0.0090875783935189004,-0.00015210779383769999,0.0082949399948119996,0.0082949399948119996
IPMANSICS,2003-10-31,-0.00031025544740259647,-0.0093991579487918992,-0.0093991579487918992,-0.00031025544740249998,0.0082914046943187002,0.0082914046943187002
IPMANSICS,2003-11-30,8.0856028944253922e-05,-0.0091965021565556006,-0.0091965021565556006,8.0856028944253922e-05,0.008826907724142,0.008826907724142
IPMANSICS,2003-12-31,0.00030642258934676647,-0.0090738674625753992,-0.0090738674625753992,0.00030642258934670001,0.0090981880202888991,0.0090981880202888991
IPMANSICS,2004-01-31,0.00064961053431034088,-0.0087961200624703997,-0.0087961200624703997,0.00064961053431030001,0.0095297647640108993,0.0095297647640108993
IPMANSICS,2004-02-29,0.00073758489452302456,-0.0087753832340239993,-0.0087753832340239993,0.00073758489452299995,0.0097656734287738002,0.0097656734287738002
IPMANSICS,2004-03-31,0.00075196591205894947,-0.0087945181876420003,-0.0087945181876420003,0.00075196591205890003,0.0098616946488618001,0.0098616946488618001
IPMANSICS,2004-04-30,0.0003644272219389677,-0.0091655263677239002,-0.0091655263677239002,0.0003644272219389,0.0095257759094238004,0.0095257759094238004
IPMANSICS,2004-05-31,0.00014286232180893421,-0.0094618918374179996,-0.0094618918374179996,0.00014286232180890001,0.0091823786497116002,0.0091823786497116002
IPMANSICS,2004-06-30,0.00035947584547102451,-0.0093269199132918999,-0.0093269199132918999,0.00035947584547100001,0.0094382595270871995,0.0094382595270871995
IPMANSICS,2004-07-31,0.00061574648134410381,-0.0091589409857987993,-0.0091589409857987993,0.00061574648134410002,0.0097743384540081007,0.0097743384540081007
IPMANSICS,2004-08-31,0.00082083302550017834,-0.0091379014775156003,-0.0091379014775156003,0.00082083302550009995,0.0099858380854128993,0.0099858380854128993
IPMANSICS,2004-09-30,0.00061067403294146061,-0.0093678086996078005,-0.0093678086996078005,0.0006106740329414,0.0099943559616804001,0.0099943559616804001
IPMANSICS,2004-10-31,0.00027877930551767349,-0.0099054370075464006,-0.0099054370075464006,0.00027877930551759998,0.0096881315112112999,0.0096881315112112999
IPMANSICS,2004-11-30,-0.00027497159317135811,-0.010793820954859199,-0.010793820954859199,-0.0002749715931713,0.0094780419021843997,0.0094780419021843997
IPMANSICS,2004-12-31,-0.00050934893079102039,-0.011067301034927301,-0.011067301034927301,-0.00050934893079100001,0.0093926917761563995,0.0093926917761563995
IPMANSICS,2005-01-31,-0.00034645106643438339,-0.010951199568808001,-0.010951199568808001,-0.00034645106643430002,0.0095850126817822005,0.0095850126817822005
IPMANSICS,2005-02-28,-0.00011198432184755802,-0.010726258158683701,-0.010726258158683701,-0.0001119843218475,0.0097874719649553004,0.0097874719649553004
IPMANSICS,2005-03-31,-0.00014008907601237297,-0.010788792744278901,-0.010788792744278901,-0.0001400890760123,0.0098263695836066992,0.0098263695836066992
IPMANSICS,2005-04-30,-0.00055401469580829144,-0.0113287568092346,-0.0113287568092346,-0.00055401469580820004,0.0095966234803199005,0.0095966234803199005
IPMAT,2003-05-31,-0.00087310746312141418,-0.0082978596910834,-0.0082978596910834,-0.00087310746312139998,0.0061704493127763002,0.0061704493127763002
IPMAT,2003-06-30,-0.00039156130515038967,-0.0084676118567585008,-0.0084676118567585008,-0.00039156130515030001,0.0070011932402848998,0.0070011932402848998
IPMAT,2003-07-31,0.00019131624139845371,-0.0082626594230532004,-0.0082626594230532004,0.00019131624139839999,0.0079336315393447009,0.0079336315393447009
IPMAT,2003-08-31,0.00054561044089496136,-0.0081522474065422994,-0.0081522474065422994,0.00054561044089489999,0.0084362998604774007,0.0084362998604774007
IPMAT,2003-09-30,0.00058997818268835545,-0.0082892244681714994,-0.0082892244681714994,0.00058997818268830004,0.0084863612428306995,0.0084863612428306995
IPMAT,2003-10-31,0.00039007654413580894,-0.0085599562153220003,-0.0085599562153220003,0.0003900765441358,0.0083993822336195997,0.0083993822336195997
IPMAT,2003-11-30,0.00062558893114328384,-0.0085064545273780007,-0.0085064545273780007,0.00062558893114320004,0.0086491517722606,0.0086491517722606
IPMAT,2003-12-31,0.00071999384090304375,-0.0085011608898639002,-0.0085011608898639002,0.00071999384090300005,0.0088895400986075002,0.0088895400986075002
IPMAT,2004-01-31,0.00073171267285943031,-0.0086392248049377996,-0.0086392248049377996,0.00073171267285939996,0.0088606355711816995,0.0088606355711816995
IPMAT,2004-02-29,0.0010194365167990327,-0.0083984564989804996,-0.0083984564989804996,0.0010194365167989999,0.0092407539486885001,0.0092407539486885001
IPMAT,2004-03-31,0.001231237780302763,-0.0083271097391842998,-0.0083271097391842998,0.0012312377803027001,0.0094627253711222995,0.0094627253711222995
IPMAT,2004-04-30,0.0011178071144968271,-0.0083534903824328995,-0.0083534903824328995,0.0011178071144968,0.0094083026051521006,0.0094083026051521006
IPMAT,2004-05-31,0.0010879094479605556,-0.0084486883133648993,-0.0084486883133648993,0.0010879094479605,0.0092455586418508998,0.0092455586418508998
IPMAT,2004-06-30,0.0010981751838698983,-0.0085202204063534008,-0.0085202204063534008,0.0010981751838698001,0.0092699378728866005,0.0092699378728866005
IPMAT,2004-07-31,0.0013620627578347921,-0.0083826268091796996,-0.0083826268091796996,0.0013620627578347,0.0095805805176496003,0.0095805805176496003
IPMAT,2004-08-31,0.0014256120193749666,-0.0083509720861910993,-0.0083509720861910993,0.0014256120193749001,0.0096239708364009007,0.0096239708364009007
IPMAT,2004-09-30,0.0014447512803599238,-0.0083555048331617997,-0.0083555048331617997,0.0014447512803599,0.0097551587969064001,0.0097551587969064001
IPMAT,2004-10-31,0.0013478384353220463,-0.0083936173468827993,-0.0083936173468827993,0.0013478384353220001,0.0095531325787304999,0.0095531325787304999
IPMAT,2004-11-30,0.0012188818072900176,-0.0088438224047421993,-0.0088438224047421993,0.00121888180729,0.0096872728317975998,0.0096872728317975998
IPMAT,2004-12-31,0.0011127458419650793,-0.0090322904288768005,-0.0090322904288768005,0.0011127458419649999,0.0096211824566125002,0.0096211824566125002
IPMAT,2005-01-31,0.0011252197436988354,-0.0089499764144419999,-0.0089499764144419999,0.0011252197436988,0.0096996948122978002,0.0096996948122978002
IPMAT,2005-02-28,0.001377154141664505,-0.0086486134678125,-0.0086486134678125,0.0013771541416645,0.0098424889147281005,0.0098424889147281005
IPMAT,2005-03-31,0.0012155352160334587,-0.0088668661192058996,-0.0088668661192058996,0.0012155352160333999,0.0097744502127170008,0.0097744502127170008
IPMAT,2005-04-30,0.0011438783258199692,-0.0089633474126457995,-0.0089633474126457995,0.0011438783258199,0.0097886677831410997,0.0097886677831410997
IPNCONGD,2003-05-31,0.00293711107224226,-0.0063023082911967997,-0.0063023082911967997,0.0029371110722422001,0.0119714923202991,0.0119714923202991
IPNCONGD,2003-06-30,-6.2172533944249153e-05,-0.0094760293141007007,-0.0094760293141007007,-6.2172533944249153e-05,0.0092135360464453003,0.0092135360464453003
IPNCONGD,2003-07-31,0.0011867990251630545,-0.0083653945475815998,-0.0083653945475815998,0.001186799025163,0.0105469608679413,0.0105469608679413
IPNCONGD,2003-08-31,0.00080665550194680691,-0.0087140947580337004,-0.0087140947580337004,0.00080665550194679997,0.010216844268143101,0.010216844268143101
IPNCONGD,2003-09-30,0.0006174847949296236,-0.0089464671909809008,-0.0089464671909809008,0.00061748479492959997,0.010007862001657399,0.010007862001657399
IPNCONGD,2003-10-31,0.0017050335882231593,-0.0078416820615529997,-0.0078416820615529997,0.0017050335882230999,0.011094214394688599,0.011094214394688599
IPNCONGD,2003-11-30,0.0013061594218015671,-0.0082710655406117006,-0.0082710655406117006,0.0013061594218015001,0.0107225915417075,0.0107225915417075
IPNCONGD,2003-12-31,0.0012398004764690995,-0.0083322580903768002,-0.0083322580903768002,0.001239800476469,0.0105970650911331,0.0105970650911331
IPNCONGD,2004-01-31,0.00043661496601998806,-0.0091882674023509008,-0.0091882674023509008,0.00043661496601990002,0.0098157739266753006,0.0098157739266753006
IPNCONGD,2004-02-29,0.0011097559472545981,-0.0085388449952005993,-0.0085388449952005993,0.0011097559472544999,0.010578717105090601,0.010578717105090601
IPNCONGD,2004-03-31,0.0010692487703636289,-0.0085783852264285001,-0.0085783852264285001,0.0010692487703636,0.010595795698463899,0.010595795698463899
IPNCONGD,2004-04-30,0.0011397721245884895,-0.0084564555436371994,-0.0084564555436371994,0.0011397721245884,0.0105470158159732,0.0105470158159732
IPNCONGD,2004-05-31,0.0010319099528715014,-0.0086067123338579993,-0.0086067123338579993,0.0010319099528714999,0.0104214651510119,0.0104214651510119
IPNCONGD,2004-06-30,0.0010940051870420575,-0.0086826393380761008,-0.0086826393380761008,0.0010940051870420001,0.010602223686873901,0.010602223686873901
IPNCONGD,2004-07-31,0.0012068789219483733,-0.0084944600239396009,-0.0084944600239396009,0.0012068789219483,0.0107459714636206,0.0107459714636206
IPNCONGD,2004-08-31,0.0013126888079568744,-0.0084090782329439995,-0.0084090782329439995,0.0013126888079568,0.0108550321310758,0.0108550321310758
IPNCONGD,2004-09-30,0.0011133186053484678,-0.0085728531703351991,-0.0085728531703351991,0.0011133186053484,0.010628652758896301,0.010628652758896301
IPNCONGD,2004-10-31,0.0010858000023290515,-0.0085988193750381001,-0.0085988193750381001,0.0010858000023290001,0.0105868326500058,0.0105868326500058
IPNCONGD,2004-11-30,0.0010716798715293407,-0.0086758006364106993,-0.0086758006364106993,0.0010716798715293,0.010673713870346499,0.010673713870346499
IPNCONGD,2004-12-31,0.0011761425994336605,-0.0085754487663506993,-0.0085754487663506993,0.0011761425994336,0.0107911797240376,0.0107911797240376
IPNCONGD,2005-01-31,0.0010753893293440342,-0.0086778439581394005,-0.0086778439581394005,0.0010753893293439999,0.0106706451624631,0.0106706451624631
IPNCONGD,2005-02-28,0.0010281153954565525,-0.0086634326726198006,-0.0086634326726198006,0.0010281153954565,0.0105034904554486,0.0105034904554486
IPNCONGD,2005-03-31,0.0010331491939723492,-0.0086308540776371002,-0.0086308540776371002,0.0010331491939722999,0.0104428119957447,0.0104428119957447
IPNCONGD,2005-04-30,0.0011402963427826762,-0.0085412040352821003,-0.0085412040352821003,0.0011402963427825999,0.010611657053232099,0.010611657053232099
IPNMAT,2003-05-31,-0.00073392642661929131,-0.0086786709725856,-0.0086786709725856,-0.00073392642661920002,0.0074438489973544996,0.0074438489973544996
IPNMAT,2003-06-30,-0.00045695062726736069,-0.0088589712977408999,-0.0088589712977408999,-0.00045695062726730003,0.0081588663160799997,0.0081588663160799997
IPNMAT,2003-07-31,-0.00037293578498065472,-0.0090553872287273008,-0.0090553872287273008,-0.00037293578498060002,0.0085945706814527009,0.0085945706814527009
IPNMAT,2003-08-31,-0.00043855863623321056,-0.0093769244849681004,-0.0093769244849681004,-0.00043855863623319999,0.0086822304874657995,0.0086822304874657995
IPNMAT,2003-09-30,-0.00038161431439220905,-0.0095060504972933994,-0.0095060504972933994,-0.0003816143143922,0.0088326856493949005,0.0088326856493949005
IPNMAT,2003-10-31,-0.00048561999574303627,-0.0097094234079122006,-0.0097094234079122006,-0.000485619995743,0.0088256616145371992,0.0088256616145371992
IPNMAT,2003-11-30,-0.00066331285052001476,-0.0100748166441917,-0.0100748166441917,-0.00066331285052000002,0.0087565742433070998,0.0087565742433070998
IPNMAT,2003-12-31,-0.00074494862928986549,-0.0102632846683263,-0.0102632846683263,-0.00074494862928980001,0.0087317144498228992,0.0087317144498228992
IPNMAT,2004-01-31,-0.00074578099884092808,-0.0102997310459613,-0.0102997310459613,-0.0007457809988409,0.0088451877236365994,0.0088451877236365994
IPNMAT,2004-02-29,-0.00069751054979860783,-0.010294480249285601,-0.010294480249285601,-0.00069751054979860002,0.0089820828288792991,0.0089820828288792991
IPNMAT,2004-03-31,-0.0006919552106410265,-0.010328244417905801,-0.010328244417905801,-0.00069195521064100004,0.0090066231787203997,0.0090066231787203997
IPNMAT,2004-04-30,-0.00066160969436168671,-0.0102812144905328,-0.0102812144905328,-0.00066160969436159997,0.0090937595814466008,0.0090937595814466008
IPNMAT,2004-05-31,-0.00081509607844054699,-0.0104216281324625,-0.0104216281324625,-0.00081509607844050004,0.0089101623743772004,0.0089101623743772004
IPNMAT,2004-06-30,-0.00094956741668283939,-0.0106192603707313,-0.0106192603707313,-0.00094956741668280004,0.0087341209873557004,0.0087341209873557004
IPNMAT,2004-07-31,-0.00075998459942638874,-0.0105459615588188,-0.0105459615588188,-0.00075998459942630005,0.0090050790458916993,0.0090050790458916993
IPNMAT,2004-08-31,-0.00073972973041236401,-0.0106594655662775,-0.0106594655662775,-0.00073972973041230004,0.0089595997706054999,0.0089595997706054999
IPNMAT,2004-09-30,-0.00079276692122220993,-0.0108166560530662,-0.0108166560530662,-0.00079276692122219996,0.0090460982173680999,0.0090460982173680999
IPNMAT,2004-10-31,-0.00098102935589849949,-0.011021928861737199,-0.011021928861737199,-0.00098102935589839996,0.0088229440152645007,0.0088229440152645007
IPNMAT,2004-11-30,-0.0011265415232628584,-0.0115172360092401,-0.0115172360092401,-0.0011265415232628001,0.0089833401143550005,0.0089833401143550005
IPNMAT,2004-12-31,-0.001206044340506196,-0.011623386293649601,-0.011623386293649601,-0.0012060443405061,0.0090204328298567997,0.0090204328298567997
IPNMAT,2005-01-31,-0.0013773266691714525,-0.011758847162127399,-0.011758847162127399,-0.0013773266691714,0.0089643094688652992,0.0089643094688652992
IPNMAT,2005-02-28,-0.0012531846296042204,-0.0115473698824644,-0.0115473698824644,-0.0012531846296042,0.0089894849807024002,0.0089894849807024002
IPNMAT,2005-03-31,-0.0013083668891340494,-0.011713707819581001,-0.011713707819581001,-0.001308366889134,0.0090004969388245998,0.0090004969388245998
IPNMAT,2005-04-30,-0.0012970806565135717,-0.011771418154239601,-0.011771418154239601,-0.0012970806565135,0.0090629234910010997,0.0090629234910010997
ISRATIOx,2003-05-31,-0.00039973936509341002,-0.019223352894186901,-0.019223352894186901,-0.00039973948150870002,0.017061652615666299,0.017061652615666299
ISRATIOx,2003-06-30,0.00058238161727786064,-0.019202096387743901,-0.019202096387743901,0.00058238161727780003,0.018818568438291501,0.018818568438291501
ISRATIOx,2003-07-31,0.00068417482543736696,-0.0194273311644792,-0.0194273311644792,0.00068417470902200003,0.019123351201415,0.019123351201415
ISRATIOx,2003-08-31,0.00051771721336990595,-0.019953818991780201,-0.019953818991780201,0.00051771709695449999,0.0190926529467105,0.0190926529467105
ISRATIOx,2003-09-30,-0.00073531933594495058,-0.021080639213323499,-0.021080639213323499,-0.00073531921952960002,0.017860386520624098,0.017860386520624098
ISRATIOx,2003-10-31,-0.00023378996411338449,-0.020730698481202101,-0.020730698481202101,-0.00023378990590569999,0.018349083140492401,0.018349083140492401
ISRATIOx,2003-11-30,-0.00079408206511288881,-0.0212675388902425,-0.0212675388902425,-0.00079408194869749998,0.017963701859116499,0.017963701859116499
ISRATIOx,2003-12-31,-0.00047718908172100782,-0.0211041439324617,-0.0211041439324617,-0.0004771891981363,0.018333487212657901,0.018333487212657901
ISRATIOx,2004-01-31,-0.00028776397812180221,-0.021013181656599,-0.021013181656599,-0.00028776400722559998,0.018555013462901102,0.018555013462901102
ISRATIOx,2004-02-29,-0.00071900757029652596,-0.021695932373404499,-0.021695932373404499,-0.00071900757029650004,0.018054837360978099,0.018054837360978099
ISRATIOx,2004-03-31,-0.00075713580008596182,-0.0217040032148361,-0.0217040032148361,-0.00075713591650120005,0.0180338844656944,0.0180338844656944
ISRATIOx,2004-04-30,-0.00033687331597320735,-0.021313754841685201,-0.021313754841685201,-0.00033687334507700003,0.01838762126863,0.01838762126863
ISRATIOx,2004-05-31,-0.00045373954344540834,-0.021336162462830498,-0.021336162462830498,-0.00045373942703,0.0182285718619823,0.0182285718619823
ISRATIOx,2004-06-30,-0.00052416761172935367,-0.0215912479907274,-0.0215912479907274,-0.00052416766993700005,0.0183361303061246,0.0183361303061246
ISRATIOx,2004-07-31,-0.00020817699260078371,-0.021283432841300898,-0.021283432841300898,-0.00020817690528919999,0.018818408250808698,0.018818408250808698
ISRATIOx,2004-08-31,-0.00087228755000978708,-0.022039709612727099,-0.022039709612727099,-0.00087228743359439999,0.018358174711465801,0.018358174711465801
ISRATIOx,2004-09-30,-0.00087894767057150602,-0.022063385695218998,-0.022063385695218998,-0.00087894778698679999,0.018136236816644599,0.018136236816644599
ISRATIOx,2004-10-31,-0.00014639139408245683,-0.0211831144988536,-0.0211831144988536,-0.00014639133587469999,0.0189200043678283,0.0189200043678283
ISRATIOx,2004-11-30,0.00013714458327740431,-0.0211640689522027,-0.0211640689522027,0.00013714469969270001,0.019484374672174402,0.019484374672174402
ISRATIOx,2004-12-31,0.00027294422034174204,-0.021182237192988299,-0.021182237192988299,0.00027294410392639999,0.0197928752750158,0.0197928752750158
ISRATIOx,2005-01-31,0.00056689465418457985,-0.021017657592892602,-0.021017657592892602,0.00056689465418450005,0.0200013350695371,0.0200013350695371
ISRATIOx,2005-02-28,0.00039488158654421568,-0.020976008847355801,-0.020976008847355801,0.00039488170295949999,0.019719993695616701,0.019719993695616701
ISRATIOx,2005-03-31,0.00050061417277902365,-0.020716093480586999,-0.020716093480586999,0.00050061428919430005,0.019759073853492699,0.019759073853492699
ISRATIOx,2005-04-30,0.00077616702765226364,-0.020602066069841302,-0.020602066069841302,0.0007761670276522,0.020067699253559099,0.020067699253559099
M1SL,2003-05-31,7.1287482569459826e-05,-0.0058724428527056997,-0.0058724428527056997,7.1287504397332668e-05,0.0058852466754615003,0.0058852466754615003
M1SL,2003-06-30,-0.00085553067037835717,-0.0070312097668647003,-0.0070312097668647003,-0.00085553061217059998,0.0051746699027717001,0.0051746699027717001
M1SL,2003-07-31,0.00056999071966856718,-0.0057347188703715003,-0.0057347188703715003,0.00056999071966849996,0.0066986056044696998,0.0066986056044696998
M1SL,2003-08-31,0.00072808971162885427,-0.0056333220563828,-0.0056333220563828,0.00072808976983650001,0.0069407313130795002,0.0069407313130795002
M1SL,2003-09-30,-0.0002464756544213742,-0.0066967676393686996,-0.0066967676393686996,-0.0002464756835252,0.0060258577577769002,0.0060258577577769002
M1SL,2003-10-31,0.00044740812154486775,-0.0060951123014092003,-0.0060951123014092003,0.00044740806333720001,0.0067909494973718999,0.0067909494973718999
M1SL,2003-11-30,0.00047157279914245009,-0.0061054723337292003,-0.0061054723337292003,0.0004715727991424,0.0068971067667007004,0.0068971067667007004
M1SL,2003-12-31,0.00021862820722162724,-0.0063864798285067003,-0.0063864798285067003,0.00021862820722159999,0.0067040873691439004,0.0067040873691439004
M1SL,2004-01-31,0.00032907904824241996,-0.0063859168440103002,-0.0063859168440103002,0.00032907904824240001,0.0068105403333902003,0.0068105403333902003
M1SL,2004-02-29,0.00015696468472015113,-0.0065516266040502999,-0.0065516266040502999,0.00015696464106439999,0.006621275562793,0.006621275562793
M1SL,2004-03-31,0.00025970925344154239,-0.0064210472628474001,-0.0064210472628474001,0.00025970925344149999,0.0066873920150101003,0.0066873920150101003
M1SL,2004-04-30,0.00032062726677395403,-0.0063025052659212997,-0.0063025052659212997,0.00032062729587769998,0.0067754583433270003,0.0067754583433270003
M1SL,2004-05-31,0.00020345239317975938,-0.0064657824113965,-0.0064657824113965,0.00020345236407590001,0.0066584446467459002,0.0066584446467459002
M1SL,2004-06-30,0.00035672532976604998,-0.0062355897389352001,-0.0062355897389352001,0.00035672535886979999,0.0068449447862802999,0.0068449447862802999
M1SL,2004-07-31,0.00031080623739399016,-0.0063067171722649999,-0.0063067171722649999,0.00031080620829010002,0.0068298191763460003,0.0068298191763460003
M1SL,2004-08-31,0.00028324004961177707,-0.0063223410397768003,-0.0063223410397768003,0.00028324010781939998,0.0067857317626476002,0.0067857317626476002
M1SL,2004-09-30,0.00027490901993587613,-0.0062622684054076004,-0.0062622684054076004,0.00027490907814350002,0.0066848271526395997,0.0066848271526395997
M1SL,2004-10-31,0.00027202535420656204,-0.0062482627108693001,-0.0062482627108693001,0.00027202535420650003,0.0066642994061111996,0.0066642994061111996
M1SL,2004-11-30,0.00033617881126701832,-0.0062454268336296003,-0.0062454268336296003,0.000336178811267,0.0067852805368601998,0.0067852805368601998
M1SL,2004-12-31,0.00022184720728546381,-0.0063555603846907,-0.0063555603846907,0.0002218472072854,0.0067002400755882003,0.0067002400755882003
M1SL,2005-01-31,0.00020696087449323386,-0.0063749100081622002,-0.0063749100081622002,0.0002069608890451,0.0067077558487653004,0.0067077558487653004
M1SL,2005-02-28,9.3036243924871087e-05,-0.0063500222750008002,-0.0063500222750008002,9.3036214821040644e-05,0.0065202214755117,0.0065202214755117
M1SL,2005-03-31,0.00013878822210244834,-0.0062924730591475001,-0.0062924730591475001,0.00013878825120620001,0.006615228485316,0.006615228485316
M1SL,2005-04-30,0.00021095976990181953,-0.0062976414337753998,-0.0062976414337753998,0.00021095975534989999,0.0067986603826284001,0.0067986603826284001
M2REAL,2003-05-31,0.006079766433686018,0.00074277969542889996,0.00074277969542889996,0.0060797664336859998,0.011541930958628601,0.011541930958628601
M2REAL,2003-06-30,0.0047019226476550102,-0.0009848559275269001,-0.0009848559275269001,0.0047019226476549998,0.010730791836977,0.010730791836977
M2REAL,2003-07-31,0.0040457034483551979,-0.0018467232584953,-0.0018467232584953,0.0040457034483550999,0.0103617664426565,0.0103617664426565
M2REAL,2003-08-31,0.0037931385450065136,-0.0022332351654767001,-0.0022332351654767001,0.0037931385450065002,0.0102741885930299,0.0102741885930299
M2REAL,2003-09-30,0.0036586932837963104,-0.0023476951755583,-0.0023476951755583,0.0036586932837963,0.0102416612207889,0.0102416612207889
M2REAL,2003-10-31,0.0036614094860851765,-0.0024195499718189001,-0.0024195499718189001,0.0036614094860851001,0.010350337252020799,0.010350337252020799
M2REAL,2003-11-30,0.0036088090855628252,-0.0026097893714904,-0.0026097893714904,0.0036088090855628,0.0103706140071153,0.0103706140071153
M2REAL,2003-12-31,0.0035327479708939791,-0.0027964543551205999,-0.0027964543551205999,0.0035327479708939001,0.0103733241558074,0.0103733241558074
M2REAL,2004-01-31,0.0034065386280417442,-0.0028639468364416998,-0.0028639468364416998,0.0034065386280417,0.010370867326855601,0.010370867326855601
M2REAL,2004-02-29,0.003361996728926897,-0.0030001574195921,-0.0030001574195921,0.0033619967289267999,0.0103888548910617,0.0103888548910617
M2REAL,2004-03-31,0.0033434827346354723,-0.0030758818611502001,-0.0030758818611502001,0.0033434827346353999,0.0104369446635246,0.0104369446635246
M2REAL,2004-04-30,0.0033248206600546837,-0.0031693587079643999,-0.0031693587079643999,0.0033248206600546,0.0104104187339544,0.0104104187339544
M2REAL,2004-05-31,0.0032832575961947441,-0.0031495527364313,-0.0031495527364313,0.0032832575961946999,0.0104523561894893,0.0104523561894893
M2REAL,2004-06-30,0.0033001040574163198,-0.0034015341661869998,-0.0034015341661869998,0.0033001040574162999,0.0105041097849607,0.0105041097849607
M2REAL,2004-07-31,0.0032806689850986004,-0.0034326789900659999,-0.0034326789900659999,0.0032806689850986,0.010513775050640099,0.010513775050640099
M2REAL,2004-08-31,0.0033563277684152126,-0.003421545960009,-0.003421545960009,0.0033563277684152001,0.0105921011418104,0.0105921011418104
M2REAL,2004-09-30,0.0033526842016726732,-0.0034023271873593001,-0.0034023271873593001,0.0033526842016725999,0.0105611849576234,0.0105611849576234
M2REAL,2004-10-31,0.0033181365579366684,-0.0034394655376671999,-0.0034394655376671999,0.0033181365579365999,0.010519890114665,0.010519890114665
M2REAL,2004-11-30,0.003333911532536149,-0.0035945894196628999,-0.0035945894196628999,0.0033339115325361,0.0106639508157968,0.0106639508157968
M2REAL,2004-12-31,0.00331499008461833,-0.0036421972326933999,-0.0036421972326933999,0.0033149900846183001,0.0106741059571504,0.0106741059571504
M2REAL,2005-01-31,0.0033204401843249798,-0.0036531127989292002,-0.0036531127989292002,0.0033204401843249,0.0107335057109594,0.0107335057109594
M2REAL,2005-02-28,0.0033203433267772198,-0.0036753490567206998,-0.0036753490567206998,0.0033203433267771998,0.0107271745800971,0.0107271745800971
M2REAL,2005-03-31,0.0033285063691437244,-0.0036992076784372,-0.0036992076784372,0.0033285063691437002,0.0106987934559583,0.0106987934559583
M2REAL,2005-04-30,0.0033178571611642838,-0.0037398822605609,-0.0037398822605609,0.0033178571611642001,0.0107217580080032,0.0107217580080032
M2SL,2003-05-31,0.00011192724923603237,-0.0027368823066353,-0.0027368823066353,0.00011192727833979999,0.0029296232387422999,0.0029296232387422999
M2SL,2003-06-30,-0.00035301013849675655,-0.0033084235619753001,-0.0033084235619753001,-0.00035301013849670001,0.0025805602781474,0.0025805602781474
M2SL,2003-07-31,0.00021610538533423096,-0.0027706578839570002,-0.0027706578839570002,0.0002161053998861,0.0031829788349567998,0.0031829788349567998
M2SL,2003-08-31,5.2508792578009889e-05,-0.0029795507434755,-0.0029795507434755,5.2508781664073467e-05,0.0030411987099796,0.0030411987099796
M2SL,2003-09-30,-6.8515364546328783e-05,-0.0030942214652894999,-0.0030942214652894999,-6.8515364546328783e-05,0.0029398796614259,0.0029398796614259
M2SL,2003-10-31,0.00026927742874249816,-0.0027878354303538001,-0.0027878354303538001,0.00026927742874239998,0.0032832792494446,0.0032832792494446
M2SL,2003-11-30,7.9914520028978586e-05,-0.0030206360388547,-0.0030206360388547,7.9914490925148129e-05,0.0031302038114516999,0.0031302038114516999
M2SL,2003-12-31,-5.6774293625494465e-05,-0.0031869723461568,-0.0031869723461568,-5.6774297263473272e-05,0.0030189871322362999,0.0030189871322362999
M2SL,2004-01-31,2.9984348657308146e-05,-0.0031031067483127,-0.0031031067483127,2.9984337743371725e-05,0.0031166230328381001,0.0031166230328381001
M2SL,2004-02-29,2.2397551219910383e-05,-0.0031060061883181,-0.0031060061883181,2.2397551219910383e-05,0.0031141201034188002,0.0031141201034188002
M2SL,2004-03-31,7.2215741965919733e-05,-0.0030410990584641001,-0.0030410990584641001,7.2215741965919733e-05,0.0031755177769808999,0.0031755177769808999
M2SL,2004-04-30,1.742674157867441e-06,-0.0031514838337897999,-0.0031514838337897999,1.7426791600883007e-06,0.0031401189044116999,0.0031401189044116999
M2SL,2004-05-31,-8.9123586803907529e-06,-0.0031946850940585002,-0.0031946850940585002,-8.9123495854437351e-06,0.0031271658372132999,0.0031271658372132999
M2SL,2004-06-30,0.00011402928794268519,-0.0031136688776313998,-0.0031136688776313998,0.0001140292733907,0.003265859093517,0.003265859093517
M2SL,2004-07-31,0.00010345962073188275,-0.0031349423807113998,-0.0031349423807113998,0.00010345963528369999,0.0032656386028975001,0.0032656386028975001
M2SL,2004-08-31,4.3405463657109067e-05,-0.0031921472400426002,-0.0031921472400426002,4.3405452743172646e-05,0.0031717775855213,0.0031717775855213
M2SL,2004-09-30,5.7377332268515602e-05,-0.0031409934163092999,-0.0031409934163092999,5.7377328630536795e-05,0.0031651337631046,0.0031651337631046
M2SL,2004-10-31,7.025130616966635e-05,-0.0030899455305188001,-0.0030899455305188001,7.0251291617751122e-05,0.0031695021316408998,0.0031695021316408998
M2SL,2004-11-30,3.4672730180318467e-06,-0.0031665475107729001,-0.0031665475107729001,3.467255737632513e-06,0.0031520233023910999,0.0031520233023910999
M2SL,2004-12-31,-3.2057134376373142e-05,-0.0032162913121282998,-0.0032162913121282998,-3.2057112548500299e-05,0.0031053915154188,0.0031053915154188
M2SL,2005-01-31,-3.0042581784073263e-05,-0.0032159148249775002,-0.0032159148249775002,-3.0042603611946103e-05,0.0031495669391006001,0.0031495669391006001
M2SL,2005-02-28,-5.8153513236902654e-05,-0.0031984967645257,-0.0031984967645257,-5.8153527788817883e-05,0.0030800702515989,0.0030800702515989
M2SL,2005-03-31,-1.8247417756356299e-05,-0.0031821825541555001,-0.0031821825541555001,-1.8247403204441071e-05,0.0031277555972336999,0.0031277555972336999
M2SL,2005-04-30,3.7118952604942024e-05,-0.0031585525721311001,-0.0031585525721311001,3.7118938053026795e-05,0.0032462538219987999,0.0032462538219987999
MANEMP,2003-05-31,-0.0060050273314118385,-0.0090183420106768001,-0.0090183420106768001,-0.0060050273314118004,-0.0033411036711186001,-0.0033411036711186001
MANEMP,2003-06-30,-0.0056603634729981422,-0.0091932211071252008,-0.0091932211071252008,-0.0056603634729980997,-0.0025410952512173999,-0.0025410952512173999
MANEMP,2003-07-31,-0.0053254561498761177,-0.0093017155304551003,-0.0093017155304551003,-0.0053254561498761004,-0.0018436340615153,-0.0018436340615153
MANEMP,2003-08-31,-0.0050924895331263542,-0.0093845166265964005,-0.0093845166265964005,-0.0050924895331262996,-0.0013433599378912999,-0.0013433599378912999
MANEMP,2003-09-30,-0.0047881505452096462,-0.0093242190778254994,-0.0093242190778254994,-0.0047881505452096003,-0.0008312566205859,-0.0008312566205859
MANEMP,2003-10-31,-0.0046035991981625557,-0.0093702254816889,-0.0093702254816889,-0.0046035991981625002,-0.00041727058123790001,-0.00041727058123790001
MANEMP,2003-11-30,-0.004391075111925602,-0.0093322033062577005,-0.0093322033062577005,-0.0043910751119256002,-6.9616013206541538e-05,-6.9616013206541538e-05
MANEMP,2003-12-31,-0.0041054091416299343,-0.0092059671878814003,-0.0092059671878814003,-0.0041054091416298996,0.00031175510957829998,0.00031175510957829998
MANEMP,2004-01-31,-0.0039348308928310871,-0.0091543495655058999,-0.0091543495655058999,-0.0039348308928310004,0.00059475004672999998,0.00059475004672999998
MANEMP,2004-02-29,-0.0037533598951995373,-0.0090619437396526007,-0.0090619437396526007,-0.0037533598951995,0.00090390595141789996,0.00090390595141789996
MANEMP,2004-03-31,-0.003639227943494916,-0.0090153161436319004,-0.0090153161436319004,-0.0036392279434948999,0.0011083505232818,0.0011083505232818
MANEMP,2004-04-30,-0.0035003337543457747,-0.0089776050299406,-0.0089776050299406,-0.0035003337543457001,0.0012311495956963999,0.0012311495956963999
MANEMP,2004-05-31,-0.0033440354745835066,-0.0089244507253169996,-0.0089244507253169996,-0.0033440354745835001,0.001305149809923,0.001305149809923
MANEMP,2004-06-30,-0.0032098647207021713,-0.0088599883019924008,-0.0088599883019924008,-0.0032098647207021002,0.0015455489046871001,0.0015455489046871001
MANEMP,2004-07-31,-0.0030463100410997868,-0.0087140854448079993,-0.0087140854448079993,-0.0030463100410997,0.0017540478147566,0.0017540478147566
MANEMP,2004-08-31,-0.002873309887945652,-0.0086313681676983001,-0.0086313681676983001,-0.0028733098879456,0.0018916104454547,0.0018916104454547
MANEMP,2004-09-30,-0.002781685208901763,-0.0085410634055733004,-0.0085410634055733004,-0.0027816852089017001,0.0019685942388605001,0.0019685942388605001
MANEMP,2004-10-31,-0.0026896314229816198,-0.008441274985671,-0.008441274985671,-0.0026896314229815999,0.0020430872682482,0.0020430872682482
MANEMP,2004-11-30,-0.0026291862595826387,-0.0085329674184321993,-0.0085329674184321993,-0.0026291862595826001,0.0021925259497947002,0.0021925259497947002
MANEMP,2004-12-31,-0.002564587164670229,-0.0085343280807137004,-0.0085343280807137004,-0.0025645871646701999,0.0022907873499206999,0.0022907873499206999
MANEMP,2005-01-31,-0.0025245414581149817,-0.0084870206192134996,-0.0084870206192134996,-0.0025245414581149001,0.0022860369062982001,0.0022860369062982001
MANEMP,2005-02-28,-0.0023818062618374825,-0.0083872992545365992,-0.0083872992545365992,-0.0023818062618374001,0.0024106136406771002,0.0024106136406771002
MANEMP,2005-03-31,-0.0023952724877744913,-0.0083774775266646992,-0.0083774775266646992,-0.0023952724877743998,0.0023818959016351999,0.0023818959016351999
MANEMP,2005-04-30,-0.0024021773133426905,-0.0084245279431342992,-0.0084245279431342992,-0.0024021773133425998,0.0024517332203685999,0.0024517332203685999
NDMANEMP,2003-05-31,-0.0042276219464838505,-0.0071081430651246998,-0.0071081430651246998,-0.0042276219464838002,-0.0018259303178638001,-0.0018259303178638001
NDMANEMP,2003-06-30,-0.0041340100578963757,-0.0073802447877824003,-0.0073802447877824003,-0.0041340100578963002,-0.0015619529876857001,-0.0015619529876857001
NDMANEMP,2003-07-31,-0.0040061217732727528,-0.0074876518920063001,-0.0074876518920063001,-0.0040061217732726999,-0.0012490216176956001,-0.0012490216176956001
NDMANEMP,2003-08-31,-0.0039072656072676182,-0.0075698774307965998,-0.0075698774307965998,-0.0039072656072676,-0.0010246307356282999,-0.0010246307356282999
NDMANEMP,2003-09-30,-0.0037134662270545959,-0.0075386278331279,-0.0075386278331279,-0.0037134662270545001,-0.00074637786019589997,-0.00074637786019589997
NDMANEMP,2003-10-31,-0.0036388046573847532,-0.0075622177682816002,-0.0075622177682816002,-0.0036388046573846999,-0.00053828489035359997,-0.00053828489035359997
NDMANEMP,2003-11-30,-0.0035996236838400364,-0.0076313959434628001,-0.0076313959434628001,-0.00359962368384,-0.00043982185889029999,-0.00043982185889029999
NDMANEMP,2003-12-31,-0.003529123030602932,-0.0076576857827603002,-0.0076576857827603002,-0.0035291230306028999,-0.00035646965261540003,-0.00035646965261540003
NDMANEMP,2004-01-31,-0.0035078383516520262,-0.0077039105817675001,-0.0077039105817675001,-0.0035078383516520002,-0.00027477846015240001,-0.00027477846015240001
NDMANEMP,2004-02-29,-0.0034377984702587128,-0.0076825362630187997,-0.0076825362630187997,-0.0034377984702587002,-0.0001376514555886,-0.0001376514555886
NDMANEMP,2004-03-31,-0.003433251054957509,-0.0077106561511754001,-0.0077106561511754001,-0.0034332510549574999,-9.7616342827677727e-05,-9.7616342827677727e-05
NDMANEMP,2004-04-30,-0.0034732164349406958,-0.0077669196762144002,-0.0077669196762144002,-0.0034732164349405999,-0.00012599164620039999,-0.00012599164620039999
NDMANEMP,2004-05-31,-0.0034718753304332495,-0.0077667464502155,-0.0077667464502155,-0.0034718753304332,-0.00015814509242770001,-0.00015814509242770001
NDMANEMP,2004-06-30,-0.003427611431106925,-0.0077502732165156997,-0.0077502732165156997,-0.0034276114311068999,-7.7278818935155869e-06,-7.7278818935155869e-06
NDMANEMP,2004-07-31,-0.0033509214408695698,-0.0077361403964459003,-0.0077361403964459003,-0.0033509214408695,7.4175652116537094e-05,7.4175652116537094e-05
NDMANEMP,2004-08-31,-0.0033356579951941967,-0.0077558211050926997,-0.0077558211050926997,-0.0033356579951941,0.0001191968331113,0.0001191968331113
NDMANEMP,2004-09-30,-0.0032874273601919413,-0.0077334367670118002,-0.0077334367670118002,-0.0032874273601919001,0.0001982211833819,0.0001982211833819
NDMANEMP,2004-10-31,-0.0032691748347133398,-0.0077202483080326999,-0.0077202483080326999,-0.0032691748347132999,0.00021785544231530001,0.00021785544231530001
NDMANEMP,2004-11-30,-0.0032847065012902021,-0.0078925415873527006,-0.0078925415873527006,-0.0032847065012902,0.00027578487060959998,0.00027578487060959998
NDMANEMP,2004-12-31,-0.0032804533839225769,-0.0079151168465614007,-0.0079151168465614007,-0.0032804533839225001,0.0003420476568862,0.0003420476568862
NDMANEMP,2005-01-31,-0.0032888967543840408,-0.0079214535653591,-0.0079214535653591,-0.0032888967543840001,0.00035486801061770002,0.00035486801061770002
NDMANEMP,2005-02-28,-0.0032457080669701099,-0.0079221082851289992,-0.0079221082851289992,-0.0032457080669701,0.00037536246236409998,0.00037536246236409998
NDMANEMP,2005-03-31,-0.0032583510037511587,-0.0079285306856035995,-0.0079285306856035995,-0.0032583510037511002,0.00037297420203679998,0.00037297420203679998
NDMANEMP,2005-04-30,-0.0032616141252219677,-0.0079841818660497006,-0.0079841818660497006,-0.0032616141252219,0.00040332414209839998,0.00040332414209839998
NONBORRES,2003-05-31,-0.018879968672990799,-0.048453550785779897,-0.048453550785779897,-0.018879968672990799,0.0121689208317548,0.0121689208317548
NONBORRES,2003-06-30,-0.008957618847489357,-0.040258113294839797,-0.040258113294839797,-0.0089576188474892997,0.022605935111641801,0.022605935111641801
NONBORRES,2003-07-31,0.011117874644696712,-0.021283736452460199,-0.021283736452460199,0.0111178746446967,0.044685598462819998,0.044685598462819998
NONBORRES,2003-08-31,0.0038516013883054256,-0.029579827561974501,-0.029579827561974501,0.0038516012718900999,0.037156078964471803,0.037156078964471803
NONBORRES,2003-09-30,0.0085841687396168709,-0.0258173812180757,-0.0258173812180757,0.0085841687396167998,0.044058110564947101,0.044058110564947101
NONBORRES,2003-10-31,-0.0048107774928212166,-0.04008050262928,-0.04008050262928,-0.0048107774928212001,0.031368434429168701,0.031368434429168701
NONBORRES,2003-11-30,0.0055925538763403893,-0.031675893813371603,-0.031675893813371603,0.0055925537599249998,0.0414584465324878,0.0414584465324878
NONBORRES,2003-12-31,0.012803885154426098,-0.023356286808848301,-0.023356286808848301,0.012803885154426001,0.049657974392175598,0.049657974392175598
NONBORRES,2004-01-31,-0.0038190314080566168,-0.040876477956771802,-0.040876477956771802,-0.0038190316408872002,0.034045826643705299,0.034045826643705299
NONBORRES,2004-02-29,-0.040810290724039078,-0.077239707112312303,-0.077239707112312303,-0.040810290724039001,-0.0028691291809082001,-0.0028691291809082001
NONBORRES,2004-03-31,0.0099915182217955589,-0.027215577661991099,-0.027215577661991099,0.0099915184546262008,0.047020848840474999,0.047020848840474999
NONBORRES,2004-04-30,0.026240590959787369,-0.0093439277261495,-0.0093439277261495,0.026240590959787299,0.063093304634094197,0.063093304634094197
NONBORRES,2004-05-31,-0.018051158636808395,-0.054756853729486403,-0.054756853729486403,-0.018051158636808302,0.020570190623402498,0.020570190623402498
NONBORRES,2004-06-30,0.00022408021322917193,-0.0372896157205104,-0.0372896157205104,0.000224080402404,0.039318758994340897,0.039318758994340897
NONBORRES,2004-07-31,0.0083990171551704407,-0.0311477947980165,-0.0311477947980165,0.0083990169223396999,0.047975413501262602,0.047975413501262602
NONBORRES,2004-08-31,-0.0030334880575537682,-0.041722904890775597,-0.041722904890775597,-0.0030334880575537001,0.036149270832538598,0.036149270832538598
NONBORRES,2004-09-30,0.0034068597014993429,-0.034715779125690398,-0.034715779125690398,0.0034068597014993,0.041726369410753202,0.041726369410753202
NONBORRES,2004-10-31,-0.0013474057195708156,-0.037958350032567902,-0.037958350032567902,-0.0013474058359861001,0.036853212863206801,0.036853212863206801
NONBORRES,2004-11-30,0.0041308281943202019,-0.032987546175718301,-0.032987546175718301,0.0041308279614895001,0.043299134820699602,0.043299134820699602
NONBORRES,2004-12-31,0.011674345470964909,-0.026443099603056901,-0.026443099603056901,0.0116743454709649,0.049751780927181202,0.049751780927181202
NONBORRES,2005-01-31,-0.010679783299565315,-0.048130232840776402,-0.048130232840776402,-0.0106797832995653,0.029537247493863099,0.029537247493863099
NONBORRES,2005-02-28,-0.03622552752494812,-0.072325386106967898,-0.072325386106967898,-0.036225527524948099,0.0033319853246212001,0.0033319853246212001
NONBORRES,2005-03-31,0.0090025560930371284,-0.028041830286383601,-0.028041830286383601,0.0090025559766217997,0.048613417893648099,0.048613417893648099
NONBORRES,2005-04-30,0.021562201902270317,-0.0149374343454837,-0.0149374343454837,0.0215622019022703,0.061136443167924798,0.061136443167924798
NONREVSL,2003-05-31,-0.0020698339212685823,-0.0064023495651781004,-0.0064023495651781004,-0.0020698339212684999,0.0024658523034303999,0.0024658523034303999
NONREVSL,2003-06-30,-0.00027785167912952602,-0.0048446757718919996,-0.0048446757718919996,-0.00027785170823329999,0.0045237983576953003,0.0045237983576953003
NONREVSL,2003-07-31,0.00035098835360258818,-0.0043353429064154,-0.0043353429064154,0.00035098835360249998,0.0053389738313853003,0.0053389738313853003
NONREVSL,2003-08-31,-0.00023026132839731872,-0.0050547472201287,-0.0050547472201287,-0.00023026135750110001,0.0048870788887142996,0.0048870788887142996
NONREVSL,2003-09-30,-0.00030069181229919195,-0.0052960007451473999,-0.0052960007451473999,-0.00030069181229910001,0.0050056139007210003,0.0050056139007210003
NONREVSL,2003-10-31,0.00022862196783535182,-0.0049009290523826998,-0.0049009290523826998,0.00022862199693909999,0.0056609627790749004,0.0056609627790749004
NONREVSL,2003-11-30,1.8111530152964406e-05,-0.0051030940376222004,-0.0051030940376222004,1.8111546523869041e-05,0.0055578914470969997,0.0055578914470969997
NONREVSL,2003-12-31,-0.00045154427061788738,-0.0056024589575827,-0.0056024589575827,-0.0004515442997217,0.0051599103026092,0.0051599103026092
NONREVSL,2004-01-31,-0.00022716762032359838,-0.0054705291986465003,-0.0054705291986465003,-0.00022716762032349999,0.0054948762990534002,0.0054948762990534002
NONREVSL,2004-02-29,-0.00026710459496825933,-0.0055397008545695998,-0.0055397008545695998,-0.00026710459496819997,0.0055178734473884002,0.0055178734473884002
NONREVSL,2004-03-31,-0.00024606153601780534,-0.0055177737958728998,-0.0055177737958728998,-0.00024606153601780003,0.0055373539216816,0.0055373539216816
NONREVSL,2004-04-30,-0.00018729074508883059,-0.0054531223140656003,-0.0054531223140656003,-0.000187290715985,0.0056057162582874003,0.0056057162582874003
NONREVSL,2004-05-31,0.00010728107008617371,-0.0052109761163592,-0.0052109761163592,0.000107281084638,0.0059834509156643997,0.0059834509156643997
NONREVSL,2004-06-30,1.257697385881329e-05,-0.0053670154884456998,-0.0053670154884456998,1.2576929293572904e-05,0.0059279999695718002,0.0059279999695718002
NONREVSL,2004-07-31,-0.00026967737358063459,-0.0056448471732437003,-0.0056448471732437003,-0.00026967737358060001,0.0056984731927513998,0.0056984731927513998
NONREVSL,2004-08-31,-0.00018948057550005615,-0.0055912509560584996,-0.0055912509560584996,-0.0001894806046038,0.0058183157816528996,0.0058183157816528996
NONREVSL,2004-09-30,2.3467342543881387e-05,-0.0052940058521926004,-0.0052940058521926004,2.3467349819839001e-05,0.0059252870269119002,0.0059252870269119002
NONREVSL,2004-10-31,-0.00019804536714218557,-0.0055391858331858999,-0.0055391858331858999,-0.00019804539624600001,0.0057226857170462001,0.0057226857170462001
NONREVSL,2004-11-30,-0.0002947378670796752,-0.0057220524176954998,-0.0057220524176954998,-0.00029473786707960001,0.0056972764432429998,0.0056972764432429998
NONREVSL,2004-12-31,8.0625723057892174e-05,-0.0054176719859241997,-0.0054176719859241997,8.0625701230019331e-05,0.0061342883855104004,0.0061342883855104004
NONREVSL,2005-01-31,0.00015897807315923274,-0.0053516537882386996,-0.0053516537882386996,0.00015897810226300001,0.0061830831691621997,0.0061830831691621997
NONREVSL,2005-02-28,-0.00011898196680704132,-0.0055539803579449003,-0.0055539803579449003,-0.0001189819886349,0.0058507802896201003,0.0058507802896201003
NONREVSL,2005-03-31,-9.7349067800678313e-05,-0.0054717250168322996,-0.0054717250168322996,-9.7349053248763084e-05,0.0058745983988046004,0.0058745983988046004
NONREVSL,2005-04-30,-7.1953487349674106e-05,-0.0055670621804892999,-0.0055670621804892999,-7.1953458245843649e-05,0.0059525095857679003,0.0059525095857679003
OILPRICEx,2003-05-31,0.05920102447271347,-0.038680780678987503,-0.038680780678987503,0.059201024472713401,0.1647465825080871,0.1647465825080871
OILPRICEx,2003-06-30,-0.0089575685560703278,-0.1111220195889473,-0.1111220195889473,-0.0089575685560703,0.1033819988369941,0.1033819988369941
OILPRICEx,2003-07-31,-0.0028766847681254148,-0.10601780563592909,-0.10601780563592909,-0.0028766840696334002,0.112989142537117,0.112989142537117
OILPRICEx,2003-08-31,0.014345306903123856,-0.088225618004798806,-0.088225618004798806,0.014345307834446401,0.1340434104204177,0.1340434104204177
OILPRICEx,2003-09-30,-0.012725692242383957,-0.1181231215596199,-0.1181231215596199,-0.0127256922423839,0.10901310294866561,0.10901310294866561
OILPRICEx,2003-10-31,-0.025638893246650696,-0.1306068748235702,-0.1306068748235702,-0.025638893246650599,0.098503679037094102,0.098503679037094102
OILPRICEx,2003-11-30,-0.0046842675656080246,-0.1105991378426551,-0.1105991378426551,-0.0046842675656080003,0.1205418035387992,0.1205418035387992
OILPRICEx,2003-12-31,-0.0033088726922869682,-0.1090982407331466,-0.1090982407331466,-0.0033088717609642999,0.12292461842298499,0.12292461842298499
OILPRICEx,2004-01-31,-0.011503512039780617,-0.1195597425103187,-0.1195597425103187,-0.011503512039780599,0.11559101939201349,0.11559101939201349
OILPRICEx,2004-02-29,-0.0058097774162888527,-0.1129887998104095,-0.1129887998104095,-0.0058097783476114004,0.12053306400775909,0.12053306400775909
OILPRICEx,2004-03-31,-0.0073945820331573486,-0.1154419481754303,-0.1154419481754303,-0.0073945820331573001,0.1190319955348968,0.1190319955348968
OILPRICEx,2004-04-30,-0.0057169655337929726,-0.11161612719297399,-0.11161612719297399,-0.0057169664651155003,0.1199802309274673,0.1199802309274673
OILPRICEx,2004-05-31,-0.0097457906231284142,-0.1166381910443306,-0.1166381910443306,-0.0097457896918057996,0.1154990345239639,0.1154990345239639
OILPRICEx,2004-06-30,-0.021803863346576691,-0.13109414279460899,-0.13109414279460899,-0.0218038633465766,0.1059011593461036,0.1059011593461036
OILPRICEx,2004-07-31,-0.0067911325022578239,-0.11811145395040509,-0.11811145395040509,-0.0067911315709351999,0.1232531890273094,0.1232531890273094
OILPRICEx,2004-08-31,0.0076651116833090782,-0.1032064706087112,-0.1032064706087112,0.0076651107519865001,0.13715352118015289,0.13715352118015289
OILPRICEx,2004-09-30,-0.0072389570996165276,-0.11843317002058019,-0.11843317002058019,-0.0072389561682939,0.12215597182512281,0.12215597182512281
OILPRICEx,2004-10-31,-0.023808447644114494,-0.13420611619949341,-0.13420611619949341,-0.023808447644114401,0.1050187870860099,0.1050187870860099
OILPRICEx,2004-11-30,-0.0090856095775961876,-0.1226483061909675,-0.1226483061909675,-0.0090856105089186998,0.12071133404970159,0.12071133404970159
OILPRICEx,2004-12-31,0.0023817000910639763,-0.11087629944086071,-0.11087629944086071,0.0023816991597413999,0.13350522518157959,0.13350522518157959
OILPRICEx,2005-01-31,0.0021060279104858637,-0.1128173917531967,-0.1128173917531967,0.0021060276776552001,0.1330084502696991,0.1330084502696991
OILPRICEx,2005-02-28,-0.016701798886060715,-0.129614308476448,-0.129614308476448,-0.016701798886060701,0.1113328635692596,0.1113328635692596
OILPRICEx,2005-03-31,-0.0096733840182423592,-0.1235053315758705,-0.1235053315758705,-0.0096733830869196995,0.1177652850747108,0.1177652850747108
OILPRICEx,2005-04-30,-0.0035348075907677412,-0.11645201593637459,-0.11645201593637459,-0.0035348068922757998,0.1241348832845687,0.1241348832845687
PAYEMS,2003-05-31,-0.00025344768073409796,-0.001763600972481,-0.001763600972481,-0.000253447680734,0.0010885292431338999,0.0010885292431338999
PAYEMS,2003-06-30,-0.0001594924833625555,-0.0018265304388477999,-0.0018265304388477999,-0.00015949248336249999,0.0012870287755503999,0.0012870287755503999
PAYEMS,2003-07-31,-1.7715035937726498e-05,-0.0018103775801137001,-0.0018103775801137001,-1.7715035937726498e-05,0.0015106005594133999,0.0015106005594133999
PAYEMS,2003-08-31,0.00011739414185285568,-0.001753271673806,-0.001753271673806,0.0001173941418528,0.0017132321372627999,0.0017132321372627999
PAYEMS,2003-09-30,0.00027629255782812834,-0.0016674407524988001,-0.0016674407524988001,0.00027629255782809999,0.0018871524371205999,0.0018871524371205999
PAYEMS,2003-10-31,0.00039370416197925806,-0.0015903775347396001,-0.0015903775347396001,0.0003937041619792,0.0020475778728723001,0.0020475778728723001
PAYEMS,2003-11-30,0.00053035584278404713,-0.0014721812913194,-0.0014721812913194,0.00053035584278399996,0.0021969720255583,0.0021969720255583
PAYEMS,2003-12-31,0.00064100662712007761,-0.0014071707846596,-0.0014071707846596,0.00064100662711999998,0.0023138599935918999,0.0023138599935918999
PAYEMS,2004-01-31,0.00072612112853676081,-0.0013280928833410001,-0.0013280928833410001,0.00072612112853669998,0.0024038951378315002,0.0024038951378315002
PAYEMS,2004-02-29,0.00083385780453681946,-0.0012362197740003,-0.0012362197740003,0.00083385780453680005,0.0025445804931222998,0.0025445804931222998
PAYEMS,2004-03-31,0.0009019654244184494,-0.0011987310135737001,-0.0011987310135737001,0.00090196542441839996,0.0026098596863448,0.0026098596863448
PAYEMS,2004-04-30,0.00095897045684978366,-0.0011264329077675,-0.0011264329077675,0.00095897045684969996,0.0026815747842191999,0.0026815747842191999
PAYEMS,2004-05-31,0.0010074597084894776,-0.0010928724659605999,-0.0010928724659605999,0.0010074597084894,0.0026913774199783,0.0026913774199783
PAYEMS,2004-06-30,0.0010883937356993556,-0.00099954183679069994,-0.00099954183679069994,0.0010883937356993001,0.0028014420531689999,0.0028014420531689999
PAYEMS,2004-07-31,0.0011487246956676245,-0.00095588190015399995,-0.00095588190015399995,0.0011487246956676,0.0028412882238625999,0.0028412882238625999
PAYEMS,2004-08-31,0.0011833610478788614,-0.00095983024220909995,-0.00095983024220909995,0.0011833610478788001,0.0028610578738152001,0.0028610578738152001
PAYEMS,2004-09-30,0.0012297102948650718,-0.00093077297788109995,-0.00093077297788109995,0.001229710294865,0.0028940166812389998,0.0028940166812389998
PAYEMS,2004-10-31,0.0012619295157492161,-0.00087706593330940004,-0.00087706593330940004,0.0012619295157492,0.0029293324332684001,0.0029293324332684001
PAYEMS,2004-11-30,0.001323111355304718,-0.00087911461014299999,-0.00087911461014299999,0.0013231113553047,0.0030270791612565001,0.0030270791612565001
PAYEMS,2004-12-31,0.0013307506451383233,-0.00088695774320509996,-0.00088695774320509996,0.0013307506451383001,0.0030307797715067,0.0030307797715067
PAYEMS,2005-01-31,0.0013423040509223938,-0.00084981869440520002,-0.00084981869440520002,0.0013423040509222999,0.0030368128791450999,0.0030368128791450999
PAYEMS,2005-02-28,0.001422481145709753,-0.00078021932858970001,-0.00078021932858970001,0.0014224811457096999,0.0031204689294099001,0.0031204689294099001
PAYEMS,2005-03-31,0.0014340319903567433,-0.00078710832167410002,-0.00078710832167410002,0.0014340319903567,0.0031195012852549002,0.0031195012852549002
PAYEMS,2005-04-30,0.001449042116291821,-0.00077943562064310004,-0.00077943562064310004,0.0014490421162918,0.0031907418742775002,0.0031907418742775002
PCEPI,2003-05-31,0.00099952449090778828,-0.0011390328872948,-0.0011390328872948,0.00099952449090770002,0.0030576451681554001,0.0030576451681554001
PCEPI,2003-06-30,0.0014611793449148536,-0.00075956387445330002,-0.00075956387445330002,0.0014611793449148,0.0035748111549764,0.0035748111549764
PCEPI,2003-07-31,0.0016041345661506057,-0.00063123111613090004,-0.00063123111613090004,0.0016041345661506,0.0037258344236761002,0.0037258344236761002
PCEPI,2003-08-31,0.0015720558585599065,-0.00066427933052179997,-0.00066427933052179997,0.0015720558585599,0.0037032901309430001,0.0037032901309430001
PCEPI,2003-09-30,0.001501434831880033,-0.00071362056769429998,-0.00071362056769429998,0.0015014348318800001,0.0036044954322278001,0.0036044954322278001
PCEPI,2003-10-31,0.0015463635791093111,-0.00066522159613659996,-0.00066522159613659996,0.0015463635791093,0.0036760887596755999,0.0036760887596755999
PCEPI,2003-11-30,0.0015749140875414014,-0.00062812492251389999,-0.00062812492251389999,0.0015749140875414001,0.0037332898937165,0.0037332898937165
PCEPI,2003-12-31,0.0016363011673092842,-0.00061009265482419998,-0.00061009265482419998,0.0016363011673092001,0.0038441731594502002,0.0038441731594502002
PCEPI,2004-01-31,0.0016410095850005746,-0.00061174435541030004,-0.00061174435541030004,0.0016410095850005,0.0038569977041332999,0.0038569977041332999
PCEPI,2004-02-29,0.0016437384765595198,-0.00065715750679370001,-0.00065715750679370001,0.0016437384765595,0.0039109098725020001,0.0039109098725020001
PCEPI,2004-03-31,0.0016512379515916109,-0.00063918135128909997,-0.00063918135128909997,0.0016512379515916001,0.0039450787007808,0.0039450787007808
PCEPI,2004-04-30,0.0016106476541608572,-0.00068934494629499998,-0.00068934494629499998,0.0016106476541608,0.0039307535625993997,0.0039307535625993997
PCEPI,2004-05-31,0.0016039290931075811,-0.00070901634171600004,-0.00070901634171600004,0.0016039290931075,0.0039184093475340999,0.0039184093475340999
PCEPI,2004-06-30,0.0016390016535297036,-0.00068540591746559995,-0.00068540591746559995,0.0016390016535296999,0.0040171965956686999,0.0040171965956686999
PCEPI,2004-07-31,0.0017253776313737035,-0.00057330122217529999,-0.00057330122217529999,0.0017253776313737,0.0041413796134293001,0.0041413796134293001
PCEPI,2004-08-31,0.0017273238627240062,-0.00060239480808370002,-0.00060239480808370002,0.0017273238627240001,0.0041698841378092003,0.0041698841378092003
PCEPI,2004-09-30,0.0017443004762753844,-0.00056303478777400002,-0.00056303478777400002,0.0017443004762753001,0.0041862563230096999,0.0041862563230096999
PCEPI,2004-10-31,0.001711140968836844,-0.00058965967036779998,-0.00058965967036779998,0.0017111409688367999,0.0041504707187413996,0.0041504707187413996
PCEPI,2004-11-30,0.0016472396673634648,-0.0006853670347481,-0.0006853670347481,0.0016472396673634,0.0041649183258414,0.0041649183258414
PCEPI,2004-12-31,0.0017113437643274665,-0.00062985229305920004,-0.00062985229305920004,0.0017113437643273999,0.0042508086189626997,0.0042508086189626997
PCEPI,2005-01-31,0.0017646630294620991,-0.00063579832203680003,-0.00063579832203680003,0.001764663029462,0.0042777899652719003,0.0042777899652719003
PCEPI,2005-02-28,0.0017617001431062818,-0.00062675075605509996,-0.00062675075605509996,0.0017617001431062,0.0042908242903649,0.0042908242903649
PCEPI,2005-03-31,0.0017144476296380162,-0.00066636991687109997,-0.00066636991687109997,0.001714447629638,0.0042585032060741997,0.0042585032060741997
PCEPI,2005-04-30,0.001729549141600728,-0.00068328646011649999,-0.00068328646011649999,0.0017295491416007001,0.0043056700378655997,0.0043056700378655997
PERMIT,2003-05-31,7.5151586532592773,7.4536423683166504,7.4536423683166504,7.5151586532592773,7.5716972351074219,7.5716972351074219
PERMIT,2003-06-30,7.5199041366577148,7.4488115310668945,7.4488115310668945,7.5199041366577148,7.5882611274719238,7.5882611274719238
PERMIT,2003-07-31,7.5351901054382324,7.4612202644348145,7.4612202644348145,7.5351901054382324,7.6099019050598145,7.6099019050598145
PERMIT,2003-08-31,7.5408101081848145,7.459221363067627,7.459221363067627,7.5408101081848145,7.6197090148925781,7.6197090148925781
PERMIT,2003-09-30,7.5456604957580566,7.4616775512695312,7.4616775512695312,7.5456604957580566,7.626652717590332,7.626652717590332
PERMIT,2003-10-31,7.5483202934265137,7.464911937713623,7.464911937713623,7.5483202934265137,7.633389949798584,7.633389949798584
PERMIT,2003-11-30,7.5594644546508789,7.4726543426513672,7.4726543426513672,7.5594644546508789,7.6499004364013672,7.6499004364013672
PERMIT,2003-12-31,7.5614614486694336,7.4750938415527344,7.4750938415527344,7.5614614486694336,7.6492223739624023,7.6492223739624023
PERMIT,2004-01-31,7.5649018287658691,7.4769749641418457,7.4769749641418457,7.5649018287658691,7.6485185623168945,7.6485185623168945
PERMIT,2004-02-29,7.5652852058410645,7.4712843894958496,7.4712843894958496,7.5652852058410636,7.6548771858215332,7.6548771858215332
PERMIT,2004-03-31,7.5538735389709473,7.4629297256469727,7.4629297256469727,7.5538735389709473,7.6354265213012686,7.6354265213012686
PERMIT,2004-04-30,7.542543888092041,7.4449591636657715,7.4449591636657715,7.542543888092041,7.644218921661377,7.644218921661377
PERMIT,2004-05-31,7.5409531593322754,7.4606103897094727,7.4606103897094727,7.5409531593322754,7.6301112174987793,7.6301112174987793
PERMIT,2004-06-30,7.544621467590332,7.4526848793029794,7.4526848793029794,7.544621467590332,7.6412134170532227,7.6412134170532227
PERMIT,2004-07-31,7.551964282989502,7.4587645530700684,7.4587645530700684,7.551964282989502,7.6398015022277832,7.6398015022277832
PERMIT,2004-08-31,7.557835578918457,7.4613399505615234,7.4613399505615234,7.557835578918457,7.6408014297485352,7.6408014297485352
PERMIT,2004-09-30,7.564359188079834,7.4646692276000977,7.4646692276000977,7.564359188079834,7.6637206077575684,7.6637206077575684
PERMIT,2004-10-31,7.5631160736083984,7.4581418037414551,7.4581418037414551,7.5631160736083984,7.6569671630859375,7.6569671630859375
PERMIT,2004-11-30,7.5707240104675293,7.4732122421264648,7.4732122421264648,7.5707240104675293,7.6613936424255371,7.6613936424255371
PERMIT,2004-12-31,7.577333927154541,7.4754562377929688,7.4754562377929688,7.577333927154541,7.658933162689209,7.658933162689209
PERMIT,2005-01-31,7.5785398483276367,7.4844036102294922,7.4844036102294922,7.5785398483276367,7.6581563949584961,7.6581563949584961
PERMIT,2005-02-28,7.5941295623779297,7.4816899299621582,7.4816899299621582,7.5941295623779297,7.6946244239807129,7.6946244239807129
PERMIT,2005-03-31,7.6002058982849121,7.4923563003540039,7.4923563003540039,7.6002058982849121,7.7035412788391113,7.7035412788391113
PERMIT,2005-04-30,7.605349063873291,7.5074224472045898,7.5074224472045898,7.605349063873291,7.7050900459289551,7.7050900459289551
PERMITMW,2003-05-31,5.852698802947998,5.77130126953125,5.77130126953125,5.852698802947998,5.9392499923706055,5.9392499923706055
PERMITMW,2003-06-30,5.8436899185180664,5.7484970092773438,5.7484970092773438,5.8436899185180664,5.9439940452575684,5.9439940452575684
PERMITMW,2003-07-31,5.8497476577758789,5.7449765205383301,5.7449765205383301,5.8497476577758789,5.9609270095825195,5.9609270095825195
PERMITMW,2003-08-31,5.8439702987670898,5.7280483245849609,5.7280483245849609,5.8439702987670898,5.9642505645751953,5.9642505645751953
PERMITMW,2003-09-30,5.8433585166931152,5.7252178192138672,5.7252178192138672,5.8433585166931152,5.9706406593322754,5.9706406593322754
PERMITMW,2003-10-31,5.84490966796875,5.7222895622253418,5.7222895622253418,5.84490966796875,5.9770498275756836,5.9770498275756836
PERMITMW,2003-11-30,5.8306918144226074,5.7039065361022949,5.7039065361022949,5.8306918144226074,5.9728903770446777,5.9728903770446777
PERMITMW,2003-12-31,5.827171802520752,5.6976604461669922,5.6976604461669922,5.827171802520752,5.9704546928405762,5.9704546928405762
PERMITMW,2004-01-31,5.831143856048584,5.6982173919677734,5.6982173919677734,5.831143856048584,5.9730753898620605,5.9730753898620605
PERMITMW,2004-02-29,5.8205022811889648,5.6814427375793457,5.6814427375793457,5.8205022811889648,5.9691414833068848,5.9691414833068848
PERMITMW,2004-03-31,5.802731990814209,5.6645770072937012,5.6645770072937012,5.802731990814209,5.9482665061950684,5.9482665061950684
PERMITMW,2004-04-30,5.7882118225097656,5.6453342437744141,5.6453342437744141,5.7882118225097656,5.949671745300293,5.949671745300293
PERMITMW,2004-05-31,5.7843914031982422,5.651787281036377,5.651787281036377,5.7843914031982422,5.9339523315429688,5.9339523315429688
PERMITMW,2004-06-30,5.7839107513427734,5.642392635345459,5.642392635345459,5.7839107513427734,5.9352602958679199,5.9352602958679199
PERMITMW,2004-07-31,5.7944955825805664,5.6502327919006348,5.6502327919006348,5.7944955825805664,5.9402761459350586,5.9402761459350586
PERMITMW,2004-08-31,5.8022656440734863,5.6595430374145508,5.6595430374145508,5.8022656440734863,5.9487113952636719,5.9487113952636719
PERMITMW,2004-09-30,5.8015351295471191,5.6483926773071289,5.6483926773071289,5.8015351295471191,5.9544887542724609,5.9544887542724609
PERMITMW,2004-10-31,5.7914042472839355,5.6457858085632324,5.6457858085632324,5.7914042472839355,5.9478569030761719,5.9478569030761719
PERMITMW,2004-11-30,5.7955689430236816,5.642056941986084,5.642056941986084,5.7955689430236816,5.9468340873718262,5.9468340873718262
PERMITMW,2004-12-31,5.7979092597961426,5.6394381523132324,5.6394381523132324,5.7979092597961426,5.9428606033325195,5.9428606033325195
PERMITMW,2005-01-31,5.801964282989502,5.6494865417480469,5.6494865417480469,5.801964282989502,5.9500226974487305,5.9500226974487305
PERMITMW,2005-02-28,5.8051662445068359,5.639373779296875,5.639373779296875,5.8051662445068359,5.9711413383483887,5.9711413383483887
PERMITMW,2005-03-31,5.7977604866027832,5.6280026435852051,5.6280026435852051,5.7977604866027832,5.9656643867492676,5.9656643867492676
PERMITMW,2005-04-30,5.7848358154296875,5.6096453666687012,5.6096453666687012,5.7848358154296875,5.9441595077514648,5.9441595077514648
PERMITNE,2003-05-31,5.1306242942810059,5.0177054405212402,5.0177054405212402,5.1306242942810059,5.2488107681274414,5.2488107681274414
PERMITNE,2003-06-30,5.1360440254211426,5.0082945823669434,5.0082945823669434,5.1360440254211426,5.2687320709228516,5.2687320709228516
PERMITNE,2003-07-31,5.1464428901672363,5.0090188980102539,5.0090188980102539,5.1464428901672363,5.2860026359558105,5.2860026359558105
PERMITNE,2003-08-31,5.1480016708374023,5.0024251937866211,5.0024251937866211,5.1480016708374023,5.2875676155090332,5.2875676155090332
PERMITNE,2003-09-30,5.1501398086547852,4.9985189437866211,4.9985189437866211,5.1501398086547852,5.2887768745422363,5.2887768745422363
PERMITNE,2003-10-31,5.1527581214904785,5.006889820098877,5.006889820098877,5.1527581214904785,5.299065113067627,5.299065113067627
PERMITNE,2003-11-30,5.1600351333618164,5.0001387596130371,5.0001387596130371,5.1600351333618164,5.3095126152038574,5.3095126152038574
PERMITNE,2003-12-31,5.1614518165588379,4.9872703552246094,4.9872703552246094,5.1614518165588379,5.3036088943481445,5.3036088943481445
PERMITNE,2004-01-31,5.1737823486328125,5.0022788047790527,5.0022788047790527,5.1737823486328125,5.3231658935546875,5.3231658935546875
PERMITNE,2004-02-29,5.1768283843994141,4.996891975402832,4.996891975402832,5.1768283843994141,5.3326549530029297,5.3326549530029297
PERMITNE,2004-03-31,5.1807103157043457,5.00341796875,5.00341796875,5.1807103157043457,5.3399839401245117,5.3399839401245117
PERMITNE,2004-04-30,5.1745896339416504,4.9879608154296875,4.9879608154296875,5.1745896339416504,5.3493366241455078,5.3493366241455078
PERMITNE,2004-05-31,5.1858196258544922,5.0110230445861816,5.0110230445861816,5.1858196258544922,5.3508667945861816,5.3508667945861816
PERMITNE,2004-06-30,5.1964149475097656,5.0063047409057617,5.0063047409057617,5.1964149475097656,5.3587102890014648,5.3587102890014648
PERMITNE,2004-07-31,5.1979670524597168,5.0119028091430664,5.0119028091430664,5.1979670524597168,5.3712105751037598,5.3712105751037598
PERMITNE,2004-08-31,5.2032175064086914,5.0144495964050293,5.0144495964050293,5.2032175064086914,5.3685884475708008,5.3685884475708008
PERMITNE,2004-09-30,5.2069401741027832,5.0125417709350586,5.0125417709350586,5.2069401741027832,5.3836960792541504,5.3836960792541504
PERMITNE,2004-10-31,5.2188453674316406,5.0227408409118652,5.0227408409118652,5.2188453674316406,5.3903794288635254,5.3903794288635254
PERMITNE,2004-11-30,5.2162399291992188,5.0186090469360352,5.0186090469360352,5.2162399291992188,5.3904361724853516,5.3904361724853516
PERMITNE,2004-12-31,5.2220616340637207,5.0333986282348633,5.0333986282348633,5.2220616340637207,5.4039649963378906,5.4039649963378906
PERMITNE,2005-01-31,5.2232251167297363,5.0323195457458496,5.0323195457458496,5.2232251167297363,5.4031391143798828,5.4031391143798828
PERMITNE,2005-02-28,5.2305130958557129,5.0226449966430664,5.0226449966430664,5.2305130958557129,5.4153623580932617,5.4153623580932617
PERMITNE,2005-03-31,5.2420873641967773,5.0369172096252441,5.0369172096252441,5.2420873641967773,5.4335813522338867,5.4335813522338867
PERMITNE,2005-04-30,5.2383923530578613,5.0306282043457031,5.0306282043457031,5.2383923530578613,5.4276838302612305,5.4276838302612305
PERMITS,2003-05-31,6.7176485061645508,6.6654582023620605,6.6654582023620605,6.7176485061645508,6.772789478302002,6.772789478302002
PERMITS,2003-06-30,6.7217860221862793,6.6584620475769043,6.6584620475769043,6.7217860221862793,6.794032096862793,6.794032096862793
PERMITS,2003-07-31,6.7247319221496582,6.6523404121398926,6.6523404121398926,6.7247319221496582,6.8041467666625977,6.8041467666625977
PERMITS,2003-08-31,6.7300844192504883,6.6465468406677246,6.6465468406677246,6.7300844192504883,6.8171472549438477,6.8171472549438477
PERMITS,2003-09-30,6.7378206253051758,6.6564445495605469,6.6564445495605469,6.7378206253051758,6.8293266296386719,6.8293266296386719
PERMITS,2003-10-31,6.7383947372436523,6.6494355201721191,6.6494355201721191,6.7383947372436523,6.8299775123596191,6.8299775123596191
PERMITS,2003-11-30,6.7419877052307129,6.6419448852539062,6.6419448852539062,6.7419877052307129,6.8505373001098633,6.8505373001098633
PERMITS,2003-12-31,6.7446284294128418,6.6335043907165527,6.6335043907165527,6.7446284294128418,6.8572902679443359,6.8572902679443359
PERMITS,2004-01-31,6.7579822540283203,6.6573624610900879,6.6573624610900879,6.7579822540283203,6.8687210083007812,6.8687210083007812
PERMITS,2004-02-29,6.7555980682373047,6.6411576271057129,6.6411576271057129,6.7555980682373047,6.8774847984313965,6.8774847984313965
PERMITS,2004-03-31,6.7571196556091309,6.6483616828918457,6.6483616828918457,6.7571196556091309,6.8733034133911133,6.8733034133911133
PERMITS,2004-04-30,6.7561740875244141,6.6296491622924805,6.6296491622924805,6.7561740875244141,6.8956356048583984,6.8956356048583984
PERMITS,2004-05-31,6.7543644905090332,6.6452751159667969,6.6452751159667969,6.7543644905090332,6.8908281326293945,6.8908281326293945
PERMITS,2004-06-30,6.7680902481079102,6.6384739875793457,6.6384739875793457,6.7680902481079102,6.9088277816772461,6.9088277816772461
PERMITS,2004-07-31,6.7715606689453125,6.643068790435791,6.643068790435791,6.7715606689453125,6.9084229469299316,6.9084229469299316
PERMITS,2004-08-31,6.7658381462097168,6.6279830932617188,6.6279830932617188,6.7658381462097168,6.9090986251831055,6.9090986251831055
PERMITS,2004-09-30,6.7658252716064453,6.619041919708252,6.619041919708252,6.7658252716064453,6.9213566780090332,6.9213566780090332
PERMITS,2004-10-31,6.765495777130127,6.6099853515625,6.6099853515625,6.765495777130127,6.9214558601379395,6.9214558601379395
PERMITS,2004-11-30,6.7705535888671875,6.6168217658996582,6.6168217658996582,6.7705535888671875,6.9321775436401367,6.9321775436401367
PERMITS,2004-12-31,6.7753181457519531,6.6080470085144043,6.6080470085144043,6.7753181457519531,6.9385552406311035,6.9385552406311035
PERMITS,2005-01-31,6.7653036117553711,6.6047167778015137,6.6047167778015137,6.7653036117553711,6.9257087707519531,6.9257087707519531
PERMITS,2005-02-28,6.7703700065612793,6.5856671333312988,6.5856671333312988,6.7703700065612793,6.9573416709899902,6.9573416709899902
PERMITS,2005-03-31,6.773040771484375,6.5922880172729492,6.5922880172729492,6.773040771484375,6.9559183120727539,6.9559183120727539
PERMITS,2005-04-30,6.7770333290100098,6.5981535911560059,6.5981535911560059,6.7770333290100098,6.9593901634216309,6.9593901634216309
PERMITW,2003-05-31,6.166684627532959,6.075507640838623,6.075507640838623,6.166684627532959,6.260378360748291,6.260378360748291
PERMITW,2003-06-30,6.184819221496582,6.0829906463623047,6.0829906463623047,6.184819221496582,6.2922849655151367,6.2922849655151367
PERMITW,2003-07-31,6.2120695114135742,6.1064090728759766,6.1064090728759766,6.2120695114135742,6.3249573707580566,6.3249573707580566
PERMITW,2003-08-31,6.2231731414794922,6.1006064414978027,6.1006064414978027,6.2231731414794922,6.3351993560791016,6.3351993560791016
PERMITW,2003-09-30,6.2416849136352539,6.1255931854248047,6.1255931854248047,6.2416849136352539,6.3561944961547852,6.3561944961547852
PERMITW,2003-10-31,6.2486624717712402,6.1273040771484375,6.1273040771484375,6.2486624717712402,6.359245777130127,6.359245777130127
PERMITW,2003-11-30,6.2668886184692383,6.140315055847168,6.140315055847168,6.2668886184692383,6.3843531608581543,6.3843531608581543
PERMITW,2003-12-31,6.2811975479125977,6.155364990234375,6.155364990234375,6.2811975479125977,6.3967123031616211,6.3967123031616211
PERMITW,2004-01-31,6.2838344573974609,6.1579022407531738,6.1579022407531738,6.2838344573974609,6.401176929473877,6.401176929473877
PERMITW,2004-02-29,6.285759449005127,6.1537313461303711,6.1537313461303711,6.285759449005127,6.4147977828979492,6.4147977828979492
PERMITW,2004-03-31,6.2764134407043457,6.154261589050293,6.154261589050293,6.2764134407043457,6.3980879783630371,6.3980879783630371
PERMITW,2004-04-30,6.2684659957885742,6.1288166046142578,6.1288166046142578,6.2684659957885742,6.4070315361022949,6.4070315361022949
PERMITW,2004-05-31,6.2636585235595703,6.1535320281982422,6.1535320281982422,6.2636585235595703,6.3838610649108887,6.3838610649108887
PERMITW,2004-06-30,6.2649245262145996,6.1308770179748535,6.1308770179748535,6.2649245262145996,6.3879942893981934,6.3879942893981934
PERMITW,2004-07-31,6.2656960487365723,6.1440525054931641,6.1440525054931641,6.2656960487365723,6.3859634399414062,6.3859634399414062
PERMITW,2004-08-31,6.2677884101867676,6.1405410766601562,6.1405410766601562,6.2677884101867676,6.3769159317016602,6.3769159317016602
PERMITW,2004-09-30,6.2782526016235352,6.146122932434082,6.146122932434082,6.2782526016235352,6.4092273712158203,6.4092273712158203
PERMITW,2004-10-31,6.2764530181884766,6.1400742530822754,6.1400742530822754,6.2764530181884766,6.3986067771911621,6.3986067771911621
PERMITW,2004-11-30,6.2970376014709473,6.1734066009521484,6.1734066009521484,6.2970376014709473,6.4234247207641602,6.4234247207641602
PERMITW,2004-12-31,6.3072643280029297,6.1831259727478027,6.1831259727478027,6.3072643280029297,6.4292683601379395,6.4292683601379395
PERMITW,2005-01-31,6.3093342781066895,6.1843953132629395,6.1843953132629395,6.3093342781066895,6.4270362854003906,6.4270362854003906
PERMITW,2005-02-28,6.3296713829040527,6.1826591491699219,6.1826591491699219,6.3296713829040527,6.4692473411560059,6.4692473411560059
PERMITW,2005-03-31,6.3384504318237305,6.1934065818786621,6.1934065818786621,6.3384504318237305,6.4806203842163086,6.4806203842163086
PERMITW,2005-04-30,6.3545207977294922,6.2180695533752441,6.2180695533752441,6.3545207977294922,6.4846887588500977,6.4846887588500977
PPICMM,2003-05-31,0.013812268152832985,-0.020014479756355199,-0.020014479756355199,0.0138122681528329,0.049010850489139501,0.049010850489139501
PPICMM,2003-06-30,0.0019298908300697803,-0.032665725797414703,-0.032665725797414703,0.0019298908300696999,0.038340095430612502,0.038340095430612502
PPICMM,2003-07-31,-0.0040376926772296429,-0.038580525666475199,-0.038580525666475199,-0.0040376926772296004,0.032364379614591599,0.032364379614591599
PPICMM,2003-08-31,0.0036269174888730049,-0.0307793244719505,-0.0307793244719505,0.0036269177217036,0.040442518889904001,0.040442518889904001
PPICMM,2003-09-30,-0.0001119413718697615,-0.034747280180454199,-0.034747280180454199,-0.0001119412481784,0.036694303154945297,0.036694303154945297
PPICMM,2003-10-31,-0.0037135949824005365,-0.0386153757572174,-0.0386153757572174,-0.0037135947495698001,0.033446725457906702,0.033446725457906702
PPICMM,2003-11-30,0.0016778120771050453,-0.033412516117095899,-0.033412516117095899,0.001677812077105,0.039227109402418102,0.039227109402418102
PPICMM,2003-12-31,0.0016233125934377313,-0.033673953264951699,-0.033673953264951699,0.0016233124770223999,0.039184838533401399,0.039184838533401399
PPICMM,2004-01-31,-0.0017180406721308827,-0.037316318601369802,-0.037316318601369802,-0.0017180405557155,0.036121968179941101,0.036121968179941101
PPICMM,2004-02-29,0.00078590470366179943,-0.034905105829238801,-0.034905105829238801,0.00078590493649240004,0.039066620171070099,0.039066620171070099
PPICMM,2004-03-31,-0.0010507146362215281,-0.036682076752185801,-0.036682076752185801,-0.0010507144033908,0.037150688469409901,0.037150688469409901
PPICMM,2004-04-30,-0.00169865891803056,-0.037347178906202302,-0.037347178906202302,-0.0016986588016152,0.036424439400434397,0.036424439400434397
PPICMM,2004-05-31,-0.00030510345823131502,-0.035907156765460899,-0.035907156765460899,-0.00030510360375040003,0.037515897303819601,0.037515897303819601
PPICMM,2004-06-30,-0.00067827117163687944,-0.036613013595342601,-0.036613013595342601,-0.00067827105522150005,0.0377006493508815,0.0377006493508815
PPICMM,2004-07-31,-0.00071936903987079859,-0.036989185959100702,-0.036989185959100702,-0.0007193689234554,0.037761736661195699,0.037761736661195699
PPICMM,2004-08-31,-0.00032002886291593313,-0.036909330636262797,-0.036909330636262797,-0.00032002897933119999,0.038196790963411303,0.038196790963411303
PPICMM,2004-09-30,-0.00080271030310541391,-0.037124067544937099,-0.037124067544937099,-0.00080271018669000004,0.037823308259248699,0.037823308259248699
PPICMM,2004-10-31,-0.0015026164473965764,-0.037999186664819697,-0.037999186664819697,-0.0015026163309811999,0.0372818633913993,0.0372818633913993
PPICMM,2004-11-30,-0.0010418551973998547,-0.0377235673367977,-0.0377235673367977,-0.0010418551973998,0.0381805375218391,0.0381805375218391
PPICMM,2004-12-31,-0.0013519886415451765,-0.037873119115829398,-0.037873119115829398,-0.0013519888743758,0.038200486451387398,0.038200486451387398
PPICMM,2005-01-31,-0.0010234699584543705,-0.037616200745105702,-0.037616200745105702,-0.0010234699584543,0.038540378212928703,0.038540378212928703
PPICMM,2005-02-28,-0.0006504011107608676,-0.0369895584881305,-0.0369895584881305,-0.00065040122717609998,0.0383295938372612,0.0383295938372612
PPICMM,2005-03-31,-0.0011244193883612752,-0.037579271942377,-0.037579271942377,-0.0011244192719459,0.037634350359439801,0.037634350359439801
PPICMM,2005-04-30,-0.0013733304804190993,-0.037803594022989197,-0.037803594022989197,-0.0013733305968343999,0.0376097485423088,0.0376097485423088
REALLN,2003-05-31,-0.00023358593170996755,-0.0044414489530026002,-0.0044414489530026002,-0.0002335859462618,0.0042551732622087002,0.0042551732622087002
REALLN,2003-06-30,-0.00055277097271755338,-0.0049133142456412003,-0.0049133142456412003,-0.00055277097271750003,0.0041416143067180998,0.0041416143067180998
REALLN,2003-07-31,3.5034092434216291e-05,-0.0043768109753727002,-0.0043768109753727002,3.5034085158258677e-05,0.0048262444324790998,0.0048262444324790998
REALLN,2003-08-31,-0.00046711723553016782,-0.0049633197486399997,-0.0049633197486399997,-0.0004671172355301,0.0044191554188728003,0.0044191554188728003
REALLN,2003-09-30,-0.00050042645307257771,-0.0051191570237278002,-0.0051191570237278002,-0.00050042645307249998,0.0044447677209972997,0.0044447677209972997
REALLN,2003-10-31,-7.9021585406735539e-05,-0.0047765546478331002,-0.0047765546478331002,-7.9021556302905083e-05,0.0049297884106636004,0.0049297884106636004
REALLN,2003-11-30,-0.00011948036262765527,-0.0049393530935048996,-0.0049393530935048996,-0.0001194803626276,0.0049706501886247999,0.0049706501886247999
REALLN,2003-12-31,-0.0003067163925152272,-0.0051256609149277002,-0.0051256609149277002,-0.00030671642161899998,0.0048264777287840002,0.0048264777287840002
REALLN,2004-01-31,1.7432386812288314e-05,-0.0048889000900089003,-0.0048889000900089003,1.74323795363307e-05,0.0052014999091624997,0.0052014999091624997
REALLN,2004-02-29,6.7825254518538713e-05,-0.0048121372237800997,-0.0048121372237800997,6.7825254518538713e-05,0.0052295457571743999,0.0052295457571743999
REALLN,2004-03-31,-0.00016764154133852571,-0.0050331917591391996,-0.0050331917591391996,-0.00016764155589040001,0.0049601127393543,0.0049601127393543
REALLN,2004-04-30,-6.5565225668251514e-05,-0.0049397228285670003,-0.0049397228285670003,-6.5565225668251514e-05,0.0050087198615074002,0.0050087198615074002
REALLN,2004-05-31,-0.00031762401340529323,-0.0052390992641448003,-0.0052390992641448003,-0.00031762401340519998,0.0047920071519911003,0.0047920071519911003
REALLN,2004-06-30,-0.00022134282335173339,-0.0052164779044687002,-0.0052164779044687002,-0.00022134283790359999,0.0049526155926287001,0.0049526155926287001
REALLN,2004-07-31,8.27019102871418e-05,-0.0049397167749702002,-0.0049397167749702002,8.27019102871418e-05,0.0052785803563892,0.0052785803563892
REALLN,2004-08-31,3.3273263397859409e-06,-0.0050053638406097004,-0.0050053638406097004,3.3273245207965374e-06,0.0051329075358807997,0.0051329075358807997
REALLN,2004-09-30,-6.9294299464672804e-05,-0.0050021838396787002,-0.0050021838396787002,-6.9294299464672804e-05,0.0049829152412712002,0.0049829152412712002
REALLN,2004-10-31,4.9786714953370392e-05,-0.0048545710742473004,-0.0048545710742473004,4.9786700401455171e-05,0.0050537111237645002,0.0050537111237645002
REALLN,2004-11-30,1.8588229067972861e-05,-0.0048929043114185004,-0.0048929043114185004,1.8588209059089426e-05,0.0050328406505286,0.0050328406505286
REALLN,2004-12-31,0.00014302501222118735,-0.0047332206740974998,-0.0047332206740974998,0.00014302501222109999,0.0051577435806392999,0.0051577435806392999
REALLN,2005-01-31,-1.8586386431707069e-05,-0.0048806937411427003,-0.0048806937411427003,-1.8586404621601105e-05,0.0050024800002574001,0.0050024800002574001
REALLN,2005-02-28,-6.5811051172204316e-05,-0.0048386710695922002,-0.0048386710695922002,-6.5811036620289087e-05,0.0048195873387156998,0.0048195873387156998
REALLN,2005-03-31,0.00010295218089595437,-0.0046467445790767002,-0.0046467445790767002,0.0001029521808959,0.0049515357241033996,0.0049515357241033996
REALLN,2005-04-30,4.4644097215496004e-05,-0.0047102211974560998,-0.0047102211974560998,4.4644111767411232e-05,0.0049026962369679997,0.0049026962369679997
RETAILx,2003-05-31,0.0033372340258210897,-0.0083689056336879002,-0.0083689056336879002,0.003337234025821,0.013734949752688399,0.013734949752688399
RETAILx,2003-06-30,0.0051185889169573784,-0.0071864100173115002,-0.0071864100173115002,0.0051185889169573003,0.015740167349576902,0.015740167349576902
RETAILx,2003-07-31,0.0039878641255199909,-0.0085531305521726001,-0.0085531305521726001,0.0039878641255198998,0.014598271809518301,0.014598271809518301
RETAILx,2003-08-31,0.0043633026070892811,-0.0082692587748168997,-0.0082692587748168997,0.0043633026070892004,0.0149220135062932,0.0149220135062932
RETAILx,2003-09-30,0.0058754198253154755,-0.0068320110440254003,-0.0068320110440254003,0.0058754198253154,0.016317576169967599,0.016317576169967599
RETAILx,2003-10-31,0.0057034632191061974,-0.0070976149290799999,-0.0070976149290799999,0.0057034632191061002,0.016306269913911799,0.016306269913911799
RETAILx,2003-11-30,0.0048859929665923119,-0.0080135222524404005,-0.0080135222524404005,0.0048859929665922997,0.015473594889044699,0.015473594889044699
RETAILx,2003-12-31,0.0046519734896719456,-0.0083621982485055004,-0.0083621982485055004,0.0046519734896718996,0.015374741517007301,0.015374741517007301
RETAILx,2004-01-31,0.005036934744566679,-0.0082388799637556007,-0.0082388799637556007,0.0050369347445666001,0.015817390754818899,0.015817390754818899
RETAILx,2004-02-29,0.0056728445924818516,-0.0076420949772000001,-0.0076420949772000001,0.0056728445924818004,0.016563668847084,0.016563668847084
RETAILx,2004-03-31,0.0055467826314270496,-0.0078666489571331995,-0.0078666489571331995,0.0055467826314270002,0.016571035608649198,0.016571035608649198
RETAILx,2004-04-30,0.0049398974515497684,-0.0084709683433175,-0.0084709683433175,0.0049398974515496999,0.015811270102858498,0.015811270102858498
RETAILx,2004-05-31,0.0054963286966085434,-0.0080221816897391995,-0.0080221816897391995,0.0054963286966085,0.016452200710773399,0.016452200710773399
RETAILx,2004-06-30,0.0055620027706027031,-0.0079726241528987,-0.0079726241528987,0.0055620027706026996,0.016601717099547299,0.016601717099547299
RETAILx,2004-07-31,0.0055541875772178173,-0.0080921901389956006,-0.0080921901389956006,0.0055541875772178,0.0167812183499336,0.0167812183499336
RETAILx,2004-08-31,0.0054667745716869831,-0.0083195632323621992,-0.0083195632323621992,0.0054667745716868998,0.016764760017394999,0.016764760017394999
RETAILx,2004-09-30,0.0054139560088515282,-0.0083301318809389999,-0.0083301318809389999,0.0054139560088515004,0.016759790480136798,0.016759790480136798
RETAILx,2004-10-31,0.0054959631524980068,-0.0082387747243045997,-0.0082387747243045997,0.0054959631524979999,0.016768891364336,0.016768891364336
RETAILx,2004-11-30,0.0052486141212284565,-0.0087356343865394002,-0.0087356343865394002,0.0052486141212284001,0.016698103398084599,0.016698103398084599
RETAILx,2004-12-31,0.005243874154984951,-0.0088275568559765,-0.0088275568559765,0.0052438741549848998,0.016800012439489299,0.016800012439489299
RETAILx,2005-01-31,0.0055435053072869778,-0.0085914190858602003,-0.0085914190858602003,0.0055435053072868997,0.017194926738739,0.017194926738739
RETAILx,2005-02-28,0.0056444453075528145,-0.0083678551018237998,-0.0083678551018237998,0.0056444453075527997,0.017123019322752901,0.017123019322752901
RETAILx,2005-03-31,0.0055107227526605129,-0.0086152357980608003,-0.0086152357980608003,0.0055107227526604999,0.0171774365007877,0.0171774365007877
RETAILx,2005-04-30,0.0049771037884056568,-0.0092497635632753008,-0.0092497635632753008,0.0049771037884055996,0.0167964175343513,0.0167964175343513
RPI,2003-05-31,0.0014752981951460242,-0.0024518393911421,-0.0024518393911421,0.0014752981951459999,0.0049724197015165996,0.0049724197015165996
RPI,2003-06-30,0.0014431828167289495,-0.0028431881219147998,-0.0028431881219147998,0.0014431828167289001,0.0051852036267518997,0.0051852036267518997
RPI,2003-07-31,0.001432464923709631,-0.0030717309564352001,-0.0030717309564352001,0.0014324649237096,0.0053416071459649996,0.0053416071459649996
RPI,2003-08-31,0.001524090301245451,-0.0030817221850155999,-0.0030817221850155999,0.0015240903012454,0.0055474112741649003,0.0055474112741649003
RPI,2003-09-30,0.0016117565101012588,-0.0031102355569600998,-0.0031102355569600998,0.0016117565101012,0.0056728934869169998,0.0056728934869169998
RPI,2003-10-31,0.0017593548400327563,-0.0030244677327573,-0.0030244677327573,0.0017593548400327,0.0058759013190864996,0.0058759013190864996
RPI,2003-11-30,0.0020044522825628519,-0.0028181178495287002,-0.0028181178495287002,0.0020044522825627999,0.0061479900032281,0.0061479900032281
RPI,2003-12-31,0.0021215940359979868,-0.0027069551870226001,-0.0027069551870226001,0.0021215940359979001,0.0062331361696123999,0.0062331361696123999
RPI,2004-01-31,0.0020336806774139404,-0.0028454577550292002,-0.0028454577550292002,0.0020336806774139001,0.0061245318502187,0.0061245318502187
RPI,2004-02-29,0.0021531363017857075,-0.0027217846363781998,-0.0027217846363781998,0.0021531363017857001,0.0062681036069988996,0.0062681036069988996
RPI,2004-03-31,0.0021719296928495169,-0.0027032820507884,-0.0027032820507884,0.0021719296928495,0.0062973173335193998,0.0062973173335193998
RPI,2004-04-30,0.0021426042076200247,-0.0026887920685111999,-0.0026887920685111999,0.00214260420762,0.0061735766939818,0.0061735766939818
RPI,2004-05-31,0.0019794341642409563,-0.0028811879456043001,-0.0028811879456043001,0.0019794341642408999,0.0059991627931593999,0.0059991627931593999
RPI,2004-06-30,0.0019597257487475872,-0.0029294849373399999,-0.0029294849373399999,0.0019597257487475,0.0059987278655171004,0.0059987278655171004
RPI,2004-07-31,0.0018886986654251814,-0.0030695246532559,-0.0030695246532559,0.0018886986654251001,0.0059606935828923997,0.0059606935828923997
RPI,2004-08-31,0.001824079779908061,-0.0031817876733839,-0.0031817876733839,0.0018240797799080001,0.0059071150608360004,0.0059071150608360004
RPI,2004-09-30,0.0017144107259809971,-0.0033072251826524002,-0.0033072251826524002,0.0017144107259808999,0.0058370116166769999,0.0058370116166769999
RPI,2004-10-31,0.0016671741614118218,-0.0033747758716344001,-0.0033747758716344001,0.0016671741614117999,0.0058019943535327001,0.0058019943535327001
RPI,2004-11-30,0.0017962332349270582,-0.0034241797402500998,-0.0034241797402500998,0.0017962332349270001,0.0060643600299953998,0.0060643600299953998
RPI,2004-12-31,0.0017342751380056143,-0.0035629631020127998,-0.0035629631020127998,0.0017342751380056,0.0060723978094755996,0.0060723978094755996
RPI,2005-01-31,0.0015097381547093391,-0.0038225012831389002,-0.0038225012831389002,0.0015097381547092999,0.0059003438800573002,0.0059003438800573002
RPI,2005-02-28,0.0014944922877475619,-0.0038691917434334,-0.0038691917434334,0.0014944922877474999,0.0058407438918948,0.0058407438918948
RPI,2005-03-31,0.0015775408828631043,-0.0038518854416906001,-0.0038518854416906001,0.0015775408828631,0.0059789563529193002,0.0059789563529193002
RPI,2005-04-30,0.0016087848925963044,-0.0038944673724471998,-0.0038944673724471998,0.0016087848925963001,0.0060732336714862997,0.0060732336714862997
S&P 500,2003-05-31,0.010486648418009281,-0.035988699644804001,-0.035988699644804001,0.0104866484180092,0.051253430545329999,0.051253430545329999
S&P 500,2003-06-30,0.0057551427744328976,-0.043535634875297498,-0.043535634875297498,0.0057551432400940999,0.048315718770027098,0.048315718770027098
S&P 500,2003-07-31,0.0025103238876909018,-0.048672098666429499,-0.048672098666429499,0.0025103241205214999,0.045766726136207497,0.045766726136207497
S&P 500,2003-08-31,0.0027498549316078424,-0.049490045756101601,-0.049490045756101601,0.0027498546987770999,0.046854618936777101,0.046854618936777101
S&P 500,2003-09-30,0.003163499291986227,-0.049358349293470299,-0.049358349293470299,0.0031634997576475,0.047282245010137502,0.047282245010137502
S&P 500,2003-10-31,0.0038491345476359129,-0.049212761223316102,-0.049212761223316102,0.0038491347804665002,0.048142548650503103,0.048142548650503103
S&P 500,2003-11-30,0.0043154861778020859,-0.049644652754068298,-0.049644652754068298,0.004315486177802,0.049081154167652102,0.049081154167652102
S&P 500,2003-12-31,0.0044814771972596645,-0.049749065190553603,-0.049749065190553603,0.0044814767315983,0.049349863082170403,0.049349863082170403
S&P 500,2004-01-31,0.0042085237801074982,-0.050477087497711098,-0.050477087497711098,0.0042085237801074002,0.049114987254142699,0.049114987254142699
S&P 500,2004-02-29,0.0038457745686173439,-0.051349811255931799,-0.051349811255931799,0.0038457745686173001,0.048847980797290802,0.048847980797290802
S&P 500,2004-03-31,0.0033605829812586308,-0.052078314125537803,-0.052078314125537803,0.0033605825155973001,0.048593774437904302,0.048593774437904302
S&P 500,2004-04-30,0.0039283856749534607,-0.051751583814620902,-0.051751583814620902,0.0039283856749534,0.049394939094781799,0.049394939094781799
S&P 500,2004-05-31,0.003978370688855648,-0.051865853369235902,-0.051865853369235902,0.0039783706888556003,0.049061659723520203,0.049061659723520203
S&P 500,2004-06-30,0.0045316051691770554,-0.051907468587160097,-0.051907468587160097,0.0045316051691769998,0.050268582999706199,0.050268582999706199
S&P 500,2004-07-31,0.0048771374858915806,-0.051456682384014102,-0.051456682384014102,0.0048771370202301996,0.050571154803037602,0.050571154803037602
S&P 500,2004-08-31,0.0046085240319371223,-0.051585417240858002,-0.051585417240858002,0.0046085240319370998,0.050103694200515698,0.050103694200515698
S&P 500,2004-09-30,0.0035905004478991032,-0.052185449749231297,-0.052185449749231297,0.0035905009135602998,0.0486611127853393,0.0486611127853393
S&P 500,2004-10-31,0.0037649599835276604,-0.0519774071872234,-0.0519774071872234,0.0037649599835276001,0.048557575792074197,0.048557575792074197
S&P 500,2004-11-30,0.004834306426346302,-0.0515475124120712,-0.0515475124120712,0.0048343064263463003,0.049768164753913803,0.049768164753913803
S&P 500,2004-12-31,0.0054330034181475639,-0.050727590918540899,-0.050727590918540899,0.0054330034181474997,0.050207708030939102,0.050207708030939102
S&P 500,2005-01-31,0.0063333171419799328,-0.049404181540012297,-0.049404181540012297,0.0063333176076412001,0.051018480211496298,0.051018480211496298
S&P 500,2005-02-28,0.0063932109624147415,-0.049041815102100303,-0.049041815102100303,0.0063932109624146999,0.050395779311656903,0.050395779311656903
S&P 500,2005-03-31,0.0052923779003322124,-0.049954660236835403,-0.049954660236835403,0.0052923774346709,0.048984132707118898,0.048984132707118898
S&P 500,2005-04-30,0.0048480932600796223,-0.050791114568710299,-0.050791114568710299,0.0048480937257409,0.048703439533710403,0.048703439533710403
S&P PE ratio,2003-05-31,0.00070582376793026924,-0.047792486846446901,-0.047792486846446901,0.00070582330226889997,0.046700768172740902,0.046700768172740902
S&P PE ratio,2003-06-30,-0.0036143478937447071,-0.055481370538473102,-0.055481370538473102,-0.0036143474280833999,0.045186441391706397,0.045186441391706397
S&P PE ratio,2003-07-31,-0.006355928722769022,-0.060093104839324903,-0.060093104839324903,-0.0063559282571077,0.044089578092098201,0.044089578092098201
S&P PE ratio,2003-08-31,-0.0063396729528903961,-0.061407838016748401,-0.061407838016748401,-0.0063396729528902998,0.045201286673545803,0.045201286673545803
S&P PE ratio,2003-09-30,-0.0047434489242732525,-0.059547197073698002,-0.059547197073698002,-0.0047434493899344999,0.0475130192935466,0.0475130192935466
S&P PE ratio,2003-10-31,-0.0031293868087232113,-0.058641437441110597,-0.058641437441110597,-0.0031293872743844002,0.049416378140449503,0.049416378140449503
S&P PE ratio,2003-11-30,-0.0040000984445214272,-0.060018230229616103,-0.060018230229616103,-0.0040000984445214003,0.048886809498071601,0.048886809498071601
S&P PE ratio,2003-12-31,-0.0034718485549092293,-0.059750780463218599,-0.059750780463218599,-0.0034718485549091998,0.050463199615478502,0.050463199615478502
S&P PE ratio,2004-01-31,-0.0037131430581212044,-0.060146547853946603,-0.060146547853946603,-0.0037131430581212,0.050633177161216701,0.050633177161216701
S&P PE ratio,2004-02-29,-0.0051792408339679241,-0.062454093247651998,-0.062454093247651998,-0.0051792412996292002,0.049426041543483699,0.049426041543483699
S&P PE ratio,2004-03-31,-0.005174463614821434,-0.062679588794708196,-0.062679588794708196,-0.0051744636148214002,0.049551915377378401,0.049551915377378401
S&P PE ratio,2004-04-30,-0.0044250860810279846,-0.061825696378946297,-0.061825696378946297,-0.0044250860810278996,0.050518002361059099,0.050518002361059099
S&P PE ratio,2004-05-31,-0.004107307642698288,-0.061033114790916401,-0.061033114790916401,-0.0041073076426982004,0.050896026194095598,0.050896026194095598
S&P PE ratio,2004-06-30,-0.0035136518999934196,-0.061314936727285302,-0.061314936727285302,-0.0035136518999934001,0.052460141479968997,0.052460141479968997
S&P PE ratio,2004-07-31,-0.0034278552047908306,-0.061492655426263802,-0.061492655426263802,-0.0034278556704521001,0.052516680210828698,0.052516680210828698
S&P PE ratio,2004-08-31,-0.0048835575580596924,-0.063075624406337696,-0.063075624406337696,-0.0048835575580595996,0.0515403375029563,0.0515403375029563
S&P PE ratio,2004-09-30,-0.0065731797367334366,-0.064453423023223794,-0.064453423023223794,-0.0065731797367334002,0.049639176577329601,0.049639176577329601
S&P PE ratio,2004-10-31,-0.0063572563230991364,-0.064203150570392595,-0.064203150570392595,-0.0063572563230990999,0.049814339727163301,0.049814339727163301
S&P PE ratio,2004-11-30,-0.0049996208399534225,-0.063006177544593797,-0.063006177544593797,-0.0049996208399534,0.051572438329458202,0.051572438329458202
S&P PE ratio,2004-12-31,-0.0040770680643618107,-0.062286961823701803,-0.062286961823701803,-0.0040770675987005,0.052115190774202298,0.052115190774202298
S&P PE ratio,2005-01-31,-0.0034396126866340637,-0.061589498072862597,-0.061589498072862597,-0.003439612686634,0.053100388497114098,0.053100388497114098
S&P PE ratio,2005-02-28,-0.0032115555368363857,-0.061310838907957001,-0.061310838907957001,-0.0032115560024976002,0.053315985947847297,0.053315985947847297
S&P PE ratio,2005-03-31,-0.00371574517339468,-0.061408903449773698,-0.061408903449773698,-0.0037157451733945998,0.053326506167650202,0.053326506167650202
S&P PE ratio,2005-04-30,-0.0048373513855040073,-0.063150204718112904,-0.063150204718112904,-0.0048373509198427001,0.052646402269601801,0.052646402269601801
S&P div yield,2003-05-31,-0.010635741986334324,-0.11742778122425079,-0.11742778122425079,-0.010635741055011701,0.1052313521504402,0.1052313521504402
S&P div yield,2003-06-30,-0.0019864717032760382,-0.11694839596748351,-0.11694839596748351,-0.0019864719361065999,0.1231022626161575,0.1231022626161575
S&P div yield,2003-07-31,0.0043698996305465698,-0.1145504340529441,-0.1145504340529441,0.0043698996305464996,0.13541451096534729,0.13541451096534729
S&P div yield,2003-08-31,0.0057884231209754944,-0.1176510080695152,-0.1176510080695152,0.0057884231209753998,0.14135386049747459,0.14135386049747459
S&P div yield,2003-09-30,0.0053218770772218704,-0.1197951883077621,-0.1197951883077621,0.0053218770772218002,0.14346389472484589,0.14346389472484589
S&P div yield,2003-10-31,0.0045676250010728836,-0.12253681570291509,-0.12253681570291509,0.0045676250010728003,0.1452944725751876,0.1452944725751876
S&P div yield,2003-11-30,0.0035243593156337738,-0.1265552341938018,-0.1265552341938018,0.0035243593156337001,0.14611448347568509,0.14611448347568509
S&P div yield,2003-12-31,0.0027962601743638515,-0.1296960711479187,-0.1296960711479187,0.0027962606400250998,0.14709445834159851,0.14709445834159851
S&P div yield,2004-01-31,0.002772659994661808,-0.1302654296159744,-0.1302654296159744,0.0027726590633392,0.14960022270679471,0.14960022270679471
S&P div yield,2004-02-29,0.0051031699404120445,-0.12999309599399561,-0.12999309599399561,0.0051031708717346001,0.15427909791469571,0.15427909791469571
S&P div yield,2004-03-31,0.0070639327168464661,-0.12810277938842771,-0.12810277938842771,0.0070639327168464001,0.15776126086711881,0.15776126086711881
S&P div yield,2004-04-30,0.0058593619614839554,-0.13118073344230649,-0.13118073344230649,0.0058593619614838999,0.15755078196525571,0.15755078196525571
S&P div yield,2004-05-31,0.0071563376113772392,-0.1305031031370163,-0.1305031031370163,0.0071563385426998,0.16046740114688871,0.16046740114688871
S&P div yield,2004-06-30,0.0074664745479822159,-0.1313942670822143,-0.1313942670822143,0.0074664745479822003,0.1617761105298996,0.1617761105298996
S&P div yield,2004-07-31,0.0078197075054049492,-0.13153265416622159,-0.13153265416622159,0.0078197065740823,0.16283237934112549,0.16283237934112549
S&P div yield,2004-08-31,0.0073419352993369102,-0.13319386541843409,-0.13319386541843409,0.0073419362306593999,0.16253149509429929,0.16253149509429929
S&P div yield,2004-09-30,0.0094393547624349594,-0.13237281143665311,-0.13237281143665311,0.0094393547624349004,0.1660159677267074,0.1660159677267074
S&P div yield,2004-10-31,0.010956715792417526,-0.13098546862602231,-0.13098546862602231,0.0109567157924175,0.16745880246162409,0.16745880246162409
S&P div yield,2004-11-30,0.0083539625629782677,-0.13665579259395599,-0.13665579259395599,0.0083539634943008007,0.1686108410358429,0.1686108410358429
S&P div yield,2004-12-31,0.0096478210762143135,-0.13595390319824219,-0.13595390319824219,0.0096478201448917007,0.17053519189357749,0.17053519189357749
S&P div yield,2005-01-31,0.0082820560783147812,-0.13857324421405789,-0.13857324421405789,0.0082820560783146997,0.16958698630332941,0.16958698630332941
S&P div yield,2005-02-28,0.0093470280990004539,-0.1375190913677215,-0.1375190913677215,0.0093470290303230008,0.1705881655216217,0.1705881655216217
S&P div yield,2005-03-31,0.010258971713483334,-0.13749466836452481,-0.13749466836452481,0.0102589707821607,0.1729373484849929,0.1729373484849929
S&P div yield,2005-04-30,0.010060666128993034,-0.13879728317260739,-0.13879728317260739,0.0100606670603156,0.1737889945507049,0.1737889945507049
SRVPRD,2003-05-31,0.00031682825647294521,-0.001178765669465,-0.001178765669465,0.0003168282564729,0.0017470592865720001,0.0017470592865720001
SRVPRD,2003-06-30,0.00040865957271307707,-0.0012531869579105999,-0.0012531869579105999,0.00040865957271299998,0.0019641630351543002,0.0019641630351543002
SRVPRD,2003-07-31,0.000440743169747293,-0.0013275179080665001,-0.0013275179080665001,0.00044074316974720003,0.0020826298277825,0.0020826298277825
SRVPRD,2003-08-31,0.00044369802344590425,-0.0014101676642893999,-0.0014101676642893999,0.00044369802344590003,0.0021342395339161001,0.0021342395339161001
SRVPRD,2003-09-30,0.00059965450782328844,-0.0013217581436038,-0.0013217581436038,0.00059965450782319997,0.0023331465199589001,0.0023331465199589001
SRVPRD,2003-10-31,0.00070899329148232937,-0.0012788295280187999,-0.0012788295280187999,0.00070899329148229999,0.0024962797760963002,0.0024962797760963002
SRVPRD,2003-11-30,0.00080266722943633795,-0.0012127899099140999,-0.0012127899099140999,0.0008026672294363,0.0026050971355289,0.0026050971355289
SRVPRD,2003-12-31,0.00086313532665371895,-0.0011919671669601999,-0.0011919671669601999,0.00086313532665369997,0.0026695332489907,0.0026695332489907
SRVPRD,2004-01-31,0.0010232287459075451,-0.0010473860893398001,-0.0010473860893398001,0.0010232287459075,0.0028443869668990001,0.0028443869668990001
SRVPRD,2004-02-29,0.0011455551721155643,-0.00096116890199480001,-0.00096116890199480001,0.0011455551721154999,0.0030024121515451999,0.0030024121515451999
SRVPRD,2004-03-31,0.001248533371835947,-0.00086645083501929996,-0.00086645083501929996,0.0012485333718359,0.0031004464253783,0.0031004464253783
SRVPRD,2004-04-30,0.0012771255569532514,-0.00083401449955989996,-0.00083401449955989996,0.0012771255569532,0.0031492291018365998,0.0031492291018365998
SRVPRD,2004-05-31,0.0013129885774105787,-0.00081894802860910001,-0.00081894802860910001,0.0013129885774105,0.0031829499639570002,0.0031829499639570002
SRVPRD,2004-06-30,0.001359627116471529,-0.00080121890641740004,-0.00080121890641740004,0.0013596271164715,0.0032634146045893001,0.0032634146045893001
SRVPRD,2004-07-31,0.0014297824818640947,-0.00073930341750380005,-0.00073930341750380005,0.001429782481864,0.0033147754147648,0.0033147754147648
SRVPRD,2004-08-31,0.0014174866955727339,-0.00077917077578600004,-0.00077917077578600004,0.0014174866955727001,0.0033245708327740001,0.0033245708327740001
SRVPRD,2004-09-30,0.0014959232648834586,-0.00068792211823159996,-0.00068792211823159996,0.0014959232648834001,0.0034117936156689999,0.0034117936156689999
SRVPRD,2004-10-31,0.0015504360198974609,-0.00063602835871270002,-0.00063602835871270002,0.0015504360198974,0.0034700380638241,0.0034700380638241
SRVPRD,2004-11-30,0.0015693024033680558,-0.0006564408540725,-0.0006564408540725,0.0015693024033680001,0.0035111103206871999,0.0035111103206871999
SRVPRD,2004-12-31,0.0015646718675270677,-0.00067830551415679996,-0.00067830551415679996,0.001564671867527,0.0034961348865180999,0.0034961348865180999
SRVPRD,2005-01-31,0.0015739342197775841,-0.00063589145429429996,-0.00063589145429429996,0.0015739342197774999,0.0035024690441787,0.0035024690441787
SRVPRD,2005-02-28,0.0016393123660236597,-0.00057943910360330004,-0.00057943910360330004,0.0016393123660236001,0.0035833390429614999,0.0035833390429614999
SRVPRD,2005-03-31,0.0016400631284341216,-0.00056971143931150003,-0.00056971143931150003,0.0016400631284340999,0.0035789068788290002,0.0035789068788290002
SRVPRD,2005-04-30,0.0016258102841675282,-0.00060820602811869999,-0.00060820602811869999,0.0016258102841675,0.0036181933246551999,0.0036181933246551999
T10YFFM,2003-05-31,2.6923167705535889,2.479384183883667,2.479384183883667,2.6923167705535889,2.869842529296875,2.869842529296875
T10YFFM,2003-06-30,2.7369427680969238,2.5145950317382812,2.5145950317382812,2.7369427680969238,2.9472212791442871,2.9472212791442871
T10YFFM,2003-07-31,2.8003027439117432,2.5425560474395752,2.5425560474395752,2.8003027439117432,3.0215187072753902,3.0215187072753902
T10YFFM,2003-08-31,2.8724508285522461,2.6168122291564941,2.6168122291564941,2.8724508285522461,3.0932455062866211,3.0932455062866211
T10YFFM,2003-09-30,2.9156007766723633,2.6609008312225342,2.6609008312225342,2.9156007766723633,3.156865119934082,3.156865119934082
T10YFFM,2003-10-31,2.9563374519348145,2.7079036235809326,2.7079036235809326,2.9563374519348145,3.1837239265441895,3.1837239265441895
T10YFFM,2003-11-30,2.9995107650756836,2.7419869899749756,2.7419869899749756,2.9995107650756836,3.2205090522766113,3.2205090522766113
T10YFFM,2003-12-31,3.0630488395690918,2.7572236061096191,2.7572236061096191,3.0630488395690918,3.2597846984863281,3.2597846984863281
T10YFFM,2004-01-31,3.0903835296630859,2.8286123275756836,2.8286123275756836,3.0903835296630859,3.3091635704040527,3.3091635704040527
T10YFFM,2004-02-29,3.0429835319519043,2.7901709079742432,2.7901709079742432,3.0429835319519043,3.2830390930175781,3.2830390930175781
T10YFFM,2004-03-31,3.0082073211669922,2.8087954521179199,2.8087954521179199,3.0082073211669922,3.2607407569885254,3.2607407569885254
T10YFFM,2004-04-30,2.9460759162902832,2.7015376091003418,2.7015376091003418,2.9460759162902832,3.2031970024108887,3.2031970024108887
T10YFFM,2004-05-31,2.8925538063049316,2.6793117523193359,2.6793117523193359,2.8925538063049316,3.1260857582092285,3.1260857582092285
T10YFFM,2004-06-30,2.8488302230834961,2.6063809394836426,2.6063809394836426,2.8488302230834961,3.072087287902832,3.072087287902832
T10YFFM,2004-07-31,2.8155183792114258,2.6111330986022949,2.6111330986022949,2.8155183792114258,3.067011833190918,3.067011833190918
T10YFFM,2004-08-31,2.6973171234130859,2.4755833148956299,2.4755833148956299,2.6973171234130859,2.9378876686096191,2.9378876686096191
T10YFFM,2004-09-30,2.5098004341125488,2.2821836471557617,2.2821836471557617,2.5098004341125488,2.7969732284545898,2.7969732284545898
T10YFFM,2004-10-31,2.3736729621887207,2.1286416053771973,2.1286416053771973,2.3736729621887207,2.6578030586242676,2.6578030586242676
T10YFFM,2004-11-30,2.1385951042175293,1.9054704904556272,1.9054704904556272,2.1385951042175293,2.411933422088623,2.411933422088623
T10YFFM,2004-12-31,1.9670681953430176,1.760383129119873,1.760383129119873,1.9670681953430176,2.2466089725494385,2.2466089725494385
T10YFFM,2005-01-31,1.8212254047393799,1.6015043258666992,1.6015043258666992,1.8212254047393801,2.1195316314697266,2.1195316314697266
T10YFFM,2005-02-28,1.6625356674194336,1.4276390075683594,1.4276390075683594,1.6625356674194336,1.9733887910842896,1.9733887910842896
T10YFFM,2005-03-31,1.5199013948440552,1.2694715261459351,1.2694715261459351,1.5199013948440552,1.851861834526062,1.851861834526062
T10YFFM,2005-04-30,1.3921098709106445,1.1459047794342041,1.1459047794342041,1.3921098709106443,1.6940902471542358,1.6940902471542358
T1YFFM,2003-05-31,-0.016493167728185654,-0.18194152414798731,-0.18194152414798731,-0.016493167728185602,0.15882007777690879,0.15882007777690879
T1YFFM,2003-06-30,0.020735928788781166,-0.1513809263706207,-0.1513809263706207,0.020735926926135999,0.21472716331481931,0.21472716331481931
T1YFFM,2003-07-31,0.077627129852771759,-0.1080650761723518,-0.1080650761723518,0.077627129852771704,0.27995270490646362,0.27995270490646362
T1YFFM,2003-08-31,0.14110010862350464,-0.045008592307567499,-0.045008592307567499,0.14110010862350461,0.33916652202606201,0.33916652202606201
T1YFFM,2003-09-30,0.18347865343093872,0.013367130421102,0.013367130421102,0.18347865343093869,0.37406265735626221,0.37406265735626221
T1YFFM,2003-10-31,0.21180908381938934,0.050473928451538003,0.050473928451538003,0.21180908381938929,0.38553315401077271,0.38553315401077271
T1YFFM,2003-11-30,0.23395898938179016,0.075934074819087899,0.075934074819087899,0.23395898938179011,0.40545526146888727,0.40545526146888727
T1YFFM,2003-12-31,0.29670581221580505,0.12448980659246441,0.12448980659246441,0.296705812215805,0.46034431457519531,0.46034431457519531
T1YFFM,2004-01-31,0.35603117942810059,0.20587486028671259,0.20587486028671259,0.35603117942810059,0.52766317129135132,0.52766317129135132
T1YFFM,2004-02-29,0.40367975831031799,0.24665682017803189,0.24665682017803189,0.40367975831031799,0.57635992765426636,0.57635992765426636
T1YFFM,2004-03-31,0.43795293569564819,0.29672574996948242,0.29672574996948242,0.43795293569564819,0.61111944913864136,0.61111944913864136
T1YFFM,2004-04-30,0.46524280309677124,0.3109041154384613,0.3109041154384613,0.46524280309677118,0.64204031229019165,0.64204031229019165
T1YFFM,2004-05-31,0.52330577373504639,0.3782024085521698,0.3782024085521698,0.52330577373504639,0.68409967422485352,0.68409967422485352
T1YFFM,2004-06-30,0.57974368333816528,0.44927233457565308,0.44927233457565308,0.57974368333816528,0.73923099040985107,0.73923099040985107
T1YFFM,2004-07-31,0.60066807270050049,0.46803531050682068,0.46803531050682068,0.60066807270050049,0.75888353586196899,0.75888353586196899
T1YFFM,2004-08-31,0.57397043704986572,0.44569694995880121,0.44569694995880121,0.57397043704986572,0.73140311241149902,0.73140311241149902
T1YFFM,2004-09-30,0.52300924062728882,0.39168423414230341,0.39168423414230341,0.52300924062728882,0.68075287342071533,0.68075287342071533
T1YFFM,2004-10-31,0.51398640871047974,0.39023894071578979,0.39023894071578979,0.51398640871047974,0.67231070995330811,0.67231070995330811
T1YFFM,2004-11-30,0.51941567659378052,0.40547752380371088,0.40547752380371088,0.51941567659378052,0.66325706243515015,0.66325706243515015
T1YFFM,2004-12-31,0.55945777893066406,0.44822949171066279,0.44822949171066279,0.55945777893066406,0.70115822553634644,0.70115822553634644
T1YFFM,2005-01-31,0.58740472793579102,0.46968066692352289,0.46968066692352289,0.58740472793579102,0.73835599422454834,0.73835599422454834
T1YFFM,2005-02-28,0.55905318260192871,0.43094092607498169,0.43094092607498169,0.55905318260192871,0.72618567943572998,0.72618567943572998
T1YFFM,2005-03-31,0.52658653259277344,0.39018535614013672,0.39018535614013672,0.52658653259277344,0.70757651329040527,0.70757651329040527
T1YFFM,2005-04-30,0.48928391933441162,0.35481551289558411,0.35481551289558411,0.48928391933441162,0.66013050079345703,0.66013050079345703
T5YFFM,2003-05-31,1.6976722478866577,1.4744629859924316,1.4744629859924316,1.6976722478866575,1.893970727920532,1.893970727920532
T5YFFM,2003-06-30,1.7973624467849731,1.5579774379730225,1.5579774379730225,1.7973624467849731,2.0143144130706787,2.0143144130706787
T5YFFM,2003-07-31,1.9164191484451294,1.6513190269470217,1.6513190269470217,1.9164191484451296,2.1445701122283936,2.1445701122283936
T5YFFM,2003-08-31,2.0405573844909668,1.7778615951538086,1.7778615951538086,2.0405573844909668,2.2721567153930664,2.2721567153930664
T5YFFM,2003-09-30,2.0911710262298584,1.83832323551178,1.83832323551178,2.0911710262298584,2.3293676376342773,2.3293676376342773
T5YFFM,2003-10-31,2.1260061264038086,1.875383734703064,1.875383734703064,2.1260061264038086,2.3429160118103027,2.3429160118103027
T5YFFM,2003-11-30,2.1645617485046387,1.9132078886032104,1.9132078886032104,2.1645617485046387,2.3802204132080078,2.3802204132080078
T5YFFM,2003-12-31,2.2269163131713867,1.9347913265228271,1.9347913265228271,2.2269163131713867,2.4190893173217773,2.4190893173217773
T5YFFM,2004-01-31,2.261131763458252,2.0181527137756348,2.0181527137756348,2.261131763458252,2.4678459167480469,2.4678459167480469
T5YFFM,2004-02-29,2.2216267585754395,1.987913966178894,1.987913966178894,2.2216267585754395,2.4368655681610107,2.4368655681610107
T5YFFM,2004-03-31,2.2311909198760986,2.0469346046447754,2.0469346046447754,2.2311909198760982,2.455085277557373,2.455085277557373
T5YFFM,2004-04-30,2.1850423812866211,1.9673309326171875,1.9673309326171875,2.1850423812866211,2.4062249660491943,2.4062249660491943
T5YFFM,2004-05-31,2.1478886604309082,1.9526890516281128,1.9526890516281128,2.1478886604309082,2.3514480590820312,2.3514480590820312
T5YFFM,2004-06-30,2.1420269012451172,1.9404520988464355,1.9404520988464355,2.1420269012451172,2.3388772010803223,2.3388772010803223
T5YFFM,2004-07-31,2.1106443405151367,1.9253304004669189,1.9253304004669189,2.1106443405151367,2.3200621604919434,2.3200621604919434
T5YFFM,2004-08-31,2.011512279510498,1.811118483543396,1.811118483543396,2.011512279510498,2.2239203453063965,2.2239203453063965
T5YFFM,2004-09-30,1.8645948171615601,1.6625707149505615,1.6625707149505615,1.8645948171615601,2.1011261940002441,2.1011261940002441
T5YFFM,2004-10-31,1.7720088958740234,1.5499582290649414,1.5499582290649414,1.7720088958740234,2.0112109184265137,2.0112109184265137
T5YFFM,2004-11-30,1.5990262031555176,1.3820006847381592,1.3820006847381592,1.5990262031555176,1.8254237174987793,1.8254237174987793
T5YFFM,2004-12-31,1.4974056482315063,1.2952091693878174,1.2952091693878174,1.4974056482315063,1.7305774688720703,1.7305774688720703
T5YFFM,2005-01-31,1.4258040189743042,1.2074487209320068,1.2074487209320068,1.4258040189743042,1.6751676797866819,1.6751676797866819
T5YFFM,2005-02-28,1.3085258007049561,1.0918440818786621,1.0918440818786621,1.3085258007049561,1.575337290763855,1.575337290763855
T5YFFM,2005-03-31,1.2130036354064941,0.9751138687133788,0.9751138687133788,1.2130036354064939,1.4992679357528689,1.4992679357528689
T5YFFM,2005-04-30,1.1287773847579956,0.89590638875961304,0.89590638875961304,1.1287773847579956,1.3905060291290283,1.3905060291290283
TB3MS,2003-05-31,-0.016490554437041283,-0.2469759583473205,-0.2469759583473205,-0.016490552574396099,0.1604589372873306,0.1604589372873306
TB3MS,2003-06-30,-0.0115929851308465,-0.26699844002723688,-0.26699844002723688,-0.0115929841995239,0.1791273355484008,0.1791273355484008
TB3MS,2003-07-31,-0.0058463551104068756,-0.28083169460296631,-0.28083169460296631,-0.0058463551104068001,0.1918066143989563,0.1918066143989563
TB3MS,2003-08-31,-0.012619544751942158,-0.29986360669136047,-0.29986360669136047,-0.0126195438206195,0.18914511799812311,0.18914511799812311
TB3MS,2003-09-30,-0.016660850495100021,-0.31511715054512018,-0.31511715054512018,-0.016660850495100001,0.1922799795866012,0.1922799795866012
TB3MS,2003-10-31,-0.019295869395136833,-0.32220044732093811,-0.32220044732093811,-0.019295871257781899,0.19686275720596311,0.19686275720596311
TB3MS,2003-11-30,-0.017110548913478851,-0.33015584945678711,-0.33015584945678711,-0.017110548913478799,0.20291410386562339,0.20291410386562339
TB3MS,2003-12-31,-0.026901967823505402,-0.34697505831718439,-0.34697505831718439,-0.026901967823505402,0.19478738307952881,0.19478738307952881
TB3MS,2004-01-31,-0.02585473470389843,-0.35385105013847351,-0.35385105013847351,-0.025854736566543499,0.20306186378002161,0.20306186378002161
TB3MS,2004-02-29,-0.017840448766946793,-0.34871682524681091,-0.34871682524681091,-0.017840448766946699,0.21464762091636649,0.21464762091636649
TB3MS,2004-03-31,-0.011942369863390923,-0.34416720271110529,-0.34416720271110529,-0.011942371726036001,0.22263519465923309,0.22263519465923309
TB3MS,2004-04-30,-0.019041087478399277,-0.35520526766777039,-0.35520526766777039,-0.0190410874783992,0.21363553404808039,0.21363553404808039
TB3MS,2004-05-31,-0.016851015388965607,-0.36059516668319702,-0.36059516668319702,-0.0168510153889656,0.21704012155532831,0.21704012155532831
TB3MS,2004-06-30,-0.015926709398627281,-0.35934332013130188,-0.35934332013130188,-0.015926711261272399,0.2173880338668823,0.2173880338668823
TB3MS,2004-07-31,-0.011095221154391766,-0.3579228520393371,-0.3579228520393371,-0.0110952220857143,0.22830606997013089,0.22830606997013089
TB3MS,2004-08-31,-0.01819925382733345,-0.37005907297134399,-0.37005907297134399,-0.018199253827333398,0.2231267094612121,0.2231267094612121
TB3MS,2004-09-30,-0.019687438383698463,-0.3705733716487884,-0.3705733716487884,-0.0196874365210533,0.22581213712692261,0.22581213712692261
TB3MS,2004-10-31,-0.020433677360415459,-0.37217086553573608,-0.37217086553573608,-0.020433679223060601,0.223419964313507,0.223419964313507
TB3MS,2004-11-30,-0.0080176712945103645,-0.3736573457717895,-0.3736573457717895,-0.0080176703631876997,0.24412320554256439,0.24412320554256439
TB3MS,2004-12-31,-0.012415673583745956,-0.37965390086174011,-0.37965390086174011,-0.012415673583745899,0.2407652884721756,0.2407652884721756
TB3MS,2005-01-31,-0.011349230073392391,-0.38031512498855591,-0.38031512498855591,-0.0113492310047149,0.24378164112567899,0.24378164112567899
TB3MS,2005-02-28,-0.009560558944940567,-0.37506285309791559,-0.37506285309791559,-0.0095605589449404994,0.24273484945297241,0.24273484945297241
TB3MS,2005-03-31,-0.0067862113937735558,-0.37963742017745972,-0.37963742017745972,-0.0067862123250961,0.24809959530830381,0.24809959530830381
TB3MS,2005-04-30,-0.016995647922158241,-0.3958496749401092,-0.3958496749401092,-0.016995646059512998,0.24479551613330841,0.24479551613330841
TB3SMFFM,2003-05-31,-0.13594377040863037,-0.23307716846466059,-0.23307716846466059,-0.13594377040863029,-0.047441005706787102,-0.047441005706787102
TB3SMFFM,2003-06-30,-0.13641834259033203,-0.23212224245071411,-0.23212224245071411,-0.136418342590332,-0.041282951831817599,-0.041282951831817599
TB3SMFFM,2003-07-31,-0.13971364498138428,-0.24875250458717341,-0.24875250458717341,-0.13971364498138419,-0.037832379341125398,-0.037832379341125398
TB3SMFFM,2003-08-31,-0.11713704466819763,-0.23193943500518799,-0.23193943500518799,-0.1171370446681976,-0.0153003334999084,-0.0153003334999084
TB3SMFFM,2003-09-30,-0.10505247116088867,-0.2233007550239563,-0.2233007550239563,-0.1050524711608886,0.00033104419708250002,0.00033104419708250002
TB3SMFFM,2003-10-31,-0.10354948043823242,-0.21681728959083549,-0.21681728959083549,-0.10354948043823239,0.0024531483650206999,0.0024531483650206999
TB3SMFFM,2003-11-30,-0.090883761644363403,-0.20862936973571769,-0.20862936973571769,-0.090883761644363403,0.019956946372985802,0.019956946372985802
TB3SMFFM,2003-12-31,-0.078502833843231201,-0.20873409509658811,-0.20873409509658811,-0.078502833843231201,0.025431215763091999,0.025431215763091999
TB3SMFFM,2004-01-31,-0.079166829586029053,-0.19477275013923639,-0.19477275013923639,-0.079166829586028997,0.033851981163024902,0.033851981163024902
TB3SMFFM,2004-02-29,-0.060432493686676025,-0.1746634840965271,-0.1746634840965271,-0.060432493686675998,0.049339652061462402,0.049339652061462402
TB3SMFFM,2004-03-31,-0.01447749137878418,-0.1170434951782226,-0.1170434951782226,-0.0144774913787841,0.097042918205261203,0.097042918205261203
TB3SMFFM,2004-04-30,-0.0050613880157470703,-0.11205032467842101,-0.11205032467842101,-0.0050613880157470001,0.10787111520767211,0.10787111520767211
TB3SMFFM,2004-05-31,0.019915282726287842,-0.089697837829589802,-0.089697837829589802,0.0199152827262878,0.1226469278335571,0.1226469278335571
TB3SMFFM,2004-06-30,0.040073573589324951,-0.0540924072265625,-0.0540924072265625,0.040073573589324903,0.1300932765007019,0.1300932765007019
TB3SMFFM,2004-07-31,0.05408942699432373,-0.031359851360321003,-0.031359851360321003,0.054089426994323703,0.1448557376861572,0.1448557376861572
TB3SMFFM,2004-08-31,0.049364686012268066,-0.036103606224060003,-0.036103606224060003,0.049364686012267997,0.13516223430633539,0.13516223430633539
TB3SMFFM,2004-09-30,0.037524104118347168,-0.042947649955749498,-0.042947649955749498,0.037524104118347099,0.12837392091751099,0.12837392091751099
TB3SMFFM,2004-10-31,0.04731905460357666,-0.025456666946411102,-0.025456666946411102,0.047319054603576598,0.12908738851547241,0.12908738851547241
TB3SMFFM,2004-11-30,0.03476637601852417,-0.049932062625885003,-0.049932062625885003,0.034766376018524101,0.1111184954643249,0.1111184954643249
TB3SMFFM,2004-12-31,0.05009913444519043,-0.022760987281799299,-0.022760987281799299,0.050099134445190402,0.1254246830940246,0.1254246830940246
TB3SMFFM,2005-01-31,0.087722659111022949,0.018559157848358099,0.018559157848358099,0.087722659111022894,0.16281133890151969,0.16281133890151969
TB3SMFFM,2005-02-28,0.087636351585388184,0.017143189907073898,0.017143189907073898,0.0876363515853881,0.1670390367507934,0.1670390367507934
TB3SMFFM,2005-03-31,0.067074477672576904,-0.018634617328643799,-0.018634617328643799,0.067074477672576904,0.1628689169883728,0.1628689169883728
TB3SMFFM,2005-04-30,0.0334433913230896,-0.066141247749328599,-0.066141247749328599,0.0334433913230896,0.1379858255386352,0.1379858255386352
TB6MS,2003-05-31,-0.027381882071495056,-0.26793676614761353,-0.26793676614761353,-0.027381882071495001,0.1786825209856033,0.1786825209856033
TB6MS,2003-06-30,-0.029815539717674255,-0.29350078105926508,-0.29350078105926508,-0.0298155397176742,0.19425240159034729,0.19425240159034729
TB6MS,2003-07-31,-0.029880639165639877,-0.31024190783500671,-0.31024190783500671,-0.029880639165639801,0.2016589790582656,0.2016589790582656
TB6MS,2003-08-31,-0.026278674602508545,-0.31707403063774109,-0.31707403063774109,-0.0262786746025085,0.21080444753170011,0.21080444753170011
TB6MS,2003-09-30,-0.029628675431013107,-0.32667675614356989,-0.32667675614356989,-0.0296286754310131,0.21417625248432159,0.21417625248432159
TB6MS,2003-10-31,-0.032468978315591812,-0.332419753074646,-0.332419753074646,-0.032468978315591798,0.2167856097221374,0.2167856097221374
TB6MS,2003-11-30,-0.035322356969118118,-0.34498530626296992,-0.34498530626296992,-0.035322356969118097,0.21804888546466819,0.21804888546466819
TB6MS,2003-12-31,-0.037245463579893112,-0.35241404175758362,-0.35241404175758362,-0.037245463579893098,0.21837671101093289,0.21837671101093289
TB6MS,2004-01-31,-0.037112455815076828,-0.36030465364456171,-0.36030465364456171,-0.0371124558150768,0.22693952918052671,0.22693952918052671
TB6MS,2004-02-29,-0.03143450990319252,-0.35796979069709778,-0.35796979069709778,-0.031434509903192499,0.23706346750259399,0.23706346750259399
TB6MS,2004-03-31,-0.029005788266658783,-0.35713034868240351,-0.35713034868240351,-0.0290057882666587,0.24170130491256711,0.24170130491256711
TB6MS,2004-04-30,-0.02605113759636879,-0.3586285412311554,-0.3586285412311554,-0.026051137596368699,0.2456634044647216,0.2456634044647216
TB6MS,2004-05-31,-0.026147071272134781,-0.36495348811149592,-0.36495348811149592,-0.026147071272134701,0.2472262978553772,0.2472262978553772
TB6MS,2004-06-30,-0.027070030570030212,-0.36773237586021418,-0.36773237586021418,-0.027070030570030199,0.24666827917098999,0.24666827917098999
TB6MS,2004-07-31,-0.028284762054681778,-0.37288209795951838,-0.37288209795951838,-0.028284762054681702,0.2516511082649231,0.2516511082649231
TB6MS,2004-08-31,-0.029695063829421997,-0.3796769380569458,-0.3796769380569458,-0.0296950638294219,0.25121334195137018,0.25121334195137018
TB6MS,2004-09-30,-0.031037583947181702,-0.38063916563987732,-0.38063916563987732,-0.031037583947181702,0.25533819198608398,0.25533819198608398
TB6MS,2004-10-31,-0.031567290425300598,-0.382425457239151,-0.382425457239151,-0.031567290425300598,0.25343254208564758,0.25343254208564758
TB6MS,2004-11-30,-0.027641795575618744,-0.39142033457756042,-0.39142033457756042,-0.027641795575618699,0.2670913934707641,0.2670913934707641
TB6MS,2004-12-31,-0.024087049067020416,-0.39245817065238953,-0.39245817065238953,-0.024087049067020399,0.27117282152175898,0.27117282152175898
TB6MS,2005-01-31,-0.023571088910102844,-0.39478796720504761,-0.39478796720504761,-0.023571088910102799,0.2770483791828155,0.2770483791828155
TB6MS,2005-02-28,-0.021764907985925674,-0.39035090804100031,-0.39035090804100031,-0.021764907985925602,0.27715975046157831,0.27715975046157831
TB6MS,2005-03-31,-0.023902241140604019,-0.39981028437614441,-0.39981028437614441,-0.023902241140603998,0.27841842174530029,0.27841842174530029
TB6MS,2005-04-30,-0.024111032485961914,-0.40376979112625122,-0.40376979112625122,-0.0241110324859619,0.28501668572425842,0.28501668572425842
TB6SMFFM,2003-05-31,-0.11908513307571411,-0.23511920869350431,-0.23511920869350431,-0.1190851330757141,0.0014950335025787,0.0014950335025787
TB6SMFFM,2003-06-30,-0.0998973548412323,-0.2146248370409011,-0.2146248370409011,-0.0998973548412323,0.029101192951202299,0.029101192951202299
TB6SMFFM,2003-07-31,-0.096584856510162354,-0.22616007924079889,-0.22616007924079889,-0.096584856510162298,0.038261651992797803,0.038261651992797803
TB6SMFFM,2003-08-31,-0.071165651082992554,-0.2028799951076507,-0.2028799951076507,-0.071165651082992498,0.063501000404357896,0.063501000404357896
TB6SMFFM,2003-09-30,-0.048535794019699097,-0.1767084002494812,-0.1767084002494812,-0.048535794019699097,0.086409330368041895,0.086409330368041895
TB6SMFFM,2003-10-31,-0.027729570865631104,-0.14662072062492371,-0.14662072062492371,-0.0277295708656311,0.1032906174659729,0.1032906174659729
TB6SMFFM,2003-11-30,-0.0041365921497344971,-0.124208927154541,-0.124208927154541,-0.0041365921497343999,0.1288530826568603,0.1288530826568603
TB6SMFFM,2003-12-31,0.035836130380630493,-0.098203867673873901,-0.098203867673873901,0.035836130380630403,0.1621851921081543,0.1621851921081543
TB6SMFFM,2004-01-31,0.071183860301971436,-0.046359598636627197,-0.046359598636627197,0.071183860301971394,0.21005421876907349,0.21005421876907349
TB6SMFFM,2004-02-29,0.11341243982315063,-0.0049260258674621001,-0.0049260258674621001,0.11341243982315059,0.25348538160324091,0.25348538160324091
TB6SMFFM,2004-03-31,0.16843587160110474,0.064361393451690604,0.064361393451690604,0.16843587160110471,0.3106580376625061,0.3106580376625061
TB6SMFFM,2004-04-30,0.20852327346801758,0.096232831478118896,0.096232831478118896,0.20852327346801749,0.35138839483261108,0.35138839483261108
TB6SMFFM,2004-05-31,0.24557465314865112,0.1302829384803772,0.1302829384803772,0.2455746531486511,0.37104356288909912,0.37104356288909912
TB6SMFFM,2004-06-30,0.2742958664894104,0.1799247860908508,0.1799247860908508,0.2742958664894104,0.38658779859542841,0.38658779859542841
TB6SMFFM,2004-07-31,0.28790724277496338,0.20076149702072141,0.20076149702072141,0.28790724277496338,0.40451586246490479,0.40451586246490479
TB6SMFFM,2004-08-31,0.27157819271087646,0.18428522348403931,0.18428522348403931,0.27157819271087641,0.38306725025177002,0.38306725025177002
TB6SMFFM,2004-09-30,0.24035227298736572,0.1505249142646789,0.1505249142646789,0.24035227298736569,0.35619848966598511,0.35619848966598511
TB6SMFFM,2004-10-31,0.23364269733428955,0.15058469772338859,0.15058469772338859,0.2336426973342895,0.3429428339004516,0.3429428339004516
TB6SMFFM,2004-11-30,0.21748584508895874,0.13268822431564331,0.13268822431564331,0.21748584508895871,0.32480287551879877,0.32480287551879877
TB6SMFFM,2004-12-31,0.23109650611877441,0.1539466381072998,0.1539466381072998,0.23109650611877439,0.33651542663574219,0.33651542663574219
TB6SMFFM,2005-01-31,0.25440120697021484,0.17119872570037839,0.17119872570037839,0.25440120697021479,0.3621864914894104,0.3621864914894104
TB6SMFFM,2005-02-28,0.24306434392929077,0.15535259246826169,0.15535259246826169,0.24306434392929069,0.3629040122032165,0.3629040122032165
TB6SMFFM,2005-03-31,0.21902006864547729,0.1139181852340698,0.1139181852340698,0.21902006864547729,0.34961330890655518,0.34961330890655518
TB6SMFFM,2005-04-30,0.17432862520217896,0.063256382942199693,0.063256382942199693,0.1743286252021789,0.30529284477233881,0.30529284477233881
TOTRESNS,2003-05-31,-0.021363751962780952,-0.050970476120710297,-0.050970476120710297,-0.0213637519627809,0.0086911192629485993,0.0086911192629485993
TOTRESNS,2003-06-30,-0.0065246056765317917,-0.037837591022253002,-0.037837591022253002,-0.0065246056765316997,0.023619521409273099,0.023619521409273099
TOTRESNS,2003-07-31,0.013115463778376579,-0.018923027440905502,-0.018923027440905502,0.013115463778376499,0.044573377817869103,0.044573377817869103
TOTRESNS,2003-08-31,0.0024018685799092054,-0.030567070469260198,-0.030567070469260198,0.0024018685799091998,0.033395856618881198,0.033395856618881198
TOTRESNS,2003-09-30,0.0046443333849310875,-0.029120810329913999,-0.029120810329913999,0.0046443334431386998,0.037842612713575301,0.037842612713575301
TOTRESNS,2003-10-31,-0.0073494808748364449,-0.042045727372169397,-0.042045727372169397,-0.0073494808748363998,0.026801751926541301,0.026801751926541301
TOTRESNS,2003-11-30,0.0092174652963876724,-0.027601344510912802,-0.027601344510912802,0.0092174652963875996,0.042948275804519598,0.042948275804519598
TOTRESNS,2003-12-31,0.012705143541097641,-0.023475682362913999,-0.023475682362913999,0.012705143541097599,0.048039417713880497,0.048039417713880497
TOTRESNS,2004-01-31,-0.0052678114734590054,-0.0426377840340137,-0.0426377840340137,-0.0052678114734590002,0.0311060734093189,0.0311060734093189
TOTRESNS,2004-02-29,-0.040164414793252945,-0.077208139002323095,-0.077208139002323095,-0.040164414793252903,-0.003386141732335,-0.003386141732335
TOTRESNS,2004-03-31,0.013845944777131081,-0.023954419419169402,-0.023954419419169402,0.013845944777131001,0.049075204879045403,0.049075204879045403
TOTRESNS,2004-04-30,0.028161758556962013,-0.0076898355036972999,-0.0076898355036972999,0.028161758556961999,0.063371129333972903,0.063371129333972903
TOTRESNS,2004-05-31,-0.019930640235543251,-0.056728534400463097,-0.056728534400463097,-0.019930640235543199,0.016862602671608301,0.016862602671608301
TOTRESNS,2004-06-30,-0.00057808595011010766,-0.037734154611825901,-0.037734154611825901,-0.00057808589190240002,0.0367342606186866,0.0367342606186866
TOTRESNS,2004-07-31,0.013032048940658569,-0.025751041248440701,-0.025751041248440701,0.0130320489406585,0.050323087722063002,0.050323087722063002
TOTRESNS,2004-08-31,-0.0032952402252703905,-0.041475627571344299,-0.041475627571344299,-0.0032952399924397,0.033626291900873101,0.033626291900873101
TOTRESNS,2004-09-30,-0.00025112155708484352,-0.037693638354539802,-0.037693638354539802,-0.00025112135335800002,0.035673379898071199,0.035673379898071199
TOTRESNS,2004-10-31,-0.0041323979385197163,-0.040087282657623201,-0.040087282657623201,-0.0041323979385196998,0.032091476023197098,0.032091476023197098
TOTRESNS,2004-11-30,0.0079676993191242218,-0.0286342706531286,-0.0286342706531286,0.0079676993191241993,0.045237567275762502,0.045237567275762502
TOTRESNS,2004-12-31,0.01108693890273571,-0.027306254953145901,-0.027306254953145901,0.0110869389027357,0.047480016946792603,0.047480016946792603
TOTRESNS,2005-01-31,-0.01238693855702877,-0.050069812685251201,-0.050069812685251201,-0.012386938557028699,0.026161624118685702,0.026161624118685702
TOTRESNS,2005-02-28,-0.035706240683794022,-0.072027087211608803,-0.072027087211608803,-0.035706240683794001,0.0021718069911003,0.0021718069911003
TOTRESNS,2005-03-31,0.013489611446857452,-0.023062361404299701,-0.023062361404299701,0.0134896114468574,0.0513677150011062,0.0513677150011062
TOTRESNS,2005-04-30,0.025139661505818367,-0.0105391200631856,-0.0105391200631856,0.025139661505818301,0.063262894749641405,0.063262894749641405
TWEXAFEGSMTHx,2003-05-31,-0.0030980082228779793,-0.021763455122709201,-0.021763455122709201,-0.0030980082228778999,0.0153932878747582,0.0153932878747582
TWEXAFEGSMTHx,2003-06-30,-0.0026278099976480007,-0.022494738921523001,-0.022494738921523001,-0.0026278099976479998,0.016915354877710301,0.016915354877710301
TWEXAFEGSMTHx,2003-07-31,-0.002043452113866806,-0.0225254036486148,-0.0225254036486148,-0.0020434521138668,0.018021358177065801,0.018021358177065801
TWEXAFEGSMTHx,2003-08-31,-0.0019541594665497541,-0.0226761344820261,-0.0226761344820261,-0.0019541596993802998,0.018308622762560799,0.018308622762560799
TWEXAFEGSMTHx,2003-09-30,-0.0017336604651063681,-0.022499356418848,-0.022499356418848,-0.0017336602322756999,0.018652772530913301,0.018652772530913301
TWEXAFEGSMTHx,2003-10-31,-0.001410534605383873,-0.022356798872351601,-0.022356798872351601,-0.0014105346053837999,0.019095608964562399,0.019095608964562399
TWEXAFEGSMTHx,2003-11-30,-0.0014275975991040468,-0.022458219900727199,-0.022458219900727199,-0.0014275973662733999,0.019174538552761002,0.019174538552761002
TWEXAFEGSMTHx,2003-12-31,-0.0016242359997704625,-0.022670794278383199,-0.022670794278383199,-0.0016242358833550999,0.018950236961245499,0.018950236961245499
TWEXAFEGSMTHx,2004-01-31,-0.0014063325943425298,-0.022516928613185799,-0.022516928613185799,-0.0014063324779271999,0.0193412918597459,0.0193412918597459
TWEXAFEGSMTHx,2004-02-29,-0.0011175203835591674,-0.0223154705017805,-0.0223154705017805,-0.0011175204999744001,0.019656345248222299,0.019656345248222299
TWEXAFEGSMTHx,2004-03-31,-0.00098454579710960388,-0.0222360379993915,-0.0222360379993915,-0.00098454579710959998,0.0197588074952363,0.0197588074952363
TWEXAFEGSMTHx,2004-04-30,-0.00067635392770171165,-0.021865278482437099,-0.021865278482437099,-0.00067635392770170005,0.019950741901993699,0.019950741901993699
TWEXAFEGSMTHx,2004-05-31,-0.0005498190876096487,-0.022009678184986101,-0.022009678184986101,-0.00054981932044019998,0.020280931144952701,0.020280931144952701
TWEXAFEGSMTHx,2004-06-30,-0.00085902505088597536,-0.022480444982647799,-0.022480444982647799,-0.00085902493447059997,0.020181927829980802,0.020181927829980802
TWEXAFEGSMTHx,2004-07-31,-0.00089727435261011124,-0.022564133629202801,-0.022564133629202801,-0.00089727435261009996,0.020099785178899699,0.020099785178899699
TWEXAFEGSMTHx,2004-08-31,-0.00077145628165453672,-0.022581115365028302,-0.022581115365028302,-0.0007714563980698,0.020300664007663699,0.020300664007663699
TWEXAFEGSMTHx,2004-09-30,-0.00051699264440685511,-0.022077601402997901,-0.022077601402997901,-0.00051699252799149999,0.020470464602112701,0.020470464602112701
TWEXAFEGSMTHx,2004-10-31,-0.00038666930049657822,-0.021900527179241101,-0.021900527179241101,-0.00038666930049649999,0.020611098036169999,0.020611098036169999
TWEXAFEGSMTHx,2004-11-30,-0.00021472538355737925,-0.022013541311025599,-0.022013541311025599,-0.00021472526714200001,0.021045688539743399,0.021045688539743399
TWEXAFEGSMTHx,2004-12-31,-0.00014318668399937451,-0.0221292059868574,-0.0221292059868574,-0.00014318665489550001,0.021071707829832999,0.021071707829832999
TWEXAFEGSMTHx,2005-01-31,-0.00032370418193750083,-0.022104211151599801,-0.022104211151599801,-0.00032370397821059998,0.0209700763225555,0.0209700763225555
TWEXAFEGSMTHx,2005-02-28,-0.00049223937094211578,-0.0221858900040388,-0.0221858900040388,-0.00049223937094209995,0.020606795325875199,0.020606795325875199
TWEXAFEGSMTHx,2005-03-31,-0.00041545490967109799,-0.0221105702221393,-0.0221105702221393,-0.00041545508429400002,0.020568398758769001,0.020568398758769001
TWEXAFEGSMTHx,2005-04-30,-0.00026195263490080833,-0.021952049806713999,-0.021952049806713999,-0.00026195263490079999,0.020964505150914099,0.020964505150914099
UEMP15OV,2003-05-31,0.0036479777190834284,-0.051613122224807698,-0.051613122224807698,0.0036479774862527002,0.060064122080802897,0.060064122080802897
UEMP15OV,2003-06-30,0.0085879303514957428,-0.0488549768924713,-0.0488549768924713,0.0085879303514956994,0.067543052136897999,0.067543052136897999
UEMP15OV,2003-07-31,0.0077653443440794945,-0.050492778420448303,-0.050492778420448303,0.0077653448097407003,0.068432219326496097,0.068432219326496097
UEMP15OV,2003-08-31,0.0047740195877850056,-0.053945228457450797,-0.053945228457450797,0.0047740191221237,0.065975978970527593,0.065975978970527593
UEMP15OV,2003-09-30,0.0041949930600821972,-0.054391607642173698,-0.054391607642173698,0.0041949925944209003,0.0663793310523033,0.0663793310523033
UEMP15OV,2003-10-31,0.0016750739887356758,-0.057280823588371201,-0.057280823588371201,0.0016750739887355999,0.064343899488449097,0.064343899488449097
UEMP15OV,2003-11-30,0.00071604887489229441,-0.058386418968439102,-0.058386418968439102,0.00071604922413820004,0.064201384782791096,0.064201384782791096
UEMP15OV,2003-12-31,0.0018849978223443031,-0.056359495967626502,-0.056359495967626502,0.0018849978223443001,0.066469594836235005,0.066469594836235005
UEMP15OV,2004-01-31,0.0011805853573605418,-0.057921439409255898,-0.057921439409255898,0.0011805854737757999,0.065441310405731201,0.065441310405731201
UEMP15OV,2004-02-29,-0.0009080755989998579,-0.060306556522846201,-0.060306556522846201,-0.00090807583183050004,0.063424430787563296,0.063424430787563296
UEMP15OV,2004-03-31,-0.0037443875335156918,-0.063506305217742906,-0.063506305217742906,-0.0037443879991769001,0.060314048081636401,0.060314048081636401
UEMP15OV,2004-04-30,-0.0061416318640112877,-0.064754694700241006,-0.064754694700241006,-0.0061416318640112001,0.057477913796901703,0.057477913796901703
UEMP15OV,2004-05-31,-0.0071782553568482399,-0.065174609422683702,-0.065174609422683702,-0.0071782553568482,0.057100355625152498,0.057100355625152498
UEMP15OV,2004-06-30,-0.0070188529789447784,-0.065644264221191406,-0.065644264221191406,-0.0070188529789447004,0.057944975793361601,0.057944975793361601
UEMP15OV,2004-07-31,-0.0068502882495522499,-0.065519802272319794,-0.065519802272319794,-0.0068502882495521996,0.058153789490461301,0.058153789490461301
UEMP15OV,2004-08-31,-0.0076800063252449036,-0.066063866019248907,-0.066063866019248907,-0.0076800063252449001,0.057966105639934498,0.057966105639934498
UEMP15OV,2004-09-30,-0.0075377598404884338,-0.0654271990060806,-0.0654271990060806,-0.0075377598404884,0.057567030191421502,0.057567030191421502
UEMP15OV,2004-10-31,-0.008183223195374012,-0.065914414823055198,-0.065914414823055198,-0.0081832231953739999,0.056678004562854697,0.056678004562854697
UEMP15OV,2004-11-30,-0.0088840676471590996,-0.067126110196113503,-0.067126110196113503,-0.0088840676471590996,0.057439122349023798,0.057439122349023798
UEMP15OV,2004-12-31,-0.0091238347813487053,-0.067382141947746194,-0.067382141947746194,-0.0091238347813487001,0.057368926703929901,0.057368926703929901
UEMP15OV,2005-01-31,-0.0073994053527712822,-0.066397204995155307,-0.066397204995155307,-0.0073994053527711998,0.058942463248968097,0.058942463248968097
UEMP15OV,2005-02-28,-0.0061756586655974388,-0.064869239926338196,-0.064869239926338196,-0.0061756586655973998,0.060281090438365902,0.060281090438365902
UEMP15OV,2005-03-31,-0.0056926608085632324,-0.063915967941284096,-0.063915967941284096,-0.0056926608085632003,0.060953788459300898,0.060953788459300898
UEMP15OV,2005-04-30,-0.0042669661343097687,-0.063545517623424502,-0.063545517623424502,-0.0042669661343097002,0.061975318938493701,0.061975318938493701
UEMP15T26,2003-05-31,-0.010243555530905724,-0.089372962713241494,-0.089372962713241494,-0.010243555530905699,0.068618938326835605,0.068618938326835605
UEMP15T26,2003-06-30,-0.0031803720630705357,-0.085092380642890902,-0.085092380642890902,-0.0031803715974092002,0.078627444803714697,0.078627444803714697
UEMP15T26,2003-07-31,0.0045114513486623764,-0.078904680907726205,-0.078904680907726205,0.0045114513486623001,0.0884522274136543,0.0884522274136543
UEMP15T26,2003-08-31,0.00080850115045905113,-0.083502650260925196,-0.083502650260925196,0.00080850161612029995,0.085086345672607394,0.085086345672607394
UEMP15T26,2003-09-30,-0.002713699359446764,-0.0871127098798751,-0.0871127098798751,-0.0027136988937853999,0.0824181884527206,0.0824181884527206
UEMP15T26,2003-10-31,0.0059197251684963703,-0.078656516969203893,-0.078656516969203893,0.0059197247028349997,0.091189719736575997,0.091189719736575997
UEMP15T26,2003-11-30,0.0019527594558894634,-0.083140619099140098,-0.083140619099140098,0.0019527599215507,0.088161610066890703,0.088161610066890703
UEMP15T26,2003-12-31,0.0018701003864407539,-0.082934558391571003,-0.082934558391571003,0.0018700994551181,0.088315717875957406,0.088315717875957406
UEMP15T26,2004-01-31,0.0056060203351080418,-0.080067805945873205,-0.080067805945873205,0.0056060198694466998,0.092319451272487599,0.092319451272487599
UEMP15T26,2004-02-29,0.0038306936621665955,-0.082532264292240101,-0.082532264292240101,0.0038306936621665,0.090809397399425507,0.090809397399425507
UEMP15T26,2004-03-31,-0.00073650316335260868,-0.086942486464977195,-0.086942486464977195,-0.00073650293052189997,0.085910670459270394,0.085910670459270394
UEMP15T26,2004-04-30,-0.0005607246421277523,-0.085107788443565299,-0.085107788443565299,-0.00056072510778900004,0.085501663386821705,0.085501663386821705
UEMP15T26,2004-05-31,-0.0021541789174079895,-0.086358599364757496,-0.086358599364757496,-0.0021541789174079002,0.084367655217647497,0.084367655217647497
UEMP15T26,2004-06-30,-0.00092527712695300579,-0.086740732192993095,-0.086740732192993095,-0.00092527642846100002,0.086117230355739594,0.086117230355739594
UEMP15T26,2004-07-31,-0.00059184571728110313,-0.086568266153335502,-0.086568266153335502,-0.00059184618294230002,0.086901098489761297,0.086901098489761297
UEMP15T26,2004-08-31,-0.0018217333126813173,-0.087683193385601002,-0.087683193385601002,-0.0018217340111731999,0.086021244525909396,0.086021244525909396
UEMP15T26,2004-09-30,-0.0030563506297767162,-0.088830955326557104,-0.088830955326557104,-0.0030563510954380001,0.084124065935611697,0.084124065935611697
UEMP15T26,2004-10-31,-0.0032435376197099686,-0.088645569980144501,-0.088645569980144501,-0.0032435376197099,0.084028095006942694,0.084028095006942694
UEMP15T26,2004-11-30,-0.0044224676676094532,-0.090797469019889804,-0.090797469019889804,-0.0044224672019481,0.084476269781589494,0.084476269781589494
UEMP15T26,2004-12-31,-0.0059551107697188854,-0.091942116618156405,-0.091942116618156405,-0.0059551112353800999,0.083225399255752494,0.083225399255752494
UEMP15T26,2005-01-31,-0.0054457983933389187,-0.091879658401012407,-0.091879658401012407,-0.0054457988590001999,0.083620071411132799,0.083620071411132799
UEMP15T26,2005-02-28,-0.0035808472894132137,-0.089274942874908406,-0.089274942874908406,-0.0035808477550745002,0.084790036082267706,0.084790036082267706
UEMP15T26,2005-03-31,-0.0030339867807924747,-0.088343158364295904,-0.088343158364295904,-0.0030339863151310998,0.084901243448257405,0.084901243448257405
UEMP15T26,2005-04-30,-0.0021568401716649532,-0.088541157543659196,-0.088541157543659196,-0.0021568406373262002,0.085813306272029793,0.085813306272029793
UEMP27OV,2003-05-31,-0.0068706749007105827,-0.090644687414169298,-0.090644687414169298,-0.0068706739693880003,0.080984510481357505,0.080984510481357505
UEMP27OV,2003-06-30,0.020397733896970749,-0.067772522568702698,-0.067772522568702698,0.020397733664140098,0.1114240139722824,0.1114240139722824
UEMP27OV,2003-07-31,0.007973632775247097,-0.081546336412429796,-0.081546336412429796,0.0079736337065696005,0.10175544768571849,0.10175544768571849
UEMP27OV,2003-08-31,0.00391429103910923,-0.086081013083457905,-0.086081013083457905,0.0039142910391091997,0.099556893110275199,0.099556893110275199
UEMP27OV,2003-09-30,0.0030758364591747522,-0.087168015539646093,-0.087168015539646093,0.0030758362263440999,0.098485313355922699,0.098485313355922699
UEMP27OV,2003-10-31,-0.0014071965124458075,-0.092207737267017295,-0.092207737267017295,-0.0014071967452763999,0.094842262566089602,0.094842262566089602
UEMP27OV,2003-11-30,-0.00045299483463168144,-0.091526709496974903,-0.091526709496974903,-0.00045299530029290001,0.097274534404277802,0.097274534404277802
UEMP27OV,2003-12-31,-0.0030129293445497751,-0.093188650906085899,-0.093188650906085899,-0.0030129291117190998,0.097482345998287201,0.097482345998287201
UEMP27OV,2004-01-31,-0.0037429460790008307,-0.095676109194755499,-0.095676109194755499,-0.0037429463118314001,0.094675518572330405,0.094675518572330405
UEMP27OV,2004-02-29,-0.005837978795170784,-0.098389774560928303,-0.098389774560928303,-0.0058379787951706999,0.093222983181476496,0.093222983181476496
UEMP27OV,2004-03-31,-0.010173840448260307,-0.1043098270893096,-0.1043098270893096,-0.0101738404482603,0.089419849216938005,0.089419849216938005
UEMP27OV,2004-04-30,-0.012113247066736221,-0.1052918806672096,-0.1052918806672096,-0.0121132470667362,0.088305473327636705,0.088305473327636705
UEMP27OV,2004-05-31,-0.012355014681816101,-0.1051329523324966,-0.1051329523324966,-0.012355014681816099,0.087092593312263406,0.087092593312263406
UEMP27OV,2004-06-30,-0.014339461922645569,-0.1080856546759605,-0.1080856546759605,-0.014339461922645499,0.087777324020862496,0.087777324020862496
UEMP27OV,2004-07-31,-0.013551259413361549,-0.1080108508467674,-0.1080108508467674,-0.013551259413361501,0.088537089526653207,0.088537089526653207
UEMP27OV,2004-08-31,-0.013715336099267006,-0.1081152260303497,-0.1081152260303497,-0.013715336099267001,0.090066604316234505,0.090066604316234505
UEMP27OV,2004-09-30,-0.013813622295856476,-0.10815026611089699,-0.10815026611089699,-0.0138136222958564,0.088706903159618294,0.088706903159618294
UEMP27OV,2004-10-31,-0.017354615032672882,-0.1119258478283882,-0.1119258478283882,-0.017354615032672799,0.085425175726413699,0.085425175726413699
UEMP27OV,2004-11-30,-0.016527155414223671,-0.1127959117293357,-0.1127959117293357,-0.016527155414223602,0.087515383958816501,0.087515383958816501
UEMP27OV,2004-12-31,-0.015093123540282249,-0.1115450710058212,-0.1115450710058212,-0.015093123540282199,0.089702948927879306,0.089702948927879306
UEMP27OV,2005-01-31,-0.013350393623113632,-0.1100225895643234,-0.1100225895643234,-0.013350393623113599,0.091242313385009696,0.091242313385009696
UEMP27OV,2005-02-28,-0.013696093112230301,-0.1095150709152221,-0.1095150709152221,-0.013696093112230299,0.090315200388431494,0.090315200388431494
UEMP27OV,2005-03-31,-0.01167328841984272,-0.1070563569664955,-0.1070563569664955,-0.011673288419842699,0.093117125332355499,0.093117125332355499
UEMP27OV,2005-04-30,-0.0093111377209424973,-0.1056910529732704,-0.1056910529732704,-0.0093111377209424001,0.095186308026313698,0.095186308026313698
UEMP5TO14,2003-05-31,-0.0098304664716124535,-0.068423911929130499,-0.068423911929130499,-0.0098304664716123997,0.051242776215076398,0.051242776215076398
UEMP5TO14,2003-06-30,0.0059496047906577587,-0.055110380053520203,-0.055110380053520203,0.0059496052563190001,0.069806396961212103,0.069806396961212103
UEMP5TO14,2003-07-31,0.0025427923537790775,-0.059922266751527703,-0.059922266751527703,0.0025427918881177,0.067914105951786,0.067914105951786
UEMP5TO14,2003-08-31,0.0014995610108599067,-0.061899695545434903,-0.061899695545434903,0.0014995606616139,0.067573226988315499,0.067573226988315499
UEMP5TO14,2003-09-30,0.0027747475542128086,-0.060682248324155801,-0.060682248324155801,0.0027747480198740001,0.069973260164260795,0.069973260164260795
UEMP5TO14,2003-10-31,-0.0011177981505170465,-0.065405093133449499,-0.065405093133449499,-0.001117798499763,0.066675014793872805,0.066675014793872805
UEMP5TO14,2003-11-30,0.00053956866031512618,-0.064107082784175803,-0.064107082784175803,0.00053956825286140004,0.069068700075149494,0.069068700075149494
UEMP5TO14,2003-12-31,-0.0028394646942615509,-0.067296341061592102,-0.067296341061592102,-0.0028394646942615002,0.066307455301284707,0.066307455301284707
UEMP5TO14,2004-01-31,-0.00081590644549578428,-0.065439336001873002,-0.065439336001873002,-0.00081590656191110004,0.069188259541988303,0.069188259541988303
UEMP5TO14,2004-02-29,-0.0015076970448717475,-0.066597536206245395,-0.066597536206245395,-0.0015076966956257,0.068757809698581696,0.068757809698581696
UEMP5TO14,2004-03-31,-0.0012421597493812442,-0.066546149551868397,-0.066546149551868397,-0.0012421598657965001,0.069452434778213501,0.069452434778213501
UEMP5TO14,2004-04-30,-0.0011729142861440778,-0.066187001764774295,-0.066187001764774295,-0.0011729141697287,0.069455057382583604,0.069455057382583604
UEMP5TO14,2004-05-31,-0.0022301985882222652,-0.067119240760803195,-0.067119240760803195,-0.0022301990538835001,0.068594612181186607,0.068594612181186607
UEMP5TO14,2004-06-30,-0.0020665624178946018,-0.068101786077022497,-0.068101786077022497,-0.0020665619522333002,0.069470860064029694,0.069470860064029694
UEMP5TO14,2004-07-31,-0.0015084486221894622,-0.067514032125472995,-0.067514032125472995,-0.0015084482729434,0.0703549608588218,0.0703549608588218
UEMP5TO14,2004-08-31,-0.0018169459654018283,-0.067981198430061299,-0.067981198430061299,-0.0018169460818171,0.070328749716281794,0.070328749716281794
UEMP5TO14,2004-09-30,-0.0020716655999422073,-0.068030185997486101,-0.068030185997486101,-0.0020716655999422,0.069742187857627799,0.069742187857627799
UEMP5TO14,2004-10-31,-0.0017287252703681588,-0.067660942673683097,-0.067660942673683097,-0.0017287256196141,0.070398852229118306,0.070398852229118306
UEMP5TO14,2004-11-30,-0.0010415419237688184,-0.067736133933067294,-0.067736133933067294,-0.0010415418073534001,0.072332970798015594,0.072332970798015594
UEMP5TO14,2004-12-31,-0.00096757442224770784,-0.067871518433093997,-0.067871518433093997,-0.00096757430583230004,0.072386205196380601,0.072386205196380601
UEMP5TO14,2005-01-31,-0.00064768490847200155,-0.067583307623863206,-0.067583307623863206,-0.00064768455922599997,0.072851322591304696,0.072851322591304696
UEMP5TO14,2005-02-28,-0.00062441814225167036,-0.066465735435485798,-0.066465735435485798,-0.00062441825866690003,0.072169862687587696,0.072169862687587696
UEMP5TO14,2005-03-31,-0.00046828691847622395,-0.066129222512245095,-0.066129222512245095,-0.00046828668564550001,0.072219654917716897,0.072219654917716897
UEMP5TO14,2005-04-30,-0.0006161202909424901,-0.067217968404293005,-0.067217968404293005,-0.00061612017452709997,0.071954488754272405,0.071954488754272405
UEMPLT5,2003-05-31,0.011187718249857426,-0.043380208313465098,-0.043380208313465098,0.0111877182498574,0.065926566720008795,0.065926566720008795
UEMPLT5,2003-06-30,-0.0023076399229466915,-0.059293687343597398,-0.059293687343597398,-0.0023076394572853999,0.0550906844437122,0.0550906844437122
UEMPLT5,2003-07-31,-0.0014270961983129382,-0.059939242899417801,-0.059939242899417801,-0.0014270963147282,0.057558249682187999,0.057558249682187999
UEMPLT5,2003-08-31,0.0015189230907708406,-0.058098241686820901,-0.058098241686820901,0.0015189228579401001,0.061555013060569701,0.061555013060569701
UEMPLT5,2003-09-30,0.0024501895532011986,-0.057816300541162401,-0.057816300541162401,0.0024501895532011001,0.063548989593982697,0.063548989593982697
UEMPLT5,2003-10-31,-0.0035955552011728287,-0.064855717122554696,-0.064855717122554696,-0.0035955552011728001,0.058383375406265203,0.058383375406265203
UEMPLT5,2003-11-30,-0.0012748487060889602,-0.0635425820946693,-0.0635425820946693,-0.0012748483568428999,0.061625350266695002,0.061625350266695002
UEMPLT5,2003-12-31,0.00018995004938915372,-0.062429286539554499,-0.062429286539554499,0.00018994975835080001,0.0633396506309509,0.0633396506309509
UEMPLT5,2004-01-31,-0.00028956390451639891,-0.063469298183917999,-0.063469298183917999,-0.00028956402093170003,0.063679128885269096,0.063679128885269096
UEMPLT5,2004-02-29,0.00032884121173992753,-0.063356921076774597,-0.063356921076774597,0.00032884161919349999,0.065105296671390506,0.065105296671390506
UEMPLT5,2004-03-31,0.00070020556449890137,-0.063521608710289001,-0.063521608710289001,0.00070020556449889996,0.065691009163856506,0.065691009163856506
UEMPLT5,2004-04-30,0.00063500693067908287,-0.063541777431964805,-0.063541777431964805,0.00063500739634030003,0.065995022654533303,0.065995022654533303
UEMPLT5,2004-05-31,0.00019362632883712649,-0.063483923673629705,-0.063483923673629705,0.0001936266198754,0.065446391701698303,0.065446391701698303
UEMPLT5,2004-06-30,0.00039028021274134517,-0.064515739679336506,-0.064515739679336506,0.00039028003811829998,0.066575646400451605,0.066575646400451605
UEMPLT5,2004-07-31,-0.00060985528398305178,-0.065666705369949299,-0.065666705369949299,-0.00060985516756770003,0.065073519945144598,0.065073519945144598
UEMPLT5,2004-08-31,-0.0018289104336872697,-0.066838085651397705,-0.066838085651397705,-0.0018289107829332,0.063953593373298603,0.063953593373298603
UEMPLT5,2004-09-30,-0.0023678923025727272,-0.066827215254306793,-0.066827215254306793,-0.0023678923025726999,0.063131473958492196,0.063131473958492196
UEMPLT5,2004-10-31,-0.0009364736033603549,-0.065639585256576496,-0.065639585256576496,-0.00093647371977559997,0.064573831856250694,0.064573831856250694
UEMPLT5,2004-11-30,-0.000883702770806849,-0.066138342022895799,-0.066138342022895799,-0.00088370312005279996,0.065977014601230594,0.065977014601230594
UEMPLT5,2004-12-31,-0.00031530612614005804,-0.065681874752044594,-0.065681874752044594,-0.00031530577689400002,0.066486850380897494,0.066486850380897494
UEMPLT5,2005-01-31,0.00027056713588535786,-0.064905315637588501,-0.064905315637588501,0.0002705669030547,0.067359857261180794,0.067359857261180794
UEMPLT5,2005-02-28,0.00094116968102753162,-0.0635179802775383,-0.0635179802775383,0.00094116944819680004,0.067014515399932806,0.067014515399932806
UEMPLT5,2005-03-31,-0.0002126514445990324,-0.064576685428619301,-0.064576685428619301,-0.0002126516774296,0.065668635070323902,0.065668635070323902
UEMPLT5,2005-04-30,0.00017223006580024958,-0.064564742147922502,-0.064564742147922502,0.00017223041504619999,0.066473931074142401,0.066473931074142401
UEMPMEAN,2003-05-31,-0.10771837830543518,-0.67840057611465454,-0.67840057611465454,-0.1077183783054351,0.48752635717391968,0.48752635717391968
UEMPMEAN,2003-06-30,0.11446505784988403,-0.48555180430412292,-0.48555180430412292,0.1144650597125291,0.73057824373245239,0.73057824373245239
UEMPMEAN,2003-07-31,0.096548110246658325,-0.51516389846801758,-0.51516389846801758,0.096548106521367999,0.73145633935928345,0.73145633935928345
UEMPMEAN,2003-08-31,0.20599740743637085,-0.41332536935806269,-0.41332536935806269,0.20599740743637079,0.8470490574836731,0.8470490574836731
UEMPMEAN,2003-09-30,0.089832261204719543,-0.54166370630264282,-0.54166370630264282,0.0898322649300098,0.73859703540802002,0.73859703540802002
UEMPMEAN,2003-10-31,0.075164571404457092,-0.56379848718643188,-0.56379848718643188,0.075164571404456995,0.7293277382850647,0.7293277382850647
UEMPMEAN,2003-11-30,0.11548682302236557,-0.53536319732666016,-0.53536319732666016,0.1154868304729461,0.77610069513320923,0.77610069513320923
UEMPMEAN,2003-12-31,0.055414736270904541,-0.58385270833969116,-0.58385270833969116,0.055414736270904499,0.72535014152526855,0.72535014152526855
UEMPMEAN,2004-01-31,0.080875180661678314,-0.57261538505554199,-0.57261538505554199,0.080875176936388002,0.7510535717010498,0.7510535717010498
UEMPMEAN,2004-02-29,0.042260818183422089,-0.61164629459381104,-0.61164629459381104,0.042260818183421998,0.71846270561218262,0.71846270561218262
UEMPMEAN,2004-03-31,0.034199092537164688,-0.62757289409637451,-0.62757289409637451,0.034199096262454903,0.71312302350997925,0.71312302350997925
UEMPMEAN,2004-04-30,0.010348358191549778,-0.64334994554519653,-0.64334994554519653,0.0103483572602272,0.68644320964813232,0.68644320964813232
UEMPMEAN,2004-05-31,0.0062582441605627537,-0.6487739086151123,-0.6487739086151123,0.0062582418322562998,0.68183290958404541,0.68183290958404541
UEMPMEAN,2004-06-30,-0.0049255173653364182,-0.65812188386917114,-0.65812188386917114,-0.0049255192279814997,0.68461096286773682,0.68461096286773682
UEMPMEAN,2004-07-31,-0.0049666427075862885,-0.66324532032012939,-0.66324532032012939,-0.0049666464328765002,0.67953687906265259,0.67953687906265259
UEMPMEAN,2004-08-31,-0.016755804419517517,-0.66648811101913452,-0.66648811101913452,-0.0167558044195175,0.67330193519592285,0.67330193519592285
UEMPMEAN,2004-09-30,-0.015499580651521683,-0.66436916589736938,-0.66436916589736938,-0.015499576926231299,0.6675230860710144,0.6675230860710144
UEMPMEAN,2004-10-31,-0.022615876048803329,-0.66553390026092529,-0.66553390026092529,-0.0226158797740936,0.66259866952896118,0.66259866952896118
UEMPMEAN,2004-11-30,-0.01766793429851532,-0.66234099864959717,-0.66234099864959717,-0.017667934298515299,0.67039281129837036,0.67039281129837036
UEMPMEAN,2004-12-31,-0.029503699392080307,-0.66958600282669067,-0.66958600282669067,-0.029503703117370599,0.65929126739501953,0.65929126739501953
UEMPMEAN,2005-01-31,-0.002687547355890274,-0.64103519916534424,-0.64103519916534424,-0.0026875510811805001,0.68492579460144043,0.68492579460144043
UEMPMEAN,2005-02-28,-0.012808520346879959,-0.64387345314025879,-0.64387345314025879,-0.0128085166215896,0.67256110906600952,0.67256110906600952
UEMPMEAN,2005-03-31,-0.0062996651977300644,-0.63070386648178101,-0.63070386648178101,-0.0062996670603751997,0.67683857679367065,0.67683857679367065
UEMPMEAN,2005-04-30,-0.019793696701526642,-0.64554405212402344,-0.64554405212402344,-0.0197936967015266,0.65811073780059814,0.65811073780059814
UMCSENTx,2003-05-31,-0.23799411952495575,-4.7000765800476074,-4.7000765800476074,-0.23799413442611689,4.3027863502502441,4.3027863502502441
UMCSENTx,2003-06-30,-0.13741491734981537,-4.782628059387207,-4.782628059387207,-0.13741493225097651,4.5984096527099609,4.5984096527099609
UMCSENTx,2003-07-31,0.011148460209369659,-4.7055392265319824,-4.7055392265319824,0.011148452758789,4.8137016296386719,4.8137016296386719
UMCSENTx,2003-08-31,0.013266004621982574,-4.7492823600769043,-4.7492823600769043,0.013266026973724299,4.8719148635864258,4.8719148635864258
UMCSENTx,2003-09-30,-0.019258232787251472,-4.7611150741577148,-4.7611150741577148,-0.019258260726928701,4.8127174377441406,4.8127174377441406
UMCSENTx,2003-10-31,-0.077761881053447723,-4.8145527839660645,-4.8145527839660645,-0.077761888504028306,4.7609906196594238,4.7609906196594238
UMCSENTx,2003-11-30,-0.0019706012681126595,-4.7816352844238281,-4.7816352844238281,-0.0019705891609191001,4.8846473693847656,4.8846473693847656
UMCSENTx,2003-12-31,-0.033063828945159912,-4.8151955604553223,-4.8151955604553223,-0.033063828945159898,4.8604230880737305,4.8604230880737305
UMCSENTx,2004-01-31,0.040184475481510162,-4.7668089866638184,-4.7668089866638184,0.040184497833251898,4.9323110580444336,4.9323110580444336
UMCSENTx,2004-02-29,0.023221481591463089,-4.7954287528991699,-4.7954287528991699,0.023221492767333901,4.9499258995056152,4.9499258995056152
UMCSENTx,2004-03-31,0.096576116979122162,-4.7285065650939941,-4.7285065650939941,0.096576094627380302,4.9934506416320801,4.9934506416320801
UMCSENTx,2004-04-30,0.11688888818025589,-4.7046394348144531,-4.7046394348144531,0.1168888807296752,5.0153050422668457,5.0153050422668457
UMCSENTx,2004-05-31,0.13813525438308716,-4.6575326919555664,-4.6575326919555664,0.1381352543830871,4.9791116714477539,4.9791116714477539
UMCSENTx,2004-06-30,0.028684938326478004,-4.8165650367736816,-4.8165650367736816,0.028684914112090999,4.9777073860168457,4.9777073860168457
UMCSENTx,2004-07-31,0.064908571541309357,-4.7795462608337402,-4.7795462608337402,0.064908564090728704,4.9931039810180664,4.9931039810180664
UMCSENTx,2004-08-31,0.05330512672662735,-4.8084368705749512,-4.8084368705749512,0.053305149078369099,4.9886727333068848,4.9886727333068848
UMCSENTx,2004-09-30,0.030768692493438721,-4.8136773109436035,-4.8136773109436035,0.0307686924934387,4.9524703025817871,4.9524703025817871
UMCSENTx,2004-10-31,0.027004227042198181,-4.8382430076599121,-4.8382430076599121,0.027004241943359299,4.9685401916503906,4.9685401916503906
UMCSENTx,2004-11-30,0.090663686394691467,-4.8377218246459961,-4.8377218246459961,0.090663671493530204,5.069908618927002,5.069908618927002
UMCSENTx,2004-12-31,0.087575741112232208,-4.8669109344482422,-4.8669109344482422,0.087575733661651597,5.1103348731994629,5.1103348731994629
UMCSENTx,2005-01-31,0.10766679048538208,-4.8600506782531738,-4.8600506782531738,0.107666790485382,5.1224899291992188,5.1224899291992188
UMCSENTx,2005-02-28,0.043943636119365692,-4.878852367401123,-4.878852367401123,0.043943643569946199,5.02178955078125,5.02178955078125
UMCSENTx,2005-03-31,0.019437147304415703,-4.8878393173217773,-4.8878393173217773,0.019437134265899599,4.9690589904785156,4.9690589904785156
UMCSENTx,2005-04-30,-0.0098472274839878082,-4.9388289451599121,-4.9388289451599121,-0.0098472237586974994,4.9494233131408691,4.9494233131408691
UNRATE,2003-05-31,0.0062905880622565746,-0.17456178367137909,-0.17456178367137909,0.0062905885279178004,0.19235971570014951,0.19235971570014951
UNRATE,2003-06-30,0.021822784096002579,-0.17066590487957001,-0.17066590487957001,0.021822783164680001,0.21953380107879639,0.21953380107879639
UNRATE,2003-07-31,0.012556995265185833,-0.1860014200210571,-0.1860014200210571,0.012556994333863199,0.21942074596881861,0.21942074596881861
UNRATE,2003-08-31,0.043529331684112549,-0.1600544601678848,-0.1600544601678848,0.0435293298214674,0.25670403242111201,0.25670403242111201
UNRATE,2003-09-30,0.0049403756856918335,-0.20042495429515839,-0.20042495429515839,0.0049403756856917997,0.22253696620464319,0.22253696620464319
UNRATE,2003-10-31,0.00099609512835741043,-0.2083379328250885,-0.2083379328250885,0.00099609419703480004,0.2243014723062515,0.2243014723062515
UNRATE,2003-11-30,-0.0079397493973374367,-0.21735256910324091,-0.21735256910324091,-0.0079397484660147996,0.21773828566074371,0.21773828566074371
UNRATE,2003-12-31,-0.0023667006753385067,-0.21182894706726069,-0.21182894706726069,-0.0023666992783546001,0.22700053453445429,0.22700053453445429
UNRATE,2004-01-31,-0.0013221213594079018,-0.2125274389982223,-0.2125274389982223,-0.0013221204280853,0.22904467582702631,0.22904467582702631
UNRATE,2004-02-29,-0.00435972074046731,-0.21751448512077329,-0.21751448512077329,-0.0043597221374510999,0.2279386967420578,0.2279386967420578
UNRATE,2004-03-31,-0.010126085020601749,-0.2231211364269256,-0.2231211364269256,-0.0101260840892791,0.22170750796794891,0.22170750796794891
UNRATE,2004-04-30,-0.026316188275814056,-0.2365709096193313,-0.2365709096193313,-0.026316188275814001,0.20390789210796351,0.20390789210796351
UNRATE,2004-05-31,-0.029955482110381126,-0.23739418387413019,-0.23739418387413019,-0.029955483973026199,0.2010847926139831,0.2010847926139831
UNRATE,2004-06-30,-0.025761827826499939,-0.23403586447238919,-0.23403586447238919,-0.025761827826499901,0.20673848688602439,0.20673848688602439
UNRATE,2004-07-31,-0.02922942116856575,-0.23757360875606531,-0.23757360875606531,-0.029229421168565702,0.2032939195632934,0.2032939195632934
UNRATE,2004-08-31,-0.036699205636978149,-0.24496641755104059,-0.24496641755104059,-0.036699205636978101,0.1983335018157959,0.1983335018157959
UNRATE,2004-09-30,-0.033105980604887009,-0.24007901549339289,-0.24007901549339289,-0.033105980604887002,0.20022089779376981,0.20022089779376981
UNRATE,2004-10-31,-0.033228050917387009,-0.2394218295812606,-0.2394218295812606,-0.033228050917387002,0.19918577373027799,0.19918577373027799
UNRATE,2004-11-30,-0.034692779183387756,-0.24363045394420621,-0.24363045394420621,-0.034692779183387701,0.20219108462333679,0.20219108462333679
UNRATE,2004-12-31,-0.029429750517010689,-0.23786109685897819,-0.23786109685897819,-0.029429748654365501,0.20947118103504181,0.20947118103504181
UNRATE,2005-01-31,-0.031741295009851456,-0.24172498285770411,-0.24172498285770411,-0.0317412950098514,0.2055405974388122,0.2055405974388122
UNRATE,2005-02-28,-0.034599363803863525,-0.244074746966362,-0.244074746966362,-0.034599363803863498,0.2023524194955825,0.2023524194955825
UNRATE,2005-03-31,-0.028042621910572052,-0.2377626299858093,-0.2377626299858093,-0.028042621910572,0.2085157483816146,0.2085157483816146
UNRATE,2005-04-30,-0.018866626545786858,-0.2325463593006134,-0.2325463593006134,-0.018866624683141701,0.219019815325737,0.219019815325737
USCONS,2003-05-31,0.00085223466157913208,-0.0040804352611303,-0.0040804352611303,0.00085223466157909999,0.0056004524230956997,0.0056004524230956997
USCONS,2003-06-30,0.00057170167565345764,-0.0046090525574982001,-0.0046090525574982001,0.00057170167565339996,0.0056374184787272999,0.0056374184787272999
USCONS,2003-07-31,0.00063692848198115826,-0.0046934681013225997,-0.0046934681013225997,0.00063692848198110003,0.0058519085869192999,0.0058519085869192999
USCONS,2003-08-31,0.00090393522987142205,-0.0044651878997682996,-0.0044651878997682996,0.00090393522987140004,0.0061789662577210998,0.0061789662577210998
USCONS,2003-09-30,0.0010241080308333039,-0.0045008910819888002,-0.0045008910819888002,0.0010241080308333,0.0063747642561792998,0.0063747642561792998
USCONS,2003-10-31,0.0010925834067165852,-0.0045313783921301001,-0.0045313783921301001,0.0010925834067164999,0.0065511981956660002,0.0065511981956660002
USCONS,2003-11-30,0.0011939315591007471,-0.0044918176718056002,-0.0044918176718056002,0.0011939315591007001,0.0066975001245736998,0.0066975001245736998
USCONS,2003-12-31,0.0011856023920699954,-0.0046472316607831998,-0.0046472316607831998,0.0011856023920699,0.0067800674587488001,0.0067800674587488001
USCONS,2004-01-31,0.0011977142421528697,-0.0047034462913869996,-0.0047034462913869996,0.0011977142421528001,0.0068933204747736003,0.0068933204747736003
USCONS,2004-02-29,0.0012788604944944382,-0.0047474419698118999,-0.0047474419698118999,0.0012788604944944,0.0069882073439657003,0.0069882073439657003
USCONS,2004-03-31,0.001274869660846889,-0.0048511167988181001,-0.0048511167988181001,0.0012748696608467999,0.0070277457125483998,0.0070277457125483998
USCONS,2004-04-30,0.0012918796855956316,-0.0048034484498202003,-0.0048034484498202003,0.0012918796855955999,0.0070624742656946,0.0070624742656946
USCONS,2004-05-31,0.0011951830238103867,-0.0049764630384742997,-0.0049764630384742997,0.0011951830238102999,0.0070621380582450996,0.0070621380582450996
USCONS,2004-06-30,0.0013291368959471583,-0.0047954744659363998,-0.0047954744659363998,0.0013291368959471,0.0072185876779258,0.0072185876779258
USCONS,2004-07-31,0.0013817187864333391,-0.0048689539544283997,-0.0048689539544283997,0.0013817187864333001,0.0072786635719239001,0.0072786635719239001
USCONS,2004-08-31,0.0013583318796008825,-0.0048843496479094002,-0.0048843496479094002,0.0013583318796007999,0.0073131700046359998,0.0073131700046359998
USCONS,2004-09-30,0.0012784237042069435,-0.0049594365991652003,-0.0049594365991652003,0.0012784237042068999,0.0073802568949758998,0.0073802568949758998
USCONS,2004-10-31,0.0012741308892145753,-0.0049366462044416999,-0.0049366462044416999,0.0012741308892145,0.0072920732200145002,0.0072920732200145002
USCONS,2004-11-30,0.0013770730001851916,-0.0051259216852486003,-0.0051259216852486003,0.0013770730001850999,0.0076063256710767,0.0076063256710767
USCONS,2004-12-31,0.0013816914288327098,-0.0051669334061442999,-0.0051669334061442999,0.0013816914288327,0.0076730810105800004,0.0076730810105800004
USCONS,2005-01-31,0.0015053664101287723,-0.0050405836664139999,-0.0050405836664139999,0.0015053664101287001,0.0078004384413361003,0.0078004384413361003
USCONS,2005-02-28,0.001533204922452569,-0.0049847555346785996,-0.0049847555346785996,0.0015332049224525001,0.0078422855585813002,0.0078422855585813002
USCONS,2005-03-31,0.0015035256510600448,-0.0050692283548413996,-0.0050692283548413996,0.0015035256510600001,0.0078976750373840002,0.0078976750373840002
USCONS,2005-04-30,0.0014637439744547009,-0.0050841094925999,-0.0050841094925999,0.0014637439744547001,0.0079088369384407997,0.0079088369384407997
USFIRE,2003-05-31,0.0022385672200471163,0.00081837398465720002,0.00081837398465720002,0.0022385672200470998,0.0035896792542189,0.0035896792542189
USFIRE,2003-06-30,0.002196082379668951,0.00064222479704759995,0.00064222479704759995,0.0021960823796688999,0.0036625703796744,0.0036625703796744
USFIRE,2003-07-31,0.002232725964859128,0.00057643803302189997,0.00057643803302189997,0.0022327259648590998,0.0037931953556835001,0.0037931953556835001
USFIRE,2003-08-31,0.0021694132592529058,0.0004223984433338,0.0004223984433338,0.0021694132592529002,0.0038031679578125,0.0038031679578125
USFIRE,2003-09-30,0.0022466888185590506,0.00043230934534220001,0.00043230934534220001,0.0022466888185589998,0.0039459010586142002,0.0039459010586142002
USFIRE,2003-10-31,0.0022003771737217903,0.00031629495788360003,0.00031629495788360003,0.0022003771737217001,0.0039714206941425002,0.0039714206941425002
USFIRE,2003-11-30,0.0021921631414443254,0.00024871318601070002,0.00024871318601070002,0.0021921631414442999,0.0040205977857112,0.0040205977857112
USFIRE,2003-12-31,0.0022396540734916925,0.0002450093161314,0.0002450093161314,0.0022396540734916002,0.0041019855998456001,0.0041019855998456001
USFIRE,2004-01-31,0.0022321306169033051,0.00016754004172979999,0.00016754004172979999,0.0022321306169032998,0.0041534444317221,0.0041534444317221
USFIRE,2004-02-29,0.0022073001600801945,0.0001021476928144,0.0001021476928144,0.0022073001600800999,0.0041901655495165998,0.0041901655495165998
USFIRE,2004-03-31,0.0021732572931796312,3.4345546737313271e-05,3.4345546737313271e-05,0.0021732572931796,0.0041942037642002002,0.0041942037642002002
USFIRE,2004-04-30,0.0021489413920789957,-8.0964528024196625e-06,-8.0964528024196625e-06,0.0021489413920788999,0.0041771326214075002,0.0041771326214075002
USFIRE,2004-05-31,0.002128007123246789,-3.4526921808719635e-05,-3.4526921808719635e-05,0.0021280071232467001,0.0041675935499370003,0.0041675935499370003
USFIRE,2004-06-30,0.0021434344816952944,-9.2650065198540674e-05,-9.2650065198540674e-05,0.0021434344816951998,0.0042508542537689001,0.0042508542537689001
USFIRE,2004-07-31,0.0021426849998533726,-0.0001033821608871,-0.0001033821608871,0.0021426849998533001,0.0042596403509378,0.0042596403509378
USFIRE,2004-08-31,0.0021191965788602829,-0.00015676021575920001,-0.00015676021575920001,0.0021191965788602001,0.0042589041404426002,0.0042589041404426002
USFIRE,2004-09-30,0.0021080051083117723,-0.00017239898443219999,-0.00017239898443219999,0.0021080051083116999,0.0042419061064719998,0.0042419061064719998
USFIRE,2004-10-31,0.0020965412259101868,-0.00019195186905559999,-0.00019195186905559999,0.0020965412259101,0.0042450800538062997,0.0042450800538062997
USFIRE,2004-11-30,0.0021005677990615368,-0.00023535173386330001,-0.00023535173386330001,0.0021005677990614999,0.0042954804375766997,0.0042954804375766997
USFIRE,2004-12-31,0.0020967239979654551,-0.00025661336258050001,-0.00025661336258050001,0.0020967239979654,0.0043125920929013998,0.0043125920929013998
USFIRE,2005-01-31,0.0020998769905418158,-0.00026243994943789999,-0.00026243994943789999,0.0020998769905418001,0.0043372418731451,0.0043372418731451
USFIRE,2005-02-28,0.0021085720509290695,-0.00024783168919380002,-0.00024783168919380002,0.0021085720509290001,0.0043326513841748003,0.0043326513841748003
USFIRE,2005-03-31,0.0021165660582482815,-0.0002438633237034,-0.0002438633237034,0.0021165660582481999,0.0043411841616033996,0.0043411841616033996
USFIRE,2005-04-30,0.0021020343992859125,-0.00028411136008790001,-0.00028411136008790001,0.0021020343992858999,0.0043494226410984004,0.0043494226410984004
USGOOD,2003-05-31,-0.0033428450115025043,-0.0060719419270753002,-0.0060719419270753002,-0.0033428450115025,-0.00096736813429740005,-0.00096736813429740005
USGOOD,2003-06-30,-0.0032547989394515753,-0.0062420666217803001,-0.0062420666217803001,-0.0032547989394514998,-0.00064811244374140002,-0.00064811244374140002
USGOOD,2003-07-31,-0.0031050655525177717,-0.0063352081924676002,-0.0063352081924676002,-0.0031050655525177002,-0.00030806986615059998,-0.00030806986615059998
USGOOD,2003-08-31,-0.0029667210765182972,-0.0063532441854476001,-0.0063532441854476001,-0.0029667210765182001,-3.4956261515617371e-05,-3.4956261515617371e-05
USGOOD,2003-09-30,-0.0027910857461392879,-0.0063151512295007003,-0.0063151512295007003,-0.0027910857461391999,0.00026342738419770002,0.00026342738419770002
USGOOD,2003-10-31,-0.0026730739045888186,-0.0063323974609375,-0.0063323974609375,-0.0026730739045887999,0.00052682706154880002,0.00052682706154880002
USGOOD,2003-11-30,-0.0024982865434139967,-0.0062708007171749999,-0.0062708007171749999,-0.0024982865434139,0.00077583140227940005,0.00077583140227940005
USGOOD,2003-12-31,-0.0023367281537503004,-0.0062261298298835,-0.0062261298298835,-0.0023367281537503,0.0010423698695375999,0.0010423698695375999
USGOOD,2004-01-31,-0.0022217973601073027,-0.0062056053429840998,-0.0062056053429840998,-0.0022217973601073001,0.0012429228227118999,0.0012429228227118999
USGOOD,2004-02-29,-0.0021046893671154976,-0.0061673372983932001,-0.0061673372983932001,-0.0021046893671154,0.0014369627460837,0.0014369627460837
USGOOD,2004-03-31,-0.0020531078334897757,-0.0062395771965383998,-0.0062395771965383998,-0.0020531078334897002,0.0015412650536745,0.0015412650536745
USGOOD,2004-04-30,-0.002001182409003377,-0.0061974134296178002,-0.0061974134296178002,-0.0020011824090033002,0.0016290488711092001,0.0016290488711092001
USGOOD,2004-05-31,-0.0019467296078801155,-0.0062201311811803999,-0.0062201311811803999,-0.0019467296078800999,0.0016650742036290001,0.0016650742036290001
USGOOD,2004-06-30,-0.0017867137212306261,-0.0060864724218845003,-0.0060864724218845003,-0.0017867137212306001,0.0018577550072222,0.0018577550072222
USGOOD,2004-07-31,-0.0016706393798813224,-0.0060229077935217996,-0.0060229077935217996,-0.0016706393798813,0.0019995858892797999,0.0019995858892797999
USGOOD,2004-08-31,-0.001606560661457479,-0.0060509005561469997,-0.0060509005561469997,-0.0016065606614574001,0.0020403075031936,0.0020403075031936
USGOOD,2004-09-30,-0.0015460001304745674,-0.0059969620779156,-0.0059969620779156,-0.0015460001304745,0.0021094055846333001,0.0021094055846333001
USGOOD,2004-10-31,-0.0015205799136310816,-0.0059349900111556001,-0.0059349900111556001,-0.001520579913631,0.0021428339532575998,0.0021428339532575998
USGOOD,2004-11-30,-0.0014735689619556069,-0.0060065854340791,-0.0060065854340791,-0.0014735689619556,0.0023037765640764999,0.0023037765640764999
USGOOD,2004-12-31,-0.0014717761659994721,-0.0060768090188502996,-0.0060768090188502996,-0.0014717761659993999,0.0023188364575616998,0.0023188364575616998
USGOOD,2005-01-31,-0.0014108562609180808,-0.0059979483485221004,-0.0059979483485221004,-0.0014108562609179999,0.0023731342516839001,0.0023731342516839001
USGOOD,2005-02-28,-0.0013102700468152761,-0.0059335259720683002,-0.0059335259720683002,-0.0013102700468152,0.0024709508288650998,0.0024709508288650998
USGOOD,2005-03-31,-0.0013265885645523667,-0.0059999153017996996,-0.0059999153017996996,-0.0013265885645522999,0.0024689699057489,0.0024689699057489
USGOOD,2005-04-30,-0.0013252092758193612,-0.0060084722936153004,-0.0060084722936153004,-0.0013252092758193001,0.002599487779662,0.002599487779662
USGOVT,2003-05-31,0.00059038109611719847,-0.0014321501366794001,-0.0014321501366794001,0.00059038109611710002,0.0026057248469441999,0.0026057248469441999
USGOVT,2003-06-30,0.00070007296744734049,-0.0014749004039913,-0.0014749004039913,0.00070007296744730005,0.0028508338145911,0.0028508338145911
USGOVT,2003-07-31,0.0008036463987082243,-0.0014295836444944,-0.0014295836444944,0.00080364639870820001,0.0030280679930000999,0.0030280679930000999
USGOVT,2003-08-31,0.00068306631874293089,-0.0015862723812459999,-0.0015862723812459999,0.00068306631874289999,0.0029426915571093,0.0029426915571093
USGOVT,2003-09-30,0.00066405220422893763,-0.00163394655101,-0.00163394655101,0.0006640522042289,0.0029372104909271002,0.0029372104909271002
USGOVT,2003-10-31,0.00068978546187281609,-0.0016192782204598,-0.0016192782204598,0.00068978546187280004,0.0030128543730824999,0.0030128543730824999
USGOVT,2003-11-30,0.00068085466045886278,-0.0016375628765672001,-0.0016375628765672001,0.00068085466045880001,0.0030241413041948999,0.0030241413041948999
USGOVT,2003-12-31,0.00062873517163097858,-0.0017509623430669,-0.0017509623430669,0.00062873517163089998,0.0030141575261949998,0.0030141575261949998
USGOVT,2004-01-31,0.0007294914685189724,-0.0016736320685595001,-0.0016736320685595001,0.00072949146851889997,0.0031776893883942998,0.0031776893883942998
USGOVT,2004-02-29,0.00081284716725349426,-0.0016291006468236,-0.0016291006468236,0.00081284716725340005,0.0033051213249564002,0.0033051213249564002
USGOVT,2004-03-31,0.00080968078691512346,-0.0016602391842751999,-0.0016602391842751999,0.00080968078691510004,0.0033398419618605999,0.0033398419618605999
USGOVT,2004-04-30,0.00076633458957076073,-0.0017042267136275001,-0.0017042267136275001,0.00076633458957070001,0.0033477107062935001,0.0033477107062935001
USGOVT,2004-05-31,0.00077267829328775406,-0.0017206703778355999,-0.0017206703778355999,0.00077267829328769996,0.0033524490427225,0.0033524490427225
USGOVT,2004-06-30,0.00069433590397238731,-0.0018188962712883,-0.0018188962712883,0.00069433590397230004,0.0033001112751661998,0.0033001112751661998
USGOVT,2004-07-31,0.00067523436155170202,-0.0018770461902022,-0.0018770461902022,0.00067523436155169996,0.0032908911816775001,0.0032908911816775001
USGOVT,2004-08-31,0.00067078461870551109,-0.0019204067066310999,-0.0019204067066310999,0.00067078461870550003,0.0033215240109711001,0.0033215240109711001
USGOVT,2004-09-30,0.00072576978709548712,-0.0018952179234474,-0.0018952179234474,0.00072576978709539995,0.0033822448458521999,0.0033822448458521999
USGOVT,2004-10-31,0.00078114122152328491,-0.0018199293408542,-0.0018199293408542,0.00078114122152320002,0.0034427130594849001,0.0034427130594849001
USGOVT,2004-11-30,0.00073971925303339958,-0.0018957180436699999,-0.0018957180436699999,0.00073971925303330005,0.0034492746926843999,0.0034492746926843999
USGOVT,2004-12-31,0.00066768226679414511,-0.0019523014780133,-0.0019523014780133,0.0006676822667941,0.0033815898932515998,0.0033815898932515998
USGOVT,2005-01-31,0.00067248695995658636,-0.0019388187211005999,-0.0019388187211005999,0.00067248695995649995,0.0033823207486419998,0.0033823207486419998
USGOVT,2005-02-28,0.00067839014809578657,-0.0019283154979348001,-0.0019283154979348001,0.00067839014809570005,0.0033434974029659999,0.0033434974029659999
USGOVT,2005-03-31,0.00071483443025499582,-0.0019019211176782001,-0.0019019211176782001,0.00071483443025489998,0.0034224176779389,0.0034224176779389
USGOVT,2005-04-30,0.00074950524140149355,-0.0019106015097349,-0.0019106015097349,0.00074950524140139998,0.0035176055971532999,0.0035176055971532999
USTPU,2003-05-31,-0.00050826533697545528,-0.0025042642373590998,-0.0025042642373590998,-0.00050826533697539999,0.0014026281423866001,0.0014026281423866001
USTPU,2003-06-30,-0.00032879540231078863,-0.0025271626655012001,-0.0025271626655012001,-0.0003287954023107,0.0017443666001780999,0.0017443666001780999
USTPU,2003-07-31,-0.0002553530503064394,-0.0026090641040354,-0.0026090641040354,-0.00025535305030639999,0.0019508507102727001,0.0019508507102727001
USTPU,2003-08-31,-0.00013005291111767292,-0.0025989769492298,-0.0025989769492298,-0.00013005291111760001,0.0021519842557608999,0.0021519842557608999
USTPU,2003-09-30,9.6933217719197273e-05,-0.0024698108900337999,-0.0024698108900337999,9.6933217719197273e-05,0.0024334429763257,0.0024334429763257
USTPU,2003-10-31,0.00014680938329547644,-0.0025090884882956002,-0.0025090884882956002,0.0001468093832954,0.0025583389215170999,0.0025583389215170999
USTPU,2003-11-30,0.00031657656654715538,-0.0023614794481545002,-0.0023614794481545002,0.00031657656654709998,0.0027725701220332999,0.0027725701220332999
USTPU,2003-12-31,0.00044362421613186598,-0.0022932828869670001,-0.0022932828869670001,0.0004436242161318,0.0029064496047793999,0.0029064496047793999
USTPU,2004-01-31,0.00065428536618128419,-0.0021212091669440001,-0.0021212091669440001,0.00065428536618119995,0.0031631509773433,0.0031631509773433
USTPU,2004-02-29,0.00081162672722712159,-0.002008244395256,-0.002008244395256,0.00081162672722710002,0.0033672766294329999,0.0033672766294329999
USTPU,2004-03-31,0.00082494632806628942,-0.0020087996963411001,-0.0020087996963411001,0.00082494632806619998,0.0034260472748428002,0.0034260472748428002
USTPU,2004-04-30,0.00087905250256881118,-0.0019466388039290001,-0.0019466388039290001,0.00087905250256880001,0.0034627043642103,0.0034627043642103
USTPU,2004-05-31,0.0009477266576141119,-0.0019265650771558001,-0.0019265650771558001,0.00094772665761409997,0.0035210787318646001,0.0035210787318646001
USTPU,2004-06-30,0.0010371669195592403,-0.0018602572381496,-0.0018602572381496,0.0010371669195592,0.0036533796228468002,0.0036533796228468002
USTPU,2004-07-31,0.001162450760602951,-0.0017613978125154001,-0.0017613978125154001,0.0011624507606029001,0.0038167124148458,0.0038167124148458
USTPU,2004-08-31,0.0012049293145537376,-0.0017565402667968999,-0.0017565402667968999,0.0012049293145536999,0.0038205101154744001,0.0038205101154744001
USTPU,2004-09-30,0.0012544158380478621,-0.0017294439021497,-0.0017294439021497,0.0012544158380478,0.0038999805692583002,0.0038999805692583002
USTPU,2004-10-31,0.0012902126181870699,-0.0016887753736227001,-0.0016887753736227001,0.0012902126181870001,0.0039220983162522004,0.0039220983162522004
USTPU,2004-11-30,0.0014093220233917236,-0.0016537350602447,-0.0016537350602447,0.0014093220233917,0.0041093658655880997,0.0041093658655880997
USTPU,2004-12-31,0.0014552888460457325,-0.0016337854322046,-0.0016337854322046,0.0014552888460457,0.0041661243885755001,0.0041661243885755001
USTPU,2005-01-31,0.0014425021363422275,-0.0016236840747295999,-0.0016236840747295999,0.0014425021363421999,0.0041668629273771997,0.0041668629273771997
USTPU,2005-02-28,0.0015565442154183984,-0.0015207289252430001,-0.0015207289252430001,0.0015565442154182999,0.004285791888833,0.004285791888833
USTPU,2005-03-31,0.0015926639316603541,-0.0014845931436865999,-0.0014845931436865999,0.0015926639316602999,0.0043261107057332004,0.0043261107057332004
USTPU,2005-04-30,0.0015882995212450624,-0.0015018908306956001,-0.0015018908306956001,0.0015882995212449999,0.0043634297326206996,0.0043634297326206996
USTRADE,2003-05-31,-0.000274897669441998,-0.0025372914969920999,-0.0025372914969920999,-0.00027489766944189999,0.001777206081897,0.001777206081897
USTRADE,2003-06-30,-0.00019449822138994932,-0.0026413179002702002,-0.0026413179002702002,-0.00019449822138989999,0.001981995999813,0.001981995999813
USTRADE,2003-07-31,-0.00026322284247726202,-0.0028517586179077001,-0.0028517586179077001,-0.0002632228424772,0.0020133277866989001,0.0020133277866989001
USTRADE,2003-08-31,-0.00030560616869479418,-0.0029925280250608002,-0.0029925280250608002,-0.00030560616869470002,0.002075923141092,0.002075923141092
USTRADE,2003-09-30,-0.00027384853456169367,-0.0030171982944010999,-0.0030171982944010999,-0.00027384853456159999,0.0021379266399889998,0.0021379266399889998
USTRADE,2003-10-31,-0.00027517986018210649,-0.0031000031158328,-0.0031000031158328,-0.00027517986018209999,0.0022195870988070002,0.0022195870988070002
USTRADE,2003-11-30,-0.00020601355936378241,-0.0030622044578193998,-0.0030622044578193998,-0.00020601355936370001,0.0023554714862256999,0.0023554714862256999
USTRADE,2003-12-31,-0.00013532640878111124,-0.0030652908608316998,-0.0030652908608316998,-0.00013532640878109999,0.0024671310093253001,0.0024671310093253001
USTRADE,2004-01-31,2.5540124624967575e-05,-0.0029136468656360999,-0.0029136468656360999,2.5540124624967575e-05,0.0026389723643659999,0.0026389723643659999
USTRADE,2004-02-29,5.9707439504563808e-05,-0.0029143569990992,-0.0029143569990992,5.9707439504563808e-05,0.0027521857991814002,0.0027521857991814002
USTRADE,2004-03-31,2.1101208403706551e-05,-0.0029662838205695,-0.0029662838205695,2.1101208403706551e-05,0.0027529187500476,0.0027529187500476
USTRADE,2004-04-30,-8.7530352175235748e-06,-0.0029971152544020999,-0.0029971152544020999,-8.7530352175235748e-06,0.0027691163122652998,0.0027691163122652998
USTRADE,2004-05-31,-7.2878203354775906e-05,-0.0030921902507543,-0.0030921902507543,-7.2878203354775906e-05,0.0027283118106424002,0.0027283118106424002
USTRADE,2004-06-30,-3.6737066693603992e-05,-0.0031020194292068,-0.0031020194292068,-3.6737066693603992e-05,0.0028083403594791,0.0028083403594791
USTRADE,2004-07-31,2.1873507648706436e-05,-0.0030651926063001,-0.0030651926063001,2.1873507648706436e-05,0.0029089958406983999,0.0029089958406983999
USTRADE,2004-08-31,0.00014091003686189651,-0.0029958118684589,-0.0029958118684589,0.00014091003686179999,0.0030495671089738,0.0030495671089738
USTRADE,2004-09-30,0.00017273519188165665,-0.0029778871685266,-0.0029778871685266,0.0001727351918816,0.0031470020767301,0.0031470020767301
USTRADE,2004-10-31,0.00016020482871681452,-0.0029954053461550998,-0.0029954053461550998,0.00016020482871679999,0.0031312101054936001,0.0031312101054936001
USTRADE,2004-11-30,0.00016537948977202177,-0.0031085107475518998,-0.0031085107475518998,0.00016537948977200001,0.0032507758587597998,0.0032507758587597998
USTRADE,2004-12-31,0.00014473497867584229,-0.0031388346105813,-0.0031388346105813,0.0001447349786758,0.0032973045017570001,0.0032973045017570001
USTRADE,2005-01-31,0.00019051798153668642,-0.0030975933186709,-0.0030975933186709,0.00019051798153660001,0.0033433358184992998,0.0033433358184992998
USTRADE,2005-02-28,0.00026315322611480951,-0.0030538216233253002,-0.0030538216233253002,0.00026315322611480003,0.0034184639807790002,0.0034184639807790002
USTRADE,2005-03-31,0.00037659390363842249,-0.0029405863024293999,-0.0029405863024293999,0.00037659390363839999,0.0035533090122044,0.0035533090122044
USTRADE,2005-04-30,0.00039285037200897932,-0.0029116370715199999,-0.0029116370715199999,0.00039285037200890001,0.0035817890893667,0.0035817890893667
USWTRADE,2003-05-31,-0.00033911364153027534,-0.0022626379504799001,-0.0022626379504799001,-0.00033911364153019999,0.0014820167561993001,0.0014820167561993001
USWTRADE,2003-06-30,-0.00035427999682724476,-0.0024686162360011998,-0.0024686162360011998,-0.00035427999682719998,0.0016385237686335999,0.0016385237686335999
USWTRADE,2003-07-31,-0.00024439184926450253,-0.0025035028811544002,-0.0025035028811544002,-0.00024439184926449998,0.0018656617030500999,0.0018656617030500999
USWTRADE,2003-08-31,-0.00017756468150764704,-0.0025474296417087,-0.0025474296417087,-0.00017756468150760001,0.0020291393157094001,0.0020291393157094001
USWTRADE,2003-09-30,-8.6833606474101543e-05,-0.0025595857296139002,-0.0025595857296139002,-8.6833606474101543e-05,0.0021650283597409001,0.0021650283597409001
USWTRADE,2003-10-31,-1.8834020011126995e-05,-0.0026020647492258999,-0.0026020647492258999,-1.8834020011126995e-05,0.0023411172442138,0.0023411172442138
USWTRADE,2003-11-30,5.7481462135910988e-05,-0.0025662330444901999,-0.0025662330444901999,5.7481462135910988e-05,0.0024900364223867,0.0024900364223867
USWTRADE,2003-12-31,0.00010957918129861355,-0.0025655238423495999,-0.0025655238423495999,0.0001095791812986,0.0026201913133262998,0.0026201913133262998
USWTRADE,2004-01-31,0.00017748039681464434,-0.0025919547770172002,-0.0025919547770172002,0.00017748039681459999,0.0027250698767602001,0.0027250698767602001
USWTRADE,2004-02-29,0.00022726226598024368,-0.0026111525949089999,-0.0026111525949089999,0.00022726226598019999,0.0028348388150333998,0.0028348388150333998
USWTRADE,2004-03-31,0.00027329474687576294,-0.0026234176475554002,-0.0026234176475554002,0.0002732947468757,0.0029198110569268001,0.0029198110569268001
USWTRADE,2004-04-30,0.00030184071511030197,-0.0025892506819217998,-0.0025892506819217998,0.00030184071511030002,0.0029856108594684999,0.0029856108594684999
USWTRADE,2004-05-31,0.00034099933691322803,-0.0025846313219517001,-0.0025846313219517001,0.00034099933691320001,0.0029974621720612001,0.0029974621720612001
USWTRADE,2004-06-30,0.00035976315848529339,-0.0025805763434618,-0.0025805763434618,0.00035976315848519998,0.0031162030063568999,0.0031162030063568999
USWTRADE,2004-07-31,0.00038841285277158022,-0.0025983292143790999,-0.0025983292143790999,0.00038841285277149999,0.0031555653549730001,0.0031555653549730001
USWTRADE,2004-08-31,0.0003977800952270627,-0.0026284854393451998,-0.0026284854393451998,0.00039778009522699998,0.0031811930239199998,0.0031811930239199998
USWTRADE,2004-09-30,0.00039948965422809124,-0.0026314577553420999,-0.0026314577553420999,0.000399489654228,0.0032020392827689001,0.0032020392827689001
USWTRADE,2004-10-31,0.00043242110405117273,-0.0026290670502929999,-0.0026290670502929999,0.00043242110405109998,0.0032202005386352001,0.0032202005386352001
USWTRADE,2004-11-30,0.00046672654571011662,-0.0026611287612468,-0.0026611287612468,0.00046672654571009998,0.0033376212231813998,0.0033376212231813998
USWTRADE,2004-12-31,0.00047448941040784121,-0.0026941730175167001,-0.0026941730175167001,0.00047448941040780001,0.0033678933978079999,0.0033678933978079999
USWTRADE,2005-01-31,0.00049166585085913539,-0.0026537275407463,-0.0026537275407463,0.00049166585085910004,0.0034171240404247999,0.0034171240404247999
USWTRADE,2005-02-28,0.00050022103823721409,-0.0026358182076364001,-0.0026358182076364001,0.00050022103823719999,0.0034135633613914,0.0034135633613914
USWTRADE,2005-03-31,0.00046373717486858368,-0.0026842725928872,-0.0026842725928872,0.00046373717486849998,0.0033675571903586002,0.0033675571903586002
USWTRADE,2005-04-30,0.00045645044883713126,-0.0026895108167082002,-0.0026895108167082002,0.00045645044883709998,0.0034249529708176001,0.0034249529708176001
VIXCLSx,2003-05-31,26.222923278808594,22.161544799804688,22.161544799804688,26.222923278808594,32.150611877441406,32.150611877441406
VIXCLSx,2003-06-30,25.978401184082031,21.480003356933594,21.480003356933594,25.978401184082031,32.935035705566406,32.935035705566406
VIXCLSx,2003-07-31,26.068683624267578,21.191289901733398,21.191289901733398,26.068683624267575,33.946868896484375,33.946868896484375
VIXCLSx,2003-08-31,26.468658447265625,21.20379638671875,21.20379638671875,26.468658447265625,34.971912384033203,34.971912384033203
VIXCLSx,2003-09-30,26.632944107055664,20.978500366210938,20.978500366210938,26.632944107055664,35.664028167724609,35.664028167724609
VIXCLSx,2003-10-31,26.403142929077148,20.446632385253903,20.446632385253903,26.403142929077148,36.000522613525391,36.000522613525391
VIXCLSx,2003-11-30,26.25909423828125,20.039186477661133,20.039186477661133,26.25909423828125,36.209465026855469,36.209465026855469
VIXCLSx,2003-12-31,25.8319091796875,19.541820526123047,19.541820526123047,25.8319091796875,36.133399963378906,36.133399963378906
VIXCLSx,2004-01-31,26.022010803222656,19.423259735107425,19.423259735107425,26.022010803222656,36.629405975341797,36.629405975341797
VIXCLSx,2004-02-29,25.985889434814453,19.177154541015625,19.177154541015625,25.985889434814453,36.966529846191406,36.966529846191406
VIXCLSx,2004-03-31,26.339748382568359,19.144647598266602,19.144647598266602,26.339748382568359,37.550079345703125,37.550079345703125
VIXCLSx,2004-04-30,26.163105010986328,19.0302734375,19.0302734375,26.163105010986328,37.696884155273438,37.696884155273438
VIXCLSx,2004-05-31,25.910842895507812,18.942228317260746,18.942228317260746,25.910842895507812,37.6004638671875,37.6004638671875
VIXCLSx,2004-06-30,25.583770751953125,18.518369674682617,18.518369674682617,25.583770751953125,37.498603820800781,37.498603820800781
VIXCLSx,2004-07-31,25.144462585449219,17.919998168945312,17.919998168945312,25.144462585449219,37.216259002685547,37.216259002685547
VIXCLSx,2004-08-31,24.915571212768555,17.778640747070312,17.778640747070312,24.915571212768555,37.121116638183594,37.121116638183594
VIXCLSx,2004-09-30,24.895586013793945,17.691457748413086,17.691457748413086,24.895586013793945,37.328666687011719,37.328666687011719
VIXCLSx,2004-10-31,25.19465446472168,17.98826789855957,17.98826789855957,25.19465446472168,37.753654479980469,37.753654479980469
VIXCLSx,2004-11-30,25.175197601318359,17.714105606079102,17.714105606079102,25.175197601318359,37.905506134033203,37.905506134033203
VIXCLSx,2004-12-31,24.50117301940918,17.091121673583984,17.091121673583984,24.50117301940918,37.285270690917969,37.285270690917969
VIXCLSx,2005-01-31,24.330562591552734,16.929719924926758,16.929719924926758,24.330562591552734,37.178932189941406,37.178932189941406
VIXCLSx,2005-02-28,24.017818450927734,16.694999694824219,16.694999694824219,24.017818450927734,36.775642395019531,36.775642395019531
VIXCLSx,2005-03-31,23.919773101806641,16.562885284423828,16.562885284423828,23.919773101806641,36.725212097167969,36.725212097167969
VIXCLSx,2005-04-30,23.76191520690918,16.510774612426758,16.510774612426758,23.76191520690918,36.438911437988281,36.438911437988281
W875RX1,2003-05-31,0.0012833999935537577,-0.0028691994957624999,-0.0028691994957624999,0.0012833999935537,0.0049676243215799002,0.0049676243215799002
W875RX1,2003-06-30,0.0015949769876897335,-0.0029219654388724999,-0.0029219654388724999,0.0015949769876896999,0.0055664996616542001,0.0055664996616542001
W875RX1,2003-07-31,0.0013509535929188132,-0.0034187450073658999,-0.0034187450073658999,0.0013509535929188,0.0055224676616489003,0.0055224676616489003
W875RX1,2003-08-31,0.0015700712101534009,-0.0033215945586562001,-0.0033215945586562001,0.0015700712101534,0.0058492254465817997,0.0058492254465817997
W875RX1,2003-09-30,0.0014547443715855479,-0.0035693533718585001,-0.0035693533718585001,0.0014547443715855,0.0058083073236047996,0.0058083073236047996
W875RX1,2003-10-31,0.0017865934642031789,-0.0033118799328803999,-0.0033118799328803999,0.0017865934642031,0.0062033124268053999,0.0062033124268053999
W875RX1,2003-11-30,0.0019212476909160614,-0.0032575917430222,-0.0032575917430222,0.001921247690916,0.0063836071640252998,0.0063836071640252998
W875RX1,2003-12-31,0.0019651844631880522,-0.0032630208879709001,-0.0032630208879709001,0.0019651844631880001,0.0064020790159701997,0.0064020790159701997
W875RX1,2004-01-31,0.0015675021568313241,-0.0037175263278186,-0.0037175263278186,0.0015675021568313,0.0060316892340779001,0.0060316892340779001
W875RX1,2004-02-29,0.0022476036101579666,-0.0030426625162363,-0.0030426625162363,0.0022476036101578998,0.0067586144432424996,0.0067586144432424996
W875RX1,2004-03-31,0.0022338372655212879,-0.0030971965752542002,-0.0030971965752542002,0.0022338372655211999,0.0067967064678667996,0.0067967064678667996
W875RX1,2004-04-30,0.0021597833838313818,-0.0031204745173453998,-0.0031204745173453998,0.0021597833838312998,0.0066153830848634,0.0066153830848634
W875RX1,2004-05-31,0.0019872160628437996,-0.0033178152516484,-0.0033178152516484,0.0019872160628436998,0.0064555117860435997,0.0064555117860435997
W875RX1,2004-06-30,0.0022506245877593756,-0.0030755647458135999,-0.0030755647458135999,0.0022506245877593001,0.0067463945597410003,0.0067463945597410003
W875RX1,2004-07-31,0.0019548509735614061,-0.0034286729060113001,-0.0034286729060113001,0.0019548509735614001,0.0064798621460795004,0.0064798621460795004
W875RX1,2004-08-31,0.0019813915714621544,-0.0034153633750975002,-0.0034153633750975002,0.0019813915714621002,0.0065343743190168996,0.0065343743190168996
W875RX1,2004-09-30,0.0017733762506395578,-0.0036209663376211999,-0.0036209663376211999,0.0017733762506394999,0.0063681444153189,0.0063681444153189
W875RX1,2004-10-31,0.0019860849715769291,-0.0034132390283048001,-0.0034132390283048001,0.0019860849715769,0.0065834065899251998,0.0065834065899251998
W875RX1,2004-11-30,0.0020188810303807259,-0.0035817911848425002,-0.0035817911848425002,0.0020188810303806998,0.0067697074264287003,0.0067697074264287003
W875RX1,2004-12-31,0.0019244990544393659,-0.0037205619737505002,-0.0037205619737505002,0.0019244990544392999,0.0067260260693727996,0.0067260260693727996
W875RX1,2005-01-31,0.0012786166043952107,-0.0044012502767145001,-0.0044012502767145001,0.0012786166043951999,0.0061189550906418999,0.0061189550906418999
W875RX1,2005-02-28,0.0017529523465782404,-0.0039360555820167004,-0.0039360555820167004,0.0017529523465782001,0.0065222983248531003,0.0065222983248531003
W875RX1,2005-03-31,0.0018178666941821575,-0.0038990527391433,-0.0038990527391433,0.0018178666941821001,0.0066430959850549004,0.0066430959850549004
W875RX1,2005-04-30,0.0017843246459960938,-0.0039781196974216998,-0.0039781196974216998,0.0017843246459960001,0.0066620693542063002,0.0066620693542063002
WPSFD49207,2003-05-31,0.0091780098155140877,0.0015877318801358,0.0015877318801358,0.0091780098155139992,0.016383247449994,0.016383247449994
WPSFD49207,2003-06-30,0.001189154339954257,-0.0065249949693679003,-0.0065249949693679003,0.0011891542962985001,0.0085414927452801999,0.0085414927452801999
WPSFD49207,2003-07-31,-0.00081863399827852845,-0.0084257302805781,-0.0084257302805781,-0.00081863394007079999,0.0064672674052417001,0.0064672674052417001
WPSFD49207,2003-08-31,0.0022395234555006027,-0.0052179573103785003,-0.0052179573103785003,0.0022395234555006001,0.0094996495172381002,0.0094996495172381002
WPSFD49207,2003-09-30,-0.00047801446635276079,-0.0078532090410589998,-0.0078532090410589998,-0.00047801446635270002,0.0067000971175730003,0.0067000971175730003
WPSFD49207,2003-10-31,0.00021440634736791253,-0.0071618002839386003,-0.0071618002839386003,0.00021440628916020001,0.0074334847740828002,0.0074334847740828002
WPSFD49207,2003-11-30,0.00077559001510962844,-0.0066940011456608,-0.0066940011456608,0.00077559001510960003,0.0081362668424843996,0.0081362668424843996
WPSFD49207,2003-12-31,0.0002919825492426753,-0.0071519841440021003,-0.0071519841440021003,0.00029198254924260001,0.0076015410013496,0.0076015410013496
WPSFD49207,2004-01-31,-6.3876272179186344e-05,-0.0075472034513950001,-0.0075472034513950001,-6.3876272179186344e-05,0.0072729778476059003,0.0072729778476059003
WPSFD49207,2004-02-29,-0.00014597384142689407,-0.0076032150536774999,-0.0076032150536774999,-0.0001459738705307,0.0070232246071100001,0.0070232246071100001
WPSFD49207,2004-03-31,5.1784554671030492e-05,-0.0073315589688717998,-0.0073315589688717998,5.1784561946988106e-05,0.0072475285269320002,0.0072475285269320002
WPSFD49207,2004-04-30,-0.00032977055525407195,-0.0076728020794688996,-0.0076728020794688996,-0.00032977049704639998,0.0068233953788875996,0.0068233953788875996
WPSFD49207,2004-05-31,-4.3485801143106073e-05,-0.0073263468220829001,-0.0073263468220829001,-4.3485779315233231e-05,0.0070683178491889997,0.0070683178491889997
WPSFD49207,2004-06-30,0.00028384197503328323,-0.0069995969533920002,-0.0069995969533920002,0.00028384203324090002,0.0073788543231785002,0.0073788543231785002
WPSFD49207,2004-07-31,0.00021843340073246509,-0.0070771668106317,-0.0070771668106317,0.00021843344438820001,0.0072965095750987001,0.0072965095750987001
WPSFD49207,2004-08-31,0.00018528725195210427,-0.0069870431907473997,-0.0069870431907473997,0.00018528720829630001,0.0071652829647064001,0.0071652829647064001
WPSFD49207,2004-09-30,-0.00014071555051486939,-0.0072453371249138997,-0.0072453371249138997,-0.00014071550685909999,0.0067286184057592999,0.0067286184057592999
WPSFD49207,2004-10-31,0.00015978165902197361,-0.0069099823012948001,-0.0069099823012948001,0.00015978165902189999,0.0069164615124464,0.0069164615124464
WPSFD49207,2004-11-30,0.00024760770611464977,-0.0069576492533087002,-0.0069576492533087002,0.00024760764790690001,0.0070261121727525997,0.0070261121727525997
WPSFD49207,2004-12-31,0.0001057007466442883,-0.0070313606411218001,-0.0070313606411218001,0.00010570074664420001,0.0069386721588670999,0.0069386721588670999
WPSFD49207,2005-01-31,0.00012015669199172407,-0.0071386513300239996,-0.0071386513300239996,0.0001201566774398,0.0070415236987173002,0.0070415236987173002
WPSFD49207,2005-02-28,0.00010520330397412181,-0.0070392279885709,-0.0070392279885709,0.0001052033621817,0.0068670599721371997,0.0068670599721371997
WPSFD49207,2005-03-31,7.8795019362587482e-05,-0.0071328929625451001,-0.0071328929625451001,7.8795012086629868e-05,0.0069035347551106999,0.0069035347551106999
WPSFD49207,2005-04-30,5.7114993978757411e-07,-0.0071575180627405002,-0.0071575180627405002,5.711335688829422e-07,0.0067990045063196997,0.0067990045063196997
WPSFD49502,2003-05-31,0.011600993573665619,0.0019569336436687998,0.0019569336436687998,0.0116009935736656,0.020610706880688601,0.020610706880688601
WPSFD49502,2003-06-30,0.0024768230505287647,-0.0073523549363017004,-0.0073523549363017004,0.0024768231087364001,0.0116405198350548,0.0116405198350548
WPSFD49502,2003-07-31,-0.0016649604076519608,-0.0114042554050683,-0.0114042554050683,-0.0016649604076518999,0.0074269329197704003,0.0074269329197704003
WPSFD49502,2003-08-31,0.0037748245522379875,-0.0058211595751345001,-0.0058211595751345001,0.0037748245522378999,0.0128865530714392,0.0128865530714392
WPSFD49502,2003-09-30,-0.00093770446255803108,-0.0104678189381957,-0.0104678189381957,-0.00093770446255799997,0.0081429351121187002,0.0081429351121187002
WPSFD49502,2003-10-31,5.2396382670849562e-05,-0.0095097655430435996,-0.0095097655430435996,5.2396324463188648e-05,0.0092216609045862995,0.0092216609045862995
WPSFD49502,2003-11-30,0.0012859159614890814,-0.0084221391007304001,-0.0084221391007304001,0.0012859159323852,0.010652278549969099,0.010652278549969099
WPSFD49502,2003-12-31,0.00085077132098376751,-0.0088081872090696994,-0.0088081872090696994,0.00085077137919140002,0.0101878335699439,0.0101878335699439
WPSFD49502,2004-01-31,-0.00036225130315870047,-0.0100613255053758,-0.0100613255053758,-0.00036225130315869998,0.0090432679280638001,0.0090432679280638001
WPSFD49502,2004-02-29,-3.7551166315097362e-05,-0.0097059551626442996,-0.0097059551626442996,-3.7551159039139748e-05,0.0091699920594692005,0.0091699920594692005
WPSFD49502,2004-03-31,0.00041265960317105055,-0.0091388663277029002,-0.0091388663277029002,0.00041265960317100002,0.0096663758158682996,0.0096663758158682996
WPSFD49502,2004-04-30,-0.00043400790309533477,-0.0099361483007668998,-0.0099361483007668998,-0.0004340079613029,0.0087651722133158996,0.0087651722133158996
WPSFD49502,2004-05-31,0.00023828732082620263,-0.0092022810131311,-0.0092022810131311,0.0002382872626185,0.0093261823058127993,0.0093261823058127993
WPSFD49502,2004-06-30,0.00058054033434018493,-0.0088778818026185001,-0.0088778818026185001,0.00058054027613250005,0.0096727097406982994,0.0096727097406982994
WPSFD49502,2004-07-31,0.00041882664663717151,-0.0091022150591015,-0.0091022150591015,0.00041882658842950002,0.0094714853912590997,0.0094714853912590997
WPSFD49502,2004-08-31,0.00028600820223800838,-0.0090696178376673993,-0.0090696178376673993,0.00028600823134180002,0.0092408703640102993,0.0092408703640102993
WPSFD49502,2004-09-30,4.715359682450071e-05,-0.0092633953317999007,-0.0092633953317999007,4.7153560444712639e-05,0.0088718989863990991,0.0088718989863990991
WPSFD49502,2004-10-31,0.0002992108347825706,-0.0089636174961923998,-0.0089636174961923998,0.00029921089299020002,0.0090162605047224998,0.0090162605047224998
WPSFD49502,2004-11-30,0.00040725475992076099,-0.0090113449841737001,-0.0090113449841737001,0.00040725478902449999,0.0091627687215805002,0.0091627687215805002
WPSFD49502,2004-12-31,1.9991752196801826e-05,-0.0093276379629969007,-0.0093276379629969007,1.9991770386695865e-05,0.0088229877874255007,0.0088229877874255007
WPSFD49502,2005-01-31,0.00039074997766874731,-0.0090993791818617994,-0.0090993791818617994,0.00039075000677250003,0.0093108844012022001,0.0093108844012022001
WPSFD49502,2005-02-28,0.00015814296784810722,-0.0092101655900477999,-0.0092101655900477999,0.0001581429969519,0.0088594434782862004,0.0088594434782862004
WPSFD49502,2005-03-31,0.00018532294780015945,-0.0092866653576493003,-0.0092866653576493003,0.00018532294780010001,0.0089503610506653005,0.0089503610506653005
WPSFD49502,2005-04-30,-5.9169840824324638e-05,-0.0095084263011813008,-0.0095084263011813008,-5.9169833548367023e-05,0.0086682792752980995,0.0086682792752980995
WPSID61,2003-05-31,0.0069696167483925819,-0.0013589784502983,-0.0013589784502983,0.0069696167483925004,0.014509573578834501,0.014509573578834501
WPSID61,2003-06-30,4.9473259423393756e-05,-0.0084021287038921998,-0.0084021287038921998,4.9473252147436142e-05,0.0076184822246432001,0.0076184822246432001
WPSID61,2003-07-31,-0.00039670075057074428,-0.0086733987554907001,-0.0086733987554907001,-0.00039670080877839999,0.0069638434797524998,0.0069638434797524998
WPSID61,2003-08-31,0.0023534232750535011,-0.0057605267502367002,-0.0057605267502367002,0.0023534233332611,0.0097010508179664005,0.0097010508179664005
WPSID61,2003-09-30,-0.00086700235260650516,-0.0087366495281456999,-0.0087366495281456999,-0.00086700241081410004,0.0063171400688588003,0.0063171400688588003
WPSID61,2003-10-31,0.00025451523833908141,-0.0075290314853191003,-0.0075290314853191003,0.00025451520923519999,0.0074084266088901996,0.0074084266088901996
WPSID61,2003-11-30,0.00092754472279921174,-0.0069015990011393998,-0.0069015990011393998,0.00092754478100680001,0.0081744175404310001,0.0081744175404310001
WPSID61,2003-12-31,2.7898924599867314e-05,-0.0077449195086955998,-0.0077449195086955998,2.7898931875824928e-05,0.0073391180485486004,0.0073391180485486004
WPSID61,2004-01-31,7.6029646152164787e-05,-0.0076960809528826999,-0.0076960809528826999,7.6029682531952858e-05,0.0073008215986192001,0.0073008215986192001
WPSID61,2004-02-29,0.00062232371419668198,-0.0070522380992770004,-0.0070522380992770004,0.00062232377240429996,0.0078368447721004,0.0078368447721004
WPSID61,2004-03-31,-0.00021788731100969017,-0.0077431085519492002,-0.0077431085519492002,-0.0002178873401135,0.0068931751884520002,0.0068931751884520002
WPSID61,2004-04-30,8.372023148695007e-05,-0.0073834504000841999,-0.0073834504000841999,8.3720195107161999e-05,0.0071944212540983998,0.0071944212540983998
WPSID61,2004-05-31,0.0003170293930452317,-0.0070194746367632996,-0.0070194746367632996,0.0003170293639414,0.0072460882365703002,0.0072460882365703002
WPSID61,2004-06-30,0.00040200719377025962,-0.0069620967842637998,-0.0069620967842637998,0.00040200719377019999,0.0073006646707653999,0.0073006646707653999
WPSID61,2004-07-31,0.00027462647994980216,-0.0069661601446568003,-0.0069661601446568003,0.00027462647994979999,0.0072299828752874998,0.0072299828752874998
WPSID61,2004-08-31,-7.5903582910541445e-05,-0.0072926059365272002,-0.0072926059365272002,-7.5903604738414288e-05,0.0068719992414116001,0.0068719992414116001
WPSID61,2004-09-30,9.6900730568449944e-05,-0.006958051584661,-0.006958051584661,9.6900737844407558e-05,0.0068848845548927003,0.0068848845548927003
WPSID61,2004-10-31,0.00034049194073304534,-0.0066851312294602004,-0.0066851312294602004,0.00034049188252530002,0.0070741632953285997,0.0070741632953285997
WPSID61,2004-11-30,0.0003736410872079432,-0.0066358018666504998,-0.0066358018666504998,0.0003736410872079,0.0071425097994506003,0.0071425097994506003
WPSID61,2004-12-31,0.00025148500571958721,-0.0067553636617957999,-0.0067553636617957999,0.00025148497661569999,0.0070164818316697996,0.0070164818316697996
WPSID61,2005-01-31,0.0003354182408656925,-0.0066451751627027,-0.0066451751627027,0.00033541826996950002,0.0070898761041461996,0.0070898761041461996
WPSID61,2005-02-28,0.00030064454767853022,-0.0066043599508702,-0.0066043599508702,0.00030064448947080002,0.00692103151232,0.00692103151232
WPSID61,2005-03-31,0.00052147195674479008,-0.0063429437577723997,-0.0063429437577723997,0.00052147195674469998,0.0070099914446473,0.0070099914446473
WPSID61,2005-04-30,0.0003260865923948586,-0.0065537230111658001,-0.0065537230111658001,0.0003260865923948,0.0068655484355985997,0.0068655484355985997
WPSID62,2003-05-31,0.058585505932569504,-0.013947351835668,-0.013947351835668,0.058585505932569497,0.1200285926461219,0.1200285926461219
WPSID62,2003-06-30,-0.0036417783703655005,-0.078923605382442405,-0.078923605382442405,-0.0036417786031960999,0.0592863336205482,0.0592863336205482
WPSID62,2003-07-31,0.013875103555619717,-0.062647178769111606,-0.062647178769111606,0.013875103846658,0.076291985809802995,0.076291985809802995
WPSID62,2003-08-31,0.0076317372731864452,-0.069554291665554005,-0.069554291665554005,0.0076317368075250998,0.071116730570793096,0.071116730570793096
WPSID62,2003-09-30,0.015991764143109322,-0.061952847987413399,-0.061952847987413399,0.015991764143109301,0.080134131014346993,0.080134131014346993
WPSID62,2003-10-31,0.003674063365906477,-0.074428923428058597,-0.074428923428058597,0.0036740638315677001,0.0691532492637634,0.0691532492637634
WPSID62,2003-11-30,0.0081739658489823341,-0.072543352842330905,-0.072543352842330905,0.0081739658489822994,0.076073527336120605,0.076073527336120605
WPSID62,2003-12-31,0.0096688373014330864,-0.072487920522689805,-0.072487920522689805,0.0096688373014329997,0.079683050513267503,0.079683050513267503
WPSID62,2004-01-31,0.0090134032070636749,-0.072132483124732902,-0.072132483124732902,0.0090134027414022991,0.078666746616363498,0.078666746616363498
WPSID62,2004-02-29,0.0053068194538354874,-0.075682789087295504,-0.075682789087295504,0.0053068199194967001,0.074357345700263894,0.074357345700263894
WPSID62,2004-03-31,0.0050020832568407059,-0.074596777558326693,-0.074596777558326693,0.0050020832568406998,0.073941789567470495,0.073941789567470495
WPSID62,2004-04-30,0.0043018544092774391,-0.076289497315883595,-0.076289497315883595,0.0043018544092774001,0.073623925447463906,0.073623925447463906
WPSID62,2004-05-31,0.009770931676030159,-0.068722136318683597,-0.068722136318683597,0.0097709314431994997,0.077891193330287906,0.077891193330287906
WPSID62,2004-06-30,0.0066705322824418545,-0.073142208158969796,-0.073142208158969796,0.0066705322824417998,0.075502656400203705,0.075502656400203705
WPSID62,2004-07-31,0.0063665853813290596,-0.072766527533531106,-0.072766527533531106,0.0063665853813289998,0.0757469832897186,0.0757469832897186
WPSID62,2004-08-31,0.0053708106279373169,-0.073616802692413302,-0.073616802692413302,0.0053708110935985999,0.074129611253738403,0.074129611253738403
WPSID62,2004-09-30,0.0092660309746861458,-0.068959891796112005,-0.068959891796112005,0.0092660312075166992,0.077781602740287697,0.077781602740287697
WPSID62,2004-10-31,0.0074700256809592247,-0.070974647998809801,-0.070974647998809801,0.0074700256809592004,0.076099745929241097,0.076099745929241097
WPSID62,2004-11-30,0.0077617303468286991,-0.071175709366798401,-0.071175709366798401,0.0077617308124898997,0.077566772699355996,0.077566772699355996
WPSID62,2004-12-31,0.0071979542262852192,-0.071138434112071894,-0.071138434112071894,0.0071979546919465004,0.077739849686622606,0.077739849686622606
WPSID62,2005-01-31,0.0093303369358181953,-0.069705687463283497,-0.069705687463283497,0.0093303367029874996,0.078857414424419403,0.078857414424419403
WPSID62,2005-02-28,0.0062798662111163139,-0.071861065924167605,-0.071861065924167605,0.0062798657454549997,0.074897669255733407,0.074897669255733407
WPSID62,2005-03-31,0.0068698585964739323,-0.071071527898311601,-0.071071527898311601,0.0068698590621351996,0.074957534670829704,0.074957534670829704
WPSID62,2005-04-30,0.0070311957970261574,-0.071185126900672899,-0.071185126900672899,0.0070311962626873996,0.074676282703876495,0.074676282703876495
