unique_id,ds,TimesFM,TimesFM-q-5,TimesFM-q-10,TimesFM-q-50,TimesFM-q-90,TimesFM-q-95
AAA,2011-02-28,0.014447236433625221,-0.2425163388252258,-0.2425163388252258,0.014447234570979999,0.27447879314422607,0.27447879314422607
AAA,2011-03-31,0.02208949439227581,-0.26103273034095759,-0.26103273034095759,0.0220894943922758,0.3111054003238678,0.3111054003238678
AAA,2011-04-30,0.031689781695604324,-0.26703301072120661,-0.26703301072120661,0.031689779832959099,0.33765843510627741,0.33765843510627741
AAA,2011-05-31,0.032494526356458664,-0.27741646766662598,-0.27741646766662598,0.032494526356458601,0.35001242160797119,0.35001242160797119
AAA,2011-06-30,0.031794477254152298,-0.28287979960441589,-0.28287979960441589,0.031794477254152298,0.3566445112228393,0.3566445112228393
AAA,2011-07-31,0.032701246440410614,-0.28654968738555908,-0.28654968738555908,0.0327012464404106,0.36406978964805597,0.36406978964805597
AAA,2011-08-31,0.027848858386278152,-0.29911148548126221,-0.29911148548126221,0.0278488583862781,0.36280962824821472,0.36280962824821472
AAA,2011-09-30,0.021588601171970367,-0.30744293332099909,-0.30744293332099909,0.021588601171970302,0.35992544889450068,0.35992544889450068
AAA,2011-10-31,0.014355616644024849,-0.31555554270744318,-0.31555554270744318,0.014355618506669899,0.3550373911857605,0.3550373911857605
AAA,2011-11-30,0.0081541743129491806,-0.32468172907829279,-0.32468172907829279,0.0081541761755943003,0.3502605259418487,0.3502605259418487
AAA,2011-12-31,0.0039085559546947479,-0.32965660095214838,-0.32965660095214838,0.0039085559546947002,0.34570431709289551,0.34570431709289551
AAA,2012-01-31,0.0050924429669976234,-0.32840278744697571,-0.32840278744697571,0.0050924457609652996,0.34856176376342768,0.34856176376342768
AAA,2012-02-29,0.0052775191143155098,-0.32951191067695618,-0.32951191067695618,0.0052775181829928996,0.34989720582962031,0.34989720582962031
AAA,2012-03-31,0.0097615793347358704,-0.32999947667121882,-0.32999947667121882,0.0097615793347357992,0.35417637228965759,0.35417637228965759
AAA,2012-04-30,0.009768955409526825,-0.33024013042449951,-0.33024013042449951,0.0097689516842365005,0.35583034157752991,0.35583034157752991
AAA,2012-05-31,0.0049216737970709801,-0.33638280630111689,-0.33638280630111689,0.0049216747283935,0.35120031237602228,0.35120031237602228
AAA,2012-06-30,0.0019655905198305845,-0.33887767791748041,-0.33887767791748041,0.0019655898213385998,0.34845995903015131,0.34845995903015131
AAA,2012-07-31,-0.0029411385767161846,-0.34368354082107538,-0.34368354082107538,-0.0029411390423773999,0.34222990274429321,0.34222990274429321
AAA,2012-08-31,-0.013094439171254635,-0.35902050137519831,-0.35902050137519831,-0.013094440102577201,0.33999869227409357,0.33999869227409357
AAA,2012-09-30,-0.0098144616931676865,-0.35684013366699219,-0.35684013366699219,-0.0098144635558127993,0.34326040744781489,0.34326040744781489
AAA,2012-10-31,-0.0079574957489967346,-0.3557873666286468,-0.3557873666286468,-0.0079574957489966999,0.34529504179954529,0.34529504179954529
AAA,2012-11-30,-0.0087617868557572365,-0.35438710451126099,-0.35438710451126099,-0.0087617859244345994,0.34213319420814509,0.34213319420814509
AAA,2012-12-31,-0.011065490543842316,-0.35823452472686768,-0.35823452472686768,-0.0110654905438423,0.33762151002883911,0.33762151002883911
AAA,2013-01-31,-0.0086850421503186226,-0.35860356688499451,-0.35860356688499451,-0.0086850412189959994,0.34258067607879639,0.34258067607879639
AAAFFM,2011-02-28,5.0209174156188965,4.8292922973632812,4.8292922973632812,5.0209174156188965,5.2261972427368164,5.2261972427368164
AAAFFM,2011-03-31,5.0912528038024902,4.8694243431091309,4.8694243431091309,5.0912528038024902,5.3043689727783203,5.3043689727783203
AAAFFM,2011-04-30,5.067021369934082,4.853327751159668,4.853327751159668,5.067021369934082,5.3092432022094727,5.3092432022094727
AAAFFM,2011-05-31,4.9570469856262207,4.6924896240234375,4.6924896240234375,4.9570469856262207,5.1846623420715332,5.1846623420715332
AAAFFM,2011-06-30,4.8208379745483398,4.5680780410766602,4.5680780410766602,4.8208379745483398,5.0585637092590332,5.0585637092590332
AAAFFM,2011-07-31,4.6712551116943359,4.4032301902770996,4.4032301902770996,4.6712551116943359,4.9180202484130859,4.9180202484130859
AAAFFM,2011-08-31,4.4784536361694336,4.2031674385070801,4.2031674385070801,4.4784536361694336,4.7380356788635254,4.7380356788635254
AAAFFM,2011-09-30,4.2438969612121582,3.9245777130126953,3.9245777130126953,4.2438969612121582,4.5107407569885254,4.5107407569885254
AAAFFM,2011-10-31,4.0084519386291504,3.7400331497192383,3.7400331497192383,4.0084519386291504,4.2511634826660156,4.2511634826660156
AAAFFM,2011-11-30,3.8731589317321777,3.5761651992797852,3.5761651992797852,3.8731589317321777,4.150364875793457,4.150364875793457
AAAFFM,2011-12-31,3.8507590293884277,3.5816645622253418,3.5816645622253418,3.8507590293884282,4.1393017768859863,4.1393017768859863
AAAFFM,2012-01-31,3.8302469253540039,3.4889504909515381,3.4889504909515381,3.8302469253540039,4.1656289100646973,4.1656289100646973
AAAFFM,2012-02-29,3.8221430778503418,3.5371379852294922,3.5371379852294922,3.8221430778503418,4.1349949836730957,4.1349949836730957
AAAFFM,2012-03-31,3.7843575477600098,3.4498965740203857,3.4498965740203857,3.7843575477600098,4.1044454574584961,4.1044454574584961
AAAFFM,2012-04-30,3.7332878112792969,3.4283628463745117,3.4283628463745117,3.7332878112792969,4.0239777565002441,4.0239777565002441
AAAFFM,2012-05-31,3.6342840194702148,3.2909002304077148,3.2909002304077148,3.6342840194702148,3.919607400894165,3.919607400894165
AAAFFM,2012-06-30,3.5483789443969727,3.192476749420166,3.192476749420166,3.5483789443969727,3.8270797729492192,3.8270797729492192
AAAFFM,2012-07-31,3.4463996887207031,3.0772881507873535,3.0772881507873535,3.4463996887207031,3.7177300453186031,3.7177300453186031
AAAFFM,2012-08-31,3.3484835624694824,3.0112051963806152,3.0112051963806152,3.3484835624694824,3.6088323593139648,3.6088323593139648
AAAFFM,2012-09-30,3.3366122245788574,3.0141527652740479,3.0141527652740479,3.3366122245788574,3.5762848854064941,3.5762848854064941
AAAFFM,2012-10-31,3.3350563049316406,3.0351748466491699,3.0351748466491699,3.3350563049316406,3.5834336280822754,3.5834336280822754
AAAFFM,2012-11-30,3.3379244804382324,2.9896788597106938,2.9896788597106938,3.3379244804382324,3.5956296920776367,3.5956296920776367
AAAFFM,2012-12-31,3.4175972938537598,3.08636474609375,3.08636474609375,3.4175972938537602,3.7255973815917969,3.7255973815917969
AAAFFM,2013-01-31,3.4994747638702393,3.1821470260620117,3.1821470260620117,3.4994747638702393,3.777878999710083,3.777878999710083
ACOGNO,2011-02-28,0.014577334746718407,-0.0072756437584756998,-0.0072756437584756998,0.0145773347467184,0.035870060324668801,0.035870060324668801
ACOGNO,2011-03-31,0.013624717481434345,-0.0086381966248153998,-0.0086381966248153998,0.0136247174814343,0.035630818456411299,0.035630818456411299
ACOGNO,2011-04-30,0.01373536791652441,-0.0090352948755024996,-0.0090352948755024996,0.0137353679165244,0.035948149859905201,0.035948149859905201
ACOGNO,2011-05-31,0.013873117975890636,-0.0087847290560603003,-0.0087847290560603003,0.0138731179758906,0.036066994071006699,0.036066994071006699
ACOGNO,2011-06-30,0.013693155720829964,-0.0089756660163402002,-0.0089756660163402002,0.013693155720829899,0.036115009337663602,0.036115009337663602
ACOGNO,2011-07-31,0.013852538540959358,-0.0089297499507664992,-0.0089297499507664992,0.013852538540959299,0.036300268024206099,0.036300268024206099
ACOGNO,2011-08-31,0.013609584420919418,-0.0092509975656866993,-0.0092509975656866993,0.013609584420919399,0.036196570843458099,0.036196570843458099
ACOGNO,2011-09-30,0.013349924236536026,-0.0095561528578400005,-0.0095561528578400005,0.013349924236536,0.036087449640035602,0.036087449640035602
ACOGNO,2011-10-31,0.01311495341360569,-0.0098172686994074995,-0.0098172686994074995,0.0131149534136056,0.035803779959678601,0.035803779959678601
ACOGNO,2011-11-30,0.013010746799409389,-0.010018830187618699,-0.010018830187618699,0.013010746799409299,0.035853389650583198,0.035853389650583198
ACOGNO,2011-12-31,0.01262050773948431,-0.010506691411137499,-0.010506691411137499,0.0126205077394843,0.035506606101989698,0.035506606101989698
ACOGNO,2012-01-31,0.012427147477865219,-0.010531568899750701,-0.010531568899750701,0.0124271474778652,0.035544198006391498,0.035544198006391498
ACOGNO,2012-02-29,0.012386871501803398,-0.0107424100860953,-0.0107424100860953,0.012386871501803299,0.035936165601015001,0.035936165601015001
ACOGNO,2012-03-31,0.012384867295622826,-0.0109152263030409,-0.0109152263030409,0.0123848672956228,0.035692580044269499,0.035692580044269499
ACOGNO,2012-04-30,0.012659507803618908,-0.010730515234172301,-0.010730515234172301,0.012659507803618899,0.036131691187620101,0.036131691187620101
ACOGNO,2012-05-31,0.012700080871582031,-0.0105091836303472,-0.0105091836303472,0.012700080871582,0.035974796861410099,0.035974796861410099
ACOGNO,2012-06-30,0.01265741977840662,-0.0108120739459991,-0.0108120739459991,0.012657419778406599,0.035810612142086001,0.035810612142086001
ACOGNO,2012-07-31,0.012587661854922771,-0.0108433738350868,-0.0108433738350868,0.0125876618549227,0.035830065608024597,0.035830065608024597
ACOGNO,2012-08-31,0.012559772469103336,-0.011365971527993599,-0.011365971527993599,0.0125597724691033,0.036448448896407998,0.036448448896407998
ACOGNO,2012-09-30,0.013197850435972214,-0.0108949923887848,-0.0108949923887848,0.0131978504359722,0.036919247359037399,0.036919247359037399
ACOGNO,2012-10-31,0.012948623858392239,-0.0112124653533101,-0.0112124653533101,0.0129486238583922,0.036581754684448201,0.036581754684448201
ACOGNO,2012-11-30,0.012857637368142605,-0.0111295767128467,-0.0111295767128467,0.0128576373681426,0.036481477320194203,0.036481477320194203
ACOGNO,2012-12-31,0.012703555636107922,-0.011568765155971,-0.011568765155971,0.012703555636107901,0.035982608795166002,0.035982608795166002
ACOGNO,2013-01-31,0.012443575076758862,-0.011795399710536,-0.011795399710536,0.012443575076758801,0.0358017794787883,0.0358017794787883
AMDMNOx,2011-02-28,0.00013868184760212898,-0.043666437268257099,-0.043666437268257099,0.0001386823132634,0.043283507227897602,0.043283507227897602
AMDMNOx,2011-03-31,0.0019908780232071877,-0.042717311531305299,-0.042717311531305299,0.0019908780232071,0.046057295054197298,0.046057295054197298
AMDMNOx,2011-04-30,0.0026615750975906849,-0.043041147291660302,-0.043041147291660302,0.0026615755632519002,0.047322168946266098,0.047322168946266098
AMDMNOx,2011-05-31,0.0053323986940085888,-0.040951568633317899,-0.040951568633317899,0.0053323991596697998,0.050100587308406802,0.050100587308406802
AMDMNOx,2011-06-30,0.0019085442181676626,-0.044549718499183599,-0.044549718499183599,0.0019085444509983,0.047160882502794203,0.047160882502794203
AMDMNOx,2011-07-31,0.0069552008062601089,-0.039876017719507197,-0.039876017719507197,0.0069552008062601003,0.0523760057985782,0.0523760057985782
AMDMNOx,2011-08-31,0.0014087988529354334,-0.046040810644626597,-0.046040810644626597,0.0014087986201047,0.047067027539014802,0.047067027539014802
AMDMNOx,2011-09-30,0.0021210154518485069,-0.045375034213066101,-0.045375034213066101,0.0021210154518485,0.047755405306816101,0.047755405306816101
AMDMNOx,2011-10-31,0.0055925166234374046,-0.042068384587764698,-0.042068384587764698,0.0055925166234374003,0.051622834056615802,0.051622834056615802
AMDMNOx,2011-11-30,0.0025913193821907043,-0.045415706932544701,-0.045415706932544701,0.0025913193821907,0.048749074339866597,0.048749074339866597
AMDMNOx,2011-12-31,0.0033614584244787693,-0.0444274544715881,-0.0444274544715881,0.0033614579588174,0.049769494682550403,0.049769494682550403
AMDMNOx,2012-01-31,0.0030139647424221039,-0.044797733426094,-0.044797733426094,0.0030139647424221,0.049193236976861898,0.049193236976861898
AMDMNOx,2012-02-29,0.0036038246471434832,-0.043848950415849602,-0.043848950415849602,0.0036038244143128,0.0496118105947971,0.0496118105947971
AMDMNOx,2012-03-31,0.0039826459251344204,-0.044321931898593903,-0.044321931898593903,0.0039826454594731001,0.050712857395410503,0.050712857395410503
AMDMNOx,2012-04-30,0.004241816233843565,-0.043854221701622002,-0.043854221701622002,0.0042418157681821996,0.050879061222076402,0.050879061222076402
AMDMNOx,2012-05-31,0.0038569378666579723,-0.044327966868877397,-0.044327966868877397,0.0038569374009966,0.050218295305967303,0.050218295305967303
AMDMNOx,2012-06-30,0.0034027178771793842,-0.044320236891508102,-0.044320236891508102,0.0034027183428406,0.049770683050155598,0.049770683050155598
AMDMNOx,2012-07-31,0.0039611239917576313,-0.0440525747835636,-0.0440525747835636,0.0039611244574189004,0.049862846732139497,0.049862846732139497
AMDMNOx,2012-08-31,0.0037211817689239979,-0.044328544288873603,-0.044328544288873603,0.0037211822345852002,0.050357341766357401,0.050357341766357401
AMDMNOx,2012-09-30,0.0030721377115696669,-0.044982638210058198,-0.044982638210058198,0.0030721379444003001,0.049645569175481699,0.049645569175481699
AMDMNOx,2012-10-31,0.0031545215751975775,-0.045179024338722201,-0.045179024338722201,0.0031545218080281999,0.049525599926710101,0.049525599926710101
AMDMNOx,2012-11-30,0.0037517319433391094,-0.043941292911767897,-0.043941292911767897,0.0037517324090003,0.049705550074577297,0.049705550074577297
AMDMNOx,2012-12-31,0.0031911241821944714,-0.044236902147531502,-0.044236902147531502,0.0031911237165330999,0.048946551978588097,0.048946551978588097
AMDMNOx,2013-01-31,0.0031911819241940975,-0.044451184570789302,-0.044451184570789302,0.0031911814585327998,0.049329314380884101,0.049329314380884101
AMDMUOx,2011-02-28,0.0063081597909331322,-0.0028415806591510001,-0.0028415806591510001,0.0063081597909331001,0.016312994062900502,0.016312994062900502
AMDMUOx,2011-03-31,0.0062582800164818764,-0.0033767041750252,-0.0033767041750252,0.0062582800164818,0.017045091837644501,0.017045091837644501
AMDMUOx,2011-04-30,0.0060947076417505741,-0.0042193811386823004,-0.0042193811386823004,0.0060947076417505004,0.017259247601032202,0.017259247601032202
AMDMUOx,2011-05-31,0.0064062317833304405,-0.004199375398457,-0.004199375398457,0.0064062317833303998,0.017953956499695702,0.017953956499695702
AMDMUOx,2011-06-30,0.0064705032855272293,-0.0044167274609208003,-0.0044167274609208003,0.0064705032855271998,0.0183586720377206,0.0183586720377206
AMDMUOx,2011-07-31,0.0063536888919770718,-0.0047515407204627002,-0.0047515407204627002,0.0063536888919769998,0.0186400804668664,0.0186400804668664
AMDMUOx,2011-08-31,0.0062758373096585274,-0.0050477664917707001,-0.0050477664917707001,0.0062758373096584996,0.018971709534525798,0.018971709534525798
AMDMUOx,2011-09-30,0.006370052695274353,-0.0052370503544807,-0.0052370503544807,0.0063700526952743001,0.019264176487922599,0.019264176487922599
AMDMUOx,2011-10-31,0.0065572815947234631,-0.0053252922371029004,-0.0053252922371029004,0.0065572815947233997,0.019440609961748099,0.019440609961748099
AMDMUOx,2011-11-30,0.0067419898696243763,-0.0052344109863041999,-0.0052344109863041999,0.0067419898696243,0.019878149032592701,0.019878149032592701
AMDMUOx,2011-12-31,0.0067683737725019455,-0.0054196463897824001,-0.0054196463897824001,0.0067683737725019004,0.020083995535969699,0.020083995535969699
AMDMUOx,2012-01-31,0.006569642573595047,-0.0057683251798152004,-0.0057683251798152004,0.0065696425735950002,0.020104140043258601,0.020104140043258601
AMDMUOx,2012-02-29,0.0062867775559425354,-0.0060835853219032001,-0.0060835853219032001,0.0062867775559424998,0.0197959281504154,0.0197959281504154
AMDMUOx,2012-03-31,0.0061608031392097473,-0.0065270010381937001,-0.0065270010381937001,0.0061608031392096996,0.0200141128152608,0.0200141128152608
AMDMUOx,2012-04-30,0.0061241686344146729,-0.0065874112769961001,-0.0065874112769961001,0.0061241686344146,0.020200347527861501,0.020200347527861501
AMDMUOx,2012-05-31,0.0062323492020368576,-0.0065303910523652996,-0.0065303910523652996,0.0062323492020368004,0.020320327952504099,0.020320327952504099
AMDMUOx,2012-06-30,0.006242857314646244,-0.0064642736688256004,-0.0064642736688256004,0.0062428573146461998,0.020456705242395401,0.020456705242395401
AMDMUOx,2012-07-31,0.0061579542234539986,-0.0066038677468895001,-0.0066038677468895001,0.0061579542234538997,0.020359246060252099,0.020359246060252099
AMDMUOx,2012-08-31,0.0060551105998456478,-0.0070502050220966001,-0.0070502050220966001,0.0060551105998456001,0.020728778094053199,0.020728778094053199
AMDMUOx,2012-09-30,0.0056756311096251011,-0.0076550273224711002,-0.0076550273224711002,0.0056756311096251002,0.0203975848853588,0.0203975848853588
AMDMUOx,2012-10-31,0.0053134886547923088,-0.0081630991771816999,-0.0081630991771816999,0.0053134886547923001,0.020114321261644301,0.020114321261644301
AMDMUOx,2012-11-30,0.0053509692661464214,-0.0079494155943392996,-0.0079494155943392996,0.0053509692661463997,0.0201581194996833,0.0201581194996833
AMDMUOx,2012-12-31,0.0055501591414213181,-0.0077540446072815999,-0.0077540446072815999,0.0055501591414212998,0.020313855260610501,0.020313855260610501
AMDMUOx,2013-01-31,0.005572623573243618,-0.0076346276327967002,-0.0076346276327967002,0.0055726235732435998,0.020402269437909099,0.020402269437909099
ANDENOx,2011-02-28,-0.023544706404209137,-0.10648649930953979,-0.10648649930953979,-0.023544706404209099,0.057848915457725497,0.057848915457725497
ANDENOx,2011-03-31,-0.0036117713898420334,-0.090686887502670205,-0.090686887502670205,-0.003611771389842,0.080746382474899195,0.080746382474899195
ANDENOx,2011-04-30,-0.0034037213772535324,-0.092630043625831604,-0.092630043625831604,-0.0034037213772534999,0.082957483828067696,0.082957483828067696
ANDENOx,2011-05-31,0.00035294238477945328,-0.091037869453430106,-0.091037869453430106,0.0003529414534568,0.087604343891143799,0.087604343891143799
ANDENOx,2011-06-30,-0.00058969808742403984,-0.093394890427589403,-0.093394890427589403,-0.00058969855308530004,0.087640099227428395,0.087640099227428395
ANDENOx,2011-07-31,0.0076414081268012524,-0.086102917790412903,-0.086102917790412903,0.0076414076611399,0.096979230642318698,0.096979230642318698
ANDENOx,2011-08-31,-0.0056104809045791626,-0.1008839607238769,-0.1008839607238769,-0.0056104809045791001,0.084999717772006905,0.084999717772006905
ANDENOx,2011-09-30,0.0019119454082101583,-0.093576520681381198,-0.093576520681381198,0.0019119456410408001,0.092648334801196996,0.092648334801196996
ANDENOx,2011-10-31,0.0082255396991968155,-0.088008508086204501,-0.088008508086204501,0.0082255406305192999,0.099813431501388494,0.099813431501388494
ANDENOx,2011-11-30,5.1735900342464447e-05,-0.096607714891433702,-0.096607714891433702,5.1736831665039062e-05,0.092132389545440604,0.092132389545440604
ANDENOx,2011-12-31,0.0032463283278048038,-0.093286149203777299,-0.093286149203777299,0.0032463287934660001,0.095704361796379006,0.095704361796379006
ANDENOx,2012-01-31,0.0050598205998539925,-0.091362722218036596,-0.091362722218036596,0.0050598205998538997,0.097395233809947898,0.097395233809947898
ANDENOx,2012-02-29,0.0044087772257626057,-0.0921915993094444,-0.0921915993094444,0.0044087776914238002,0.096031993627548204,0.096031993627548204
ANDENOx,2012-03-31,0.0035171157214790583,-0.094167061150074005,-0.094167061150074005,0.0035171164199708999,0.096342049539089203,0.096342049539089203
ANDENOx,2012-04-30,0.0069556208327412605,-0.090877763926982796,-0.090877763926982796,0.0069556208327411998,0.099498562514781896,0.099498562514781896
ANDENOx,2012-05-31,0.0064504006877541542,-0.091612152755260398,-0.091612152755260398,0.0064504006877541004,0.098904363811015999,0.098904363811015999
ANDENOx,2012-06-30,0.006221916526556015,-0.091413430869579301,-0.091413430869579301,0.0062219155952333996,0.098224230110645294,0.098224230110645294
ANDENOx,2012-07-31,0.0085387397557497025,-0.0894521474838256,-0.0894521474838256,0.0085387406870722007,0.1003491654992103,0.1003491654992103
ANDENOx,2012-08-31,0.0081356149166822433,-0.090792551636695806,-0.090792551636695806,0.0081356139853595993,0.1010071337223053,0.1010071337223053
ANDENOx,2012-09-30,0.00516101298853755,-0.094244457781314794,-0.094244457781314794,0.0051610125228762002,0.097698561847209903,0.097698561847209903
ANDENOx,2012-10-31,0.0045804539695382118,-0.095249347388744299,-0.095249347388744299,0.0045804539695381997,0.097228839993476798,0.097228839993476798
ANDENOx,2012-11-30,0.0047364817000925541,-0.093863397836685097,-0.093863397836685097,0.0047364821657537998,0.095971666276454898,0.095971666276454898
ANDENOx,2012-12-31,0.0047924192622303963,-0.093314282596111298,-0.093314282596111298,0.0047924192622303,0.095857493579387595,0.095857493579387595
ANDENOx,2013-01-31,0.0041394345462322235,-0.094086505472659995,-0.094086505472659995,0.0041394354775547001,0.095842137932777405,0.095842137932777405
AWHMAN,2011-02-28,41.233966827392578,41.030475616455078,41.030475616455078,41.233966827392578,41.435802459716797,41.435802459716797
AWHMAN,2011-03-31,41.303665161132812,41.0928955078125,41.0928955078125,41.303665161132812,41.523502349853523,41.523502349853523
AWHMAN,2011-04-30,41.317058563232422,41.093528747558594,41.093528747558594,41.317058563232422,41.514503479003906,41.514503479003906
AWHMAN,2011-05-31,41.347648620605469,41.134662628173828,41.134662628173828,41.347648620605469,41.542240142822266,41.542240142822266
AWHMAN,2011-06-30,41.363479614257812,41.169548034667969,41.169548034667969,41.363479614257812,41.543994903564453,41.543994903564453
AWHMAN,2011-07-31,41.377113342285156,41.201614379882812,41.201614379882812,41.377113342285149,41.539806365966797,41.539806365966797
AWHMAN,2011-08-31,41.407424926757812,41.229061126708984,41.229061126708984,41.407424926757812,41.558574676513672,41.558574676513672
AWHMAN,2011-09-30,41.433292388916016,41.243644714355469,41.243644714355469,41.433292388916016,41.575939178466797,41.575939178466797
AWHMAN,2011-10-31,41.453453063964844,41.284358978271491,41.284358978271491,41.453453063964851,41.584121704101562,41.584121704101562
AWHMAN,2011-11-30,41.490318298339844,41.3253173828125,41.3253173828125,41.490318298339837,41.632610321044922,41.632610321044922
AWHMAN,2011-12-31,41.517166137695312,41.382427215576172,41.382427215576172,41.517166137695312,41.657722473144531,41.657722473144531
AWHMAN,2012-01-31,41.564651489257812,41.397941589355469,41.397941589355469,41.564651489257812,41.7135009765625,41.7135009765625
AWHMAN,2012-02-29,41.609413146972656,41.467864990234375,41.467864990234375,41.609413146972656,41.731422424316406,41.731422424316406
AWHMAN,2012-03-31,41.607513427734375,41.447498321533203,41.447498321533203,41.607513427734375,41.75018310546875,41.75018310546875
AWHMAN,2012-04-30,41.626274108886719,41.491790771484375,41.491790771484375,41.626274108886719,41.770576477050781,41.770576477050781
AWHMAN,2012-05-31,41.623992919921875,41.492080688476562,41.492080688476562,41.623992919921875,41.764614105224609,41.764614105224609
AWHMAN,2012-06-30,41.642921447753906,41.49688720703125,41.49688720703125,41.642921447753906,41.796775817871094,41.796775817871094
AWHMAN,2012-07-31,41.674549102783203,41.528732299804688,41.528732299804688,41.674549102783203,41.823253631591797,41.823253631591797
AWHMAN,2012-08-31,41.673244476318359,41.541820526123047,41.541820526123047,41.673244476318359,41.833137512207031,41.833137512207031
AWHMAN,2012-09-30,41.698593139648438,41.567523956298828,41.567523956298828,41.698593139648438,41.867092132568359,41.867092132568359
AWHMAN,2012-10-31,41.677616119384766,41.541416168212891,41.541416168212891,41.677616119384766,41.831939697265625,41.831939697265625
AWHMAN,2012-11-30,41.679264068603516,41.526256561279297,41.526256561279297,41.679264068603523,41.855091094970703,41.855091094970703
AWHMAN,2012-12-31,41.693935394287109,41.545265197753906,41.545265197753906,41.693935394287109,41.861865997314453,41.861865997314453
AWHMAN,2013-01-31,41.726100921630859,41.582145690917969,41.582145690917969,41.726100921630859,41.860126495361328,41.860126495361328
AWOTMAN,2011-02-28,0.005970656406134367,-0.10837077349424359,-0.10837077349424359,0.0059706568717955997,0.1215389594435691,0.1215389594435691
AWOTMAN,2011-03-31,0.0025426347274333239,-0.1171758845448494,-0.1171758845448494,0.0025426354259252002,0.1245859712362289,0.1245859712362289
AWOTMAN,2011-04-30,-0.0021428205072879791,-0.1235048100352287,-0.1235048100352287,-0.0021428205072879002,0.1224754825234413,0.1224754825234413
AWOTMAN,2011-05-31,0.0077817179262638092,-0.1147149801254272,-0.1147149801254272,0.0077817188575862997,0.13396817445754999,0.13396817445754999
AWOTMAN,2011-06-30,0.0085058892145752907,-0.11513449996709819,-0.11513449996709819,0.0085058892145752005,0.1358452886343002,0.1358452886343002
AWOTMAN,2011-07-31,0.0098123122006654739,-0.1155320480465889,-0.1155320480465889,0.0098123122006653993,0.13847801089286799,0.13847801089286799
AWOTMAN,2011-08-31,0.0069813523441553116,-0.1194394305348396,-0.1194394305348396,0.0069813523441553003,0.1362337321043014,0.1362337321043014
AWOTMAN,2011-09-30,0.0080068279057741165,-0.1199884712696075,-0.1199884712696075,0.0080068279057740992,0.1378049552440643,0.1378049552440643
AWOTMAN,2011-10-31,0.0070383665151894093,-0.1236856058239936,-0.1236856058239936,0.0070383660495281003,0.13952258229255671,0.13952258229255671
AWOTMAN,2011-11-30,0.007293191272765398,-0.124720461666584,-0.124720461666584,0.0072931908071041003,0.1410960257053375,0.1410960257053375
AWOTMAN,2011-12-31,0.0055350614711642265,-0.1277323365211486,-0.1277323365211486,0.0055350605398415999,0.13976751267910001,0.13976751267910001
AWOTMAN,2012-01-31,0.0082541350275278091,-0.1244477853178978,-0.1244477853178978,0.0082541350275278005,0.14208951592445371,0.14208951592445371
AWOTMAN,2012-02-29,0.0047909426502883434,-0.13118787109851829,-0.13118787109851829,0.0047909431159496004,0.13966873288154599,0.13966873288154599
AWOTMAN,2012-03-31,0.005077871959656477,-0.1323323845863342,-0.1323323845863342,0.0050778724253177001,0.14256559312343589,0.14256559312343589
AWOTMAN,2012-04-30,0.0040087001398205757,-0.13514959812164301,-0.13514959812164301,0.0040086992084980002,0.14197553694248199,0.14197553694248199
AWOTMAN,2012-05-31,0.0052430722862482071,-0.13468402624130249,-0.13468402624130249,0.0052430722862482002,0.14295168220996851,0.14295168220996851
AWOTMAN,2012-06-30,0.0040541854687035084,-0.13381458818912501,-0.13381458818912501,0.0040541850030422003,0.14046795666217801,0.14046795666217801
AWOTMAN,2012-07-31,0.005025218240916729,-0.13175736367702481,-0.13175736367702481,0.0050252173095940997,0.14057616889476771,0.14057616889476771
AWOTMAN,2012-08-31,0.00075536698568612337,-0.13748303055763239,-0.13748303055763239,0.00075536780059330005,0.1382710188627243,0.1382710188627243
AWOTMAN,2012-09-30,0.0018573009874671698,-0.1374346911907196,-0.1374346911907196,0.0018573012202978,0.13816443085670471,0.13816443085670471
AWOTMAN,2012-10-31,0.0015584994107484818,-0.1370296031236648,-0.1370296031236648,0.0015584994107484,0.13746403157711029,0.13746403157711029
AWOTMAN,2012-11-30,0.0025235251523554325,-0.1331576406955719,-0.1331576406955719,0.0025235246866941001,0.1348722428083419,0.1348722428083419
AWOTMAN,2012-12-31,0.0024251244030892849,-0.13368110358715049,-0.13368110358715049,0.0024251248687505002,0.1334683299064636,0.1334683299064636
AWOTMAN,2013-01-31,0.005404382012784481,-0.1322961300611496,-0.1322961300611496,0.0054043820127844004,0.139640063047409,0.139640063047409
BAA,2011-02-28,0.034973237663507462,-0.2493887990713119,-0.2493887990713119,0.034973237663507399,0.31868794560432429,0.31868794560432429
BAA,2011-03-31,0.047207362949848175,-0.27228119969367981,-0.27228119969367981,0.047207363881170701,0.3637357354164123,0.3637357354164123
BAA,2011-04-30,0.054388757795095444,-0.28586062788963318,-0.28586062788963318,0.054388756398111499,0.39115151762962341,0.39115151762962341
BAA,2011-05-31,0.055118080228567123,-0.30036330223083491,-0.30036330223083491,0.055118082091212203,0.40587210655212402,0.40587210655212402
BAA,2011-06-30,0.057621259242296219,-0.3075000643730163,-0.3075000643730163,0.057621257379651,0.41561546921730042,0.41561546921730042
BAA,2011-07-31,0.041123382747173309,-0.3301397562026977,-0.3301397562026977,0.041123382747173302,0.40912249684333801,0.40912249684333801
BAA,2011-08-31,0.030260477215051651,-0.35043159127235413,-0.35043159127235413,0.030260477215051599,0.40548136830329889,0.40548136830329889
BAA,2011-09-30,0.027167575433850288,-0.35926219820976257,-0.35926219820976257,0.027167577296495399,0.40775790810585022,0.40775790810585022
BAA,2011-10-31,0.018728988245129585,-0.3706830739974975,-0.3706830739974975,0.018728986382484401,0.40117672085762018,0.40117672085762018
BAA,2011-11-30,0.012147498317062855,-0.38259100914001459,-0.38259100914001459,0.012147501111030501,0.39666366577148438,0.39666366577148438
BAA,2011-12-31,0.0055630411952733994,-0.38968697190284729,-0.38968697190284729,0.0055630430579185,0.39152279496192932,0.39152279496192932
BAA,2012-01-31,0.0036782165989279747,-0.39164263010025019,-0.39164263010025019,0.0036782175302504999,0.39212334156036371,0.39212334156036371
BAA,2012-02-29,0.004220061469823122,-0.39305531978607178,-0.39305531978607178,0.0042200610041618,0.39314529299736017,0.39314529299736017
BAA,2012-03-31,0.0088959923014044762,-0.3938746452331543,-0.3938746452331543,0.0088959932327270005,0.39827471971511841,0.39827471971511841
BAA,2012-04-30,0.012857424095273018,-0.38973504304885859,-0.38973504304885859,0.012857422232627799,0.40552598237991327,0.40552598237991327
BAA,2012-05-31,0.0091488612815737724,-0.39467865228652949,-0.39467865228652949,0.009148858487606,0.4017779529094696,0.4017779529094696
BAA,2012-06-30,0.0070866807363927364,-0.39433214068412781,-0.39433214068412781,0.0070866793394087999,0.4007718563079834,0.4007718563079834
BAA,2012-07-31,0.00065458577591925859,-0.4009966254234314,-0.4009966254234314,0.00065458565950390001,0.39210319519042969,0.39210319519042969
BAA,2012-08-31,-0.0092399455606937408,-0.41512823104858398,-0.41512823104858398,-0.0092399492859839994,0.38640913367271418,0.38640913367271418
BAA,2012-09-30,-0.0059483735822141171,-0.40753698348999018,-0.40753698348999018,-0.0059483721852301996,0.38936930894851679,0.38936930894851679
BAA,2012-10-31,-0.0040561468340456486,-0.40550884604454041,-0.40550884604454041,-0.0040561482310295001,0.38988950848579401,0.38988950848579401
BAA,2012-11-30,-0.0013613412156701088,-0.40016555786132812,-0.40016555786132812,-0.0013613402843474999,0.38882109522819519,0.38882109522819519
BAA,2012-12-31,-0.0069886595010757446,-0.40629437565803528,-0.40629437565803528,-0.0069886595010757004,0.3801637589931488,0.3801637589931488
BAA,2013-01-31,-0.009125908836722374,-0.40834736824035639,-0.40834736824035639,-0.0091259106993675006,0.3799956738948822,0.3799956738948822
BAAFFM,2011-02-28,6.0057764053344727,5.7696242332458496,5.7696242332458496,6.0057764053344727,6.2298016548156738,6.2298016548156738
BAAFFM,2011-03-31,6.0523433685302734,5.7755241394042969,5.7755241394042969,6.0523433685302734,6.3054628372192383,6.3054628372192383
BAAFFM,2011-04-30,6.04046630859375,5.7592101097106934,5.7592101097106934,6.04046630859375,6.3431406021118164,6.3431406021118164
BAAFFM,2011-05-31,5.9291820526123047,5.5716633796691895,5.5716633796691895,5.9291820526123047,6.2391948699951172,6.2391948699951172
BAAFFM,2011-06-30,5.7987442016601562,5.4462747573852539,5.4462747573852539,5.7987442016601562,6.1340503692626953,6.1340503692626953
BAAFFM,2011-07-31,5.6605119705200195,5.2988624572753906,5.2988624572753906,5.6605119705200195,6.0177907943725586,6.0177907943725586
BAAFFM,2011-08-31,5.5078935623168945,5.143162727355957,5.143162727355957,5.5078935623168945,5.8583145141601562,5.8583145141601562
BAAFFM,2011-09-30,5.3466129302978516,4.9420042037963867,4.9420042037963867,5.3466129302978516,5.7074499130249023,5.7074499130249023
BAAFFM,2011-10-31,5.1696243286132812,4.8309383392333984,4.8309383392333984,5.1696243286132812,5.502744197845459,5.502744197845459
BAAFFM,2011-11-30,5.049072265625,4.6778454780578613,4.6778454780578613,5.049072265625,5.4254717826843262,5.4254717826843262
BAAFFM,2011-12-31,5.033754825592041,4.6876459121704102,4.6876459121704102,5.033754825592041,5.3987655639648438,5.3987655639648438
BAAFFM,2012-01-31,5.0249238014221191,4.6134958267211914,4.6134958267211914,5.0249238014221191,5.4528846740722656,5.4528846740722656
BAAFFM,2012-02-29,5.0201187133789062,4.6859169006347656,4.6859169006347656,5.0201187133789062,5.4107189178466797,5.4107189178466797
BAAFFM,2012-03-31,4.9908132553100586,4.6043195724487305,4.6043195724487305,4.9908132553100586,5.4052944183349609,5.4052944183349609
BAAFFM,2012-04-30,4.9699850082397461,4.5981721878051758,4.5981721878051758,4.9699850082397461,5.3494830131530762,5.3494830131530762
BAAFFM,2012-05-31,4.9103693962097168,4.4816575050354004,4.4816575050354004,4.9103693962097168,5.2950325012207031,5.2950325012207031
BAAFFM,2012-06-30,4.8174066543579102,4.3695197105407715,4.3695197105407715,4.8174066543579102,5.1864852905273438,5.1864852905273438
BAAFFM,2012-07-31,4.7261652946472168,4.2564730644226074,4.2564730644226074,4.7261652946472168,5.105628490447998,5.105628490447998
BAAFFM,2012-08-31,4.5942792892456055,4.1405239105224609,4.1405239105224609,4.5942792892456055,4.9606781005859375,4.9606781005859375
BAAFFM,2012-09-30,4.542510986328125,4.0907812118530273,4.0907812118530273,4.542510986328125,4.8698062896728516,4.8698062896728516
BAAFFM,2012-10-31,4.4979453086853027,4.0572977066040039,4.0572977066040039,4.4979453086853027,4.8401284217834473,4.8401284217834473
BAAFFM,2012-11-30,4.4941349029541016,4.0382394790649414,4.0382394790649414,4.4941349029541016,4.845405101776123,4.845405101776123
BAAFFM,2012-12-31,4.5251994132995605,4.0788278579711914,4.0788278579711914,4.5251994132995605,4.8991203308105469,4.8991203308105469
BAAFFM,2013-01-31,4.5444865226745605,4.1308059692382812,4.1308059692382812,4.5444865226745605,4.9034671783447266,4.9034671783447266
BOGMBASE,2011-02-28,-0.0006741757970303297,-0.0128104137256741,-0.0128104137256741,-0.0006741757970303,0.0114103965461254,0.0114103965461254
BOGMBASE,2011-03-31,0.0095080137252807617,-0.0031291639897971998,-0.0031291639897971998,0.0095080137252806993,0.0220536049455404,0.0220536049455404
BOGMBASE,2011-04-30,0.0029880953952670097,-0.0100272009149193,-0.0100272009149193,0.0029880952788515999,0.0154143795371055,0.0154143795371055
BOGMBASE,2011-05-31,-0.0013427156955003738,-0.0141846081241965,-0.0141846081241965,-0.0013427156955002999,0.0109956422820687,0.0109956422820687
BOGMBASE,2011-06-30,0.0026856448967009783,-0.0102428924292325,-0.0102428924292325,0.0026856448967009002,0.0150319579988718,0.0150319579988718
BOGMBASE,2011-07-31,0.0060484036803245544,-0.0072283660992980003,-0.0072283660992980003,0.0060484036803244998,0.018349405378103201,0.018349405378103201
BOGMBASE,2011-08-31,0.0015707419952377677,-0.0116666732355952,-0.0116666732355952,0.0015707419952377,0.0139136761426925,0.0139136761426925
BOGMBASE,2011-09-30,0.00072658300632610917,-0.012936086393892701,-0.012936086393892701,0.00072658294811840001,0.0133241908624768,0.0133241908624768
BOGMBASE,2011-10-31,0.0023520493414252996,-0.0115023674443364,-0.0115023674443364,0.0023520492832176001,0.014875872060656501,0.014875872060656501
BOGMBASE,2011-11-30,0.0080676432698965073,-0.0056367320939897997,-0.0056367320939897997,0.0080676432698965003,0.020487399771809502,0.020487399771809502
BOGMBASE,2011-12-31,0.0041707549244165421,-0.0093473326414822994,-0.0093473326414822994,0.0041707549244165004,0.016682950779795602,0.016682950779795602
BOGMBASE,2012-01-31,-0.0063153877854347229,-0.020158484578132602,-0.020158484578132602,-0.0063153877854347003,0.0061277105414774,0.0061277105414774
BOGMBASE,2012-02-29,0.0013442389899864793,-0.0125077022239565,-0.0125077022239565,0.0013442389899863999,0.0138295078650116,0.0138295078650116
BOGMBASE,2012-03-31,0.0096102701500058174,-0.0042593553662299997,-0.0042593553662299997,0.0096102701500058001,0.022262122482061299,0.022262122482061299
BOGMBASE,2012-04-30,0.0027116637211292982,-0.011459541507065201,-0.011459541507065201,0.0027116637211292002,0.015809958800673402,0.015809958800673402
BOGMBASE,2012-05-31,-0.00056953419698402286,-0.0146093051880598,-0.0146093051880598,-0.00056953425519159996,0.0122181139886379,0.0122181139886379
BOGMBASE,2012-06-30,0.0033291778527200222,-0.010590657591819701,-0.010590657591819701,0.0033291778527200001,0.0161092188209295,0.0161092188209295
BOGMBASE,2012-07-31,0.0055409381166100502,-0.0083684055134653993,-0.0083684055134653993,0.0055409381166099999,0.018174123018979998,0.018174123018979998
BOGMBASE,2012-08-31,0.0016879272880032659,-0.0124591076746582,-0.0124591076746582,0.0016879272006916999,0.0144486855715513,0.0144486855715513
BOGMBASE,2012-09-30,0.0010230274638161063,-0.0133124161511659,-0.0133124161511659,0.0010230275220237,0.013561700470745499,0.013561700470745499
BOGMBASE,2012-10-31,0.0018272745655849576,-0.0125494971871376,-0.0125494971871376,0.0018272746237926001,0.014452880248427301,0.014452880248427301
BOGMBASE,2012-11-30,0.0072052031755447388,-0.0067599024623631997,-0.0067599024623631997,0.0072052031755446997,0.019424790516495701,0.019424790516495701
BOGMBASE,2012-12-31,0.0038151305634528399,-0.0102025754749774,-0.0102025754749774,0.0038151305634528,0.016309775412082599,0.016309775412082599
BOGMBASE,2013-01-31,-0.0063656996935606003,-0.020642099902033799,-0.020642099902033799,-0.0063656996935606003,0.0064271008886862,0.0064271008886862
BUSINVx,2011-02-28,0.0084409434348344803,0.0043074944987893,0.0043074944987893,0.0084409434348344005,0.0120347030460834,0.0120347030460834
BUSINVx,2011-03-31,0.0079757608473300934,0.0033983974717557001,0.0033983974717557001,0.0079757608473299997,0.0118628516793251,0.0118628516793251
BUSINVx,2011-04-30,0.0076808091253042221,0.0025219891685991998,0.0025219891685991998,0.0076808091253042004,0.011674774810671799,0.011674774810671799
BUSINVx,2011-05-31,0.0074303168803453445,0.0018374626524745999,0.0018374626524745999,0.0074303168803453003,0.011612761765718399,0.011612761765718399
BUSINVx,2011-06-30,0.0069970670156180859,0.0010640360414981001,0.0010640360414981001,0.006997067015618,0.011407557874917901,0.011407557874917901
BUSINVx,2011-07-31,0.0068111005239188671,0.00057501718401899995,0.00057501718401899995,0.0068111005239188003,0.011429438367486,0.011429438367486
BUSINVx,2011-08-31,0.006544056348502636,7.3953066021203995e-05,7.3953066021203995e-05,0.0065440563485026004,0.0113448798656463,0.0113448798656463
BUSINVx,2011-09-30,0.0064703794196248055,-0.00020907213911409999,-0.00020907213911409999,0.0064703794196248002,0.011334437876939701,0.011334437876939701
BUSINVx,2011-10-31,0.0065555572509765625,-0.00027827732264990002,-0.00027827732264990002,0.0065555572509765,0.011380223557353001,0.011380223557353001
BUSINVx,2011-11-30,0.0065817106515169144,-0.00033654505386939999,-0.00033654505386939999,0.0065817106515168996,0.0114688575267791,0.0114688575267791
BUSINVx,2011-12-31,0.0064294002950191498,-0.00062291743233790003,-0.00062291743233790003,0.0064294002950191003,0.0113792307674884,0.0113792307674884
BUSINVx,2012-01-31,0.0063296649605035782,-0.00082303676754229998,-0.00082303676754229998,0.0063296649605035001,0.011307645589113201,0.011307645589113201
BUSINVx,2012-02-29,0.0062186131253838539,-0.0007944488897919,-0.0007944488897919,0.0062186131253838001,0.0112008908763527,0.0112008908763527
BUSINVx,2012-03-31,0.0058815488591790199,-0.0012235399335622,-0.0012235399335622,0.005881548859179,0.0110696572810411,0.0110696572810411
BUSINVx,2012-04-30,0.0057449666783213615,-0.0014472352340817,-0.0014472352340817,0.0057449666783213,0.0110328271985054,0.0110328271985054
BUSINVx,2012-05-31,0.0055881775915622711,-0.0016504931263624999,-0.0016504931263624999,0.0055881775915622,0.0109642278403043,0.0109642278403043
BUSINVx,2012-06-30,0.0053484905511140823,-0.0019532516598701,-0.0019532516598701,0.0053484905511139999,0.010922584682703001,0.010922584682703001
BUSINVx,2012-07-31,0.0052261780947446823,-0.0022392589598893998,-0.0022392589598893998,0.0052261780947445999,0.0108368005603551,0.0108368005603551
BUSINVx,2012-08-31,0.0051851491443812847,-0.0025877319276332001,-0.0025877319276332001,0.0051851491443811997,0.0111168893054127,0.0111168893054127
BUSINVx,2012-09-30,0.0051970141939818859,-0.0026971860788762001,-0.0026971860788762001,0.0051970141939818,0.011232303455471901,0.011232303455471901
BUSINVx,2012-10-31,0.0052077933214604855,-0.0027444437146186,-0.0027444437146186,0.0052077933214603996,0.011374440975487199,0.011374440975487199
BUSINVx,2012-11-30,0.0050201574340462685,-0.0029533458873629002,-0.0029533458873629002,0.0050201574340461999,0.0112329246476292,0.0112329246476292
BUSINVx,2012-12-31,0.0048902803100645542,-0.0031215134076773999,-0.0031215134076773999,0.0048902803100644996,0.011248892173171,0.011248892173171
BUSINVx,2013-01-31,0.0047100209631025791,-0.0033912570215760998,-0.0033912570215760998,0.0047100209631025002,0.0111801177263259,0.0111801177263259
BUSLOANS,2011-02-28,0.00060271582333371043,-0.0057776905596255996,-0.0057776905596255996,0.00060271582333370002,0.0068688024766743001,0.0068688024766743001
BUSLOANS,2011-03-31,0.00030872150091454387,-0.0064245066605507998,-0.0064245066605507998,0.00030872155912220001,0.0069599021226167002,0.0069599021226167002
BUSLOANS,2011-04-30,-0.00015116319991648197,-0.0070739565417170004,-0.0070739565417170004,-0.00015116319991640001,0.006656430196017,0.006656430196017
BUSLOANS,2011-05-31,0.00044180086115375161,-0.0065777678973971999,-0.0065777678973971999,0.000441800802946,0.0073534045368432999,0.0073534045368432999
BUSLOANS,2011-06-30,0.00029598257970064878,-0.0068543748930096002,-0.0068543748930096002,0.0002959825797006,0.0073461364954709998,0.0073461364954709998
BUSLOANS,2011-07-31,2.1796522560180165e-06,-0.0073069226928055,-0.0073069226928055,2.1796440705657005e-06,0.0071580498479306004,0.0071580498479306004
BUSLOANS,2011-08-31,0.00015047173656057566,-0.0072449282743036001,-0.0072449282743036001,0.0001504716929048,0.0074049532413481998,0.0074049532413481998
BUSLOANS,2011-09-30,0.00024913140805438161,-0.0072691529057918999,-0.0072691529057918999,0.00024913146626200002,0.0075375866144894998,0.0075375866144894998
BUSLOANS,2011-10-31,-7.8455886978190392e-05,-0.0077043534256517002,-0.0077043534256517002,-7.8455894254148006e-05,0.0073406780138611004,0.0073406780138611004
BUSLOANS,2011-11-30,7.4523391958791763e-05,-0.0075641702860592998,-0.0075641702860592998,7.4523384682834148e-05,0.0075152581557630998,0.0075152581557630998
BUSLOANS,2011-12-31,0.00024993694387376308,-0.0073649128898977999,-0.0073649128898977999,0.00024993694387369998,0.0077189346775411996,0.0077189346775411996
BUSLOANS,2012-01-31,0.00028095301240682602,-0.007312343455851,-0.007312343455851,0.0002809530124068,0.0076542114838956997,0.0076542114838956997
BUSLOANS,2012-02-29,0.00031610199948772788,-0.0073324511758982996,-0.0073324511758982996,0.00031610194128000002,0.0077072423882782,0.0077072423882782
BUSLOANS,2012-03-31,0.00031528976978734136,-0.0074043832719326002,-0.0074043832719326002,0.0003152897115796,0.0077710840851068002,0.0077710840851068002
BUSLOANS,2012-04-30,0.00019918209000024945,-0.0075545981526374002,-0.0075545981526374002,0.00019918207544830001,0.0076903374865651001,0.0076903374865651001
BUSLOANS,2012-05-31,0.00020008448336739093,-0.0075828833505510998,-0.0075828833505510998,0.0002000845270231,0.0077197076752781001,0.0077197076752781001
BUSLOANS,2012-06-30,0.00030233938014134765,-0.0074581224471330001,-0.0074581224471330001,0.00030233943834899999,0.0077981832437217001,0.0077981832437217001
BUSLOANS,2012-07-31,0.00024075423425529152,-0.0075375088490545004,-0.0075375088490545004,0.00024075421970329999,0.0077139986678957002,0.0077139986678957002
BUSLOANS,2012-08-31,0.00015706973499618471,-0.0076441634446382002,-0.0076441634446382002,0.00015706976410000001,0.0077165476977825,0.0077165476977825
BUSLOANS,2012-09-30,8.1389560364186764e-05,-0.0077558564953505004,-0.0077558564953505004,8.1389560364186764e-05,0.0076213926076889003,0.0076213926076889003
BUSLOANS,2012-10-31,8.8360524387098849e-05,-0.0077717946842311997,-0.0077717946842311997,8.836050983518362e-05,0.0076312264427542001,0.0076312264427542001
BUSLOANS,2012-11-30,9.8567463282961398e-05,-0.0076538408175110002,-0.0076538408175110002,9.8567456007003784e-05,0.0074970768764614998,0.0074970768764614998
BUSLOANS,2012-12-31,0.00011941946286242455,-0.0076598203741014004,-0.0076598203741014004,0.00011941941920660001,0.0075230547226965002,0.0075230547226965002
BUSLOANS,2013-01-31,7.1697912062518299e-05,-0.0077912746928631999,-0.0077912746928631999,7.1697868406772614e-05,0.0075249462388455,0.0075249462388455
CE16OV,2011-02-28,0.00039556238334625959,-0.0025705615989863001,-0.0025705615989863001,0.00039556238334620002,0.0032502843532710999,0.0032502843532710999
CE16OV,2011-03-31,0.00046678201761096716,-0.0026325462386011999,-0.0026325462386011999,0.00046678201761089999,0.0034206490963697,0.0034206490963697
CE16OV,2011-04-30,0.00033529655775055289,-0.0028586999978870002,-0.0028586999978870002,0.00033529655775049998,0.0033201221376657,0.0033201221376657
CE16OV,2011-05-31,0.00036102539161220193,-0.0028684919234364999,-0.0028684919234364999,0.00036102539161219998,0.0033735097385941999,0.0033735097385941999
CE16OV,2011-06-30,0.00046262034447863698,-0.0028177138883620002,-0.0028177138883620002,0.00046262034447860001,0.0034795757383108,0.0034795757383108
CE16OV,2011-07-31,0.00045256991870701313,-0.0028602827806025002,-0.0028602827806025002,0.00045256991870700001,0.0035136770457029,0.0035136770457029
CE16OV,2011-08-31,0.00040039088344201446,-0.0029221561271697001,-0.0029221561271697001,0.00040039088344199998,0.0034840507432818001,0.0034840507432818001
CE16OV,2011-09-30,0.0004716985858976841,-0.0028659098315984002,-0.0028659098315984002,0.00047169858589760002,0.0035789264366029999,0.0035789264366029999
CE16OV,2011-10-31,0.00045810994924977422,-0.0029400123748928001,-0.0029400123748928001,0.0004581099492497,0.0035708183422684002,0.0035708183422684002
CE16OV,2011-11-30,0.00041657459223642945,-0.0030080305878072001,-0.0030080305878072001,0.00041657459223640002,0.0035494661424308998,0.0035494661424308998
CE16OV,2011-12-31,0.00035591685445979238,-0.0030932400841265002,-0.0030932400841265002,0.0003559168544597,0.0035160444676875999,0.0035160444676875999
CE16OV,2012-01-31,0.00045334250899031758,-0.002990300534293,-0.002990300534293,0.00045334250899030002,0.0035871565341948999,0.0035871565341948999
CE16OV,2012-02-29,0.00043718540109694004,-0.0030311632435768001,-0.0030311632435768001,0.00043718540109689998,0.0035622904542832999,0.0035622904542832999
CE16OV,2012-03-31,0.00043392728548496962,-0.0030843603890389,-0.0030843603890389,0.00043392728548490001,0.0036163546610623,0.0036163546610623
CE16OV,2012-04-30,0.00043803598964586854,-0.0030672841239720002,-0.0030672841239720002,0.00043803598964580002,0.0036572376266121001,0.0036572376266121001
CE16OV,2012-05-31,0.0004989400040358305,-0.0030597920995204999,-0.0030597920995204999,0.00049894000403580003,0.0036956483963876,0.0036956483963876
CE16OV,2012-06-30,0.00045905058505013585,-0.0030625576619058002,-0.0030625576619058002,0.00045905058505010002,0.0036649727262556002,0.0036649727262556002
CE16OV,2012-07-31,0.00040165026439353824,-0.0031355719547718,-0.0031355719547718,0.00040165026439350002,0.0035937139764428,0.0035937139764428
CE16OV,2012-08-31,0.00044745142804458737,-0.0031545998062938001,-0.0031545998062938001,0.00044745142804449999,0.0037111602723597999,0.0037111602723597999
CE16OV,2012-09-30,0.00046458165161311626,-0.0031403817702083999,-0.0031403817702083999,0.0004645816516131,0.0037476671859622002,0.0037476671859622002
CE16OV,2012-10-31,0.00044723704922944307,-0.0031734595540910001,-0.0031734595540910001,0.00044723704922939998,0.0037171666044741002,0.0037171666044741002
CE16OV,2012-11-30,0.00048009277088567615,-0.0031035158317535999,-0.0031035158317535999,0.00048009277088559998,0.0037125668022780999,0.0037125668022780999
CE16OV,2012-12-31,0.00046133832074701786,-0.0031261590775102,-0.0031261590775102,0.00046133832074700003,0.0036831877660005998,0.0036831877660005998
CE16OV,2013-01-31,0.00047528074355795979,-0.0031208323780447002,-0.0031208323780447002,0.0004752807435579,0.0037292190827429,0.0037292190827429
CES0600000007,2011-02-28,40.585502624511719,40.285079956054688,40.285079956054688,40.585502624511719,40.893482208251953,40.893482208251953
CES0600000007,2011-03-31,40.719936370849609,40.420337677001953,40.420337677001953,40.719936370849609,41.031085968017578,41.031085968017578
CES0600000007,2011-04-30,40.761497497558594,40.464454650878906,40.464454650878906,40.761497497558594,41.041927337646477,41.041927337646477
CES0600000007,2011-05-31,40.81256103515625,40.539485931396477,40.539485931396477,40.81256103515625,41.076202392578125,41.076202392578125
CES0600000007,2011-06-30,40.842319488525391,40.59539794921875,40.59539794921875,40.842319488525391,41.077461242675781,41.077461242675781
CES0600000007,2011-07-31,40.865665435791016,40.647361755371094,40.647361755371094,40.865665435791016,41.079666137695312,41.079666137695312
CES0600000007,2011-08-31,40.892612457275391,40.682975769042969,40.682975769042969,40.892612457275391,41.091228485107422,41.091228485107422
CES0600000007,2011-09-30,40.929149627685547,40.708290100097656,40.708290100097656,40.929149627685547,41.114391326904297,41.114391326904297
CES0600000007,2011-10-31,40.965755462646484,40.767723083496094,40.767723083496094,40.965755462646477,41.135173797607422,41.135173797607422
CES0600000007,2011-11-30,40.996383666992188,40.800094604492188,40.800094604492188,40.996383666992188,41.171192169189453,41.171192169189453
CES0600000007,2011-12-31,41.017147064208984,40.854862213134766,40.854862213134766,41.017147064208984,41.197200775146477,41.197200775146477
CES0600000007,2012-01-31,41.040664672851562,40.852668762207031,40.852668762207031,41.040664672851562,41.224040985107422,41.224040985107422
CES0600000007,2012-02-29,41.061420440673828,40.8948974609375,40.8948974609375,41.061420440673828,41.219390869140625,41.219390869140625
CES0600000007,2012-03-31,41.058170318603516,40.873134613037109,40.873134613037109,41.058170318603523,41.238182067871094,41.238182067871094
CES0600000007,2012-04-30,41.067050933837891,40.90386962890625,40.90386962890625,41.067050933837891,41.246486663818359,41.246486663818359
CES0600000007,2012-05-31,41.047691345214844,40.888427734375,40.888427734375,41.047691345214851,41.226898193359375,41.226898193359375
CES0600000007,2012-06-30,41.027042388916016,40.854099273681641,40.854099273681641,41.027042388916016,41.214267730712891,41.214267730712891
CES0600000007,2012-07-31,41.042335510253906,40.867034912109375,40.867034912109375,41.042335510253906,41.232692718505859,41.232692718505859
CES0600000007,2012-08-31,41.033123016357422,40.868625640869141,40.868625640869141,41.033123016357422,41.230609893798828,41.230609893798828
CES0600000007,2012-09-30,41.060798645019531,40.884853363037109,40.884853363037109,41.060798645019531,41.269107818603523,41.269107818603523
CES0600000007,2012-10-31,41.061874389648438,40.88433837890625,40.88433837890625,41.061874389648438,41.265430450439453,41.265430450439453
CES0600000007,2012-11-30,41.041793823242188,40.847427368164062,40.847427368164062,41.041793823242188,41.268802642822266,41.268802642822266
CES0600000007,2012-12-31,41.036624908447266,40.848110198974609,40.848110198974609,41.036624908447266,41.250503540039062,41.250503540039062
CES0600000007,2013-01-31,41.054332733154297,40.877628326416016,40.877628326416016,41.054332733154297,41.246795654296875,41.246795654296875
CES0600000008,2011-02-28,-0.0016442574560642242,-0.0043091652914881004,-0.0043091652914881004,-0.0016442574560642,0.00098540856924950009,0.00098540856924950009
CES0600000008,2011-03-31,0.00033297063782811165,-0.0025154661852865999,-0.0025154661852865999,0.00033297063782809999,0.0030996114946901,0.0030996114946901
CES0600000008,2011-04-30,0.00075897661736235023,-0.0021748472936451001,-0.0021748472936451001,0.00075897658825850004,0.0036147097125649001,0.0036147097125649001
CES0600000008,2011-05-31,-0.00019337086996529251,-0.0031983840744942002,-0.0031983840744942002,-0.00019337085541330001,0.0027055167593061,0.0027055167593061
CES0600000008,2011-06-30,-0.00021323226974345744,-0.0032961419783531999,-0.0032961419783531999,-0.00021323224063960001,0.0027689361013472002,0.0027689361013472002
CES0600000008,2011-07-31,0.00032159249531105161,-0.0028214415069668999,-0.0028214415069668999,0.000321592495311,0.0033701753709465001,0.0033701753709465001
CES0600000008,2011-08-31,-1.6509306078660302e-05,-0.0031899514142423001,-0.0031899514142423001,-1.6509322449564934e-05,0.0030543194152414001,0.0030543194152414001
CES0600000008,2011-09-30,-8.9716821094043553e-05,-0.0032788359094411,-0.0032788359094411,-8.9716806542128325e-05,0.0030108864884823001,0.0030108864884823001
CES0600000008,2011-10-31,0.00018141603504773229,-0.0030557794962077999,-0.0030557794962077999,0.00018141604959960001,0.0033209784887731002,0.0033209784887731002
CES0600000008,2011-11-30,7.0601119659841061e-05,-0.0031915439758448999,-0.0031915439758448999,7.0601119659841061e-05,0.0032254063989966999,0.0032254063989966999
CES0600000008,2011-12-31,0.00011509036994539201,-0.0031599374487996002,-0.0031599374487996002,0.0001150903408415,0.0032843234948813,0.0032843234948813
CES0600000008,2012-01-31,-4.3565069063333794e-07,-0.0032619857229291998,-0.0032619857229291998,-4.3562613427639008e-07,0.0031745382584631001,0.0031745382584631001
CES0600000008,2012-02-29,3.5884306271327659e-05,-0.0032524520065635,-0.0032524520065635,3.5884324461221695e-05,0.0032325496431439998,0.0032325496431439998
CES0600000008,2012-03-31,-5.5373493523802608e-07,-0.0033062363509088,-0.0033062363509088,-5.5372947826981544e-07,0.0031865411438047001,0.0031865411438047001
CES0600000008,2012-04-30,8.1219070125371218e-05,-0.0031934732105581998,-0.0031934732105581998,8.1219070125371218e-05,0.0032766649965195998,0.0032766649965195998
CES0600000008,2012-05-31,7.6970449299551547e-05,-0.0032080968376249001,-0.0032080968376249001,7.6970434747636318e-05,0.0032867204863577999,0.0032867204863577999
CES0600000008,2012-06-30,1.4249380910769105e-05,-0.0032735459972172,-0.0032735459972172,1.4249410014599562e-05,0.0032017803750932,0.0032017803750932
CES0600000008,2012-07-31,4.5125660108169541e-05,-0.0032398230396211,-0.0032398230396211,4.5125663746148348e-05,0.0032299552112817001,0.0032299552112817001
CES0600000008,2012-08-31,6.848857447039336e-05,-0.0033145043998955999,-0.0033145043998955999,6.8488589022308588e-05,0.0032963950652628998,0.0032963950652628998
CES0600000008,2012-09-30,5.2242725359974429e-05,-0.0033608984667807002,-0.0033608984667807002,5.2242714446038008e-05,0.0033048645127564001,0.0033048645127564001
CES0600000008,2012-10-31,1.743819666444324e-05,-0.0034010207746177001,-0.0034010207746177001,1.7438200302422047e-05,0.0032510424498468,0.0032510424498468
CES0600000008,2012-11-30,2.4926466721808538e-05,-0.0033430238254368002,-0.0033430238254368002,2.4926441255956888e-05,0.0032165956217794999,0.0032165956217794999
CES0600000008,2012-12-31,1.281735603697598e-05,-0.0033830606844275999,-0.0033830606844275999,1.2817326933145525e-05,0.0032343920320271999,0.0032343920320271999
CES0600000008,2013-01-31,-1.0862991075555328e-05,-0.0034549983683973,-0.0034549983683973,-1.0863004717975857e-05,0.0032385727390646002,0.0032385727390646002
CES1021000001,2011-02-28,0.004126435611397028,-0.0019175284542143,-0.0019175284542143,0.0041264356113970002,0.0096339583396910997,0.0096339583396910997
CES1021000001,2011-03-31,0.003765754634514451,-0.0033149588853120002,-0.0033149588853120002,0.0037657546345143999,0.0100192353129386,0.0100192353129386
CES1021000001,2011-04-30,0.0034692250192165375,-0.0044641839340328997,-0.0044641839340328997,0.0034692250192165002,0.0103094736114144,0.0103094736114144
CES1021000001,2011-05-31,0.0034995297901332378,-0.0050134505145250996,-0.0050134505145250996,0.0034995297901332001,0.0107667529955506,0.0107667529955506
CES1021000001,2011-06-30,0.0034663467667996883,-0.0056109130382537,-0.0056109130382537,0.0034663467667995999,0.011027721688151301,0.011027721688151301
CES1021000001,2011-07-31,0.0034794185776263475,-0.0059251282364130003,-0.0059251282364130003,0.0034794185776262998,0.011376451700925799,0.011376451700925799
CES1021000001,2011-08-31,0.0034264265559613705,-0.0062218364328145001,-0.0062218364328145001,0.0034264265559613002,0.0115742897614836,0.0115742897614836
CES1021000001,2011-09-30,0.0034833482932299376,-0.0064295209012925,-0.0064295209012925,0.0034833482932298998,0.0117650274187326,0.0117650274187326
CES1021000001,2011-10-31,0.0034309623297303915,-0.0068615055643022,-0.0068615055643022,0.0034309623297303,0.0117755122482776,0.0117755122482776
CES1021000001,2011-11-30,0.0036554159596562386,-0.0068004569038748004,-0.0068004569038748004,0.0036554159596562,0.012272669002413699,0.012272669002413699
CES1021000001,2011-12-31,0.0035725436173379421,-0.0070164646022020999,-0.0070164646022020999,0.0035725436173379001,0.012282264418900001,0.012282264418900001
CES1021000001,2012-01-31,0.0035447138361632824,-0.0071515133604406998,-0.0071515133604406998,0.0035447138361632,0.0122243529185652,0.0122243529185652
CES1021000001,2012-02-29,0.0033988456707447767,-0.0076431147754191997,-0.0076431147754191997,0.0033988456707447,0.0121565172448754,0.0121565172448754
CES1021000001,2012-03-31,0.0032767390366643667,-0.0077924281358717996,-0.0077924281358717996,0.0032767390366642999,0.0122579764574766,0.0122579764574766
CES1021000001,2012-04-30,0.0031199147924780846,-0.0081326123327015998,-0.0081326123327015998,0.003119914792478,0.012356843799352601,0.012356843799352601
CES1021000001,2012-05-31,0.0030252165161073208,-0.0082626352086663003,-0.0082626352086663003,0.0030252165161073,0.0123304342851042,0.0123304342851042
CES1021000001,2012-06-30,0.0027358271181583405,-0.0083850985392928002,-0.0083850985392928002,0.0027358270599506002,0.01208365149796,0.01208365149796
CES1021000001,2012-07-31,0.0025849754456430674,-0.0085888151079415997,-0.0085888151079415997,0.0025849754456430001,0.011848377063870401,0.011848377063870401
CES1021000001,2012-08-31,0.0023940729442983866,-0.0093607529997824998,-0.0093607529997824998,0.0023940728860907001,0.011979856528341701,0.011979856528341701
CES1021000001,2012-09-30,0.002308972179889679,-0.0095577184110878996,-0.0095577184110878996,0.0023089722380973,0.0119788944721221,0.0119788944721221
CES1021000001,2012-10-31,0.0022272586356848478,-0.0095928981900214993,-0.0095928981900214993,0.0022272585774771002,0.011912236921489201,0.011912236921489201
CES1021000001,2012-11-30,0.002032074611634016,-0.0095446053892374004,-0.0095446053892374004,0.0020320746552897001,0.011491803452372501,0.011491803452372501
CES1021000001,2012-12-31,0.0019768772181123495,-0.0097328135743736995,-0.0097328135743736995,0.0019768771890085,0.011574836447834899,0.011574836447834899
CES1021000001,2013-01-31,0.0020903162658214569,-0.0098931407555937004,-0.0098931407555937004,0.0020903163240291,0.012007760815322399,0.012007760815322399
CES2000000008,2011-02-28,-0.0017873598262667656,-0.0069400765933096001,-0.0069400765933096001,-0.0017873598262666999,0.0032399243209510998,0.0032399243209510998
CES2000000008,2011-03-31,0.00067961204331368208,-0.0048293792642652,-0.0048293792642652,0.00067961204331360001,0.0059883799403905001,0.0059883799403905001
CES2000000008,2011-04-30,0.0001863781944848597,-0.0055127404630184,-0.0055127404630184,0.00018637819448479999,0.0056732245720922002,0.0056732245720922002
CES2000000008,2011-05-31,0.00016567233251407743,-0.0056500006467103004,-0.0056500006467103004,0.0001656722743064,0.0057495436631142998,0.0057495436631142998
CES2000000008,2011-06-30,-0.00019565294496715069,-0.0061794598586856998,-0.0061794598586856998,-0.0001956529449671,0.0055512967519461996,0.0055512967519461996
CES2000000008,2011-07-31,0.00014047793229110539,-0.0059558553621172003,-0.0059558553621172003,0.00014047796139490001,0.0059999241493642001,0.0059999241493642001
CES2000000008,2011-08-31,0.00019781844457611442,-0.0059998161159455004,-0.0059998161159455004,0.0001978185027837,0.0061163534410297003,0.0061163534410297003
CES2000000008,2011-09-30,5.5129712563939393e-06,-0.0062366458587348001,-0.0062366458587348001,5.5129639804363251e-06,0.0060069700703023997,0.0060069700703023997
CES2000000008,2011-10-31,0.00023317761952057481,-0.0061807893216609001,-0.0061807893216609001,0.0002331776777282,0.0063771819695829998,0.0063771819695829998
CES2000000008,2011-11-30,0.00016447191592305899,-0.0062924069352446998,-0.0062924069352446998,0.00016447191592300001,0.0063470019958912997,0.0063470019958912997
CES2000000008,2011-12-31,0.00023066598805598915,-0.0062721353024243996,-0.0062721353024243996,0.00023066601715980001,0.0064601581543683997,0.0064601581543683997
CES2000000008,2012-01-31,2.2540047211805359e-05,-0.0064065186306834004,-0.0064065186306834004,2.2540101781487465e-05,0.0062228376045823002,0.0062228376045823002
CES2000000008,2012-02-29,9.8670730949379504e-05,-0.0064263488166033996,-0.0064263488166033996,9.8670716397464275e-05,0.0063877371139824,0.0063877371139824
CES2000000008,2012-03-31,0.00011148921475978568,-0.0064300410449504002,-0.0064300410449504002,0.0001114892074838,0.0064137307927012001,0.0064137307927012001
CES2000000008,2012-04-30,0.00012511544628068805,-0.0064264521934092001,-0.0064264521934092001,0.000125115388073,0.0064496095292270001,0.0064496095292270001
CES2000000008,2012-05-31,1.9061488274019212e-05,-0.0065226848237216004,-0.0065226848237216004,1.9061495549976822e-05,0.0063714771531521996,0.0063714771531521996
CES2000000008,2012-06-30,7.5793257565237582e-05,-0.0064513562247157001,-0.0064513562247157001,7.5793243013322353e-05,0.0063653276301919998,0.0063653276301919998
CES2000000008,2012-07-31,0.00011615292896749452,-0.0064061372540890997,-0.0064061372540890997,0.0001161529216915,0.0064211064018309004,0.0064211064018309004
CES2000000008,2012-08-31,7.942754018586129e-05,-0.0066167972981928998,-0.0066167972981928998,7.9427496530115604e-05,0.0065082316286861003,0.0065082316286861003
CES2000000008,2012-09-30,0.00010342765017412603,-0.0066360458731651003,-0.0066360458731651003,0.0001034276792779,0.0065522328950463997,0.0065522328950463997
CES2000000008,2012-10-31,0.00015737189096398652,-0.0066239158622920001,-0.0066239158622920001,0.0001573719200678,0.0066414228640496002,0.0066414228640496002
CES2000000008,2012-11-30,5.8214405726175755e-05,-0.0065311803482472003,-0.0065311803482472003,5.8214413002133369e-05,0.0063920021057128004,0.0063920021057128004
CES2000000008,2012-12-31,0.00010010434925789014,-0.0065297186374664003,-0.0065297186374664003,0.0001001043710857,0.0065060723572969003,0.0065060723572969003
CES2000000008,2013-01-31,7.7783370215911418e-05,-0.0066018868237733,-0.0066018868237733,7.7783362939953804e-05,0.0065530119463801002,0.0065530119463801002
CES3000000008,2011-02-28,-0.0030580849852412939,-0.0065944395028054003,-0.0065944395028054003,-0.0030580849852411998,0.00048924429574979998,0.00048924429574979998
CES3000000008,2011-03-31,0.00063531746855005622,-0.0030909015331417001,-0.0030909015331417001,0.0006353174831019,0.0043103992938994997,0.0043103992938994997
CES3000000008,2011-04-30,0.00053408241365104914,-0.0032667908817529002,-0.0032667908817529002,0.00053408239909909997,0.0043104332871735001,0.0043104332871735001
CES3000000008,2011-05-31,-0.0003456748672761023,-0.0042738383635877999,-0.0042738383635877999,-0.00034567486727609997,0.0034812942612916001,0.0034812942612916001
CES3000000008,2011-06-30,0.00038278091233223677,-0.0036285994574427002,-0.0036285994574427002,0.00038278091233220001,0.0043537835590540998,0.0043537835590540998
CES3000000008,2011-07-31,5.1145350880688056e-05,-0.0040895696729421,-0.0040895696729421,5.1145325414836407e-05,0.0040993113070725996,0.0040993113070725996
CES3000000008,2011-08-31,-3.6618672311306e-05,-0.0042335926555096999,-0.0042335926555096999,-3.6618672311306e-05,0.0040600043721496998,0.0040600043721496998
CES3000000008,2011-09-30,-0.00010408865637145936,-0.0043250732123851004,-0.0043250732123851004,-0.0001040886272676,0.0040653347969055002,0.0040653347969055002
CES3000000008,2011-10-31,0.00045507156755775213,-0.0038460341747850002,-0.0038460341747850002,0.00045507156755769998,0.0046343021094798998,0.0046343021094798998
CES3000000008,2011-11-30,0.00015085923951119184,-0.0041681849397717996,-0.0041681849397717996,0.00015085923951110001,0.0043383990414439999,0.0043383990414439999
CES3000000008,2011-12-31,0.0001025966412271373,-0.0042434120550751001,-0.0042434120550751001,0.000102596648503,0.0042730001732706998,0.0042730001732706998
CES3000000008,2012-01-31,0.00013591682363767177,-0.0041996627114713001,-0.0041996627114713001,0.0001359168090857,0.004316029138863,0.004316029138863
CES3000000008,2012-02-29,0.00024234007287304848,-0.0040925149805842997,-0.0040925149805842997,0.00024234008742489999,0.0044024889357388002,0.0044024889357388002
CES3000000008,2012-03-31,-5.4374293540604413e-05,-0.0044196834787726003,-0.0044196834787726003,-5.4374278988689184e-05,0.0041148755699396003,0.0041148755699396003
CES3000000008,2012-04-30,3.5566727092373185e-06,-0.0043703685514628002,-0.0043703685514628002,3.556662704795599e-06,0.0041919699870048999,0.0041919699870048999
CES3000000008,2012-05-31,0.00022275066294241697,-0.0041964789852498999,-0.0041964789852498999,0.0002227506483905,0.0044171242043374997,0.0044171242043374997
CES3000000008,2012-06-30,0.00014357779582496732,-0.0042913160286842996,-0.0042913160286842996,0.00014357781037679999,0.0043204915709793004,0.0043204915709793004
CES3000000008,2012-07-31,0.00012022124428767711,-0.0043188589625060003,-0.0043188589625060003,0.0001202212297357,0.0043333894573151996,0.0043333894573151996
CES3000000008,2012-08-31,0.00012108050577808172,-0.0044736601412296,-0.0044736601412296,0.0001210804912261,0.004449195228517,0.004449195228517
CES3000000008,2012-09-30,0.00012256808986421674,-0.0045563234016298996,-0.0045563234016298996,0.00012256810441609999,0.0044237445108591998,0.0044237445108591998
CES3000000008,2012-10-31,8.7768967205192894e-05,-0.0045969774946569997,-0.0045969774946569997,8.7768945377320051e-05,0.0043977200984954001,0.0043977200984954001
CES3000000008,2012-11-30,7.2427996201440692e-05,-0.0045205261558294001,-0.0045205261558294001,7.2428025305271149e-05,0.0043432251550256998,0.0043432251550256998
CES3000000008,2012-12-31,7.1186921559274197e-05,-0.0045449202880262999,-0.0045449202880262999,7.1186921559274197e-05,0.0043547940440475004,0.0043547940440475004
CES3000000008,2013-01-31,5.3492854931391776e-05,-0.0046123471111058998,-0.0046123471111058998,5.3492840379476547e-05,0.0043590073473750999,0.0043590073473750999
CLAIMSx,2011-02-28,-0.0054731178097426891,-0.051759555935859597,-0.051759555935859597,-0.0054731182754039001,0.046678204089403097,0.046678204089403097
CLAIMSx,2011-03-31,-0.005876240786164999,-0.0537084639072418,-0.0537084639072418,-0.0058762412518261996,0.048456247895955998,0.048456247895955998
CLAIMSx,2011-04-30,-0.0042320727370679379,-0.052782081067562103,-0.052782081067562103,-0.0042320732027292,0.051697071641683502,0.051697071641683502
CLAIMSx,2011-05-31,-0.0047879726625978947,-0.053304851055145201,-0.053304851055145201,-0.0047879721969366004,0.052138581871986299,0.052138581871986299
CLAIMSx,2011-06-30,-0.0056757619604468346,-0.054332885891199098,-0.054332885891199098,-0.0056757619604467999,0.051361870020627899,0.051361870020627899
CLAIMSx,2011-07-31,-0.0051416917704045773,-0.0537193976342678,-0.0537193976342678,-0.0051416922360658004,0.052456736564636203,0.052456736564636203
CLAIMSx,2011-08-31,-0.0043842829763889313,-0.052865583449602099,-0.052865583449602099,-0.0043842829763889,0.053612858057021998,0.053612858057021998
CLAIMSx,2011-09-30,-0.0052374172955751419,-0.054188817739486597,-0.054188817739486597,-0.0052374172955751003,0.052971709519624703,0.052971709519624703
CLAIMSx,2011-10-31,-0.0046774232760071754,-0.054190292954444802,-0.054190292954444802,-0.0046774232760071,0.053615100681781699,0.053615100681781699
CLAIMSx,2011-11-30,-0.0027170209214091301,-0.052613086998462601,-0.052613086998462601,-0.0027170209214091002,0.0560465008020401,0.0560465008020401
CLAIMSx,2011-12-31,-0.0026040459051728249,-0.0527387000620365,-0.0527387000620365,-0.0026040459051728001,0.056177128106355598,0.056177128106355598
CLAIMSx,2012-01-31,-0.0037494972348213196,-0.053522676229476901,-0.053522676229476901,-0.0037494972348213001,0.054988257586956003,0.054988257586956003
CLAIMSx,2012-02-29,-0.0030098874121904373,-0.052634917199611601,-0.052634917199611601,-0.0030098874121904,0.055635605007410001,0.055635605007410001
CLAIMSx,2012-03-31,-0.002229098929092288,-0.052305147051811197,-0.052305147051811197,-0.0022290991619229,0.056923069059848702,0.056923069059848702
CLAIMSx,2012-04-30,-0.0031333230435848236,-0.053559273481368998,-0.053559273481368998,-0.0031333230435848002,0.056106247007846798,0.056106247007846798
CLAIMSx,2012-05-31,-0.0022777726408094168,-0.052783697843551601,-0.052783697843551601,-0.0022777728736400001,0.057300880551338099,0.057300880551338099
CLAIMSx,2012-06-30,-0.00039108656346797943,-0.050938799977302503,-0.050938799977302503,-0.00039108656346790001,0.059228934347629499,0.059228934347629499
CLAIMSx,2012-07-31,-0.000889176269993186,-0.051100667566060999,-0.051100667566060999,-0.00088917650282380005,0.058470591902732801,0.058470591902732801
CLAIMSx,2012-08-31,-0.0025845360942184925,-0.053532510995864799,-0.053532510995864799,-0.0025845356285572,0.057685248553752899,0.057685248553752899
CLAIMSx,2012-09-30,-0.0027436008676886559,-0.053666148334741502,-0.053666148334741502,-0.0027436008676885999,0.057676088064908898,0.057676088064908898
CLAIMSx,2012-10-31,-0.0024296166375279427,-0.052999958395957898,-0.052999958395957898,-0.0024296166375279002,0.057595804333686801,0.057595804333686801
CLAIMSx,2012-11-30,-0.0029402896761894226,-0.0531653948128223,-0.0531653948128223,-0.0029402896761894001,0.056487862020730903,0.056487862020730903
CLAIMSx,2012-12-31,-0.0023218218702822924,-0.052492853254079798,-0.052492853254079798,-0.0023218216374516001,0.057501386851072298,0.057501386851072298
CLAIMSx,2013-01-31,-0.00038546056021004915,-0.050969596952199901,-0.050969596952199901,-0.0003854604437947,0.060151353478431702,0.060151353478431702
CLF16OV,2011-02-28,0.00097026757430285215,-0.0019295118981972001,-0.0019295118981972001,0.0009702675743028,0.0037869317457078998,0.0037869317457078998
CLF16OV,2011-03-31,4.8693153075873852e-05,-0.0029049552977085001,-0.0029049552977085001,4.8693153075873852e-05,0.0029144545551389,0.0029144545551389
CLF16OV,2011-04-30,-0.00047605845611542463,-0.0034806756302714001,-0.0034806756302714001,-0.00047605845611540002,0.0023963060230016001,0.0023963060230016001
CLF16OV,2011-05-31,0.0011593045201152563,-0.0018433564109727001,-0.0018433564109727001,0.0011593045201151999,0.0040590073913335002,0.0040590073913335002
CLF16OV,2011-06-30,0.00020062958355993032,-0.0028176521882413998,-0.0028176521882413998,0.00020062958355989999,0.0031213928014039,0.0031213928014039
CLF16OV,2011-07-31,-7.7242730185389519e-06,-0.0030410145409405002,-0.0030410145409405002,-7.7242730185389519e-06,0.0029135928489267002,0.0029135928489267002
CLF16OV,2011-08-31,0.00053335056873038411,-0.0025153588503599002,-0.0025153588503599002,0.00053335056873029998,0.0034818938001990002,0.0034818938001990002
CLF16OV,2011-09-30,0.00011193589307367802,-0.0029279133304952998,-0.0029279133304952998,0.00011193589307359999,0.0030598645098507001,0.0030598645098507001
CLF16OV,2011-10-31,-0.00018988701049238443,-0.0032546990551054001,-0.0032546990551054001,-0.0001898870104923,0.0027689083945006002,0.0027689083945006002
CLF16OV,2011-11-30,0.00014743208885192871,-0.0029179230332374,-0.0029179230332374,0.00014743208885190001,0.0031132237054406998,0.0031132237054406998
CLF16OV,2011-12-31,0.00015861913561820984,-0.0029159509576856999,-0.0029159509576856999,0.0001586191356182,0.0031326794996857001,0.0031326794996857001
CLF16OV,2012-01-31,3.0032824724912643e-05,-0.0030207182280718998,-0.0030207182280718998,3.0032824724912643e-05,0.0029743332415818999,0.0029743332415818999
CLF16OV,2012-02-29,0.00023486826103180647,-0.0028221658430993002,-0.0028221658430993002,0.00023486826103179999,0.0031690346077083999,0.0031690346077083999
CLF16OV,2012-03-31,0.00017716700676828623,-0.0028919423930345999,-0.0028919423930345999,0.00017716700676820001,0.0031590254511684001,0.0031590254511684001
CLF16OV,2012-04-30,0.00016306596808135509,-0.0028991978615521999,-0.0028991978615521999,0.00016306596808129999,0.0031445836648344,0.0031445836648344
CLF16OV,2012-05-31,0.0002160252770408988,-0.0028298450633882999,-0.0028298450633882999,0.0002160252770408,0.0032089152373373001,0.0032089152373373001
CLF16OV,2012-06-30,0.00025335256941616535,-0.0027898503467439998,-0.0027898503467439998,0.00025335256941609997,0.0032178470864892002,0.0032178470864892002
CLF16OV,2012-07-31,0.00016795401461422443,-0.0028816512785851001,-0.0028816512785851001,0.00016795401461420001,0.0031324792653321999,0.0031324792653321999
CLF16OV,2012-08-31,0.00016819324810057878,-0.0028994451276957,-0.0028994451276957,0.00016819324810049999,0.0031836107373236998,0.0031836107373236998
CLF16OV,2012-09-30,0.00023105274885892868,-0.0028284071013331001,-0.0028284071013331001,0.0002310527488589,0.0032459036447106998,0.0032459036447106998
CLF16OV,2012-10-31,0.00034120731288567185,-0.0027379975654183999,-0.0027379975654183999,0.00034120731288560003,0.0033427705056965,0.0033427705056965
CLF16OV,2012-11-30,0.00031890103127807379,-0.0027237953618167998,-0.0027237953618167998,0.00031890103127800001,0.0033010528422891998,0.0033010528422891998
CLF16OV,2012-12-31,0.00031920976471155882,-0.0027385079301893,-0.0027385079301893,0.0003192097647115,0.0032849046401679,0.0032849046401679
CLF16OV,2013-01-31,0.00032764521893113852,-0.0027629113756120001,-0.0027629113756120001,0.00032764521893110003,0.0032977107912302,0.0032977107912302
CMRMTSPLx,2011-02-28,0.0013735247775912285,-0.0090589942410588004,-0.0090589942410588004,0.0013735247775912001,0.0112977558746933,0.0112977558746933
CMRMTSPLx,2011-03-31,0.0043289633467793465,-0.0065845455974339996,-0.0065845455974339996,0.0043289633467792996,0.014585576020181099,0.014585576020181099
CMRMTSPLx,2011-04-30,0.0037151495926082134,-0.0074309576302766002,-0.0074309576302766002,0.0037151497090235001,0.014136825688183301,0.014136825688183301
CMRMTSPLx,2011-05-31,0.0025150375440716743,-0.0087771723046897992,-0.0087771723046897992,0.0025150376604868999,0.0129968645051121,0.0129968645051121
CMRMTSPLx,2011-06-30,0.0027532542590051889,-0.0085863871499895997,-0.0085863871499895997,0.0027532542590051,0.013291917741298599,0.013291917741298599
CMRMTSPLx,2011-07-31,0.0028466931544244289,-0.0086102820932865004,-0.0086102820932865004,0.0028466930380091002,0.013485829345881901,0.013485829345881901
CMRMTSPLx,2011-08-31,0.0024646036326885223,-0.0091295912861824001,-0.0091295912861824001,0.0024646036326884998,0.0131741957738995,0.0131741957738995
CMRMTSPLx,2011-09-30,0.0028048437088727951,-0.0088280253112315993,-0.0088280253112315993,0.0028048437088727001,0.0136258639395236,0.0136258639395236
CMRMTSPLx,2011-10-31,0.0025657720398157835,-0.0091913696378468999,-0.0091913696378468999,0.0025657720398156998,0.0134522849693894,0.0134522849693894
CMRMTSPLx,2011-11-30,0.0025872155092656612,-0.0092133171856403004,-0.0092133171856403004,0.0025872155092656001,0.013560514897108,0.013560514897108
CMRMTSPLx,2011-12-31,0.0025646728463470936,-0.0093084964901207993,-0.0093084964901207993,0.0025646729627623998,0.013591165654361199,0.013591165654361199
CMRMTSPLx,2012-01-31,0.0025744435843080282,-0.0093392319977282992,-0.0093392319977282992,0.0025744434678926999,0.013516562059521601,0.013516562059521601
CMRMTSPLx,2012-02-29,0.0026899594813585281,-0.0091655626893042998,-0.0091655626893042998,0.0026899594813584999,0.0136185837909579,0.0136185837909579
CMRMTSPLx,2012-03-31,0.0025859451852738857,-0.0094103505834936992,-0.0094103505834936992,0.0025859450688585001,0.0137060694396495,0.0137060694396495
CMRMTSPLx,2012-04-30,0.0025620819069445133,-0.0094255190342664007,-0.0094255190342664007,0.0025620817905291,0.0136446971446275,0.0136446971446275
CMRMTSPLx,2012-05-31,0.0025235146749764681,-0.0094950012862681996,-0.0094950012862681996,0.0025235146749764,0.0135922785848379,0.0135922785848379
CMRMTSPLx,2012-06-30,0.0027319302316755056,-0.0091811046004295002,-0.0091811046004295002,0.0027319303480908001,0.013785568065941301,0.013785568065941301
CMRMTSPLx,2012-07-31,0.0024775143247097731,-0.0094517413526773002,-0.0094517413526773002,0.0024775143247097002,0.0134481405839324,0.0134481405839324
CMRMTSPLx,2012-08-31,0.002485412172973156,-0.0096954656764864002,-0.0096954656764864002,0.0024854121729731,0.0136377476155757,0.0136377476155757
CMRMTSPLx,2012-09-30,0.0024626892991364002,-0.0097697889432311006,-0.0097697889432311006,0.0024626891827209999,0.0135895358398556,0.0135895358398556
CMRMTSPLx,2012-10-31,0.0023717125877737999,-0.0098767178133130004,-0.0098767178133130004,0.0023717125877737999,0.0134635614231228,0.0134635614231228
CMRMTSPLx,2012-11-30,0.0024224487133324146,-0.0096692107617855003,-0.0096692107617855003,0.0024224487133323999,0.013259210623800701,0.013259210623800701
CMRMTSPLx,2012-12-31,0.0025031482800841331,-0.0095943240448831991,-0.0095943240448831991,0.0025031482800841002,0.013348836451768801,0.013348836451768801
CMRMTSPLx,2013-01-31,0.0023485173005610704,-0.0098198307678102996,-0.0098198307678102996,0.0023485173005610002,0.0133275547996163,0.0133275547996163
COMPAPFFx,2011-02-28,0.090814322233200073,0.027548892423510499,0.027548892423510499,0.090814322233200004,0.163460373878479,0.163460373878479
COMPAPFFx,2011-03-31,0.10945305228233337,0.046966806054115198,0.046966806054115198,0.1094530522823333,0.1873900443315506,0.1873900443315506
COMPAPFFx,2011-04-30,0.12062199413776398,0.057192057371139499,0.057192057371139499,0.12062199413776389,0.2041880190372467,0.2041880190372467
COMPAPFFx,2011-05-31,0.12675733864307404,0.0563931688666343,0.0563931688666343,0.12675733864307401,0.2161032110452652,0.2161032110452652
COMPAPFFx,2011-06-30,0.11246349662542343,0.038698464632034302,0.038698464632034302,0.1124634966254234,0.2076197415590286,0.2076197415590286
COMPAPFFx,2011-07-31,0.10254720598459244,0.0332071259617805,0.0332071259617805,0.1025472059845924,0.20136274397373199,0.20136274397373199
COMPAPFFx,2011-08-31,0.088712327182292938,0.0150662437081336,0.0150662437081336,0.088712327182292897,0.18750892579555509,0.18750892579555509
COMPAPFFx,2011-09-30,0.085545621812343597,0.0095699317753314,0.0095699317753314,0.085545621812343597,0.18896105885505671,0.18896105885505671
COMPAPFFx,2011-10-31,0.10107650607824326,0.0296297166496515,0.0296297166496515,0.1010765060782432,0.20342104136943809,0.20342104136943809
COMPAPFFx,2011-11-30,0.10967773199081421,0.035686820745468098,0.035686820745468098,0.1096777319908142,0.21186302602291099,0.21186302602291099
COMPAPFFx,2011-12-31,0.099600635468959808,0.025568511337041799,0.025568511337041799,0.099600635468959794,0.19408127665519709,0.19408127665519709
COMPAPFFx,2012-01-31,0.074752040207386017,-0.0019532358273862999,-0.0019532358273862999,0.074752040207386003,0.16980813443660731,0.16980813443660731
COMPAPFFx,2012-02-29,0.042013637721538544,-0.031897380948066698,-0.031897380948066698,0.042013637721538502,0.1259712427854538,0.1259712427854538
COMPAPFFx,2012-03-31,0.03383905440568924,-0.0376578643918037,-0.0376578643918037,0.033839054405689198,0.1168419122695922,0.1168419122695922
COMPAPFFx,2012-04-30,0.027415592223405838,-0.043120801448822001,-0.043120801448822001,0.0274155922234058,0.10270028561353679,0.10270028561353679
COMPAPFFx,2012-05-31,0.031784117221832275,-0.038925357162952402,-0.038925357162952402,0.031784117221832199,0.1094351038336753,0.1094351038336753
COMPAPFFx,2012-06-30,0.026192644611001015,-0.043956488370895302,-0.043956488370895302,0.026192644611001001,0.1045309752225875,0.1045309752225875
COMPAPFFx,2012-07-31,0.035873137414455414,-0.027783388271927799,-0.027783388271927799,0.0358731374144554,0.1156237423419952,0.1156237423419952
COMPAPFFx,2012-08-31,0.043988361954689026,-0.026976538822054801,-0.026976538822054801,0.043988361954688998,0.11953114718198769,0.11953114718198769
COMPAPFFx,2012-09-30,0.051409997045993805,-0.022643567994236901,-0.022643567994236901,0.051409997045993798,0.1236435547471046,0.1236435547471046
COMPAPFFx,2012-10-31,0.071030616760253906,0.00041767489165060002,0.00041767489165060002,0.071030616760253906,0.1426734179258346,0.1426734179258346
COMPAPFFx,2012-11-30,0.078080944716930389,0.0050461268983780999,0.0050461268983780999,0.078080944716930306,0.15414823591709129,0.15414823591709129
COMPAPFFx,2012-12-31,0.07954174280166626,0.00024564843624830002,0.00024564843624830002,0.079541742801666204,0.1534633189439773,0.1534633189439773
COMPAPFFx,2013-01-31,0.066234365105628967,-0.0066225230693817,-0.0066225230693817,0.066234365105628898,0.1447152644395828,0.1447152644395828
CONSPI,2011-02-28,-0.18344047665596008,-0.88621217012405396,-0.88621217012405396,-0.18344047665596,0.62272423505783081,0.62272423505783081
CONSPI,2011-03-31,-0.12243522703647614,-0.88248604536056519,-0.88248604536056519,-0.12243522703647609,0.76306432485580444,0.76306432485580444
CONSPI,2011-04-30,-0.091746017336845398,-0.88540709018707275,-0.88540709018707275,-0.091746017336845398,0.83812016248703003,0.83812016248703003
CONSPI,2011-05-31,-0.061899084597826004,-0.87232178449630737,-0.87232178449630737,-0.061899080872535699,0.87594354152679443,0.87594354152679443
CONSPI,2011-06-30,-0.055404461920261383,-0.86629581451416016,-0.86629581451416016,-0.055404454469680703,0.90314161777496338,0.90314161777496338
CONSPI,2011-07-31,-0.059596527367830276,-0.87093108892440796,-0.87093108892440796,-0.059596523642539902,0.90754121541976918,0.90754121541976918
CONSPI,2011-08-31,-0.083783715963363647,-0.90419852733612061,-0.90419852733612061,-0.083783715963363606,0.87576490640640259,0.87576490640640259
CONSPI,2011-09-30,-0.060188371688127518,-0.89637434482574463,-0.89637434482574463,-0.060188367962837198,0.88681662082672119,0.88681662082672119
CONSPI,2011-10-31,0.0014434438198804855,-0.84178000688552856,-0.84178000688552856,0.0014434456825256001,0.96820169687271118,0.96820169687271118
CONSPI,2011-11-30,0.0033765863627195358,-0.84621405601501465,-0.84621405601501465,0.0033765882253646001,0.97792017459869385,0.97792017459869385
CONSPI,2011-12-31,-0.025066008791327477,-0.89852344989776611,-0.89852344989776611,-0.025066003203392001,0.95729655027389515,0.95729655027389515
CONSPI,2012-01-31,-0.037325233221054077,-0.91449904441833496,-0.91449904441833496,-0.037325233221054001,0.94892108440399159,0.94892108440399159
CONSPI,2012-02-29,-0.016275934875011444,-0.89549756050109863,-0.89549756050109863,-0.016275942325591999,0.99392127990722656,0.99392127990722656
CONSPI,2012-03-31,-0.013166055083274841,-0.90125823020935059,-0.90125823020935059,-0.0131660550832748,1.0111452341079712,1.0111452341079712
CONSPI,2012-04-30,-0.0099976537749171257,-0.91413056850433361,-0.91413056850433361,-0.0099976509809494001,1.0275264978408811,1.0275264978408811
CONSPI,2012-05-31,0.016957204788923264,-0.8906131386756897,-0.8906131386756897,0.0169572085142135,1.0643028020858765,1.0643028020858765
CONSPI,2012-06-30,0.038515087217092514,-0.88234752416610718,-0.88234752416610718,0.038515090942382799,1.0941430330276489,1.0941430330276489
CONSPI,2012-07-31,0.042063374072313309,-0.87670564651489258,-0.87670564651489258,0.042063370347023003,1.1006913185119629,1.1006913185119629
CONSPI,2012-08-31,0.013014614582061768,-0.92203712463378917,-0.92203712463378917,0.0130146145820617,1.0980085134506226,1.0980085134506226
CONSPI,2012-09-30,0.0098287574946880341,-0.9166126847267152,-0.9166126847267152,0.0098287612199782996,1.0948879718780518,1.0948879718780518
CONSPI,2012-10-31,0.00078345462679862976,-0.92101842164993275,-0.92101842164993275,0.00078345835208890003,1.0686609745025637,1.0686609745025637
CONSPI,2012-11-30,0.0090429354459047318,-0.89877539873123169,-0.89877539873123169,0.0090429335832594993,1.0718737840652466,1.0718737840652466
CONSPI,2012-12-31,0.016845367848873138,-0.89381474256515503,-0.89381474256515503,0.0168453603982925,1.0771007537841797,1.0771007537841797
CONSPI,2013-01-31,0.015701252967119217,-0.91287720203399658,-0.91287720203399658,0.015701249241828901,1.0934907197952271,1.0934907197952271
CP3Mx,2011-02-28,0.0013255039229989052,-0.14219407737255091,-0.14219407737255091,0.0013255048543214,0.10937976092100141,0.10937976092100141
CP3Mx,2011-03-31,0.0077476110309362411,-0.14648118615150449,-0.14648118615150449,0.0077476100996135997,0.12143849581480019,0.12143849581480019
CP3Mx,2011-04-30,0.016924642026424408,-0.14418925344944,-0.14418925344944,0.016924641095101799,0.13289736211299891,0.13289736211299891
CP3Mx,2011-05-31,0.0082747526466846466,-0.1571033895015716,-0.1571033895015716,0.0082747526466845998,0.1215185448527336,0.1215185448527336
CP3Mx,2011-06-30,0.012903319671750069,-0.1567952334880828,-0.1567952334880828,0.0129033187404274,0.1364472806453704,0.1364472806453704
CP3Mx,2011-07-31,0.0054359249770641327,-0.16767591238021851,-0.16767591238021851,0.0054359249770640997,0.13075235486030579,0.13075235486030579
CP3Mx,2011-08-31,0.0039786295965313911,-0.1750101894140243,-0.1750101894140243,0.0039786305278538998,0.12589491903781891,0.12589491903781891
CP3Mx,2011-09-30,-0.0028689829632639885,-0.1871960312128067,-0.1871960312128067,-0.0028689820319414,0.1258505433797836,0.1258505433797836
CP3Mx,2011-10-31,0.0045824386179447174,-0.18450067937374109,-0.18450067937374109,0.0045824386179447001,0.136389285326004,0.136389285326004
CP3Mx,2011-11-30,-0.0060857515782117844,-0.20198898017406461,-0.20198898017406461,-0.0060857515782117002,0.13118830323219299,0.13118830323219299
CP3Mx,2011-12-31,4.5486725866794586e-05,-0.19842670857906339,-0.19842670857906339,4.5485794544219971e-05,0.1429202258586883,0.1429202258586883
CP3Mx,2012-01-31,-0.017504708841443062,-0.2223370224237442,-0.2223370224237442,-0.017504706978797899,0.128758504986763,0.128758504986763
CP3Mx,2012-02-29,-0.0059522674418985844,-0.2156576514244079,-0.2156576514244079,-0.0059522669762371999,0.14995831251144409,0.14995831251144409
CP3Mx,2012-03-31,-0.0024361396208405495,-0.2102805078029632,-0.2102805078029632,-0.0024361386895178998,0.15013997256755829,0.15013997256755829
CP3Mx,2012-04-30,0.006829211488366127,-0.20684283971786499,-0.20684283971786499,0.0068292114883661001,0.1652643531560897,0.1652643531560897
CP3Mx,2012-05-31,0.00013859383761882782,-0.218328982591629,-0.218328982591629,0.00013859570026389999,0.164430022239685,0.164430022239685
CP3Mx,2012-06-30,0.010325515642762184,-0.2068025320768356,-0.2068025320768356,0.010325513780117,0.17350961267948151,0.17350961267948151
CP3Mx,2012-07-31,0.0010565789416432381,-0.21551123261451721,-0.21551123261451721,0.0010565780103205999,0.163631185889244,0.163631185889244
CP3Mx,2012-08-31,0.0014451127499341965,-0.22884847223758689,-0.22884847223758689,0.0014451146125792999,0.18082901835441589,0.18082901835441589
CP3Mx,2012-09-30,-0.0072350483387708664,-0.2418687492609024,-0.2418687492609024,-0.0072350483387707996,0.173950120806694,0.173950120806694
CP3Mx,2012-10-31,0.0008924948051571846,-0.23110480606555939,-0.23110480606555939,0.00089249387383460001,0.18160492181777951,0.18160492181777951
CP3Mx,2012-11-30,-0.0099438605830073357,-0.24352368712425229,-0.24352368712425229,-0.0099438615143298999,0.16514594852924341,0.16514594852924341
CP3Mx,2012-12-31,-0.002134246751666069,-0.2396403700113296,-0.2396403700113296,-0.0021342486143112,0.17306804656982419,0.17306804656982419
CP3Mx,2013-01-31,-0.018800858408212662,-0.26925554871559138,-0.26925554871559138,-0.018800858408212599,0.1685081422328949,0.1685081422328949
CPIAPPSL,2011-02-28,-0.0020446036942303181,-0.0079368650913238005,-0.0079368650913238005,-0.0020446036942302999,0.0037774993106721999,0.0037774993106721999
CPIAPPSL,2011-03-31,0.00039014968206174672,-0.0057884710840880003,-0.0057884710840880003,0.0003901496529579,0.0064589409157633001,0.0064589409157633001
CPIAPPSL,2011-04-30,-4.6566263335989788e-05,-0.0064306342974304997,-0.0064306342974304997,-4.6566245146095753e-05,0.0061580711044370998,0.0061580711044370998
CPIAPPSL,2011-05-31,0.00044372942647896707,-0.0060869939625262997,-0.0060869939625262997,0.0004437294555827,0.0067304512485860998,0.0067304512485860998
CPIAPPSL,2011-06-30,0.00026782081113196909,-0.0063732652924953998,-0.0063732652924953998,0.00026782078202809999,0.0066972668282686996,0.0066972668282686996
CPIAPPSL,2011-07-31,0.00036989993532188237,-0.0063635888509451996,-0.0063635888509451996,0.00036989990621799998,0.0068513532169163002,0.0068513532169163002
CPIAPPSL,2011-08-31,0.00034184419200755656,-0.0064912610687315004,-0.0064912610687315004,0.00034184416290370003,0.0069469059817491999,0.0069469059817491999
CPIAPPSL,2011-09-30,0.00010029738768935204,-0.0067110061645506997,-0.0067110061645506997,0.00010029738768929999,0.0067680007778107999,0.0067680007778107999
CPIAPPSL,2011-10-31,0.00032857101177796721,-0.0066067841835319996,-0.0066067841835319996,0.00032857106998559999,0.0070911450311541002,0.0070911450311541002
CPIAPPSL,2011-11-30,0.00028825105982832611,-0.0066905082203447003,-0.0066905082203447003,0.00028825108893210002,0.0070628910325466997,0.0070628910325466997
CPIAPPSL,2011-12-31,0.0003826710453722626,-0.0066515039652585003,-0.0066515039652585003,0.00038267101626839999,0.0071523897349834,0.0071523897349834
CPIAPPSL,2012-01-31,0.00013579819642473012,-0.0068019521422684002,-0.0068019521422684002,0.00013579824008039999,0.0068675852380691996,0.0068675852380691996
CPIAPPSL,2012-02-29,0.00025948751135729253,-0.0066824946552515004,-0.0066824946552515004,0.0002594875404611,0.0070203375071286999,0.0070203375071286999
CPIAPPSL,2012-03-31,0.00017428204591851681,-0.0068621300160883998,-0.0068621300160883998,0.00017428200226270001,0.0070084384642541001,0.0070084384642541001
CPIAPPSL,2012-04-30,0.00021598418243229389,-0.0068611791357397998,-0.0068611791357397998,0.0002159841824322,0.0070716086775064,0.0070716086775064
CPIAPPSL,2012-05-31,3.8294892874546349e-05,-0.0070652132853864999,-0.0070652132853864999,3.8294936530292034e-05,0.0068940306082367004,0.0068940306082367004
CPIAPPSL,2012-06-30,0.00019896007142961025,-0.0068874065764247998,-0.0068874065764247998,0.00019896007142960001,0.0070496085099874999,0.0070496085099874999
CPIAPPSL,2012-07-31,0.00017398210184182972,-0.0069292951375245996,-0.0069292951375245996,0.00017398211639370001,0.0070197195746004,0.0070197195746004
CPIAPPSL,2012-08-31,0.00024835398653522134,-0.0069806799292564002,-0.0069806799292564002,0.00024835392832749998,0.0071952296420931001,0.0071952296420931001
CPIAPPSL,2012-09-30,0.0002449151361361146,-0.0070006656460464001,-0.0070006656460464001,0.00024491513613610001,0.0071563734672963003,0.0071563734672963003
CPIAPPSL,2012-10-31,0.00029554858338087797,-0.0070109278894960004,-0.0070109278894960004,0.00029554858338080002,0.0072189867496490001,0.0072189867496490001
CPIAPPSL,2012-11-30,0.00019247697491664439,-0.0069829416461288001,-0.0069829416461288001,0.00019247701857230001,0.0070255696773529001,0.0070255696773529001
CPIAPPSL,2012-12-31,0.00013295481039676815,-0.0070597566664218001,-0.0070597566664218001,0.00013295479584479999,0.0069965790025888997,0.0069965790025888997
CPIAPPSL,2013-01-31,0.00015653517039027065,-0.0070802220143377,-0.0070802220143377,0.00015653518494210001,0.0070404750294982997,0.0070404750294982997
CPIAUCSL,2011-02-28,0.0026428897399455309,-3.4221913665533066e-05,-3.4221913665533066e-05,0.0026428897399455001,0.0052310759201645001,0.0052310759201645001
CPIAUCSL,2011-03-31,0.0023485054261982441,-0.00053905486129219996,-0.00053905486129219996,0.0023485054261981999,0.0052017951384185999,0.0052017951384185999
CPIAUCSL,2011-04-30,0.0023301115725189447,-0.00067984242923549995,-0.00067984242923549995,0.0023301115725189001,0.0053903851658105,0.0053903851658105
CPIAUCSL,2011-05-31,0.0023923106491565704,-0.00064878514967849998,-0.00064878514967849998,0.0023923106491565002,0.0055853850208221999,0.0055853850208221999
CPIAUCSL,2011-06-30,0.0024283062666654587,-0.00066834152676159997,-0.00066834152676159997,0.0024283062666654001,0.0057446546852588003,0.0057446546852588003
CPIAUCSL,2011-07-31,0.0023602573201060295,-0.00078159640543160004,-0.00078159640543160004,0.002360257320106,0.0057774223387240999,0.0057774223387240999
CPIAUCSL,2011-08-31,0.0022836867719888687,-0.00086393370293080004,-0.00086393370293080004,0.0022836867719888002,0.0057723792269824999,0.0057723792269824999
CPIAUCSL,2011-09-30,0.0023096366785466671,-0.00087629049085079995,-0.00087629049085079995,0.0023096366785465999,0.0058128694072364998,0.0058128694072364998
CPIAUCSL,2011-10-31,0.0023494139313697815,-0.00078488676808770004,-0.00078488676808770004,0.0023494139313697,0.0058713988400995003,0.0058713988400995003
CPIAUCSL,2011-11-30,0.0023863133974373341,-0.0007414624560624,-0.0007414624560624,0.0023863133974372998,0.0059034842997789001,0.0059034842997789001
CPIAUCSL,2011-12-31,0.0024472111836075783,-0.00070024956949050002,-0.00070024956949050002,0.0024472111836075002,0.0060357162728905001,0.0060357162728905001
CPIAUCSL,2012-01-31,0.0024904585443437099,-0.0006370551418513,-0.0006370551418513,0.0024904585443437,0.0061034271493554003,0.0061034271493554003
CPIAUCSL,2012-02-29,0.0024892832152545452,-0.00059837359003720001,-0.00059837359003720001,0.0024892832152545001,0.0061103273183107003,0.0061103273183107003
CPIAUCSL,2012-03-31,0.0024797692894935608,-0.00068678357638410001,-0.00068678357638410001,0.0024797692894935001,0.0060461554676293997,0.0060461554676293997
CPIAUCSL,2012-04-30,0.0024995629210025072,-0.00064841913990669995,-0.00064841913990669995,0.0024995629210024998,0.0061398982070386002,0.0061398982070386002
CPIAUCSL,2012-05-31,0.0025125346146523952,-0.00062344572506839999,-0.00062344572506839999,0.0025125346146522998,0.0061287810094653996,0.0061287810094653996
CPIAUCSL,2012-06-30,0.002485345583409071,-0.00069453264586620002,-0.00069453264586620002,0.0024853455834089998,0.0061667952686547999,0.0061667952686547999
CPIAUCSL,2012-07-31,0.0024931048974394798,-0.00062551186420020004,-0.00062551186420020004,0.0024931048974394,0.0061894725076854003,0.0061894725076854003
CPIAUCSL,2012-08-31,0.0025471241679042578,-0.00065318006090810002,-0.00065318006090810002,0.0025471241679042001,0.0063893012702464997,0.0063893012702464997
CPIAUCSL,2012-09-30,0.0026694382540881634,-0.00050648790784180002,-0.00050648790784180002,0.0026694382540881001,0.0065282471477985,0.0065282471477985
CPIAUCSL,2012-10-31,0.0026063192635774612,-0.00056095211766659997,-0.00056095211766659997,0.0026063192635774001,0.0064449189230798998,0.0064449189230798998
CPIAUCSL,2012-11-30,0.0025547398254275322,-0.00056403898634009998,-0.00056403898634009998,0.0025547398254275001,0.0063571874052286001,0.0063571874052286001
CPIAUCSL,2012-12-31,0.0025583142414689064,-0.00058510084636499997,-0.00058510084636499997,0.0025583142414688999,0.0063330754637718001,0.0063330754637718001
CPIAUCSL,2013-01-31,0.0025196196511387825,-0.00061041372828179996,-0.00061041372828179996,0.0025196196511387001,0.0062554101459680999,0.0062554101459680999
CPIMEDSL,2011-02-28,0.0006526732468046248,-0.0013040930498391,-0.0013040930498391,0.00065267324680459997,0.002627590438351,0.002627590438351
CPIMEDSL,2011-03-31,-0.00049929629312828183,-0.0025385881308466001,-0.0025385881308466001,-0.00049929629312819997,0.0015749561134725,0.0015749561134725
CPIMEDSL,2011-04-30,-0.00017625908367335796,-0.0022666177246719,-0.0022666177246719,-0.00017625908367330001,0.0019571296870708002,0.0019571296870708002
CPIMEDSL,2011-05-31,-1.9665767467813566e-05,-0.0021544983610510002,-0.0021544983610510002,-1.9665778381749988e-05,0.0021780149545520002,0.0021780149545520002
CPIMEDSL,2011-06-30,0.00027837860397994518,-0.0019090914865954999,-0.0019090914865954999,0.00027837860397990003,0.0025392817333339999,0.0025392817333339999
CPIMEDSL,2011-07-31,-0.00034374982351437211,-0.0025660684332250998,-0.0025660684332250998,-0.00034374982351430001,0.0019607683643697998,0.0019607683643697998
CPIMEDSL,2011-08-31,-6.2427570810541511e-05,-0.0023210528306663002,-0.0023210528306663002,-6.2427570810541511e-05,0.0022549028508364998,0.0022549028508364998
CPIMEDSL,2011-09-30,5.3865347581449896e-05,-0.0022375246044248,-0.0022375246044248,5.3865340305492282e-05,0.0024152256082742999,0.0024152256082742999
CPIMEDSL,2011-10-31,-0.00019922024512197822,-0.0025139518547802999,-0.0025139518547802999,-0.00019922025967379999,0.0021814128849654999,0.0021814128849654999
CPIMEDSL,2011-11-30,0.00010088877024827525,-0.0022150119766591999,-0.0022150119766591999,0.0001008887775242,0.0025112386792898,0.0025112386792898
CPIMEDSL,2011-12-31,-7.7346448961179703e-05,-0.0024096341803669001,-0.0024096341803669001,-7.7346456237137318e-05,0.0023330715484916999,0.0023330715484916999
CPIMEDSL,2012-01-31,7.1185473643708974e-05,-0.0022624968551099001,-0.0022624968551099001,7.118546636775136e-05,0.0024867265019565001,0.0024867265019565001
CPIMEDSL,2012-02-29,2.9279685804795008e-06,-0.0023122674319893,-0.0023122674319893,2.9279617592692375e-06,0.0023835320025681998,0.0023835320025681998
CPIMEDSL,2012-03-31,-2.938493707915768e-05,-0.0023419461213052,-0.0023419461213052,-2.9384944355115294e-05,0.0023611579090355998,0.0023611579090355998
CPIMEDSL,2012-04-30,-6.0328700783429667e-05,-0.0024109056685119,-0.0024109056685119,-6.0328689869493246e-05,0.0023593571968375999,0.0023593571968375999
CPIMEDSL,2012-05-31,-3.5651952202897519e-05,-0.0024056844413280001,-0.0024056844413280001,-3.5651959478855133e-05,0.0023902719840406999,0.0023902719840406999
CPIMEDSL,2012-06-30,-3.5239394492236897e-05,-0.0024080991279333002,-0.0024080991279333002,-3.5239383578300476e-05,0.0023749975953251002,0.0023749975953251002
CPIMEDSL,2012-07-31,-6.5855827415362e-05,-0.0024280950892716,-0.0024280950892716,-6.5855827415362e-05,0.0023629674687980998,0.0023629674687980998
CPIMEDSL,2012-08-31,-0.00011733947030734271,-0.0025426102802156999,-0.0025426102802156999,-0.0001173394848592,0.0023939774837344,0.0023939774837344
CPIMEDSL,2012-09-30,-2.4639764887979254e-05,-0.0024739925283938,-0.0024739925283938,-2.4639768525958061e-05,0.0024869630578905001,0.0024869630578905001
CPIMEDSL,2012-10-31,-4.6319284592755139e-05,-0.0024989019148051001,-0.0024989019148051001,-4.6319270040839911e-05,0.0024920576252043,0.0024920576252043
CPIMEDSL,2012-11-30,-5.3969892178429291e-05,-0.0024831409100442999,-0.0024831409100442999,-5.3969881264492869e-05,0.0024556221906095002,0.0024556221906095002
CPIMEDSL,2012-12-31,-7.5108313467353582e-05,-0.0025249770842491999,-0.0025249770842491999,-7.5108313467353582e-05,0.0024396674707531001,0.0024396674707531001
CPIMEDSL,2013-01-31,-7.5596857641357929e-05,-0.0025420803576706999,-0.0025420803576706999,-7.5596850365400314e-05,0.0024410644546151001,0.0024410644546151001
CPITRNSL,2011-02-28,0.0015151785919442773,-0.014729756861925101,-0.014729756861925101,0.0015151785919442001,0.017283113673329301,0.017283113673329301
CPITRNSL,2011-03-31,0.0023669840302318335,-0.014673177152872001,-0.014673177152872001,0.0023669841466471002,0.018876262009143802,0.018876262009143802
CPITRNSL,2011-04-30,0.0025395958218723536,-0.0148403700441122,-0.0148403700441122,0.0025395957054570001,0.019500089809298501,0.019500089809298501
CPITRNSL,2011-05-31,0.00039002127596177161,-0.017240028828382398,-0.017240028828382398,0.00039002136327319999,0.017704848200082699,0.017704848200082699
CPITRNSL,2011-06-30,0.00055117113515734673,-0.017203154042363101,-0.017203154042363101,0.0005511711351573,0.018093409016728401,0.018093409016728401
CPITRNSL,2011-07-31,-0.00015618873294442892,-0.0179855804890394,-0.0179855804890394,-0.00015618861652909999,0.017623340710997502,0.017623340710997502
CPITRNSL,2011-08-31,-0.00071073207072913647,-0.018856992945075,-0.018856992945075,-0.00071073207072910004,0.017367288470268201,0.017367288470268201
CPITRNSL,2011-09-30,-5.395228072302416e-05,-0.018379136919975201,-0.018379136919975201,-5.3952215239405632e-05,0.0182172264903783,0.0182172264903783
CPITRNSL,2011-10-31,0.00035275719710625708,-0.017977412790060002,-0.017977412790060002,0.00035275728441769999,0.0185836255550384,0.0185836255550384
CPITRNSL,2011-11-30,0.00030704858363606036,-0.0179118085652589,-0.0179118085652589,0.00030704867094750001,0.018567111343145301,0.018567111343145301
CPITRNSL,2011-12-31,-0.00013904290972277522,-0.018470467999577501,-0.018470467999577501,-0.0001390429679304,0.017964631319046,0.017964631319046
CPITRNSL,2012-01-31,7.9252080467995256e-05,-0.0182928144931793,-0.0182928144931793,7.9252058640122414e-05,0.018324701115488999,0.018324701115488999
CPITRNSL,2012-02-29,2.0710918761324137e-05,-0.018148818984627699,-0.018148818984627699,2.0710984244942665e-05,0.0179951153695583,0.0179951153695583
CPITRNSL,2012-03-31,0.00045864679850637913,-0.017706071957945799,-0.017706071957945799,0.00045864679850629998,0.018654804676771101,0.018654804676771101
CPITRNSL,2012-04-30,0.000197101995581761,-0.018135190010070801,-0.018135190010070801,0.00019710208289320001,0.0184528194367885,0.0184528194367885
CPITRNSL,2012-05-31,0.00056305847829207778,-0.017452070489525701,-0.017452070489525701,0.00056305853649969999,0.0186773035675287,0.0186773035675287
CPITRNSL,2012-06-30,0.00042916112579405308,-0.0176131296902894,-0.0176131296902894,0.00042916112579400001,0.018649173900485001,0.018649173900485001
CPITRNSL,2012-07-31,2.0024297555210069e-05,-0.017931133508682199,-0.017931133508682199,2.0024366676807404e-05,0.018293604254722502,0.018293604254722502
CPITRNSL,2012-08-31,0.00012455719115678221,-0.018317593261599499,-0.018317593261599499,0.0001245571766048,0.018660660833120301,0.018660660833120301
CPITRNSL,2012-09-30,0.00039397709770128131,-0.018128937110304801,-0.018128937110304801,0.00039397715590889999,0.018926113843917802,0.018926113843917802
CPITRNSL,2012-10-31,-0.00019640685059130192,-0.018778786063194199,-0.018778786063194199,-0.00019640685059129999,0.018592061474919298,0.018592061474919298
CPITRNSL,2012-11-30,-0.00026102139963768423,-0.018616121262311901,-0.018616121262311901,-0.00026102131232609999,0.018106041476130399,0.018106041476130399
CPITRNSL,2012-12-31,0.00054073624778538942,-0.017898010089993401,-0.017898010089993401,0.00054073613137000005,0.018840391188859901,0.018840391188859901
CPITRNSL,2013-01-31,0.0007471473072655499,-0.017598867416381801,-0.017598867416381801,0.00074714724905779997,0.019102910533547401,0.019102910533547401
CPIULFSL,2011-02-28,0.00058139767497777939,-0.0024414570070803001,-0.0024414570070803001,0.00058139768589169998,0.0034649458248168,0.0034649458248168
CPIULFSL,2011-03-31,0.00015052498201839626,-0.00302305072546,-0.00302305072546,0.00015052501112219999,0.0031974806915968002,0.0031974806915968002
CPIULFSL,2011-04-30,0.00041036430047824979,-0.0028462740592657999,-0.0028462740592657999,0.00041036431503010002,0.0035310701932758002,0.0035310701932758002
CPIULFSL,2011-05-31,0.00015802418056409806,-0.0031362609006464,-0.0031362609006464,0.00015802419511600001,0.0033181456383317002,0.0033181456383317002
CPIULFSL,2011-06-30,0.00022740924032405019,-0.0030936400871723001,-0.0030936400871723001,0.00022740924032399999,0.0034481200855224999,0.0034481200855224999
CPIULFSL,2011-07-31,0.00015543415793217719,-0.0032191749196499001,-0.0032191749196499001,0.0001554341288283,0.0034354517702012998,0.0034354517702012998
CPIULFSL,2011-08-31,-0.00013472087448462844,-0.0035662276204674998,-0.0035662276204674998,-0.00013472087448460001,0.0031808710191398,0.0031808710191398
CPIULFSL,2011-09-30,0.00010029652185039595,-0.003374079009518,-0.003374079009518,0.00010029651457439999,0.0034558149054646002,0.0034558149054646002
CPIULFSL,2011-10-31,1.7054102499969304e-05,-0.0034652166068553001,-0.0034652166068553001,1.7054087948054075e-05,0.0034224831033498001,0.0034224831033498001
CPIULFSL,2011-11-30,0.0001154756173491478,-0.0033533200621604,-0.0033533200621604,0.0001154756173491,0.0035181005951016998,0.0035181005951016998
CPIULFSL,2011-12-31,-2.0976918676751666e-05,-0.0034898442681877999,-0.0034898442681877999,-2.0976935047656298e-05,0.003373029641807,0.003373029641807
CPIULFSL,2012-01-31,0.00011450694728409871,-0.0033169572707265,-0.0033169572707265,0.0001145069254562,0.0034779149573296001,0.0034779149573296001
CPIULFSL,2012-02-29,-5.0412574637448415e-05,-0.0034665220882742999,-0.0034665220882742999,-5.0412549171596766e-05,0.0033099011052399002,0.0033099011052399002
CPIULFSL,2012-03-31,6.4316145653720014e-06,-0.0034268999006599001,-0.0034268999006599001,6.4315972849726677e-06,0.0033763954415917002,0.0033763954415917002
CPIULFSL,2012-04-30,2.3085403881850652e-05,-0.0034184418618678999,-0.0034184418618678999,2.3085391148924828e-05,0.0034311844501644,0.0034311844501644
CPIULFSL,2012-05-31,0.00010254130029352382,-0.0033275454770772999,-0.0033275454770772999,0.0001025412930175,0.0035005870740859998,0.0035005870740859998
CPIULFSL,2012-06-30,0.00015986071957740933,-0.0032292813993990001,-0.0032292813993990001,0.00015986070502539999,0.0035711000673472001,0.0035711000673472001
CPIULFSL,2012-07-31,2.9754872230114415e-05,-0.0033268849365412998,-0.0033268849365412998,2.9754883144050837e-05,0.0034544477239250998,0.0034544477239250998
CPIULFSL,2012-08-31,-3.1226940336637199e-05,-0.0034365742467343001,-0.0034365742467343001,-3.1226954888552427e-05,0.0034616622142493001,0.0034616622142493001
CPIULFSL,2012-09-30,5.9094876633025706e-05,-0.0033771253656595,-0.0033771253656595,5.9094862081110477e-05,0.0035859025083482001,0.0035859025083482001
CPIULFSL,2012-10-31,-0.00013161024253349751,-0.0035956776700913,-0.0035956776700913,-0.0001316102570854,0.0034371996298431999,0.0034371996298431999
CPIULFSL,2012-11-30,-0.00011546666792128235,-0.0035069645382463,-0.0035069645382463,-0.0001154666533693,0.0033731958828866,0.0033731958828866
CPIULFSL,2012-12-31,1.790755231922958e-05,-0.0034057251177727998,-0.0034057251177727998,1.7907528672367334e-05,0.0035199932754039001,0.0035199932754039001
CPIULFSL,2013-01-31,0.00017585298337507993,-0.0032397934701293,-0.0032397934701293,0.0001758529688231,0.0037325008306652,0.0037325008306652
CUMFNS,2011-02-28,0.26554661989212036,-0.31108233332633972,-0.31108233332633972,0.26554661989212031,0.82395303249359131,0.82395303249359131
CUMFNS,2011-03-31,0.25159165263175964,-0.35516151785850519,-0.35516151785850519,0.25159165263175959,0.83704185485839844,0.83704185485839844
CUMFNS,2011-04-30,0.24340765178203583,-0.39584693312644958,-0.39584693312644958,0.2434076517820358,0.84004712104797363,0.84004712104797363
CUMFNS,2011-05-31,0.23810915648937225,-0.41932862997055048,-0.41932862997055048,0.2381091564893722,0.84919542074203491,0.84919542074203491
CUMFNS,2011-06-30,0.23380871117115021,-0.43724799156188959,-0.43724799156188959,0.23380871117115021,0.84219074249267578,0.84219074249267578
CUMFNS,2011-07-31,0.23355753719806671,-0.44422605633735651,-0.44422605633735651,0.23355753719806671,0.83334058523178101,0.83334058523178101
CUMFNS,2011-08-31,0.24024112522602081,-0.44386279582977289,-0.44386279582977289,0.24024112522602081,0.85974115133285522,0.85974115133285522
CUMFNS,2011-09-30,0.23318286240100861,-0.46206697821617121,-0.46206697821617121,0.23318286240100861,0.86885261535644531,0.86885261535644531
CUMFNS,2011-10-31,0.2217911034822464,-0.48484203219413757,-0.48484203219413757,0.2217911034822464,0.84737491607666016,0.84737491607666016
CUMFNS,2011-11-30,0.20282794535160065,-0.5147404670715332,-0.5147404670715332,0.20282794535160059,0.84204655885696411,0.84204655885696411
CUMFNS,2011-12-31,0.20126532018184662,-0.52680325508117676,-0.52680325508117676,0.20126532018184659,0.84435760974884033,0.84435760974884033
CUMFNS,2012-01-31,0.20585812628269196,-0.52850943803787231,-0.52850943803787231,0.2058581337332725,0.85612583160400391,0.85612583160400391
CUMFNS,2012-02-29,0.20433482527732849,-0.52985852956771851,-0.52985852956771851,0.20433481782674789,0.84931927919387817,0.84931927919387817
CUMFNS,2012-03-31,0.18080812692642212,-0.55928158760070801,-0.55928158760070801,0.18080812692642209,0.84395575523376465,0.84395575523376465
CUMFNS,2012-04-30,0.18322426080703735,-0.56980329751968384,-0.56980329751968384,0.18322426825761789,0.8526490330696106,0.8526490330696106
CUMFNS,2012-05-31,0.17921575903892517,-0.57911866903305054,-0.57911866903305054,0.17921576648950571,0.85753828287124634,0.85753828287124634
CUMFNS,2012-06-30,0.15304502844810486,-0.61685776710510254,-0.61685776710510254,0.15304503031075001,0.84054851531982422,0.84054851531982422
CUMFNS,2012-07-31,0.14422477781772614,-0.62228220701217651,-0.62228220701217651,0.1442247834056615,0.82953470945358276,0.82953470945358276
CUMFNS,2012-08-31,0.17637073993682861,-0.61497414112091064,-0.61497414112091064,0.17637073993682861,0.87854194641113281,0.87854194641113281
CUMFNS,2012-09-30,0.16973698139190674,-0.62368690967559814,-0.62368690967559814,0.16973697394132611,0.87512356042861938,0.87512356042861938
CUMFNS,2012-10-31,0.19173033535480499,-0.59672439098358154,-0.59672439098358154,0.19173033535480499,0.89287340641021729,0.89287340641021729
CUMFNS,2012-11-30,0.19154423475265503,-0.60180157423019409,-0.60180157423019409,0.1915442273020744,0.87685775756835938,0.87685775756835938
CUMFNS,2012-12-31,0.20203962922096252,-0.58803802728652954,-0.58803802728652954,0.2020396292209625,0.89168727397918701,0.89168727397918701
CUMFNS,2013-01-31,0.19140206277370453,-0.60083889961242676,-0.60083889961242676,0.1914020627737045,0.88214761018753052,0.88214761018753052
CUSR0000SA0L2,2011-02-28,0.00041825944208540022,-0.0031681116670369998,-0.0031681116670369998,0.00041825944208540001,0.0038003090303391001,0.0038003090303391001
CUSR0000SA0L2,2011-03-31,0.00033427056041546166,-0.0034373118542133999,-0.0034373118542133999,0.00033427053131159998,0.0039320238865910998,0.0039320238865910998
CUSR0000SA0L2,2011-04-30,0.00022829233785159886,-0.0036080656573175998,-0.0036080656573175998,0.00022829233785150001,0.0039092046208679,0.0039092046208679
CUSR0000SA0L2,2011-05-31,0.00018674110469873995,-0.0036945738829671998,-0.0036945738829671998,0.00018674111925059999,0.0039028860628604,0.0039028860628604
CUSR0000SA0L2,2011-06-30,0.00015929913206491619,-0.0037283906713127999,-0.0037283906713127999,0.00015929911751299999,0.0039464021101593,0.0039464021101593
CUSR0000SA0L2,2011-07-31,0.00010529757855692878,-0.0038425829261540998,-0.0038425829261540998,0.0001052976003848,0.0039573204703629,0.0039573204703629
CUSR0000SA0L2,2011-08-31,-2.3150361812440678e-05,-0.0039866650477050998,-0.0039866650477050998,-2.3150350898504257e-05,0.0038754125125706001,0.0038754125125706001
CUSR0000SA0L2,2011-09-30,2.8015123461955227e-05,-0.0039631412364541999,-0.0039631412364541999,2.8015114367008209e-05,0.0039674481377004996,0.0039674481377004996
CUSR0000SA0L2,2011-10-31,3.9631893741898239e-05,-0.0039781578816472998,-0.0039781578816472998,3.9631908293813467e-05,0.0040168510749936,0.0040168510749936
CUSR0000SA0L2,2011-11-30,5.6357483117608353e-05,-0.0039466456510126001,-0.0039466456510126001,5.6357472203671932e-05,0.0040356074459849999,0.0040356074459849999
CUSR0000SA0L2,2011-12-31,2.8311278583714738e-05,-0.0039605963975191004,-0.0039605963975191004,2.8311274945735931e-05,0.0040097143501042999,0.0040097143501042999
CUSR0000SA0L2,2012-01-31,2.4330824089702219e-05,-0.0039455569349228998,-0.0039455569349228998,2.4330802261829376e-05,0.0040051680989562997,0.0040051680989562997
CUSR0000SA0L2,2012-02-29,4.7206325689330697e-05,-0.0039525493048130998,-0.0039525493048130998,4.7206354793161154e-05,0.0040228650905190996,0.0040228650905190996
CUSR0000SA0L2,2012-03-31,1.9053768482990563e-05,-0.0039564543403684998,-0.0039564543403684998,1.9053753931075335e-05,0.0040081404149531997,0.0040081404149531997
CUSR0000SA0L2,2012-04-30,2.7798909286502749e-05,-0.0039466507732868004,-0.0039466507732868004,2.7798931114375591e-05,0.0040485179051756,0.0040485179051756
CUSR0000SA0L2,2012-05-31,4.8105423047672957e-05,-0.0038848556578158998,-0.0038848556578158998,4.8105430323630571e-05,0.0040564695373176999,0.0040564695373176999
CUSR0000SA0L2,2012-06-30,0.00010249453771393746,-0.0037898633163421999,-0.0037898633163421999,0.0001024945522658,0.0041005099192261002,0.0041005099192261002
CUSR0000SA0L2,2012-07-31,4.012578574474901e-05,-0.0038266489282250001,-0.0038266489282250001,4.0125800296664238e-05,0.0040547898970544,0.0040547898970544
CUSR0000SA0L2,2012-08-31,-5.2028317440999672e-06,-0.0039260168559849002,-0.0039260168559849002,-5.2028335630893707e-06,0.0040761507116257997,0.0040761507116257997
CUSR0000SA0L2,2012-09-30,4.2064195440616459e-05,-0.0039178514853119,-0.0039178514853119,4.2064173612743616e-05,0.0041284523904322997,0.0041284523904322997
CUSR0000SA0L2,2012-10-31,3.4603085623530205e-06,-0.0039941030554473001,-0.0039941030554473001,3.4603290259838104e-06,0.0041174786165356003,0.0041174786165356003
CUSR0000SA0L2,2012-11-30,-2.1118870790814981e-05,-0.0039542769081890002,-0.0039542769081890002,-2.1118845324963331e-05,0.0039996318519114997,0.0039996318519114997
CUSR0000SA0L2,2012-12-31,4.060892024426721e-05,-0.0039466796442865996,-0.0039466796442865996,4.0608923882246017e-05,0.0040845409967005001,0.0040845409967005001
CUSR0000SA0L2,2013-01-31,5.6913373555289581e-05,-0.0039654881693421996,-0.0039654881693421996,5.6913355365395546e-05,0.0041868286207318002,0.0041868286207318002
CUSR0000SA0L5,2011-02-28,0.00039914611261337996,-0.0024202375207096,-0.0024202375207096,0.0003991460835095,0.0030755554325878,0.0030755554325878
CUSR0000SA0L5,2011-03-31,0.00015374115901067853,-0.0028157634660601,-0.0028157634660601,0.00015374115901060001,0.0029941981192678001,0.0029941981192678001
CUSR0000SA0L5,2011-04-30,0.00023645813053008169,-0.0027985491324216002,-0.0027985491324216002,0.00023645814508189999,0.0031522864010184999,0.0031522864010184999
CUSR0000SA0L5,2011-05-31,0.00018723135872278363,-0.0028877949807792,-0.0028877949807792,0.00018723134417080001,0.0031403617467730999,0.0031403617467730999
CUSR0000SA0L5,2011-06-30,0.00015143712516874075,-0.0029505214188247,-0.0029505214188247,0.00015143712516870001,0.0031708485912530998,0.0031708485912530998
CUSR0000SA0L5,2011-07-31,1.2731797141896095e-05,-0.0031446742359548,-0.0031446742359548,1.2731819879263639e-05,0.0030936785042285,0.0030936785042285
CUSR0000SA0L5,2011-08-31,-6.6493630583863705e-05,-0.0032423976808786002,-0.0032423976808786002,-6.649363785982132e-05,0.0030331874731928002,0.0030331874731928002
CUSR0000SA0L5,2011-09-30,5.2181665523676202e-05,-0.0031511546112596,-0.0031511546112596,5.218165460973978e-05,0.0031901593320070999,0.0031901593320070999
CUSR0000SA0L5,2011-10-31,6.3810490246396512e-05,-0.0031823678873479002,-0.0031823678873479002,6.3810497522354126e-05,0.0032502627000212002,0.0032502627000212002
CUSR0000SA0L5,2011-11-30,5.7371082220925018e-05,-0.0031897239387035001,-0.0031897239387035001,5.7371100410819054e-05,0.0032604706939308998,0.0032604706939308998
CUSR0000SA0L5,2011-12-31,-3.3584816264919937e-05,-0.0032831388525664,-0.0032831388525664,-3.3584830816835165e-05,0.0031773471273481,0.0031773471273481
CUSR0000SA0L5,2012-01-31,4.6211320295697078e-05,-0.0031837441492825001,-0.0031837441492825001,4.6211294829845428e-05,0.0032460826914757,0.0032460826914757
CUSR0000SA0L5,2012-02-29,4.6405180910369381e-05,-0.0031948173418640999,-0.0031948173418640999,4.6405184548348188e-05,0.0032258857972919,0.0032258857972919
CUSR0000SA0L5,2012-03-31,-6.3350521486427169e-06,-0.0032382335048168,-0.0032382335048168,-6.3350307755172253e-06,0.0031930170953273001,0.0031930170953273001
CUSR0000SA0L5,2012-04-30,4.5627428335137665e-05,-0.0031990341376513,-0.0031990341376513,4.5627413783222437e-05,0.0032695084810256,0.0032695084810256
CUSR0000SA0L5,2012-05-31,7.8221324656624347e-05,-0.0031560135539621002,-0.0031560135539621002,7.8221317380666733e-05,0.0033088666386901998,0.0033088666386901998
CUSR0000SA0L5,2012-06-30,8.0730205809231848e-05,-0.003132191253826,-0.003132191253826,8.0730183981359005e-05,0.0033194923307745998,0.0033194923307745998
CUSR0000SA0L5,2012-07-31,-2.1336813006200828e-05,-0.0032103278208523,-0.0032103278208523,-2.1336833015084267e-05,0.0032356115989387001,0.0032356115989387001
CUSR0000SA0L5,2012-08-31,-4.4816315494244918e-05,-0.0032833067234605,-0.0032833067234605,-4.4816290028393269e-05,0.0032742044422775,0.0032742044422775
CUSR0000SA0L5,2012-09-30,-2.5971432478399947e-05,-0.0033100352156906999,-0.0033100352156906999,-2.5971443392336369e-05,0.0033016591332851999,0.0033016591332851999
CUSR0000SA0L5,2012-10-31,-5.1521659770514816e-05,-0.0033568909857422001,-0.0033568909857422001,-5.1521637942641973e-05,0.0033183088526128998,0.0033183088526128998
CUSR0000SA0L5,2012-11-30,-5.7379846111871302e-05,-0.0033045592717826002,-0.0033045592717826002,-5.7379831559956074e-05,0.00324023864232,0.00324023864232
CUSR0000SA0L5,2012-12-31,-2.7006224172509974e-06,-0.0033017646055667998,-0.0033017646055667998,-2.7006026357412338e-06,0.0032990900799631999,0.0032990900799631999
CUSR0000SA0L5,2013-01-31,8.4074526967015117e-05,-0.0032394859008491,-0.0032394859008491,8.4074505139142275e-05,0.0034538051113485999,0.0034538051113485999
CUSR0000SAC,2011-02-28,0.00071605615084990859,-0.0047174231149256004,-0.0047174231149256004,0.00071605620905750001,0.0062096635811029997,0.0062096635811029997
CUSR0000SAC,2011-03-31,0.00028742937138304114,-0.0053934897296129998,-0.0053934897296129998,0.0002874294295907,0.0061423373408614999,0.0061423373408614999
CUSR0000SAC,2011-04-30,0.00030915782554075122,-0.0054436870850622003,-0.0054436870850622003,0.00030915782554069999,0.0063339672051369996,0.0063339672051369996
CUSR0000SAC,2011-05-31,0.00011979554983554408,-0.0056683481670916002,-0.0056683481670916002,0.0001197955571115,0.0062153437174856004,0.0062153437174856004
CUSR0000SAC,2011-06-30,9.5444534963462502e-05,-0.0057099694386124004,-0.0057099694386124004,9.5444498583674444e-05,0.0062957243062555001,0.0062957243062555001
CUSR0000SAC,2011-07-31,6.523249794554431e-06,-0.0058483104221522001,-0.0058483104221522001,6.5232161432504654e-06,0.0062864576466381003,0.0062864576466381003
CUSR0000SAC,2011-08-31,-0.00016799865989014506,-0.0060670902021228998,-0.0060670902021228998,-0.00016799860168239999,0.0062015247531235001,0.0062015247531235001
CUSR0000SAC,2011-09-30,6.3012384998728521e-06,-0.0059585706330835004,-0.0059585706330835004,6.3012121245265007e-06,0.0064489431679248003,0.0064489431679248003
CUSR0000SAC,2011-10-31,-1.7858408682513982e-05,-0.0060269292443989996,-0.0060269292443989996,-1.7858459614217281e-05,0.0064939209260045996,0.0064939209260045996
CUSR0000SAC,2011-11-30,-5.4605399782303721e-05,-0.0060461452230810998,-0.0060461452230810998,-5.4605421610176563e-05,0.0064592496491967999,0.0064592496491967999
CUSR0000SAC,2011-12-31,-0.00018050447397399694,-0.0062016556039451998,-0.0062016556039451998,-0.00018050451762970001,0.0063176401890814001,0.0063176401890814001
CUSR0000SAC,2012-01-31,-4.8628749937051907e-05,-0.0060513210482895001,-0.0060513210482895001,-4.8628775402903557e-05,0.0064823115244507,0.0064823115244507
CUSR0000SAC,2012-02-29,-7.0281428634189069e-05,-0.0060713114216923002,-0.0060713114216923002,-7.0281443186104298e-05,0.0064185420051217001,0.0064185420051217001
CUSR0000SAC,2012-03-31,-0.00010470089910086244,-0.0060629975050687001,-0.0060629975050687001,-0.0001047009136527,0.0063818655908107003,0.0063818655908107003
CUSR0000SAC,2012-04-30,-0.00011168267519678921,-0.0060875564813612998,-0.0060875564813612998,-0.0001116826897487,0.0064190770499408002,0.0064190770499408002
CUSR0000SAC,2012-05-31,-6.4686792029533535e-05,-0.0059367050416766999,-0.0059367050416766999,-6.4686755649745464e-05,0.0064475084654986,0.0064475084654986
CUSR0000SAC,2012-06-30,1.0061402463179547e-05,-0.0058302795514463997,-0.0058302795514463997,1.0061427019536495e-05,0.0065531590953468999,0.0065531590953468999
CUSR0000SAC,2012-07-31,1.4700311112392228e-05,-0.0057794912718236004,-0.0057794912718236004,1.4700344763696194e-05,0.0065799071453511004,0.0065799071453511004
CUSR0000SAC,2012-08-31,-7.6948424975853413e-05,-0.005946441553533,-0.005946441553533,-7.6948432251811028e-05,0.0065894904546438997,0.0065894904546438997
CUSR0000SAC,2012-09-30,-0.00013315804244484752,-0.0059919971972702997,-0.0059919971972702997,-0.0001331580569967,0.0065376497805117997,0.0065376497805117997
CUSR0000SAC,2012-10-31,-0.00019944872474297881,-0.0061254743486641996,-0.0061254743486641996,-0.00019944872474289999,0.0065576368942855999,0.0065576368942855999
CUSR0000SAC,2012-11-30,-0.00020627777848858386,-0.0060391421429811997,-0.0060391421429811997,-0.0002062777639366,0.0064204479567706004,0.0064204479567706004
CUSR0000SAC,2012-12-31,-5.5955992138478905e-05,-0.0059962100349365997,-0.0059962100349365997,-5.5955955758690834e-05,0.0066121895797550002,0.0066121895797550002
CUSR0000SAC,2013-01-31,3.3713680750224739e-05,-0.0059955827891825996,-0.0059955827891825996,3.3713702578097582e-05,0.0068397526629269002,0.0068397526629269002
CUSR0000SAD,2011-02-28,-0.00045483667054213583,-0.0026041292585432,-0.0026041292585432,-0.0004548366705421,0.0016076117753982,0.0016076117753982
CUSR0000SAD,2011-03-31,7.8707780630793422e-05,-0.0021776338107883002,-0.0021776338107883002,7.8707787906751037e-05,0.0022479097824542999,0.0022479097824542999
CUSR0000SAD,2011-04-30,1.2469765351852402e-05,-0.0023190355859696002,-0.0023190355859696002,1.2469768989831209e-05,0.0022285438608377998,0.0022285438608377998
CUSR0000SAD,2011-05-31,2.4471506549161859e-05,-0.0023540635593234998,-0.0023540635593234998,2.4471519282087684e-05,0.0022633592598140001,0.0022633592598140001
CUSR0000SAD,2011-06-30,1.479338880017167e-05,-0.0024133310653269,-0.0024133310653269,1.4793389709666371e-05,0.0023008084390312,0.0023008084390312
CUSR0000SAD,2011-07-31,3.2490985176991671e-05,-0.0024540740996598998,-0.0024540740996598998,3.2490992452949286e-05,0.0023746865335851001,0.0023746865335851001
CUSR0000SAD,2011-08-31,-8.4571875049732625e-05,-0.002610033378005,-0.002610033378005,-8.4571889601647854e-05,0.0022864823695271999,0.0022864823695271999
CUSR0000SAD,2011-09-30,-0.00013519625645130873,-0.0027214249130338001,-0.0027214249130338001,-0.0001351962564513,0.0023004098329693001,0.0023004098329693001
CUSR0000SAD,2011-10-31,-5.3281892178347334e-05,-0.0027234321460126998,-0.0027234321460126998,-5.3281895816326141e-05,0.0024445275776087999,0.0024445275776087999
CUSR0000SAD,2011-11-30,-7.2388225817121565e-05,-0.0027671065181493,-0.0027671065181493,-7.2388211265206337e-05,0.0024325898848474,0.0024325898848474
CUSR0000SAD,2011-12-31,4.4041360524715856e-05,-0.0026613548398016999,-0.0026613548398016999,4.4041371438652277e-05,0.0025696258526294999,0.0025696258526294999
CUSR0000SAD,2012-01-31,-3.3659995096968487e-05,-0.0027410075999796,-0.0027410075999796,-3.3660006010904908e-05,0.0024717836640775,0.0024717836640775
CUSR0000SAD,2012-02-29,6.0302707424852997e-05,-0.0026562537532298998,-0.0026562537532298998,6.0302700148895383e-05,0.0025827412027865002,0.0025827412027865002
CUSR0000SAD,2012-03-31,6.0248574300203472e-05,-0.0026121358387172001,-0.0026121358387172001,6.0248567024245858e-05,0.0025472783017902998,0.0025472783017902998
CUSR0000SAD,2012-04-30,3.7187666748650372e-05,-0.0026284714695066001,-0.0026284714695066001,3.71876813005656e-05,0.0025378717109559999,0.0025378717109559999
CUSR0000SAD,2012-05-31,1.0229307008557953e-05,-0.0026379139162600001,-0.0026379139162600001,1.0229297913610935e-05,0.0024981033056973999,0.0024981033056973999
CUSR0000SAD,2012-06-30,-0.00014976243255659938,-0.0027716199401766001,-0.0027716199401766001,-0.00014976243255650001,0.0023201555013656,0.0023201555013656
CUSR0000SAD,2012-07-31,-0.00016126617265399545,-0.0027450858615338,-0.0027450858615338,-0.0001612661872059,0.0022699479013681,0.0022699479013681
CUSR0000SAD,2012-08-31,-5.1423048716969788e-05,-0.0026847308035938999,-0.0026847308035938999,-5.142303416505456e-05,0.0023998301476240002,0.0023998301476240002
CUSR0000SAD,2012-09-30,0.00010190801549470052,-0.0025225789286196002,-0.0025225789286196002,0.0001019080227706,0.0025563025847077001,0.0025563025847077001
CUSR0000SAD,2012-10-31,1.5889960195636377e-05,-0.002609027782455,-0.002609027782455,1.5889963833615184e-05,0.0024628255050629,0.0024628255050629
CUSR0000SAD,2012-11-30,6.1042890592943877e-05,-0.002475815359503,-0.002475815359503,6.1042897868901491e-05,0.0024390821345149998,0.0024390821345149998
CUSR0000SAD,2012-12-31,7.6916061516385525e-05,-0.0024439992848782999,-0.0024439992848782999,7.691606879234314e-05,0.0024775462225078999,0.0024775462225078999
CUSR0000SAD,2013-01-31,4.9650738219497725e-05,-0.0024842240381985001,-0.0024842240381985001,4.9650727305561304e-05,0.0024845115840435002,0.0024845115840435002
CUSR0000SAS,2011-02-28,-0.00011273633572272956,-0.0013719203416257999,-0.0013719203416257999,-0.00011273633572270001,0.0011280602775514,0.0011280602775514
CUSR0000SAS,2011-03-31,-5.33659022039501e-06,-0.0013590377056970999,-0.0013590377056970999,-5.3365947678685188e-06,0.0013270929921417999,0.0013270929921417999
CUSR0000SAS,2011-04-30,-2.3031432647258043e-05,-0.0014232639223337,-0.0014232639223337,-2.3031432647258043e-05,0.0013567447895184001,0.0013567447895184001
CUSR0000SAS,2011-05-31,3.9605878555448726e-05,-0.0013809883967041,-0.0013809883967041,3.9605889469385147e-05,0.0014362435322254001,0.0014362435322254001
CUSR0000SAS,2011-06-30,3.0782903195358813e-05,-0.0014288483653216999,-0.0014288483653216999,3.0782917747274041e-05,0.0014802541118115,0.0014802541118115
CUSR0000SAS,2011-07-31,1.2806736776838079e-05,-0.0014723067870362999,-0.0014723067870362999,1.2806733138859272e-05,0.0014854884939267999,0.0014854884939267999
CUSR0000SAS,2011-08-31,2.397612297500018e-05,-0.0014577748952433001,-0.0014577748952433001,2.3976113880053163e-05,0.001507883076556,0.001507883076556
CUSR0000SAS,2011-09-30,2.5166064006043598e-05,-0.0014650919474660999,-0.0014650919474660999,2.5166053092107177e-05,0.0015297530917450001,0.0015297530917450001
CUSR0000SAS,2011-10-31,-1.5306795830838382e-06,-0.0015186517266556,-0.0015186517266556,-1.5306868590414524e-06,0.0015350455651059001,0.0015350455651059001
CUSR0000SAS,2011-11-30,-4.2253359424648806e-06,-0.0015394531656056001,-0.0015394531656056001,-4.2253232095390558e-06,0.0015470378566533,0.0015470378566533
CUSR0000SAS,2011-12-31,-6.0894044509041123e-06,-0.0015492649981751999,-0.0015492649981751999,-6.0893944464623928e-06,0.0015564033528789,0.0015564033528789
CUSR0000SAS,2012-01-31,3.2330055546481162e-05,-0.0015058170538394999,-0.0015058170538394999,3.2330048270523548e-05,0.0015820680418983,0.0015820680418983
CUSR0000SAS,2012-02-29,4.5551414586952887e-06,-0.0015686262631788,-0.0015686262631788,4.5551278162747622e-06,0.0015843147411942001,0.0015843147411942001
CUSR0000SAS,2012-03-31,1.5911458831396885e-05,-0.0015364215942099001,-0.0015364215942099001,1.591147156432271e-05,0.0015946289058774001,0.0015946289058774001
CUSR0000SAS,2012-04-30,-1.8952855498355348e-06,-0.0015609767287968999,-0.0015609767287968999,-1.895299647003412e-06,0.0015914987307041001,0.0015914987307041001
CUSR0000SAS,2012-05-31,5.0512244342826307e-07,-0.0015716869384050001,-0.0015716869384050001,5.0512608140707016e-07,0.0016068017575889,0.0016068017575889
CUSR0000SAS,2012-06-30,1.8379490938968956e-05,-0.0015555614372715001,-0.0015555614372715001,1.8379505490884185e-05,0.0016140013467520001,0.0016140013467520001
CUSR0000SAS,2012-07-31,4.4149064706289209e-06,-0.0015616648597642001,-0.0015616648597642001,4.4149055611342192e-06,0.0015947520732878999,0.0015947520732878999
CUSR0000SAS,2012-08-31,-1.1006484783138148e-05,-0.0016259057447314,-0.0016259057447314,-1.1006486602127552e-05,0.0016349335201084,0.0016349335201084
CUSR0000SAS,2012-09-30,-2.4798329832265154e-05,-0.0016493104631081,-0.0016493104631081,-2.4798326194286343e-05,0.0016269241459667,0.0016269241459667
CUSR0000SAS,2012-10-31,-4.9274367484031245e-06,-0.001622038311325,-0.001622038311325,-4.9274240154772997e-06,0.0016469408292323,0.0016469408292323
CUSR0000SAS,2012-11-30,-5.7751649364945479e-06,-0.0015768330777063001,-0.0015768330777063001,-5.775160389021039e-06,0.0016184534179046,0.0016184534179046
CUSR0000SAS,2012-12-31,-5.8435989558347501e-07,-0.0015916436677798,-0.0015916436677798,-5.843467079102993e-07,0.0016356421401724,0.0016356421401724
CUSR0000SAS,2013-01-31,2.8558999474626034e-05,-0.0015999634051695,-0.0015999634051695,2.8559006750583649e-05,0.0017032478936016,0.0017032478936016
DDURRG3M086SBEA,2011-02-28,-0.0009188683470711112,-0.0040312982164323,-0.0040312982164323,-0.00091886834707110003,0.0023731575347483002,0.0023731575347483002
DDURRG3M086SBEA,2011-03-31,-0.00040817013359628618,-0.0036607251968234001,-0.0036607251968234001,-0.00040817016270009999,0.0030219517648220002,0.0030219517648220002
DDURRG3M086SBEA,2011-04-30,0.00019563167006708682,-0.0031237113289534998,-0.0031237113289534998,0.00019563164096320001,0.0036971818190067998,0.0036971818190067998
DDURRG3M086SBEA,2011-05-31,-5.5543878261232749e-05,-0.0034413479734212,-0.0034413479734212,-5.5543903727084398e-05,0.0034688201267272,0.0034688201267272
DDURRG3M086SBEA,2011-06-30,-0.00040196100599132478,-0.0038256510160863001,-0.0038256510160863001,-0.0004019610350951,0.0031711817719042002,0.0031711817719042002
DDURRG3M086SBEA,2011-07-31,0.00026860108482651412,-0.0032120216637849001,-0.0032120216637849001,0.00026860108482649998,0.0038605299778282001,0.0038605299778282001
DDURRG3M086SBEA,2011-08-31,-3.7173773307586089e-05,-0.0035569423343986,-0.0035569423343986,-3.7173798773437738e-05,0.0035999775864183001,0.0035999775864183001
DDURRG3M086SBEA,2011-09-30,2.8521344574983232e-05,-0.0035062106326221999,-0.0035062106326221999,2.8521346393972635e-05,0.0036835412029176001,0.0036835412029176001
DDURRG3M086SBEA,2011-10-31,0.0003070239326916635,-0.0032608758192509001,-0.0032608758192509001,0.00030702393269160002,0.0040070433169603001,0.0040070433169603001
DDURRG3M086SBEA,2011-11-30,-0.00043759139953181148,-0.0040213931351899997,-0.0040213931351899997,-0.00043759139953179998,0.0032831630669533998,0.0032831630669533998
DDURRG3M086SBEA,2011-12-31,-0.00014968714094720781,-0.003729723393917,-0.003729723393917,-0.00014968717005099999,0.0035855078604071998,0.0035855078604071998
DDURRG3M086SBEA,2012-01-31,0.00026949486345984042,-0.0032850415445864001,-0.0032850415445864001,0.00026949489256360002,0.0039608371444046003,0.0039608371444046003
DDURRG3M086SBEA,2012-02-29,1.129750489781145e-05,-0.0035512736067175002,-0.0035512736067175002,1.1297524906694887e-05,0.0037019271403551002,0.0037019271403551002
DDURRG3M086SBEA,2012-03-31,3.815499076154083e-05,-0.0035713834222406001,-0.0035713834222406001,3.8155005313456059e-05,0.0037653893232345,0.0037653893232345
DDURRG3M086SBEA,2012-04-30,5.91313473705668e-05,-0.0035595877561718,-0.0035595877561718,5.9131358284503222e-05,0.0037929269019514001,0.0037929269019514001
DDURRG3M086SBEA,2012-05-31,-0.00039195420686155558,-0.0040295557118951997,-0.0040295557118951997,-0.00039195420686150001,0.0033619890455156001,0.0033619890455156001
DDURRG3M086SBEA,2012-06-30,-8.2072590885218233e-05,-0.0037284160498529,-0.0037284160498529,-8.207256905734539e-05,0.0036378337536007001,0.0036378337536007001
DDURRG3M086SBEA,2012-07-31,0.00021920226572547108,-0.0034197212662546998,-0.0034197212662546998,0.00021920225117349999,0.0039452477358280997,0.0039452477358280997
DDURRG3M086SBEA,2012-08-31,-0.00017985806334763765,-0.0038323393091558998,-0.0038323393091558998,-0.0001798580633476,0.0035981517285107998,0.0035981517285107998
DDURRG3M086SBEA,2012-09-30,-7.6222072493692394e-06,-0.0036511870566755,-0.0036511870566755,-7.6222349889576435e-06,0.0037626207340508001,0.0037626207340508001
DDURRG3M086SBEA,2012-10-31,9.0783496489166282e-06,-0.0036318572238086999,-0.0036318572238086999,9.0783578343689442e-06,0.0037903969641773999,0.0037903969641773999
DDURRG3M086SBEA,2012-11-30,-0.00030645940569229424,-0.0038982150144875002,-0.0038982150144875002,-0.00030645937658839998,0.0034261357504873999,0.0034261357504873999
DDURRG3M086SBEA,2012-12-31,-0.0001803048508008942,-0.0037794974632560999,-0.0037794974632560999,-0.0001803048653528,0.0035561094991862002,0.0035561094991862002
DDURRG3M086SBEA,2013-01-31,0.00020251689420547336,-0.0034098222386091002,-0.0034098222386091002,0.00020251690875730001,0.0039696604944765004,0.0039696604944765004
DMANEMP,2011-02-28,0.0029543330892920494,0.00037172599695619999,0.00037172599695619999,0.002954333089292,0.0050172652117908001,0.0050172652117908001
DMANEMP,2011-03-31,0.0027141058817505836,-0.00011402909876769999,-0.00011402909876769999,0.0027141058817504999,0.0049079866148531003,0.0049079866148531003
DMANEMP,2011-04-30,0.0024508996866643429,-0.00066633196547620001,-0.00066633196547620001,0.0024508996866642999,0.0047064567916094997,0.0047064567916094997
DMANEMP,2011-05-31,0.0022699330002069473,-0.0011321830097584999,-0.0011321830097584999,0.0022699330002069001,0.0046198396012187004,0.0046198396012187004
DMANEMP,2011-06-30,0.0020677372813224792,-0.0015034822281450001,-0.0015034822281450001,0.0020677372813223999,0.0044919080100952998,0.0044919080100952998
DMANEMP,2011-07-31,0.0020052981562912464,-0.0017770287813618001,-0.0017770287813618001,0.0020052981562912,0.0046516912989317998,0.0046516912989317998
DMANEMP,2011-08-31,0.001906012068502605,-0.0021218485198915,-0.0021218485198915,0.0019060120685026,0.0046477159485219998,0.0046477159485219998
DMANEMP,2011-09-30,0.0016858946764841676,-0.0025088917464017001,-0.0025088917464017001,0.0016858946764840999,0.0046436893753707001,0.0046436893753707001
DMANEMP,2011-10-31,0.0014870978193357587,-0.0028525814414024002,-0.0028525814414024002,0.0014870978193356999,0.0045259865000844002,0.0045259865000844002
DMANEMP,2011-11-30,0.0014267374062910676,-0.0029821628704667,-0.0029821628704667,0.0014267374062909999,0.0046209115535020004,0.0046209115535020004
DMANEMP,2011-12-31,0.0013071162393316627,-0.0032241870649158001,-0.0032241870649158001,0.0013071162393316,0.0046255569905041998,0.0046255569905041998
DMANEMP,2012-01-31,0.0011537502286955714,-0.0034995912574231,-0.0034995912574231,0.0011537502286955001,0.0045181051827967002,0.0045181051827967002
DMANEMP,2012-02-29,0.0010825649369508028,-0.0036275987513363001,-0.0036275987513363001,0.0010825649369508,0.0044799046590924003,0.0044799046590924003
DMANEMP,2012-03-31,0.00095050293020904064,-0.0038884226232767001,-0.0038884226232767001,0.00095050293020899998,0.0045231389813125003,0.0045231389813125003
DMANEMP,2012-04-30,0.00072733568958938122,-0.0041856491006910003,-0.0041856491006910003,0.00072733568958930001,0.0044924071989952997,0.0044924071989952997
DMANEMP,2012-05-31,0.00058397522661834955,-0.0044448692351578998,-0.0044448692351578998,0.0005839752266183,0.0044362340122460998,0.0044362340122460998
DMANEMP,2012-06-30,0.00041636754758656025,-0.0046998602338135,-0.0046998602338135,0.00041636751848269998,0.0043404577299952004,0.0043404577299952004
DMANEMP,2012-07-31,0.0002758329501375556,-0.0049280780367553,-0.0049280780367553,0.00027583295013749998,0.0042008729651569999,0.0042008729651569999
DMANEMP,2012-08-31,0.00025535142049193382,-0.0052383076399563997,-0.0052383076399563997,0.0002553514204919,0.0043945121578872004,0.0043945121578872004
DMANEMP,2012-09-30,0.00028596993070095778,-0.0053290235809980999,-0.0053290235809980999,0.00028596993070089999,0.0045091179199516001,0.0045091179199516001
DMANEMP,2012-10-31,0.00024415948428213596,-0.0054316278547047996,-0.0054316278547047996,0.00024415948428210002,0.0045171184465289003,0.0045171184465289003
DMANEMP,2012-11-30,7.7116943430155516e-05,-0.0056300642900168002,-0.0056300642900168002,7.7116943430155516e-05,0.0043062567710875996,0.0043062567710875996
DMANEMP,2012-12-31,9.283074177801609e-06,-0.0057490193285047999,-0.0057490193285047999,9.2830741778016073e-06,0.0043261833488941002,0.0043261833488941002
DMANEMP,2013-01-31,-3.8958678487688303e-05,-0.0059573422186075999,-0.0059573422186075999,-3.8958678487688303e-05,0.0043717683292925002,0.0043717683292925002
DNDGRG3M086SBEA,2011-02-28,0.00040708782034926116,-0.0061388565227388997,-0.0061388565227388997,0.00040708784945300001,0.0069665587507187999,0.0069665587507187999
DNDGRG3M086SBEA,2011-03-31,0.00042299184133298695,-0.0063813342712819004,-0.0063813342712819004,0.00042299181222910001,0.0073676751926540999,0.0073676751926540999
DNDGRG3M086SBEA,2011-04-30,0.00029791099950671196,-0.0065744337625800999,-0.0065744337625800999,0.00029791099950669998,0.0074276924133300001,0.0074276924133300001
DNDGRG3M086SBEA,2011-05-31,-6.7824068537447602e-05,-0.0069557535462080999,-0.0069557535462080999,-6.7824032157659531e-05,0.0071451142430305004,0.0071451142430305004
DNDGRG3M086SBEA,2011-06-30,0.00010066152754006907,-0.0068077747710048996,-0.0068077747710048996,0.000100661534816,0.0074399961158632998,0.0074399961158632998
DNDGRG3M086SBEA,2011-07-31,-5.7628902141004801e-05,-0.0069648390635848002,-0.0069648390635848002,-5.7628843933343887e-05,0.0073694041930139004,0.0073694041930139004
DNDGRG3M086SBEA,2011-08-31,-0.00015096025890670717,-0.0071196802891789999,-0.0071196802891789999,-0.0001509602880105,0.0074021168984471997,0.0074021168984471997
DNDGRG3M086SBEA,2011-09-30,-1.7764150470611639e-05,-0.0070639471523462997,-0.0070639471523462997,-1.7764163203537464e-05,0.0076167020015418,0.0076167020015418
DNDGRG3M086SBEA,2011-10-31,-0.00012950479867868125,-0.0072268098592757997,-0.0072268098592757997,-0.0001295048277825,0.0076143499463796,0.0076143499463796
DNDGRG3M086SBEA,2011-11-30,-1.3457081877277233e-05,-0.0070941564626991003,-0.0070941564626991003,-1.345702912658453e-05,0.0077588828280568001,0.0077588828280568001
DNDGRG3M086SBEA,2011-12-31,-0.00014572319923900068,-0.0072328918613493,-0.0072328918613493,-0.00014572322834279999,0.0076442332938312998,0.0076442332938312998
DNDGRG3M086SBEA,2012-01-31,-5.6858327297959477e-05,-0.0071444348432123002,-0.0071444348432123002,-5.6858290918171406e-05,0.0077408854849636,0.0077408854849636
DNDGRG3M086SBEA,2012-02-29,-2.3359669285127893e-05,-0.0071087782271205997,-0.0071087782271205997,-2.3359665647149089e-05,0.0077480576001106999,0.0077480576001106999
DNDGRG3M086SBEA,2012-03-31,-4.3267398723401129e-05,-0.0071484316140412998,-0.0071484316140412998,-4.3267384171485901e-05,0.0077260662801563003,0.0077260662801563003
DNDGRG3M086SBEA,2012-04-30,-0.00012201633944641799,-0.0072272974066435996,-0.0072272974066435996,-0.0001220162957906,0.0077332304790616001,0.0077332304790616001
DNDGRG3M086SBEA,2012-05-31,-9.5181982032954693e-05,-0.0071109025739133002,-0.0071109025739133002,-9.5181982032954679e-05,0.0077156778424977996,0.0077156778424977996
DNDGRG3M086SBEA,2012-06-30,1.2047672498738393e-05,-0.0069878026843070004,-0.0069878026843070004,1.2047705240547655e-05,0.0078794462606309994,0.0078794462606309994
DNDGRG3M086SBEA,2012-07-31,-2.5132369046332315e-05,-0.0070114987902343004,-0.0070114987902343004,-2.5132321752607822e-05,0.0078523401170968992,0.0078523401170968992
DNDGRG3M086SBEA,2012-08-31,-8.3237027865834534e-05,-0.0071980957873165,-0.0071980957873165,-8.3237071521580219e-05,0.0078973341733216997,0.0078973341733216997
DNDGRG3M086SBEA,2012-09-30,-6.5006686781998724e-05,-0.0071755219250917001,-0.0071755219250917001,-6.5006664954125881e-05,0.0079672271385787998,0.0079672271385787998
DNDGRG3M086SBEA,2012-10-31,-0.00018227619875688106,-0.0073715047910808996,-0.0073715047910808996,-0.00018227624241259999,0.0079370923340319997,0.0079370923340319997
DNDGRG3M086SBEA,2012-11-30,-0.00014634511899203062,-0.0072147804312406999,-0.0072147804312406999,-0.00014634511899199999,0.0078187426552176007,0.0078187426552176007
DNDGRG3M086SBEA,2012-12-31,-5.0237453251611441e-05,-0.0071896635927259003,-0.0071896635927259003,-5.0237402319908142e-05,0.0079231373965739996,0.0079231373965739996
DNDGRG3M086SBEA,2013-01-31,-1.5718378563178703e-05,-0.0072560035623610002,-0.0072560035623610002,-1.5718396753072739e-05,0.0080371228978037002,0.0080371228978037002
DPCERA3M086SBEA,2011-02-28,0.0019916205201297998,-0.0018958847504108999,-0.0018958847504108999,0.0019916205201297998,0.0056090708822011002,0.0056090708822011002
DPCERA3M086SBEA,2011-03-31,0.0021141262259334326,-0.0021292755845934001,-0.0021292755845934001,0.0021141262259334001,0.0059611238539218001,0.0059611238539218001
DPCERA3M086SBEA,2011-04-30,0.0022097385954111814,-0.0022415809798985,-0.0022415809798985,0.0022097385954110999,0.0062152589671312999,0.0062152589671312999
DPCERA3M086SBEA,2011-05-31,0.0022057413589209318,-0.0023819135967641999,-0.0023819135967641999,0.0022057413589209002,0.0063052251935004997,0.0063052251935004997
DPCERA3M086SBEA,2011-06-30,0.0021672421135008335,-0.0025459236931054999,-0.0025459236931054999,0.0021672421135008001,0.0063645895570515996,0.0063645895570515996
DPCERA3M086SBEA,2011-07-31,0.0021197646856307983,-0.0026864765677600999,-0.0026864765677600999,0.0021197646856306999,0.0064164265058934003,0.0064164265058934003
DPCERA3M086SBEA,2011-08-31,0.0021473350934684277,-0.0027204181533306,-0.0027204181533306,0.0021473350934683999,0.0064781717956066001,0.0064781717956066001
DPCERA3M086SBEA,2011-09-30,0.0020944341085851192,-0.0027918263804167002,-0.0027918263804167002,0.0020944341085851002,0.0064868223853409004,0.0064868223853409004
DPCERA3M086SBEA,2011-10-31,0.0020589209161698818,-0.0029453623574226999,-0.0029453623574226999,0.0020589209161697999,0.0064774178899824003,0.0064774178899824003
DPCERA3M086SBEA,2011-11-30,0.0020999736152589321,-0.0029283135663717001,-0.0029283135663717001,0.0020999736152589,0.0065398346632718997,0.0065398346632718997
DPCERA3M086SBEA,2011-12-31,0.0021810457110404968,-0.0028740020934491998,-0.0028740020934491998,0.0021810457110404001,0.0066374810412526001,0.0066374810412526001
DPCERA3M086SBEA,2012-01-31,0.0020181573927402496,-0.0029895047191530002,-0.0029895047191530002,0.0020181573927402002,0.0064319511875509999,0.0064319511875509999
DPCERA3M086SBEA,2012-02-29,0.0020278021693229675,-0.0030596887227146998,-0.0030596887227146998,0.0020278021693228999,0.0064812889322638,0.0064812889322638
DPCERA3M086SBEA,2012-03-31,0.0019923185463994741,-0.0030766895506531,-0.0030766895506531,0.0019923185463994,0.0064594033174216001,0.0064594033174216001
DPCERA3M086SBEA,2012-04-30,0.0019646808505058289,-0.0031271257903426001,-0.0031271257903426001,0.0019646808505057998,0.0064789438620209,0.0064789438620209
DPCERA3M086SBEA,2012-05-31,0.0020142411813139915,-0.0031321172136812999,-0.0031321172136812999,0.0020142411813139,0.0065499925985932003,0.0065499925985932003
DPCERA3M086SBEA,2012-06-30,0.0020802859216928482,-0.0030869704205542001,-0.0030869704205542001,0.0020802859216928001,0.0066271284595130998,0.0066271284595130998
DPCERA3M086SBEA,2012-07-31,0.0020511078182607889,-0.0031278424430638001,-0.0031278424430638001,0.0020511078182607,0.0065994607284665004,0.0065994607284665004
DPCERA3M086SBEA,2012-08-31,0.00203714519739151,-0.0032997473608702001,-0.0032997473608702001,0.0020371451973915,0.0067178942263126,0.0067178942263126
DPCERA3M086SBEA,2012-09-30,0.0019893122371286154,-0.0033454101067036,-0.0033454101067036,0.0019893122371286002,0.0067108664661644996,0.0067108664661644996
DPCERA3M086SBEA,2012-10-31,0.0020150737836956978,-0.0033496681135146999,-0.0033496681135146999,0.0020150737836956002,0.0067129870876668999,0.0067129870876668999
DPCERA3M086SBEA,2012-11-30,0.0020477515645325184,-0.0032551859039812998,-0.0032551859039812998,0.0020477515645325002,0.0066595952957868004,0.0066595952957868004
DPCERA3M086SBEA,2012-12-31,0.0020950846374034882,-0.0032301873434334,-0.0032301873434334,0.0020950846374034001,0.0067476714029907998,0.0067476714029907998
DPCERA3M086SBEA,2013-01-31,0.0019803980831056833,-0.0034055833239107999,-0.0034055833239107999,0.0019803980831056001,0.0066928761079907001,0.0066928761079907001
DSERRG3M086SBEA,2011-02-28,-0.00035941749229095876,-0.0018014920642598999,-0.0018014920642598999,-0.0003594174922909,0.0011183591559529001,0.0011183591559529001
DSERRG3M086SBEA,2011-03-31,-1.9855733626172878e-05,-0.0015361016849054999,-0.0015361016849054999,-1.9855739083141088e-05,0.0015432939399033,0.0015432939399033
DSERRG3M086SBEA,2011-04-30,-2.1492689484148286e-05,-0.0015846063615754,-0.0015846063615754,-2.1492684027180076e-05,0.0015988671220839,0.0015988671220839
DSERRG3M086SBEA,2011-05-31,-2.7557021894608624e-05,-0.0016316880937665001,-0.0016316880937665001,-2.7557020075619221e-05,0.0016317178960889001,0.0016317178960889001
DSERRG3M086SBEA,2011-06-30,-0.00012945849448442459,-0.0017746934900059999,-0.0017746934900059999,-0.00012945849448440001,0.0015926223713903999,0.0015926223713903999
DSERRG3M086SBEA,2011-07-31,0.00014100942644290626,-0.0015366993611678,-0.0015366993611678,0.0001410094264429,0.0019051992567256,0.0019051992567256
DSERRG3M086SBEA,2011-08-31,-8.7373977294191718e-05,-0.0017872491152956999,-0.0017872491152956999,-8.7373977294191718e-05,0.0016939375782385,0.0016939375782385
DSERRG3M086SBEA,2011-09-30,-2.0928723643010017e-07,-0.0016911955317482001,-0.0016911955317482001,-2.0928564481437209e-07,0.0017894958145916,0.0017894958145916
DSERRG3M086SBEA,2011-10-31,-3.3682899811537936e-06,-0.0017129976768046,-0.0017129976768046,-3.3683027140796185e-06,0.001810697838664,0.001810697838664
DSERRG3M086SBEA,2011-11-30,-0.00015446078032255173,-0.0018656067550182,-0.0018656067550182,-0.00015446078032250001,0.0016477709868921999,0.0016477709868921999
DSERRG3M086SBEA,2011-12-31,-9.3897971964906901e-05,-0.0018171678530052001,-0.0018171678530052001,-9.3897979240864515e-05,0.0017118772957473,0.0017118772957473
DSERRG3M086SBEA,2012-01-31,4.960284786648117e-05,-0.0016415249556303,-0.0016415249556303,4.9602851504459977e-05,0.001841134740971,0.001841134740971
DSERRG3M086SBEA,2012-02-29,-9.0348614321555942e-05,-0.0018018581904469999,-0.0018018581904469999,-9.0348621597513556e-05,0.0017138116527348,0.0017138116527348
DSERRG3M086SBEA,2012-03-31,-8.3474165876396e-05,-0.0017957191448658,-0.0017957191448658,-8.3474151324480772e-05,0.0017178967827931001,0.0017178967827931001
DSERRG3M086SBEA,2012-04-30,-0.00010801776079460979,-0.0018308842554688,-0.0018308842554688,-0.0001080177607946,0.0016917774919419999,0.0016917774919419999
DSERRG3M086SBEA,2012-05-31,-8.9716100774239749e-05,-0.0018086580093950001,-0.0018086580093950001,-8.9716108050197363e-05,0.0017134980298578,0.0017134980298578
DSERRG3M086SBEA,2012-06-30,-7.0121022872626781e-05,-0.0017762560164555001,-0.0017762560164555001,-7.0121022872626781e-05,0.0017154033994302,0.0017154033994302
DSERRG3M086SBEA,2012-07-31,-1.1361470569681842e-05,-0.0016972755547611999,-0.0016972755547611999,-1.1361466022208331e-05,0.0017818125197662999,0.0017818125197662999
DSERRG3M086SBEA,2012-08-31,-7.254714728333056e-05,-0.0017794545274227001,-0.0017794545274227001,-7.254714728333056e-05,0.0017532150959596001,0.0017532150959596001
DSERRG3M086SBEA,2012-09-30,-3.4819604479707778e-05,-0.0017646547639741999,-0.0017646547639741999,-3.4819589927792549e-05,0.0017779171466827,0.0017779171466827
DSERRG3M086SBEA,2012-10-31,-2.1603904315270483e-05,-0.0017395925242453,-0.0017395925242453,-2.1603889763355255e-05,0.0018037800909951,0.0018037800909951
DSERRG3M086SBEA,2012-11-30,-9.5878021966200322e-05,-0.0017734456341712999,-0.0017734456341712999,-9.5878029242157936e-05,0.0016967649571596999,0.0016967649571596999
DSERRG3M086SBEA,2012-12-31,-5.5327636800939217e-05,-0.0017565299058333,-0.0017565299058333,-5.532763316296041e-05,0.0017394402530044001,0.0017394402530044001
DSERRG3M086SBEA,2013-01-31,8.5073908849153668e-05,-0.0016262168064713001,-0.0016262168064713001,8.5073901573196054e-05,0.0019082494545726999,0.0019082494545726999
DTCOLNVHFNM,2011-02-28,0.01302462350577116,-0.020908510312438001,-0.020908510312438001,0.013024623505771099,0.045429445803165401,0.045429445803165401
DTCOLNVHFNM,2011-03-31,0.0063000954687595367,-0.027805039659142401,-0.027805039659142401,0.0063000956433825004,0.038475692272186203,0.038475692272186203
DTCOLNVHFNM,2011-04-30,0.0028848261572420597,-0.030523864552378599,-0.030523864552378599,0.0028848261572419999,0.034572344273328698,0.034572344273328698
DTCOLNVHFNM,2011-05-31,-0.0005924921715632081,-0.034070245921611703,-0.034070245921611703,-0.00059249205514779997,0.031195601448416699,0.031195601448416699
DTCOLNVHFNM,2011-06-30,0.0071327704936265945,-0.026602972298860501,-0.026602972298860501,0.0071327704936265,0.039031818509101798,0.039031818509101798
DTCOLNVHFNM,2011-07-31,0.00052122888155281544,-0.033520020544528899,-0.033520020544528899,0.00052122864872210001,0.033389430493116302,0.033389430493116302
DTCOLNVHFNM,2011-08-31,-0.0073406500741839409,-0.041962131857872002,-0.041962131857872002,-0.0073406500741839001,0.0260839685797691,0.0260839685797691
DTCOLNVHFNM,2011-09-30,0.00088168412912636995,-0.033991791307926102,-0.033991791307926102,0.00088168401271099999,0.034411646425724002,0.034411646425724002
DTCOLNVHFNM,2011-10-31,-0.0013317422708496451,-0.036501128226518603,-0.036501128226518603,-0.0013317423872649,0.032699991017579998,0.032699991017579998
DTCOLNVHFNM,2011-11-30,-0.0024334248155355453,-0.037411671131849199,-0.037411671131849199,-0.0024334248155354998,0.0317431986331939,0.0317431986331939
DTCOLNVHFNM,2011-12-31,-0.0022335960529744625,-0.036673035472631399,-0.036673035472631399,-0.0022335960529744001,0.031154032796621298,0.031154032796621298
DTCOLNVHFNM,2012-01-31,-0.00058599497424438596,-0.035333618521690299,-0.035333618521690299,-0.00058599514886729996,0.033340796828269903,0.033340796828269903
DTCOLNVHFNM,2012-02-29,0.0051075657829642296,-0.029317900538444502,-0.029317900538444502,0.0051075659866910003,0.039134223014116197,0.039134223014116197
DTCOLNVHFNM,2012-03-31,0.0028220738749951124,-0.031532529741525601,-0.031532529741525601,0.0028220738749950998,0.036928601562976802,0.036928601562976802
DTCOLNVHFNM,2012-04-30,0.0025318644475191832,-0.031522210687398897,-0.031522210687398897,0.0025318646803497999,0.036588963121175697,0.036588963121175697
DTCOLNVHFNM,2012-05-31,0.0010914625599980354,-0.032874688506126397,-0.032874688506126397,0.0010914625599980001,0.034778077155351597,0.034778077155351597
DTCOLNVHFNM,2012-06-30,0.0014799169730395079,-0.031590592116117401,-0.031590592116117401,0.0014799169730395001,0.034484751522540998,0.034484751522540998
DTCOLNVHFNM,2012-07-31,-0.0016711823409423232,-0.035150054842233602,-0.035150054842233602,-0.0016711824573575999,0.031331475824117598,0.031331475824117598
DTCOLNVHFNM,2012-08-31,-0.00073968659853562713,-0.033961955457925699,-0.033961955457925699,-0.0007396866567432,0.031865827739238697,0.031865827739238697
DTCOLNVHFNM,2012-09-30,-0.0020594126544892788,-0.035083558410406099,-0.035083558410406099,-0.0020594126544891999,0.030767083168029698,0.030767083168029698
DTCOLNVHFNM,2012-10-31,-0.0028537625912576914,-0.035866938531398697,-0.035866938531398697,-0.002853762358427,0.0298086795955896,0.0298086795955896
DTCOLNVHFNM,2012-11-30,-0.0040975203737616539,-0.036577876657247502,-0.036577876657247502,-0.0040975203737616001,0.028079893440008101,0.028079893440008101
DTCOLNVHFNM,2012-12-31,-0.0032050427980720997,-0.035665981471538502,-0.035665981471538502,-0.0032050427980719999,0.0282906349748373,0.0282906349748373
DTCOLNVHFNM,2013-01-31,-0.0011249789968132973,-0.033844571560621199,-0.033844571560621199,-0.0011249789968131999,0.030336989089846601,0.030336989089846601
DTCTHFNM,2011-02-28,0.0028566168621182442,-0.021542564034461899,-0.021542564034461899,0.0028566170949487998,0.028584465384483299,0.028584465384483299
DTCTHFNM,2011-03-31,0.0078627485781908035,-0.0158881321549415,-0.0158881321549415,0.0078627485781908001,0.032111898064613301,0.032111898064613301
DTCTHFNM,2011-04-30,-0.00078122073318809271,-0.022631399333476999,-0.022631399333476999,-0.00078122084960340001,0.022104900330305099,0.022104900330305099
DTCTHFNM,2011-05-31,0.0018710267031565309,-0.018947254866361601,-0.018947254866361601,0.0018710268195718,0.023541342467069602,0.023541342467069602
DTCTHFNM,2011-06-30,0.00051380012882873416,-0.018634051084518401,-0.018634051084518401,0.00051380018703629999,0.021344844251871099,0.021344844251871099
DTCTHFNM,2011-07-31,-0.0027389368042349815,-0.0221847258508205,-0.0221847258508205,-0.0027389368042349,0.017382703721523202,0.017382703721523202
DTCTHFNM,2011-08-31,-0.00240374356508255,-0.021976895630359601,-0.021976895630359601,-0.0024037435650825002,0.0177010968327522,0.0177010968327522
DTCTHFNM,2011-09-30,0.00013894347648601979,-0.020643658936023698,-0.020643658936023698,0.00013894354924550001,0.0200082212686538,0.0200082212686538
DTCTHFNM,2011-10-31,-0.001809973269701004,-0.022222630679607301,-0.022222630679607301,-0.0018099732697009999,0.018223639577627099,0.018223639577627099
DTCTHFNM,2011-11-30,-0.00043073069537058473,-0.020885586738586401,-0.020885586738586401,-0.00043073063716290001,0.0195852182805538,0.0195852182805538
DTCTHFNM,2011-12-31,-0.0017067356966435909,-0.021739240735769199,-0.021739240735769199,-0.0017067356966435001,0.018596783280372599,0.018596783280372599
DTCTHFNM,2012-01-31,-0.0033500657882541418,-0.024203322827815999,-0.024203322827815999,-0.0033500657882541002,0.0167165845632553,0.0167165845632553
DTCTHFNM,2012-02-29,-0.0016212043119594455,-0.021842043846845599,-0.021842043846845599,-0.0016212044283747001,0.017975427210330901,0.017975427210330901
DTCTHFNM,2012-03-31,0.000492429593577981,-0.0205650627613067,-0.0205650627613067,0.00049242959357790001,0.019227337092161099,0.019227337092161099
DTCTHFNM,2012-04-30,-0.0009483027970418334,-0.0213367640972137,-0.0213367640972137,-0.00094830291345710004,0.017839178442955,0.017839178442955
DTCTHFNM,2012-05-31,0.0013129193102940917,-0.0195165500044822,-0.0195165500044822,0.0013129194267094001,0.018837716430425599,0.018837716430425599
DTCTHFNM,2012-06-30,0.00090438220649957657,-0.0196510478854179,-0.0196510478854179,0.00090438220649950002,0.017897132784128099,0.017897132784128099
DTCTHFNM,2012-07-31,-0.0020791154820472002,-0.022737286984920502,-0.022737286984920502,-0.0020791154820472002,0.0137658221647143,0.0137658221647143
DTCTHFNM,2012-08-31,-0.0014924824936315417,-0.0225524492561817,-0.0225524492561817,-0.0014924826100468,0.015001439489424199,0.015001439489424199
DTCTHFNM,2012-09-30,-8.7860338680911809e-05,-0.020346581935882499,-0.020346581935882499,-8.7860273197293282e-05,0.016618687659502002,0.016618687659502002
DTCTHFNM,2012-10-31,-0.0021102831233292818,-0.023104514926671899,-0.023104514926671899,-0.0021102831233291998,0.014251294545829201,0.014251294545829201
DTCTHFNM,2012-11-30,-0.0012661024229601026,-0.022221859544515599,-0.022221859544515599,-0.0012661025393754001,0.014358832500874901,0.014358832500874901
DTCTHFNM,2012-12-31,0.00011916116636712104,-0.0218077152967453,-0.0218077152967453,0.0001191610936075,0.0161208547651767,0.0161208547651767
DTCTHFNM,2013-01-31,-0.0021912264637649059,-0.025282483547925901,-0.025282483547925901,-0.0021912264637648999,0.013041815720498499,0.013041815720498499
EXCAUSx,2011-02-28,-0.0056815575808286667,-0.027570772916078502,-0.027570772916078502,-0.0056815575808285999,0.016117675229907001,0.016117675229907001
EXCAUSx,2011-03-31,-0.0040480508469045162,-0.027352981269359498,-0.027352981269359498,-0.0040480508469044997,0.018887387588620099,0.018887387588620099
EXCAUSx,2011-04-30,-0.0039404220879077911,-0.027996821328997602,-0.027996821328997602,-0.0039404220879077001,0.019626619294285701,0.019626619294285701
EXCAUSx,2011-05-31,-0.0040590027347207069,-0.028818635269999501,-0.028818635269999501,-0.0040590027347207,0.0198905020952224,0.0198905020952224
EXCAUSx,2011-06-30,-0.0041480953805148602,-0.029263777658343301,-0.029263777658343301,-0.0041480953805148003,0.019871441647410299,0.019871441647410299
EXCAUSx,2011-07-31,-0.0042952876538038254,-0.0296204164624214,-0.0296204164624214,-0.0042952876538038002,0.019867533817887299,0.019867533817887299
EXCAUSx,2011-08-31,-0.0038795405998826027,-0.029471879824995901,-0.029471879824995901,-0.0038795405998826001,0.0206580869853496,0.0206580869853496
EXCAUSx,2011-09-30,-0.0035995014477521181,-0.0295680779963731,-0.0295680779963731,-0.0035995012149213999,0.0211558640003204,0.0211558640003204
EXCAUSx,2011-10-31,-0.0035168370231986046,-0.0293117780238389,-0.0293117780238389,-0.0035168370231985998,0.021052949130535101,0.021052949130535101
EXCAUSx,2011-11-30,-0.0034162492956966162,-0.0294005945324897,-0.0294005945324897,-0.0034162495285272,0.021277256309986101,0.021277256309986101
EXCAUSx,2011-12-31,-0.0032644378952682018,-0.029297780245542498,-0.029297780245542498,-0.0032644378952682001,0.021416543051600401,0.021416543051600401
EXCAUSx,2012-01-31,-0.0032730884850025177,-0.0294776819646358,-0.0294776819646358,-0.0032730884850024999,0.02168795093894,0.02168795093894
EXCAUSx,2012-02-29,-0.0033257228787988424,-0.029247110709547899,-0.029247110709547899,-0.0033257231116294002,0.021416876465082099,0.021416876465082099
EXCAUSx,2012-03-31,-0.0033661837223917246,-0.029700925573706599,-0.029700925573706599,-0.0033661834895609998,0.021667148917913399,0.021667148917913399
EXCAUSx,2012-04-30,-0.0030346731655299664,-0.029375774785876201,-0.029375774785876201,-0.0030346731655299,0.022118644788861198,0.022118644788861198
EXCAUSx,2012-05-31,-0.0029564723372459412,-0.0293194781988859,-0.0293194781988859,-0.0029564723372459,0.022131551057100199,0.022131551057100199
EXCAUSx,2012-06-30,-0.0031196973286569118,-0.029456254094838999,-0.029456254094838999,-0.0031196973286569001,0.022082364186644499,0.022082364186644499
EXCAUSx,2012-07-31,-0.0032129539176821709,-0.029594684019684701,-0.029594684019684701,-0.0032129539176821002,0.022033721208572301,0.022033721208572301
EXCAUSx,2012-08-31,-0.003633029293268919,-0.030570831149816499,-0.030570831149816499,-0.0036330292932688999,0.022051041945815,0.022051041945815
EXCAUSx,2012-09-30,-0.0035264778416603804,-0.0305711701512336,-0.0305711701512336,-0.0035264780744910002,0.0222975574433803,0.0222975574433803
EXCAUSx,2012-10-31,-0.0033356654457747936,-0.030197504907846399,-0.030197504907846399,-0.0033356654457746999,0.022465849295258501,0.022465849295258501
EXCAUSx,2012-11-30,-0.003107474185526371,-0.0297266710549592,-0.0297266710549592,-0.0031074741855262999,0.0224860962480306,0.0224860962480306
EXCAUSx,2012-12-31,-0.0031529490370303392,-0.029458625242114001,-0.029458625242114001,-0.0031529488041996002,0.022395519539713801,0.022395519539713801
EXCAUSx,2013-01-31,-0.0035819795448333025,-0.0299970172345638,-0.0299970172345638,-0.0035819797776639002,0.022156665101647301,0.022156665101647301
EXJPUSx,2011-02-28,-0.0034031555987894535,-0.033618770539760499,-0.033618770539760499,-0.0034031555987894002,0.023295836523175201,0.023295836523175201
EXJPUSx,2011-03-31,-0.0026576139498502016,-0.034891553223132997,-0.034891553223132997,-0.0026576137170194998,0.025081796571612299,0.025081796571612299
EXJPUSx,2011-04-30,-0.0025067911483347416,-0.035819794982671703,-0.035819794982671703,-0.0025067911483347,0.025525236502289699,0.025525236502289699
EXJPUSx,2011-05-31,-0.002336427103728056,-0.036169644445180803,-0.036169644445180803,-0.002336427103728,0.0258300844579935,0.0258300844579935
EXJPUSx,2011-06-30,-0.0016577815404161811,-0.035610560327768298,-0.035610560327768298,-0.0016577816568315001,0.026394320651888799,0.026394320651888799
EXJPUSx,2011-07-31,-0.0023083754349499941,-0.036479748785495703,-0.036479748785495703,-0.0023083752021193001,0.025862164795398698,0.025862164795398698
EXJPUSx,2011-08-31,-0.0026394547894597054,-0.036979444324970197,-0.036979444324970197,-0.0026394547894597001,0.0254560057073831,0.0254560057073831
EXJPUSx,2011-09-30,-0.0029087846633046865,-0.0375035628676414,-0.0375035628676414,-0.0029087848961352998,0.025253526866436001,0.025253526866436001
EXJPUSx,2011-10-31,-0.0026008603163063526,-0.037406247109174701,-0.037406247109174701,-0.0026008603163063001,0.025449713692069002,0.025449713692069002
EXJPUSx,2011-11-30,-0.0020373696461319923,-0.0371288247406482,-0.0371288247406482,-0.0020373696461319,0.026055786758661201,0.026055786758661201
EXJPUSx,2011-12-31,-0.0018014360684901476,-0.037009123712778001,-0.037009123712778001,-0.0018014358356595,0.026261489838361698,0.026261489838361698
EXJPUSx,2012-01-31,-0.0019342291634529829,-0.037402357906103099,-0.037402357906103099,-0.0019342293962836001,0.026210270822048101,0.026210270822048101
EXJPUSx,2012-02-29,-0.0023239946458488703,-0.037841308861970901,-0.037841308861970901,-0.0023239944130182002,0.025936651974916399,0.025936651974916399
EXJPUSx,2012-03-31,-0.0026567766908556223,-0.038762893527746201,-0.038762893527746201,-0.0026567764580249001,0.026020975783467199,0.026020975783467199
EXJPUSx,2012-04-30,-0.002613358898088336,-0.038610547780990601,-0.038610547780990601,-0.0026133591309188998,0.025994384661316799,0.025994384661316799
EXJPUSx,2012-05-31,-0.0021806862205266953,-0.038218177855014801,-0.038218177855014801,-0.0021806862205265998,0.0263044722378253,0.0263044722378253
EXJPUSx,2012-06-30,-0.0015028334455564618,-0.037202637642621897,-0.037202637642621897,-0.0015028333291411001,0.026931362226605401,0.026931362226605401
EXJPUSx,2012-07-31,-0.0013435950968414545,-0.037063460797071401,-0.037063460797071401,-0.0013435948640108,0.026844842359423599,0.026844842359423599
EXJPUSx,2012-08-31,-0.0014608768979087472,-0.037586491554975503,-0.037586491554975503,-0.0014608767814934,0.027202159166336001,0.027202159166336001
EXJPUSx,2012-09-30,-0.0019657043740153313,-0.038330480456352199,-0.038330480456352199,-0.0019657043740153,0.026863561943173402,0.026863561943173402
EXJPUSx,2012-10-31,-0.0023214232642203569,-0.038727648556232397,-0.038727648556232397,-0.0023214230313896998,0.026520967483520501,0.026520967483520501
EXJPUSx,2012-11-30,-0.0023407342378050089,-0.038698475807905197,-0.038698475807905197,-0.0023407340049743002,0.026106661185622201,0.026106661185622201
EXJPUSx,2012-12-31,-0.0021097366698086262,-0.038243055343627902,-0.038243055343627902,-0.0021097366698086002,0.026058280840516,0.026058280840516
EXJPUSx,2013-01-31,-0.0016150247538462281,-0.037800833582878099,-0.037800833582878099,-0.0016150246374309,0.026779474690556498,0.026779474690556498
EXSZUSx,2011-02-28,-0.003271809546276927,-0.035728253424167598,-0.035728253424167598,-0.0032718097791075,0.028053430840373001,0.028053430840373001
EXSZUSx,2011-03-31,-0.0029034358449280262,-0.037879697978496503,-0.037879697978496503,-0.0029034358449280002,0.030599527060985499,0.030599527060985499
EXSZUSx,2011-04-30,-0.0027941754087805748,-0.039245486259460401,-0.039245486259460401,-0.0027941754087805002,0.031784962862729998,0.031784962862729998
EXSZUSx,2011-05-31,-0.0022667469456791878,-0.039883945137262303,-0.039883945137262303,-0.0022667469456791002,0.033038180321455002,0.033038180321455002
EXSZUSx,2011-06-30,-0.0011099968105554581,-0.038903158158063798,-0.038903158158063798,-0.0011099968105554,0.034529015421867301,0.034529015421867301
EXSZUSx,2011-07-31,-0.00073576346039772034,-0.0388879626989364,-0.0388879626989364,-0.00073576346039769995,0.035276662558317101,0.035276662558317101
EXSZUSx,2011-08-31,-0.0011217111023142934,-0.039569031447172102,-0.039569031447172102,-0.0011217109858989,0.035031579434871597,0.035031579434871597
EXSZUSx,2011-09-30,-0.0016150453593581915,-0.040299378335475901,-0.040299378335475901,-0.0016150455921888,0.034506559371948201,0.034506559371948201
EXSZUSx,2011-10-31,-0.0017040115781128407,-0.040287550538778298,-0.040287550538778298,-0.0017040115781128001,0.034309562295675201,0.034309562295675201
EXSZUSx,2011-11-30,-0.0013479863991960883,-0.040324054658412899,-0.040324054658412899,-0.0013479865156113999,0.034670054912567097,0.034670054912567097
EXSZUSx,2011-12-31,-0.0012718259822577238,-0.040382191538810702,-0.040382191538810702,-0.0012718262150883,0.034710481762885999,0.034710481762885999
EXSZUSx,2012-01-31,-0.0012199458433315158,-0.040409330278634997,-0.040409330278634997,-0.0012199459597468001,0.034819331020116799,0.034819331020116799
EXSZUSx,2012-02-29,-0.001320015056990087,-0.040754958987236002,-0.040754958987236002,-0.0013200151734054,0.034656859934329903,0.034656859934329903
EXSZUSx,2012-03-31,-0.0011852025054395199,-0.041262790560722303,-0.041262790560722303,-0.0011852025054394999,0.035532113164663301,0.035532113164663301
EXSZUSx,2012-04-30,-0.0012011441867798567,-0.041164059191942201,-0.041164059191942201,-0.0012011444196104999,0.035431858152151101,0.035431858152151101
EXSZUSx,2012-05-31,-0.00088286981917917728,-0.041042480617761598,-0.041042480617761598,-0.00088286958634850002,0.035903602838516201,0.035903602838516201
EXSZUSx,2012-06-30,-0.00056121381931006908,-0.040707487612962702,-0.040707487612962702,-0.00056121405214070005,0.036173459142446497,0.036173459142446497
EXSZUSx,2012-07-31,-0.00074973446317017078,-0.041037362068891498,-0.041037362068891498,-0.00074973423033950003,0.0359398834407329,0.0359398834407329
EXSZUSx,2012-08-31,-0.00072681647725403309,-0.041813429445028298,-0.041813429445028298,-0.00072681624442329999,0.036549821496009799,0.036549821496009799
EXSZUSx,2012-09-30,-0.00071526202373206615,-0.042108163237571702,-0.042108163237571702,-0.00071526225656270005,0.036604121327400201,0.036604121327400201
EXSZUSx,2012-10-31,-0.00091098621487617493,-0.042605634778738001,-0.042605634778738001,-0.00091098621487610001,0.0364785939455032,0.0364785939455032
EXSZUSx,2012-11-30,-0.00092998938634991646,-0.042315538972616099,-0.042315538972616099,-0.00092998938634989998,0.036072686314582797,0.036072686314582797
EXSZUSx,2012-12-31,-0.00088062835857272148,-0.042358737438917098,-0.042358737438917098,-0.00088062835857270001,0.036127060651779098,0.036127060651779098
EXSZUSx,2013-01-31,-0.00058988016098737717,-0.042110193520784302,-0.042110193520784302,-0.00058988016098729997,0.036692291498184197,0.036692291498184197
EXUSUKx,2011-02-28,0.0045265946537256241,-0.02588627114892,-0.02588627114892,0.0045265947701408999,0.033987682312726898,0.033987682312726898
EXUSUKx,2011-03-31,0.00084899296052753925,-0.0316984243690967,-0.0316984243690967,0.00084899272769679997,0.032584674656391102,0.032584674656391102
EXUSUKx,2011-04-30,0.00035775080323219299,-0.033465232700109399,-0.033465232700109399,0.00035775080323210002,0.033120714128017398,0.033120714128017398
EXUSUKx,2011-05-31,0.00079418288078159094,-0.033859457820653902,-0.033859457820653902,0.00079418299719689997,0.034236017614603001,0.034236017614603001
EXUSUKx,2011-06-30,2.620345912873745e-05,-0.0346247218549251,-0.0346247218549251,2.6203691959381104e-05,0.033561304211616502,0.033561304211616502
EXUSUKx,2011-07-31,0.0004632964264601469,-0.034397933632135301,-0.034397933632135301,0.00046329665929070003,0.034134410321712397,0.034134410321712397
EXUSUKx,2011-08-31,0.00037127919495105743,-0.034936062991619103,-0.034936062991619103,0.00037127919495100003,0.034168709069490398,0.034168709069490398
EXUSUKx,2011-09-30,5.1196431741118431e-05,-0.035171128809452001,-0.035171128809452001,5.1196664571762085e-05,0.0340096615254879,0.0340096615254879
EXUSUKx,2011-10-31,-0.0001450146664865315,-0.035154722630977603,-0.035154722630977603,-0.00014501484110950001,0.033687260001897798,0.033687260001897798
EXUSUKx,2011-11-30,-0.00013348233187571168,-0.035176016390323597,-0.035176016390323597,-0.000133482273668,0.033686943352222401,0.033686943352222401
EXUSUKx,2011-12-31,-0.00038587875314988196,-0.035290919244289398,-0.035290919244289398,-0.00038587860763070002,0.033499591052532099,0.033499591052532099
EXUSUKx,2012-01-31,-0.00037164523382671177,-0.035487357527017503,-0.035487357527017503,-0.0003716452047228,0.033504575490951503,0.033504575490951503
EXUSUKx,2012-02-29,-0.00042551045771688223,-0.035414125770330401,-0.035414125770330401,-0.00042551057413219999,0.033359162509441299,0.033359162509441299
EXUSUKx,2012-03-31,-0.00036979600554332137,-0.036224514245986897,-0.036224514245986897,-0.00036979606375089999,0.033976040780544198,0.033976040780544198
EXUSUKx,2012-04-30,-0.00042637667502276599,-0.036211952567100497,-0.036211952567100497,-0.00042637670412650001,0.033811058849096298,0.033811058849096298
EXUSUKx,2012-05-31,-0.00058246206026524305,-0.036549028009176199,-0.036549028009176199,-0.00058246217668050005,0.033801138401031397,0.033801138401031397
EXUSUKx,2012-06-30,-0.00062892620917409658,-0.036561772227287202,-0.036561772227287202,-0.00062892632558939998,0.0336840227246284,0.0336840227246284
EXUSUKx,2012-07-31,-0.00068061880301684141,-0.036834545433521201,-0.036834545433521201,-0.00068061891943210003,0.033655244857072802,0.033655244857072802
EXUSUKx,2012-08-31,-0.0005908644525334239,-0.037227913737297003,-0.037227913737297003,-0.00059086456894869997,0.034571647644042899,0.034571647644042899
EXUSUKx,2012-09-30,-0.00031903205672279,-0.037053402513265603,-0.037053402513265603,-0.00031903199851509998,0.0347749553620815,0.0347749553620815
EXUSUKx,2012-10-31,-0.00025794707471504807,-0.0369747094810009,-0.0369747094810009,-0.00025794701650729999,0.035014335066080003,0.035014335066080003
EXUSUKx,2012-11-30,-0.00072095461655408144,-0.037176433950662599,-0.037176433950662599,-0.00072095450013869998,0.034348685294389697,0.034348685294389697
EXUSUKx,2012-12-31,-0.0007125591509975493,-0.037053514271974501,-0.037053514271974501,-0.00071255909278980002,0.034156747162342002,0.034156747162342002
EXUSUKx,2013-01-31,-0.00071176898200064898,-0.037342399358749299,-0.037342399358749299,-0.00071176886558530004,0.034301377832889501,0.034301377832889501
FEDFUNDS,2011-02-28,-0.012071059085428715,-0.075413130223750999,-0.075413130223750999,-0.012071059085428699,0.025772788561880498,0.025772788561880498
FEDFUNDS,2011-03-31,-0.0094884652644395828,-0.0812219828367233,-0.0812219828367233,-0.0094884652644394996,0.032837666571140199,0.032837666571140199
FEDFUNDS,2011-04-30,-0.011035843752324581,-0.092983499169349601,-0.092983499169349601,-0.0110358437523245,0.033796109259128501,0.033796109259128501
FEDFUNDS,2011-05-31,-0.01171524915844202,-0.1021394282579422,-0.1021394282579422,-0.011715249158442,0.034321177750825799,0.034321177750825799
FEDFUNDS,2011-06-30,-0.013288919813930988,-0.1116008013486862,-0.1116008013486862,-0.0132889198139309,0.043322600424289703,0.043322600424289703
FEDFUNDS,2011-07-31,-0.01151647511869669,-0.11785081028938291,-0.11785081028938291,-0.011516475118696599,0.052015181630849797,0.052015181630849797
FEDFUNDS,2011-08-31,-0.016250994056463242,-0.13426235318183899,-0.13426235318183899,-0.0162509940564632,0.048915412276983199,0.048915412276983199
FEDFUNDS,2011-09-30,-0.017606578767299652,-0.1450453102588653,-0.1450453102588653,-0.0176065787672996,0.057900372892618103,0.057900372892618103
FEDFUNDS,2011-10-31,-0.015921305865049362,-0.15421870350837699,-0.15421870350837699,-0.0159213058650493,0.065620072185993195,0.065620072185993195
FEDFUNDS,2011-11-30,-0.016605746001005173,-0.1651525944471359,-0.1651525944471359,-0.0166057460010051,0.074928790330886799,0.074928790330886799
FEDFUNDS,2011-12-31,-0.016574954614043236,-0.17385981976985929,-0.17385981976985929,-0.016574954614043201,0.080504968762397697,0.080504968762397697
FEDFUNDS,2012-01-31,-0.016884554177522659,-0.18367196619510651,-0.18367196619510651,-0.0168845541775226,0.085588827729225103,0.085588827729225103
FEDFUNDS,2012-02-29,-0.017259551212191582,-0.1965995728969574,-0.1965995728969574,-0.017259551212191498,0.094777792692184407,0.094777792692184407
FEDFUNDS,2012-03-31,-0.018121421337127686,-0.1963648796081543,-0.1963648796081543,-0.018121421337127599,0.094107300043105996,0.094107300043105996
FEDFUNDS,2012-04-30,-0.015651922672986984,-0.20186324417591089,-0.20186324417591089,-0.015651922672986901,0.1072973534464836,0.1072973534464836
FEDFUNDS,2012-05-31,-0.013716052286326885,-0.207933560013771,-0.207933560013771,-0.013716053217649401,0.1156679615378379,0.1156679615378379
FEDFUNDS,2012-06-30,-0.011836467310786247,-0.20878839492797849,-0.20878839492797849,-0.0118364673107862,0.1195151433348655,0.1195151433348655
FEDFUNDS,2012-07-31,-0.011189786717295647,-0.20957936346530909,-0.20957936346530909,-0.0111897867172956,0.1187506690621376,0.1187506690621376
FEDFUNDS,2012-08-31,-0.012363453395664692,-0.22912488877773279,-0.22912488877773279,-0.0123634524643421,0.13196249306201929,0.13196249306201929
FEDFUNDS,2012-09-30,-0.01200783159583807,-0.23054870963096619,-0.23054870963096619,-0.012007832527160599,0.13815877959132189,0.13815877959132189
FEDFUNDS,2012-10-31,-0.013205454684793949,-0.23420077562332151,-0.23420077562332151,-0.0132054537534713,0.13349045813083649,0.13349045813083649
FEDFUNDS,2012-11-30,-0.014541319571435452,-0.23628047108650199,-0.23628047108650199,-0.014541320502758,0.1299540102481842,0.1299540102481842
FEDFUNDS,2012-12-31,-0.012345453724265099,-0.23678746819496149,-0.23678746819496149,-0.012345453724265,0.13393302261829371,0.13393302261829371
FEDFUNDS,2013-01-31,-0.010306872427463531,-0.2443016916513443,-0.2443016916513443,-0.0103068724274635,0.14587846398353571,0.14587846398353571
GS1,2011-02-28,-0.010129574686288834,-0.1548160314559936,-0.1548160314559936,-0.010129574686288801,0.1150092259049415,0.1150092259049415
GS1,2011-03-31,-0.0056045609526336193,-0.16145175695419309,-0.16145175695419309,-0.0056045614182948997,0.1286023259162902,0.1286023259162902
GS1,2011-04-30,-0.0027074040845036507,-0.16651034355163569,-0.16651034355163569,-0.0027074031531810002,0.13596257567405701,0.13596257567405701
GS1,2011-05-31,-0.0010366253554821014,-0.1685500741004943,-0.1685500741004943,-0.0010366253554820999,0.1398392915725708,0.1398392915725708
GS1,2011-06-30,5.9654004871845245e-05,-0.17209821939468381,-0.17209821939468381,5.9654936194419861e-05,0.1452969014644622,0.1452969014644622
GS1,2011-07-31,0.00017944257706403732,-0.17471715807914731,-0.17471715807914731,0.00017944350838660001,0.14940524101257319,0.14940524101257319
GS1,2011-08-31,-0.0025684935972094536,-0.18277579545974729,-0.18277579545974729,-0.002568494528532,0.14523208141326899,0.14523208141326899
GS1,2011-09-30,-0.0085418689996004105,-0.19160807132720939,-0.19160807132720939,-0.0085418689996004001,0.14515587687492371,0.14515587687492371
GS1,2011-10-31,-0.010429980233311653,-0.19720062613487241,-0.19720062613487241,-0.010429980233311599,0.14743241667747489,0.14743241667747489
GS1,2011-11-30,-0.011810759082436562,-0.2029139697551727,-0.2029139697551727,-0.011810759082436499,0.1482996940612793,0.1482996940612793
GS1,2011-12-31,-0.012892146594822407,-0.20613881945610041,-0.20613881945610041,-0.012892145663499799,0.14717882871627799,0.14717882871627799
GS1,2012-01-31,-0.016083503141999245,-0.2096447944641113,-0.2096447944641113,-0.016083501279353998,0.14354011416435239,0.14354011416435239
GS1,2012-02-29,-0.015973351895809174,-0.21739506721496579,-0.21739506721496579,-0.015973351895809101,0.15091747045516959,0.15091747045516959
GS1,2012-03-31,-0.015389740467071533,-0.2131336629390716,-0.2131336629390716,-0.0153897404670715,0.1506020724773407,0.1506020724773407
GS1,2012-04-30,-0.013487846590578556,-0.21653681993484489,-0.21653681993484489,-0.0134878456592559,0.1569836735725402,0.1569836735725402
GS1,2012-05-31,-0.015240202657878399,-0.22241309285163879,-0.22241309285163879,-0.015240203589200901,0.1575736403465271,0.1575736403465271
GS1,2012-06-30,-0.015185089781880379,-0.22389107942581171,-0.22389107942581171,-0.0151850916445255,0.1595350503921508,0.1595350503921508
GS1,2012-07-31,-0.014126233756542206,-0.22313734889030451,-0.22313734889030451,-0.014126233756542201,0.1619943678379058,0.1619943678379058
GS1,2012-08-31,-0.016033003106713295,-0.2367160618305206,-0.2367160618305206,-0.016033004969358399,0.16896331310272211,0.16896331310272211
GS1,2012-09-30,-0.018479000777006149,-0.24542710185050959,-0.24542710185050959,-0.018479000777006101,0.1696539223194122,0.1696539223194122
GS1,2012-10-31,-0.021021734923124313,-0.2453460097312927,-0.2453460097312927,-0.021021734923124299,0.166818767786026,0.166818767786026
GS1,2012-11-30,-0.022107377648353577,-0.2456510066986084,-0.2456510066986084,-0.0221073776483535,0.1653476655483245,0.1653476655483245
GS1,2012-12-31,-0.021994415670633316,-0.2503344714641571,-0.2503344714641571,-0.021994415670633299,0.16523748636245719,0.16523748636245719
GS1,2013-01-31,-0.022255897521972656,-0.25730457901954651,-0.25730457901954651,-0.022255897521972601,0.17337432503700251,0.17337432503700251
GS10,2011-02-28,-0.003713265061378479,-0.34945923089981079,-0.34945923089981079,-0.0037132650613784001,0.3523501455783844,0.3523501455783844
GS10,2011-03-31,0.02655438706278801,-0.34971645474433899,-0.34971645474433899,0.026554387062787999,0.41789880394935608,0.41789880394935608
GS10,2011-04-30,0.040010485798120499,-0.35362347960472101,-0.35362347960472101,0.040010485798120499,0.45111286640167231,0.45111286640167231
GS10,2011-05-31,0.018475418910384178,-0.38464650511741638,-0.38464650511741638,0.018475417047739001,0.44283393025398249,0.44283393025398249
GS10,2011-06-30,0.0073130549862980843,-0.39928746223449701,-0.39928746223449701,0.0073130577802658003,0.43804976344108582,0.43804976344108582
GS10,2011-07-31,0.010152156464755535,-0.39671128988265991,-0.39671128988265991,0.010152153670787799,0.44656503200531,0.44656503200531
GS10,2011-08-31,0.0055652298033237457,-0.40958148241043091,-0.40958148241043091,0.0055652260780334004,0.44559672474861139,0.44559672474861139
GS10,2011-09-30,0.00013035675510764122,-0.41384673118591309,-0.41384673118591309,0.00013035535812369999,0.44206750392913818,0.44206750392913818
GS10,2011-10-31,-0.0078368512913584709,-0.42421004176139832,-0.42421004176139832,-0.0078368484973907002,0.435304045677185,0.435304045677185
GS10,2011-11-30,-0.014583154581487179,-0.43318367004394531,-0.43318367004394531,-0.0145831555128097,0.4289992749691009,0.4289992749691009
GS10,2011-12-31,-0.0047518019564449787,-0.42504957318305969,-0.42504957318305969,-0.0047518014907836003,0.4395163357257843,0.4395163357257843
GS10,2012-01-31,-0.0046399361453950405,-0.42384740710258478,-0.42384740710258478,-0.0046399384737013999,0.441213458776474,0.441213458776474
GS10,2012-02-29,-0.0098470356315374374,-0.42959734797477722,-0.42959734797477722,-0.0098470374941824999,0.4349659383296966,0.4349659383296966
GS10,2012-03-31,-0.0057568168267607689,-0.43075263500213617,-0.43075263500213617,-0.0057568177580833001,0.4401561021804809,0.4401561021804809
GS10,2012-04-30,-0.0033726529218256474,-0.42822086811065668,-0.42822086811065668,-0.0033726543188095002,0.44316646456718439,0.44316646456718439
GS10,2012-05-31,-0.0093913935124874115,-0.43445026874542231,-0.43445026874542231,-0.0093913972377776996,0.43592435121536249,0.43592435121536249
GS10,2012-06-30,-0.013022167608141899,-0.4367249608039856,-0.4367249608039856,-0.013022169470787,0.43272989988327021,0.43272989988327021
GS10,2012-07-31,-0.014321271330118179,-0.4363735020160675,-0.4363735020160675,-0.014321267604827799,0.42946687340736389,0.42946687340736389
GS10,2012-08-31,-0.017461944371461868,-0.44616267085075378,-0.44616267085075378,-0.0174619406461715,0.43503481149673462,0.43503481149673462
GS10,2012-09-30,-0.016320491209626198,-0.44474145770072931,-0.44474145770072931,-0.016320489346981,0.43385705351829529,0.43385705351829529
GS10,2012-10-31,-0.022230127826333046,-0.44965910911560059,-0.44965910911560059,-0.0222301259636878,0.42856580018997192,0.42856580018997192
GS10,2012-11-30,-0.018080189824104309,-0.4410686194896698,-0.4410686194896698,-0.018080189824104299,0.42743787169456482,0.42743787169456482
GS10,2012-12-31,-0.015207207761704922,-0.44128262996673578,-0.44128262996673578,-0.015207208693027399,0.42732313275337219,0.42732313275337219
GS10,2013-01-31,-0.010726477950811386,-0.43642058968544001,-0.43642058968544001,-0.010726474225520999,0.43585875630378718,0.43585875630378718
GS5,2011-02-28,-0.048826098442077637,-0.41513893008232111,-0.41513893008232111,-0.048826098442077602,0.32726281881332397,0.32726281881332397
GS5,2011-03-31,-0.010924631729722023,-0.40596294403076172,-0.40596294403076172,-0.010924629867076799,0.39857631921768188,0.39857631921768188
GS5,2011-04-30,0.017498500645160675,-0.39101690053939819,-0.39101690053939819,0.017498500645160599,0.44303521513938898,0.44303521513938898
GS5,2011-05-31,0.0085057169198989868,-0.4056117832660675,-0.4056117832660675,0.0085057169198989001,0.44325262308120728,0.44325262308120728
GS5,2011-06-30,0.0026962822303175926,-0.41332432627677917,-0.41332432627677917,0.0026962831616401,0.44107240438461298,0.44107240438461298
GS5,2011-07-31,0.00063190702348947525,-0.41402485966682429,-0.41402485966682429,0.00063190609216689998,0.44185534119606018,0.44185534119606018
GS5,2011-08-31,-0.0035234540700912476,-0.42357069253921509,-0.42357069253921509,-0.0035234540700911999,0.43910887837409968,0.43910887837409968
GS5,2011-09-30,-0.012123910710215569,-0.42879018187522888,-0.42879018187522888,-0.0121239125728607,0.4330621063709259,0.4330621063709259
GS5,2011-10-31,-0.014879972673952579,-0.43421304225921631,-0.43421304225921631,-0.01487997174263,0.43146976828575129,0.43146976828575129
GS5,2011-11-30,-0.017889268696308136,-0.4405797123908996,-0.4405797123908996,-0.017889268696308101,0.42973044514656061,0.42973044514656061
GS5,2011-12-31,-0.014392809942364693,-0.4398216307163238,-0.4398216307163238,-0.0143928080797195,0.43422776460647577,0.43422776460647577
GS5,2012-01-31,-0.016610369086265564,-0.4431951642036438,-0.4431951642036438,-0.016610369086265502,0.4345645010471344,0.4345645010471344
GS5,2012-02-29,-0.014618786051869392,-0.4427759051322937,-0.4427759051322937,-0.0146187841892242,0.4374440610408783,0.4374440610408783
GS5,2012-03-31,-0.0095575032755732536,-0.44243115186691279,-0.44243115186691279,-0.0095575004816055003,0.44531714916229248,0.44531714916229248
GS5,2012-04-30,-0.0067036831751465797,-0.44062632322311401,-0.44062632322311401,-0.0067036822438239999,0.44706863164901728,0.44706863164901728
GS5,2012-05-31,-0.013249922543764114,-0.44695848226547241,-0.44695848226547241,-0.0132499188184738,0.44069293141365051,0.44069293141365051
GS5,2012-06-30,-0.017683740705251694,-0.4493605494499206,-0.4493605494499206,-0.017683736979961302,0.4362551867961883,0.4362551867961883
GS5,2012-07-31,-0.021006491035223007,-0.4512723982334137,-0.4512723982334137,-0.021006494760513299,0.43163534998893738,0.43163534998893738
GS5,2012-08-31,-0.023129910230636597,-0.45991012454032898,-0.45991012454032898,-0.0231299102306365,0.43873235583305359,0.43873235583305359
GS5,2012-09-30,-0.020697047933936119,-0.45940870046615601,-0.45940870046615601,-0.020697049796581199,0.44015121459960938,0.44015121459960938
GS5,2012-10-31,-0.024289971217513084,-0.46122109889984131,-0.46122109889984131,-0.024289973080158199,0.4368554949760437,0.4368554949760437
GS5,2012-11-30,-0.019505821168422699,-0.45207065343856812,-0.45207065343856812,-0.019505821168422699,0.43712624907493591,0.43712624907493591
GS5,2012-12-31,-0.015576809644699097,-0.45017889142036438,-0.45017889142036438,-0.015576809644699,0.43904313445091248,0.43904313445091248
GS5,2013-01-31,-0.017421204596757889,-0.45331436395645142,-0.45331436395645142,-0.017421208322048101,0.4409203827381134,0.4409203827381134
HOUST,2011-02-28,6.4258098602294922,6.3357076644897461,6.3357076644897461,6.4258098602294922,6.5159764289855957,6.5159764289855957
HOUST,2011-03-31,6.4375505447387695,6.339634895324707,6.339634895324707,6.4375505447387695,6.5275521278381348,6.5275521278381348
HOUST,2011-04-30,6.4499044418334961,6.3440389633178711,6.3440389633178711,6.4499044418334961,6.5409488677978516,6.5409488677978516
HOUST,2011-05-31,6.4620685577392578,6.3571443557739258,6.3571443557739258,6.4620685577392578,6.5588374137878418,6.5588374137878418
HOUST,2011-06-30,6.4842662811279297,6.3747067451477051,6.3747067451477051,6.4842662811279297,6.583641529083252,6.583641529083252
HOUST,2011-07-31,6.4927582740783691,6.3806858062744141,6.3806858062744141,6.4927582740783691,6.594874382019043,6.594874382019043
HOUST,2011-08-31,6.5139365196228027,6.4037284851074219,6.4037284851074219,6.5139365196228027,6.6242823600769043,6.6242823600769043
HOUST,2011-09-30,6.5388493537902832,6.4284582138061523,6.4284582138061523,6.5388493537902832,6.6412248611450195,6.6412248611450195
HOUST,2011-10-31,6.5520896911621094,6.4449396133422852,6.4449396133422852,6.5520896911621094,6.651984691619873,6.651984691619873
HOUST,2011-11-30,6.5579719543457031,6.4481620788574219,6.4481620788574219,6.5579719543457031,6.6610336303710938,6.6610336303710938
HOUST,2011-12-31,6.5765180587768555,6.4706058502197266,6.4706058502197266,6.5765180587768555,6.6776304244995117,6.6776304244995117
HOUST,2012-01-31,6.5948200225830078,6.4847073554992676,6.4847073554992676,6.5948200225830078,6.70587158203125,6.70587158203125
HOUST,2012-02-29,6.6031956672668457,6.4941525459289551,6.4941525459289551,6.6031956672668457,6.7022495269775391,6.7022495269775391
HOUST,2012-03-31,6.6132359504699707,6.5038871765136719,6.5038871765136719,6.6132359504699707,6.7158670425415039,6.7158670425415039
HOUST,2012-04-30,6.6146049499511719,6.5115852355957031,6.5115852355957031,6.6146049499511719,6.7176885604858398,6.7176885604858398
HOUST,2012-05-31,6.6231975555419922,6.525515079498291,6.525515079498291,6.6231975555419922,6.7238507270812988,6.7238507270812988
HOUST,2012-06-30,6.6362285614013672,6.5256071090698242,6.5256071090698242,6.6362285614013672,6.7387228012084961,6.7387228012084961
HOUST,2012-07-31,6.6514439582824707,6.543367862701416,6.543367862701416,6.6514439582824707,6.7537851333618164,6.7537851333618164
HOUST,2012-08-31,6.6682877540588379,6.5561385154724121,6.5561385154724121,6.6682877540588379,6.7709259986877441,6.7709259986877441
HOUST,2012-09-30,6.681917667388916,6.5726909637451172,6.5726909637451172,6.681917667388916,6.7881231307983398,6.7881231307983398
HOUST,2012-10-31,6.7007136344909668,6.5926132202148438,6.5926132202148438,6.7007136344909668,6.7975902557373047,6.7975902557373047
HOUST,2012-11-30,6.7094621658325195,6.5904955863952637,6.5904955863952637,6.7094621658325195,6.820796012878418,6.820796012878418
HOUST,2012-12-31,6.7180089950561523,6.5978927612304688,6.5978927612304688,6.7180089950561523,6.8257226943969727,6.8257226943969727
HOUST,2013-01-31,6.7224926948547363,6.6093525886535645,6.6093525886535645,6.7224926948547363,6.8266210556030273,6.8266210556030273
HOUSTMW,2011-02-28,4.6901178359985352,4.4764351844787598,4.4764351844787598,4.6901178359985352,4.8760638236999512,4.8760638236999512
HOUSTMW,2011-03-31,4.6871976852416992,4.441645622253418,4.441645622253418,4.6871976852416992,4.8926224708557129,4.8926224708557129
HOUSTMW,2011-04-30,4.6932587623596191,4.4230012893676758,4.4230012893676758,4.6932587623596191,4.9262299537658691,4.9262299537658691
HOUSTMW,2011-05-31,4.7061567306518555,4.4201393127441406,4.4201393127441406,4.7061567306518555,4.9536018371582031,4.9536018371582031
HOUSTMW,2011-06-30,4.7270345687866211,4.4367632865905762,4.4367632865905762,4.7270345687866211,4.9797077178955078,4.9797077178955078
HOUSTMW,2011-07-31,4.7488951683044434,4.4465513229370117,4.4465513229370117,4.7488951683044434,5.0113162994384766,5.0113162994384766
HOUSTMW,2011-08-31,4.7800378799438477,4.4673614501953125,4.4673614501953125,4.7800378799438477,5.0598816871643066,5.0598816871643066
HOUSTMW,2011-09-30,4.7946434020996094,4.4704933166503906,4.4704933166503906,4.7946434020996094,5.0806736946105957,5.0806736946105957
HOUSTMW,2011-10-31,4.8008575439453125,4.4790616035461426,4.4790616035461426,4.8008575439453125,5.0912542343139648,5.0912542343139648
HOUSTMW,2011-11-30,4.8137578964233398,4.4801931381225586,4.4801931381225586,4.8137578964233398,5.106696605682373,5.106696605682373
HOUSTMW,2011-12-31,4.825139045715332,4.4897141456604004,4.4897141456604004,4.825139045715332,5.1189384460449219,5.1189384460449219
HOUSTMW,2012-01-31,4.833824634552002,4.4977560043334961,4.4977560043334961,4.833824634552002,5.1319189071655273,5.1319189071655273
HOUSTMW,2012-02-29,4.8437409400939941,4.5081496238708496,4.5081496238708496,4.8437409400939941,5.1290063858032227,5.1290063858032227
HOUSTMW,2012-03-31,4.8583669662475586,4.5229940414428711,4.5229940414428711,4.8583669662475586,5.154693603515625,5.154693603515625
HOUSTMW,2012-04-30,4.8771367073059082,4.5372757911682129,4.5372757911682129,4.8771367073059082,5.1705489158630371,5.1705489158630371
HOUSTMW,2012-05-31,4.8863840103149414,4.5435113906860352,4.5435113906860352,4.8863840103149414,5.1773662567138672,5.1773662567138672
HOUSTMW,2012-06-30,4.8974103927612305,4.5529298782348633,4.5529298782348633,4.8974103927612305,5.1957740783691406,5.1957740783691406
HOUSTMW,2012-07-31,4.9270634651184082,4.5820245742797852,4.5820245742797852,4.9270634651184082,5.21636962890625,5.21636962890625
HOUSTMW,2012-08-31,4.9411864280700684,4.590580940246582,4.590580940246582,4.9411864280700684,5.240816593170166,5.240816593170166
HOUSTMW,2012-09-30,4.9617867469787598,4.609931468963623,4.609931468963623,4.9617867469787598,5.2717318534851074,5.2717318534851074
HOUSTMW,2012-10-31,4.9772434234619141,4.6251344680786133,4.6251344680786133,4.9772434234619141,5.2802443504333496,5.2802443504333496
HOUSTMW,2012-11-30,4.9883809089660645,4.6255583763122559,4.6255583763122559,4.9883809089660645,5.3117060661315918,5.3117060661315918
HOUSTMW,2012-12-31,4.9813661575317383,4.624664306640625,4.624664306640625,4.9813661575317383,5.2945828437805176,5.2945828437805176
HOUSTMW,2013-01-31,4.980682373046875,4.6249642372131348,4.6249642372131348,4.980682373046875,5.2891616821289062,5.2891616821289062
HOUSTNE,2011-02-28,4.3498740196228027,4.1049137115478516,4.1049137115478516,4.3498740196228027,4.5630388259887695,4.5630388259887695
HOUSTNE,2011-03-31,4.3368525505065918,4.067965030670166,4.067965030670166,4.3368525505065918,4.5554342269897461,4.5554342269897461
HOUSTNE,2011-04-30,4.3293609619140625,4.0587882995605469,4.0587882995605469,4.3293609619140625,4.5656590461730957,4.5656590461730957
HOUSTNE,2011-05-31,4.329493522644043,4.0540809631347656,4.0540809631347656,4.329493522644043,4.5724763870239258,4.5724763870239258
HOUSTNE,2011-06-30,4.3326005935668945,4.0556373596191406,4.0556373596191406,4.3326005935668945,4.5790815353393555,4.5790815353393555
HOUSTNE,2011-07-31,4.3422245979309082,4.0660419464111328,4.0660419464111328,4.3422245979309082,4.5929117202758789,4.5929117202758789
HOUSTNE,2011-08-31,4.3631582260131836,4.0774993896484375,4.0774993896484375,4.3631582260131836,4.6157422065734863,4.6157422065734863
HOUSTNE,2011-09-30,4.3752784729003906,4.0889296531677246,4.0889296531677246,4.3752784729003906,4.6263480186462402,4.6263480186462402
HOUSTNE,2011-10-31,4.3876128196716309,4.1106071472167969,4.1106071472167969,4.3876128196716309,4.6338396072387695,4.6338396072387695
HOUSTNE,2011-11-30,4.3966798782348633,4.1205730438232422,4.1205730438232422,4.3966798782348633,4.6440949440002441,4.6440949440002441
HOUSTNE,2011-12-31,4.4102911949157715,4.1327190399169922,4.1327190399169922,4.4102911949157715,4.6528282165527344,4.6528282165527344
HOUSTNE,2012-01-31,4.4231767654418945,4.1404170989990234,4.1404170989990234,4.4231767654418945,4.6803855895996094,4.6803855895996094
HOUSTNE,2012-02-29,4.432032585144043,4.1508998870849609,4.1508998870849609,4.432032585144043,4.6708970069885254,4.6708970069885254
HOUSTNE,2012-03-31,4.4500598907470703,4.1703176498413086,4.1703176498413086,4.4500598907470703,4.7083611488342285,4.7083611488342285
HOUSTNE,2012-04-30,4.4545955657958984,4.1746206283569336,4.1746206283569336,4.4545955657958984,4.706291675567627,4.706291675567627
HOUSTNE,2012-05-31,4.4597845077514648,4.1866097450256348,4.1866097450256348,4.4597845077514648,4.712127685546875,4.712127685546875
HOUSTNE,2012-06-30,4.460014820098877,4.1787915229797363,4.1787915229797363,4.460014820098877,4.7185392379760742,4.7185392379760742
HOUSTNE,2012-07-31,4.4631853103637695,4.183077335357666,4.183077335357666,4.4631853103637695,4.7231063842773438,4.7231063842773438
HOUSTNE,2012-08-31,4.4792690277099609,4.1860294342041016,4.1860294342041016,4.4792690277099609,4.7450013160705566,4.7450013160705566
HOUSTNE,2012-09-30,4.4739923477172852,4.1736431121826172,4.1736431121826172,4.4739923477172852,4.7476792335510254,4.7476792335510254
HOUSTNE,2012-10-31,4.4822335243225098,4.1854414939880371,4.1854414939880371,4.4822335243225098,4.752863883972168,4.752863883972168
HOUSTNE,2012-11-30,4.5061478614807129,4.2056422233581543,4.2056422233581543,4.5061478614807129,4.7942347526550293,4.7942347526550293
HOUSTNE,2012-12-31,4.5156526565551758,4.2138309478759766,4.2138309478759766,4.5156526565551758,4.797478199005127,4.797478199005127
HOUSTNE,2013-01-31,4.5183444023132324,4.2236075401306152,4.2236075401306152,4.5183444023132324,4.793877124786377,4.793877124786377
HOUSTS,2011-02-28,5.7094926834106445,5.6244101524353027,5.6244101524353027,5.7094926834106445,5.8099822998046875,5.8099822998046875
HOUSTS,2011-03-31,5.7235627174377441,5.6267223358154297,5.6267223358154297,5.7235627174377441,5.827700138092041,5.827700138092041
HOUSTS,2011-04-30,5.7396016120910645,5.6347813606262207,5.6347813606262207,5.7396016120910645,5.8472309112548828,5.8472309112548828
HOUSTS,2011-05-31,5.7516756057739258,5.6479601860046387,5.6479601860046387,5.7516756057739258,5.868248462677002,5.868248462677002
HOUSTS,2011-06-30,5.7758994102478027,5.6670889854431152,5.6670889854431152,5.7758994102478027,5.8914737701416016,5.8914737701416016
HOUSTS,2011-07-31,5.7846994400024414,5.6739158630371094,5.6739158630371094,5.7846994400024414,5.9043984413146973,5.9043984413146973
HOUSTS,2011-08-31,5.8122997283935547,5.7037453651428223,5.7037453651428223,5.8122997283935547,5.9339942932128906,5.9339942932128906
HOUSTS,2011-09-30,5.8361310958862305,5.7190909385681152,5.7190909385681152,5.8361310958862305,5.9508743286132812,5.9508743286132812
HOUSTS,2011-10-31,5.8566899299621582,5.7482728958129883,5.7482728958129883,5.8566899299621582,5.9691400527954102,5.9691400527954102
HOUSTS,2011-11-30,5.8771443367004395,5.7611498832702637,5.7611498832702637,5.8771443367004395,5.9949512481689453,5.9949512481689453
HOUSTS,2011-12-31,5.8993782997131348,5.7913827896118164,5.7913827896118164,5.8993782997131348,6.0133075714111328,6.0133075714111328
HOUSTS,2012-01-31,5.9254717826843262,5.8088407516479492,5.8088407516479492,5.9254717826843262,6.0484166145324707,6.0484166145324707
HOUSTS,2012-02-29,5.9454121589660645,5.8381080627441406,5.8381080627441406,5.9454121589660645,6.0546755790710449,6.0546755790710449
HOUSTS,2012-03-31,5.9650464057922363,5.8553767204284668,5.8553767204284668,5.9650464057922363,6.0746698379516602,6.0746698379516602
HOUSTS,2012-04-30,5.965364933013916,5.8636250495910645,5.8636250495910645,5.965364933013916,6.0748562812805176,6.0748562812805176
HOUSTS,2012-05-31,5.9654965400695801,5.8670077323913574,5.8670077323913574,5.9654965400695801,6.0722770690917969,6.0722770690917969
HOUSTS,2012-06-30,5.969480037689209,5.8640356063842773,5.8640356063842773,5.969480037689209,6.0807123184204102,6.0807123184204102
HOUSTS,2012-07-31,5.9840965270996094,5.8797221183776855,5.8797221183776855,5.9840965270996094,6.0949616432189941,6.0949616432189941
HOUSTS,2012-08-31,5.991814136505127,5.8911623954772949,5.8911623954772949,5.991814136505127,6.1004228591918945,6.1004228591918945
HOUSTS,2012-09-30,6.0015711784362793,5.9028110504150391,5.9028110504150391,6.0015711784362793,6.1158032417297363,6.1158032417297363
HOUSTS,2012-10-31,6.0183253288269043,5.9173188209533691,5.9173188209533691,6.0183253288269043,6.1188106536865234,6.1188106536865234
HOUSTS,2012-11-30,6.0257511138916016,5.9067549705505371,5.9067549705505371,6.0257511138916016,6.1411972045898438,6.1411972045898438
HOUSTS,2012-12-31,6.0342679023742676,5.9173240661621094,5.9173240661621094,6.0342679023742676,6.1447205543518066,6.1447205543518066
HOUSTS,2013-01-31,6.0409722328186035,5.9359197616577148,5.9359197616577148,6.0409722328186035,6.1478252410888672,6.1478252410888672
HOUSTW,2011-02-28,4.8637809753417969,4.6948952674865723,4.6948952674865723,4.8637809753417969,5.0294017791748047,5.0294017791748047
HOUSTW,2011-03-31,4.8974795341491699,4.7120728492736816,4.7120728492736816,4.8974795341491699,5.0705170631408691,5.0705170631408691
HOUSTW,2011-04-30,4.9196071624755859,4.7242012023925781,4.7242012023925781,4.9196071624755859,5.1020793914794922,5.1020793914794922
HOUSTW,2011-05-31,4.9440193176269531,4.7387628555297852,4.7387628555297852,4.9440193176269531,5.137263298034668,5.137263298034668
HOUSTW,2011-06-30,4.9750523567199707,4.7649707794189453,4.7649707794189453,4.9750523567199707,5.1732316017150879,5.1732316017150879
HOUSTW,2011-07-31,5.0043911933898926,4.7810173034667969,4.7810173034667969,5.0043911933898926,5.2079992294311523,5.2079992294311523
HOUSTW,2011-08-31,5.0301361083984375,4.80267333984375,4.80267333984375,5.0301361083984375,5.2393393516540527,5.2393393516540527
HOUSTW,2011-09-30,5.0494942665100098,4.8166284561157227,4.8166284561157227,5.0494942665100098,5.2525115013122559,5.2525115013122559
HOUSTW,2011-10-31,5.0635480880737305,4.8410730361938477,4.8410730361938477,5.0635480880737305,5.2611794471740723,5.2611794471740723
HOUSTW,2011-11-30,5.0738916397094727,4.8425207138061523,4.8425207138061523,5.0738916397094727,5.2820954322814941,5.2820954322814941
HOUSTW,2011-12-31,5.0839567184448242,4.8573684692382812,4.8573684692382812,5.0839567184448242,5.2884869575500488,5.2884869575500488
HOUSTW,2012-01-31,5.0926132202148438,4.8534188270568848,4.8534188270568848,5.0926132202148438,5.3119187355041504,5.3119187355041504
HOUSTW,2012-02-29,5.1002845764160156,4.8639788627624512,4.8639788627624512,5.1002845764160156,5.3045220375061035,5.3045220375061035
HOUSTW,2012-03-31,5.1168375015258789,4.879697322845459,4.879697322845459,5.1168375015258789,5.3309879302978516,5.3309879302978516
HOUSTW,2012-04-30,5.1168637275695801,4.8824291229248047,4.8824291229248047,5.1168637275695801,5.326622486114502,5.326622486114502
HOUSTW,2012-05-31,5.1390261650085449,4.9091644287109375,4.9091644287109375,5.1390261650085449,5.3479700088500977,5.3479700088500977
HOUSTW,2012-06-30,5.1579375267028809,4.9182209968566895,4.9182209968566895,5.1579375267028809,5.367032527923584,5.367032527923584
HOUSTW,2012-07-31,5.1845345497131348,4.9467697143554688,4.9467697143554688,5.1845345497131348,5.3963489532470703,5.3963489532470703
HOUSTW,2012-08-31,5.2086358070373535,4.9673705101013184,4.9673705101013184,5.2086358070373535,5.4128870964050293,5.4128870964050293
HOUSTW,2012-09-30,5.2337980270385742,4.9895443916320801,4.9895443916320801,5.2337980270385742,5.4428877830505371,5.4428877830505371
HOUSTW,2012-10-31,5.2421035766601562,5.0031657218933105,5.0031657218933105,5.2421035766601562,5.4373888969421387,5.4373888969421387
HOUSTW,2012-11-30,5.2555084228515625,5.002037525177002,5.002037525177002,5.2555084228515625,5.4723520278930664,5.4723520278930664
HOUSTW,2012-12-31,5.2726688385009766,5.0238385200500488,5.0238385200500488,5.2726688385009766,5.4754343032836914,5.4754343032836914
HOUSTW,2013-01-31,5.2850375175476074,5.0425834655761719,5.0425834655761719,5.2850375175476074,5.4831218719482422,5.4831218719482422
HWI,2011-02-28,-17.674489974975586,-267.69277954101562,-267.69277954101562,-17.674491882324219,228.69378662109375,228.69378662109375
HWI,2011-03-31,-16.152416229248047,-277.2825927734375,-277.2825927734375,-16.152416229248047,240.51313781738281,240.51313781738281
HWI,2011-04-30,20.302770614624023,-247.63851928710935,-247.63851928710935,20.302772521972656,281.10726928710938,281.10726928710938
HWI,2011-05-31,-52.234016418457031,-324.370849609375,-324.370849609375,-52.234016418457031,211.96031188964844,211.96031188964844
HWI,2011-06-30,-21.263801574707031,-295.135498046875,-295.135498046875,-21.263801574707031,243.21263122558591,243.21263122558591
HWI,2011-07-31,-20.17607307434082,-296.14553833007812,-296.14553833007812,-20.176071166992188,246.8963623046875,246.8963623046875
HWI,2011-08-31,-29.795150756835938,-308.52346801757812,-308.52346801757812,-29.795150756835938,240.42189025878903,240.42189025878903
HWI,2011-09-30,-10.24586296081543,-291.79290771484375,-291.79290771484375,-10.245864868164062,262.29190063476562,262.29190063476562
HWI,2011-10-31,-31.965948104858398,-313.23880004882812,-313.23880004882812,-31.965950012207031,239.41368103027344,239.41368103027344
HWI,2011-11-30,-38.303962707519531,-321.26885986328125,-321.26885986328125,-38.303962707519531,234.81831359863281,234.81831359863281
HWI,2011-12-31,-35.217613220214844,-320.2098388671875,-320.2098388671875,-35.217613220214844,241.0733642578125,241.0733642578125
HWI,2012-01-31,-32.725028991699219,-319.23468017578125,-319.23468017578125,-32.725028991699219,243.10009765625,243.10009765625
HWI,2012-02-29,-36.360134124755859,-321.17465209960938,-321.17465209960938,-36.360134124755859,237.27310180664065,237.27310180664065
HWI,2012-03-31,-38.016735076904297,-328.8350830078125,-328.8350830078125,-38.016735076904297,243.9962158203125,243.9962158203125
HWI,2012-04-30,-40.795291900634766,-330.83538818359375,-330.83538818359375,-40.795291900634766,241.01042175292969,241.01042175292969
HWI,2012-05-31,-36.319961547851562,-327.41644287109375,-327.41644287109375,-36.319961547851562,245.22982788085935,245.22982788085935
HWI,2012-06-30,-35.519325256347656,-323.61959838867188,-323.61959838867188,-35.519325256347656,243.88131713867188,243.88131713867188
HWI,2012-07-31,-37.564060211181641,-325.44528198242188,-325.44528198242188,-37.564060211181641,239.61097717285156,239.61097717285156
HWI,2012-08-31,-38.229530334472656,-330.67202758789062,-330.67202758789062,-38.229530334472656,242.5194396972656,242.5194396972656
HWI,2012-09-30,-34.965656280517578,-328.2445068359375,-328.2445068359375,-34.965656280517578,246.6620178222656,246.6620178222656
HWI,2012-10-31,-36.655384063720703,-327.63800048828125,-327.63800048828125,-36.655384063720703,244.23663330078125,244.23663330078125
HWI,2012-11-30,-30.504791259765625,-318.607177734375,-318.607177734375,-30.504791259765625,247.20269775390625,247.20269775390625
HWI,2012-12-31,-34.258399963378906,-322.97555541992188,-322.97555541992188,-34.258399963378906,242.59568786621097,242.59568786621097
HWI,2013-01-31,-27.702629089355469,-314.67767333984375,-314.67767333984375,-27.702629089355469,249.31149291992188,249.31149291992188
HWIURATIO,2011-02-28,-0.0012092606630176306,-0.0272710062563419,-0.0272710062563419,-0.0012092608958482001,0.023286974057555199,0.023286974057555199
HWIURATIO,2011-03-31,0.0034183398820459843,-0.0241438839584589,-0.0241438839584589,0.0034183398820459001,0.0290064811706542,0.0290064811706542
HWIURATIO,2011-04-30,0.0027570468373596668,-0.025583242997527102,-0.025583242997527102,0.0027570466045290002,0.028519375249743399,0.028519375249743399
HWIURATIO,2011-05-31,0.0012796648079529405,-0.027565471827983801,-0.027565471827983801,0.0012796646915376,0.027259459719061799,0.027259459719061799
HWIURATIO,2011-06-30,0.0012980891624465585,-0.028321821242570801,-0.028321821242570801,0.0012980890460312,0.0275778099894523,0.0275778099894523
HWIURATIO,2011-07-31,0.0014122085412964225,-0.029022926464676801,-0.029022926464676801,0.0014122086577117001,0.0283081885427236,0.0283081885427236
HWIURATIO,2011-08-31,0.001027946243993938,-0.0298270396888256,-0.0298270396888256,0.0010279463604091999,0.028193388134241101,0.028193388134241101
HWIURATIO,2011-09-30,0.0012822655262425542,-0.029559139162302,-0.029559139162302,0.0012822656426577999,0.028941178694367398,0.028941178694367398
HWIURATIO,2011-10-31,0.00098006834741681814,-0.030948609113693199,-0.030948609113693199,0.00098006846383210007,0.0285058002918958,0.0285058002918958
HWIURATIO,2011-11-30,0.00032116554211825132,-0.031774088740348802,-0.031774088740348802,0.00032116565853350002,0.028271360322832999,0.028271360322832999
HWIURATIO,2011-12-31,-0.0002247196389362216,-0.033276740461587899,-0.033276740461587899,-0.0002247197553515,0.0280878338962793,0.0280878338962793
HWIURATIO,2012-01-31,-0.0011388547718524933,-0.034382097423076602,-0.034382097423076602,-0.0011388547718524,0.0272823460400104,0.0272823460400104
HWIURATIO,2012-02-29,-0.0017415833426639438,-0.035780131816864,-0.035780131816864,-0.0017415834590791999,0.026714304462075199,0.026714304462075199
HWIURATIO,2012-03-31,-0.001839099801145494,-0.036194521933794001,-0.036194521933794001,-0.0018390999175608,0.027236752212047501,0.027236752212047501
HWIURATIO,2012-04-30,-0.0015912251546978951,-0.036041866987943601,-0.036041866987943601,-0.0015912251546978001,0.0275649856775999,0.0275649856775999
HWIURATIO,2012-05-31,-0.0020796346943825483,-0.036856792867183602,-0.036856792867183602,-0.0020796349272131,0.027245873585343298,0.027245873585343298
HWIURATIO,2012-06-30,-0.0021232261788100004,-0.037189353257417603,-0.037189353257417603,-0.0021232264116405998,0.027320807799696901,0.027320807799696901
HWIURATIO,2012-07-31,-0.0024641843046993017,-0.037866197526454898,-0.037866197526454898,-0.0024641845375298998,0.0269769877195358,0.0269769877195358
HWIURATIO,2012-08-31,-0.0027266191318631172,-0.039106700569391202,-0.039106700569391202,-0.0027266191318630999,0.027739170938730202,0.027739170938730202
HWIURATIO,2012-09-30,-0.0026886123232543468,-0.039312757551669998,-0.039312757551669998,-0.0026886123232543,0.027606893330812399,0.027606893330812399
HWIURATIO,2012-10-31,-0.0028269034810364246,-0.039466634392738301,-0.039466634392738301,-0.0028269034810363999,0.027516791597008702,0.027516791597008702
HWIURATIO,2012-11-30,-0.0023700201418250799,-0.039034321904182399,-0.039034321904182399,-0.0023700203746557002,0.027396645396947798,0.027396645396947798
HWIURATIO,2012-12-31,-0.0022448133677244186,-0.039211567491292898,-0.039211567491292898,-0.0022448133677244,0.0275789685547351,0.0275789685547351
HWIURATIO,2013-01-31,-0.0014286148361861706,-0.0382355861365795,-0.0382355861365795,-0.0014286148361861001,0.028701342642307202,0.028701342642307202
INDPRO,2011-02-28,0.0026246518827974796,-0.0043632686138152998,-0.0043632686138152998,0.0026246518827973998,0.0094398967921733006,0.0094398967921733006
INDPRO,2011-03-31,0.0026443412061780691,-0.0046572936698794001,-0.0046572936698794001,0.0026443412061780002,0.0097269909456372001,0.0097269909456372001
INDPRO,2011-04-30,0.0025419367011636496,-0.0050675394013524003,-0.0050675394013524003,0.0025419367011636001,0.0096813198179006004,0.0096813198179006004
INDPRO,2011-05-31,0.0026011997833848,-0.0051609734073281002,-0.0051609734073281002,0.0026011997833848,0.0097783524543045997,0.0097783524543045997
INDPRO,2011-06-30,0.0026288500521332026,-0.0051895836368202998,-0.0051895836368202998,0.0026288500521332,0.0098175052553415004,0.0098175052553415004
INDPRO,2011-07-31,0.0027734229806810617,-0.0051130661740898999,-0.0051130661740898999,0.0027734229806810002,0.0099094556644558004,0.0099094556644558004
INDPRO,2011-08-31,0.0028193912003189325,-0.0051015773788094,-0.0051015773788094,0.0028193912003189,0.0100717088207602,0.0100717088207602
INDPRO,2011-09-30,0.0027455801609903574,-0.0052991323173045999,-0.0052991323173045999,0.0027455801609903002,0.0100925033912062,0.0100925033912062
INDPRO,2011-10-31,0.0027523047756403685,-0.0053597344085574003,-0.0053597344085574003,0.0027523047756402999,0.010042208246886701,0.010042208246886701
INDPRO,2011-11-30,0.0025919016916304827,-0.0056204525753855003,-0.0056204525753855003,0.0025919016916303998,0.0099952807649970003,0.0099952807649970003
INDPRO,2011-12-31,0.0024891549255698919,-0.0058147870004176998,-0.0058147870004176998,0.0024891549255698,0.0099550969898700003,0.0099550969898700003
INDPRO,2012-01-31,0.0025033026468008757,-0.0058944234624505,-0.0058944234624505,0.0025033026468008002,0.010062975808977999,0.010062975808977999
INDPRO,2012-02-29,0.0024903526064008474,-0.0058925999328494003,-0.0058925999328494003,0.0024903526064008002,0.0099386302754281997,0.0099386302754281997
INDPRO,2012-03-31,0.0023023961111903191,-0.0061022508889436002,-0.0061022508889436002,0.0023023961111903,0.0099133318290114004,0.0099133318290114004
INDPRO,2012-04-30,0.002256312407553196,-0.0062929047271609003,-0.0062929047271609003,0.0022563124075531001,0.0099329594522714008,0.0099329594522714008
INDPRO,2012-05-31,0.0021850336343050003,-0.0064364746212959003,-0.0064364746212959003,0.0021850336343049999,0.0099443485960363995,0.0099443485960363995
INDPRO,2012-06-30,0.0018385712755843997,-0.0069173127412796003,-0.0069173127412796003,0.0018385712755843,0.0096717095002532005,0.0096717095002532005
INDPRO,2012-07-31,0.0017121024429798126,-0.0070417942479252,-0.0070417942479252,0.0017121024429798,0.0095676649361847999,0.0095676649361847999
INDPRO,2012-08-31,0.0019240952096879482,-0.0070478692650794003,-0.0070478692650794003,0.0019240952096879001,0.0100352456793189,0.0100352456793189
INDPRO,2012-09-30,0.001960056833922863,-0.0070838676765561,-0.0070838676765561,0.0019600568339228001,0.0100359860807657,0.0100359860807657
INDPRO,2012-10-31,0.0021049599163234234,-0.0069538736715912004,-0.0069538736715912004,0.0021049599163234,0.0101521192118525,0.0101521192118525
INDPRO,2012-11-30,0.0022047581151127815,-0.0068871583789587004,-0.0068871583789587004,0.0022047581151127,0.010069428943097499,0.010069428943097499
INDPRO,2012-12-31,0.0023531725164502859,-0.0067945970222352998,-0.0067945970222352998,0.0023531725164502,0.0102989971637725,0.0102989971637725
INDPRO,2013-01-31,0.0022325022146105766,-0.0068847723305224999,-0.0068847723305224999,0.0022325022146104999,0.0102716842666268,0.0102716842666268
INVEST,2011-02-28,-0.0036894814111292362,-0.0156941786408424,-0.0156941786408424,-0.0036894814111291998,0.0086811408400534994,0.0086811408400534994
INVEST,2011-03-31,0.00096190202748402953,-0.0117448437958955,-0.0117448437958955,0.00096190196927629999,0.0138676539063453,0.0138676539063453
INVEST,2011-04-30,0.0010254901135340333,-0.011833501048386,-0.011833501048386,0.0010254901135339999,0.014338270761072599,0.014338270761072599
INVEST,2011-05-31,-0.0013702877331525087,-0.0147957196459174,-0.0147957196459174,-0.0013702877331525001,0.0123044243082404,0.0123044243082404
INVEST,2011-06-30,0.00066404149401932955,-0.0130637949332594,-0.0130637949332594,0.00066404161043459998,0.0146925849840044,0.0146925849840044
INVEST,2011-07-31,0.00037875646376051009,-0.0137341488152742,-0.0137341488152742,0.00037875655107199999,0.0146975331008434,0.0146975331008434
INVEST,2011-08-31,-0.00041680200956761837,-0.0148897571489214,-0.0148897571489214,-0.00041680200956759999,0.014003682881593701,0.014003682881593701
INVEST,2011-09-30,0.00072848994750529528,-0.0139072509482502,-0.0139072509482502,0.00072848994750519998,0.0156019013375043,0.0156019013375043
INVEST,2011-10-31,-1.0088524504681118e-06,-0.014891137368977,-0.014891137368977,-1.0088551789522171e-06,0.014787907712161499,0.014787907712161499
INVEST,2011-11-30,-0.00062250823248177767,-0.015616275370121,-0.015616275370121,-0.00062250834889699997,0.0142081882804632,0.0142081882804632
INVEST,2011-12-31,0.00052144640358164907,-0.014610444195568501,-0.014610444195568501,0.00052144634537390001,0.015148106962442299,0.015148106962442299
INVEST,2012-01-31,-0.0018350669415667653,-0.016829034313559501,-0.016829034313559501,-0.0018350668251513999,0.0132211130112409,0.0132211130112409
INVEST,2012-02-29,-0.0012740008533000946,-0.016150623559951699,-0.016150623559951699,-0.0012740008533000001,0.01364959590137,0.01364959590137
INVEST,2012-03-31,0.0013405533973127604,-0.013748388737440101,-0.013748388737440101,0.0013405532808973999,0.016609501093626002,0.016609501093626002
INVEST,2012-04-30,-0.00095115066505968571,-0.016511863097548402,-0.016511863097548402,-0.00095115066505959995,0.014244579710066299,0.014244579710066299
INVEST,2012-05-31,-0.0017342651262879372,-0.017269654199481,-0.017269654199481,-0.0017342651262879001,0.0138554153963923,0.0138554153963923
INVEST,2012-06-30,0.00019125855760648847,-0.015295593068003601,-0.015295593068003601,0.00019125849939879999,0.0156025197356939,0.0156025197356939
INVEST,2012-07-31,0.00040368741611018777,-0.0150963701307773,-0.0150963701307773,0.00040368735790250002,0.016060562804341299,0.016060562804341299
INVEST,2012-08-31,-5.4214629926718771e-05,-0.015745982527732801,-0.015745982527732801,-5.4214615374803543e-05,0.015784457325935301,0.015784457325935301
INVEST,2012-09-30,0.00073333992622792721,-0.015327055938541801,-0.015327055938541801,0.00073333992622789999,0.016744753345847099,0.016744753345847099
INVEST,2012-10-31,0.00026777863968163729,-0.0157001242041587,-0.0157001242041587,0.00026777852326630001,0.0166797470301389,0.0166797470301389
INVEST,2012-11-30,-0.00048306572716683149,-0.0163189489394426,-0.0163189489394426,-0.00048306584358209998,0.015720687806606199,0.015720687806606199
INVEST,2012-12-31,0.0002832319587469101,-0.0154524333775043,-0.0154524333775043,0.00028323195874690001,0.016552040353417299,0.016552040353417299
INVEST,2013-01-31,-0.0017548613250255585,-0.017488360404968199,-0.017488360404968199,-0.0017548613250254999,0.0144340749830007,0.0144340749830007
IPB51222S,2011-02-28,-0.012101305648684502,-0.0606244206428527,-0.0606244206428527,-0.0121013056486845,0.035916727036237703,0.035916727036237703
IPB51222S,2011-03-31,0.0084350667893886566,-0.041767630726099,-0.041767630726099,0.0084350670222193003,0.057585317641496603,0.057585317641496603
IPB51222S,2011-04-30,0.003267108928412199,-0.047422304749488803,-0.047422304749488803,0.0032671089284121001,0.053168676793575197,0.053168676793575197
IPB51222S,2011-05-31,-0.00037941965274512768,-0.051441073417663498,-0.051441073417663498,-0.00037941988557569999,0.049795422703027697,0.049795422703027697
IPB51222S,2011-06-30,0.0034081458579748869,-0.047605164349079097,-0.047605164349079097,0.0034081456251441999,0.053310237824916798,0.053310237824916798
IPB51222S,2011-07-31,0.0012847962789237499,-0.049784656614065101,-0.049784656614065101,0.0012847967445849999,0.051561202853917999,0.051561202853917999
IPB51222S,2011-08-31,-0.00048020342364907265,-0.051784634590148898,-0.051784634590148898,-0.00048020295798770001,0.050387870520353303,0.050387870520353303
IPB51222S,2011-09-30,0.0016828312072902918,-0.049710616469383198,-0.049710616469383198,0.0016828309744596,0.052676290273666299,0.052676290273666299
IPB51222S,2011-10-31,0.0034045858774334192,-0.047923006117343903,-0.047923006117343903,0.003404586110264,0.054441042244434301,0.054441042244434301
IPB51222S,2011-11-30,0.002063847379758954,-0.049527917057275703,-0.049527917057275703,0.0020638471469283,0.053074091672897297,0.053074091672897297
IPB51222S,2011-12-31,-0.000327669782564044,-0.051981177181005402,-0.051981177181005402,-0.00032767001539459999,0.050829604268074001,0.050829604268074001
IPB51222S,2012-01-31,0.0011428017169237137,-0.050105720758438103,-0.050105720758438103,0.0011428017169237,0.0521048046648502,0.0521048046648502
IPB51222S,2012-02-29,0.003162069246172905,-0.047786276787519399,-0.047786276787519399,0.0031620697118340999,0.053592812269926002,0.053592812269926002
IPB51222S,2012-03-31,0.0020895702764391899,-0.049694232642650597,-0.049694232642650597,0.0020895702764391001,0.053171154111623702,0.053171154111623702
IPB51222S,2012-04-30,0.0026714233681559563,-0.048931851983070297,-0.048931851983070297,0.0026714229024946,0.053756833076477002,0.053756833076477002
IPB51222S,2012-05-31,0.0017763026989996433,-0.049832049757242203,-0.049832049757242203,0.0017763022333383001,0.052989773452281903,0.052989773452281903
IPB51222S,2012-06-30,0.00042412453331053257,-0.050974898040294599,-0.050974898040294599,0.00042412430047980001,0.051288761198520598,0.051288761198520598
IPB51222S,2012-07-31,0.00051258096937090158,-0.050645094364881502,-0.050645094364881502,0.00051258131861679995,0.051530804485082599,0.051530804485082599
IPB51222S,2012-08-31,0.0018074479885399342,-0.050233792513608898,-0.050233792513608898,0.0018074475228786,0.053380034863948801,0.053380034863948801
IPB51222S,2012-09-30,0.001803627354092896,-0.050102185457944801,-0.050102185457944801,0.0018036277033388001,0.0534842759370803,0.0534842759370803
IPB51222S,2012-10-31,0.0011837033089250326,-0.0506923273205757,-0.0506923273205757,0.0011837035417555999,0.052931711077690097,0.052931711077690097
IPB51222S,2012-11-30,0.0012896532425656915,-0.050048839300870798,-0.050048839300870798,0.0012896535918115999,0.052616037428379003,0.052616037428379003
IPB51222S,2012-12-31,0.0013477079337462783,-0.049836777150630902,-0.049836777150630902,0.0013477075845003,0.052509557455778101,0.052509557455778101
IPB51222S,2013-01-31,0.0018820329569280148,-0.049610629677772501,-0.049610629677772501,0.001882032956928,0.053027573972940403,0.053027573972940403
IPBUSEQ,2011-02-28,0.0053785573691129684,-0.0065389168448745996,-0.0065389168448745996,0.0053785573691128999,0.0153890270739793,0.0153890270739793
IPBUSEQ,2011-03-31,0.0054127862676978111,-0.0072193522937595003,-0.0072193522937595003,0.0054127862676977999,0.015800043940544101,0.015800043940544101
IPBUSEQ,2011-04-30,0.0051985457539558411,-0.0080185756087303005,-0.0080185756087303005,0.0051985457539558003,0.0156125724315643,0.0156125724315643
IPBUSEQ,2011-05-31,0.0052422033622860909,-0.0080934483557938992,-0.0080934483557938992,0.0052422033622859998,0.015765475109219499,0.015765475109219499
IPBUSEQ,2011-06-30,0.0052759875543415546,-0.0081048179417847997,-0.0081048179417847997,0.0052759875543415,0.015781313180923399,0.015781313180923399
IPBUSEQ,2011-07-31,0.005223788321018219,-0.0083621870726345998,-0.0083621870726345998,0.0052237883210181999,0.015755796805024098,0.015755796805024098
IPBUSEQ,2011-08-31,0.0051896139048039913,-0.0085907634347677005,-0.0085907634347677005,0.0051896139048039002,0.015992669388651799,0.015992669388651799
IPBUSEQ,2011-09-30,0.0049480432644486427,-0.0090601686388253992,-0.0090601686388253992,0.0049480432644486002,0.0159945469349622,0.0159945469349622
IPBUSEQ,2011-10-31,0.0047893407754600048,-0.0095499437302350998,-0.0095499437302350998,0.0047893407754599996,0.015935897827148399,0.015935897827148399
IPBUSEQ,2011-11-30,0.0046174945309758186,-0.0098291933536529003,-0.0098291933536529003,0.0046174945309758004,0.015928497537970501,0.015928497537970501
IPBUSEQ,2011-12-31,0.0044616176746785641,-0.010013621300458899,-0.010013621300458899,0.0044616176746784999,0.015900779515504799,0.015900779515504799
IPBUSEQ,2012-01-31,0.0046766633167862892,-0.0099076591432094002,-0.0099076591432094002,0.0046766633167861999,0.016093308106064699,0.016093308106064699
IPBUSEQ,2012-02-29,0.0044794278219342232,-0.0101503524929285,-0.0101503524929285,0.0044794278219341998,0.015778524801135001,0.015778524801135001
IPBUSEQ,2012-03-31,0.0041453917510807514,-0.0106759238988161,-0.0106759238988161,0.0041453917510807002,0.015737431123852699,0.015737431123852699
IPBUSEQ,2012-04-30,0.0037741314154118299,-0.0112996622920036,-0.0112996622920036,0.0037741314154118,0.0155590660870075,0.0155590660870075
IPBUSEQ,2012-05-31,0.0035358518362045288,-0.0117310006171464,-0.0117310006171464,0.0035358518362045002,0.015407389029860399,0.015407389029860399
IPBUSEQ,2012-06-30,0.0030752436723560095,-0.0122777707874774,-0.0122777707874774,0.0030752436723559999,0.015148852020502,0.015148852020502
IPBUSEQ,2012-07-31,0.0027317611966282129,-0.012761494144797301,-0.012761494144797301,0.0027317611966281999,0.014723727479577,0.014723727479577
IPBUSEQ,2012-08-31,0.0031339502893388271,-0.0127596165984869,-0.0127596165984869,0.0031339502893387998,0.015445558354258501,0.015445558354258501
IPBUSEQ,2012-09-30,0.0028491714037954807,-0.0132895559072494,-0.0132895559072494,0.0028491714037954001,0.0152373537421226,0.0152373537421226
IPBUSEQ,2012-10-31,0.0028076614253222942,-0.013514311984181401,-0.013514311984181401,0.0028076614253222001,0.015223596245050401,0.015223596245050401
IPBUSEQ,2012-11-30,0.0026410417631268501,-0.013728868216276099,-0.013728868216276099,0.0026410417631267998,0.0150491185486316,0.0150491185486316
IPBUSEQ,2012-12-31,0.0025725523009896278,-0.014011088758707,-0.014011088758707,0.0025725523009896001,0.015082061290740899,0.015082061290740899
IPBUSEQ,2013-01-31,0.0024811085313558578,-0.014033777639269799,-0.014033777639269799,0.0024811085313558002,0.0151364635676145,0.0151364635676145
IPCONGD,2011-02-28,0.00089008198119699955,-0.0077716354280710003,-0.0077716354280710003,0.00089008198119690002,0.0092169977724551998,0.0092169977724551998
IPCONGD,2011-03-31,0.0010650937911123037,-0.0079942950978875004,-0.0079942950978875004,0.0010650937911123,0.0096957096830009998,0.0096957096830009998
IPCONGD,2011-04-30,0.00089535105507820845,-0.0083403252065181004,-0.0083403252065181004,0.00089535105507819999,0.0096046812832354996,0.0096046812832354996
IPCONGD,2011-05-31,0.00081886310363188386,-0.0085244169458746008,-0.0085244169458746008,0.0008188631618395,0.0095799546688795003,0.0095799546688795003
IPCONGD,2011-06-30,0.00091069040354341269,-0.0085052708163856992,-0.0085052708163856992,0.0009106904035434,0.0096519067883490996,0.0096519067883490996
IPCONGD,2011-07-31,0.0010060786735266447,-0.0085107143968343006,-0.0085107143968343006,0.0010060786735266,0.0098397666588424994,0.0098397666588424994
IPCONGD,2011-08-31,0.0010269563645124435,-0.0085353311151265994,-0.0085353311151265994,0.0010269563645124,0.0099096540361642005,0.0099096540361642005
IPCONGD,2011-09-30,0.0009776110528036952,-0.0086887571960686995,-0.0086887571960686995,0.00097761105280360001,0.0099921915680170007,0.0099921915680170007
IPCONGD,2011-10-31,0.00080429326044395566,-0.0089458432048558998,-0.0089458432048558998,0.00080429331865159999,0.0097771426662802002,0.0097771426662802002
IPCONGD,2011-11-30,0.00058833480579778552,-0.0092290490865706998,-0.0092290490865706998,0.0005883347475901,0.0096060289070009994,0.0096060289070009994
IPCONGD,2011-12-31,0.00082682952051982284,-0.0090753175318240998,-0.0090753175318240998,0.00082682946231210001,0.0098514063283800992,0.0098514063283800992
IPCONGD,2012-01-31,0.00073984573828056455,-0.0091826291754841007,-0.0091826291754841007,0.00073984579648819998,0.0097582237794994996,0.0097582237794994996
IPCONGD,2012-02-29,0.0009401754941791296,-0.0089428750798106003,-0.0089428750798106003,0.0009401754941791,0.0098349731415510004,0.0098349731415510004
IPCONGD,2012-03-31,0.00071441946784034371,-0.0092782154679298002,-0.0092782154679298002,0.00071441952604799997,0.0097114937379956003,0.0097114937379956003
IPCONGD,2012-04-30,0.00072939117671921849,-0.0092781949788330997,-0.0092781949788330997,0.00072939123492680004,0.0098215527832508,0.0098215527832508
IPCONGD,2012-05-31,0.00063939299434423447,-0.0094734719023107997,-0.0094734719023107997,0.00063939299434419999,0.0097516104578970995,0.0097516104578970995
IPCONGD,2012-06-30,0.00075768667738884687,-0.0093076191842556,-0.0093076191842556,0.00075768667738880004,0.0098541472107171995,0.0098541472107171995
IPCONGD,2012-07-31,0.00069478090154007077,-0.0093610249459742997,-0.0093610249459742997,0.00069478095974770003,0.0097110876813530003,0.0097110876813530003
IPCONGD,2012-08-31,0.0010224590077996254,-0.0093095935881136998,-0.0093095935881136998,0.0010224590077996,0.0101948659867048,0.0101948659867048
IPCONGD,2012-09-30,0.0011040724348276854,-0.0092174867168068001,-0.0092174867168068001,0.0011040724348275999,0.0102821178734302,0.0102821178734302
IPCONGD,2012-10-31,0.0011227518552914262,-0.0092796860262751007,-0.0092796860262751007,0.0011227518552913999,0.0102647142484784,0.0102647142484784
IPCONGD,2012-11-30,0.001025601290166378,-0.0092751421034336003,-0.0092751421034336003,0.0010256012901663,0.0099633494392036993,0.0099633494392036993
IPCONGD,2012-12-31,0.0010684465523809195,-0.0092822834849356998,-0.0092822834849356998,0.0010684465523808999,0.0100269075483083,0.0100269075483083
IPCONGD,2013-01-31,0.00093300302978605032,-0.0094801587983965006,-0.0094801587983965006,0.00093300302978600001,0.010034572333097401,0.010034572333097401
IPDCONGD,2011-02-28,-0.00028261507395654917,-0.021674459800124099,-0.021674459800124099,-0.00028261495754120002,0.019298996776342298,0.019298996776342298
IPDCONGD,2011-03-31,-0.00035579316318035126,-0.023074615746736499,-0.023074615746736499,-0.00035579316318029997,0.020204212516546201,0.020204212516546201
IPDCONGD,2011-04-30,-0.00067022605799138546,-0.024008946493267999,-0.024008946493267999,-0.00067022582516069996,0.020315553992986599,0.020315553992986599
IPDCONGD,2011-05-31,-0.0003048161743208766,-0.023846013471484101,-0.023846013471484101,-0.00030481629073609998,0.0206095334142446,0.0206095334142446
IPDCONGD,2011-06-30,0.0017045221757143736,-0.022020230069756501,-0.022020230069756501,0.0017045224085449999,0.022566495463252002,0.022566495463252002
IPDCONGD,2011-07-31,0.001772054354660213,-0.021907079964876099,-0.021907079964876099,0.0017720544710754999,0.022724498063325799,0.022724498063325799
IPDCONGD,2011-08-31,0.0013569863513112068,-0.0226174537092447,-0.0226174537092447,0.0013569863513112001,0.022279301658272702,0.022279301658272702
IPDCONGD,2011-09-30,0.00087757897563278675,-0.0234487298876047,-0.0234487298876047,0.00087757874280210005,0.022029535844922,0.022029535844922
IPDCONGD,2011-10-31,0.00015552237164229155,-0.0244516674429178,-0.0244516674429178,0.00015552248805760001,0.021612245589494702,0.021612245589494702
IPDCONGD,2011-11-30,-0.00046601146459579468,-0.0249917190521955,-0.0249917190521955,-0.00046601146459570003,0.0211573038250207,0.0211573038250207
IPDCONGD,2011-12-31,-0.00025598285719752312,-0.024868825450539499,-0.024868825450539499,-0.00025598285719750002,0.0212132278829813,0.0212132278829813
IPDCONGD,2012-01-31,0.0011840409133583307,-0.023146543651819201,-0.023146543651819201,0.0011840411461889,0.0223027542233467,0.0223027542233467
IPDCONGD,2012-02-29,0.0007214333163574338,-0.023459695279598201,-0.023459695279598201,0.00072143319994210004,0.021868618205189701,0.021868618205189701
IPDCONGD,2012-03-31,0.00033818127121776342,-0.023984860628843301,-0.023984860628843301,0.00033818138763299998,0.021507419645786199,0.021507419645786199
IPDCONGD,2012-04-30,-7.3650502599775791e-05,-0.024685194715857499,-0.024685194715857499,-7.3650386184453964e-05,0.021511724218726099,0.021511724218726099
IPDCONGD,2012-05-31,-0.00091992435045540333,-0.0258960351347923,-0.0258960351347923,-0.00091992411762470004,0.0207469630986452,0.0207469630986452
IPDCONGD,2012-06-30,-0.0015408978797495365,-0.026659093797206799,-0.026659093797206799,-0.0015408978797495001,0.020256118848919799,0.020256118848919799
IPDCONGD,2012-07-31,-0.0012917434796690941,-0.026352915912866499,-0.026352915912866499,-0.001291743479669,0.0204070806503295,0.0204070806503295
IPDCONGD,2012-08-31,0.00057238980662077665,-0.024893116205930699,-0.024893116205930699,0.00057238992303600003,0.022459059953689499,0.022459059953689499
IPDCONGD,2012-09-30,0.00057268270757049322,-0.0247497297823429,-0.0247497297823429,0.00057268282398579998,0.022328939288854599,0.022328939288854599
IPDCONGD,2012-10-31,0.00047743518371134996,-0.0248922239989042,-0.0248922239989042,0.000477435067296,0.022059297189116402,0.022059297189116402
IPDCONGD,2012-11-30,0.00049078767187893391,-0.024809120222926102,-0.024809120222926102,0.00049078743904820005,0.0217802710831165,0.0217802710831165
IPDCONGD,2012-12-31,-0.00021676637697964907,-0.025811264291405601,-0.025811264291405601,-0.0002167662605643,0.0213271137326955,0.0213271137326955
IPDCONGD,2013-01-31,-0.00084174028597772121,-0.026755455881357099,-0.026755455881357099,-0.00084174028597769996,0.021160064265131898,0.021160064265131898
IPDMAT,2011-02-28,0.0083351116627454758,-0.00056381826288989995,-0.00056381826288989995,0.0083351116627453994,0.016927871853113102,0.016927871853113102
IPDMAT,2011-03-31,0.0083456970751285553,-0.0010214189533143999,-0.0010214189533143999,0.0083456970751284998,0.017460811883211101,0.017460811883211101
IPDMAT,2011-04-30,0.008127063512802124,-0.0017612907104193999,-0.0017612907104193999,0.0081270635128020997,0.0174885764718055,0.0174885764718055
IPDMAT,2011-05-31,0.0080706551671028137,-0.0020500053651629998,-0.0020500053651629998,0.0080706551671027998,0.0176526047289371,0.0176526047289371
IPDMAT,2011-06-30,0.0080429539084434509,-0.0022456138394773002,-0.0022456138394773002,0.0080429539084434006,0.0176761876791715,0.0176761876791715
IPDMAT,2011-07-31,0.0080540291965007782,-0.0024264901876448999,-0.0024264901876448999,0.0080540291965007001,0.017872059717774301,0.017872059717774301
IPDMAT,2011-08-31,0.0080741578713059425,-0.0026237238198517998,-0.0026237238198517998,0.0080741578713058992,0.017987918108701699,0.017987918108701699
IPDMAT,2011-09-30,0.008004968985915184,-0.0029433718882501,-0.0029433718882501,0.0080049689859151008,0.0182857867330312,0.0182857867330312
IPDMAT,2011-10-31,0.0081101926043629646,-0.0029353257268667,-0.0029353257268667,0.0081101926043629004,0.018287342041730801,0.018287342041730801
IPDMAT,2011-11-30,0.0077980398200452328,-0.0033829291351138999,-0.0033829291351138999,0.0077980398200451998,0.0181378722190856,0.0181378722190856
IPDMAT,2011-12-31,0.007563294842839241,-0.0038722786121069999,-0.0038722786121069999,0.0075632948428392003,0.0180717594921588,0.0180717594921588
IPDMAT,2012-01-31,0.0077174743637442589,-0.0038572833873331,-0.0038572833873331,0.0077174743637441999,0.018335692584514601,0.018335692584514601
IPDMAT,2012-02-29,0.0073647722601890564,-0.0044937282800673996,-0.0044937282800673996,0.007364772260189,0.0179126560688018,0.0179126560688018
IPDMAT,2012-03-31,0.006929837167263031,-0.0050006294623016999,-0.0050006294623016999,0.0069298371672629998,0.017669297754764501,0.017669297754764501
IPDMAT,2012-04-30,0.0066457772627472878,-0.0056809652596712,-0.0056809652596712,0.0066457772627472001,0.0175915416330099,0.0175915416330099
IPDMAT,2012-05-31,0.0064021628350019455,-0.0060351621359585996,-0.0060351621359585996,0.0064021628350019004,0.017444709315896,0.017444709315896
IPDMAT,2012-06-30,0.0058358083479106426,-0.0069324728101491,-0.0069324728101491,0.0058358083479106001,0.016967508941888799,0.016967508941888799
IPDMAT,2012-07-31,0.0056624822318553925,-0.0072050802409648002,-0.0072050802409648002,0.0056624822318552996,0.016766294836997899,0.016766294836997899
IPDMAT,2012-08-31,0.0060052075423300266,-0.0075828311964868996,-0.0075828311964868996,0.0060052075423299997,0.017526971176266601,0.017526971176266601
IPDMAT,2012-09-30,0.0057620154693722725,-0.0080022551119327007,-0.0080022551119327007,0.0057620154693721996,0.017403485253453199,0.017403485253453199
IPDMAT,2012-10-31,0.0058904970064759254,-0.0079518146812915004,-0.0079518146812915004,0.0058904970064759003,0.017522033303976,0.017522033303976
IPDMAT,2012-11-30,0.0058861775323748589,-0.0080139245837925997,-0.0080139245837925997,0.0058861775323747999,0.017272163182497,0.017272163182497
IPDMAT,2012-12-31,0.0058470098301768303,-0.0082803983241318997,-0.0082803983241318997,0.0058470098301767999,0.017441507428884499,0.017441507428884499
IPDMAT,2013-01-31,0.0057765264064073563,-0.0085300514474511008,-0.0085300514474511008,0.0057765264064072999,0.017605088651180201,0.017605088651180201
IPFINAL,2011-02-28,0.002153423149138689,-0.0061438744887709002,-0.0061438744887709002,0.0021534231491386001,0.0097145484760403009,0.0097145484760403009
IPFINAL,2011-03-31,0.0020340965129435062,-0.0066228294745086999,-0.0066228294745086999,0.0020340965129435002,0.0098598683252929999,0.0098598683252929999
IPFINAL,2011-04-30,0.0019633478950709105,-0.0069474941119550999,-0.0069474941119550999,0.0019633478950709,0.0098257893696426998,0.0098257893696426998
IPFINAL,2011-05-31,0.0019872244447469711,-0.0070567959919571,-0.0070567959919571,0.0019872244447469,0.0098900320008396998,0.0098900320008396998
IPFINAL,2011-06-30,0.0021543102338910103,-0.0069499053061008002,-0.0069499053061008002,0.0021543102338909999,0.010017994791269301,0.010017994791269301
IPFINAL,2011-07-31,0.0021729946602135897,-0.0069887693971394998,-0.0069887693971394998,0.0021729946602134999,0.0100674293935298,0.0100674293935298
IPFINAL,2011-08-31,0.0021139136515557766,-0.0071125477552413004,-0.0071125477552413004,0.0021139136515556998,0.010076556354761099,0.010076556354761099
IPFINAL,2011-09-30,0.0020748255774378777,-0.0072664842009544,-0.0072664842009544,0.0020748255774378,0.0101876026019454,0.0101876026019454
IPFINAL,2011-10-31,0.0018525132909417152,-0.0076010031625628003,-0.0076010031625628003,0.0018525132909417001,0.0098772700875997006,0.0098772700875997006
IPFINAL,2011-11-30,0.0017539395485073328,-0.0077974665910004997,-0.0077974665910004997,0.0017539395485073001,0.0098730335012078008,0.0098730335012078008
IPFINAL,2011-12-31,0.0017877283971756697,-0.0078749554231762001,-0.0078749554231762001,0.0017877283971756001,0.0099327955394982997,0.0099327955394982997
IPFINAL,2012-01-31,0.0017263164045289159,-0.0080081252381205004,-0.0080081252381205004,0.0017263164045289001,0.009911018423736,0.009911018423736
IPFINAL,2012-02-29,0.001782309147529304,-0.0079289702698588007,-0.0079289702698588007,0.0017823091475292999,0.0098923435434699006,0.0098923435434699006
IPFINAL,2012-03-31,0.0016835808055475354,-0.0080681061372159992,-0.0080681061372159992,0.0016835808055475001,0.0099204899743199002,0.0099204899743199002
IPFINAL,2012-04-30,0.0016843968769535422,-0.0081020807847379996,-0.0081020807847379996,0.0016843968769534999,0.0099996766075491003,0.0099996766075491003
IPFINAL,2012-05-31,0.0016323459567502141,-0.0082191936671733006,-0.0082191936671733006,0.0016323459567502,0.0099693471565842004,0.0099693471565842004
IPFINAL,2012-06-30,0.0015769840683788061,-0.0082295229658484008,-0.0082295229658484008,0.0015769840683788,0.0099519975483417008,0.0099519975483417008
IPFINAL,2012-07-31,0.001447750604711473,-0.0083962669596075994,-0.0083962669596075994,0.0014477506047113999,0.0097610224038362,0.0097610224038362
IPFINAL,2012-08-31,0.0016719212289899588,-0.0084328707307576994,-0.0084328707307576994,0.0016719212289899,0.0101759014651179,0.0101759014651179
IPFINAL,2012-09-30,0.0018241512589156628,-0.0083121517673134006,-0.0083121517673134006,0.0018241512589156001,0.0102871814742684,0.0102871814742684
IPFINAL,2012-10-31,0.0018305573612451553,-0.0083326343446968997,-0.0083326343446968997,0.0018305573612451,0.010199787095188999,0.010199787095188999
IPFINAL,2012-11-30,0.00182095926720649,-0.0082583045586943002,-0.0082583045586943002,0.0018209592672064001,0.0099676502868532996,0.0099676502868532996
IPFINAL,2012-12-31,0.0018832256319001317,-0.0082097975537179999,-0.0082097975537179999,0.0018832256319001,0.0100684007629752,0.0100684007629752
IPFINAL,2013-01-31,0.0018164686625823379,-0.0082716913893818005,-0.0082716913893818005,0.0018164686625822999,0.0101494994014501,0.0101494994014501
IPFPNSS,2011-02-28,0.0020826698746532202,-0.0046481280587613001,-0.0046481280587613001,0.0020826698746531998,0.0082939984276889991,0.0082939984276889991
IPFPNSS,2011-03-31,0.0018896609544754028,-0.0051272707059978996,-0.0051272707059978996,0.0018896609544754,0.0083041014149785007,0.0083041014149785007
IPFPNSS,2011-04-30,0.0018378921085968614,-0.0054447026923298003,-0.0054447026923298003,0.0018378921085968,0.008302473463118,0.008302473463118
IPFPNSS,2011-05-31,0.0019074947340413928,-0.0055099404416978004,-0.0055099404416978004,0.0019074947340413,0.0083935111761093001,0.0083935111761093001
IPFPNSS,2011-06-30,0.0019594011828303337,-0.0055349725298582996,-0.0055349725298582996,0.0019594011828302999,0.0084589170292018994,0.0084589170292018994
IPFPNSS,2011-07-31,0.0020397673361003399,-0.0055144303478299999,-0.0055144303478299999,0.0020397673361003,0.0085454266518354,0.0085454266518354
IPFPNSS,2011-08-31,0.0020734064746648073,-0.0055568427778780001,-0.0055568427778780001,0.0020734064746647999,0.0086717642843723002,0.0086717642843723002
IPFPNSS,2011-09-30,0.0019637984223663807,-0.0057664001360534997,-0.0057664001360534997,0.0019637984223663,0.0087189972400665006,0.0087189972400665006
IPFPNSS,2011-10-31,0.001814206363633275,-0.0060216817073523998,-0.0060216817073523998,0.0018142063636332,0.0085110142827033997,0.0085110142827033997
IPFPNSS,2011-11-30,0.0016855467110872269,-0.0062225908041000002,-0.0062225908041000002,0.0016855467110872,0.0084883170202374007,0.0084883170202374007
IPFPNSS,2011-12-31,0.0016405669739469886,-0.0064231548458337003,-0.0064231548458337003,0.0016405669739468999,0.0084541700780390999,0.0084541700780390999
IPFPNSS,2012-01-31,0.0016369562363252044,-0.0064513618126511001,-0.0064513618126511001,0.0016369562363252,0.0085210306569933007,0.0085210306569933007
IPFPNSS,2012-02-29,0.0016585411503911018,-0.0064543681219219997,-0.0064543681219219997,0.0016585411503911001,0.0084614604711532003,0.0084614604711532003
IPFPNSS,2012-03-31,0.0015471391379833221,-0.0065712891519069004,-0.0065712891519069004,0.0015471391379833,0.0084703462198375996,0.0084703462198375996
IPFPNSS,2012-04-30,0.0015920334262773395,-0.0066331150010228001,-0.0066331150010228001,0.0015920334262773,0.0085936598479746992,0.0085936598479746992
IPFPNSS,2012-05-31,0.0015699678333476186,-0.0067372471094131001,-0.0067372471094131001,0.0015699678333475999,0.0085977632552385001,0.0085977632552385001
IPFPNSS,2012-06-30,0.0014162370935082436,-0.0069168685004115001,-0.0069168685004115001,0.0014162370935082,0.0085073085501789995,0.0085073085501789995
IPFPNSS,2012-07-31,0.0012723893160000443,-0.0070720268413423997,-0.0070720268413423997,0.0012723893159999999,0.0082937339320777997,0.0082937339320777997
IPFPNSS,2012-08-31,0.0014957354869693518,-0.0071060480549930997,-0.0071060480549930997,0.0014957354869692999,0.0087491739541292,0.0087491739541292
IPFPNSS,2012-09-30,0.0015875794924795628,-0.0070508578792214003,-0.0070508578792214003,0.0015875794924795001,0.0087885204702614992,0.0087885204702614992
IPFPNSS,2012-10-31,0.0016008773818612099,-0.0071100955829024003,-0.0071100955829024003,0.0016008773818611999,0.0087186628952621997,0.0087186628952621997
IPFPNSS,2012-11-30,0.0016504719387739897,-0.0070442566648124998,-0.0070442566648124998,0.0016504719387738999,0.0085683120414614001,0.0085683120414614001
IPFPNSS,2012-12-31,0.0017567796166986227,-0.0069976700469850999,-0.0069976700469850999,0.0017567796166985999,0.0087706735357642,0.0087706735357642
IPFPNSS,2013-01-31,0.0016417686128988862,-0.0070973616093397002,-0.0070973616093397002,0.0016417686128987999,0.0087817721068858996,0.0087817721068858996
IPFUELS,2011-02-28,0.0018967932555824518,-0.017768910154700199,-0.017768910154700199,0.0018967932555824,0.020489767193794198,0.020489767193794198
IPFUELS,2011-03-31,0.001412460464052856,-0.019267112016677801,-0.019267112016677801,0.0014124605804680999,0.020910132676362901,0.020910132676362901
IPFUELS,2011-04-30,0.0008370516006834805,-0.0202478487044572,-0.0202478487044572,0.00083705154247579996,0.020447552204132,0.020447552204132
IPFUELS,2011-05-31,0.0010689088376238942,-0.019989700987935,-0.019989700987935,0.0010689089540392,0.020662248134612999,0.020662248134612999
IPFUELS,2011-06-30,0.0014690873213112354,-0.019663296639919201,-0.019663296639919201,0.0014690873213112001,0.021022345870733199,0.021022345870733199
IPFUELS,2011-07-31,0.0018009033519774675,-0.019643437117338101,-0.019643437117338101,0.0018009033519774001,0.021428702399134601,0.021428702399134601
IPFUELS,2011-08-31,0.0015782264526933432,-0.019908711314201299,-0.019908711314201299,0.0015782264526933,0.021274738013744299,0.021274738013744299
IPFUELS,2011-09-30,0.0011497969971969724,-0.020663976669311499,-0.020663976669311499,0.0011497971136122001,0.0210971552878618,0.0210971552878618
IPFUELS,2011-10-31,0.001313107437454164,-0.0209167264401912,-0.0209167264401912,0.0013131073210387999,0.0214176978915929,0.0214176978915929
IPFUELS,2011-11-30,0.0015787435695528984,-0.020852629095315899,-0.020852629095315899,0.0015787435695528,0.021693570539355202,0.021693570539355202
IPFUELS,2011-12-31,0.0014976969687268138,-0.021038671955466201,-0.021038671955466201,0.0014976970851421001,0.021725621074438001,0.021725621074438001
IPFUELS,2012-01-31,0.0016145519912242889,-0.0209033843129873,-0.0209033843129873,0.0016145522240549001,0.021751452237367599,0.021751452237367599
IPFUELS,2012-02-29,0.0017501527909189463,-0.021095039322972201,-0.021095039322972201,0.0017501527909189001,0.0220407210290431,0.0220407210290431
IPFUELS,2012-03-31,0.0014345647068694234,-0.021499240770935998,-0.021499240770935998,0.0014345648232846999,0.021849695593118602,0.021849695593118602
IPFUELS,2012-04-30,0.0012360576074570417,-0.0217866189777851,-0.0217866189777851,0.0012360576074570001,0.0218097809702157,0.0218097809702157
IPFUELS,2012-05-31,0.0014371005818247795,-0.021802229806780801,-0.021802229806780801,0.0014371005818246999,0.022163571789860701,0.022163571789860701
IPFUELS,2012-06-30,0.0015934502007439733,-0.021716194227337799,-0.021716194227337799,0.0015934503171592001,0.022349497303366599,0.022349497303366599
IPFUELS,2012-07-31,0.001341722090728581,-0.0220602676272392,-0.0220602676272392,0.0013417222071439,0.022047573700547201,0.022047573700547201
IPFUELS,2012-08-31,0.0015436098910868168,-0.0220358315855264,-0.0220358315855264,0.0015436096582561001,0.022502655163407301,0.022502655163407301
IPFUELS,2012-09-30,0.0014705907087773085,-0.022236082702875099,-0.022236082702875099,0.0014705907087773,0.0224902722984552,0.0224902722984552
IPFUELS,2012-10-31,0.0013929631095379591,-0.022287026047706601,-0.022287026047706601,0.0013929631095378999,0.0222582966089248,0.0222582966089248
IPFUELS,2012-11-30,0.0012154501164332032,-0.0222767498344182,-0.0222767498344182,0.0012154502328484999,0.021678246557712499,0.021678246557712499
IPFUELS,2012-12-31,0.0011666329810395837,-0.022209793329238801,-0.022209793329238801,0.0011666330974549001,0.021635005250573099,0.021635005250573099
IPFUELS,2013-01-31,0.0012516125570982695,-0.0223973337560892,-0.0223973337560892,0.0012516125570982001,0.021763388067483899,0.021763388067483899
IPMANSICS,2011-02-28,0.0028948909603059292,-0.0042505189776420003,-0.0042505189776420003,0.0028948909603059001,0.0099911270663141996,0.0099911270663141996
IPMANSICS,2011-03-31,0.0028739352710545063,-0.0045677614398299997,-0.0045677614398299997,0.0028739352710544998,0.010242186486721001,0.010242186486721001
IPMANSICS,2011-04-30,0.0027928357012569904,-0.0049392143264412004,-0.0049392143264412004,0.0027928357012568998,0.0102524505928158,0.0102524505928158
IPMANSICS,2011-05-31,0.0028454386629164219,-0.0050444430671632004,-0.0050444430671632004,0.0028454386629164002,0.010368453338742201,0.010368453338742201
IPMANSICS,2011-06-30,0.002875110600143671,-0.0050800410099327,-0.0050800410099327,0.0028751106001435999,0.010376063175499399,0.010376063175499399
IPMANSICS,2011-07-31,0.0030250989366322756,-0.0049987579695879997,-0.0049987579695879997,0.0030250989366322001,0.0104695046320557,0.0104695046320557
IPMANSICS,2011-08-31,0.0031400506850332022,-0.0049407831393182,-0.0049407831393182,0.0031400506850332,0.0107139935716986,0.0107139935716986
IPMANSICS,2011-09-30,0.002997982082888484,-0.0052045220509171,-0.0052045220509171,0.0029979820828883999,0.0107592232525348,0.0107592232525348
IPMANSICS,2011-10-31,0.0029827537946403027,-0.0053249392658472,-0.0053249392658472,0.0029827537946403001,0.0106234438717365,0.0106234438717365
IPMANSICS,2011-11-30,0.0027834947686642408,-0.0056094895116984003,-0.0056094895116984003,0.0027834947686642001,0.0105434143915772,0.0105434143915772
IPMANSICS,2011-12-31,0.0026183933950960636,-0.0059119658544658999,-0.0059119658544658999,0.0026183933950959999,0.0104346377775073,0.0104346377775073
IPMANSICS,2012-01-31,0.0027162989135831594,-0.0058700116351246001,-0.0058700116351246001,0.0027162989135831,0.0106575088575482,0.0106575088575482
IPMANSICS,2012-02-29,0.002693885238841176,-0.0059311967343091002,-0.0059311967343091002,0.0026938852388411001,0.010517118498682899,0.010517118498682899
IPMANSICS,2012-03-31,0.002534850500524044,-0.0060815103352068996,-0.0060815103352068996,0.0025348505005239998,0.010519895702600399,0.010519895702600399
IPMANSICS,2012-04-30,0.002499088179320097,-0.0062729530036448999,-0.0062729530036448999,0.0024990881793199998,0.0105817932635545,0.0105817932635545
IPMANSICS,2012-05-31,0.0024280799552798271,-0.0064185550436376996,-0.0064185550436376996,0.0024280799552797998,0.0106113785877823,0.0106113785877823
IPMANSICS,2012-06-30,0.0020479967352002859,-0.0069335801526904002,-0.0069335801526904002,0.0020479967352002,0.0103294709697365,0.0103294709697365
IPMANSICS,2012-07-31,0.0019257058156654239,-0.0070082740858197004,-0.0070082740858197004,0.0019257058156654,0.010211928747594299,0.010211928747594299
IPMANSICS,2012-08-31,0.0022432892583310604,-0.0069869207218289002,-0.0069869207218289002,0.0022432892583310001,0.010805602185428099,0.010805602185428099
IPMANSICS,2012-09-30,0.0022873191628605127,-0.0069826683029531999,-0.0069826683029531999,0.0022873191628605002,0.010850057005882201,0.010850057005882201
IPMANSICS,2012-10-31,0.0024589078966528177,-0.0068387724459171,-0.0068387724459171,0.0024589078966527999,0.010974020697176399,0.010974020697176399
IPMANSICS,2012-11-30,0.0025196427013725042,-0.0068559627979992996,-0.0068559627979992996,0.0025196427013724999,0.0108264004811644,0.0108264004811644
IPMANSICS,2012-12-31,0.0025843787007033825,-0.0068616792559622998,-0.0068616792559622998,0.0025843787007033001,0.0110359620302915,0.0110359620302915
IPMANSICS,2013-01-31,0.0024799492675811052,-0.0069516142830251997,-0.0069516142830251997,0.0024799492675811,0.011056974530220001,0.011056974530220001
IPMAT,2011-02-28,0.0025684030260890722,-0.0064792223274706996,-0.0064792223274706996,0.0025684030260889998,0.010803050361573601,0.010803050361573601
IPMAT,2011-03-31,0.0030269837006926537,-0.0066631026566027996,-0.0066631026566027996,0.0030269837006925999,0.011700889095664,0.011700889095664
IPMAT,2011-04-30,0.0029330458492040634,-0.0072060516104101996,-0.0072060516104101996,0.0029330458492040001,0.011794918216764899,0.011794918216764899
IPMAT,2011-05-31,0.0029384826775640249,-0.0074131023138761,-0.0074131023138761,0.0029384826775640002,0.011936061084270399,0.011936061084270399
IPMAT,2011-06-30,0.0029621606227010489,-0.0074251880869268998,-0.0074251880869268998,0.0029621606227009998,0.0119374310597777,0.0119374310597777
IPMAT,2011-07-31,0.002945983549579978,-0.0075565259903669002,-0.0075565259903669002,0.0029459835495798999,0.0118917506188154,0.0118917506188154
IPMAT,2011-08-31,0.0030254966113716364,-0.0076191779226063997,-0.0076191779226063997,0.0030254966113716,0.0120735801756381,0.0120735801756381
IPMAT,2011-09-30,0.0030778164509683847,-0.0077042886987328,-0.0077042886987328,0.0030778164509683002,0.0123069370165467,0.0123069370165467
IPMAT,2011-10-31,0.0031890450045466423,-0.0076200971379875998,-0.0076200971379875998,0.0031890450045465998,0.0123553397133946,0.0123553397133946
IPMAT,2011-11-30,0.0030490760691463947,-0.0079460320994257008,-0.0079460320994257008,0.0030490760691463002,0.012369151227176099,0.012369151227176099
IPMAT,2011-12-31,0.0030580891761928797,-0.0081071034073828992,-0.0081071034073828992,0.0030580891761927999,0.012456807307898899,0.012456807307898899
IPMAT,2012-01-31,0.0027856598608195782,-0.0084684872999787001,-0.0084684872999787001,0.0027856598608195001,0.012237356044352001,0.012237356044352001
IPMAT,2012-02-29,0.0026564716827124357,-0.0086393840610979999,-0.0086393840610979999,0.0026564716827124002,0.0120453843846917,0.0120453843846917
IPMAT,2012-03-31,0.0024663782678544521,-0.0089040650054811998,-0.0089040650054811998,0.0024663781514390999,0.0120525108650326,0.0120525108650326
IPMAT,2012-04-30,0.0024025554303079844,-0.0091853952035307,-0.0091853952035307,0.0024025554303078998,0.011986894533038099,0.011986894533038099
IPMAT,2012-05-31,0.0023419663775712252,-0.0093515710905194005,-0.0093515710905194005,0.0023419662611558999,0.0119709465652704,0.0119709465652704
IPMAT,2012-06-30,0.0021327422000467777,-0.0096627017483115005,-0.0096627017483115005,0.0021327420836314,0.011764195747673499,0.011764195747673499
IPMAT,2012-07-31,0.0019356023985892534,-0.0099300807341933008,-0.0099300807341933008,0.0019356023985892001,0.0115500194951891,0.0115500194951891
IPMAT,2012-08-31,0.0019144241232424974,-0.010264144279062699,-0.010264144279062699,0.0019144241232424001,0.011773480102419799,0.011773480102419799
IPMAT,2012-09-30,0.0017213798128068447,-0.0105298934504389,-0.0105298934504389,0.0017213798128068,0.011574889533221701,0.011574889533221701
IPMAT,2012-10-31,0.0017918826779350638,-0.010515056550502701,-0.010515056550502701,0.0017918827943503,0.0114967450499534,0.0114967450499534
IPMAT,2012-11-30,0.0018580214818939567,-0.0105136763304471,-0.0105136763304471,0.0018580215983092,0.011371918953955101,0.011371918953955101
IPMAT,2012-12-31,0.0019986541010439396,-0.0103236511349678,-0.0103236511349678,0.0019986541010439001,0.0114930691197514,0.0114930691197514
IPMAT,2013-01-31,0.0018218825571238995,-0.0106080258265137,-0.0106080258265137,0.0018218825571237999,0.011411572806537099,0.011411572806537099
IPNCONGD,2011-02-28,0.00049726542783901095,-0.0084059946238994009,-0.0084059946238994009,0.00049726548604659998,0.0094074290245770992,0.0094074290245770992
IPNCONGD,2011-03-31,0.0014297831803560257,-0.0076588857918977,-0.0076588857918977,0.0014297831803559999,0.0104881487786769,0.0104881487786769
IPNCONGD,2011-04-30,0.0005478187813423574,-0.0086157731711864003,-0.0086157731711864003,0.00054781883954999999,0.0096971392631529998,0.0096971392631529998
IPNCONGD,2011-05-31,-0.00027054210659116507,-0.0094606857746839003,-0.0094606857746839003,-0.00027054210659110001,0.0088976472616195002,0.0088976472616195002
IPNCONGD,2011-06-30,0.0013397481525316834,-0.0078378431499004,-0.0078378431499004,0.0013397481525316,0.010548700578510701,0.010548700578510701
IPNCONGD,2011-07-31,0.00033465027809143066,-0.0088684940710662997,-0.0088684940710662997,0.00033465027809139998,0.0095790401101112001,0.0095790401101112001
IPNCONGD,2011-08-31,6.2842504121363163e-05,-0.009181935340166,-0.009181935340166,6.2842504121363163e-05,0.0093244388699531,0.0093244388699531
IPNCONGD,2011-09-30,0.0014093774370849133,-0.0078236451372503991,-0.0078236451372503991,0.0014093774370849,0.010621218942105701,0.010621218942105701
IPNCONGD,2011-10-31,0.00092000258155167103,-0.0083355735987424,-0.0083355735987424,0.00092000258155160001,0.0102089364081621,0.0102089364081621
IPNCONGD,2011-11-30,0.0004494967870414257,-0.0088377324864268008,-0.0088377324864268008,0.00044949678704140001,0.0098050292581318994,0.0098050292581318994
IPNCONGD,2011-12-31,-4.0175742469727993e-05,-0.0093276109546422004,-0.0093276109546422004,-4.0175742469727993e-05,0.0093181086704134004,0.0093181086704134004
IPNCONGD,2012-01-31,0.00023696629796177149,-0.0089978380128741004,-0.0089978380128741004,0.00023696629796170001,0.0094674630090593997,0.0094674630090593997
IPNCONGD,2012-02-29,0.00050243601435795426,-0.0087059745565056003,-0.0087059745565056003,0.0005024359561502,0.0097850244492292005,0.0097850244492292005
IPNCONGD,2012-03-31,0.00026434264145791531,-0.0091554271057247994,-0.0091554271057247994,0.00026434264145790002,0.0096605159342288,0.0096605159342288
IPNCONGD,2012-04-30,0.00020412902813404799,-0.0091582834720611,-0.0091582834720611,0.00020412902813400001,0.0095578618347644008,0.0095578618347644008
IPNCONGD,2012-05-31,7.9074292443692684e-05,-0.0093220164999365009,-0.0093220164999365009,7.9074292443692684e-05,0.0094311479479073992,0.0094311479479073992
IPNCONGD,2012-06-30,0.00025642872788012028,-0.0090594673529266999,-0.0090594673529266999,0.0002564287278801,0.0095932492986320998,0.0095932492986320998
IPNCONGD,2012-07-31,0.00031151948496699333,-0.0090272212401031997,-0.0090272212401031997,0.00031151948496689998,0.0096487365663050998,0.0096487365663050998
IPNCONGD,2012-08-31,0.00043064710916951299,-0.0089997109025716001,-0.0089997109025716001,0.00043064705096179998,0.0098505038768053003,0.0098505038768053003
IPNCONGD,2012-09-30,0.00021902116714045405,-0.0092104151844978003,-0.0092104151844978003,0.00021902122534810001,0.0096897510811685995,0.0096897510811685995
IPNCONGD,2012-10-31,0.00015874032396823168,-0.0092588523402809993,-0.0092588523402809993,0.00015874032396819999,0.0095853107050061,0.0095853107050061
IPNCONGD,2012-11-30,0.00019734201487153769,-0.0091340662911533997,-0.0091340662911533997,0.00019734201487150001,0.0095453197136520992,0.0095453197136520992
IPNCONGD,2012-12-31,0.00014206545893102884,-0.0091333473101258,-0.0091333473101258,0.000142065458931,0.0094804335385560001,0.0094804335385560001
IPNCONGD,2013-01-31,7.6633412390947342e-05,-0.0093018244951963008,-0.0093018244951963008,7.6633412390947342e-05,0.0094095934182405003,0.0094095934182405003
IPNMAT,2011-02-28,0.0013762085000053048,-0.0087972516193985002,-0.0087972516193985002,0.0013762085000053,0.0115280020982027,0.0115280020982027
IPNMAT,2011-03-31,0.0015269818250089884,-0.0091081960126756997,-0.0091081960126756997,0.0015269818250088999,0.0121056931093335,0.0121056931093335
IPNMAT,2011-04-30,0.0010360863525420427,-0.0097943637520073994,-0.0097943637520073994,0.001036086352542,0.0116867637261748,0.0116867637261748
IPNMAT,2011-05-31,0.0011405872646719217,-0.0096579054370521996,-0.0096579054370521996,0.0011405872646719,0.011694048531353401,0.011694048531353401
IPNMAT,2011-06-30,0.0012466834159567952,-0.0093622412532567006,-0.0093622412532567006,0.0012466834159567,0.0118161840364336,0.0118161840364336
IPNMAT,2011-07-31,0.0013656411319971085,-0.0091962730512022001,-0.0091962730512022001,0.0013656411319971,0.011828425340354399,0.011828425340354399
IPNMAT,2011-08-31,0.0012902350863441825,-0.0092626623809336991,-0.0092626623809336991,0.0012902350863441001,0.011777988635003501,0.011777988635003501
IPNMAT,2011-09-30,0.0012306546559557319,-0.0093435244634747002,-0.0093435244634747002,0.0012306546559557,0.0118542751297354,0.0118542751297354
IPNMAT,2011-10-31,0.0011585926404222846,-0.0094559621065854992,-0.0094559621065854992,0.0011585925240068999,0.0118683567270636,0.0118683567270636
IPNMAT,2011-11-30,0.0012652507284656167,-0.0093973269686102,-0.0093973269686102,0.0012652507284656,0.012092132121324499,0.012092132121324499
IPNMAT,2011-12-31,0.0013518398627638817,-0.0093292938545346,-0.0093292938545346,0.0013518398627637999,0.0124030262231826,0.0124030262231826
IPNMAT,2012-01-31,0.0012204671511426568,-0.0095157306641339996,-0.0095157306641339996,0.0012204672675578999,0.012223455123603301,0.012223455123603301
IPNMAT,2012-02-29,0.0012972611002624035,-0.0094596603885293007,-0.0094596603885293007,0.0012972611002624,0.0123748453333973,0.0123748453333973
IPNMAT,2012-03-31,0.0012713625328615308,-0.0095554273575543993,-0.0095554273575543993,0.0012713624164462001,0.0123414825648069,0.0123414825648069
IPNMAT,2012-04-30,0.0012632221914827824,-0.0095943193882703001,-0.0095943193882703001,0.0012632221914827,0.012467348948121,0.012467348948121
IPNMAT,2012-05-31,0.0012892362428829074,-0.0096635967493057008,-0.0096635967493057008,0.0012892362428829,0.0125386696308851,0.0125386696308851
IPNMAT,2012-06-30,0.0013405646895989776,-0.0096193989738820995,-0.0096193989738820995,0.0013405646895988999,0.012626088224351399,0.012626088224351399
IPNMAT,2012-07-31,0.0012628239346668124,-0.0097687533125281004,-0.0097687533125281004,0.0012628238182514,0.012545890174806101,0.012545890174806101
IPNMAT,2012-08-31,0.0013262679567560554,-0.0099045895040035005,-0.0099045895040035005,0.0013262679567560001,0.012972417287528499,0.012972417287528499
IPNMAT,2012-09-30,0.0014828125713393092,-0.0098288804292678,-0.0098288804292678,0.0014828125713393001,0.0130594857037067,0.0130594857037067
IPNMAT,2012-10-31,0.0016448621172457933,-0.0096799507737159,-0.0096799507737159,0.0016448620008304,0.013166390359401699,0.013166390359401699
IPNMAT,2012-11-30,0.001570646301843226,-0.0096824793145060001,-0.0096824793145060001,0.0015706464182585001,0.012996363453567,0.012996363453567
IPNMAT,2012-12-31,0.0015536022838205099,-0.0097218723967670995,-0.0097218723967670995,0.0015536021674051,0.013021371327340599,0.013021371327340599
IPNMAT,2013-01-31,0.0014688171213492751,-0.010089168325066501,-0.010089168325066501,0.0014688171213492001,0.0130722261965274,0.0130722261965274
ISRATIOx,2011-02-28,-0.0030009094625711441,-0.0207663588225841,-0.0207663588225841,-0.0030009094625710999,0.0143428239971399,0.0143428239971399
ISRATIOx,2011-03-31,-0.0017488477751612663,-0.020447878167033098,-0.020447878167033098,-0.0017488477751612,0.016367215663194601,0.016367215663194601
ISRATIOx,2011-04-30,-0.0025170724838972092,-0.0215847175568342,-0.0215847175568342,-0.0025170724838972001,0.015833938494324601,0.015833938494324601
ISRATIOx,2011-05-31,-0.0027556833811104298,-0.0218404382467269,-0.0218404382467269,-0.0027556833811103998,0.015787595883011801,0.015787595883011801
ISRATIOx,2011-06-30,-0.0024630469270050526,-0.021549042314291,-0.021549042314291,-0.0024630469270050001,0.016018765047192501,0.016018765047192501
ISRATIOx,2011-07-31,-0.0025078202597796917,-0.0214653443545103,-0.0214653443545103,-0.0025078202597796002,0.016123998910188599,0.016123998910188599
ISRATIOx,2011-08-31,-0.002352606737986207,-0.021353607997298199,-0.021353607997298199,-0.0023526067379862001,0.016404075548052701,0.016404075548052701
ISRATIOx,2011-09-30,-0.0022056433372199535,-0.021327931433916002,-0.021327931433916002,-0.0022056433372199002,0.0164566338062286,0.0164566338062286
ISRATIOx,2011-10-31,-0.0014057059306651354,-0.020544197410345001,-0.020544197410345001,-0.0014057059306651,0.017268361523747399,0.017268361523747399
ISRATIOx,2011-11-30,-0.0013290614588186145,-0.0204122308641672,-0.0204122308641672,-0.0013290615752339001,0.017232375219464299,0.017232375219464299
ISRATIOx,2011-12-31,-0.0011888288427144289,-0.020291348919272399,-0.020291348919272399,-0.0011888288427144001,0.017538662999868299,0.017538662999868299
ISRATIOx,2012-01-31,-0.0011521317064762115,-0.020211458206176699,-0.020211458206176699,-0.0011521317064762001,0.017414936795830699,0.017414936795830699
ISRATIOx,2012-02-29,-0.0018230589339509606,-0.021154873073100999,-0.021154873073100999,-0.0018230588175356,0.016830682754516602,0.016830682754516602
ISRATIOx,2012-03-31,-0.0016557138878852129,-0.021085828542709299,-0.021085828542709299,-0.0016557138878852001,0.017193116247653899,0.017193116247653899
ISRATIOx,2012-04-30,-0.00097900186665356159,-0.020507104694843199,-0.020507104694843199,-0.00097900186665350001,0.018117934465408301,0.018117934465408301
ISRATIOx,2012-05-31,-0.00033508494379930198,-0.019749891012907,-0.019749891012907,-0.00033508497290310002,0.018795549869537301,0.018795549869537301
ISRATIOx,2012-06-30,-0.00057732040295377374,-0.0198740251362323,-0.0198740251362323,-0.00057732034474610003,0.018673760816454801,0.018673760816454801
ISRATIOx,2012-07-31,-0.00060216133715584874,-0.0198287386447191,-0.0198287386447191,-0.00060216127894810001,0.018550366163253701,0.018550366163253701
ISRATIOx,2012-08-31,-0.00062907027313485742,-0.020540358498692499,-0.020540358498692499,-0.00062907021492710001,0.018972158432006801,0.018972158432006801
ISRATIOx,2012-09-30,-0.00095329125178977847,-0.020949373021721798,-0.020949373021721798,-0.00095329130999740003,0.018781701102852801,0.018781701102852801
ISRATIOx,2012-10-31,-0.00094061897834762931,-0.021028624847531301,-0.021028624847531301,-0.00094061903655520002,0.0189273543655872,0.0189273543655872
ISRATIOx,2012-11-30,-0.0010922797955572605,-0.020862067118287,-0.020862067118287,-0.0010922797955572,0.018487207591533598,0.018487207591533598
ISRATIOx,2012-12-31,-0.0014887463767081499,-0.0212174169719219,-0.0212174169719219,-0.0014887463767081,0.018351534381508799,0.018351534381508799
ISRATIOx,2013-01-31,-0.0012422592844814062,-0.021185733377933499,-0.021185733377933499,-0.0012422592844813999,0.018757613375782901,0.018757613375782901
M1SL,2011-02-28,0.0034282410051673651,-0.0074404766783117996,-0.0074404766783117996,0.0034282411215826002,0.0149261699989438,0.0149261699989438
M1SL,2011-03-31,-0.0018098705913871527,-0.0130049074068665,-0.0130049074068665,-0.0018098705913871,0.0102352797985076,0.0102352797985076
M1SL,2011-04-30,-5.434288686956279e-05,-0.011385697871446601,-0.011385697871446601,-5.4342905059456825e-05,0.012091234326362599,0.012091234326362599
M1SL,2011-05-31,0.0016487457323819399,-0.0096782268956303007,-0.0096782268956303007,0.0016487456450703999,0.0139823546633124,0.0139823546633124
M1SL,2011-06-30,-0.0022029830142855644,-0.013531349599361401,-0.013531349599361401,-0.0022029830142854998,0.0102764144539833,0.0102764144539833
M1SL,2011-07-31,0.0002576746919658035,-0.011113404296338499,-0.011113404296338499,0.00025767460465429999,0.012801443226635401,0.012801443226635401
M1SL,2011-08-31,0.00030896850512363017,-0.011195695027709,-0.011195695027709,0.00030896847601970002,0.0129866413772106,0.0129866413772106
M1SL,2011-09-30,-0.0011742620263248682,-0.012567277066409499,-0.012567277066409499,-0.0011742620263247999,0.011432928033172999,0.011432928033172999
M1SL,2011-10-31,1.5624214938725345e-05,-0.011356725357472799,-0.011356725357472799,1.5624100342392921e-05,0.012639323249459201,0.012639323249459201
M1SL,2011-11-30,0.00010992460011038929,-0.011075042188167499,-0.011075042188167499,0.0001099245855584,0.012523322366177999,0.012523322366177999
M1SL,2011-12-31,-0.00012224838428664953,-0.0110603692010045,-0.0110603692010045,-0.00012224842794229999,0.012174405157565999,0.012174405157565999
M1SL,2012-01-31,-0.00041762084583751857,-0.011177355423569599,-0.011177355423569599,-0.00041762087494130002,0.011658802628517101,0.011658802628517101
M1SL,2012-02-29,-0.00042445678263902664,-0.0110105257481336,-0.0110105257481336,-0.00042445678263900002,0.0115618715062737,0.0115618715062737
M1SL,2012-03-31,-6.1467508203350008e-05,-0.010673139244318,-0.010673139244318,-6.1467522755265236e-05,0.011809353716671399,0.011809353716671399
M1SL,2012-04-30,0.0002564312017057091,-0.0102720502763986,-0.0102720502763986,0.00025643117260179998,0.012307078577578,0.012307078577578
M1SL,2012-05-31,-0.00011114959488622844,-0.010482242330908701,-0.010482242330908701,-0.00011114962399,0.011808398179709899,0.011808398179709899
M1SL,2012-06-30,-0.00053463195217773318,-0.0108060501515865,-0.0108060501515865,-0.00053463201038529999,0.011223729699850001,0.011223729699850001
M1SL,2012-07-31,-8.950558549258858e-05,-0.010301595553755699,-0.010301595553755699,-8.9505570940673351e-05,0.0116141522303223,0.0116141522303223
M1SL,2012-08-31,0.00014419735816773027,-0.010131895542144701,-0.010131895542144701,0.00014419737271959999,0.012176582589745501,0.012176582589745501
M1SL,2012-09-30,-0.00023810431594029069,-0.0104001266881823,-0.0104001266881823,-0.00023810425773259999,0.01178122125566,0.01178122125566
M1SL,2012-10-31,-0.00045706998207606375,-0.0106941014528274,-0.0106941014528274,-0.00045706995297220001,0.011593736708164199,0.011593736708164199
M1SL,2012-11-30,-0.00010822775948327035,-0.010016442276537399,-0.010016442276537399,-0.0001082277158275,0.0116879912093281,0.0116879912093281
M1SL,2012-12-31,-0.00020003158715553582,-0.0100795496255159,-0.0100795496255159,-0.00020003155805169999,0.0115371383726596,0.0115371383726596
M1SL,2013-01-31,-7.7774267992936075e-05,-0.0099794827401637996,-0.0099794827401637996,-7.7774282544851303e-05,0.0115978643298149,0.0115978643298149
M2REAL,2011-02-28,9.7400392405688763e-05,-0.00378481997177,-0.00378481997177,9.7400392405688763e-05,0.0048517091199755001,0.0048517091199755001
M2REAL,2011-03-31,0.00039360637310892344,-0.0040737758390604999,-0.0040737758390604999,0.00039360637310890002,0.0058766012080012997,0.0058766012080012997
M2REAL,2011-04-30,0.00061930424999445677,-0.0042084720917046001,-0.0042084720917046001,0.00061930424999439996,0.0065974439494311003,0.0065974439494311003
M2REAL,2011-05-31,0.00076789618469774723,-0.0043492927215992997,-0.0043492927215992997,0.00076789618469769996,0.0070764999836682996,0.0070764999836682996
M2REAL,2011-06-30,0.0010285419411957264,-0.0042338366620241997,-0.0042338366620241997,0.0010285419411956999,0.0075848125852644001,0.0075848125852644001
M2REAL,2011-07-31,0.0011405195109546185,-0.0042876899242401002,-0.0042876899242401002,0.0011405195109546,0.0078672859817743006,0.0078672859817743006
M2REAL,2011-08-31,0.0012679451610893011,-0.0042720856145023996,-0.0042720856145023996,0.0012679451610893,0.0081331850960850004,0.0081331850960850004
M2REAL,2011-09-30,0.001212618313729763,-0.0043522068299353001,-0.0043522068299353001,0.0012126183137296999,0.0081343287602066994,0.0081343287602066994
M2REAL,2011-10-31,0.0011078373063355684,-0.0043905382044612997,-0.0043905382044612997,0.0011078373063354999,0.0080213630571961004,0.0080213630571961004
M2REAL,2011-11-30,0.0010050400160253048,-0.0044699180871248002,-0.0044699180871248002,0.0010050400160253,0.0079268887639045004,0.0079268887639045004
M2REAL,2011-12-31,0.0010684814769774675,-0.0044591324403882001,-0.0044591324403882001,0.0010684814769774001,0.0080110663548110996,0.0080110663548110996
M2REAL,2012-01-31,0.001082795555703342,-0.0044184536673127998,-0.0044184536673127998,0.0010827955557032999,0.0080784633755682997,0.0080784633755682997
M2REAL,2012-02-29,0.0011338579934090376,-0.0043005747720599001,-0.0043005747720599001,0.0011338579934090001,0.0081412801519035998,0.0081412801519035998
M2REAL,2012-03-31,0.0012954769190400839,-0.0042711487039923,-0.0042711487039923,0.00129547691904,0.0083856107667088006,0.0083856107667088006
M2REAL,2012-04-30,0.0013787182979285717,-0.0041121183894574,-0.0041121183894574,0.0013787182979284999,0.0084222927689551995,0.0084222927689551995
M2REAL,2012-05-31,0.0013867651578038931,-0.0041129612363874002,-0.0041129612363874002,0.0013867651578038001,0.0083544608205556002,0.0083544608205556002
M2REAL,2012-06-30,0.0013846706133335829,-0.0040744193829595999,-0.0040744193829595999,0.0013846706133335,0.0084002064540982004,0.0084002064540982004
M2REAL,2012-07-31,0.0013655689544975758,-0.0041110706515610001,-0.0041110706515610001,0.0013655689544975001,0.0083164591342210006,0.0083164591342210006
M2REAL,2012-08-31,0.0013958115596324205,-0.0041888202540575998,-0.0041888202540575998,0.0013958115596323999,0.0084047801792621005,0.0084047801792621005
M2REAL,2012-09-30,0.001395069295540452,-0.0041729751974344002,-0.0041729751974344002,0.0013950692955404,0.0083967549726366997,0.0083967549726366997
M2REAL,2012-10-31,0.0013892303686589003,-0.0041519966907799001,-0.0041519966907799001,0.0013892303686589,0.0083745978772640003,0.0083745978772640003
M2REAL,2012-11-30,0.001496905111707747,-0.0039853304624557001,-0.0039853304624557001,0.0014969051117076999,0.0084843430668114991,0.0084843430668114991
M2REAL,2012-12-31,0.0015162753406912088,-0.0039678057655691996,-0.0039678057655691996,0.0015162753406911999,0.0085574043914675001,0.0085574043914675001
M2REAL,2013-01-31,0.001488313777372241,-0.0039885533042252003,-0.0039885533042252003,0.0014883137773722,0.0085264518857001998,0.0085264518857001998
M2SL,2011-02-28,0.000212384999031201,-0.0032310404349117998,-0.0032310404349117998,0.00021238502813499999,0.0035542706027625998,0.0035542706027625998
M2SL,2011-03-31,0.00012899830471724272,-0.0034710976760834,-0.0034710976760834,0.0001289983047172,0.0036157357972115001,0.0036157357972115001
M2SL,2011-04-30,0.0001356562424916774,-0.0035098069347441001,-0.0035098069347441001,0.0001356562715955,0.0036216550506650998,0.0036216550506650998
M2SL,2011-05-31,0.0001023881122819148,-0.0035524247214198,-0.0035524247214198,0.000102388090454,0.0035879414062947,0.0035879414062947
M2SL,2011-06-30,0.00013810259406454861,-0.0035439720377325999,-0.0035439720377325999,0.00013810256496069999,0.0036276804748922001,0.0036276804748922001
M2SL,2011-07-31,4.19454081566073e-05,-0.0036499116104096001,-0.0036499116104096001,4.1945429984480143e-05,0.0035534123890100999,0.0035534123890100999
M2SL,2011-08-31,-2.8627286155824549e-05,-0.0037666375283151002,-0.0037666375283151002,-2.8627284336835143e-05,0.0035201341379432999,0.0035201341379432999
M2SL,2011-09-30,1.638741377973929e-05,-0.0037400324363261002,-0.0037400324363261002,1.6387435607612133e-05,0.0035596466623246002,0.0035596466623246002
M2SL,2011-10-31,7.5141033448744565e-05,-0.0037344621960072998,-0.0037344621960072998,7.5141026172786951e-05,0.0036466184537856999,0.0036466184537856999
M2SL,2011-11-30,0.00015770568279549479,-0.0036451865453273002,-0.0036451865453273002,0.00015770568279540001,0.0037143465597182001,0.0037143465597182001
M2SL,2011-12-31,0.00015780937974341214,-0.0036289286799727999,-0.0036289286799727999,0.00015780937974339999,0.0037018666043876999,0.0037018666043876999
M2SL,2012-01-31,0.00017178902635350823,-0.0036090284120290999,-0.0036090284120290999,0.00017178902635349999,0.0036662884522228999,0.0036662884522228999
M2SL,2012-02-29,0.0001692115911282599,-0.0036471970379352001,-0.0036471970379352001,0.0001692115620244,0.0037027683574705999,0.0037027683574705999
M2SL,2012-03-31,0.00017044591368176043,-0.0036456864327191999,-0.0036456864327191999,0.0001704459427855,0.0037014624103902998,0.0037014624103902998
M2SL,2012-04-30,9.990587568609044e-05,-0.0036785106640309,-0.0036785106640309,9.990588296204804e-05,0.0036722035147249,0.0036722035147249
M2SL,2012-05-31,3.8206013414310291e-05,-0.0037052361294626999,-0.0037052361294626999,3.8205995224416256e-05,0.0035562776029109001,0.0035562776029109001
M2SL,2012-06-30,1.3656283044838347e-05,-0.0036556210834532,-0.0036556210834532,1.3656273949891329e-05,0.0034720557741820001,0.0034720557741820001
M2SL,2012-07-31,0.00013885510270483792,-0.0035221194848418002,-0.0035221194848418002,0.00013885513180859999,0.0035276981070637,0.0035276981070637
M2SL,2012-08-31,0.00020435353508219123,-0.0034838572610168999,-0.0034838572610168999,0.000204353564186,0.0036086062900722001,0.0036086062900722001
M2SL,2012-09-30,0.00019648030865937471,-0.0034616910852491001,-0.0034616910852491001,0.00019648030865930001,0.0035997093655169001,0.0035997093655169001
M2SL,2012-10-31,0.00014850011211819947,-0.0035303987096994998,-0.0035303987096994998,0.0001485000830143,0.0035233511589467001,0.0035233511589467001
M2SL,2012-11-30,9.2282811237964779e-05,-0.0035042220260947002,-0.0035042220260947002,9.2282833065837622e-05,0.0034020903985947002,0.0034020903985947002
M2SL,2012-12-31,-8.0479430835111998e-06,-0.0035996348597109001,-0.0035996348597109001,-8.0479658208787441e-06,0.0033230318222193999,0.0033230318222193999
M2SL,2013-01-31,6.7884311647503637e-06,-0.0036494738887995,-0.0036494738887995,6.7884102463722229e-06,0.0033972957171499001,0.0033972957171499001
MANEMP,2011-02-28,0.0015468716155737638,-0.00049342314014209996,-0.00049342314014209996,0.0015468716155737001,0.0032602364663034001,0.0032602364663034001
MANEMP,2011-03-31,0.0014059096574783325,-0.00081206130562350002,-0.00081206130562350002,0.0014059096574783,0.0032123627606778999,0.0032123627606778999
MANEMP,2011-04-30,0.0012227150145918131,-0.0012160834157838999,-0.0012160834157838999,0.0012227150145918001,0.0030702867079526,0.0030702867079526
MANEMP,2011-05-31,0.0011066687293350697,-0.0015544004272669001,-0.0015544004272669001,0.0011066687293350001,0.0030191410332917998,0.0030191410332917998
MANEMP,2011-06-30,0.00098810833878815174,-0.0017830720171331999,-0.0017830720171331999,0.00098810833878809992,0.0029357715975493002,0.0029357715975493002
MANEMP,2011-07-31,0.00099271372891962528,-0.0019342587329447001,-0.0019342587329447001,0.00099271372891959991,0.0030870677437632998,0.0030870677437632998
MANEMP,2011-08-31,0.00088647875236347318,-0.0021910837385803001,-0.0021910837385803001,0.00088647875236339999,0.0030651099514215998,0.0030651099514215998
MANEMP,2011-09-30,0.00078281428432092071,-0.0024284631945191999,-0.0024284631945191999,0.0007828142843209,0.0031128695700317001,0.0031128695700317001
MANEMP,2011-10-31,0.00064467039192095399,-0.0026178404223172998,-0.0026178404223172998,0.0006446703919209,0.0030172951519489002,0.0030172951519489002
MANEMP,2011-11-30,0.00057590584037825465,-0.0027235029265284001,-0.0027235029265284001,0.00057590584037820001,0.0030518777202814002,0.0030518777202814002
MANEMP,2011-12-31,0.00045844662236049771,-0.0029180732090026001,-0.0029180732090026001,0.00045844662236040003,0.0030315762851387002,0.0030315762851387002
MANEMP,2012-01-31,0.00036022946005687118,-0.0031077610328793001,-0.0031077610328793001,0.0003602294600568,0.0029575899243353999,0.0029575899243353999
MANEMP,2012-02-29,0.00027962011517956853,-0.0031858605798332999,-0.0031858605798332999,0.00027962011517950001,0.0028698602691291999,0.0028698602691291999
MANEMP,2012-03-31,0.00018537120195105672,-0.0033665294758974998,-0.0033665294758974998,0.00018537120195099999,0.0029097038786857999,0.0029097038786857999
MANEMP,2012-04-30,6.0384860262274742e-05,-0.0035299484152345999,-0.0035299484152345999,6.0384860262274742e-05,0.0029294518753886002,0.0029294518753886002
MANEMP,2012-05-31,-2.6851135771721601e-05,-0.0036937191616743001,-0.0036937191616743001,-2.6851135771721601e-05,0.0029108806047588001,0.0029108806047588001
MANEMP,2012-06-30,-0.00016293796943500638,-0.0039194067940115001,-0.0039194067940115001,-0.00016293796943500001,0.0028183590620756002,0.0028183590620756002
MANEMP,2012-07-31,-0.00024954322725534439,-0.0040585701353847,-0.0040585701353847,-0.00024954322725529999,0.0027451117057352998,0.0027451117057352998
MANEMP,2012-08-31,-0.00027858553221449256,-0.0043050516396760004,-0.0043050516396760004,-0.00027858553221440002,0.0028928094543515998,0.0028928094543515998
MANEMP,2012-09-30,-0.00023963727289810777,-0.0043499735184013002,-0.0043499735184013002,-0.00023963727289809999,0.0030001497361808998,0.0030001497361808998
MANEMP,2012-10-31,-0.00024527916684746742,-0.0043866201303899002,-0.0043866201303899002,-0.00024527916684739999,0.0029975175857543,0.0029975175857543
MANEMP,2012-11-30,-0.0003627273254096508,-0.0045183529146015002,-0.0045183529146015002,-0.00036272732540960001,0.0028360933065413999,0.0028360933065413999
MANEMP,2012-12-31,-0.00040507217636331916,-0.0045701693743467001,-0.0045701693743467001,-0.00040507217636330002,0.0028596753254531999,0.0028596753254531999
MANEMP,2013-01-31,-0.00041423898073844612,-0.0046845474280416003,-0.0046845474280416003,-0.00041423895163459999,0.0028661186806857,0.0028661186806857
NDMANEMP,2011-02-28,-0.00069351610727608204,-0.0029048237483948001,-0.0029048237483948001,-0.00069351610727599996,0.001329633872956,0.001329633872956
NDMANEMP,2011-03-31,-0.00068445282522588968,-0.0030446390155702001,-0.0030446390155702001,-0.00068445282522580002,0.0014107069000601001,0.0014107069000601001
NDMANEMP,2011-04-30,-0.00082392641343176365,-0.0033315878827124001,-0.0033315878827124001,-0.00082392641343170001,0.0012930929660797,0.0012930929660797
NDMANEMP,2011-05-31,-0.00085204676724970341,-0.0034565387759357001,-0.0034565387759357001,-0.00085204676724970005,0.0012784798163919999,0.0012784798163919999
NDMANEMP,2011-06-30,-0.000862491549924016,-0.0034837694838643,-0.0034837694838643,-0.00086249154992399995,0.0013024264480918,0.0013024264480918
NDMANEMP,2011-07-31,-0.00080825819168239832,-0.0034939514007419001,-0.0034939514007419001,-0.00080825819168229998,0.0013232477940618001,0.0013232477940618001
NDMANEMP,2011-08-31,-0.00084060040535405278,-0.0035721452441066,-0.0035721452441066,-0.00084060040535399998,0.0013641214463859001,0.0013641214463859001
NDMANEMP,2011-09-30,-0.00078760233009234071,-0.0035605637822300001,-0.0035605637822300001,-0.00078760233009230005,0.0014818706549703999,0.0014818706549703999
NDMANEMP,2011-10-31,-0.00078118545934557915,-0.0035900119692087,-0.0035900119692087,-0.0007811854593455,0.0014503609854726999,0.0014503609854726999
NDMANEMP,2011-11-30,-0.00083623058162629604,-0.0036587107460944999,-0.0036587107460944999,-0.00083623058162619998,0.0014649981167167,0.0014649981167167
NDMANEMP,2011-12-31,-0.00094139651628211141,-0.0038020038045941998,-0.0038020038045941998,-0.00094139651628210002,0.0013855702709406001,0.0013855702709406001
NDMANEMP,2012-01-31,-0.00091758323833346367,-0.003825600259006,-0.003825600259006,-0.00091758323833340003,0.0014452198520302001,0.0014452198520302001
NDMANEMP,2012-02-29,-0.0010076295584440231,-0.0038931630551814998,-0.0038931630551814998,-0.0010076295584439999,0.0013008078094571001,0.0013008078094571001
NDMANEMP,2012-03-31,-0.0010488909902051091,-0.0039757294580340004,-0.0039757294580340004,-0.0010488909902051,0.0013276012614369,0.0013276012614369
NDMANEMP,2012-04-30,-0.0010990638984367251,-0.0040715425275265997,-0.0040715425275265997,-0.0010990638984367,0.0013413159176707001,0.0013413159176707001
NDMANEMP,2012-05-31,-0.0011051052715629339,-0.0041248081251977998,-0.0041248081251977998,-0.0011051052715629001,0.0013538463972508001,0.0013538463972508001
NDMANEMP,2012-06-30,-0.0011770051205530763,-0.0042641218751668002,-0.0042641218751668002,-0.0011770051205529999,0.0013135769404469999,0.0013135769404469999
NDMANEMP,2012-07-31,-0.0011959697585552931,-0.0042548486962913998,-0.0042548486962913998,-0.0011959697585552001,0.0013085927348583,0.0013085927348583
NDMANEMP,2012-08-31,-0.0012488424545153975,-0.0043686088174580999,-0.0043686088174580999,-0.0012488424545153,0.0013883978244848001,0.0013883978244848001
NDMANEMP,2012-09-30,-0.0012453426606953144,-0.0044247433543205001,-0.0044247433543205001,-0.0012453426606953001,0.0013567600981332,0.0013567600981332
NDMANEMP,2012-10-31,-0.0012417000252753496,-0.0044210567139089003,-0.0044210567139089003,-0.0012417000252753,0.0013531487784348001,0.0013531487784348001
NDMANEMP,2012-11-30,-0.0012837790418416262,-0.0045127514749764997,-0.0045127514749764997,-0.0012837790418415999,0.001320396317169,0.001320396317169
NDMANEMP,2012-12-31,-0.0012656761100515723,-0.0045045167207717002,-0.0045045167207717002,-0.0012656761100514999,0.0013800610904580999,0.0013800610904580999
NDMANEMP,2013-01-31,-0.0012694774195551872,-0.0045438036322593004,-0.0045438036322593004,-0.0012694774195551001,0.0013973020832054,0.0013973020832054
NONBORRES,2011-02-28,-0.040764551609754562,-0.1421541422605514,-0.1421541422605514,-0.0407645516097545,0.042264114134013597,0.042264114134013597
NONBORRES,2011-03-31,-0.010011225007474422,-0.1215373650193214,-0.1215373650193214,-0.0100112250074744,0.079459972679615007,0.079459972679615007
NONBORRES,2011-04-30,0.00077443430200219154,-0.1213038563728332,-0.1213038563728332,0.00077443383634090001,0.10120866447687139,0.10120866447687139
NONBORRES,2011-05-31,-0.010621273890137672,-0.12691047787666321,-0.12691047787666321,-0.0106212738901376,0.088977038860321003,0.088977038860321003
NONBORRES,2011-06-30,-0.015777580440044403,-0.14805033802986139,-0.14805033802986139,-0.0157775804400444,0.084980472922325107,0.084980472922325107
NONBORRES,2011-07-31,-0.00076732231536880136,-0.13650938868522641,-0.13650938868522641,-0.0007673222571611,0.099287405610084506,0.099287405610084506
NONBORRES,2011-08-31,-0.0063198939897119999,-0.14040504395961759,-0.14040504395961759,-0.0063198935240506996,0.096569582819938604,0.096569582819938604
NONBORRES,2011-09-30,0.00027711020084097981,-0.12857723236083979,-0.12857723236083979,0.0002771103754639,0.10959543287754051,0.10959543287754051
NONBORRES,2011-10-31,-0.02444365993142128,-0.16898596286773679,-0.16898596286773679,-0.0244436599314212,0.092507556080818107,0.092507556080818107
NONBORRES,2011-11-30,-0.0078921066597104073,-0.16142250597476959,-0.16142250597476959,-0.0078921057283877997,0.1097098737955093,0.1097098737955093
NONBORRES,2011-12-31,-0.00056087964912876487,-0.15559631586074829,-0.15559631586074829,-0.00056087970733639998,0.1137711480259895,0.1137711480259895
NONBORRES,2012-01-31,-0.001915306318551302,-0.1400074809789657,-0.1400074809789657,-0.0019153058528899999,0.10247033834457391,0.10247033834457391
NONBORRES,2012-02-29,-0.035656485706567764,-0.1980453878641128,-0.1980453878641128,-0.035656485706567702,0.089588373899459797,0.089588373899459797
NONBORRES,2012-03-31,-0.0047568837180733681,-0.14260289072990409,-0.14260289072990409,-0.0047568827867506998,0.10949379950761789,0.10949379950761789
NONBORRES,2012-04-30,0.0017187506891787052,-0.14593999087810511,-0.14593999087810511,0.0017187511548398999,0.1157911270856857,0.1157911270856857
NONBORRES,2012-05-31,-0.0058218194171786308,-0.15524426102638239,-0.15524426102638239,-0.0058218194171785996,0.1259396709501743,0.1259396709501743
NONBORRES,2012-06-30,-0.013260685838758945,-0.16026712954044339,-0.16026712954044339,-0.0132606849074363,0.1136042699217796,0.1136042699217796
NONBORRES,2012-07-31,-0.0074693099595606327,-0.15075471997261039,-0.15075471997261039,-0.0074693094938993003,0.12427994981408109,0.12427994981408109
NONBORRES,2012-08-31,-0.0077660540118813515,-0.16934843361377711,-0.16934843361377711,-0.0077660530805586997,0.13537393137812609,0.13537393137812609
NONBORRES,2012-09-30,0.0011319519253447652,-0.16325506567955009,-0.16325506567955009,0.0011319518089294,0.14467094838619229,0.14467094838619229
NONBORRES,2012-10-31,-0.023989778012037277,-0.17895461618900299,-0.17895461618900299,-0.023989778012037201,0.1208501011133194,0.1208501011133194
NONBORRES,2012-11-30,-0.015233699232339859,-0.1658810079097747,-0.1658810079097747,-0.0152336992323398,0.12846493721008301,0.12846493721008301
NONBORRES,2012-12-31,-0.0048078359104692936,-0.15673486888408661,-0.15673486888408661,-0.0048078354448080002,0.141002207994461,0.141002207994461
NONBORRES,2013-01-31,0.00032788937096484005,-0.16017948091030121,-0.16017948091030121,0.000327889341861,0.16701528429985041,0.16701528429985041
NONREVSL,2011-02-28,0.0099129471927881241,0.0015419510891661,0.0015419510891661,0.0099129471927880998,0.018314231187105099,0.018314231187105099
NONREVSL,2011-03-31,-0.00015910777437966317,-0.0080751115456223002,-0.0080751115456223002,-0.0001591077307239,0.0082471370697020999,0.0082471370697020999
NONREVSL,2011-04-30,0.00043008255306631327,-0.0069711836986242996,-0.0069711836986242996,0.00043008255306629999,0.008360993117094,0.008360993117094
NONREVSL,2011-05-31,-0.00011508708848850802,-0.0070031424984334997,-0.0070031424984334997,-0.0001150871394202,0.0075014834292232001,0.0075014834292232001
NONREVSL,2011-06-30,0.001273659523576498,-0.0052272020839154,-0.0052272020839154,0.0012736594890156001,0.0085254125297068994,0.0085254125297068994
NONREVSL,2011-07-31,0.00044233075459487736,-0.0057830628938971996,-0.0057830628938971996,0.00044233072549100001,0.0075826542451977001,0.0075826542451977001
NONREVSL,2011-08-31,0.00044681277358904481,-0.0058226650580763002,-0.0058226650580763002,0.00044681271538129998,0.0077095334418118,0.0077095334418118
NONREVSL,2011-09-30,0.00017842228407971561,-0.0061832200735807002,-0.0061832200735807002,0.00017842231318349999,0.0073796533979475004,0.0073796533979475004
NONREVSL,2011-10-31,0.00020638525893446058,-0.0061591952107846,-0.0061591952107846,0.0002063852734863,0.0074454937130212003,0.0074454937130212003
NONREVSL,2011-11-30,-4.3032876419601962e-05,-0.0064569674432277003,-0.0064569674432277003,-4.3032923713326454e-05,0.0070865619927644001,0.0070865619927644001
NONREVSL,2011-12-31,-0.0005481131374835968,-0.0069494210183620002,-0.0069494210183620002,-0.00054811313748349998,0.0064397230744361001,0.0064397230744361001
NONREVSL,2012-01-31,-2.8968093829462305e-05,-0.0063678594306110997,-0.0063678594306110997,-2.8968090191483498e-05,0.0070348428562283004,0.0070348428562283004
NONREVSL,2012-02-29,-1.9125394828733988e-05,-0.0061709578149020004,-0.0061709578149020004,-1.9125407561659813e-05,0.0069524077698587998,0.0069524077698587998
NONREVSL,2012-03-31,-0.00011336692841723561,-0.0062716305255888999,-0.0062716305255888999,-0.0001133668702095,0.0066654183901846001,0.0066654183901846001
NONREVSL,2012-04-30,-7.6790202001575381e-05,-0.0061717131175099997,-0.0061717131175099997,-7.6790223829448223e-05,0.0067077423445879997,0.0067077423445879997
NONREVSL,2012-05-31,6.629739345953567e-06,-0.0060720629990100002,-0.0060720629990100002,6.6297361627221107e-06,0.0067152678966522,0.0067152678966522
NONREVSL,2012-06-30,-6.9719353632535785e-05,-0.0060612051747739003,-0.0060612051747739003,-6.9719390012323856e-05,0.0064172782003879001,0.0064172782003879001
NONREVSL,2012-07-31,0.00014620949514210224,-0.0059084063395857004,-0.0059084063395857004,0.00014620949514209999,0.0065879700705408998,0.0065879700705408998
NONREVSL,2012-08-31,4.7159519453998655e-05,-0.0060611963272093998,-0.0060611963272093998,4.7159497626125813e-05,0.0065299561247229004,0.0065299561247229004
NONREVSL,2012-09-30,-0.00010717547411331907,-0.0061463420279324003,-0.0061463420279324003,-0.0001071754959411,0.0064883097074924997,0.0064883097074924997
NONREVSL,2012-10-31,-0.00018067608471028507,-0.0063530569896100998,-0.0063530569896100998,-0.00018067611381409999,0.0064351535402237996,0.0064351535402237996
NONREVSL,2012-11-30,-0.00010690916678868234,-0.0061334893107414003,-0.0061334893107414003,-0.0001069091958925,0.0064852028153835999,0.0064852028153835999
NONREVSL,2012-12-31,-0.00012767664156854153,-0.0062842550687491,-0.0062842550687491,-0.0001276766415685,0.0063838534988461997,0.0063838534988461997
NONREVSL,2013-01-31,-4.0780698327580467e-05,-0.0061977342702448004,-0.0061977342702448004,-4.078069468960166e-05,0.0065351226367055997,0.0065351226367055997
OILPRICEx,2011-02-28,0.01981358602643013,-0.075258441269397694,-0.075258441269397694,0.019813586288364601,0.12606723606586451,0.12606723606586451
OILPRICEx,2011-03-31,0.010561413131654263,-0.088108204305171897,-0.088108204305171897,0.010561414062976801,0.1229971125721931,0.1229971125721931
OILPRICEx,2011-04-30,-0.0087911933660507202,-0.10814446210861201,-0.10814446210861201,-0.0087911933660506994,0.1069825366139411,0.1069825366139411
OILPRICEx,2011-05-31,-0.0058892415836453438,-0.1052322313189506,-0.1052322313189506,-0.0058892406523226998,0.11237200349569321,0.11237200349569321
OILPRICEx,2011-06-30,-0.016522601246833801,-0.1173479780554771,-0.1173479780554771,-0.016522601246833801,0.1037141382694244,0.1037141382694244
OILPRICEx,2011-07-31,-0.0079860547557473183,-0.1099488958716392,-0.1099488958716392,-0.0079860538244247003,0.1144024133682251,0.1144024133682251
OILPRICEx,2011-08-31,-0.0094457371160387993,-0.11127593368291849,-0.11127593368291849,-0.0094457380473612993,0.11342403292655941,0.11342403292655941
OILPRICEx,2011-09-30,-0.010473895817995071,-0.1125146001577377,-0.1125146001577377,-0.010473895817995,0.1133571565151214,0.1133571565151214
OILPRICEx,2011-10-31,-0.012672087177634239,-0.1158349066972732,-0.1158349066972732,-0.012672087177634199,0.1131011024117469,0.1131011024117469
OILPRICEx,2011-11-30,-0.019149893894791603,-0.12298069894313809,-0.12298069894313809,-0.0191498938947916,0.106907270848751,0.106907270848751
OILPRICEx,2011-12-31,-0.012625199742615223,-0.1170962303876876,-0.1170962303876876,-0.0126251988112926,0.11402072012424461,0.11402072012424461
OILPRICEx,2012-01-31,-0.0051353052258491516,-0.1095231249928474,-0.1095231249928474,-0.0051353052258490996,0.1206681206822395,0.1206681206822395
OILPRICEx,2012-02-29,-0.0052766911685466766,-0.1105203852057457,-0.1105203852057457,-0.0052766911685466003,0.1201075762510299,0.1201075762510299
OILPRICEx,2012-03-31,-0.0033272311557084322,-0.1091940626502037,-0.1091940626502037,-0.0033272318542002998,0.1229691207408905,0.1229691207408905
OILPRICEx,2012-04-30,-0.009328099898993969,-0.1163636893033981,-0.1163636893033981,-0.0093281008303165002,0.1179572939872741,0.1179572939872741
OILPRICEx,2012-05-31,-0.0098853651434183121,-0.1157566606998443,-0.1157566606998443,-0.0098853651434182999,0.1177152022719383,0.1177152022719383
OILPRICEx,2012-06-30,-0.0089418655261397362,-0.1139882877469062,-0.1139882877469062,-0.0089418664574623004,0.1187363937497139,0.1187363937497139
OILPRICEx,2012-07-31,-0.0066247973591089249,-0.11083277314901351,-0.11083277314901351,-0.0066247973591088997,0.122906319797039,0.122906319797039
OILPRICEx,2012-08-31,-0.0098516205325722694,-0.115767017006874,-0.115767017006874,-0.0098516196012495994,0.12321152538061141,0.12321152538061141
OILPRICEx,2012-09-30,-0.014671801589429379,-0.1206358969211578,-0.1206358969211578,-0.014671802520751899,0.12031024694442739,0.12031024694442739
OILPRICEx,2012-10-31,-0.014367955736815929,-0.12064230442047109,-0.12064230442047109,-0.014367956668138501,0.12265528738498679,0.12265528738498679
OILPRICEx,2012-11-30,-0.014522343873977661,-0.1189232692122459,-0.1189232692122459,-0.0145223438739776,0.1201507449150085,0.1201507449150085
OILPRICEx,2012-12-31,-0.0073214368894696236,-0.1135710924863815,-0.1135710924863815,-0.0073214378207921002,0.12780018150806419,0.12780018150806419
OILPRICEx,2013-01-31,-0.0014017471112310886,-0.109050340950489,-0.109050340950489,-0.0014017466455698,0.13523654639720911,0.13523654639720911
PAYEMS,2011-02-28,0.00040654250187799335,-0.00095249991863960003,-0.00095249991863960003,0.0004065425018779,0.0018013258231803001,0.0018013258231803001
PAYEMS,2011-03-31,0.00040976889431476593,-0.0010557062923907999,-0.0010557062923907999,0.00040976889431470001,0.0019068378023803,0.0019068378023803
PAYEMS,2011-04-30,0.00038139737443998456,-0.0012309872545300999,-0.0012309872545300999,0.00038139737443989999,0.0019166242564096999,0.0019166242564096999
PAYEMS,2011-05-31,0.00037859816802665591,-0.0013504785019904,-0.0013504785019904,0.00037859816802660002,0.0019670489709823998,0.0019670489709823998
PAYEMS,2011-06-30,0.00030259205959737301,-0.0015048636123538,-0.0015048636123538,0.00030259205959729999,0.0019498064648360001,0.0019498064648360001
PAYEMS,2011-07-31,0.00024999654851853848,-0.0016727598849684,-0.0016727598849684,0.00024999654851849999,0.0019402222242205999,0.0019402222242205999
PAYEMS,2011-08-31,0.00017949612811207771,-0.0018227463588118,-0.0018227463588118,0.000179496128112,0.0019550148863344999,0.0019550148863344999
PAYEMS,2011-09-30,0.00019207247532904148,-0.0018797768279910001,-0.0018797768279910001,0.00019207247532900001,0.0020463080145418002,0.0020463080145418002
PAYEMS,2011-10-31,0.00016219157259911299,-0.0019656717777252002,-0.0019656717777252002,0.0001621915725991,0.0019954971503465999,0.0019954971503465999
PAYEMS,2011-11-30,9.4428891316056252e-05,-0.0020772006828337001,-0.0020772006828337001,9.4428891316056238e-05,0.0019752886146305998,0.0019752886146305998
PAYEMS,2011-12-31,8.5746869444847107e-06,-0.0022161016240715,-0.0022161016240715,8.5746869444847107e-06,0.0019185591954737,0.0019185591954737
PAYEMS,2012-01-31,-5.8726873248815536e-05,-0.0023278931621461998,-0.0023278931621461998,-5.8726873248815536e-05,0.0019140541553497,0.0019140541553497
PAYEMS,2012-02-29,-0.00019177445210516453,-0.0025004548951983001,-0.0025004548951983001,-0.00019177445210509999,0.0017430180450901001,0.0017430180450901001
PAYEMS,2012-03-31,-0.00027301895897835493,-0.0025978388730436,-0.0025978388730436,-0.00027301895897830002,0.0017323901411145,0.0017323901411145
PAYEMS,2012-04-30,-0.00031284312717616558,-0.0026519496459513001,-0.0026519496459513001,-0.00031284312717609999,0.0017230347730219,0.0017230347730219
PAYEMS,2012-05-31,-0.000338010024279356,-0.0026990331243723002,-0.0026990331243723002,-0.0003380100242793,0.0017216089181601999,0.0017216089181601999
PAYEMS,2012-06-30,-0.00037925189826637506,-0.0027813601773232,-0.0027813601773232,-0.00037925189826629998,0.0016753361560403999,0.0016753361560403999
PAYEMS,2012-07-31,-0.00041569781024008989,-0.0028089557308703002,-0.0028089557308703002,-0.00041569781024000001,0.0016223572893067999,0.0016223572893067999
PAYEMS,2012-08-31,-0.00041477079503238201,-0.0028920157346873998,-0.0028920157346873998,-0.00041477079503229999,0.0017302730120718,0.0017302730120718
PAYEMS,2012-09-30,-0.00042518763802945614,-0.0029181882273405001,-0.0029181882273405001,-0.00042518763802939998,0.0017131560016423,0.0017131560016423
PAYEMS,2012-10-31,-0.00039835297502577305,-0.0028982691001147001,-0.0028982691001147001,-0.00039835297502569997,0.0017297635786235001,0.0017297635786235001
PAYEMS,2012-11-30,-0.00037422997411340475,-0.0028627489227801002,-0.0028627489227801002,-0.00037422997411339998,0.0017275055870413,0.0017275055870413
PAYEMS,2012-12-31,-0.00036705576349049807,-0.0028490198310464,-0.0028490198310464,-0.0003670557634904,0.0017482647672295,0.0017482647672295
PAYEMS,2013-01-31,-0.00031605595722794533,-0.0027820642571895998,-0.0027820642571895998,-0.00031605595722790001,0.0017913203919306001,0.0017913203919306001
PCEPI,2011-02-28,0.0021521237213164568,7.2606606408953667e-05,7.2606606408953667e-05,0.0021521237213164,0.0041251219809054999,0.0041251219809054999
PCEPI,2011-03-31,0.001903052325360477,-0.00025104405358429999,-0.00025104405358429999,0.0019030523253604,0.0039651030674575996,0.0039651030674575996
PCEPI,2011-04-30,0.0018500688020139933,-0.00035801785998040001,-0.00035801785998040001,0.0018500688020139,0.0040062032639980004,0.0040062032639980004
PCEPI,2011-05-31,0.0018931574886664748,-0.00029248488135629998,-0.00029248488135629998,0.0018931574886664,0.0040723988786338997,0.0040723988786338997
PCEPI,2011-06-30,0.0019333572126924992,-0.00028337724506850002,-0.00028337724506850002,0.0019333572126924001,0.0041313935071228998,0.0041313935071228998
PCEPI,2011-07-31,0.0019307110924273729,-0.00029961066320529999,-0.00029961066320529999,0.0019307110924273001,0.0041920673102140002,0.0041920673102140002
PCEPI,2011-08-31,0.0018676429754123092,-0.00038875592872500002,-0.00038875592872500002,0.0018676429754123001,0.0041590463370083999,0.0041590463370083999
PCEPI,2011-09-30,0.0019440531032159925,-0.000326266977936,-0.000326266977936,0.0019440531032159001,0.0042736232280731002,0.0042736232280731002
PCEPI,2011-10-31,0.0018529297085478902,-0.00041263387538490002,-0.00041263387538490002,0.0018529297085478,0.0042150616645811999,0.0042150616645811999
PCEPI,2011-11-30,0.0018437120597809553,-0.00045209866948420002,-0.00045209866948420002,0.0018437120597809,0.0041850670240819003,0.0041850670240819003
PCEPI,2011-12-31,0.0019286776660010219,-0.00038946093991390002,-0.00038946093991390002,0.001928677666001,0.0043074679560959001,0.0043074679560959001
PCEPI,2012-01-31,0.0019861836917698383,-0.00031991163268680001,-0.00031991163268680001,0.0019861836917698002,0.004369759466499,0.004369759466499
PCEPI,2012-02-29,0.0019706869497895241,-0.00032892706803969998,-0.00032892706803969998,0.0019706869497894998,0.0043806619942188003,0.0043806619942188003
PCEPI,2012-03-31,0.0019136853516101837,-0.00040692999027660003,-0.00040692999027660003,0.0019136853516101,0.0042974008247256001,0.0042974008247256001
PCEPI,2012-04-30,0.0019664624705910683,-0.00036723189987239999,-0.00036723189987239999,0.0019664624705910002,0.0044010602869093002,0.0044010602869093002
PCEPI,2012-05-31,0.0019437760347500443,-0.00037837121635669998,-0.00037837121635669998,0.0019437760347499999,0.0043725133873522004,0.0043725133873522004
PCEPI,2012-06-30,0.0019094132585451007,-0.00046032993122929999,-0.00046032993122929999,0.0019094132585451,0.0043566534295678,0.0043566534295678
PCEPI,2012-07-31,0.0019529114942997694,-0.00036875298246739999,-0.00036875298246739999,0.0019529114942997,0.0044155484065412998,0.0044155484065412998
PCEPI,2012-08-31,0.0020155441015958786,-0.0004216539673507,-0.0004216539673507,0.0020155441015958001,0.0045600133016705001,0.0045600133016705001
PCEPI,2012-09-30,0.0021347766742110252,-0.00031105265952639999,-0.00031105265952639999,0.0021347766742110001,0.0046757296659051999,0.0046757296659051999
PCEPI,2012-10-31,0.0020585809834301472,-0.00040161330252880002,-0.00040161330252880002,0.0020585809834300999,0.0045876065269111997,0.0045876065269111997
PCEPI,2012-11-30,0.0020097384694963694,-0.00044252234511069999,-0.00044252234511069999,0.0020097384694963,0.0045239455066621,0.0045239455066621
PCEPI,2012-12-31,0.0019565995316952467,-0.00051825144328170004,-0.00051825144328170004,0.0019565995316951999,0.0044699013233183999,0.0044699013233183999
PCEPI,2013-01-31,0.0019859655294567347,-0.00050097401253869996,-0.00050097401253869996,0.0019859655294567,0.0044883526861667,0.0044883526861667
PERMIT,2011-02-28,6.4111366271972656,6.338843822479248,6.338843822479248,6.4111366271972656,6.4852519035339355,6.4852519035339355
PERMIT,2011-03-31,6.4405651092529297,6.3510837554931641,6.3510837554931641,6.4405651092529297,6.5262880325317383,6.5262880325317383
PERMIT,2011-04-30,6.4689927101135254,6.3621659278869629,6.3621659278869629,6.4689927101135254,6.565941333770752,6.565941333770752
PERMIT,2011-05-31,6.4894824028015137,6.3771133422851562,6.3771133422851562,6.4894824028015137,6.5993771553039551,6.5993771553039551
PERMIT,2011-06-30,6.5174150466918945,6.3968896865844727,6.3968896865844727,6.5174150466918945,6.6357507705688477,6.6357507705688477
PERMIT,2011-07-31,6.5347099304199219,6.411463737487793,6.411463737487793,6.5347099304199219,6.6552257537841797,6.6552257537841797
PERMIT,2011-08-31,6.5565643310546875,6.4329319000244141,6.4329319000244141,6.5565643310546875,6.6879491806030273,6.6879491806030273
PERMIT,2011-09-30,6.5884585380554199,6.4584860801696777,6.4584860801696777,6.5884585380554199,6.7080287933349609,6.7080287933349609
PERMIT,2011-10-31,6.6019039154052734,6.4721436500549316,6.4721436500549316,6.6019039154052734,6.7208433151245117,6.7208433151245117
PERMIT,2011-11-30,6.614567756652832,6.4752225875854492,6.4752225875854492,6.614567756652832,6.7310609817504883,6.7310609817504883
PERMIT,2011-12-31,6.6293454170227051,6.4985284805297852,6.4985284805297852,6.6293454170227051,6.7403974533081055,6.7403974533081055
PERMIT,2012-01-31,6.6415138244628906,6.5071287155151367,6.5071287155151367,6.6415138244628906,6.7630195617675781,6.7630195617675781
PERMIT,2012-02-29,6.6609244346618652,6.536931037902832,6.536931037902832,6.6609244346618652,6.7676095962524414,6.7676095962524414
PERMIT,2012-03-31,6.6710538864135742,6.5450763702392578,6.5450763702392578,6.6710538864135742,6.7882099151611328,6.7882099151611328
PERMIT,2012-04-30,6.6789112091064453,6.5598726272583008,6.5598726272583008,6.6789112091064453,6.7952499389648438,6.7952499389648438
PERMIT,2012-05-31,6.6886076927185059,6.5778336524963379,6.5778336524963379,6.6886076927185059,6.8025851249694824,6.8025851249694824
PERMIT,2012-06-30,6.6977167129516602,6.5754938125610352,6.5754938125610352,6.6977167129516602,6.8159885406494141,6.8159885406494141
PERMIT,2012-07-31,6.7127542495727539,6.5925998687744141,6.5925998687744141,6.7127542495727539,6.8262929916381836,6.8262929916381836
PERMIT,2012-08-31,6.7195854187011719,6.5944275856018066,6.5944275856018066,6.7195854187011719,6.832763671875,6.832763671875
PERMIT,2012-09-30,6.7320051193237305,6.6108851432800293,6.6108851432800293,6.7320051193237305,6.8452553749084473,6.8452553749084473
PERMIT,2012-10-31,6.7416911125183105,6.6235780715942383,6.6235780715942383,6.7416911125183105,6.8488616943359375,6.8488616943359375
PERMIT,2012-11-30,6.7466721534729004,6.6173796653747559,6.6173796653747559,6.7466721534729004,6.8671908378601074,6.8671908378601074
PERMIT,2012-12-31,6.7552614212036133,6.6284627914428711,6.6284627914428711,6.7552614212036133,6.8717126846313477,6.8717126846313477
PERMIT,2013-01-31,6.7521524429321289,6.6317925453186035,6.6317925453186035,6.7521524429321289,6.8653697967529297,6.8653697967529297
PERMITMW,2011-02-28,4.6336073875427246,4.5076150894165039,4.5076150894165039,4.6336073875427246,4.7501730918884277,4.7501730918884277
PERMITMW,2011-03-31,4.6520395278930664,4.4990506172180176,4.4990506172180176,4.6520395278930664,4.804344654083252,4.804344654083252
PERMITMW,2011-04-30,4.6694507598876953,4.479924201965332,4.479924201965332,4.6694507598876953,4.8553886413574219,4.8553886413574219
PERMITMW,2011-05-31,4.689755916595459,4.4692826271057129,4.4692826271057129,4.689755916595459,4.9104800224304199,4.9104800224304199
PERMITMW,2011-06-30,4.7196354866027832,4.4806356430053711,4.4806356430053711,4.7196354866027832,4.9616565704345703,4.9616565704345703
PERMITMW,2011-07-31,4.7495641708374023,4.4832143783569336,4.4832143783569336,4.7495641708374023,5.0189809799194336,5.0189809799194336
PERMITMW,2011-08-31,4.7791352272033691,4.4963979721069336,4.4963979721069336,4.7791352272033691,5.0735068321228027,5.0735068321228027
PERMITMW,2011-09-30,4.8190226554870605,4.5149035453796387,4.5149035453796387,4.8190226554870605,5.1296873092651367,5.1296873092651367
PERMITMW,2011-10-31,4.8478078842163086,4.5308322906494141,4.5308322906494141,4.8478078842163086,5.1609501838684082,5.1609501838684082
PERMITMW,2011-11-30,4.8862423896789551,4.5512261390686035,4.5512261390686035,4.8862423896789551,5.209993839263916,5.209993839263916
PERMITMW,2011-12-31,4.9210567474365234,4.5770740509033203,4.5770740509033203,4.9210567474365234,5.252204418182373,5.252204418182373
PERMITMW,2012-01-31,4.9579672813415527,4.5984210968017578,4.5984210968017578,4.9579672813415527,5.3009600639343262,5.3009600639343262
PERMITMW,2012-02-29,4.984619140625,4.6262049674987793,4.6262049674987793,4.984619140625,5.3119230270385742,5.3119230270385742
PERMITMW,2012-03-31,5.0139884948730469,4.6454429626464844,4.6454429626464844,5.0139884948730469,5.3509931564331055,5.3509931564331055
PERMITMW,2012-04-30,5.0457258224487305,4.6748342514038086,4.6748342514038086,5.0457258224487305,5.3825540542602539,5.3825540542602539
PERMITMW,2012-05-31,5.0771040916442871,4.6999683380126953,4.6999683380126953,5.0771040916442871,5.4116325378417969,5.4116325378417969
PERMITMW,2012-06-30,5.0968766212463379,4.7151556015014648,4.7151556015014648,5.0968766212463379,5.4300441741943359,5.4300441741943359
PERMITMW,2012-07-31,5.1246967315673828,4.7452383041381836,4.7452383041381836,5.1246967315673828,5.4518465995788574,5.4518465995788574
PERMITMW,2012-08-31,5.1473541259765625,4.7669944763183594,4.7669944763183594,5.1473541259765625,5.4780287742614746,5.4780287742614746
PERMITMW,2012-09-30,5.1693720817565918,4.7861933708190918,4.7861933708190918,5.1693720817565918,5.5046391487121582,5.5046391487121582
PERMITMW,2012-10-31,5.1848382949829102,4.8033933639526367,4.8033933639526367,5.1848382949829102,5.5063900947570801,5.5063900947570801
PERMITMW,2012-11-30,5.1942892074584961,4.810546875,4.810546875,5.1942892074584961,5.5290441513061523,5.5290441513061523
PERMITMW,2012-12-31,5.204078197479248,4.8189740180969238,4.8189740180969238,5.204078197479248,5.5337872505187988,5.5337872505187988
PERMITMW,2013-01-31,5.2053413391113281,4.826016902923584,4.826016902923584,5.2053413391113281,5.5315632820129395,5.5315632820129395
PERMITNE,2011-02-28,4.3368105888366699,4.173006534576416,4.173006534576416,4.3368105888366699,4.4912843704223633,4.4912843704223633
PERMITNE,2011-03-31,4.339444637298584,4.1644191741943359,4.1644191741943359,4.339444637298584,4.4985685348510742,4.4985685348510742
PERMITNE,2011-04-30,4.3429727554321289,4.164085865020752,4.164085865020752,4.3429727554321289,4.5109810829162598,4.5109810829162598
PERMITNE,2011-05-31,4.349358081817627,4.1695737838745117,4.1695737838745117,4.349358081817627,4.5192503929138184,4.5192503929138184
PERMITNE,2011-06-30,4.3519926071166992,4.168489933013916,4.168489933013916,4.3519926071166992,4.5256080627441406,4.5256080627441406
PERMITNE,2011-07-31,4.3582911491394043,4.1722922325134277,4.1722922325134277,4.3582911491394043,4.5344276428222656,4.5344276428222656
PERMITNE,2011-08-31,4.3573136329650879,4.1653542518615723,4.1653542518615723,4.3573136329650879,4.5362000465393066,4.5362000465393066
PERMITNE,2011-09-30,4.364072322845459,4.1697440147399902,4.1697440147399902,4.364072322845459,4.5436344146728516,4.5436344146728516
PERMITNE,2011-10-31,4.369997501373291,4.1826086044311523,4.1826086044311523,4.369997501373291,4.5505814552307129,4.5505814552307129
PERMITNE,2011-11-30,4.3855829238891602,4.1913342475891113,4.1913342475891113,4.3855829238891602,4.5738396644592285,4.5738396644592285
PERMITNE,2011-12-31,4.3987970352172852,4.2091140747070312,4.2091140747070312,4.3987970352172852,4.5858235359191895,4.5858235359191895
PERMITNE,2012-01-31,4.4116697311401367,4.2108745574951172,4.2108745574951172,4.4116697311401367,4.6109542846679688,4.6109542846679688
PERMITNE,2012-02-29,4.4205174446105957,4.2275381088256836,4.2275381088256836,4.4205174446105957,4.6075444221496582,4.6075444221496582
PERMITNE,2012-03-31,4.4295077323913574,4.2376790046691895,4.2376790046691895,4.4295077323913574,4.6299915313720703,4.6299915313720703
PERMITNE,2012-04-30,4.439690113067627,4.2444767951965332,4.2444767951965332,4.439690113067627,4.6291632652282715,4.6291632652282715
PERMITNE,2012-05-31,4.4462170600891113,4.2594714164733887,4.2594714164733887,4.4462170600891113,4.6391773223876953,4.6391773223876953
PERMITNE,2012-06-30,4.4563107490539551,4.2600255012512207,4.2600255012512207,4.4563107490539551,4.6499404907226562,4.6499404907226562
PERMITNE,2012-07-31,4.4759645462036133,4.2797694206237793,4.2797694206237793,4.4759645462036133,4.67413330078125,4.67413330078125
PERMITNE,2012-08-31,4.491579532623291,4.2834982872009277,4.2834982872009277,4.491579532623291,4.6917996406555176,4.6917996406555176
PERMITNE,2012-09-30,4.5070600509643555,4.2917160987854004,4.2917160987854004,4.5070600509643555,4.7064557075500488,4.7064557075500488
PERMITNE,2012-10-31,4.5168190002441406,4.3051714897155762,4.3051714897155762,4.5168190002441406,4.7144498825073242,4.7144498825073242
PERMITNE,2012-11-30,4.535585880279541,4.3101272583007812,4.3101272583007812,4.535585880279541,4.7455654144287109,4.7455654144287109
PERMITNE,2012-12-31,4.5544958114624023,4.3324375152587891,4.3324375152587891,4.5544958114624023,4.7586755752563477,4.7586755752563477
PERMITNE,2013-01-31,4.5586204528808594,4.3396320343017578,4.3396320343017578,4.5586204528808594,4.7598786354064941,4.7598786354064941
PERMITS,2011-02-28,5.677177906036377,5.6037087440490723,5.6037087440490723,5.677177906036377,5.7549772262573242,5.7549772262573242
PERMITS,2011-03-31,5.6987571716308594,5.6062088012695312,5.6062088012695312,5.6987571716308594,5.7900476455688477,5.7900476455688477
PERMITS,2011-04-30,5.7154841423034668,5.6067214012145996,5.6067214012145996,5.7154841423034668,5.8186979293823242,5.8186979293823242
PERMITS,2011-05-31,5.7353119850158691,5.6255569458007812,5.6255569458007812,5.7353119850158691,5.8584804534912109,5.8584804534912109
PERMITS,2011-06-30,5.763707160949707,5.646514892578125,5.646514892578125,5.763707160949707,5.885167121887207,5.885167121887207
PERMITS,2011-07-31,5.7802853584289551,5.6651983261108398,5.6651983261108398,5.7802853584289551,5.9099225997924805,5.9099225997924805
PERMITS,2011-08-31,5.8085355758666992,5.6943221092224121,5.6943221092224121,5.8085355758666992,5.9544053077697754,5.9544053077697754
PERMITS,2011-09-30,5.8480825424194336,5.7220849990844727,5.7220849990844727,5.8480825424194336,5.986846923828125,5.986846923828125
PERMITS,2011-10-31,5.8713970184326172,5.7479248046875,5.7479248046875,5.8713970184326172,6.0053176879882812,6.0053176879882812
PERMITS,2011-11-30,5.8928580284118652,5.762847900390625,5.762847900390625,5.8928580284118652,6.0302414894104004,6.0302414894104004
PERMITS,2011-12-31,5.9136147499084473,5.7926540374755859,5.7926540374755859,5.9136147499084473,6.0460939407348633,6.0460939407348633
PERMITS,2012-01-31,5.9425668716430664,5.8126449584960938,5.8126449584960938,5.9425668716430664,6.0893583297729492,6.0893583297729492
PERMITS,2012-02-29,5.9629473686218262,5.8409714698791504,5.8409714698791504,5.9629473686218262,6.0915436744689941,6.0915436744689941
PERMITS,2012-03-31,5.9805183410644531,5.8532419204711914,5.8532419204711914,5.9805183410644531,6.1183128356933594,6.1183128356933594
PERMITS,2012-04-30,5.988673210144043,5.8640727996826172,5.8640727996826172,5.988673210144043,6.1266908645629883,6.1266908645629883
PERMITS,2012-05-31,6.0004739761352539,5.8770122528076172,5.8770122528076172,6.0004739761352539,6.1415390968322754,6.1415390968322754
PERMITS,2012-06-30,6.0148773193359375,5.8771557807922363,5.8771557807922363,6.0148773193359375,6.1580934524536133,6.1580934524536133
PERMITS,2012-07-31,6.0391139984130859,5.9047331809997559,5.9047331809997559,6.0391139984130859,6.1780281066894531,6.1780281066894531
PERMITS,2012-08-31,6.0612359046936035,5.9188365936279297,5.9188365936279297,6.0612359046936035,6.1979246139526367,6.1979246139526367
PERMITS,2012-09-30,6.0688676834106445,5.9308462142944336,5.9308462142944336,6.0688676834106445,6.2082571983337402,6.2082571983337402
PERMITS,2012-10-31,6.0855650901794434,5.9521822929382324,5.9521822929382324,6.0855650901794434,6.2155036926269531,6.2155036926269531
PERMITS,2012-11-30,6.0931229591369629,5.9456820487976074,5.9456820487976074,6.0931229591369629,6.2382922172546387,6.2382922172546387
PERMITS,2012-12-31,6.100255012512207,5.9570083618164062,5.9570083618164062,6.100255012512207,6.2417960166931152,6.2417960166931152
PERMITS,2013-01-31,6.1087760925292969,5.9767317771911621,5.9767317771911621,6.1087760925292969,6.2475614547729492,6.2475614547729492
PERMITW,2011-02-28,4.8315925598144531,4.7090654373168945,4.7090654373168945,4.8315925598144531,4.9599175453186035,4.9599175453186035
PERMITW,2011-03-31,4.8622622489929199,4.7269530296325684,4.7269530296325684,4.8622622489929199,4.994422435760498,4.994422435760498
PERMITW,2011-04-30,4.8900928497314453,4.7455401420593262,4.7455401420593262,4.8900928497314453,5.0288867950439453,5.0288867950439453
PERMITW,2011-05-31,4.9086093902587891,4.7624821662902832,4.7624821662902832,4.9086093902587891,5.0538558959960938,5.0538558959960938
PERMITW,2011-06-30,4.9312691688537598,4.7769060134887695,4.7769060134887695,4.9312691688537598,5.0857725143432617,5.0857725143432617
PERMITW,2011-07-31,4.9544544219970703,4.7895355224609375,4.7895355224609375,4.9544544219970703,5.1052579879760742,5.1052579879760742
PERMITW,2011-08-31,4.9755678176879883,4.8110723495483398,4.8110723495483398,4.9755678176879883,5.1356625556945801,5.1356625556945801
PERMITW,2011-09-30,4.9960103034973145,4.8301553726196289,4.8301553726196289,4.9960103034973145,5.1430282592773438,5.1430282592773438
PERMITW,2011-10-31,4.9900932312011719,4.8252754211425781,4.8252754211425781,4.9900932312011719,5.1365113258361816,5.1365113258361816
PERMITW,2011-11-30,4.9824972152709961,4.8137021064758301,4.8137021064758301,4.9824972152709961,5.1312980651855469,5.1312980651855469
PERMITW,2011-12-31,4.9747700691223145,4.8152718544006348,4.8152718544006348,4.9747700691223145,5.1238484382629395,5.1238484382629395
PERMITW,2012-01-31,4.9784636497497559,4.8085193634033203,4.8085193634033203,4.9784636497497559,5.141019344329834,5.141019344329834
PERMITW,2012-02-29,4.9878544807434082,4.8220138549804688,4.8220138549804688,4.9878544807434082,5.1340994834899902,5.1340994834899902
PERMITW,2012-03-31,5.0071420669555664,4.8429760932922363,4.8429760932922363,5.0071420669555664,5.1665949821472168,5.1665949821472168
PERMITW,2012-04-30,5.0193519592285156,4.8616747856140137,4.8616747856140137,5.0193519592285156,5.1744194030761719,5.1744194030761719
PERMITW,2012-05-31,5.0340690612792969,4.8851423263549805,4.8851423263549805,5.0340690612792969,5.1821956634521484,5.1821956634521484
PERMITW,2012-06-30,5.0547633171081543,4.889704704284668,4.889704704284668,5.0547633171081543,5.2030701637268066,5.2030701637268066
PERMITW,2012-07-31,5.0730018615722656,4.9092044830322266,4.9092044830322266,5.0730018615722656,5.2202873229980469,5.2202873229980469
PERMITW,2012-08-31,5.089940071105957,4.9237937927246094,4.9237937927246094,5.089940071105957,5.2371907234191895,5.2371907234191895
PERMITW,2012-09-30,5.1182093620300293,4.9563379287719727,4.9563379287719727,5.1182093620300293,5.265681266784668,5.265681266784668
PERMITW,2012-10-31,5.141331672668457,4.9866600036621094,4.9866600036621094,5.141331672668457,5.2859630584716797,5.2859630584716797
PERMITW,2012-11-30,5.1594724655151367,4.9887170791625977,4.9887170791625977,5.1594724655151367,5.3167753219604492,5.3167753219604492
PERMITW,2012-12-31,5.1647801399230957,4.9930830001831055,4.9930830001831055,5.1647801399230957,5.3147506713867188,5.3147506713867188
PERMITW,2013-01-31,5.1641020774841309,4.9939508438110352,4.9939508438110352,5.1641020774841309,5.3079977035522461,5.3079977035522461
PPICMM,2011-02-28,-0.002292178338393569,-0.062552690505981404,-0.062552690505981404,-0.0022921785712242001,0.058402910828590303,0.058402910828590303
PPICMM,2011-03-31,0.00044200138654559851,-0.062486529350280699,-0.062486529350280699,0.00044200103729960001,0.064718328416347504,0.064718328416347504
PPICMM,2011-04-30,-0.0039871027693152428,-0.068100512027740395,-0.068100512027740395,-0.0039871027693152003,0.062136258929967797,0.062136258929967797
PPICMM,2011-05-31,-0.004201090894639492,-0.069160439074039404,-0.069160439074039404,-0.0042010908946394001,0.0632801353931427,0.0632801353931427
PPICMM,2011-06-30,0.0014756431337445974,-0.064966745674610096,-0.064966745674610096,0.0014756433665752001,0.069256573915481498,0.069256573915481498
PPICMM,2011-07-31,0.0043575186282396317,-0.062031004577875103,-0.062031004577875103,0.0043575186282396004,0.072841465473174993,0.072841465473174993
PPICMM,2011-08-31,0.0019168818835169077,-0.065129384398460305,-0.065129384398460305,0.0019168816506862001,0.071481220424175193,0.071481220424175193
PPICMM,2011-09-30,0.00018340449605602771,-0.067240335047244998,-0.067240335047244998,0.00018340442329639999,0.070567101240157998,0.070567101240157998
PPICMM,2011-10-31,0.00088139111176133156,-0.066818661987781497,-0.066818661987781497,0.00088139064610000002,0.070980675518512698,0.070980675518512698
PPICMM,2011-11-30,0.00098134391009807587,-0.067055985331535298,-0.067055985331535298,0.00098134391009799997,0.071066312491893699,0.071066312491893699
PPICMM,2011-12-31,0.0015228127595037222,-0.066579669713973999,-0.066579669713973999,0.0015228129923342999,0.071454815566539695,0.071454815566539695
PPICMM,2012-01-31,0.001206353772431612,-0.065913669764995506,-0.065913669764995506,0.0012063533067703,0.071388557553291307,0.071388557553291307
PPICMM,2012-02-29,0.0014472510665655136,-0.065587230026721899,-0.065587230026721899,0.0014472510665654999,0.0709584951400756,0.0709584951400756
PPICMM,2012-03-31,0.0011208457872271538,-0.065912060439586598,-0.065912060439586598,0.0011208457872271,0.0722713023424148,0.0722713023424148
PPICMM,2012-04-30,-9.5750176114961505e-05,-0.067349411547183893,-0.067349411547183893,-9.5750205218791962e-05,0.071140110492706299,0.071140110492706299
PPICMM,2012-05-31,0.00060745998052880168,-0.066373959183692904,-0.066373959183692904,0.00060745980590579997,0.072412952780723502,0.072412952780723502
PPICMM,2012-06-30,0.0013173976913094521,-0.065764546394348103,-0.065764546394348103,0.0013173976913094,0.072840362787246704,0.072840362787246704
PPICMM,2012-07-31,0.00080404634354636073,-0.066192716360092094,-0.066192716360092094,0.00080404616892330004,0.072584144771098993,0.072584144771098993
PPICMM,2012-08-31,0.00021102371101733297,-0.067838728427886894,-0.067838728427886894,0.00021102372556920001,0.072732642292976296,0.072732642292976296
PPICMM,2012-09-30,0.00047931555309332907,-0.067484214901924106,-0.067484214901924106,0.00047931540757410003,0.073083236813545199,0.073083236813545199
PPICMM,2012-10-31,0.00051790988072752953,-0.066859051585197393,-0.066859051585197393,0.00051791034638880003,0.073585249483585302,0.073585249483585302
PPICMM,2012-11-30,-2.5263580027967691e-05,-0.067217700183391502,-0.067217700183391502,-2.5263987481594089e-05,0.072173506021499606,0.072173506021499606
PPICMM,2012-12-31,0.00023856383631937206,-0.066773466765880501,-0.066773466765880501,0.00023856386542319999,0.071997046470642007,0.071997046470642007
PPICMM,2013-01-31,0.0011633031535893679,-0.066002942621707902,-0.066002942621707902,0.0011633029207586999,0.073337398469448006,0.073337398469448006
REALLN,2011-02-28,-8.6465639469679445e-05,-0.0059745600447058001,-0.0059745600447058001,-8.6465617641806602e-05,0.0056187268346548002,0.0056187268346548002
REALLN,2011-03-31,6.8088251282460988e-05,-0.0062043755315243998,-0.0062043755315243998,6.8088294938206673e-05,0.0060721379704773001,0.0060721379704773001
REALLN,2011-04-30,8.6586951510980725e-05,-0.0063437605276703002,-0.0063437605276703002,8.6586922407150269e-05,0.0062371003441512004,0.0062371003441512004
REALLN,2011-05-31,0.00023646386398468167,-0.0062879119068383997,-0.0062879119068383997,0.0002364638494327,0.0064251935109496004,0.0064251935109496004
REALLN,2011-06-30,0.0001784389023669064,-0.0064092446118592999,-0.0064092446118592999,0.00017843896057449999,0.0064556975848971999,0.0064556975848971999
REALLN,2011-07-31,-6.7320404923520982e-05,-0.0066506084986031003,-0.0066506084986031003,-6.7320419475436211e-05,0.0062115956097841003,0.0062115956097841003
REALLN,2011-08-31,-2.721045893849805e-05,-0.0066470582969486002,-0.0066470582969486002,-2.7210451662540436e-05,0.0062987632118164999,0.0062987632118164999
REALLN,2011-09-30,-8.8656699517741799e-05,-0.0066712480038403996,-0.0066712480038403996,-8.8656670413911343e-05,0.0062246709130704004,0.0062246709130704004
REALLN,2011-10-31,-5.2134557336103171e-05,-0.0066340737976132999,-0.0066340737976132999,-5.2134506404399872e-05,0.0061972546391189003,0.0061972546391189003
REALLN,2011-11-30,-7.2815892053768039e-05,-0.0065907980315386997,-0.0065907980315386997,-7.2815921157598495e-05,0.0060927211306989002,0.0060927211306989002
REALLN,2011-12-31,4.4696840632241219e-05,-0.0064205601811408997,-0.0064205601811408997,4.4696847908198833e-05,0.0061789103783667001,0.0061789103783667001
REALLN,2012-01-31,9.5466872153338045e-05,-0.0063044414855539001,-0.0063044414855539001,9.5466850325465202e-05,0.0061826994642614997,0.0061826994642614997
REALLN,2012-02-29,0.00013253779616206884,-0.0063454629853366999,-0.0063454629853366999,0.00013253773795439999,0.0062661077827215004,0.0062661077827215004
REALLN,2012-03-31,0.00013411730469670147,-0.0063218111172317999,-0.0063218111172317999,0.0001341173192486,0.0062882015481590999,0.0062882015481590999
REALLN,2012-04-30,-1.0274454325553961e-05,-0.0065247109159826998,-0.0065247109159826998,-1.0274467058479786e-05,0.0062110689468680997,0.0062110689468680997
REALLN,2012-05-31,-0.00021646519599016756,-0.0066663157194851996,-0.0066663157194851996,-0.00021646521054200001,0.0059725390747189001,0.0059725390747189001
REALLN,2012-06-30,-0.00023845826217439026,-0.0067120078019797004,-0.0067120078019797004,-0.00023845827672630001,0.0059832800179718997,0.0059832800179718997
REALLN,2012-07-31,-0.0002437922521494329,-0.006709512323141,-0.006709512323141,-0.000243792310357,0.0059983893297611999,0.0059983893297611999
REALLN,2012-08-31,-5.3615585784427822e-05,-0.0066782715730369004,-0.0066782715730369004,-5.3615542128682137e-05,0.0063143675215542004,0.0063143675215542004
REALLN,2012-09-30,-4.4741136662196368e-07,-0.0066454191692173004,-0.0066454191692173004,-4.4738408178091049e-07,0.0063998531550168002,0.0063998531550168002
REALLN,2012-10-31,4.1335348214488477e-05,-0.0066674672998487004,-0.0066674672998487004,4.1335355490446091e-05,0.0065096183679997002,0.0065096183679997002
REALLN,2012-11-30,-4.926773181068711e-05,-0.006697570439428,-0.006697570439428,-4.9267779104411602e-05,0.0063021369278430002,0.0063021369278430002
REALLN,2012-12-31,-2.4461676730425097e-05,-0.0066970144398509996,-0.0066970144398509996,-2.4461653083562851e-05,0.0063694915734231004,0.0063694915734231004
REALLN,2013-01-31,-3.8849575503263623e-05,-0.0067400815896688998,-0.0067400815896688998,-3.8849597331136465e-05,0.0063681155443190999,0.0063681155443190999
RETAILx,2011-02-28,0.0054053687490522861,-0.0049057975411414996,-0.0049057975411414996,0.0054053687490522003,0.0144182424992322,0.0144182424992322
RETAILx,2011-03-31,0.0055311433970928192,-0.0055276416242122,-0.0055276416242122,0.0055311433970928001,0.0150517430156469,0.0150517430156469
RETAILx,2011-04-30,0.0057987715117633343,-0.0057683531194924996,-0.0057683531194924996,0.0057987715117632996,0.015462168492376799,0.015462168492376799
RETAILx,2011-05-31,0.0058502405881881714,-0.0060722632333635998,-0.0060722632333635998,0.0058502405881881003,0.0155683727934956,0.0155683727934956
RETAILx,2011-06-30,0.0053372522816061974,-0.0068110749125480001,-0.0068110749125480001,0.0053372522816061002,0.015271309763193099,0.015271309763193099
RETAILx,2011-07-31,0.005305066704750061,-0.0071908812969923002,-0.0071908812969923002,0.0053050667047500003,0.015499668195843599,0.015499668195843599
RETAILx,2011-08-31,0.0053498400375247002,-0.0072978204116225,-0.0072978204116225,0.0053498400375247002,0.015579820610582801,0.015579820610582801
RETAILx,2011-09-30,0.0050074127502739429,-0.0078193442896008006,-0.0078193442896008006,0.0050074127502738996,0.015322083607316,0.015322083607316
RETAILx,2011-10-31,0.0050145150162279606,-0.0079462127760052004,-0.0079462127760052004,0.0050145150162278999,0.0154158659279346,0.0154158659279346
RETAILx,2011-11-30,0.0051364405080676079,-0.0078022638335824004,-0.0078022638335824004,0.0051364405080676001,0.0154975056648254,0.0154975056648254
RETAILx,2011-12-31,0.0051025040447711945,-0.0079020960256456999,-0.0079020960256456999,0.0051025040447710999,0.0154131921008229,0.0154131921008229
RETAILx,2012-01-31,0.0050912490114569664,-0.0078016165643930001,-0.0078016165643930001,0.0050912490114568996,0.015265617519616999,0.015265617519616999
RETAILx,2012-02-29,0.0050919344648718834,-0.0079354960471391001,-0.0079354960471391001,0.0050919344648718001,0.015421026386320501,0.015421026386320501
RETAILx,2012-03-31,0.0049233511090278625,-0.0082036582753062005,-0.0082036582753062005,0.0049233511090278001,0.015237086452543701,0.015237086452543701
RETAILx,2012-04-30,0.0047447099350392818,-0.0084895221516488994,-0.0084895221516488994,0.0047447099350392003,0.015267752110958099,0.015267752110958099
RETAILx,2012-05-31,0.0047292150557041168,-0.0087062278762458992,-0.0087062278762458992,0.0047292150557041003,0.015187823213636801,0.015187823213636801
RETAILx,2012-06-30,0.0049946047365665436,-0.0084012951701878998,-0.0084012951701878998,0.0049946047365665002,0.0154346078634262,0.0154346078634262
RETAILx,2012-07-31,0.0048949373885989189,-0.0085136005654930999,-0.0085136005654930999,0.0048949373885988998,0.015285057015717,0.015285057015717
RETAILx,2012-08-31,0.0046831248328089714,-0.0089926989749072993,-0.0089926989749072993,0.0046831248328089003,0.0154338916763663,0.0154338916763663
RETAILx,2012-09-30,0.0047304015606641769,-0.0090838428586721004,-0.0090838428586721004,0.0047304015606640997,0.0155583331361413,0.0155583331361413
RETAILx,2012-10-31,0.0048176520504057407,-0.0091603389009833006,-0.0091603389009833006,0.0048176520504057,0.015678580850362701,0.015678580850362701
RETAILx,2012-11-30,0.0047647617757320404,-0.0091016143560409008,-0.0091016143560409008,0.0047647617757319996,0.015419746749103,0.015419746749103
RETAILx,2012-12-31,0.0048581310547888279,-0.0091139124706386999,-0.0091139124706386999,0.0048581310547888001,0.015567696653306399,0.015567696653306399
RETAILx,2013-01-31,0.0047623598948121071,-0.0093861725181340998,-0.0093861725181340998,0.0047623598948121001,0.015695039182901299,0.015695039182901299
RPI,2011-02-28,0.0051418757066130638,-0.00047713587991890001,-0.00047713587991890001,0.0051418757066129996,0.0102046784013509,0.0102046784013509
RPI,2011-03-31,0.004235374741256237,-0.0017705736681817999,-0.0017705736681817999,0.0042353747412561997,0.0096701262518763004,0.0096701262518763004
RPI,2011-04-30,0.0035617416724562645,-0.0026157554239033998,-0.0026157554239033998,0.0035617416724561999,0.0090962722897528995,0.0090962722897528995
RPI,2011-05-31,0.0033535272814333439,-0.0028431061655281998,-0.0028431061655281998,0.0033535272814333001,0.0088802482932805998,0.0088802482932805998
RPI,2011-06-30,0.0030081672593951225,-0.0032034558244048998,-0.0032034558244048998,0.0030081672593951,0.0085372999310493001,0.0085372999310493001
RPI,2011-07-31,0.0031464071944355965,-0.003000705037266,-0.003000705037266,0.0031464071944355002,0.0086975544691085,0.0086975544691085
RPI,2011-08-31,0.00305595388635993,-0.0030315574258565001,-0.0030315574258565001,0.0030559538863599001,0.0086046196520328001,0.0086046196520328001
RPI,2011-09-30,0.0029909608419984579,-0.0030774353072046999,-0.0030774353072046999,0.0029909608419983998,0.0085404086858033995,0.0085404086858033995
RPI,2011-10-31,0.0029535174835473299,-0.0030900873243808,-0.0030900873243808,0.0029535174835473,0.0084626758471130995,0.0084626758471130995
RPI,2011-11-30,0.0033567254431545734,-0.0026914919726549998,-0.0026914919726549998,0.0033567254431545001,0.0088582942262291006,0.0088582942262291006
RPI,2011-12-31,0.0037295697256922722,-0.0023876805789768002,-0.0023876805789768002,0.0037295697256922002,0.0093143573030828996,0.0093143573030828996
RPI,2012-01-31,0.0035254242829978466,-0.0026141228154301002,-0.0026141228154301002,0.0035254242829978002,0.0090933330357073992,0.0090933330357073992
RPI,2012-02-29,0.0033682279754430056,-0.002829497680068,-0.002829497680068,0.0033682279754429999,0.0089178103953598993,0.0089178103953598993
RPI,2012-03-31,0.0034128688275814056,-0.0028402754105626999,-0.0028402754105626999,0.0034128688275814,0.0089854374527931005,0.0089854374527931005
RPI,2012-04-30,0.0032366241794079542,-0.0030440613627433001,-0.0030440613627433001,0.0032366241794079,0.0088525228202341998,0.0088525228202341998
RPI,2012-05-31,0.0031467843800783157,-0.0031164372339844001,-0.0031164372339844001,0.0031467843800783001,0.0087060024961828995,0.0087060024961828995
RPI,2012-06-30,0.0028643158730119467,-0.0034296242520213001,-0.0034296242520213001,0.0028643158730118998,0.0084814578294753994,0.0084814578294753994
RPI,2012-07-31,0.0027597225271165371,-0.0036202459596097001,-0.0036202459596097001,0.0027597225271164998,0.0083287209272384002,0.0083287209272384002
RPI,2012-08-31,0.0026325383223593235,-0.0039228186942636004,-0.0039228186942636004,0.0026325383223593001,0.0082152020186185004,0.0082152020186185004
RPI,2012-09-30,0.0026478406507521868,-0.0038966233842073999,-0.0038966233842073999,0.0026478406507521,0.0082007506862282007,0.0082007506862282007
RPI,2012-10-31,0.0026146539021283388,-0.0038431063294409999,-0.0038431063294409999,0.0026146539021283002,0.0080932471901177996,0.0080932471901177996
RPI,2012-11-30,0.0028500617481768131,-0.0036003305576741002,-0.0036003305576741002,0.0028500617481768001,0.0082363672554491996,0.0082363672554491996
RPI,2012-12-31,0.003161479951813817,-0.0032955300994217001,-0.0032955300994217001,0.0031614799518138001,0.0085615571588277001,0.0085615571588277001
RPI,2013-01-31,0.0028685256838798523,-0.0037852237001061001,-0.0037852237001061001,0.0028685256838797998,0.0084412973374127995,0.0084412973374127995
S&P 500,2011-02-28,0.018431862816214561,-0.0231963526457548,-0.0231963526457548,0.018431862816214499,0.057150386273860897,0.057150386273860897
S&P 500,2011-03-31,0.017060426995158195,-0.026234077289700501,-0.026234077289700501,0.017060426995158098,0.0571114346385002,0.0571114346385002
S&P 500,2011-04-30,0.016596425324678421,-0.027814658358693099,-0.027814658358693099,0.0165964253246784,0.057041466236114502,0.057041466236114502
S&P 500,2011-05-31,0.015168345533311367,-0.0297819431871175,-0.0297819431871175,0.015168345533311299,0.056173555552959401,0.056173555552959401
S&P 500,2011-06-30,0.012902908958494663,-0.032378457486629403,-0.032378457486629403,0.0129029084928333,0.053935632109642001,0.053935632109642001
S&P 500,2011-07-31,0.015492366626858711,-0.0306666698306798,-0.0306666698306798,0.015492366626858701,0.057246409356594002,0.057246409356594002
S&P 500,2011-08-31,0.014006519690155983,-0.0324749276041984,-0.0324749276041984,0.014006520155817199,0.055694222450256299,0.055694222450256299
S&P 500,2011-09-30,0.011149198748171329,-0.035493016242980902,-0.035493016242980902,0.0111491987481713,0.052810862660407999,0.052810862660407999
S&P 500,2011-10-31,0.011925067752599716,-0.034196846187114702,-0.034196846187114702,0.011925067519769,0.054264083504676798,0.054264083504676798
S&P 500,2011-11-30,0.012370008043944836,-0.033922165632247897,-0.033922165632247897,0.012370008043944799,0.054268009960651398,0.054268009960651398
S&P 500,2011-12-31,0.011982372961938381,-0.034244835376739502,-0.034244835376739502,0.011982372729107699,0.054040469229221302,0.054040469229221302
S&P 500,2012-01-31,0.011607352644205093,-0.034933082759380299,-0.034933082759380299,0.011607352644205,0.053501859307289103,0.053501859307289103
S&P 500,2012-02-29,0.013238311745226383,-0.033342629671096802,-0.033342629671096802,0.0132383117452263,0.055207371711730902,0.055207371711730902
S&P 500,2012-03-31,0.012659147381782532,-0.034651957452297197,-0.034651957452297197,0.012659146916121199,0.054407060146331697,0.054407060146331697
S&P 500,2012-04-30,0.011721266433596611,-0.035580493509769398,-0.035580493509769398,0.0117212662007659,0.053302541375160203,0.053302541375160203
S&P 500,2012-05-31,0.013055882416665554,-0.033916905522346497,-0.033916905522346497,0.0130558824166655,0.0541366636753082,0.0541366636753082
S&P 500,2012-06-30,0.015013576485216618,-0.032145142555236803,-0.032145142555236803,0.0150135764852166,0.055696837604045799,0.055696837604045799
S&P 500,2012-07-31,0.015752295032143593,-0.030587742105126301,-0.030587742105126301,0.015752295032143499,0.056857697665691299,0.056857697665691299
S&P 500,2012-08-31,0.015237691812217236,-0.031815841794013901,-0.031815841794013901,0.015237691812217199,0.056816712021827698,0.056816712021827698
S&P 500,2012-09-30,0.01634005643427372,-0.031283415853977203,-0.031283415853977203,0.016340056434273699,0.058030404150485902,0.058030404150485902
S&P 500,2012-10-31,0.014799441210925579,-0.032775357365608201,-0.032775357365608201,0.014799441210925499,0.056892111897468498,0.056892111897468498
S&P 500,2012-11-30,0.013163583353161812,-0.034120216965675298,-0.034120216965675298,0.0131635833531618,0.0549541488289833,0.0549541488289833
S&P 500,2012-12-31,0.01386248879134655,-0.033747784793376902,-0.033747784793376902,0.013862489257007801,0.055252544581890099,0.055252544581890099
S&P 500,2013-01-31,0.014765175990760326,-0.032596021890640203,-0.032596021890640203,0.0147651759907603,0.055982880294322898,0.055982880294322898
S&P PE ratio,2011-02-28,-0.014357305131852627,-0.061926659196615198,-0.061926659196615198,-0.014357305131852601,0.030112350359559,0.030112350359559
S&P PE ratio,2011-03-31,-0.012169472873210907,-0.065658755600452395,-0.065658755600452395,-0.0121694728732109,0.037221442908048602,0.037221442908048602
S&P PE ratio,2011-04-30,-0.010778037831187248,-0.068744160234928103,-0.068744160234928103,-0.0107780378311872,0.042188137769699097,0.042188137769699097
S&P PE ratio,2011-05-31,-0.012004472315311432,-0.073659412562847096,-0.073659412562847096,-0.012004472315311401,0.043953631073236403,0.043953631073236403
S&P PE ratio,2011-06-30,-0.013068965636193752,-0.077499881386756897,-0.077499881386756897,-0.0130689656361937,0.045451041311025599,0.045451041311025599
S&P PE ratio,2011-07-31,-0.014669056050479412,-0.082336574792861897,-0.082336574792861897,-0.0146690560504794,0.047039382159709903,0.047039382159709903
S&P PE ratio,2011-08-31,-0.016818247735500336,-0.087129518389701802,-0.087129518389701802,-0.016818247735500301,0.046848870813846498,0.046848870813846498
S&P PE ratio,2011-09-30,-0.019508041441440582,-0.092354059219360296,-0.092354059219360296,-0.019508041441440499,0.047003947198390898,0.047003947198390898
S&P PE ratio,2011-10-31,-0.020558679476380348,-0.093688853085041005,-0.093688853085041005,-0.0205586794763803,0.046283621340989997,0.046283621340989997
S&P PE ratio,2011-11-30,-0.020733529701828957,-0.094992414116859394,-0.094992414116859394,-0.020733529701828901,0.046497315168380703,0.046497315168380703
S&P PE ratio,2011-12-31,-0.019473593682050705,-0.094918154180049896,-0.094918154180049896,-0.019473593682050701,0.048689160495996399,0.048689160495996399
S&P PE ratio,2012-01-31,-0.019115367904305458,-0.095835424959659493,-0.095835424959659493,-0.019115367904305399,0.049942906945943798,0.049942906945943798
S&P PE ratio,2012-02-29,-0.017959639430046082,-0.094278812408447196,-0.094278812408447196,-0.017959639430045998,0.050706464797258301,0.050706464797258301
S&P PE ratio,2012-03-31,-0.017495391890406609,-0.095106370747089303,-0.095106370747089303,-0.017495391890406602,0.051925748586654601,0.051925748586654601
S&P PE ratio,2012-04-30,-0.017681224271655083,-0.096113443374633706,-0.096113443374633706,-0.017681224271654999,0.052020121365785599,0.052020121365785599
S&P PE ratio,2012-05-31,-0.016242286190390587,-0.093876719474792397,-0.093876719474792397,-0.0162422861903905,0.0521487854421138,0.0521487854421138
S&P PE ratio,2012-06-30,-0.013134532608091831,-0.090642496943473802,-0.090642496943473802,-0.0131345326080918,0.054665219038724899,0.054665219038724899
S&P PE ratio,2012-07-31,-0.010924256406724453,-0.087240636348724296,-0.087240636348724296,-0.010924256406724399,0.056052267551422098,0.056052267551422098
S&P PE ratio,2012-08-31,-0.010172929614782333,-0.088250301778316498,-0.088250301778316498,-0.0101729296147823,0.057697642594575799,0.057697642594575799
S&P PE ratio,2012-09-30,-0.0097398599609732628,-0.088088661432266194,-0.088088661432266194,-0.0097398599609732003,0.058524664491415003,0.058524664491415003
S&P PE ratio,2012-10-31,-0.01029531005769968,-0.088990844786167103,-0.088990844786167103,-0.010295310057699601,0.057742170989513397,0.057742170989513397
S&P PE ratio,2012-11-30,-0.010100221261382103,-0.087377570569515201,-0.087377570569515201,-0.010100221261382099,0.056763160973787301,0.056763160973787301
S&P PE ratio,2012-12-31,-0.0091965775936841965,-0.0864741206169128,-0.0864741206169128,-0.0091965775936840993,0.058215234428644097,0.058215234428644097
S&P PE ratio,2013-01-31,-0.0077298339456319809,-0.083693943917751298,-0.083693943917751298,-0.0077298339456319002,0.0592715926468372,0.0592715926468372
S&P div yield,2011-02-28,-0.024347374215722084,-0.1231800466775894,-0.1231800466775894,-0.024347374215722001,0.0771347731351852,0.0771347731351852
S&P div yield,2011-03-31,-0.026480333879590034,-0.13115313649177551,-0.13115313649177551,-0.02648033387959,0.080736741423606803,0.080736741423606803
S&P div yield,2011-04-30,-0.030062498524785042,-0.13774600625038139,-0.13774600625038139,-0.030062498524785,0.080096475780010196,0.080096475780010196
S&P div yield,2011-05-31,-0.029055822640657425,-0.1386345773935318,-0.1386345773935318,-0.029055822640657401,0.083727285265922505,0.083727285265922505
S&P div yield,2011-06-30,-0.0228914525359869,-0.13380599021911621,-0.13380599021911621,-0.0228914525359869,0.088903114199638297,0.088903114199638297
S&P div yield,2011-07-31,-0.021906880661845207,-0.13363642990589139,-0.13363642990589139,-0.0219068806618452,0.092465333640575395,0.092465333640575395
S&P div yield,2011-08-31,-0.018449656665325165,-0.130615234375,-0.130615234375,-0.018449656665325099,0.098356589674949604,0.098356589674949604
S&P div yield,2011-09-30,-0.015264387242496014,-0.12882617115974421,-0.12882617115974421,-0.0152643881738185,0.10201022028923031,0.10201022028923031
S&P div yield,2011-10-31,-0.0153549425303936,-0.1295413523912429,-0.1295413523912429,-0.0153549425303936,0.10106711089611051,0.10106711089611051
S&P div yield,2011-11-30,-0.015498336404561996,-0.12926429510116569,-0.12926429510116569,-0.015498336404561899,0.1009259298443794,0.1009259298443794
S&P div yield,2011-12-31,-0.01501171849668026,-0.128127321600914,-0.128127321600914,-0.015011718496680201,0.1012744829058647,0.1012744829058647
S&P div yield,2012-01-31,-0.013220442458987236,-0.12672632932662961,-0.12672632932662961,-0.0132204424589872,0.1041643470525741,0.1041643470525741
S&P div yield,2012-02-29,-0.012066323310136795,-0.12691788375377649,-0.12691788375377649,-0.0120663233101367,0.10513401031494141,0.10513401031494141
S&P div yield,2012-03-31,-0.0086716068908572197,-0.1235450431704521,-0.1235450431704521,-0.0086716059595346,0.1097278967499733,0.1097278967499733
S&P div yield,2012-04-30,-0.0085289524868130684,-0.1249137073755264,-0.1249137073755264,-0.0085289515554904001,0.1121357977390289,0.1121357977390289
S&P div yield,2012-05-31,-0.009183262474834919,-0.1253122985363006,-0.1253122985363006,-0.0091832615435122993,0.1113675758242607,0.1113675758242607
S&P div yield,2012-06-30,-0.0094617316499352455,-0.1255732327699661,-0.1255732327699661,-0.0094617325812577993,0.1126803159713745,0.1126803159713745
S&P div yield,2012-07-31,-0.011080884374678135,-0.1279126554727554,-0.1279126554727554,-0.0110808834433555,0.1094724759459495,0.1094724759459495
S&P div yield,2012-08-31,-0.012386963702738285,-0.1325145810842514,-0.1325145810842514,-0.0123869627714157,0.11222882568836209,0.11222882568836209
S&P div yield,2012-09-30,-0.015128307044506073,-0.1358762234449386,-0.1358762234449386,-0.015128307044506,0.1110026389360427,0.1110026389360427
S&P div yield,2012-10-31,-0.012890906073153019,-0.135306030511856,-0.135306030511856,-0.012890905141830399,0.1132190451025962,0.1132190451025962
S&P div yield,2012-11-30,-0.011882382445037365,-0.13348950445652,-0.13348950445652,-0.0118823833763599,0.1137914806604385,0.1137914806604385
S&P div yield,2012-12-31,-0.015417510643601418,-0.13781009614467621,-0.13781009614467621,-0.0154175106436014,0.1111845299601554,0.1111845299601554
S&P div yield,2013-01-31,-0.018250757828354836,-0.14259998500347129,-0.14259998500347129,-0.018250757828354801,0.1100582182407379,0.1100582182407379
SRVPRD,2011-02-28,0.00054740591440349817,-0.00075932673644269995,-0.00075932673644269995,0.00054740591440340005,0.0018676524050533,0.0018676524050533
SRVPRD,2011-03-31,0.0005465878639370203,-0.00085782434325659999,-0.00085782434325659999,0.00054658786393700003,0.0019670124165713002,0.0019670124165713002
SRVPRD,2011-04-30,0.00057265919167548418,-0.00095426605548700003,-0.00095426605548700003,0.00057265919167540005,0.0020379878114908001,0.0020379878114908001
SRVPRD,2011-05-31,0.0005966228200122714,-0.0010346485069020999,-0.0010346485069020999,0.00059662282001219996,0.0021259519271551999,0.0021259519271551999
SRVPRD,2011-06-30,0.0005737255560234189,-0.0011304948711766999,-0.0011304948711766999,0.00057372555602340004,0.0021511106751859002,0.0021511106751859002
SRVPRD,2011-07-31,0.00053592340555042028,-0.0012578204041345999,-0.0012578204041345999,0.00053592340555040001,0.0021754836197942001,0.0021754836197942001
SRVPRD,2011-08-31,0.00045296770986169577,-0.0014046066207811,-0.0014046066207811,0.00045296770986159998,0.0021474054083227999,0.0021474054083227999
SRVPRD,2011-09-30,0.00047787267249077559,-0.0014393009478226,-0.0014393009478226,0.00047787267249070002,0.0022238250821828001,0.0022238250821828001
SRVPRD,2011-10-31,0.00047325436025857925,-0.0014889893354847999,-0.0014889893354847999,0.0004732543602585,0.0022011136170475998,0.0022011136170475998
SRVPRD,2011-11-30,0.00043181132059544325,-0.0015661692013964001,-0.0015661692013964001,0.00043181132059539999,0.0022093898151068999,0.0022093898151068999
SRVPRD,2011-12-31,0.00037025241181254387,-0.0016810091910882999,-0.0016810091910882999,0.00037025241181250001,0.0021657121833412998,0.0021657121833412998
SRVPRD,2012-01-31,0.00034902687184512615,-0.0017350789858028,-0.0017350789858028,0.00034902687184510002,0.0021946209017187001,0.0021946209017187001
SRVPRD,2012-02-29,0.00025718356482684612,-0.0018593351123854,-0.0018593351123854,0.00025718356482679999,0.0020781150087714,0.0020781150087714
SRVPRD,2012-03-31,0.0002047393936663866,-0.0019334048265590999,-0.0019334048265590999,0.0002047393936663,0.0020977421663701001,0.0020977421663701001
SRVPRD,2012-04-30,0.00017625640612095594,-0.0019770064391195002,-0.0019770064391195002,0.0001762564061209,0.0021041375584900002,0.0021041375584900002
SRVPRD,2012-05-31,0.00016140949446707964,-0.0020174323581159002,-0.0020174323581159002,0.000161409494467,0.0021064009051769,0.0021064009051769
SRVPRD,2012-06-30,0.00013935333117842674,-0.0020586340688168998,-0.0020586340688168998,0.00013935333117839999,0.0020889681763947001,0.0020889681763947001
SRVPRD,2012-07-31,0.00011701078619807959,-0.0020975512452423,-0.0020975512452423,0.00011701078619800001,0.0020537364762275999,0.0020537364762275999
SRVPRD,2012-08-31,9.048020001500845e-05,-0.0022095507010816999,-0.0022095507010816999,9.0480200015008436e-05,0.0021311861928551999,0.0021311861928551999
SRVPRD,2012-09-30,0.0001183265121653676,-0.0021968353539704999,-0.0021968353539704999,0.0001183265121653,0.0021550417877733001,0.0021550417877733001
SRVPRD,2012-10-31,0.00018192071001976728,-0.0021340721286833,-0.0021340721286833,0.00018192071001970001,0.0021962958853691001,0.0021962958853691001
SRVPRD,2012-11-30,0.00020121841225773096,-0.0020774989388883001,-0.0020774989388883001,0.00020121841225770001,0.0021991932298988,0.0021991932298988
SRVPRD,2012-12-31,0.00018096494022756815,-0.0020735985599458001,-0.0020735985599458001,0.00018096494022750001,0.0021589214447885001,0.0021589214447885001
SRVPRD,2013-01-31,0.00022053520660847425,-0.0020260317251086001,-0.0020260317251086001,0.00022053520660839999,0.0022236371878534,0.0022236371878534
T10YFFM,2011-02-28,3.3228535652160645,3.0464687347412109,3.0464687347412109,3.3228535652160645,3.60343337059021,3.60343337059021
T10YFFM,2011-03-31,3.3844740390777588,3.0774848461151123,3.0774848461151123,3.3844740390777588,3.6811432838439941,3.6811432838439941
T10YFFM,2011-04-30,3.2974498271942139,2.9921660423278809,2.9921660423278809,3.2974498271942139,3.607525110244751,3.607525110244751
T10YFFM,2011-05-31,3.1108436584472656,2.775510311126709,2.775510311126709,3.1108436584472656,3.4079470634460449,3.4079470634460449
T10YFFM,2011-06-30,2.8764140605926514,2.5677881240844727,2.5677881240844727,2.8764140605926514,3.1628460884094238,3.1628460884094238
T10YFFM,2011-07-31,2.6091132164001465,2.3009223937988281,2.3009223937988281,2.6091132164001465,2.9030756950378418,2.9030756950378418
T10YFFM,2011-08-31,2.2983202934265137,1.9846549034118652,1.9846549034118652,2.2983202934265137,2.583223819732666,2.583223819732666
T10YFFM,2011-09-30,2.0063128471374512,1.6643812656402588,1.6643812656402588,2.0063128471374512,2.2804594039916992,2.2804594039916992
T10YFFM,2011-10-31,1.7781380414962769,1.4818215370178225,1.4818215370178225,1.7781380414962769,2.0339579582214355,2.0339579582214355
T10YFFM,2011-11-30,1.7000231742858887,1.3838174343109131,1.3838174343109131,1.7000231742858889,1.9895153045654297,1.9895153045654297
T10YFFM,2011-12-31,1.7551727294921875,1.4482784271240234,1.4482784271240234,1.7551727294921875,2.0277013778686523,2.0277013778686523
T10YFFM,2012-01-31,1.8075337409973145,1.4685556888580322,1.4685556888580322,1.8075337409973145,2.1025447845458984,2.1025447845458984
T10YFFM,2012-02-29,1.8219237327575684,1.5195233821868896,1.5195233821868896,1.8219237327575684,2.1035161018371582,2.1035161018371582
T10YFFM,2012-03-31,1.8142337799072266,1.4893333911895752,1.4893333911895752,1.8142337799072263,2.1179232597351074,2.1179232597351074
T10YFFM,2012-04-30,1.7631430625915527,1.46317458152771,1.46317458152771,1.7631430625915527,2.0373973846435547,2.0373973846435547
T10YFFM,2012-05-31,1.6988399028778076,1.3674235343933103,1.3674235343933103,1.6988399028778076,1.9793845415115356,1.9793845415115356
T10YFFM,2012-06-30,1.6057109832763672,1.2805867195129397,1.2805867195129397,1.6057109832763672,1.8809273242950439,1.8809273242950439
T10YFFM,2012-07-31,1.5021207332611084,1.1660795211791992,1.1660795211791992,1.5021207332611084,1.761131763458252,1.761131763458252
T10YFFM,2012-08-31,1.3909283876419067,1.0922451019287109,1.0922451019287109,1.3909283876419067,1.623837947845459,1.623837947845459
T10YFFM,2012-09-30,1.3347117900848389,1.0552523136138916,1.0552523136138916,1.3347117900848389,1.5412890911102295,1.5412890911102295
T10YFFM,2012-10-31,1.3066823482513428,1.0440655946731567,1.0440655946731567,1.3066823482513428,1.5355160236358645,1.5355160236358645
T10YFFM,2012-11-30,1.3027596473693848,0.98328989744186401,0.98328989744186401,1.3027596473693848,1.557546854019165,1.557546854019165
T10YFFM,2012-12-31,1.355792760848999,1.0394167900085449,1.0394167900085449,1.355792760848999,1.6558429002761841,1.6558429002761841
T10YFFM,2013-01-31,1.4412796497344971,1.1303361654281616,1.1303361654281616,1.4412796497344971,1.7248657941818235,1.7248657941818235
T1YFFM,2011-02-28,0.11646817624568939,0.051125355064868899,0.051125355064868899,0.11646817624568929,0.19409973919391629,0.19409973919391629
T1YFFM,2011-03-31,0.10163620114326477,0.029607184231281201,0.029607184231281201,0.1016362011432647,0.1844331473112106,0.1844331473112106
T1YFFM,2011-04-30,0.089518949389457703,0.0069907270371912999,0.0069907270371912999,0.089518949389457703,0.185956671833992,0.185956671833992
T1YFFM,2011-05-31,0.078451275825500488,-0.0241486113518476,-0.0241486113518476,0.078451275825500405,0.18603058159351349,0.18603058159351349
T1YFFM,2011-06-30,0.064814738929271698,-0.043313361704349497,-0.043313361704349497,0.064814738929271698,0.17990089952945709,0.17990089952945709
T1YFFM,2011-07-31,0.068258225917816162,-0.037924591451883302,-0.037924591451883302,0.068258225917816107,0.1885605305433273,0.1885605305433273
T1YFFM,2011-08-31,0.039846882224082947,-0.076685629785060799,-0.076685629785060799,0.039846882224082898,0.15286457538604731,0.15286457538604731
T1YFFM,2011-09-30,0.0059585720300674438,-0.11585125327110291,-0.11585125327110291,0.0059585720300673996,0.1204623579978942,0.1204623579978942
T1YFFM,2011-10-31,-0.019624089822173119,-0.1229232102632522,-0.1229232102632522,-0.019624089822173101,0.091084823012351906,0.091084823012351906
T1YFFM,2011-11-30,-0.019254161044955254,-0.12194427847862239,-0.12194427847862239,-0.019254161044955202,0.097115084528923007,0.097115084528923007
T1YFFM,2011-12-31,-0.0026401281356811523,-0.097728177905082703,-0.097728177905082703,-0.0026401281356810999,0.1128757745027542,0.1128757745027542
T1YFFM,2012-01-31,0.017203625291585922,-0.10815383493900289,-0.10815383493900289,0.017203625291585901,0.1448838859796524,0.1448838859796524
T1YFFM,2012-02-29,0.030656225979328156,-0.085069887340068803,-0.085069887340068803,0.0306562259793281,0.14058716595172879,0.14058716595172879
T1YFFM,2012-03-31,0.018683560192584991,-0.072112441062927204,-0.072112441062927204,0.018683560192584901,0.13202865421772,0.13202865421772
T1YFFM,2012-04-30,0.013289537280797958,-0.079461082816123907,-0.079461082816123907,0.013289537280797899,0.1150586754083633,0.1150586754083633
T1YFFM,2012-05-31,0.0065079294145107269,-0.084699317812919603,-0.084699317812919603,0.0065079294145107,0.11113573610782621,0.11113573610782621
T1YFFM,2012-06-30,0.012530438601970673,-0.082854643464088398,-0.082854643464088398,0.0125304386019706,0.11579526960849761,0.11579526960849761
T1YFFM,2012-07-31,0.014098614454269409,-0.083949357271194402,-0.083949357271194402,0.014098614454269401,0.11533211171627041,0.11533211171627041
T1YFFM,2012-08-31,0.0095879063010215759,-0.084714591503143297,-0.084714591503143297,0.0095879063010214996,0.097258150577545097,0.097258150577545097
T1YFFM,2012-09-30,0.010465819388628006,-0.084607467055320698,-0.084607467055320698,0.010465819388628001,0.095796585083007799,0.095796585083007799
T1YFFM,2012-10-31,0.005383022129535675,-0.087471455335616996,-0.087471455335616996,0.0053830221295355996,0.10062395036220551,0.10062395036220551
T1YFFM,2012-11-30,0.017371613532304764,-0.087854355573654105,-0.087854355573654105,0.017371613532304701,0.1267886757850647,0.1267886757850647
T1YFFM,2012-12-31,0.019758854061365128,-0.099546074867248494,-0.099546074867248494,0.0197588540613651,0.1275457888841629,0.1275457888841629
T1YFFM,2013-01-31,0.026360467076301575,-0.090842299163341494,-0.090842299163341494,0.026360467076301498,0.1290371417999267,0.1290371417999267
T5YFFM,2011-02-28,1.9665913581848145,1.7262346744537354,1.7262346744537354,1.9665913581848145,2.2154557704925537,2.2154557704925537
T5YFFM,2011-03-31,2.0522482395172119,1.7868077754974363,1.7868077754974363,2.0522482395172119,2.3103921413421631,2.3103921413421631
T5YFFM,2011-04-30,1.9938671588897705,1.722121000289917,1.722121000289917,1.9938671588897705,2.2573258876800537,2.2573258876800537
T5YFFM,2011-05-31,1.8608977794647217,1.5653030872344971,1.5653030872344971,1.8608977794647217,2.1175127029418945,2.1175127029418945
T5YFFM,2011-06-30,1.6859896183013916,1.4035040140151978,1.4035040140151978,1.6859896183013916,1.940126895904541,1.940126895904541
T5YFFM,2011-07-31,1.4544219970703125,1.1730711460113523,1.1730711460113523,1.4544219970703125,1.7210791110992432,1.7210791110992432
T5YFFM,2011-08-31,1.1597881317138672,0.87884527444839478,0.87884527444839478,1.1597881317138672,1.4064346551895142,1.4064346551895142
T5YFFM,2011-09-30,0.88670778274536133,0.58212888240814209,0.58212888240814209,0.88670778274536133,1.1229164600372314,1.1229164600372314
T5YFFM,2011-10-31,0.69279038906097412,0.43189692497253418,0.43189692497253418,0.69279038906097412,0.92359137535095204,0.92359137535095204
T5YFFM,2011-11-30,0.64767944812774658,0.37004071474075317,0.37004071474075317,0.64767944812774658,0.90713030099868763,0.90713030099868763
T5YFFM,2011-12-31,0.72492867708206177,0.44363796710968018,0.44363796710968018,0.72492867708206177,0.96942472457885742,0.96942472457885742
T5YFFM,2012-01-31,0.81083762645721436,0.50049060583114624,0.50049060583114624,0.81083762645721436,1.0656349658966064,1.0656349658966064
T5YFFM,2012-02-29,0.84747195243835449,0.55611509084701538,0.55611509084701538,0.84747195243835449,1.101332426071167,1.101332426071167
T5YFFM,2012-03-31,0.83798062801361084,0.55426084995269775,0.55426084995269775,0.83798062801361084,1.1063302755355835,1.1063302755355835
T5YFFM,2012-04-30,0.80572640895843506,0.537955641746521,0.537955641746521,0.80572640895843506,1.0398385524749756,1.0398385524749756
T5YFFM,2012-05-31,0.76984941959381104,0.48208552598953242,0.48208552598953242,0.76984941959381104,1.0129241943359375,1.0129241943359375
T5YFFM,2012-06-30,0.70729953050613403,0.436830073595047,0.436830073595047,0.70729953050613403,0.94775867462158203,0.94775867462158203
T5YFFM,2012-07-31,0.61992156505584717,0.34085479378700251,0.34085479378700251,0.61992156505584717,0.84244197607040405,0.84244197607040405
T5YFFM,2012-08-31,0.54053187370300293,0.29035994410514832,0.29035994410514832,0.54053187370300293,0.738747239112854,0.738747239112854
T5YFFM,2012-09-30,0.51555079221725464,0.2689158022403717,0.2689158022403717,0.51555079221725464,0.69376528263092041,0.69376528263092041
T5YFFM,2012-10-31,0.50633001327514648,0.26991170644760132,0.26991170644760132,0.50633001327514648,0.70851773023605347,0.70851773023605347
T5YFFM,2012-11-30,0.54994809627532959,0.26592862606048578,0.26592862606048578,0.54994809627532959,0.77798336744308472,0.77798336744308472
T5YFFM,2012-12-31,0.59990274906158447,0.30984997749328608,0.30984997749328608,0.59990274906158447,0.863777756690979,0.863777756690979
T5YFFM,2013-01-31,0.67114824056625366,0.3892714381217956,0.3892714381217956,0.67114824056625366,0.93103080987930298,0.93103080987930298
TB3MS,2011-02-28,0.0042715901508927345,-0.10603054612874981,-0.10603054612874981,0.0042715910822152996,0.081977173686027499,0.081977173686027499
TB3MS,2011-03-31,0.0064027756452560425,-0.1144631057977676,-0.1144631057977676,0.0064027747139334002,0.088511310517787906,0.088511310517787906
TB3MS,2011-04-30,0.003531603142619133,-0.12762688100337979,-0.12762688100337979,0.0035316031426191,0.089123651385307298,0.089123651385307298
TB3MS,2011-05-31,0.003017195500433445,-0.1338239759206771,-0.1338239759206771,0.0030171964317560001,0.088411629199981606,0.088411629199981606
TB3MS,2011-06-30,0.00044833123683929443,-0.1471438854932785,-0.1471438854932785,0.0004483312368392,0.093680247664451599,0.093680247664451599
TB3MS,2011-07-31,0.0022582374513149261,-0.15061716735363001,-0.15061716735363001,0.0022582374513149001,0.10160598158836361,0.10160598158836361
TB3MS,2011-08-31,-0.0015221582725644112,-0.16513790190219879,-0.16513790190219879,-0.0015221573412417999,0.099851042032241794,0.099851042032241794
TB3MS,2011-09-30,-0.0061850231140851974,-0.1762297451496124,-0.1762297451496124,-0.0061850231140851003,0.10401883721351619,0.10401883721351619
TB3MS,2011-10-31,-0.007888096384704113,-0.1855187118053436,-0.1855187118053436,-0.0078880973160265992,0.1088026836514473,0.1088026836514473
TB3MS,2011-11-30,-0.0048427213914692402,-0.19108209013938901,-0.19108209013938901,-0.0048427209258079,0.1165812015533447,0.1165812015533447
TB3MS,2011-12-31,-0.0061867861077189445,-0.19664016366004941,-0.19664016366004941,-0.0061867851763962997,0.1200142055749893,0.1200142055749893
TB3MS,2012-01-31,-0.0077246204018592834,-0.20395463705062861,-0.20395463705062861,-0.0077246204018592002,0.12087042629718781,0.12087042629718781
TB3MS,2012-02-29,-0.0064582987688481808,-0.21320515871047971,-0.21320515871047971,-0.0064582992345094004,0.13094241917133331,0.13094241917133331
TB3MS,2012-03-31,-0.004345291294157505,-0.2129693329334259,-0.2129693329334259,-0.0043452903628349001,0.1358991712331771,0.1358991712331771
TB3MS,2012-04-30,-0.0061086867935955524,-0.22305838763713831,-0.22305838763713831,-0.0061086863279342001,0.14284001290798179,0.14284001290798179
TB3MS,2012-05-31,-0.0052882763557136059,-0.23030269145965571,-0.23030269145965571,-0.0052882768213748004,0.1497178971767425,0.1497178971767425
TB3MS,2012-06-30,-0.0017665140330791473,-0.22840136289596549,-0.22840136289596549,-0.0017665140330791001,0.15361301600933069,0.15361301600933069
TB3MS,2012-07-31,-6.1029568314552307e-06,-0.22706934809684751,-0.22706934809684751,-6.1020255088806152e-06,0.15547187626361841,0.15547187626361841
TB3MS,2012-08-31,0.00012138113379478455,-0.24384221434593201,-0.24384221434593201,0.00012138113379470001,0.17018182575702659,0.17018182575702659
TB3MS,2012-09-30,-0.00067130383104085922,-0.2464350163936615,-0.2464350163936615,-0.00067130289971820004,0.17186006903648371,0.17186006903648371
TB3MS,2012-10-31,-0.0008316701278090477,-0.24762280285358429,-0.24762280285358429,-0.00083167105913159998,0.17194454371929169,0.17194454371929169
TB3MS,2012-11-30,-0.0027786446735262871,-0.25108924508094788,-0.25108924508094788,-0.0027786456048488001,0.16668498516082761,0.16668498516082761
TB3MS,2012-12-31,-0.0016084108501672745,-0.25363925099372858,-0.25363925099372858,-0.0016084089875221001,0.16944105923175809,0.16944105923175809
TB3MS,2013-01-31,-0.00010477472096681595,-0.26309895515441889,-0.26309895515441889,-0.0001047737896442,0.1835144907236099,0.1835144907236099
TB3SMFFM,2011-02-28,-0.03810882568359375,-0.072578549385070801,-0.072578549385070801,-0.038108825683593701,-0.0100555419921875,-0.0100555419921875
TB3SMFFM,2011-03-31,-0.043586194515228271,-0.077060103416442802,-0.077060103416442802,-0.043586194515228202,-0.011596500873565599,-0.011596500873565599
TB3SMFFM,2011-04-30,-0.05813676118850708,-0.103436529636383,-0.103436529636383,-0.058136761188506997,-0.024798393249511701,-0.024798393249511701
TB3SMFFM,2011-05-31,-0.053776085376739502,-0.1085544824600219,-0.1085544824600219,-0.053776085376739502,-0.0195102095603942,-0.0195102095603942
TB3SMFFM,2011-06-30,-0.066311359405517578,-0.1226949095726013,-0.1226949095726013,-0.066311359405517495,-0.021763443946838299,-0.021763443946838299
TB3SMFFM,2011-07-31,-0.063957750797271729,-0.12018924951553341,-0.12018924951553341,-0.063957750797271701,-0.018027901649475001,-0.018027901649475001
TB3SMFFM,2011-08-31,-0.0689430832862854,-0.13262379169464111,-0.13262379169464111,-0.0689430832862854,-0.019197463989257799,-0.019197463989257799
TB3SMFFM,2011-09-30,-0.08050239086151123,-0.1612931489944458,-0.1612931489944458,-0.080502390861511203,-0.022378265857696499,-0.022378265857696499
TB3SMFFM,2011-10-31,-0.082601368427276611,-0.14957121014595029,-0.14957121014595029,-0.082601368427276597,-0.022128105163574201,-0.022128105163574201
TB3SMFFM,2011-11-30,-0.07617419958114624,-0.14743897318840021,-0.14743897318840021,-0.076174199581146199,-0.0069948434829711003,-0.0069948434829711003
TB3SMFFM,2011-12-31,-0.065571367740631104,-0.13443878293037409,-0.13443878293037409,-0.065571367740631104,0.0072942972183227001,0.0072942972183227001
TB3SMFFM,2012-01-31,-0.062375068664550781,-0.15479201078414909,-0.15479201078414909,-0.062375068664550698,0.014750540256500201,0.014750540256500201
TB3SMFFM,2012-02-29,-0.060686171054840088,-0.14634507894515991,-0.14634507894515991,-0.060686171054839998,0.0071491599082945997,0.0071491599082945997
TB3SMFFM,2012-03-31,-0.071690618991851807,-0.14382550120353699,-0.14382550120353699,-0.071690618991851807,0.00065672397613520002,0.00065672397613520002
TB3SMFFM,2012-04-30,-0.080830812454223633,-0.1487762033939361,-0.1487762033939361,-0.080830812454223605,-0.0086708068847656007,-0.0086708068847656007
TB3SMFFM,2012-05-31,-0.073128759860992432,-0.1348783671855926,-0.1348783671855926,-0.073128759860992404,0.0022467970848083002,0.0022467970848083002
TB3SMFFM,2012-06-30,-0.078649997711181641,-0.14278802275657651,-0.14278802275657651,-0.078649997711181599,-0.0045936107635498004,-0.0045936107635498004
TB3SMFFM,2012-07-31,-0.073230981826782227,-0.1377634108066558,-0.1377634108066558,-0.073230981826782199,-0.003549575805664,-0.003549575805664
TB3SMFFM,2012-08-31,-0.05693364143371582,-0.12396335601806641,-0.12396335601806641,-0.056933641433715799,0.0049061179161070997,0.0049061179161070997
TB3SMFFM,2012-09-30,-0.036253511905670166,-0.1035753488540649,-0.1035753488540649,-0.036253511905670097,0.026487112045287999,0.026487112045287999
TB3SMFFM,2012-10-31,-0.022431850433349609,-0.082420766353607094,-0.082420766353607094,-0.022431850433349599,0.029392063617706299,0.029392063617706299
TB3SMFFM,2012-11-30,-0.023190140724182129,-0.076446533203125,-0.076446533203125,-0.023190140724182101,0.041463553905486998,0.041463553905486998
TB3SMFFM,2012-12-31,-0.0088486075401306152,-0.065759420394897405,-0.065759420394897405,-0.0088486075401305996,0.057285964488983099,0.057285964488983099
TB3SMFFM,2013-01-31,-0.01347726583480835,-0.070618808269500705,-0.070618808269500705,-0.013477265834808299,0.045320630073547301,0.045320630073547301
TB6MS,2011-02-28,-0.0076588690280914307,-0.10559980571269981,-0.10559980571269981,-0.0076588690280914003,0.069056972861289895,0.069056972861289895
TB6MS,2011-03-31,-0.0050657261162996292,-0.11259461939334869,-0.11259461939334869,-0.0050657261162995997,0.077489346265792805,0.077489346265792805
TB6MS,2011-04-30,-0.0043069529347121716,-0.12073066830635069,-0.12073066830635069,-0.0043069534003733999,0.083732783794403007,0.083732783794403007
TB6MS,2011-05-31,-0.0044706654734909534,-0.12692177295684809,-0.12692177295684809,-0.0044706650078296002,0.085662141442298806,0.085662141442298806
TB6MS,2011-06-30,-0.0058586946688592434,-0.13705965876579279,-0.13705965876579279,-0.0058586951345205003,0.091653347015380804,0.091653347015380804
TB6MS,2011-07-31,-0.0049219205975532532,-0.14158758521080009,-0.14158758521080009,-0.0049219205975532003,0.098923027515411294,0.098923027515411294
TB6MS,2011-08-31,-0.0056000431068241596,-0.1516610831022262,-0.1516610831022262,-0.0056000426411628003,0.098405852913856506,0.098405852913856506
TB6MS,2011-09-30,-0.0091695059090852737,-0.16090486943721771,-0.16090486943721771,-0.0091695059090851991,0.1018671691417694,0.1018671691417694
TB6MS,2011-10-31,-0.010390782728791237,-0.1676513254642486,-0.1676513254642486,-0.0103907827287912,0.1065787076950073,0.1065787076950073
TB6MS,2011-11-30,-0.010990914888679981,-0.17429226636886591,-0.17429226636886591,-0.0109909139573574,0.11037769913673399,0.11037769913673399
TB6MS,2011-12-31,-0.010850557126104832,-0.17807722091674799,-0.17807722091674799,-0.0108505561947822,0.1130637526512146,0.1130637526512146
TB6MS,2012-01-31,-0.013044035062193871,-0.1829242408275604,-0.1829242408275604,-0.013044035062193799,0.1116483062505722,0.1116483062505722
TB6MS,2012-02-29,-0.013436630368232727,-0.19267009198665619,-0.19267009198665619,-0.013436630368232699,0.11938495934009551,0.11938495934009551
TB6MS,2012-03-31,-0.012957842089235783,-0.1919080913066864,-0.1919080913066864,-0.012957841157913199,0.1193495541810989,0.1193495541810989
TB6MS,2012-04-30,-0.012138419784605503,-0.19817203283309931,-0.19817203283309931,-0.012138418853282901,0.12718573212623591,0.12718573212623591
TB6MS,2012-05-31,-0.012193942442536354,-0.20480449497699729,-0.20480449497699729,-0.0121939424425363,0.13018426299095151,0.13018426299095151
TB6MS,2012-06-30,-0.010908006690442562,-0.2053072452545166,-0.2053072452545166,-0.0109080076217651,0.13343971967697141,0.13343971967697141
TB6MS,2012-07-31,-0.010012743063271046,-0.20615722239017481,-0.20615722239017481,-0.0100127421319484,0.13487574458122251,0.13487574458122251
TB6MS,2012-08-31,-0.010747353546321392,-0.2220060378313064,-0.2220060378313064,-0.010747354477643901,0.14682057499885559,0.14682057499885559
TB6MS,2012-09-30,-0.011092415079474449,-0.2248166352510452,-0.2248166352510452,-0.011092415079474401,0.14965502917766571,0.14965502917766571
TB6MS,2012-10-31,-0.012586874887347221,-0.22667790949344629,-0.22667790949344629,-0.012586874887347201,0.14824977517127991,0.14824977517127991
TB6MS,2012-11-30,-0.013848750852048397,-0.22849057614803309,-0.22849057614803309,-0.013848751783370901,0.145325481891632,0.145325481891632
TB6MS,2012-12-31,-0.013007059693336487,-0.23123666644096369,-0.23123666644096369,-0.0130070596933364,0.14704708755016321,0.14704708755016321
TB6MS,2013-01-31,-0.012650384567677975,-0.23948094248771659,-0.23948094248771659,-0.012650385499000501,0.1572006493806839,0.1572006493806839
TB6SMFFM,2011-02-28,0.010986328125,-0.020776838064193701,-0.020776838064193701,0.010986328125,0.054233789443969699,0.054233789443969699
TB6SMFFM,2011-03-31,0.0072911381721496582,-0.027668625116348201,-0.027668625116348201,0.0072911381721496001,0.054422616958618102,0.054422616958618102
TB6SMFFM,2011-04-30,-0.00021272897720336914,-0.040675789117813103,-0.040675789117813103,-0.0002127289772033,0.0564256906509399,0.0564256906509399
TB6SMFFM,2011-05-31,-0.0044927000999450684,-0.055519342422485303,-0.055519342422485303,-0.0044927000999449998,0.056545555591583203,0.056545555591583203
TB6SMFFM,2011-06-30,-0.016757845878601074,-0.077169835567474296,-0.077169835567474296,-0.016757845878601001,0.052613258361816399,0.052613258361816399
TB6SMFFM,2011-07-31,-0.0082815587520599365,-0.063898503780364893,-0.063898503780364893,-0.0082815587520599001,0.066937804222106906,0.066937804222106906
TB6SMFFM,2011-08-31,-0.020173817873001099,-0.081382125616073595,-0.081382125616073595,-0.020173817873001099,0.051499783992767299,0.051499783992767299
TB6SMFFM,2011-09-30,-0.032354027032852173,-0.1078821718692779,-0.1078821718692779,-0.032354027032852103,0.045104563236236503,0.045104563236236503
TB6SMFFM,2011-10-31,-0.04190373420715332,-0.1057503223419189,-0.1057503223419189,-0.041903734207153299,0.0360695123672485,0.0360695123672485
TB6SMFFM,2011-11-30,-0.02988550066947937,-0.0951282083988189,-0.0951282083988189,-0.029885500669479301,0.0588731169700622,0.0588731169700622
TB6SMFFM,2011-12-31,-0.021216422319412231,-0.079282075166702201,-0.079282075166702201,-0.0212164223194122,0.068544507026672294,0.068544507026672294
TB6SMFFM,2012-01-31,-0.01939702033996582,-0.1022300124168396,-0.1022300124168396,-0.019397020339965799,0.079138100147247301,0.079138100147247301
TB6SMFFM,2012-02-29,-0.014078468084335327,-0.098279953002929604,-0.098279953002929604,-0.014078468084335299,0.071648955345153795,0.071648955345153795
TB6SMFFM,2012-03-31,-0.023423224687576294,-0.092219501733779893,-0.092219501733779893,-0.0234232246875762,0.065699338912963798,0.065699338912963798
TB6SMFFM,2012-04-30,-0.027417182922363281,-0.091166824102401706,-0.091166824102401706,-0.027417182922363201,0.060994863510131801,0.060994863510131801
TB6SMFFM,2012-05-31,-0.023643285036087036,-0.085589200258255005,-0.085589200258255005,-0.023643285036087001,0.064921677112579304,0.064921677112579304
TB6SMFFM,2012-06-30,-0.024740070104598999,-0.091863900423049899,-0.091863900423049899,-0.024740070104598999,0.058600306510925203,0.058600306510925203
TB6SMFFM,2012-07-31,-0.028834104537963867,-0.099223732948303195,-0.099223732948303195,-0.028834104537963801,0.048553287982940598,0.048553287982940598
TB6SMFFM,2012-08-31,-0.028091013431549072,-0.098956167697906494,-0.098956167697906494,-0.028091013431548999,0.034015953540802002,0.034015953540802002
TB6SMFFM,2012-09-30,-0.011334896087646484,-0.084064722061157199,-0.084064722061157199,-0.011334896087646399,0.055025219917297301,0.055025219917297301
TB6SMFFM,2012-10-31,-0.00019985437393188477,-0.063636928796768105,-0.063636928796768105,-0.00019985437393180001,0.068407952785491902,0.068407952785491902
TB6SMFFM,2012-11-30,-0.0010577142238616943,-0.066721886396407998,-0.066721886396407998,-0.0010577142238616,0.076993048191070501,0.076993048191070501
TB6SMFFM,2012-12-31,0.012729108333587646,-0.060755819082260097,-0.060755819082260097,0.0127291083335876,0.086411595344543402,0.086411595344543402
TB6SMFFM,2013-01-31,0.02281266450881958,-0.053715825080871499,-0.053715825080871499,0.0228126645088195,0.087330520153045599,0.087330520153045599
TOTRESNS,2011-02-28,-0.02468465268611908,-0.064447283744811998,-0.064447283744811998,-0.024684652686119,0.0115647888742387,0.0115647888742387
TOTRESNS,2011-03-31,0.018134009093046188,-0.023578668013214999,-0.023578668013214999,0.018134009093046102,0.055638067424297298,0.055638067424297298
TOTRESNS,2011-04-30,0.021849699318408966,-0.020888939499855,-0.020888939499855,0.0218496993184089,0.059944935142993899,0.059944935142993899
TOTRESNS,2011-05-31,-0.005114448256790638,-0.0477362237870693,-0.0477362237870693,-0.0051144482567905998,0.032362397760152803,0.032362397760152803
TOTRESNS,2011-06-30,-0.0050650397315621376,-0.049141231924295398,-0.049141231924295398,-0.0050650397315621003,0.033038765192031798,0.033038765192031798
TOTRESNS,2011-07-31,0.014822270721197128,-0.0296056419610977,-0.0296056419610977,0.014822270721197101,0.053904976695775902,0.053904976695775902
TOTRESNS,2011-08-31,0.0089730247855186462,-0.036184154450893402,-0.036184154450893402,0.0089730247855185994,0.046948656439781099,0.046948656439781099
TOTRESNS,2011-09-30,0.0038210847415030003,-0.041289608925580902,-0.041289608925580902,0.0038210847415029998,0.042493708431720699,0.042493708431720699
TOTRESNS,2011-10-31,0.001955720130354166,-0.044176120311021798,-0.044176120311021798,0.0019557201303541001,0.042181562632322298,0.042181562632322298
TOTRESNS,2011-11-30,0.010311391204595566,-0.036039285361766801,-0.036039285361766801,0.0103113912045955,0.050849989056587198,0.050849989056587198
TOTRESNS,2011-12-31,0.011548453010618687,-0.035179547965526498,-0.035179547965526498,0.0115484530106186,0.052498724311590098,0.052498724311590098
TOTRESNS,2012-01-31,0.00063986406894400716,-0.045263674110174103,-0.045263674110174103,0.00063986424356690002,0.041272249072790097,0.041272249072790097
TOTRESNS,2012-02-29,-0.016497429460287094,-0.064171835780143696,-0.064171835780143696,-0.016497429460287,0.0249351328238844,0.0249351328238844
TOTRESNS,2012-03-31,0.016844362020492554,-0.0302692558616399,-0.0302692558616399,0.016844362020492502,0.057378280907869297,0.057378280907869297
TOTRESNS,2012-04-30,0.017755264416337013,-0.030457535758614498,-0.030457535758614498,0.017755264416336999,0.058492206037044497,0.058492206037044497
TOTRESNS,2012-05-31,-0.0014095505466684699,-0.049490898847579901,-0.049490898847579901,-0.0014095506630837,0.039316561073064797,0.039316561073064797
TOTRESNS,2012-06-30,-0.0015703719109296799,-0.049646314233541398,-0.049646314233541398,-0.0015703719109296001,0.039153110235929399,0.039153110235929399
TOTRESNS,2012-07-31,0.012891053222119808,-0.0353206545114517,-0.0353206545114517,0.0128910532221198,0.054164409637451102,0.054164409637451102
TOTRESNS,2012-08-31,0.0092968037351965904,-0.041320476680993999,-0.041320476680993999,0.0092968038516119001,0.050560846924781799,0.050560846924781799
TOTRESNS,2012-09-30,0.0060243960469961166,-0.044538412243127802,-0.044538412243127802,0.0060243961343076002,0.046709761023521403,0.046709761023521403
TOTRESNS,2012-10-31,0.0011080903932452202,-0.048906017094850499,-0.048906017094850499,0.0011080903932452,0.042425218969583497,0.042425218969583497
TOTRESNS,2012-11-30,0.0097600528970360756,-0.038139011710882097,-0.038139011710882097,0.0097600528970359993,0.049755319952964699,0.049755319952964699
TOTRESNS,2012-12-31,0.01067932415753603,-0.038126435130834503,-0.038126435130834503,0.010679324157536,0.051108613610267598,0.051108613610267598
TOTRESNS,2013-01-31,0.002757473848760128,-0.045832149684429099,-0.045832149684429099,0.0027574738487600998,0.044371992349624599,0.044371992349624599
TWEXAFEGSMTHx,2011-02-28,-0.005182875320315361,-0.025959363207221,-0.025959363207221,-0.0051828753203153003,0.015353434719145201,0.015353434719145201
TWEXAFEGSMTHx,2011-03-31,-0.0020267888903617859,-0.024291297420859299,-0.024291297420859299,-0.0020267888903617,0.019783437252044601,0.019783437252044601
TWEXAFEGSMTHx,2011-04-30,-0.0013074839953333139,-0.024371322244405701,-0.024371322244405701,-0.0013074837625026,0.021202726289629902,0.021202726289629902
TWEXAFEGSMTHx,2011-05-31,-0.0016186838038265705,-0.025156129151582701,-0.025156129151582701,-0.0016186838038265,0.0211797840893268,0.0211797840893268
TWEXAFEGSMTHx,2011-06-30,-0.0013139452785253525,-0.0250412076711654,-0.0250412076711654,-0.0013139452785253,0.021522313356399501,0.021522313356399501
TWEXAFEGSMTHx,2011-07-31,-0.0014809872955083847,-0.025378888472914599,-0.025378888472914599,-0.0014809872955082999,0.021576602011919001,0.021576602011919001
TWEXAFEGSMTHx,2011-08-31,-0.0014698968734592199,-0.025529867038130701,-0.025529867038130701,-0.0014698971062898001,0.021692279726266799,0.021692279726266799
TWEXAFEGSMTHx,2011-09-30,-0.0015964184422045946,-0.025735342875123,-0.025735342875123,-0.0015964182093739,0.021537231281399699,0.021537231281399699
TWEXAFEGSMTHx,2011-10-31,-0.00163990817964077,-0.025733759626746101,-0.025733759626746101,-0.0016399081796406999,0.021394502371549599,0.021394502371549599
TWEXAFEGSMTHx,2011-11-30,-0.0014376881299540401,-0.025710841640829998,-0.025710841640829998,-0.0014376882463693001,0.0215536151081323,0.0215536151081323
TWEXAFEGSMTHx,2011-12-31,-0.0012336303479969501,-0.025632718577980902,-0.025632718577980902,-0.0012336303479969001,0.0217574667185544,0.0217574667185544
TWEXAFEGSMTHx,2012-01-31,-0.0013460118789225817,-0.0258115511387586,-0.0258115511387586,-0.0013460116460919001,0.021612992510199502,0.021612992510199502
TWEXAFEGSMTHx,2012-02-29,-0.0015486502088606358,-0.026017038151621801,-0.026017038151621801,-0.0015486502088606,0.021344808861613201,0.021344808861613201
TWEXAFEGSMTHx,2012-03-31,-0.0013808854855597019,-0.026132807135581901,-0.026132807135581901,-0.0013808854855597,0.021943837404251099,0.021943837404251099
TWEXAFEGSMTHx,2012-04-30,-0.0015101849567145109,-0.0261036735028028,-0.0261036735028028,-0.0015101851895450999,0.0218873172998428,0.0218873172998428
TWEXAFEGSMTHx,2012-05-31,-0.0012962196487933397,-0.025953905656933701,-0.025953905656933701,-0.0012962194159626,0.0220759306102991,0.0220759306102991
TWEXAFEGSMTHx,2012-06-30,-0.00089367089094594121,-0.025446722283959299,-0.025446722283959299,-0.00089367106556889999,0.022439090535044601,0.022439090535044601
TWEXAFEGSMTHx,2012-07-31,-0.0009152909042313695,-0.025487527251243501,-0.025487527251243501,-0.00091529078781599996,0.022355947643518399,0.022355947643518399
TWEXAFEGSMTHx,2012-08-31,-0.0012057333951815963,-0.026166468858718799,-0.026166468858718799,-0.0012057335115969001,0.022425832226872399,0.022425832226872399
TWEXAFEGSMTHx,2012-09-30,-0.0013180873356759548,-0.026294503360986699,-0.026294503360986699,-0.0013180873356759,0.022455260157585099,0.022455260157585099
TWEXAFEGSMTHx,2012-10-31,-0.0014392375014722347,-0.026573384180664999,-0.026573384180664999,-0.0014392375014722,0.022235957905650101,0.022235957905650101
TWEXAFEGSMTHx,2012-11-30,-0.0012144307838752866,-0.0260945074260234,-0.0260945074260234,-0.0012144306674598999,0.022070899605750999,0.022070899605750999
TWEXAFEGSMTHx,2012-12-31,-0.0012020115973427892,-0.025990229099988899,-0.025990229099988899,-0.0012020114809273999,0.0220164153724908,0.0220164153724908
TWEXAFEGSMTHx,2013-01-31,-0.00089379050768911839,-0.025680184364318799,-0.025680184364318799,-0.00089379027485840003,0.0223351698368787,0.0223351698368787
UEMP15OV,2011-02-28,-0.0050921672955155373,-0.055888880044221802,-0.055888880044221802,-0.0050921672955155,0.046137459576129899,0.046137459576129899
UEMP15OV,2011-03-31,-0.0060244845226407051,-0.059346549212932503,-0.059346549212932503,-0.0060244845226406999,0.047749739140272099,0.047749739140272099
UEMP15OV,2011-04-30,-0.004840007983148098,-0.059659793972969,-0.059659793972969,-0.004840007983148,0.051206048578023897,0.051206048578023897
UEMP15OV,2011-05-31,-0.0037009110674262047,-0.059783414006233201,-0.059783414006233201,-0.0037009110674261999,0.053360812366008703,0.053360812366008703
UEMP15OV,2011-06-30,-0.0007734992541372776,-0.057763345539569799,-0.057763345539569799,-0.00077349971979849997,0.057433743029832798,0.057433743029832798
UEMP15OV,2011-07-31,-0.00084389373660087585,-0.059065729379653903,-0.059065729379653903,-0.00084389373660079996,0.058264613151550203,0.058264613151550203
UEMP15OV,2011-08-31,-8.1462785601615906e-05,-0.058914586901664699,-0.058914586901664699,-8.1462785601615906e-05,0.059529192745685501,0.059529192745685501
UEMP15OV,2011-09-30,0.00050059612840414047,-0.059190675616264302,-0.059190675616264302,0.00050059612840410003,0.060079652816057198,0.060079652816057198
UEMP15OV,2011-10-31,0.0012558489106595516,-0.058940194547176299,-0.058940194547176299,0.0012558484449981999,0.062379036098718602,0.062379036098718602
UEMP15OV,2011-11-30,0.0020345151424407959,-0.058868572115898098,-0.058868572115898098,0.0020345151424407001,0.063749670982360798,0.063749670982360798
UEMP15OV,2011-12-31,0.0030407635495066643,-0.058533109724521602,-0.058533109724521602,0.0030407635495066001,0.065485201776027596,0.065485201776027596
UEMP15OV,2012-01-31,0.0033282581716775894,-0.058322593569755499,-0.058322593569755499,0.0033282581716775001,0.065728090703487396,0.065728090703487396
UEMP15OV,2012-02-29,0.0037575715687125921,-0.057718813419341999,-0.057718813419341999,0.0037575718015431998,0.066725634038448306,0.066725634038448306
UEMP15OV,2012-03-31,0.004259033128619194,-0.0589799135923385,-0.0589799135923385,0.0042590331286191004,0.068166293203830705,0.068166293203830705
UEMP15OV,2012-04-30,0.0043427962809801102,-0.058992221951484597,-0.058992221951484597,0.0043427962809800998,0.068233512341976096,0.068233512341976096
UEMP15OV,2012-05-31,0.003868721192702651,-0.059524878859519903,-0.059524878859519903,0.0038687214255332001,0.068283393979072501,0.068283393979072501
UEMP15OV,2012-06-30,0.0044360850006341934,-0.059083774685859597,-0.059083774685859597,0.0044360850006340997,0.068440057337284005,0.068440057337284005
UEMP15OV,2012-07-31,0.0053274715319275856,-0.058020092546939801,-0.058020092546939801,0.0053274715319274997,0.0692251846194267,0.0692251846194267
UEMP15OV,2012-08-31,0.0049291104078292847,-0.059806667268276201,-0.059806667268276201,0.0049291104078291997,0.069680035114288302,0.069680035114288302
UEMP15OV,2012-09-30,0.004866315983235836,-0.060031026601791299,-0.060031026601791299,0.0048663159832357996,0.069636657834052998,0.069636657834052998
UEMP15OV,2012-10-31,0.0045760814100503922,-0.060233153402805301,-0.060233153402805301,0.0045760814100503002,0.069402001798152896,0.069402001798152896
UEMP15OV,2012-11-30,0.0042216526344418526,-0.059474378824234002,-0.059474378824234002,0.0042216526344417997,0.068609908223152105,0.068609908223152105
UEMP15OV,2012-12-31,0.0040945233777165413,-0.059400007128715501,-0.059400007128715501,0.0040945233777164997,0.068649277091026306,0.068649277091026306
UEMP15OV,2013-01-31,0.0036824224516749382,-0.060566708445548997,-0.060566708445548997,0.0036824224516749,0.068398937582969596,0.068398937582969596
UEMP15T26,2011-02-28,-0.00075000757351517677,-0.085257820785045596,-0.085257820785045596,-0.00075000710785380002,0.087476305663585593,0.087476305663585593
UEMP15T26,2011-03-31,-0.011102454736828804,-0.098678581416606903,-0.098678581416606903,-0.011102454736828801,0.080645710229873602,0.080645710229873602
UEMP15T26,2011-04-30,0.01381716039031744,-0.075484454631805406,-0.075484454631805406,0.013817161321640001,0.1076484099030494,0.1076484099030494
UEMP15T26,2011-05-31,0.0058414898812770844,-0.0847030654549598,-0.0847030654549598,0.0058414898812770002,0.1010818108916282,0.1010818108916282
UEMP15T26,2011-06-30,-0.0012301243841648102,-0.092314369976520497,-0.092314369976520497,-0.0012301243841648,0.095065146684646606,0.095065146684646606
UEMP15T26,2011-07-31,0.0063947271555662155,-0.085197143256664207,-0.085197143256664207,0.0063947271555661999,0.10350854694843289,0.10350854694843289
UEMP15T26,2011-08-31,-0.0016068802215158939,-0.093994311988353701,-0.093994311988353701,-0.0016068797558545999,0.095809377729892703,0.095809377729892703
UEMP15T26,2011-09-30,-0.0033196257427334785,-0.096259251236915505,-0.096259251236915505,-0.0033196248114109,0.093629501760005895,0.093629501760005895
UEMP15T26,2011-10-31,0.0029880334623157978,-0.089721009135246194,-0.089721009135246194,0.0029880329966545001,0.10159716010093681,0.10159716010093681
UEMP15T26,2011-11-30,0.0097374487668275833,-0.083507604897022206,-0.083507604897022206,0.0097374496981501007,0.10859610140323631,0.10859610140323631
UEMP15T26,2011-12-31,0.0093424208462238312,-0.082836255431175204,-0.082836255431175204,0.0093424208462238,0.1080378070473671,0.1080378070473671
UEMP15T26,2012-01-31,0.0065727615728974342,-0.0852832421660423,-0.0852832421660423,0.0065727625042200002,0.1045262962579727,0.1045262962579727
UEMP15T26,2012-02-29,0.0058017540723085403,-0.085246525704860604,-0.085246525704860604,0.0058017540723084996,0.1034923791885376,0.1034923791885376
UEMP15T26,2012-03-31,0.0079280221834778786,-0.085665993392467499,-0.085665993392467499,0.0079280231148003994,0.1053928509354591,0.1053928509354591
UEMP15T26,2012-04-30,0.0060340873897075653,-0.087019696831703103,-0.087019696831703103,0.0060340873897075003,0.1037913188338279,0.1037913188338279
UEMP15T26,2012-05-31,0.0053130923770368099,-0.086996898055076599,-0.086996898055076599,0.0053130928426980001,0.103637009859085,0.103637009859085
UEMP15T26,2012-06-30,0.0057253120467066765,-0.0864440202713012,-0.0864440202713012,0.0057253111153841001,0.10304179042577739,0.10304179042577739
UEMP15T26,2012-07-31,0.010497098788619041,-0.080897077918052604,-0.080897077918052604,0.010497097857296399,0.108411006629467,0.108411006629467
UEMP15T26,2012-08-31,0.010346574708819389,-0.081905819475650704,-0.081905819475650704,0.010346574708819299,0.10915883630514139,0.10915883630514139
UEMP15T26,2012-09-30,0.0093413526192307472,-0.083067543804645497,-0.083067543804645497,0.0093413516879080997,0.10799065977334971,0.10799065977334971
UEMP15T26,2012-10-31,0.0063501717522740364,-0.085578493773937198,-0.085578493773937198,0.006350171752274,0.1044684499502182,0.1044684499502182
UEMP15T26,2012-11-30,0.0026129914913326502,-0.088433898985385895,-0.088433898985385895,0.002612991258502,0.099421218037605202,0.099421218037605202
UEMP15T26,2012-12-31,0.0015458089765161276,-0.088941834867000497,-0.088941834867000497,0.0015458092093466999,0.097815386950969696,0.097815386950969696
UEMP15T26,2013-01-31,0.0024648364633321762,-0.089435577392578097,-0.089435577392578097,0.0024648364633320999,0.0992478057742118,0.0992478057742118
UEMP27OV,2011-02-28,-0.0038818800821900368,-0.0688735395669937,-0.0688735395669937,-0.0038818800821899999,0.063960604369640295,0.063960604369640295
UEMP27OV,2011-03-31,-0.0044149979948997498,-0.071528509259223896,-0.071528509259223896,-0.0044149979948997003,0.066665731370448997,0.066665731370448997
UEMP27OV,2011-04-30,-0.0014482196420431137,-0.0698813796043396,-0.0698813796043396,-0.0014482196420431,0.072183817625045693,0.072183817625045693
UEMP27OV,2011-05-31,0.00092153763398528099,-0.068889468908309895,-0.068889468908309895,0.00092153716832390001,0.075811557471752097,0.075811557471752097
UEMP27OV,2011-06-30,0.003423013724386692,-0.067193627357482896,-0.067193627357482896,0.0034230137243866001,0.079606771469116197,0.079606771469116197
UEMP27OV,2011-07-31,0.002762732096016407,-0.069146849215030601,-0.069146849215030601,0.0027627320960164001,0.079831995069980594,0.079831995069980594
UEMP27OV,2011-08-31,0.0022502057254314423,-0.071233756840229007,-0.071233756840229007,0.0022502057254314002,0.080310836434364305,0.080310836434364305
UEMP27OV,2011-09-30,0.0040228338912129402,-0.070610597729682895,-0.070610597729682895,0.0040228338912129003,0.0825311243534088,0.0825311243534088
UEMP27OV,2011-10-31,0.0040432838723063469,-0.070555694401264094,-0.070555694401264094,0.0040432838723063001,0.084125697612762396,0.084125697612762396
UEMP27OV,2011-11-30,0.005051860585808754,-0.070587754249572698,-0.070587754249572698,0.0050518605858087002,0.086309462785720797,0.086309462785720797
UEMP27OV,2011-12-31,0.0073921498842537403,-0.068691797554492895,-0.068691797554492895,0.0073921494185924001,0.089048646390437997,0.089048646390437997
UEMP27OV,2012-01-31,0.0082082180306315422,-0.067678838968276894,-0.067678838968276894,0.0082082180306315006,0.089763782918453203,0.089763782918453203
UEMP27OV,2012-02-29,0.010286531411111355,-0.064538076519966098,-0.064538076519966098,0.010286531411111299,0.092415973544120705,0.092415973544120705
UEMP27OV,2012-03-31,0.010905290022492409,-0.066052287817001301,-0.066052287817001301,0.0109052900224924,0.093540236353874207,0.093540236353874207
UEMP27OV,2012-04-30,0.011678269132971764,-0.065034307539463002,-0.065034307539463002,0.011678269132971699,0.094022989273071206,0.094022989273071206
UEMP27OV,2012-05-31,0.011281765066087246,-0.065712004899978596,-0.065712004899978596,0.0112817641347646,0.093420319259166704,0.093420319259166704
UEMP27OV,2012-06-30,0.012275746092200279,-0.064619295299053095,-0.064619295299053095,0.012275746092200199,0.093479275703430106,0.093479275703430106
UEMP27OV,2012-07-31,0.013944545760750771,-0.0629589408636093,-0.0629589408636093,0.013944545760750699,0.095130465924739796,0.095130465924739796
UEMP27OV,2012-08-31,0.014558646827936172,-0.064038082957267706,-0.064038082957267706,0.0145586477592587,0.097465746104717199,0.097465746104717199
UEMP27OV,2012-09-30,0.015531108714640141,-0.062837876379489899,-0.062837876379489899,0.015531108714640101,0.098750822246074593,0.098750822246074593
UEMP27OV,2012-10-31,0.014944374561309814,-0.063971072435379001,-0.063971072435379001,0.0149443750269711,0.098229005932807895,0.098229005932807895
UEMP27OV,2012-11-30,0.015199644491076469,-0.062845423817634499,-0.062845423817634499,0.015199644956737699,0.097839571535587297,0.097839571535587297
UEMP27OV,2012-12-31,0.015346527099609375,-0.062367439270019497,-0.062367439270019497,0.015346528030931899,0.097596988081931998,0.097596988081931998
UEMP27OV,2013-01-31,0.015301517210900784,-0.063302300870418493,-0.063302300870418493,0.015301517676562,0.0976363569498062,0.0976363569498062
UEMP5TO14,2011-02-28,0.024493008852005005,-0.040150377899408299,-0.040150377899408299,0.024493008852005001,0.090355239808559404,0.090355239808559404
UEMP5TO14,2011-03-31,-0.017593638971447945,-0.084468647837638799,-0.084468647837638799,-0.0175936389714479,0.051470607519149697,0.051470607519149697
UEMP5TO14,2011-04-30,-0.010555699467658997,-0.078713655471801702,-0.078713655471801702,-0.010555699467658899,0.059781342744827201,0.059781342744827201
UEMP5TO14,2011-05-31,0.01446203887462616,-0.054398812353610902,-0.054398812353610902,0.0144620384089648,0.086749173700809395,0.086749173700809395
UEMP5TO14,2011-06-30,-0.01376694068312645,-0.083294868469238198,-0.083294868469238198,-0.013766940683126399,0.058622498065233203,0.058622498065233203
UEMP5TO14,2011-07-31,-0.001426338916644454,-0.071239851415157304,-0.071239851415157304,-0.0014263391494750001,0.071812190115451799,0.071812190115451799
UEMP5TO14,2011-08-31,0.00072704092599451542,-0.069983385503292,-0.069983385503292,0.00072704069316379999,0.074277840554714203,0.074277840554714203
UEMP5TO14,2011-09-30,-0.009488394483923912,-0.080606944859027793,-0.080606944859027793,-0.0094883944839238999,0.064543455839157104,0.064543455839157104
UEMP5TO14,2011-10-31,-0.00056432490237057209,-0.071472547948360401,-0.071472547948360401,-0.00056432466953990003,0.0733756422996521,0.0733756422996521
UEMP5TO14,2011-11-30,0.00044623902067542076,-0.070904672145843506,-0.070904672145843506,0.00044623948633669999,0.074405632913112599,0.074405632913112599
UEMP5TO14,2011-12-31,-0.00081386789679527283,-0.072275370359420693,-0.072275370359420693,-0.00081386789679519997,0.073656953871250097,0.073656953871250097
UEMP5TO14,2012-01-31,0.00072017661295831203,-0.070901095867156899,-0.070901095867156899,0.00072017684578889996,0.075446479022502899,0.075446479022502899
UEMP5TO14,2012-02-29,0.0017683352343738079,-0.068914383649825994,-0.068914383649825994,0.001768335700035,0.075859248638153007,0.075859248638153007
UEMP5TO14,2012-03-31,0.00099425029475241899,-0.071128696203231798,-0.071128696203231798,0.00099425017833700002,0.0761289373040199,0.0761289373040199
UEMP5TO14,2012-04-30,0.00044271489605307579,-0.071355722844600594,-0.071355722844600594,0.0004427153617143,0.075925461947917897,0.075925461947917897
UEMP5TO14,2012-05-31,-3.5152537748217583e-05,-0.071810938417911502,-0.071810938417911502,-3.5152770578861237e-05,0.075915463268756797,0.075915463268756797
UEMP5TO14,2012-06-30,0.00048141344450414181,-0.0710008069872856,-0.0710008069872856,0.00048141367733470003,0.075871400535106603,0.075871400535106603
UEMP5TO14,2012-07-31,0.00071711535565555096,-0.070583194494247395,-0.070583194494247395,0.00071711558848609996,0.076531477272510501,0.076531477272510501
UEMP5TO14,2012-08-31,0.00034431321546435356,-0.071428619325160897,-0.071428619325160897,0.00034431368112559999,0.077590748667716897,0.077590748667716897
UEMP5TO14,2012-09-30,0.00063080387189984322,-0.070603244006633703,-0.070603244006633703,0.00063080340623849996,0.078587859869003296,0.078587859869003296
UEMP5TO14,2012-10-31,0.0014433406759053469,-0.070129029452800695,-0.070129029452800695,0.0014433404430747,0.078892238438129397,0.078892238438129397
UEMP5TO14,2012-11-30,0.0014436993515118957,-0.069559536874294198,-0.069559536874294198,0.0014436990022659,0.077422708272933904,0.077422708272933904
UEMP5TO14,2012-12-31,0.0012576843146234751,-0.0693547949194908,-0.0693547949194908,0.0012576840817928,0.076972648501396096,0.076972648501396096
UEMP5TO14,2013-01-31,0.0013024399522691965,-0.069358721375465393,-0.069358721375465393,0.0013024397194384999,0.077844046056270599,0.077844046056270599
UEMPLT5,2011-02-28,0.021861212328076363,-0.038690462708473199,-0.038690462708473199,0.0218612123280763,0.0832933709025383,0.0832933709025383
UEMPLT5,2011-03-31,-0.0079949777573347092,-0.070411711931228596,-0.070411711931228596,-0.0079949777573347005,0.055931735783815301,0.055931735783815301
UEMPLT5,2011-04-30,0.0076666111126542091,-0.0565942637622356,-0.0565942637622356,0.0076666115783154002,0.073139078915119102,0.073139078915119102
UEMPLT5,2011-05-31,-0.0016032940475270152,-0.066379152238368905,-0.066379152238368905,-0.0016032941639423,0.065244898200035095,0.065244898200035095
UEMPLT5,2011-06-30,0.006810944527387619,-0.0588949993252754,-0.0588949993252754,0.0068109445273875999,0.074753209948539706,0.074753209948539706
UEMPLT5,2011-07-31,-0.012892377562820911,-0.079634815454483004,-0.079634815454483004,-0.012892377562820899,0.055449727922677897,0.055449727922677897
UEMPLT5,2011-08-31,0.008090384304523468,-0.059212453663349103,-0.059212453663349103,0.0080903838388620992,0.077422060072422,0.077422060072422
UEMPLT5,2011-09-30,-0.0048996093682944775,-0.071903206408023806,-0.071903206408023806,-0.0048996098339556997,0.064726501703262301,0.064726501703262301
UEMPLT5,2011-10-31,-0.0010929022682830691,-0.069167517125606495,-0.069167517125606495,-0.0010929023846983001,0.068928711116313907,0.068928711116313907
UEMPLT5,2011-11-30,-0.00095671217422932386,-0.069369055330753299,-0.069369055330753299,-0.00095671229064460005,0.069405525922775199,0.069405525922775199
UEMPLT5,2011-12-31,-0.00060294091235846281,-0.069389730691909707,-0.069389730691909707,-0.00060294102877369996,0.069745428860187503,0.069745428860187503
UEMPLT5,2012-01-31,-0.0001836997689679265,-0.068795539438724504,-0.068795539438724504,-0.00018369965255260001,0.070141300559043801,0.070141300559043801
UEMPLT5,2012-02-29,-0.001775687444023788,-0.070221871137619005,-0.070221871137619005,-0.0017756875604391,0.068436905741691506,0.068436905741691506
UEMPLT5,2012-03-31,-5.2521238103508949e-05,-0.0690639093518257,-0.0690639093518257,-5.2521005272865295e-05,0.071363359689712497,0.071363359689712497
UEMPLT5,2012-04-30,-0.00064338964875787497,-0.069437220692634499,-0.069437220692634499,-0.00064338929951190005,0.070757418870925903,0.070757418870925903
UEMPLT5,2012-05-31,-0.00090106984134763479,-0.069752812385558999,-0.069752812385558999,-0.00090106949210160003,0.070294119417667306,0.070294119417667306
UEMPLT5,2012-06-30,-0.0020627151243388653,-0.070995867252349798,-0.070995867252349798,-0.0020627155900001001,0.068460091948509202,0.068460091948509202
UEMPLT5,2012-07-31,-0.00098777643870562315,-0.069561742246150901,-0.069561742246150901,-0.00098777655512090009,0.069626718759536702,0.069626718759536702
UEMPLT5,2012-08-31,-0.00072597176767885685,-0.070022270083427401,-0.070022270083427401,-0.00072597153484819997,0.070449151098728097,0.070449151098728097
UEMPLT5,2012-09-30,-0.00091619195882230997,-0.069821558892726898,-0.069821558892726898,-0.00091619230806819999,0.069794587790966006,0.069794587790966006
UEMPLT5,2012-10-31,-0.00041137088555842638,-0.069664046168327304,-0.069664046168327304,-0.0004113707691431,0.069882333278656006,0.069882333278656006
UEMPLT5,2012-11-30,-0.00050995650235563517,-0.069221153855323694,-0.069221153855323694,-0.0005099568516016,0.069090336561203003,0.069090336561203003
UEMPLT5,2012-12-31,-0.0012955280253663659,-0.070136837661266299,-0.070136837661266299,-0.0012955283746122999,0.068150766193866702,0.068150766193866702
UEMPLT5,2013-01-31,-0.0013390659587457776,-0.070558749139308902,-0.070558749139308902,-0.0013390658423304001,0.068350449204444802,0.068350449204444802
UEMPMEAN,2011-02-28,0.19091311097145081,-0.81795030832290649,-0.81795030832290649,0.19091310352087021,1.3133426904678345,1.3133426904678345
UEMPMEAN,2011-03-31,0.44059041142463684,-0.62912702560424805,-0.62912702560424805,0.44059041142463679,1.6442002058029177,1.6442002058029177
UEMPMEAN,2011-04-30,0.24319843947887421,-0.85396623611450195,-0.85396623611450195,0.24319844320416451,1.491706371307373,1.491706371307373
UEMPMEAN,2011-05-31,0.70658951997756958,-0.4118446409702301,-0.4118446409702301,0.70658951997756958,1.9864252805709841,1.9864252805709841
UEMPMEAN,2011-06-30,0.55333888530731201,-0.55630183219909668,-0.55630183219909668,0.55333888530731201,1.854157567024231,1.854157567024231
UEMPMEAN,2011-07-31,0.48085123300552368,-0.65116065740585327,-0.65116065740585327,0.48085123300552368,1.7871975898742676,1.7871975898742676
UEMPMEAN,2011-08-31,0.50464057922363281,-0.6528470516204834,-0.6528470516204834,0.50464057922363281,1.8318606615066528,1.8318606615066528
UEMPMEAN,2011-09-30,0.39323171973228455,-0.78701013326644897,-0.78701013326644897,0.39323171973228449,1.7523511648178101,1.7523511648178101
UEMPMEAN,2011-10-31,0.47942379117012024,-0.67275893688201904,-0.67275893688201904,0.47942379117012018,1.8374316692352295,1.8374316692352295
UEMPMEAN,2011-11-30,0.35654038190841675,-0.80007374286651611,-0.80007374286651611,0.35654038190841669,1.7191469669342041,1.7191469669342041
UEMPMEAN,2011-12-31,0.43661868572235107,-0.72490990161895752,-0.72490990161895752,0.43661868572235107,1.8102554082870483,1.8102554082870483
UEMPMEAN,2012-01-31,0.34089699387550354,-0.82243794202804565,-0.82243794202804565,0.34089699387550348,1.7362023591995239,1.7362023591995239
UEMPMEAN,2012-02-29,0.37496271729469299,-0.74852520227432251,-0.74852520227432251,0.37496271729469299,1.7586489915847778,1.7586489915847778
UEMPMEAN,2012-03-31,0.39569360017776489,-0.76739716529846191,-0.76739716529846191,0.39569360017776489,1.8143407106399536,1.8143407106399536
UEMPMEAN,2012-04-30,0.37735018134117126,-0.79549169540405273,-0.79549169540405273,0.37735018134117121,1.7956557273864746,1.7956557273864746
UEMPMEAN,2012-05-31,0.31895753741264343,-0.85434532165527344,-0.85434532165527344,0.31895754486322397,1.7446222305297852,1.7446222305297852
UEMPMEAN,2012-06-30,0.37732759118080139,-0.79325807094573975,-0.79325807094573975,0.37732759118080139,1.80824875831604,1.80824875831604
UEMPMEAN,2012-07-31,0.39076346158981323,-0.76326698064804077,-0.76326698064804077,0.39076346158981318,1.8287510871887207,1.8287510871887207
UEMPMEAN,2012-08-31,0.35179868340492249,-0.7969125509262085,-0.7969125509262085,0.35179867595434189,1.826361298561096,1.826361298561096
UEMPMEAN,2012-09-30,0.3500155508518219,-0.80795139074325562,-0.80795139074325562,0.3500155508518219,1.8246190547943115,1.8246190547943115
UEMPMEAN,2012-10-31,0.32767152786254883,-0.82201039791107178,-0.82201039791107178,0.32767152786254877,1.7977867126464844,1.7977867126464844
UEMPMEAN,2012-11-30,0.33594042062759399,-0.80119848251342773,-0.80119848251342773,0.3359404131770134,1.801924467086792,1.801924467086792
UEMPMEAN,2012-12-31,0.3239484429359436,-0.80058509111404419,-0.80058509111404419,0.3239484429359436,1.7884924411773682,1.7884924411773682
UEMPMEAN,2013-01-31,0.32630959153175354,-0.7921939492225647,-0.7921939492225647,0.32630959898233408,1.7801008224487305,1.7801008224487305
UMCSENTx,2011-02-28,-0.61290955543518066,-5.0019526481628418,-5.0019526481628418,-0.61290955543518066,3.7376279830932617,3.7376279830932617
UMCSENTx,2011-03-31,0.14043624699115753,-4.3916683197021484,-4.3916683197021484,0.14043623208999631,4.692924976348877,4.692924976348877
UMCSENTx,2011-04-30,-0.30245742201805115,-4.9649066925048828,-4.9649066925048828,-0.30245745182037348,4.3988361358642578,4.3988361358642578
UMCSENTx,2011-05-31,0.30581158399581909,-4.4486665725708008,-4.4486665725708008,0.30581158399581909,5.1754670143127441,5.1754670143127441
UMCSENTx,2011-06-30,1.0212199687957764,-3.8544375896453857,-3.8544375896453857,1.021219976246357,5.971348762512207,5.971348762512207
UMCSENTx,2011-07-31,0.20714317262172699,-4.6794261932373047,-4.6794261932373047,0.2071431875228881,5.1792049407958984,5.1792049407958984
UMCSENTx,2011-08-31,-0.37145254015922546,-5.2659807205200195,-5.2659807205200195,-0.3714525699615478,4.6626100540161133,4.6626100540161133
UMCSENTx,2011-09-30,-0.38844320178031921,-5.2453885078430176,-5.2453885078430176,-0.3884432315826416,4.6440982818603516,4.6440982818603516
UMCSENTx,2011-10-31,-1.0006674528121948,-5.928253173828125,-5.928253173828125,-1.0006674528121948,4.1187782287597656,4.1187782287597656
UMCSENTx,2011-11-30,-0.60192525386810303,-5.5662269592285156,-5.5662269592285156,-0.60192525386810303,4.5345902442932129,4.5345902442932129
UMCSENTx,2011-12-31,0.40637505054473877,-4.5845761299133301,-4.5845761299133301,0.40637505054473871,5.6120772361755371,5.6120772361755371
UMCSENTx,2012-01-31,1.1095355749130249,-3.8863673210144039,-3.8863673210144039,1.1095356047153473,6.2856416702270508,6.2856416702270508
UMCSENTx,2012-02-29,-0.66250085830688477,-5.5915613174438477,-5.5915613174438477,-0.66250085830688477,4.4635162353515625,4.4635162353515625
UMCSENTx,2012-03-31,0.12529368698596954,-4.8337850570678711,-4.8337850570678711,0.12529367208480829,5.2946529388427734,5.2946529388427734
UMCSENTx,2012-04-30,-0.63552999496459961,-5.5629658699035645,-5.5629658699035645,-0.63552999496459961,4.567807674407959,4.567807674407959
UMCSENTx,2012-05-31,0.1188475638628006,-4.8007469177246094,-4.8007469177246094,0.1188475489616394,5.2779092788696289,5.2779092788696289
UMCSENTx,2012-06-30,0.50235164165496826,-4.4376506805419922,-4.4376506805419922,0.50235167145729065,5.6443886756896973,5.6443886756896973
UMCSENTx,2012-07-31,0.28946873545646667,-4.626894474029541,-4.626894474029541,0.28946876525878901,5.4202508926391602,5.4202508926391602
UMCSENTx,2012-08-31,-0.086454883217811584,-5.0544133186340332,-5.0544133186340332,-0.086454868316650293,5.1145052909851074,5.1145052909851074
UMCSENTx,2012-09-30,0.28813949227333069,-4.6257095336914062,-4.6257095336914062,0.2881394624710083,5.4436807632446289,5.4436807632446289
UMCSENTx,2012-10-31,-0.72893428802490234,-5.729616641998291,-5.729616641998291,-0.72893428802490234,4.4548473358154297,4.4548473358154297
UMCSENTx,2012-11-30,0.46040135622024536,-4.4280529022216797,-4.4280529022216797,0.46040135622024531,5.5123171806335449,5.5123171806335449
UMCSENTx,2012-12-31,0.26415538787841797,-4.6677331924438477,-4.6677331924438477,0.26415538787841791,5.325833797454834,5.325833797454834
UMCSENTx,2013-01-31,0.61830615997314453,-4.329930305480957,-4.329930305480957,0.61830615997314453,5.6812686920166016,5.6812686920166016
UNRATE,2011-02-28,-0.052611004561185837,-0.25384113192558289,-0.25384113192558289,-0.052611004561185802,0.15383186936378479,0.15383186936378479
UNRATE,2011-03-31,-0.049144040793180466,-0.25998345017433161,-0.25998345017433161,-0.049144040793180403,0.16491271555423731,0.16491271555423731
UNRATE,2011-04-30,-0.045893996953964233,-0.25849530100822449,-0.25849530100822449,-0.045893996953964199,0.17536346614360809,0.17536346614360809
UNRATE,2011-05-31,-0.043826747685670853,-0.25915127992629999,-0.25915127992629999,-0.043826747685670797,0.18138325214385981,0.18138325214385981
UNRATE,2011-06-30,-0.039643362164497375,-0.2553687691688537,-0.2553687691688537,-0.039643362164497299,0.18863622844219199,0.18863622844219199
UNRATE,2011-07-31,-0.038060124963521957,-0.25594517588615417,-0.25594517588615417,-0.038060124963521902,0.19142100214958191,0.19142100214958191
UNRATE,2011-08-31,-0.033588729798793793,-0.25311285257339478,-0.25311285257339478,-0.033588729798793703,0.19858618080615989,0.19858618080615989
UNRATE,2011-09-30,-0.02706523984670639,-0.25010338425636292,-0.25010338425636292,-0.0270652398467063,0.20681442320346829,0.20681442320346829
UNRATE,2011-10-31,-0.02190617099404335,-0.24218471348285669,-0.24218471348285669,-0.021906170994043302,0.21495907008647919,0.21495907008647919
UNRATE,2011-11-30,-0.013540042564272881,-0.23783586919307709,-0.23783586919307709,-0.0135400407016277,0.226833701133728,0.226833701133728
UNRATE,2011-12-31,-0.0052011441439390182,-0.23243637382984161,-0.23243637382984161,-0.0052011460065840998,0.24043469130992889,0.24043469130992889
UNRATE,2012-01-31,-0.00039094965904951096,-0.23271177709102631,-0.23271177709102631,-0.00039095059037199997,0.24796523153781891,0.24796523153781891
UNRATE,2012-02-29,0.0065183984115719795,-0.2253105491399765,-0.2253105491399765,0.0065183974802493997,0.2563420832157135,0.2563420832157135
UNRATE,2012-03-31,0.012175454758107662,-0.22295476496219629,-0.22295476496219629,0.0121754556894302,0.26362326741218561,0.26362326741218561
UNRATE,2012-04-30,0.013152304105460644,-0.22204899787902829,-0.22204899787902829,0.013152305036783199,0.2655912041664123,0.2655912041664123
UNRATE,2012-05-31,0.014442682266235352,-0.21957394480705261,-0.21957394480705261,0.0144426822662353,0.26714339852333069,0.26714339852333069
UNRATE,2012-06-30,0.014600381255149841,-0.2182318568229675,-0.2182318568229675,0.0146003812551498,0.26617699861526489,0.26617699861526489
UNRATE,2012-07-31,0.018777580931782722,-0.2134410738945007,-0.2134410738945007,0.0187775790691375,0.26989752054214478,0.26989752054214478
UNRATE,2012-08-31,0.022318694740533829,-0.2133412361145019,-0.2133412361145019,0.022318694740533801,0.27923274040222168,0.27923274040222168
UNRATE,2012-09-30,0.020691279321908951,-0.21222478151321411,-0.21222478151321411,0.020691279321908899,0.27775225043296808,0.27775225043296808
UNRATE,2012-10-31,0.014148697257041931,-0.2160794734954834,-0.2160794734954834,0.0141486972570419,0.2678509652614593,0.2678509652614593
UNRATE,2012-11-30,0.010603614151477814,-0.21240751445293421,-0.21240751445293421,0.0106036141514778,0.26099783182144159,0.26099783182144159
UNRATE,2012-12-31,0.004895760677754879,-0.2139633446931839,-0.2139633446931839,0.0048957616090773998,0.25344964861869812,0.25344964861869812
UNRATE,2013-01-31,-0.0030279075726866722,-0.22363476455211639,-0.22363476455211639,-0.0030279085040092,0.24381525814533231,0.24381525814533231
USCONS,2011-02-28,-0.0036195255815982819,-0.0104804281145334,-0.0104804281145334,-0.0036195255815981999,0.0031576800392939999,0.0031576800392939999
USCONS,2011-03-31,-0.0032302462495863438,-0.0107690831646323,-0.0107690831646323,-0.0032302462495863,0.0041326903738081004,0.0041326903738081004
USCONS,2011-04-30,-0.0030624805949628353,-0.011046834290027599,-0.011046834290027599,-0.0030624805949628002,0.0045944014564156003,0.0045944014564156003
USCONS,2011-05-31,-0.0027671083807945251,-0.011069088242948,-0.011069088242948,-0.0027671083807945,0.0051385443657636001,0.0051385443657636001
USCONS,2011-06-30,-0.0024417680688202381,-0.0109622972086071,-0.0109622972086071,-0.0024417680688201999,0.0056133968755602004,0.0056133968755602004
USCONS,2011-07-31,-0.002103815320879221,-0.010908586904406501,-0.010908586904406501,-0.0021038153208792001,0.0062307151965796002,0.0062307151965796002
USCONS,2011-08-31,-0.0019432267872616649,-0.0110002728179097,-0.0110002728179097,-0.0019432267872616,0.0066326181404292002,0.0066326181404292002
USCONS,2011-09-30,-0.001923567964695394,-0.0112866461277008,-0.0112866461277008,-0.0019235679646952999,0.0070066396147011999,0.0070066396147011999
USCONS,2011-10-31,-0.0019204110139980912,-0.0115433810278773,-0.0115433810278773,-0.0019204110139979999,0.0069772442802786003,0.0069772442802786003
USCONS,2011-11-30,-0.0020493092015385628,-0.0118263782933354,-0.0118263782933354,-0.0020493092015384999,0.0070046312175690998,0.0070046312175690998
USCONS,2011-12-31,-0.0020558764226734638,-0.011999531649053,-0.011999531649053,-0.0020558764226734001,0.0070587606169283,0.0070587606169283
USCONS,2012-01-31,-0.0020149038173258305,-0.012031988240778399,-0.012031988240778399,-0.0020149038173258001,0.0072513842023908997,0.0072513842023908997
USCONS,2012-02-29,-0.0020339321345090866,-0.012163557112216899,-0.012163557112216899,-0.0020339321345089999,0.0069702062755822997,0.0069702062755822997
USCONS,2012-03-31,-0.002073940820991993,-0.0123534835875034,-0.0123534835875034,-0.0020739408209919001,0.0071985893882811,0.0071985893882811
USCONS,2012-04-30,-0.0020234081894159317,-0.012461113743483999,-0.012461113743483999,-0.0020234081894159,0.0072929686866699999,0.0072929686866699999
USCONS,2012-05-31,-0.0020968280732631683,-0.012587109580636,-0.012587109580636,-0.0020968280732630998,0.0072596590034663001,0.0072596590034663001
USCONS,2012-06-30,-0.002110364381223917,-0.012550046667456599,-0.012550046667456599,-0.0021103643812239001,0.0072691855020820999,0.0072691855020820999
USCONS,2012-07-31,-0.0021554422564804554,-0.0125552099198102,-0.0125552099198102,-0.0021554422564803999,0.0070450487546621999,0.0070450487546621999
USCONS,2012-08-31,-0.002075565978884697,-0.0127262137830257,-0.0127262137830257,-0.0020755659788845998,0.0073270560242235001,0.0073270560242235001
USCONS,2012-09-30,-0.0021876255050301552,-0.0129575869068503,-0.0129575869068503,-0.0021876255050301001,0.0073154345154761999,0.0073154345154761999
USCONS,2012-10-31,-0.0021729329600930214,-0.012886658310890101,-0.012886658310890101,-0.0021729329600930001,0.0072523420676589003,0.0072523420676589003
USCONS,2012-11-30,-0.0023440560325980186,-0.0131373200565576,-0.0131373200565576,-0.002344056032598,0.0069792927242815,0.0069792927242815
USCONS,2012-12-31,-0.0025432142429053783,-0.013378114439546999,-0.013378114439546999,-0.0025432142429052998,0.0068648555316029999,0.0068648555316029999
USCONS,2013-01-31,-0.0024864273145794868,-0.013316280208528,-0.013316280208528,-0.0024864273145794001,0.0071501419879496002,0.0071501419879496002
USFIRE,2011-02-28,0.00012238824274390936,-0.0014952218625693999,-0.0014952218625693999,0.00012238824274390001,0.0015908022178336,0.0015908022178336
USFIRE,2011-03-31,0.00019227887969464064,-0.0016110120341181,-0.0016110120341181,0.00019227887969460001,0.0018022528383879999,0.0018022528383879999
USFIRE,2011-04-30,0.00017843768000602722,-0.001773530151695,-0.001773530151695,0.00017843768000600001,0.0018999719759449001,0.0018999719759449001
USFIRE,2011-05-31,0.00016789545770734549,-0.0018969122320413,-0.0018969122320413,0.0001678954577073,0.0020011020824312999,0.0020011020824312999
USFIRE,2011-06-30,0.00018095853738486767,-0.0019765764009207001,-0.0019765764009207001,0.00018095853738479999,0.0021087287459522,0.0021087287459522
USFIRE,2011-07-31,0.00018515181727707386,-0.0020808549597859001,-0.0020808549597859001,0.000185151817277,0.0022172550670801999,0.0022172550670801999
USFIRE,2011-08-31,0.00024644425138831139,-0.0020894268527625998,-0.0020894268527625998,0.0002464442513883,0.0023614014498889,0.0023614014498889
USFIRE,2011-09-30,0.00030155468266457319,-0.0021054707467556,-0.0021054707467556,0.00030155468266450001,0.0024803322739898998,0.0024803322739898998
USFIRE,2011-10-31,0.00029671681113541126,-0.0021988621447234999,-0.0021988621447234999,0.00029671681113539999,0.0025396132841705998,0.0025396132841705998
USFIRE,2011-11-30,0.00031918112654238939,-0.0022457370068876999,-0.0022457370068876999,0.0003191811265423,0.0026431502774357002,0.0026431502774357002
USFIRE,2011-12-31,0.00032061454840004444,-0.0022849470842628999,-0.0022849470842628999,0.00032061454839999999,0.0026894537732004998,0.0026894537732004998
USFIRE,2012-01-31,0.00030939467251300812,-0.0023417973425238999,-0.0023417973425238999,0.00030939467251299999,0.0027323369868099,0.0027323369868099
USFIRE,2012-02-29,0.00032681808806955814,-0.0023405153769999001,-0.0023405153769999001,0.00032681808806949998,0.0027113528922199999,0.0027113528922199999
USFIRE,2012-03-31,0.00032157811801880598,-0.0024477320257573999,-0.0024477320257573999,0.00032157811801880002,0.0028135993052273,0.0028135993052273
USFIRE,2012-04-30,0.00034312880598008633,-0.0024280056823044998,-0.0024280056823044998,0.00034312880598000002,0.0028704998549073002,0.0028704998549073002
USFIRE,2012-05-31,0.00034307653550058603,-0.0024502931628375998,-0.0024502931628375998,0.0003430765355005,0.0029246881604193999,0.0029246881604193999
USFIRE,2012-06-30,0.00034855189733207226,-0.0024719208013266,-0.0024719208013266,0.000348551897332,0.0029331422410905001,0.0029331422410905001
USFIRE,2012-07-31,0.00034712546039372683,-0.0025007200893014002,-0.0025007200893014002,0.00034712546039369999,0.0029574800282716001,0.0029574800282716001
USFIRE,2012-08-31,0.0003727317089214921,-0.0025555624160915002,-0.0025555624160915002,0.0003727317089214,0.0030826302245258999,0.0030826302245258999
USFIRE,2012-09-30,0.00039644364733248949,-0.0025519693735985998,-0.0025519693735985998,0.00039644364733239999,0.0031383330933748999,0.0031383330933748999
USFIRE,2012-10-31,0.00040647410787642002,-0.002573317149654,-0.002573317149654,0.00040647410787640002,0.0031568680424242999,0.0031568680424242999
USFIRE,2012-11-30,0.00040934642311185598,-0.0025520578492432,-0.0025520578492432,0.00040934642311179998,0.0031559965573251,0.0031559965573251
USFIRE,2012-12-31,0.00041595101356506348,-0.0025463418569415001,-0.0025463418569415001,0.000415951013565,0.0031635705381631001,0.0031635705381631001
USFIRE,2013-01-31,0.00042319088242948055,-0.0025742037687450001,-0.0025742037687450001,0.0004231908824294,0.0031931400299072001,0.0031931400299072001
USGOOD,2011-02-28,-0.00034010352101176977,-0.0030259836930781,-0.0030259836930781,-0.0003401035210117,0.0021765124984085,0.0021765124984085
USGOOD,2011-03-31,-0.00039556334377266467,-0.0032610944472253002,-0.0032610944472253002,-0.00039556334377259999,0.0022379620932042,0.0022379620932042
USGOOD,2011-04-30,-0.00053133984329178929,-0.0036568362265824998,-0.0036568362265824998,-0.00053133984329169996,0.0021026337053625999,0.0021026337053625999
USGOOD,2011-05-31,-0.00056922185467556119,-0.0039185900241135996,-0.0039185900241135996,-0.00056922185467550004,0.0021172321867197002,0.0021172321867197002
USGOOD,2011-06-30,-0.0006608744733966887,-0.0040657953359185999,-0.0040657953359185999,-0.00066087447339660001,0.0020930911414324999,0.0020930911414324999
USGOOD,2011-07-31,-0.00063760962802916765,-0.0042428313754497996,-0.0042428313754497996,-0.0006376096280291,0.0021896124817430002,0.0021896124817430002
USGOOD,2011-08-31,-0.00069099134998396039,-0.0044630030170083003,-0.0044630030170083003,-0.0006909913499839,0.0022622596006839999,0.0022622596006839999
USGOOD,2011-09-30,-0.00076143658952787519,-0.0047220047563314004,-0.0047220047563314004,-0.00076143658952780005,0.0023604121524839999,0.0023604121524839999
USGOOD,2011-10-31,-0.00081676978152245283,-0.0048698238097131001,-0.0048698238097131001,-0.00081676978152240003,0.0022532031871378001,0.0022532031871378001
USGOOD,2011-11-30,-0.00093321094755083323,-0.0050747441127895997,-0.0050747441127895997,-0.00093321094755080005,0.0022366638295351999,0.0022366638295351999
USGOOD,2011-12-31,-0.0011115313973277807,-0.005375905893743,-0.005375905893743,-0.0011115313973277001,0.0021557672880588999,0.0021557672880588999
USGOOD,2012-01-31,-0.0012142739724367857,-0.0055659874342381,-0.0055659874342381,-0.0012142739724367,0.0021205365192145001,0.0021205365192145001
USGOOD,2012-02-29,-0.0013430612161755562,-0.0057101109996438,-0.0057101109996438,-0.0013430612161755,0.0019261309644207001,0.0019261309644207001
USGOOD,2012-03-31,-0.001490824855864048,-0.0059033092111349002,-0.0059033092111349002,-0.0014908248558640001,0.0018766954308375001,0.0018766954308375001
USGOOD,2012-04-30,-0.0016099135391414165,-0.0060354005545377003,-0.0060354005545377003,-0.0016099135391414001,0.0018712758319451999,0.0018712758319451999
USGOOD,2012-05-31,-0.0016081344801932573,-0.0061309090815484003,-0.0061309090815484003,-0.0016081344801932001,0.0018989517120643999,0.0018989517120643999
USGOOD,2012-06-30,-0.0017595872050151229,-0.0062888446263967999,-0.0062888446263967999,-0.0017595872050150999,0.0017876481579151,0.0017876481579151
USGOOD,2012-07-31,-0.0019198886584490538,-0.0064405431039631002,-0.0064405431039631002,-0.001919888658449,0.001610245933989,0.001610245933989
USGOOD,2012-08-31,-0.0018934488762170076,-0.0065575516782700998,-0.0065575516782700998,-0.001893448876217,0.0018333444313611,0.0018333444313611
USGOOD,2012-09-30,-0.0019398169824853539,-0.0066842380911110999,-0.0066842380911110999,-0.0019398169824853,0.0018182680069003,0.0018182680069003
USGOOD,2012-10-31,-0.0019373655086383224,-0.0067206458188592997,-0.0067206458188592997,-0.0019373655086383,0.0018155575671698,0.0018155575671698
USGOOD,2012-11-30,-0.0020209236536175013,-0.0068869688548147002,-0.0068869688548147002,-0.0020209236536175,0.0016996491176540999,0.0016996491176540999
USGOOD,2012-12-31,-0.0020443738903850317,-0.0069070947356521997,-0.0069070947356521997,-0.002044373890385,0.0018009637424256,0.0018009637424256
USGOOD,2013-01-31,-0.0020571574568748474,-0.0069528734311460998,-0.0069528734311460998,-0.0020571574568748001,0.001812652364606,0.001812652364606
USGOVT,2011-02-28,-0.00030149298254400492,-0.0023059234954416002,-0.0023059234954416002,-0.00030149298254399998,0.0016543080564588,0.0016543080564588
USGOVT,2011-03-31,-0.00030168180819600821,-0.0025564029347151002,-0.0025564029347151002,-0.00030168180819600002,0.001837762305513,0.001837762305513
USGOVT,2011-04-30,-0.00022492266725748777,-0.0025943771470338002,-0.0025943771470338002,-0.00022492266725740001,0.0020124483853577999,0.0020124483853577999
USGOVT,2011-05-31,-9.2651345767080784e-05,-0.0025031231343745999,-0.0025031231343745999,-9.2651345767080784e-05,0.0021693110466003002,0.0021693110466003002
USGOVT,2011-06-30,-6.1261933296918869e-05,-0.0025376782286911999,-0.0025376782286911999,-6.1261933296918869e-05,0.0022343285381793,0.0022343285381793
USGOVT,2011-07-31,6.73648901283741e-06,-0.0025159227661788,-0.0025159227661788,6.73648901283741e-06,0.0023335143923759001,0.0023335143923759001
USGOVT,2011-08-31,-3.0936673283576965e-05,-0.0025964770466089001,-0.0025964770466089001,-3.0936673283576965e-05,0.0022842255420982001,0.0022842255420982001
USGOVT,2011-09-30,1.2132804840803146e-05,-0.0026131246704607998,-0.0026131246704607998,1.2132804840803146e-05,0.0023512730840593,0.0023512730840593
USGOVT,2011-10-31,0.00020716385915875435,-0.0024799956008791,-0.0024799956008791,0.0002071638591587,0.0026117991656063998,0.0026117991656063998
USGOVT,2011-11-30,0.00021145970094949007,-0.0024884128943084998,-0.0024884128943084998,0.0002114597009494,0.0026418948546050999,0.0026418948546050999
USGOVT,2011-12-31,0.00025628827279433608,-0.0024754309561103001,-0.0024754309561103001,0.00025628827279429998,0.0026851112488657002,0.0026851112488657002
USGOVT,2012-01-31,0.00028765288880094886,-0.0024331130553036,-0.0024331130553036,0.00028765288880090001,0.0026952908374369001,0.0026952908374369001
USGOVT,2012-02-29,0.00031793286325410008,-0.0024625519290566002,-0.0024625519290566002,0.00031793286325409998,0.0027825064025818998,0.0027825064025818998
USGOVT,2012-03-31,0.0003582409699447453,-0.0024310955777763999,-0.0024310955777763999,0.00035824096994469998,0.0028349631465971002,0.0028349631465971002
USGOVT,2012-04-30,0.00039470137562602758,-0.0024529839865862998,-0.0024529839865862998,0.00039470137562599999,0.0028876787982881,0.0028876787982881
USGOVT,2012-05-31,0.00044397905003279448,-0.0024225076194852001,-0.0024225076194852001,0.00044397905003269999,0.0029575033113360002,0.0029575033113360002
USGOVT,2012-06-30,0.00023183028679341078,-0.0026523962151259002,-0.0026523962151259002,0.00023183028679339999,0.0027276009786873999,0.0027276009786873999
USGOVT,2012-07-31,0.00020179466810077429,-0.0026890581939369002,-0.0026890581939369002,0.00020179466810069999,0.0027067007031290999,0.0027067007031290999
USGOVT,2012-08-31,0.00020630622748285532,-0.0027245620731264002,-0.0027245620731264002,0.0002063062274828,0.0027059230487792999,0.0027059230487792999
USGOVT,2012-09-30,0.00022862071637064219,-0.0026926521677523001,-0.0026926521677523001,0.00022862071637060001,0.0027428152970969,0.0027428152970969
USGOVT,2012-10-31,0.0004047499387525022,-0.0024300189688801002,-0.0024300189688801002,0.00040474993875249998,0.0028181551024317,0.0028181551024317
USGOVT,2012-11-30,0.00053528806893154979,-0.0022328775376080998,-0.0022328775376080998,0.00053528806893150002,0.0028449250385165002,0.0028449250385165002
USGOVT,2012-12-31,0.00055154744768515229,-0.002175495494157,-0.002175495494157,0.00055154744768510003,0.0028152512386441001,0.0028152512386441001
USGOVT,2013-01-31,0.00062452047131955624,-0.0021582525223492999,-0.0021582525223492999,0.00062452047131949997,0.0029516383074223002,0.0029516383074223002
USTPU,2011-02-28,0.00096098001813516021,-0.00081364461220799998,-0.00081364461220799998,0.00096098001813510003,0.0027848943136632,0.0027848943136632
USTPU,2011-03-31,0.00087036273907870054,-0.001007969956845,-0.001007969956845,0.0008703627390787,0.0028130200225859,0.0028130200225859
USTPU,2011-04-30,0.0008299793116748333,-0.0011945909354835001,-0.0011945909354835001,0.00082997931167480001,0.0028224438428877999,0.0028224438428877999
USTPU,2011-05-31,0.00084048369899392128,-0.0012834107037633,-0.0012834107037633,0.00084048369899390003,0.0028650383464991999,0.0028650383464991999
USTPU,2011-06-30,0.00080414372496306896,-0.0013656006194650999,-0.0013656006194650999,0.00080414372496300001,0.0029095290228723998,0.0029095290228723998
USTPU,2011-07-31,0.00071484397631138563,-0.0015584058128296999,-0.0015584058128296999,0.00071484397631129998,0.0028531639836728,0.0028531639836728
USTPU,2011-08-31,0.00069307308876886964,-0.0016369190998374999,-0.0016369190998374999,0.00069307308876880003,0.0028769341297447001,0.0028769341297447001
USTPU,2011-09-30,0.00065286253811791539,-0.0017333526629954,-0.0017333526629954,0.0006528625381179,0.0029140287078917,0.0029140287078917
USTPU,2011-10-31,0.00056990946177393198,-0.0018976354040204999,-0.0018976354040204999,0.0005699094617739,0.0027942927554249,0.0027942927554249
USTPU,2011-11-30,0.00051957363029941916,-0.0019903746433556002,-0.0019903746433556002,0.00051957363029939997,0.0028063305653631002,0.0028063305653631002
USTPU,2011-12-31,0.00044837401947006583,-0.0020939831156283001,-0.0020939831156283001,0.00044837401947000002,0.0027787738945334998,0.0027787738945334998
USTPU,2012-01-31,0.00039266870589926839,-0.0021990388631819998,-0.0021990388631819998,0.00039266870589919998,0.0027443924918770001,0.0027443924918770001
USTPU,2012-02-29,0.0003202201914973557,-0.0022526225075125,-0.0022526225075125,0.00032022019149730003,0.0026569049805402001,0.0026569049805402001
USTPU,2012-03-31,0.00026850152062252164,-0.0023674857802689002,-0.0023674857802689002,0.00026850152062250001,0.0026560763362795002,0.0026560763362795002
USTPU,2012-04-30,0.00025182869285345078,-0.0023785671219229,-0.0023785671219229,0.00025182869285339998,0.0027031698264180998,0.0027031698264180998
USTPU,2012-05-31,0.00023695221170783043,-0.0024369568563997,-0.0024369568563997,0.00023695221170779999,0.0026684394106267998,0.0026684394106267998
USTPU,2012-06-30,0.00024340383242815733,-0.0024081200826913001,-0.0024081200826913001,0.0002434038324281,0.0027256845496593999,0.0027256845496593999
USTPU,2012-07-31,0.00019637146033346653,-0.0024568105582147,-0.0024568105582147,0.00019637146033339999,0.0026556628290563002,0.0026556628290563002
USTPU,2012-08-31,0.00022770825307816267,-0.0024570941459386999,-0.0024570941459386999,0.0002277082530781,0.0028271337505428999,0.0028271337505428999
USTPU,2012-09-30,0.00025184365222230554,-0.0024607398081570001,-0.0024607398081570001,0.00025184365222230001,0.0028375941328704002,0.0028375941328704002
USTPU,2012-10-31,0.00033738341880962253,-0.0023858593776821999,-0.0023858593776821999,0.00033738341880959997,0.0029268604703247001,0.0029268604703247001
USTPU,2012-11-30,0.00034727214369922876,-0.0023968708701431001,-0.0023968708701431001,0.00034727214369919998,0.0029142808634787,0.0029142808634787
USTPU,2012-12-31,0.00031471543479710817,-0.0024471450597046999,-0.0024471450597046999,0.00031471543479709999,0.0028649305459111001,0.0028649305459111001
USTPU,2013-01-31,0.00035840726923197508,-0.0024100202135740999,-0.0024100202135740999,0.0003584072692319,0.0029197335243224998,0.0029197335243224998
USTRADE,2011-02-28,0.0013584826374426484,-0.000915486831218,-0.000915486831218,0.0013584826374426001,0.0037061434704809999,0.0037061434704809999
USTRADE,2011-03-31,0.0011390009894967079,-0.0012181717902420999,-0.0012181717902420999,0.0011390009894966999,0.0036099061835557001,0.0036099061835557001
USTRADE,2011-04-30,0.0010766315972432494,-0.0013951319269834999,-0.0013951319269834999,0.0010766315972432,0.0035967244766651999,0.0035967244766651999
USTRADE,2011-05-31,0.0010921593056991696,-0.001438211183995,-0.001438211183995,0.0010921593056991,0.0036363683175295002,0.0036363683175295002
USTRADE,2011-06-30,0.00095530902035534382,-0.0016078138723969,-0.0016078138723969,0.00095530902035530002,0.0035375319421291,0.0035375319421291
USTRADE,2011-07-31,0.00094942678697407246,-0.0016603271942585,-0.0016603271942585,0.00094942678697400003,0.0035445229150353999,0.0035445229150353999
USTRADE,2011-08-31,0.001139651401899755,-0.0015400063712149,-0.0015400063712149,0.0011396514018996999,0.0037679711822419999,0.0037679711822419999
USTRADE,2011-09-30,0.0010943121742457151,-0.0016431871335952999,-0.0016431871335952999,0.0010943121742457,0.0037838525604456,0.0037838525604456
USTRADE,2011-10-31,0.0010313487146049738,-0.001731218304485,-0.001731218304485,0.0010313487146049001,0.0037134976591913999,0.0037134976591913999
USTRADE,2011-11-30,0.001021899632178247,-0.001799670048058,-0.001799670048058,0.0010218996321781999,0.003750976640731,0.003750976640731
USTRADE,2011-12-31,0.00099833216518163681,-0.0018728505820035,-0.0018728505820035,0.00099833216518159995,0.0037615627516060998,0.0037615627516060998
USTRADE,2012-01-31,0.00089923350606113672,-0.0019743144512176002,-0.0019743144512176002,0.00089923350606109997,0.0037228451110422,0.0037228451110422
USTRADE,2012-02-29,0.00088513264199718833,-0.0019566852133721,-0.0019566852133721,0.00088513264199709997,0.0037118333857506002,0.0037118333857506002
USTRADE,2012-03-31,0.0010565376142039895,-0.0018528879154473001,-0.0018528879154473001,0.0010565376142039,0.0039435923099516998,0.0039435923099516998
USTRADE,2012-04-30,0.0010189436143264174,-0.0019202861003577,-0.0019202861003577,0.0010189436143264001,0.0038954291958361001,0.0038954291958361001
USTRADE,2012-05-31,0.00095742009580135345,-0.00201366096735,-0.00201366096735,0.0009574200958013,0.0038304070476441999,0.0038304070476441999
USTRADE,2012-06-30,0.00095308700110763311,-0.0020000138320028001,-0.0020000138320028001,0.00095308700110760005,0.0038872198201715001,0.0038872198201715001
USTRADE,2012-07-31,0.00090997596271336079,-0.0020791394636033998,-0.0020791394636033998,0.00090997596271329996,0.0038356082513928001,0.0038356082513928001
USTRADE,2012-08-31,0.00084682769374921918,-0.0022058233153074,-0.0022058233153074,0.00084682769374919999,0.0038789762184022998,0.0038789762184022998
USTRADE,2012-09-30,0.00085316871991381049,-0.0022066759411244999,-0.0022066759411244999,0.00085316871991379997,0.0038949276786297,0.0038949276786297
USTRADE,2012-10-31,0.0010728082852438092,-0.0019983539823441999,-0.0019983539823441999,0.0010728082852437999,0.0040932926349341002,0.0040932926349341002
USTRADE,2012-11-30,0.0011309062829241157,-0.0019471894484013,-0.0019471894484013,0.0011309062829241,0.0041248835623264,0.0041248835623264
USTRADE,2012-12-31,0.0010906506795436144,-0.0020069086458533998,-0.0020069086458533998,0.0010906506795436001,0.0040744999423622998,0.0040744999423622998
USTRADE,2013-01-31,0.0010591709287837148,-0.0020531704649328999,-0.0020531704649328999,0.0010591709287837,0.0040886872448027004,0.0040886872448027004
USWTRADE,2011-02-28,0.0012004597811028361,-0.00036463036667549998,-0.00036463036667549998,0.0012004597811027999,0.0026163589209318001,0.0026163589209318001
USWTRADE,2011-03-31,0.0011751665733754635,-0.00056367868091910004,-0.00056367868091910004,0.0011751665733754,0.0027204910293221001,0.0027204910293221001
USWTRADE,2011-04-30,0.0012032127706333995,-0.00071665295399720005,-0.00071665295399720005,0.0012032127706333,0.0028287097811697999,0.0028287097811697999
USWTRADE,2011-05-31,0.001148159964941442,-0.00090828095562750001,-0.00090828095562750001,0.0011481599649413999,0.0028680802788584999,0.0028680802788584999
USWTRADE,2011-06-30,0.0011020856909453869,-0.0010616200743243001,-0.0010616200743243001,0.0011020856909452999,0.0029056598432362002,0.0029056598432362002
USWTRADE,2011-07-31,0.0010613668709993362,-0.0012371860211715,-0.0012371860211715,0.0010613668709993,0.0029899030923843002,0.0029899030923843002
USWTRADE,2011-08-31,0.0010603766422718763,-0.0013356924755497999,-0.0013356924755497999,0.0010603766422718,0.0030638407915830001,0.0030638407915830001
USWTRADE,2011-09-30,0.0010069604031741619,-0.0014824137324467,-0.0014824137324467,0.0010069604031740999,0.0030957642011343999,0.0030957642011343999
USWTRADE,2011-10-31,0.00096579256933182478,-0.0016345073236152001,-0.0016345073236152001,0.00096579256933179995,0.0031059817411004998,0.0031059817411004998
USWTRADE,2011-11-30,0.00092405645409598947,-0.0017548879841342,-0.0017548879841342,0.00092405645409590002,0.0031600235961377001,0.0031600235961377001
USWTRADE,2011-12-31,0.00088221358601003885,-0.0018618697067721999,-0.0018618697067721999,0.00088221358601000004,0.0031785070896148001,0.0031785070896148001
USWTRADE,2012-01-31,0.00084531644824892282,-0.0019666124135254998,-0.0019666124135254998,0.00084531644824889995,0.0031851585954426999,0.0031851585954426999
USWTRADE,2012-02-29,0.00084252306260168552,-0.0019742450676858,-0.0019742450676858,0.00084252306260159998,0.0031537362374365,0.0031537362374365
USWTRADE,2012-03-31,0.00082062365254387259,-0.0020762695930897999,-0.0020762695930897999,0.00082062365254379995,0.0032238760031759002,0.0032238760031759002
USWTRADE,2012-04-30,0.00080585357500240207,-0.0021104202605782998,-0.0021104202605782998,0.00080585357500240001,0.0032577137462794,0.0032577137462794
USWTRADE,2012-05-31,0.00078604300506412983,-0.0021685543470083999,-0.0021685543470083999,0.00078604300506410001,0.0032483683899044002,0.0032483683899044002
USWTRADE,2012-06-30,0.00078572775237262249,-0.0021877298131585,-0.0021877298131585,0.00078572775237260005,0.0032536196522413999,0.0032536196522413999
USWTRADE,2012-07-31,0.00076564110349863768,-0.002232109196484,-0.002232109196484,0.00076564110349859995,0.0032535959035158001,0.0032535959035158001
USWTRADE,2012-08-31,0.0007529091089963913,-0.0023516872897744001,-0.0023516872897744001,0.00075290910899630001,0.0033777137286961001,0.0033777137286961001
USWTRADE,2012-09-30,0.00076362810796126723,-0.0023628976196050002,-0.0023628976196050002,0.00076362810796120001,0.0034166732802986999,0.0034166732802986999
USWTRADE,2012-10-31,0.00076021673157811165,-0.0023939115926623002,-0.0023939115926623002,0.00076021673157810005,0.0034274579957126999,0.0034274579957126999
USWTRADE,2012-11-30,0.00072386651299893856,-0.0024347063153982002,-0.0024347063153982002,0.00072386651299889996,0.0033667758107184999,0.0033667758107184999
USWTRADE,2012-12-31,0.000715480069629848,-0.0024584159255026999,-0.0024584159255026999,0.00071548006962979997,0.0033389967866241,0.0033389967866241
USWTRADE,2013-01-31,0.00071185361593961716,-0.0025085131637752,-0.0025085131637752,0.00071185361593960003,0.0033857421949504999,0.0033857421949504999
VIXCLSx,2011-02-28,17.70317268371582,15.042900085449221,15.042900085449221,17.70317268371582,22.647678375244141,22.647678375244141
VIXCLSx,2011-03-31,17.766750335693359,14.775673866271973,14.775673866271973,17.766750335693359,23.540960311889648,23.540960311889648
VIXCLSx,2011-04-30,17.779829025268555,14.63737678527832,14.63737678527832,17.779829025268555,24.286516189575195,24.286516189575195
VIXCLSx,2011-05-31,17.82084846496582,14.483091354370115,14.483091354370115,17.82084846496582,24.892124176025391,24.892124176025391
VIXCLSx,2011-06-30,17.845502853393555,14.252789497375488,14.252789497375488,17.845502853393555,25.333429336547852,25.333429336547852
VIXCLSx,2011-07-31,17.958105087280273,13.971218109130859,13.971218109130859,17.958105087280273,25.941762924194336,25.941762924194336
VIXCLSx,2011-08-31,18.12962532043457,13.943414688110352,13.943414688110352,18.12962532043457,26.635316848754883,26.635316848754883
VIXCLSx,2011-09-30,18.277036666870117,13.797257423400881,13.797257423400881,18.277036666870117,27.113819122314453,27.113819122314453
VIXCLSx,2011-10-31,18.454383850097656,13.861351013183594,13.861351013183594,18.454383850097656,27.508152008056641,27.508152008056641
VIXCLSx,2011-11-30,18.383243560791016,13.58338737487793,13.58338737487793,18.383243560791016,27.601222991943359,27.601222991943359
VIXCLSx,2011-12-31,18.348262786865234,13.409273147583008,13.409273147583008,18.348262786865231,27.620840072631836,27.620840072631836
VIXCLSx,2012-01-31,18.296077728271484,13.347105026245115,13.347105026245115,18.296077728271484,27.863664627075195,27.863664627075195
VIXCLSx,2012-02-29,18.316448211669922,13.399349212646484,13.399349212646484,18.316448211669918,28.006370544433594,28.006370544433594
VIXCLSx,2012-03-31,18.413864135742188,13.310778617858888,13.310778617858888,18.413864135742188,28.364263534545898,28.364263534545898
VIXCLSx,2012-04-30,18.320772171020508,13.0382080078125,13.0382080078125,18.320772171020508,28.346530914306641,28.346530914306641
VIXCLSx,2012-05-31,18.220163345336914,13.017673492431641,13.017673492431641,18.220163345336911,28.310918807983398,28.310918807983398
VIXCLSx,2012-06-30,18.089859008789062,12.959076881408691,12.959076881408691,18.089859008789062,28.274223327636719,28.274223327636719
VIXCLSx,2012-07-31,18.083375930786133,12.987123489379885,12.987123489379885,18.083375930786133,28.339542388916016,28.339542388916016
VIXCLSx,2012-08-31,18.15233039855957,12.768184661865234,12.768184661865234,18.15233039855957,28.677253723144531,28.677253723144531
VIXCLSx,2012-09-30,18.097297668457031,12.568122863769531,12.568122863769531,18.097297668457031,28.83747673034668,28.83747673034668
VIXCLSx,2012-10-31,18.23259162902832,12.629640579223633,12.629640579223633,18.23259162902832,29.032896041870117,29.032896041870117
VIXCLSx,2012-11-30,18.143774032592773,12.657569885253906,12.657569885253906,18.143774032592773,29.01153564453125,29.01153564453125
VIXCLSx,2012-12-31,18.023319244384766,12.644254684448242,12.644254684448242,18.023319244384769,28.832550048828125,28.832550048828125
VIXCLSx,2013-01-31,17.925775527954102,12.663677215576172,12.663677215576172,17.925775527954102,28.823310852050781,28.823310852050781
W875RX1,2011-02-28,0.0059646172448992729,-0.0002158735878765,-0.0002158735878765,0.0059646172448992001,0.0116074690595269,0.0116074690595269
W875RX1,2011-03-31,0.0045074876397848129,-0.0019803217146544998,-0.0019803217146544998,0.0045074876397847999,0.010572955012321399,0.010572955012321399
W875RX1,2011-04-30,0.0038625891320407391,-0.0027478097472339001,-0.0027478097472339001,0.0038625891320407,0.010050830431282499,0.010050830431282499
W875RX1,2011-05-31,0.0030690878629684448,-0.0034552093129604998,-0.0034552093129604998,0.0030690878629684002,0.0091757494956254005,0.0091757494956254005
W875RX1,2011-06-30,0.0031327358447015285,-0.0033093753736466,-0.0033093753736466,0.0031327358447014999,0.0092150252312421001,0.0092150252312421001
W875RX1,2011-07-31,0.0030408995226025581,-0.0033235254231839999,-0.0033235254231839999,0.0030408995226025,0.0091134952381253,0.0091134952381253
W875RX1,2011-08-31,0.0032056940253823996,-0.0032461856026201998,-0.0032461856026201998,0.0032056940253822998,0.0092028444632887008,0.0092028444632887008
W875RX1,2011-09-30,0.0025871330872178078,-0.0038477934431283998,-0.0038477934431283998,0.0025871330872178,0.0085621308535336997,0.0085621308535336997
W875RX1,2011-10-31,0.0028738193213939667,-0.0035646583419293,-0.0035646583419293,0.0028738193213938999,0.0089607005938887006,0.0089607005938887006
W875RX1,2011-11-30,0.0030594549607485533,-0.0034224421251565001,-0.0034224421251565001,0.0030594549607484999,0.0091319484636186998,0.0091319484636186998
W875RX1,2011-12-31,0.0035273893736302853,-0.0030981285963207002,-0.0030981285963207002,0.0035273893736301998,0.0096694249659775994,0.0096694249659775994
W875RX1,2012-01-31,0.0025711206253618002,-0.0040668211877346004,-0.0040668211877346004,0.0025711206253618002,0.0086698895320295993,0.0086698895320295993
W875RX1,2012-02-29,0.0031363398302346468,-0.0034208602737635001,-0.0034208602737635001,0.0031363398302346,0.0092718126252292997,0.0092718126252292997
W875RX1,2012-03-31,0.0029243002645671368,-0.0036939133424311,-0.0036939133424311,0.0029243002645670999,0.0090415775775909007,0.0090415775775909007
W875RX1,2012-04-30,0.0028563772793859243,-0.0038356550503522002,-0.0038356550503522002,0.0028563772793859001,0.0090029090642929008,0.0090029090642929008
W875RX1,2012-05-31,0.0022876369766891003,-0.0043470785021781002,-0.0043470785021781002,0.0022876369766890998,0.0083516063168644003,0.0083516063168644003
W875RX1,2012-06-30,0.0024977375287562609,-0.0041644806042313003,-0.0041644806042313003,0.0024977375287562002,0.0086285592988132997,0.0086285592988132997
W875RX1,2012-07-31,0.0022943580988794565,-0.0043804403394460002,-0.0043804403394460002,0.0022943580988794001,0.0083031784743069995,0.0083031784743069995
W875RX1,2012-08-31,0.0024094465188682079,-0.0044175740331410997,-0.0044175740331410997,0.0024094465188682001,0.0085173100233078003,0.0085173100233078003
W875RX1,2012-09-30,0.0018254966707900167,-0.0049666678532957996,-0.0049666678532957996,0.00182549667079,0.0078681968152523006,0.0078681968152523006
W875RX1,2012-10-31,0.0021934851538389921,-0.0045761046931147003,-0.0045761046931147003,0.0021934851538389002,0.0082103535532951008,0.0082103535532951008
W875RX1,2012-11-30,0.0022995749022811651,-0.0043498221784829998,-0.0043498221784829998,0.0022995749022811001,0.0081898104399441996,0.0081898104399441996
W875RX1,2012-12-31,0.0025773027446120977,-0.0041148317977786003,-0.0041148317977786003,0.0025773027446120002,0.0084305172786115993,0.0084305172786115993
W875RX1,2013-01-31,0.0015988415107131004,-0.0051434338092803001,-0.0051434338092803001,0.0015988415107131,0.0074834777042269004,0.0074834777042269004
WPSFD49207,2011-02-28,0.00074830284575000405,-0.0064660748466848997,-0.0064660748466848997,0.00074830284575000004,0.0081238634884357001,0.0081238634884357001
WPSFD49207,2011-03-31,0.00029056577477604151,-0.0072512375190854003,-0.0072512375190854003,0.00029056577477599998,0.0080762170255184,0.0080762170255184
WPSFD49207,2011-04-30,-0.00013380894961301237,-0.0077412859536707002,-0.0077412859536707002,-0.000133808935061,0.0078665502369403006,0.0078665502369403006
WPSFD49207,2011-05-31,0.00021140858007129282,-0.0074827154166996002,-0.0074827154166996002,0.0002114085946232,0.0083235232159495007,0.0083235232159495007
WPSFD49207,2011-06-30,6.7038439738098532e-05,-0.0077147828415036002,-0.0077147828415036002,6.7038461565971375e-05,0.0083041479811072003,0.0083041479811072003
WPSFD49207,2011-07-31,-1.036571484291926e-05,-0.0079006999731062993,-0.0079006999731062993,-1.0365736670792105e-05,0.0083266012370585996,0.0083266012370585996
WPSFD49207,2011-08-31,-6.6136832174379379e-05,-0.0080835251137614007,-0.0080835251137614007,-6.6136824898421764e-05,0.0084956921637057998,0.0084956921637057998
WPSFD49207,2011-09-30,-8.8690307165961713e-05,-0.0081069124862550995,-0.0081069124862550995,-8.8690314441919327e-05,0.0085436617955565002,0.0085436617955565002
WPSFD49207,2011-10-31,7.4225245043635368e-05,-0.0079464288428425008,-0.0079464288428425008,7.4225245043635368e-05,0.0088752629235385998,0.0088752629235385998
WPSFD49207,2011-11-30,-0.00035947083961218596,-0.0083057163283228007,-0.0083057163283228007,-0.00035947083961209998,0.0084154903888701994,0.0084154903888701994
WPSFD49207,2011-12-31,-0.00029424740932881832,-0.0081191128119826005,-0.0081191128119826005,-0.0002942474093288,0.0085070291534065992,0.0085070291534065992
WPSFD49207,2012-01-31,-0.0001388957753079012,-0.0079551413655280998,-0.0079551413655280998,-0.0001388958189636,0.0086240060627459994,0.0086240060627459994
WPSFD49207,2012-02-29,-0.00022570347937289625,-0.0080146621912717004,-0.0080146621912717004,-0.00022570346482090001,0.0084794908761977993,0.0084794908761977993
WPSFD49207,2012-03-31,-0.00026967277517542243,-0.0080516766756772995,-0.0080516766756772995,-0.00026967283338300002,0.0084107648581266004,0.0084107648581266004
WPSFD49207,2012-04-30,-0.00038121390389278531,-0.0081303222104907001,-0.0081303222104907001,-0.0003812138456851,0.0083175050094723008,0.0083175050094723008
WPSFD49207,2012-05-31,-6.2977298512123525e-05,-0.0076866615563630997,-0.0076866615563630997,-6.2977313064038754e-05,0.0085199549794196996,0.0085199549794196996
WPSFD49207,2012-06-30,1.7145512174465694e-05,-0.0074676335789262997,-0.0074676335789262997,1.7145532183349133e-05,0.0085485810413956,0.0085485810413956
WPSFD49207,2012-07-31,5.9535568652790971e-06,-0.0074240737594664001,-0.0074240737594664001,5.9535959735512733e-06,0.0085738701745867001,0.0085738701745867001
WPSFD49207,2012-08-31,-6.1314342019613832e-05,-0.0075887306593357996,-0.0075887306593357996,-6.131432019174099e-05,0.0086321812123060001,0.0086321812123060001
WPSFD49207,2012-09-30,-1.5655830793548375e-05,-0.0075265378691256003,-0.0075265378691256003,-1.5655881725251675e-05,0.0086896270513534008,0.0086896270513534008
WPSFD49207,2012-10-31,-0.000237917949561961,-0.0078238425776362003,-0.0078238425776362003,-0.00023791799321770001,0.0086041390895843003,0.0086041390895843003
WPSFD49207,2012-11-30,-0.00035687169292941689,-0.0077191777527332002,-0.0077191777527332002,-0.00035687175113700002,0.0083214202895759998,0.0083214202895759998
WPSFD49207,2012-12-31,-0.00013708375627174973,-0.0076257367618380997,-0.0076257367618380997,-0.0001370838144794,0.0085895536467432004,0.0085895536467432004
WPSFD49207,2013-01-31,-0.00014698709128424525,-0.0077289519831538001,-0.0077289519831538001,-0.00014698714949190001,0.0087266610935329992,0.0087266610935329992
WPSFD49502,2011-02-28,0.00095572829013690352,-0.0086409253999590006,-0.0086409253999590006,0.00095572829013689995,0.010711989365517999,0.010711989365517999
WPSFD49502,2011-03-31,0.00071721931453794241,-0.0092644887045024993,-0.0092644887045024993,0.00071721931453790002,0.0109609123319387,0.0109609123319387
WPSFD49502,2011-04-30,-0.00029563930002041161,-0.010315730236470699,-0.010315730236470699,-0.0002956392709165,0.0102209160104393,0.0102209160104393
WPSFD49502,2011-05-31,0.00043463194742798805,-0.0096902791410683996,-0.0096902791410683996,0.00043463194742790002,0.0110747879371047,0.0110747879371047
WPSFD49502,2011-06-30,-2.6088073354912922e-06,-0.0102528166025877,-0.0102528166025877,-2.6087509468197823e-06,0.0107985706999897,0.0107985706999897
WPSFD49502,2011-07-31,-0.00014326200471259654,-0.010504166595637699,-0.010504166595637699,-0.0001432619756087,0.010790786705911101,0.010790786705911101
WPSFD49502,2011-08-31,8.6837872004252858e-06,-0.0105244163423776,-0.0105244163423776,8.6837681010365486e-06,0.011232421733438899,0.011232421733438899
WPSFD49502,2011-09-30,6.3633284298703074e-05,-0.0104994941502809,-0.0104994941502809,6.3633313402533531e-05,0.0113837672397494,0.0113837672397494
WPSFD49502,2011-10-31,0.00020691765530500561,-0.010337197221815499,-0.010337197221815499,0.00020691764075300001,0.011760029941797199,0.011760029941797199
WPSFD49502,2011-11-30,-0.00048822950338944793,-0.010930413380265199,-0.010930413380265199,-0.0004882295615971,0.0110082533210515,0.0110082533210515
WPSFD49502,2011-12-31,-0.00033003286807797849,-0.010601630434393799,-0.010601630434393799,-0.0003300328971818,0.0111930891871452,0.0111930891871452
WPSFD49502,2012-01-31,-5.8674326282925904e-05,-0.010330943390727,-0.010330943390727,-5.8674369938671589e-05,0.0113768568262457,0.0113768568262457
WPSFD49502,2012-02-29,-0.0001893699518404901,-0.010398696176707699,-0.010398696176707699,-0.0001893700100481,0.0111305573955178,0.0111305573955178
WPSFD49502,2012-03-31,-0.00033803647966124117,-0.010552600957453201,-0.010552600957453201,-0.00033803645055739998,0.0109533201903104,0.0109533201903104
WPSFD49502,2012-04-30,-0.00045299922931008041,-0.0106244962662458,-0.0106244962662458,-0.00045299925841390002,0.010851472616195601,0.010851472616195601
WPSFD49502,2012-05-31,-1.922010415000841e-05,-0.0100255263969302,-0.0100255263969302,-1.9220053218305111e-05,0.0110987341031432,0.0110987341031432
WPSFD49502,2012-06-30,0.00019669944595079869,-0.0096126776188610995,-0.0096126776188610995,0.00019669940229499999,0.011230853386223301,0.011230853386223301
WPSFD49502,2012-07-31,8.5667343228124082e-05,-0.0096550863236188004,-0.0096550863236188004,8.566735778003931e-05,0.011157656088471401,0.011157656088471401
WPSFD49502,2012-08-31,-6.330283940769732e-05,-0.0099257510155438995,-0.0099257510155438995,-6.3302810303866863e-05,0.0111751984804868,0.0111751984804868
WPSFD49502,2012-09-30,-1.212179813592229e-05,-0.0098427422344683994,-0.0098427422344683994,-1.2121745385229588e-05,0.0112907951697707,0.0112907951697707
WPSFD49502,2012-10-31,-0.00019954134768340737,-0.010161729529500001,-0.010161729529500001,-0.00019954133313140001,0.0113036567345261,0.0113036567345261
WPSFD49502,2012-11-30,-0.00037249136948958039,-0.010077130980789601,-0.010077130980789601,-0.00037249131128190002,0.0109052434563636,0.0109052434563636
WPSFD49502,2012-12-31,-6.5987755078822374e-05,-0.0099415592849254001,-0.0099415592849254001,-6.5987696871161461e-05,0.0112878773361444,0.0112878773361444
WPSFD49502,2013-01-31,-0.00012956198770552874,-0.010117364116013,-0.010117364116013,-0.0001295619877055,0.0114007433876395,0.0114007433876395
WPSID61,2011-02-28,0.0010234913788735867,-0.0056603080593048997,-0.0056603080593048997,0.0010234913934254999,0.0074581126682459996,0.0074581126682459996
WPSID61,2011-03-31,0.0012070175725966692,-0.0057923770509660001,-0.0057923770509660001,0.0012070176308043,0.0080288704484701,0.0080288704484701
WPSID61,2011-04-30,0.0006999623728916049,-0.0063143996521830004,-0.0063143996521830004,0.00069996237289160002,0.0076760593801735999,0.0076760593801735999
WPSID61,2011-05-31,0.00059238896938040853,-0.0063934535719454002,-0.0063934535719454002,0.00059238896938039996,0.0075761401094495999,0.0075761401094495999
WPSID61,2011-06-30,0.00067204749211668968,-0.0063013173639774002,-0.0063013173639774002,0.00067204743390900004,0.0077723874710499997,0.0077723874710499997
WPSID61,2011-07-31,0.00032858605845831335,-0.0066506690345704,-0.0066506690345704,0.0003285860293544,0.0075318501330912,0.0075318501330912
WPSID61,2011-08-31,0.00034166022669523954,-0.0067268642596900003,-0.0067268642596900003,0.00034166028490290002,0.0076966816559433,0.0076966816559433
WPSID61,2011-09-30,0.00062498642364516854,-0.0064558805897830997,-0.0064558805897830997,0.00062498648185279997,0.0080854911357164001,0.0080854911357164001
WPSID61,2011-10-31,0.00048789067659527063,-0.0065690446645020996,-0.0065690446645020996,0.0004878906765952,0.0080964080989359994,0.0080964080989359994
WPSID61,2011-11-30,0.00022807606728747487,-0.0067192902788519001,-0.0067192902788519001,0.00022807612549510001,0.0078330859541893005,0.0078330859541893005
WPSID61,2011-12-31,0.00016038316243793815,-0.0067378166131675001,-0.0067378166131675001,0.00016038317698980001,0.0077244583517313004,0.0077244583517313004
WPSID61,2012-01-31,0.00037845256156288087,-0.0064466670155524999,-0.0064466670155524999,0.000378452532459,0.0078651327639818001,0.0078651327639818001
WPSID61,2012-02-29,0.00034158930066041648,-0.0064859543927012998,-0.0064859543927012998,0.00034158932976419999,0.0079315770417451009,0.0079315770417451009
WPSID61,2012-03-31,0.00030557857826352119,-0.0065301777794956996,-0.0065301777794956996,0.00030557863647109998,0.0078385509550571008,0.0078385509550571008
WPSID61,2012-04-30,0.0002627762733027339,-0.0066356151364742998,-0.0066356151364742998,0.00026277627330270002,0.0078303869813680007,0.0078303869813680007
WPSID61,2012-05-31,0.00046977263991720974,-0.0063292351551353003,-0.0063292351551353003,0.00046977266902099998,0.0079893991351127,0.0079893991351127
WPSID61,2012-06-30,0.00049939542077481747,-0.0061595435254275001,-0.0061595435254275001,0.00049939542077480001,0.0079990793019533001,0.0079990793019533001
WPSID61,2012-07-31,0.00030837487429380417,-0.0063160900026558997,-0.0063160900026558997,0.0003083748160861,0.0078345173969863995,0.0078345173969863995
WPSID61,2012-08-31,0.00026295171119272709,-0.0064992834813892,-0.0064992834813892,0.00026295171119269998,0.0079685114324091998,0.0079685114324091998
WPSID61,2012-09-30,0.00038919041980989277,-0.0064214146696030998,-0.0064214146696030998,0.00038919044891369997,0.0081363599747418993,0.0081363599747418993
WPSID61,2012-10-31,0.00034058239543810487,-0.0065201264806090996,-0.0065201264806090996,0.00034058233723039999,0.0082319211214779992,0.0082319211214779992
WPSID61,2012-11-30,0.00037207567947916687,-0.0062965997494757002,-0.0062965997494757002,0.00037207565037529998,0.0081052947789429994,0.0081052947789429994
WPSID61,2012-12-31,0.00052147306269034743,-0.0063041532412171,-0.0063041532412171,0.00052147306269030005,0.0083032213151454006,0.0083032213151454006
WPSID61,2013-01-31,0.00063193036476150155,-0.0062916111201047004,-0.0062916111201047004,0.00063193033565759997,0.0085466597229241995,0.0085466597229241995
WPSID62,2011-02-28,0.00096364290220662951,-0.039838612079620299,-0.039838612079620299,0.00096364319324490004,0.044677227735519402,0.044677227735519402
WPSID62,2011-03-31,0.00018015314708463848,-0.042463891208171803,-0.042463891208171803,0.0001801531761884,0.046623285859823199,0.046623285859823199
WPSID62,2011-04-30,-0.00072657130658626556,-0.0436005406081676,-0.0436005406081676,-0.00072657130658619997,0.046911247074604,0.046911247074604
WPSID62,2011-05-31,0.00041351679828949273,-0.042529139667749398,-0.042529139667749398,0.00041351653635500002,0.0489839352667331,0.0489839352667331
WPSID62,2011-06-30,-0.0027325870469212532,-0.045955345034599297,-0.045955345034599297,-0.0027325870469211999,0.046647064387798302,0.046647064387798302
WPSID62,2011-07-31,-0.0032755197025835514,-0.046787459403276402,-0.046787459403276402,-0.0032755201682448001,0.046633724123239503,0.046633724123239503
WPSID62,2011-08-31,-0.002103772247210145,-0.045739255845546702,-0.045739255845546702,-0.0021037720143795,0.048388253897428499,0.048388253897428499
WPSID62,2011-09-30,-0.00091133126989006996,-0.044477827847003902,-0.044477827847003902,-0.00091133173555130002,0.049969572573900202,0.049969572573900202
WPSID62,2011-10-31,-0.0013343954924494028,-0.045393750071525497,-0.045393750071525497,-0.0013343952596187,0.050041127949953003,0.050041127949953003
WPSID62,2011-11-30,-0.0027454143855720758,-0.046960022300481699,-0.046960022300481699,-0.0027454141527414001,0.048794478178024202,0.048794478178024202
WPSID62,2011-12-31,-0.0038954399060457945,-0.048174146562814699,-0.048174146562814699,-0.0038954401388764,0.047509349882602601,0.047509349882602601
WPSID62,2012-01-31,-0.0022157358471304178,-0.045940890908241203,-0.045940890908241203,-0.0022157356142997,0.049326047301292399,0.049326047301292399
WPSID62,2012-02-29,-0.002608731621876359,-0.046232715249061501,-0.046232715249061501,-0.0026087313890457002,0.048934336751699399,0.048934336751699399
WPSID62,2012-03-31,-0.0028757872059941292,-0.046321734786033603,-0.046321734786033603,-0.0028757872059941001,0.049032256007194498,0.049032256007194498
WPSID62,2012-04-30,-0.0029624761082231998,-0.046260099858045502,-0.046260099858045502,-0.0029624765738844,0.048955820500850601,0.048955820500850601
WPSID62,2012-05-31,-0.0022213803604245186,-0.045219935476779903,-0.045219935476779903,-0.0022213803604244999,0.049915354698896401,0.049915354698896401
WPSID62,2012-06-30,-0.0025982062797993422,-0.045608673244714702,-0.045608673244714702,-0.0025982065126298999,0.049401417374610901,0.049401417374610901
WPSID62,2012-07-31,-0.0021065268665552139,-0.045059882104396799,-0.045059882104396799,-0.0021065268665552001,0.050419237464666297,0.050419237464666297
WPSID62,2012-08-31,-0.0028992965817451477,-0.046643227338790803,-0.046643227338790803,-0.0028992965817451,0.050833914428949301,0.050833914428949301
WPSID62,2012-09-30,-0.0029905654955655336,-0.047113291919231401,-0.047113291919231401,-0.0029905652627348002,0.0511831901967525,0.0511831901967525
WPSID62,2012-10-31,-0.0025776554830372334,-0.046654507517814602,-0.046654507517814602,-0.0025776559486984998,0.051824506372213301,0.051824506372213301
WPSID62,2012-11-30,-0.0020307430531829596,-0.0448430068790912,-0.0448430068790912,-0.0020307432860136002,0.051625605672597802,0.051625605672597802
WPSID62,2012-12-31,-0.002772653941065073,-0.046294618397951098,-0.046294618397951098,-0.0027726534754036998,0.050901744514703702,0.050901744514703702
WPSID62,2013-01-31,-0.0021373503841459751,-0.046173050999641398,-0.046173050999641398,-0.0021373503841459001,0.052353858947753899,0.052353858947753899
