unique_id,ds,TimesFM,TimesFM-q-5,TimesFM-q-10,TimesFM-q-50,TimesFM-q-90,TimesFM-q-95
AAA,2013-02-28,0.030355619266629219,-0.1946580559015274,-0.1946580559015274,0.030355618335306599,0.2460421025753021,0.2460421025753021
AAA,2013-03-31,0.0023202197626233101,-0.23982810974121091,-0.23982810974121091,0.0023202188313006999,0.23669295012950889,0.23669295012950889
AAA,2013-04-30,-0.0060304999351501465,-0.25730642676353449,-0.25730642676353449,-0.0060304999351500996,0.23547564446926109,0.23547564446926109
AAA,2013-05-31,-0.0068134171888232231,-0.2616075873374939,-0.2616075873374939,-0.0068134181201456997,0.23773506283760071,0.23773506283760071
AAA,2013-06-30,-0.012253019027411938,-0.26886662840843201,-0.26886662840843201,-0.0122530199587345,0.2347190976142883,0.2347190976142883
AAA,2013-07-31,-0.010241142474114895,-0.26970484852790833,-0.26970484852790833,-0.0102411434054374,0.23599758744239799,0.23599758744239799
AAA,2013-08-31,-0.0070080305449664593,-0.26603129506111139,-0.26603129506111139,-0.0070080310106276997,0.2398850470781326,0.2398850470781326
AAA,2013-09-30,-0.0092440294101834297,-0.26754412055015558,-0.26754412055015558,-0.0092440284788607996,0.2354858517646789,0.2354858517646789
AAA,2013-10-31,-0.012393111363053322,-0.27221032977104181,-0.27221032977104181,-0.0123931095004081,0.2330538183450698,0.2330538183450698
AAA,2013-11-30,-0.0098838862031698227,-0.27017003297805781,-0.27017003297805781,-0.0098838880658149008,0.23345838487148279,0.23345838487148279
AAA,2013-12-31,-0.0098898904398083687,-0.26955389976501459,-0.26955389976501459,-0.0098898895084857004,0.2346196174621582,0.2346196174621582
AAA,2014-01-31,-0.0090328315272927284,-0.27014264464378351,-0.27014264464378351,-0.0090328305959701,0.23407964408397669,0.23407964408397669
AAA,2014-02-28,-0.00758725730702281,-0.27122002840042109,-0.27122002840042109,-0.0075872577726840001,0.2373684346675872,0.2373684346675872
AAA,2014-03-31,-0.0054755778983235359,-0.26965707540512079,-0.26965707540512079,-0.0054755769670008997,0.2386045157909393,0.2386045157909393
AAA,2014-04-30,-0.0066570807248353958,-0.27236205339431763,-0.27236205339431763,-0.0066570788621901997,0.2398705929517746,0.2398705929517746
AAA,2014-05-31,-0.0093270400539040565,-0.27475804090499878,-0.27475804090499878,-0.0093270391225814004,0.23776476085185999,0.23776476085185999
AAA,2014-06-30,-0.013900194317102432,-0.28022903203964228,-0.28022903203964228,-0.013900194317102399,0.2332638800144195,0.2332638800144195
AAA,2014-07-31,-0.019362073391675949,-0.28492963314056391,-0.28492963314056391,-0.019362073391675901,0.22685249149799341,0.22685249149799341
AAA,2014-08-31,-0.01853729784488678,-0.28858375549316401,-0.28858375549316401,-0.0185372978448867,0.2333447039127349,0.2333447039127349
AAA,2014-09-30,-0.016602927818894386,-0.28798204660415649,-0.28798204660415649,-0.016602925956249199,0.23521235585212699,0.23521235585212699
AAA,2014-10-31,-0.01084543764591217,-0.28156024217605591,-0.28156024217605591,-0.010845437645912099,0.2393911927938461,0.2393911927938461
AAA,2014-11-30,-0.01183947641402483,-0.27969181537628168,-0.27969181537628168,-0.0118394754827022,0.2348929345607757,0.2348929345607757
AAA,2014-12-31,-0.011845423839986324,-0.2804309725761413,-0.2804309725761413,-0.0118454247713088,0.2352739125490188,0.2352739125490188
AAA,2015-01-31,-0.009847419336438179,-0.28181889653205872,-0.28181889653205872,-0.0098474174737930003,0.23916235566139221,0.23916235566139221
AAAFFM,2013-02-28,3.7296848297119141,3.552593469619751,3.552593469619751,3.7296848297119141,3.9112200736999512,3.9112200736999512
AAAFFM,2013-03-31,3.8104691505432129,3.6013970375061035,3.6013970375061035,3.8104691505432129,4.0065732002258301,4.0065732002258301
AAAFFM,2013-04-30,3.9111843109130859,3.6860537528991699,3.6860537528991699,3.9111843109130859,4.142362117767334,4.142362117767334
AAAFFM,2013-05-31,4.0580453872680664,3.8017888069152832,3.8017888069152832,4.0580453872680664,4.2897958755493164,4.2897958755493164
AAAFFM,2013-06-30,4.2075929641723633,3.9464678764343262,3.9464678764343262,4.2075929641723633,4.4636135101318359,4.4636135101318359
AAAFFM,2013-07-31,4.3238134384155273,4.0884881019592285,4.0884881019592285,4.3238134384155273,4.5728607177734375,4.5728607177734375
AAAFFM,2013-08-31,4.4488463401794434,4.2205891609191895,4.2205891609191895,4.4488463401794434,4.6798243522644043,4.6798243522644043
AAAFFM,2013-09-30,4.4562540054321289,4.188755989074707,4.188755989074707,4.4562540054321289,4.6604490280151367,4.6604490280151367
AAAFFM,2013-10-31,4.4615077972412109,4.2539939880371094,4.2539939880371094,4.4615077972412109,4.6693863868713379,4.6693863868713379
AAAFFM,2013-11-30,4.4276337623596191,4.2002220153808594,4.2002220153808594,4.4276337623596191,4.6873493194580078,4.6873493194580078
AAAFFM,2013-12-31,4.4381141662597656,4.2297320365905762,4.2297320365905762,4.4381141662597656,4.6675376892089844,4.6675376892089844
AAAFFM,2014-01-31,4.3860855102539062,4.1408820152282715,4.1408820152282715,4.3860855102539062,4.6585092544555664,4.6585092544555664
AAAFFM,2014-02-28,4.3224010467529297,4.1051068305969238,4.1051068305969238,4.3224010467529297,4.5490999221801758,4.5490999221801758
AAAFFM,2014-03-31,4.3267741203308105,4.0962085723876953,4.0962085723876953,4.3267741203308105,4.5581512451171875,4.5581512451171875
AAAFFM,2014-04-30,4.3059597015380859,4.0856184959411621,4.0856184959411621,4.3059597015380859,4.5179519653320312,4.5179519653320312
AAAFFM,2014-05-31,4.2425317764282227,3.9867429733276367,3.9867429733276367,4.2425317764282227,4.4617276191711426,4.4617276191711426
AAAFFM,2014-06-30,4.1727333068847656,3.9010510444641113,3.9010510444641113,4.1727333068847656,4.3903870582580566,4.3903870582580566
AAAFFM,2014-07-31,4.0655198097229004,3.7798805236816406,3.7798805236816406,4.0655198097229004,4.3065438270568848,4.3065438270568848
AAAFFM,2014-08-31,3.9557766914367676,3.6832752227783199,3.6832752227783199,3.955776691436768,4.1505966186523438,4.1505966186523438
AAAFFM,2014-09-30,3.9228715896606445,3.6569685935974121,3.6569685935974121,3.922871589660645,4.1289248466491699,4.1289248466491699
AAAFFM,2014-10-31,3.914365291595459,3.6802244186401367,3.6802244186401367,3.914365291595459,4.118624210357666,4.118624210357666
AAAFFM,2014-11-30,3.8572797775268555,3.5643711090087891,3.5643711090087891,3.857279777526855,4.1426248550415039,4.1426248550415039
AAAFFM,2014-12-31,3.7963857650756836,3.4963126182556152,3.4963126182556152,3.7963857650756831,4.0822234153747559,4.0822234153747559
AAAFFM,2015-01-31,3.7277565002441406,3.4300327301025391,3.4300327301025391,3.7277565002441406,4.0163302421569824,4.0163302421569824
ACOGNO,2013-02-28,0.0053589255549013615,-0.0149564426392316,-0.0149564426392316,0.0053589256713166,0.026477983221411702,0.026477983221411702
ACOGNO,2013-03-31,0.0049909614026546478,-0.015874875709414399,-0.015874875709414399,0.0049909612280316,0.026904841884970599,0.026904841884970599
ACOGNO,2013-04-30,0.0048532583750784397,-0.0164613630622625,-0.0164613630622625,0.0048532584914937,0.027256472036242398,0.027256472036242398
ACOGNO,2013-05-31,0.0047272485680878162,-0.0167215969413518,-0.0167215969413518,0.0047272488009184,0.0272206123918294,0.0272206123918294
ACOGNO,2013-06-30,0.0048097581602632999,-0.016626281663775399,-0.016626281663775399,0.0048097579274325999,0.0274643879383802,0.0274643879383802
ACOGNO,2013-07-31,0.0051613138057291508,-0.016277747228741601,-0.016277747228741601,0.0051613139221443997,0.027909029275178899,0.027909029275178899
ACOGNO,2013-08-31,0.0053544710390269756,-0.016112599521875302,-0.016112599521875302,0.0053544712718576002,0.028250416740775101,0.028250416740775101
ACOGNO,2013-09-30,0.0052570682018995285,-0.0161475371569395,-0.0161475371569395,0.0052570682018994999,0.0282547380775213,0.0282547380775213
ACOGNO,2013-10-31,0.0053789396770298481,-0.0160730332136154,-0.0160730332136154,0.0053789399098603998,0.028396232053637501,0.028396232053637501
ACOGNO,2013-11-30,0.0053293663077056408,-0.016272723674774101,-0.016272723674774101,0.0053293661912902999,0.028323644772171901,0.028323644772171901
ACOGNO,2013-12-31,0.0052929436787962914,-0.0164865609258413,-0.0164865609258413,0.0052929435623809001,0.0283653624355793,0.0283653624355793
ACOGNO,2014-01-31,0.0051904176361858845,-0.016482476145028999,-0.016482476145028999,0.0051904176943935003,0.0281897094100713,0.0281897094100713
ACOGNO,2014-02-28,0.0052974531427025795,-0.0165168158710002,-0.0165168158710002,0.0052974529098719003,0.028498893603682501,0.028498893603682501
ACOGNO,2014-03-31,0.0052210264839231968,-0.016810407862067198,-0.016810407862067198,0.0052210263675078004,0.028396502137184101,0.028396502137184101
ACOGNO,2014-04-30,0.0051351943984627724,-0.017027614638209301,-0.017027614638209301,0.0051351944566704003,0.028403388336300801,0.028403388336300801
ACOGNO,2014-05-31,0.0050640348345041275,-0.0169652793556451,-0.0169652793556451,0.0050640348345040997,0.028375307098030999,0.028375307098030999
ACOGNO,2014-06-30,0.0048706689849495888,-0.017199141904711699,-0.017199141904711699,0.0048706688685342002,0.028090143576264302,0.028090143576264302
ACOGNO,2014-07-31,0.0047857183963060379,-0.0171967763453722,-0.0171967763453722,0.0047857183963059997,0.027898469939827902,0.027898469939827902
ACOGNO,2014-08-31,0.0047986512072384357,-0.017460068687796499,-0.017460068687796499,0.0047986513236537003,0.028337748721241899,0.028337748721241899
ACOGNO,2014-09-30,0.0048279212787747383,-0.017731200903654099,-0.017731200903654099,0.0048279215116053004,0.028285432606935501,0.028285432606935501
ACOGNO,2014-10-31,0.0051978291012346745,-0.017266664654016401,-0.017266664654016401,0.0051978290430269997,0.028588291257619799,0.028588291257619799
ACOGNO,2014-11-30,0.0051077478565275669,-0.016950178891420298,-0.016950178891420298,0.0051077476819045,0.028568856418132699,0.028568856418132699
ACOGNO,2014-12-31,0.0051863682456314564,-0.0167761016637086,-0.0167761016637086,0.0051863680710083999,0.028625419363379399,0.028625419363379399
ACOGNO,2015-01-31,0.0050868797115981579,-0.016940118744969299,-0.016940118744969299,0.0050868794787675004,0.028738357126712799,0.028738357126712799
AMDMNOx,2013-02-28,0.0023121444974094629,-0.043155066668987198,-0.043155066668987198,0.0023121447302401001,0.0457460917532444,0.0457460917532444
AMDMNOx,2013-03-31,0.01672140508890152,-0.030128192156553199,-0.030128192156553199,0.016721405088901499,0.061444960534572601,0.061444960534572601
AMDMNOx,2013-04-30,0.0031799331773072481,-0.044776283204555498,-0.044776283204555498,0.0031799334101377998,0.048452433198690401,0.048452433198690401
AMDMNOx,2013-05-31,-0.00065435189753770828,-0.049075603485107401,-0.049075603485107401,-0.00065435189753770004,0.044797874987125397,0.044797874987125397
AMDMNOx,2013-06-30,0.010901779867708683,-0.037581674754619598,-0.037581674754619598,0.010901780333369899,0.056657537817955003,0.056657537817955003
AMDMNOx,2013-07-31,0.0015084878541529179,-0.0476314239203929,-0.0476314239203929,0.0015084878541529001,0.0474056489765644,0.0474056489765644
AMDMNOx,2013-08-31,0.0057594324462115765,-0.043781027197837802,-0.043781027197837802,0.0057594324462115001,0.051823183894157403,0.051823183894157403
AMDMNOx,2013-09-30,0.0091829923912882805,-0.040586087852716397,-0.040586087852716397,0.0091829923912882007,0.055381238460540702,0.055381238460540702
AMDMNOx,2013-10-31,0.0031222370453178883,-0.04651989787817,-0.04651989787817,0.0031222370453177998,0.049537785351276398,0.049537785351276398
AMDMNOx,2013-11-30,0.0027787364087998867,-0.047331016510725001,-0.047331016510725001,0.0027787364087998,0.049624759703874498,0.049624759703874498
AMDMNOx,2013-12-31,0.0037152951117604971,-0.0466141141951084,-0.0466141141951084,0.0037152948789298001,0.050508808344602502,0.050508808344602502
AMDMNOx,2014-01-31,0.00434905756264925,-0.046043604612350401,-0.046043604612350401,0.0043490580283105,0.050977278500795302,0.050977278500795302
AMDMNOx,2014-02-28,0.0038778758607804775,-0.046274811029434197,-0.046274811029434197,0.0038778758607803999,0.0501150749623775,0.0501150749623775
AMDMNOx,2014-03-31,0.004720812663435936,-0.046108786016702603,-0.046108786016702603,0.0047208131290971999,0.051691137254238101,0.051691137254238101
AMDMNOx,2014-04-30,0.0035009069833904505,-0.047269213944673497,-0.047269213944673497,0.003500907216221,0.050227772444486597,0.050227772444486597
AMDMNOx,2014-05-31,0.0041754273697733879,-0.046663373708724899,-0.046663373708724899,0.0041754269041120997,0.050893347710370997,0.050893347710370997
AMDMNOx,2014-06-30,0.004878118634223938,-0.045449852943420403,-0.045449852943420403,0.0048781181685626004,0.051366899162530899,0.051366899162530899
AMDMNOx,2014-07-31,0.0044987229630351067,-0.045711848884820903,-0.045711848884820903,0.0044987224973738003,0.050966273993253701,0.050966273993253701
AMDMNOx,2014-08-31,0.0048052724450826645,-0.045584257692098597,-0.045584257692098597,0.0048052719794213,0.051672518253326402,0.051672518253326402
AMDMNOx,2014-09-30,0.0045229187235236168,-0.046017512679100002,-0.046017512679100002,0.0045229182578623,0.0511042475700378,0.0511042475700378
AMDMNOx,2014-10-31,0.0045534851960837841,-0.045905221253633499,-0.045905221253633499,0.0045534851960837,0.0511157885193824,0.0511157885193824
AMDMNOx,2014-11-30,0.0049195759929716587,-0.045117139816284103,-0.045117139816284103,0.0049195759929715997,0.051092352718114797,0.051092352718114797
AMDMNOx,2014-12-31,0.0044308286160230637,-0.045431625097990001,-0.045431625097990001,0.0044308281503617,0.050300974398851298,0.050300974398851298
AMDMNOx,2015-01-31,0.0044283289462327957,-0.0458559840917587,-0.0458559840917587,0.0044283294118939998,0.050545465201139402,0.050545465201139402
AMDMUOx,2013-02-28,0.0052593778818845749,-0.0034351381473242998,-0.0034351381473242998,0.0052593778818845003,0.0149190183728933,0.0149190183728933
AMDMUOx,2013-03-31,0.0050324220210313797,-0.0041684512980282003,-0.0041684512980282003,0.0050324220210312999,0.0155071262270212,0.0155071262270212
AMDMUOx,2013-04-30,0.0048947711475193501,-0.004816576372832,-0.004816576372832,0.0048947711475192997,0.015955640003085102,0.015955640003085102
AMDMUOx,2013-05-31,0.0046822074800729752,-0.0052669816650450004,-0.0052669816650450004,0.0046822074800728997,0.0159569885581731,0.0159569885581731
AMDMUOx,2013-06-30,0.0047971112653613091,-0.0054180114530026002,-0.0054180114530026002,0.0047971112653613004,0.016332462430000302,0.016332462430000302
AMDMUOx,2013-07-31,0.0051067355088889599,-0.0051542459987103002,-0.0051542459987103002,0.0051067355088889,0.016814962029456999,0.016814962029456999
AMDMUOx,2013-08-31,0.0053372317925095558,-0.0051479735411702997,-0.0051479735411702997,0.0053372317925095003,0.0171139538288116,0.0171139538288116
AMDMUOx,2013-09-30,0.0054161436855792999,-0.0052798152901232,-0.0052798152901232,0.0054161436855792999,0.017264995723962701,0.017264995723962701
AMDMUOx,2013-10-31,0.0052178674377501011,-0.0056633274070917996,-0.0056633274070917996,0.0052178674377501002,0.017290903255343399,0.017290903255343399
AMDMUOx,2013-11-30,0.0051751676946878433,-0.0060750129632650999,-0.0060750129632650999,0.0051751676946878,0.017548782750964099,0.017548782750964099
AMDMUOx,2013-12-31,0.0051160645671188831,-0.0062121064402163003,-0.0062121064402163003,0.0051160645671187999,0.017638295888900701,0.017638295888900701
AMDMUOx,2014-01-31,0.0052377493120729923,-0.0060691949911414996,-0.0060691949911414996,0.0052377493120729004,0.017754336819052599,0.017754336819052599
AMDMUOx,2014-02-28,0.0053370418027043343,-0.0060939346440135999,-0.0060939346440135999,0.0053370418027043004,0.017775652930140402,0.017775652930140402
AMDMUOx,2014-03-31,0.0053713619709014893,-0.0061880243010818004,-0.0061880243010818004,0.0053713619709013999,0.017961051315069199,0.017961051315069199
AMDMUOx,2014-04-30,0.0049900198355317116,-0.0065315798856317997,-0.0065315798856317997,0.0049900198355317003,0.017703391611576001,0.017703391611576001
AMDMUOx,2014-05-31,0.0045082103461027145,-0.0071247876621781999,-0.0071247876621781999,0.0045082103461026998,0.017497189342975599,0.017497189342975599
AMDMUOx,2014-06-30,0.0043960846960544586,-0.0074735633097588999,-0.0074735633097588999,0.0043960846960543996,0.017571631819009701,0.017571631819009701
AMDMUOx,2014-07-31,0.0041704028844833374,-0.0078930482268333001,-0.0078930482268333001,0.0041704028844833001,0.017289908602833699,0.017289908602833699
AMDMUOx,2014-08-31,0.0039706914685666561,-0.0084037445485591004,-0.0084037445485591004,0.0039706914685665997,0.017329871654510401,0.017329871654510401
AMDMUOx,2014-09-30,0.0041936002671718597,-0.0081212557852267993,-0.0081212557852267993,0.0041936002671717999,0.0175652001053094,0.0175652001053094
AMDMUOx,2014-10-31,0.0040505211800336838,-0.0083474423736332997,-0.0083474423736332997,0.0040505211800335996,0.017363689839839901,0.017363689839839901
AMDMUOx,2014-11-30,0.0038963430561125278,-0.0085500832647084999,-0.0085500832647084999,0.0038963430561125001,0.017414359375834399,0.017414359375834399
AMDMUOx,2014-12-31,0.0037901680916547775,-0.0087627843022345994,-0.0087627843022345994,0.0037901680916546999,0.017299521714448901,0.017299521714448901
AMDMUOx,2015-01-31,0.0038625136949121952,-0.0088766906410454992,-0.0088766906410454992,0.0038625136949120998,0.017463827505707699,0.017463827505707699
ANDENOx,2013-02-28,-0.049541383981704712,-0.13484883308410639,-0.13484883308410639,-0.049541383981704698,0.032715108944103101,0.032715108944103101
ANDENOx,2013-03-31,0.033630941063165665,-0.055467449128627701,-0.055467449128627701,0.033630941063165602,0.1185690015554428,0.1185690015554428
ANDENOx,2013-04-30,0.020141148939728737,-0.072013795375823905,-0.072013795375823905,0.020141149172559301,0.1072646901011467,0.1072646901011467
ANDENOx,2013-05-31,-0.018095007166266441,-0.1128555536270141,-0.1128555536270141,-0.0180950071662664,0.0701900869607925,0.0701900869607925
ANDENOx,2013-06-30,0.025117557495832443,-0.0706979185342788,-0.0706979185342788,0.025117557495832402,0.11595971882343289,0.11595971882343289
ANDENOx,2013-07-31,0.01715073361992836,-0.080094121396541595,-0.080094121396541595,0.017150733154267,0.1091624647378921,0.1091624647378921
ANDENOx,2013-08-31,-0.011183066293597221,-0.108965665102005,-0.108965665102005,-0.011183066293597201,0.081825435161590507,0.081825435161590507
ANDENOx,2013-09-30,0.014781125821173191,-0.082918629050254794,-0.082918629050254794,0.014781124889850601,0.1085225194692611,0.1085225194692611
ANDENOx,2013-10-31,0.012587089091539383,-0.085500977933406802,-0.085500977933406802,0.0125870881602168,0.1068717911839485,0.1068717911839485
ANDENOx,2013-11-30,-0.0021219132468104362,-0.1009804531931877,-0.1009804531931877,-0.002121914178133,0.092668630182743003,0.092668630182743003
ANDENOx,2013-12-31,0.01047320943325758,-0.088630847632884896,-0.088630847632884896,0.010473208501935,0.1048371642827987,0.1048371642827987
ANDENOx,2014-01-31,0.0075962590053677559,-0.090977780520915902,-0.090977780520915902,0.0075962599366903001,0.1016837805509567,0.1016837805509567
ANDENOx,2014-02-28,0.0030168602243065834,-0.0951984822750091,-0.0951984822750091,0.0030168592929840001,0.096462845802307101,0.096462845802307101
ANDENOx,2014-03-31,0.0034013863187283278,-0.096130795776843997,-0.096130795776843997,0.0034013856202363001,0.098643966019153595,0.098643966019153595
ANDENOx,2014-04-30,0.0068522347137331963,-0.092506460845470401,-0.092506460845470401,0.0068522337824106,0.10220684856176369,0.10220684856176369
ANDENOx,2014-05-31,0.0032417064066976309,-0.096371300518512698,-0.096371300518512698,0.0032417066395281999,0.098803445696830694,0.098803445696830694
ANDENOx,2014-06-30,0.0065904874354600906,-0.092795990407466805,-0.092795990407466805,0.0065904874354600004,0.1012977138161659,0.1012977138161659
ANDENOx,2014-07-31,0.0088497744873166084,-0.090791627764701802,-0.090791627764701802,0.0088497735559940009,0.1041502654552459,0.1041502654552459
ANDENOx,2014-08-31,0.0040485970675945282,-0.095555983483791296,-0.095555983483791296,0.0040485970675944996,0.099980510771274497,0.099980510771274497
ANDENOx,2014-09-30,0.0064490800723433495,-0.094254344701766898,-0.094254344701766898,0.0064490810036658998,0.10158584266901011,0.10158584266901011
ANDENOx,2014-10-31,0.0066254348494112492,-0.093262642621994005,-0.093262642621994005,0.0066254343837499003,0.1017859429121017,0.1017859429121017
ANDENOx,2014-11-30,0.0068565965630114079,-0.091688461601734106,-0.091688461601734106,0.0068565960973500997,0.1015086397528648,0.1015086397528648
ANDENOx,2014-12-31,0.0066282199695706367,-0.090632647275924599,-0.090632647275924599,0.0066282190382479997,0.1013334244489669,0.1013334244489669
ANDENOx,2015-01-31,0.0069061713293194771,-0.091400086879730197,-0.091400086879730197,0.0069061713293193999,0.10181225836277,0.10181225836277
AWHMAN,2013-02-28,41.715000152587891,41.56158447265625,41.56158447265625,41.715000152587891,41.856826782226562,41.856826782226562
AWHMAN,2013-03-31,41.777809143066406,41.621700286865234,41.621700286865234,41.777809143066406,41.936607360839837,41.936607360839837
AWHMAN,2013-04-30,41.810661315917969,41.650985717773438,41.650985717773438,41.810661315917969,41.962497711181641,41.962497711181641
AWHMAN,2013-05-31,41.848953247070312,41.702796936035149,41.702796936035149,41.848953247070312,41.999195098876953,41.999195098876953
AWHMAN,2013-06-30,41.830581665039062,41.685615539550781,41.685615539550781,41.830581665039062,41.980567932128906,41.980567932128906
AWHMAN,2013-07-31,41.837978363037109,41.709968566894531,41.709968566894531,41.837978363037109,41.991989135742188,41.991989135742188
AWHMAN,2013-08-31,41.854591369628906,41.722797393798828,41.722797393798828,41.854591369628906,42.008213043212891,42.008213043212891
AWHMAN,2013-09-30,41.847698211669922,41.710247039794922,41.710247039794922,41.847698211669922,41.990062713623047,41.990062713623047
AWHMAN,2013-10-31,41.831809997558594,41.704238891601562,41.704238891601562,41.831809997558594,41.969799041748047,41.969799041748047
AWHMAN,2013-11-30,41.845970153808594,41.722713470458984,41.722713470458984,41.845970153808594,41.994045257568359,41.994045257568359
AWHMAN,2013-12-31,41.8211669921875,41.720943450927734,41.720943450927734,41.8211669921875,41.96624755859375,41.96624755859375
AWHMAN,2014-01-31,41.826789855957031,41.692176818847656,41.692176818847656,41.826789855957031,41.978031158447266,41.978031158447266
AWHMAN,2014-02-28,41.864601135253906,41.739845275878906,41.739845275878906,41.864601135253906,41.992298126220703,41.992298126220703
AWHMAN,2014-03-31,41.905178070068359,41.775588989257812,41.775588989257812,41.905178070068359,42.042896270751953,42.042896270751953
AWHMAN,2014-04-30,41.967628479003906,41.854965209960938,41.854965209960938,41.967628479003906,42.11126708984375,42.11126708984375
AWHMAN,2014-05-31,42.023170471191406,41.913185119628906,41.913185119628906,42.023170471191406,42.150463104248047,42.150463104248047
AWHMAN,2014-06-30,42.08050537109375,41.954917907714851,41.954917907714851,42.08050537109375,42.221363067626953,42.221363067626953
AWHMAN,2014-07-31,42.143474578857422,42.020542144775391,42.020542144775391,42.143474578857422,42.266483306884766,42.266483306884766
AWHMAN,2014-08-31,42.183349609375,42.070426940917969,42.070426940917969,42.183349609375,42.310192108154297,42.310192108154297
AWHMAN,2014-09-30,42.219326019287109,42.100749969482422,42.100749969482422,42.219326019287109,42.347579956054688,42.347579956054688
AWHMAN,2014-10-31,42.192005157470703,42.073982238769531,42.073982238769531,42.192005157470703,42.310394287109375,42.310394287109375
AWHMAN,2014-11-30,42.162082672119141,42.013278961181641,42.013278961181641,42.162082672119141,42.297225952148438,42.297225952148438
AWHMAN,2014-12-31,42.141506195068359,41.994014739990234,41.994014739990234,42.141506195068359,42.274524688720703,42.274524688720703
AWHMAN,2015-01-31,42.111076354980469,41.973041534423828,41.973041534423828,42.111076354980469,42.236396789550781,42.236396789550781
AWOTMAN,2013-02-28,0.010149402543902397,-0.1078950613737106,-0.1078950613737106,0.0101494025439023,0.1274969726800918,0.1274969726800918
AWOTMAN,2013-03-31,0.010042500682175159,-0.1139449998736381,-0.1139449998736381,0.010042501613497699,0.13494805991649619,0.13494805991649619
AWOTMAN,2013-04-30,-0.0015194292645901442,-0.12727212905883789,-0.12727212905883789,-0.0015194285660982,0.12384412437677381,0.12384412437677381
AWOTMAN,2013-05-31,0.0023710604291409254,-0.1243729069828987,-0.1243729069828987,0.0023710597306488999,0.1283411830663681,0.1283411830663681
AWOTMAN,2013-06-30,0.0077168755233287811,-0.11939969658851619,-0.11939969658851619,0.0077168755233286996,0.13479015231132499,0.13479015231132499
AWOTMAN,2013-07-31,0.011510077863931656,-0.1165073290467262,-0.1165073290467262,0.011510076932609,0.1387620121240615,0.1387620121240615
AWOTMAN,2013-08-31,0.0049007665365934372,-0.1234685257077217,-0.1234685257077217,0.0049007665365933999,0.1326540261507034,0.1326540261507034
AWOTMAN,2013-09-30,0.0090478323400020599,-0.1217353194952011,-0.1217353194952011,0.0090478323400019992,0.1364917308092117,0.1364917308092117
AWOTMAN,2013-10-31,0.006433186586946249,-0.12671776115894309,-0.12671776115894309,0.0064331870526074999,0.138075441122055,0.138075441122055
AWOTMAN,2013-11-30,0.0094284787774085999,-0.12676088511943809,-0.12676088511943809,0.0094284787774085999,0.1428113579750061,0.1428113579750061
AWOTMAN,2013-12-31,0.004640788771212101,-0.1313658207654953,-0.1313658207654953,0.0046407897025346001,0.13902246952056879,0.13902246952056879
AWOTMAN,2014-01-31,0.0087174829095602036,-0.12939161062240601,-0.12939161062240601,0.0087174829095602001,0.14234535396099091,0.14234535396099091
AWOTMAN,2014-02-28,0.005644187331199646,-0.1333125084638595,-0.1333125084638595,0.0056441873311996,0.1407543867826461,0.1407543867826461
AWOTMAN,2014-03-31,0.0058224694803357124,-0.13564968109130859,-0.13564968109130859,0.0058224685490130997,0.1421598494052887,0.1421598494052887
AWOTMAN,2014-04-30,-0.001365157775580883,-0.14302429556846619,-0.14302429556846619,-0.0013651568442583,0.13663013279438019,0.13663013279438019
AWOTMAN,2014-05-31,0.0032607358880341053,-0.13996307551860809,-0.13996307551860809,0.0032607354223728002,0.1420112252235412,0.1420112252235412
AWOTMAN,2014-06-30,-0.0023893928155303001,-0.1447789520025253,-0.1447789520025253,-0.0023893937468528002,0.13525839149951929,0.13525839149951929
AWOTMAN,2014-07-31,-0.0022375513799488544,-0.1439892053604126,-0.1439892053604126,-0.0022375509142874999,0.13590268790721891,0.13590268790721891
AWOTMAN,2014-08-31,-0.0059718592092394829,-0.1487025171518325,-0.1487025171518325,-0.0059718582779168996,0.1341966986656189,0.1341966986656189
AWOTMAN,2014-09-30,-0.0028228717856109142,-0.146315723657608,-0.146315723657608,-0.0028228722512721998,0.13602073490619659,0.13602073490619659
AWOTMAN,2014-10-31,-0.0059683630242943764,-0.14894238114356989,-0.14894238114356989,-0.0059683639556168998,0.13218680024147031,0.13218680024147031
AWOTMAN,2014-11-30,-0.0031292601488530636,-0.14444231986999509,-0.14444231986999509,-0.0031292606145143002,0.1342025101184845,0.1342025101184845
AWOTMAN,2014-12-31,-0.0041485428810119629,-0.14489743113517761,-0.14489743113517761,-0.0041485428810118996,0.13310174643993369,0.13310174643993369
AWOTMAN,2015-01-31,0.0012111547403037548,-0.1416774094104766,-0.1416774094104766,0.001211155205965,0.13994278013706199,0.13994278013706199
BAA,2013-02-28,0.0075334822759032249,-0.23305664956569669,-0.23305664956569669,0.0075334832072256998,0.2407910078763961,0.2407910078763961
BAA,2013-03-31,-0.010404509492218494,-0.26571297645568848,-0.26571297645568848,-0.010404508560895901,0.23917537927627561,0.23917537927627561
BAA,2013-04-30,-0.019066162407398224,-0.2815098762512207,-0.2815098762512207,-0.0190661624073982,0.2375660687685012,0.2375660687685012
BAA,2013-05-31,-0.023060239851474762,-0.28766417503356928,-0.28766417503356928,-0.0230602398514747,0.2359294593334198,0.2359294593334198
BAA,2013-06-30,-0.025287926197052002,-0.29027515649795532,-0.29027515649795532,-0.025287926197051998,0.23485700786113739,0.23485700786113739
BAA,2013-07-31,-0.024235744029283524,-0.2898732721805572,-0.2898732721805572,-0.024235744029283499,0.2342991828918457,0.2342991828918457
BAA,2013-08-31,-0.021851584315299988,-0.28867366909980768,-0.28867366909980768,-0.021851584315299901,0.237900361418724,0.237900361418724
BAA,2013-09-30,-0.020346838980913162,-0.28554585576057429,-0.28554585576057429,-0.0203468389809131,0.2378458082675933,0.2378458082675933
BAA,2013-10-31,-0.019422078505158424,-0.28740653395652771,-0.28740653395652771,-0.019422076642513199,0.23956070840358731,0.23956070840358731
BAA,2013-11-30,-0.015751466155052185,-0.28486025333404541,-0.28486025333404541,-0.015751466155052098,0.2426616549491882,0.2426616549491882
BAA,2013-12-31,-0.014977249316871166,-0.2860062420368194,-0.2860062420368194,-0.014977250248193699,0.24600511789321899,0.24600511789321899
BAA,2014-01-31,-0.01462482288479805,-0.28675952553749079,-0.28675952553749079,-0.014624822884798,0.24705114960670471,0.24705114960670471
BAA,2014-02-28,-0.017412092536687851,-0.28991043567657471,-0.28991043567657471,-0.017412092536687799,0.2442315518856048,0.2442315518856048
BAA,2014-03-31,-0.019036799669265747,-0.29259186983108521,-0.29259186983108521,-0.019036799669265698,0.24442213773727409,0.24442213773727409
BAA,2014-04-30,-0.021629668772220612,-0.29751193523406982,-0.29751193523406982,-0.021629668772220601,0.24337241053581229,0.24337241053581229
BAA,2014-05-31,-0.019767479971051216,-0.2951075136661529,-0.2951075136661529,-0.019767478108406001,0.2460434734821319,0.2460434734821319
BAA,2014-06-30,-0.020395155996084213,-0.29628956317901611,-0.29628956317901611,-0.020395155996084199,0.24680685997009269,0.24680685997009269
BAA,2014-07-31,-0.023007439449429512,-0.2979197204113006,-0.2979197204113006,-0.0230074375867843,0.24309378862380979,0.24309378862380979
BAA,2014-08-31,-0.021296301856637001,-0.30275833606719971,-0.30275833606719971,-0.0212962999939918,0.25065726041793818,0.25065726041793818
BAA,2014-09-30,-0.021388635039329529,-0.301716148853302,-0.301716148853302,-0.021388635039329501,0.25012129545211792,0.25012129545211792
BAA,2014-10-31,-0.02021808922290802,-0.29980680346488953,-0.29980680346488953,-0.020218089222907999,0.25088119506835938,0.25088119506835938
BAA,2014-11-30,-0.02294548973441124,-0.29897564649581909,-0.29897564649581909,-0.022945489734411201,0.243945837020874,0.243945837020874
BAA,2014-12-31,-0.02441081777215004,-0.30067002773284912,-0.30067002773284912,-0.024410817772150002,0.2423776388168335,0.2423776388168335
BAA,2015-01-31,-0.023019775748252869,-0.30106613039970398,-0.30106613039970398,-0.023019775748252799,0.24626192450523371,0.24626192450523371
BAAFFM,2013-02-28,4.699038028717041,4.5092854499816895,4.5092854499816895,4.699038028717041,4.9065332412719727,4.9065332412719727
BAAFFM,2013-03-31,4.7752084732055664,4.5514745712280273,4.5514745712280273,4.7752084732055664,5.0126872062683105,5.0126872062683105
BAAFFM,2013-04-30,4.8671960830688477,4.6142992973327637,4.6142992973327637,4.8671960830688477,5.1438050270080566,5.1438050270080566
BAAFFM,2013-05-31,4.9754247665405273,4.6755490303039551,4.6755490303039551,4.9754247665405273,5.2781786918640137,5.2781786918640137
BAAFFM,2013-06-30,5.0940227508544922,4.7890768051147461,4.7890768051147461,5.0940227508544922,5.4152393341064453,5.4152393341064453
BAAFFM,2013-07-31,5.1965007781982422,4.9009690284729004,4.9009690284729004,5.1965007781982422,5.5175685882568359,5.5175685882568359
BAAFFM,2013-08-31,5.3172616958618164,5.0405540466308594,5.0405540466308594,5.3172616958618164,5.6202220916748047,5.6202220916748047
BAAFFM,2013-09-30,5.3442440032958984,5.032282829284668,5.032282829284668,5.3442440032958984,5.6221017837524414,5.6221017837524414
BAAFFM,2013-10-31,5.326911449432373,5.060246467590332,5.060246467590332,5.326911449432373,5.5864748954772949,5.5864748954772949
BAAFFM,2013-11-30,5.2977561950683594,5.0024747848510742,5.0024747848510742,5.2977561950683594,5.6082067489624023,5.6082067489624023
BAAFFM,2013-12-31,5.2820587158203125,5.0143156051635742,5.0143156051635742,5.2820587158203125,5.5624523162841797,5.5624523162841797
BAAFFM,2014-01-31,5.198819637298584,4.8928031921386719,4.8928031921386719,5.198819637298584,5.5413250923156738,5.5413250923156738
BAAFFM,2014-02-28,5.0941076278686523,4.8191394805908203,4.8191394805908203,5.0941076278686523,5.3539800643920898,5.3539800643920898
BAAFFM,2014-03-31,5.0364570617675781,4.7441091537475586,4.7441091537475586,5.0364570617675781,5.3122363090515137,5.3122363090515137
BAAFFM,2014-04-30,4.9831790924072266,4.7027950286865234,4.7027950286865234,4.9831790924072266,5.2427182197570801,5.2427182197570801
BAAFFM,2014-05-31,4.9043021202087402,4.5892934799194336,4.5892934799194336,4.9043021202087402,5.1768598556518555,5.1768598556518555
BAAFFM,2014-06-30,4.843437671661377,4.5087594985961914,4.5087594985961914,4.843437671661377,5.1212325096130371,5.1212325096130371
BAAFFM,2014-07-31,4.7617716789245605,4.4014749526977539,4.4014749526977539,4.7617716789245605,5.0715556144714355,5.0715556144714355
BAAFFM,2014-08-31,4.7020325660705566,4.3764982223510742,4.3764982223510742,4.7020325660705566,4.9671487808227539,4.9671487808227539
BAAFFM,2014-09-30,4.6887369155883789,4.3566117286682129,4.3566117286682129,4.6887369155883789,4.9613966941833496,4.9613966941833496
BAAFFM,2014-10-31,4.6906609535217285,4.3972978591918945,4.3972978591918945,4.6906609535217285,4.9584431648254395,4.9584431648254395
BAAFFM,2014-11-30,4.6701717376708984,4.3053197860717773,4.3053197860717773,4.6701717376708984,5.0281634330749512,5.0281634330749512
BAAFFM,2014-12-31,4.6691784858703613,4.3095932006835938,4.3095932006835938,4.6691784858703613,5.0088849067687988,5.0088849067687988
BAAFFM,2015-01-31,4.6849751472473145,4.3414640426635742,4.3414640426635742,4.6849751472473145,5.0356254577636719,5.0356254577636719
BOGMBASE,2013-02-28,0.0068960981443524361,-0.0096516739577054006,-0.0096516739577054006,0.0068960981443523996,0.023988904431462201,0.023988904431462201
BOGMBASE,2013-03-31,0.00086929718963801861,-0.016727799549698798,-0.016727799549698798,0.00086929718963799996,0.019265308976173401,0.019265308976173401
BOGMBASE,2013-04-30,-0.00040608338895253837,-0.0184422545135021,-0.0184422545135021,-0.00040608341805629998,0.018472675234079299,0.018472675234079299
BOGMBASE,2013-05-31,-0.0017760532209649682,-0.020130161195993399,-0.020130161195993399,-0.0017760531045496,0.017534147948026602,0.017534147948026602
BOGMBASE,2013-06-30,0.0026432238519191742,-0.0158911719918251,-0.0158911719918251,0.0026432238519191,0.0223433263599872,0.0223433263599872
BOGMBASE,2013-07-31,0.0042759869247674942,-0.014570309780538001,-0.014570309780538001,0.0042759868665598003,0.024308843538164999,0.024308843538164999
BOGMBASE,2013-08-31,-0.0019816567655652761,-0.021213958039879799,-0.021213958039879799,-0.0019816567655651998,0.017889391630887898,0.017889391630887898
BOGMBASE,2013-09-30,-0.0044528869912028313,-0.023947158828377699,-0.023947158828377699,-0.0044528869912028,0.015506581403315,0.015506581403315
BOGMBASE,2013-10-31,0.005064111202955246,-0.0144995925948023,-0.0144995925948023,0.0050641112029552,0.0249330289661884,0.0249330289661884
BOGMBASE,2013-11-30,0.0032016464974731207,-0.016546513885259601,-0.016546513885259601,0.0032016464974730999,0.023149250075220999,0.023149250075220999
BOGMBASE,2013-12-31,0.00073346885619685054,-0.018767321482300699,-0.018767321482300699,0.00073346891440449996,0.020378172397613501,0.020378172397613501
BOGMBASE,2014-01-31,-0.0027703545056283474,-0.022384231910109499,-0.022384231910109499,-0.0027703545056283001,0.016635347157716699,0.016635347157716699
BOGMBASE,2014-02-28,0.0039009344764053822,-0.015629695728421201,-0.015629695728421201,0.0039009344181977,0.0235334243625402,0.0235334243625402
BOGMBASE,2014-03-31,0.0032462312374264002,-0.016724055632948799,-0.016724055632948799,0.0032462312083224999,0.023283230140805199,0.023283230140805199
BOGMBASE,2014-04-30,-0.00092102575581520796,-0.021187460049986801,-0.021187460049986801,-0.00092102587223049997,0.0194223131984472,0.0194223131984472
BOGMBASE,2014-05-31,-0.0037516881711781025,-0.024217922240495598,-0.024217922240495598,-0.0037516881711780999,0.0165611393749713,0.0165611393749713
BOGMBASE,2014-06-30,0.0025030144024640322,-0.017680974677204999,-0.017680974677204999,0.0025030144024640001,0.022494157776236499,0.022494157776236499
BOGMBASE,2014-07-31,0.0025027510710060596,-0.017589118331670699,-0.017589118331670699,0.0025027511874212999,0.0226558931171894,0.0226558931171894
BOGMBASE,2014-08-31,-0.0026200818829238415,-0.022825425490736899,-0.022825425490736899,-0.0026200818829237998,0.0177502296864986,0.0177502296864986
BOGMBASE,2014-09-30,-0.0036705827806144953,-0.024333931505680001,-0.024333931505680001,-0.0036705827806143999,0.016676783561706501,0.016676783561706501
BOGMBASE,2014-10-31,0.0040395734831690788,-0.016937769949436101,-0.016937769949436101,0.0040395734831689999,0.024705985561013201,0.024705985561013201
BOGMBASE,2014-11-30,0.0036281077191233635,-0.017513517290353699,-0.017513517290353699,0.0036281076609157,0.024398751556873301,0.024398751556873301
BOGMBASE,2014-12-31,0.00071134691825136542,-0.020459886640310201,-0.020459886640310201,0.00071134697645899999,0.0214446447789669,0.0214446447789669
BOGMBASE,2015-01-31,-0.0041061434894800186,-0.025356970727443601,-0.025356970727443601,-0.0041061434894800004,0.016978170722723,0.016978170722723
BUSINVx,2013-02-28,0.0053453706204891205,0.00028253253549329998,0.00028253253549329998,0.0053453706204890997,0.0096798352897166998,0.0096798352897166998
BUSINVx,2013-03-31,0.0048926523886620998,-0.00074500823393460001,-0.00074500823393460001,0.0048926523886620998,0.0096913166344165004,0.0096913166344165004
BUSINVx,2013-04-30,0.0045953178778290749,-0.0014863903634249999,-0.0014863903634249999,0.0045953178778290003,0.0096794189885257998,0.0096794189885257998
BUSINVx,2013-05-31,0.0043844366446137428,-0.0019840328022837001,-0.0019840328022837001,0.0043844366446137003,0.0096926074475049001,0.0096926074475049001
BUSINVx,2013-06-30,0.0042012906633317471,-0.0023304265923798002,-0.0023304265923798002,0.0042012906633317002,0.0097059905529022009,0.0097059905529022009
BUSINVx,2013-07-31,0.0041654598899185658,-0.0025123562663793,-0.0025123562663793,0.0041654598899184998,0.0097915148362516993,0.0097915148362516993
BUSINVx,2013-08-31,0.0042064269073307514,-0.0024569341912865001,-0.0024569341912865001,0.0042064269073307002,0.0098973354324697997,0.0098973354324697997
BUSINVx,2013-09-30,0.0044308803044259548,-0.0022506117820739,-0.0022506117820739,0.0044308803044259002,0.010150624439120201,0.010150624439120201
BUSINVx,2013-10-31,0.0045850132592022419,-0.0021415022201836001,-0.0021415022201836001,0.0045850132592022003,0.010279163718223501,0.010279163718223501
BUSINVx,2013-11-30,0.0048388615250587463,-0.0019780760630964999,-0.0019780760630964999,0.0048388615250587004,0.010576054453849701,0.010576054453849701
BUSINVx,2013-12-31,0.0049038385041058064,-0.0019253892824053001,-0.0019253892824053001,0.0049038385041058003,0.0106233358383178,0.0106233358383178
BUSINVx,2014-01-31,0.005105240736156702,-0.0017280089668929,-0.0017280089668929,0.0051052407361567003,0.010786136612296099,0.010786136612296099
BUSINVx,2014-02-28,0.0052485689520835876,-0.0014998512342572,-0.0014998512342572,0.0052485689520835,0.0108429174870252,0.0108429174870252
BUSINVx,2014-03-31,0.0052981055341660976,-0.0015018130652605999,-0.0015018130652605999,0.0052981055341659996,0.0109225632622838,0.0109225632622838
BUSINVx,2014-04-30,0.0053261350840330124,-0.0015071346424520001,-0.0015071346424520001,0.0053261350840330002,0.010982649400830199,0.010982649400830199
BUSINVx,2014-05-31,0.005418253131210804,-0.0015039802528917,-0.0015039802528917,0.0054182531312107996,0.0112064508721232,0.0112064508721232
BUSINVx,2014-06-30,0.0053904354572296143,-0.0016451422125101001,-0.0016451422125101001,0.0053904354572296004,0.011274129152297901,0.011274129152297901
BUSINVx,2014-07-31,0.0053199608810245991,-0.0018672347068786001,-0.0018672347068786001,0.0053199608810245002,0.011255615390837101,0.011255615390837101
BUSINVx,2014-08-31,0.0052556227892637253,-0.0022163572721183001,-0.0022163572721183001,0.0052556227892637001,0.011462839320301999,0.011462839320301999
BUSINVx,2014-09-30,0.0051447497680783272,-0.0024730861186981002,-0.0024730861186981002,0.0051447497680783003,0.011354353278875301,0.011354353278875301
BUSINVx,2014-10-31,0.0050567048601806164,-0.0027146260254084999,-0.0027146260254084999,0.0050567048601805999,0.011224856600165299,0.011224856600165299
BUSINVx,2014-11-30,0.0048162275925278664,-0.0031231385655701,-0.0031231385655701,0.0048162275925277996,0.0109770949929952,0.0109770949929952
BUSINVx,2014-12-31,0.0047273915261030197,-0.0033222911879419999,-0.0033222911879419999,0.0047273915261029998,0.0109011000022292,0.0109011000022292
BUSINVx,2015-01-31,0.0045638582669198513,-0.0037426752969622001,-0.0037426752969622001,0.0045638582669198001,0.0108928456902503,0.0108928456902503
BUSLOANS,2013-02-28,0.00023879368382040411,-0.0067502153106033004,-0.0067502153106033004,0.00023879366926840001,0.0070619303733110003,0.0070619303733110003
BUSLOANS,2013-03-31,0.0011832499876618385,-0.0061160628683865001,-0.0061160628683865001,0.0011832499731099001,0.0082916077226399994,0.0082916077226399994
BUSLOANS,2013-04-30,7.2963790444191545e-05,-0.0073550683446228001,-0.0073550683446228001,7.2963768616318703e-05,0.0073311943560837997,0.0073311943560837997
BUSLOANS,2013-05-31,5.3470030252356082e-06,-0.0074900658801197997,-0.0074900658801197997,5.346955731511116e-06,0.0073073841631412003,0.0073073841631412003
BUSLOANS,2013-06-30,9.9613062047865242e-05,-0.0074708671309052996,-0.0074708671309052996,9.9613098427653326e-05,0.0074638505466282003,0.0074638505466282003
BUSLOANS,2013-07-31,0.00011490157339721918,-0.0075262002646922996,-0.0075262002646922996,0.0001149015733972,0.0075511559844017003,0.0075511559844017003
BUSLOANS,2013-08-31,-0.00012435088865458965,-0.0077718254178762002,-0.0077718254178762002,-0.00012435088865449999,0.0073443618603049998,0.0073443618603049998
BUSLOANS,2013-09-30,0.00039143150206655264,-0.007305599283427,-0.007305599283427,0.0003914315020665,0.0078548612073063,0.0078548612073063
BUSLOANS,2013-10-31,0.00024067882623057812,-0.0074977139011025004,-0.0074977139011025004,0.00024067878257479999,0.0078090685419737998,0.0078090685419737998
BUSLOANS,2013-11-30,0.00017690396634861827,-0.0075787603855132996,-0.0075787603855132996,0.0001769039081409,0.0077898474410176,0.0077898474410176
BUSLOANS,2013-12-31,0.00036918651312589645,-0.0073762438260018002,-0.0073762438260018002,0.00036918651312580001,0.0080151269212364994,0.0080151269212364994
BUSLOANS,2014-01-31,0.00018037254631053656,-0.0075343656353652,-0.0075343656353652,0.0001803725026547,0.0077261393889783998,0.0077261393889783998
BUSLOANS,2014-02-28,0.00020369392586871982,-0.0075082778930664002,-0.0075082778930664002,0.000203693867661,0.0077627119608222996,0.0077627119608222996
BUSLOANS,2014-03-31,0.0002226859942311421,-0.0075456118211149996,-0.0075456118211149996,0.00022268597967919999,0.0078468276187776999,0.0078468276187776999
BUSLOANS,2014-04-30,0.00024739085347391665,-0.0075439279899001,-0.0075439279899001,0.00024739082437,0.0078999437391756994,0.0078999437391756994
BUSLOANS,2014-05-31,0.00024473166558891535,-0.0075786011293529996,-0.0075786011293529996,0.00024473166558890001,0.0078942319378256,0.0078942319378256
BUSLOANS,2014-06-30,0.00034013332333415747,-0.0074438410811125998,-0.0074438410811125998,0.0003401333233341,0.0079892482608556002,0.0079892482608556002
BUSLOANS,2014-07-31,0.00019501300994306803,-0.0075793527066707004,-0.0075793527066707004,0.00019501300994299999,0.0078432969748972996,0.0078432969748972996
BUSLOANS,2014-08-31,0.00020319924806244671,-0.0076639899052679001,-0.0076639899052679001,0.00020319921895859999,0.0079439012333749996,0.0079439012333749996
BUSLOANS,2014-09-30,0.00010198551171924919,-0.0078024785034357998,-0.0078024785034357998,0.0001019855262711,0.0078354105353354991,0.0078354105353354991
BUSLOANS,2014-10-31,0.00015490064106415957,-0.0077385702170430998,-0.0077385702170430998,0.00015490059740840001,0.0078861964866518003,0.0078861964866518003
BUSLOANS,2014-11-30,0.00017360154015477747,-0.0076491464860737003,-0.0076491464860737003,0.0001736015547066,0.0077752368524670002,0.0077752368524670002
BUSLOANS,2014-12-31,0.0002522303257137537,-0.0075410050339995999,-0.0075410050339995999,0.00025223032571369998,0.0078404871746897004,0.0078404871746897004
BUSLOANS,2015-01-31,0.0002387561253271997,-0.0076251341961323998,-0.0076251341961323998,0.0002387560671195,0.0078788949176668999,0.0078788949176668999
CE16OV,2013-02-28,0.00064064125763252378,-0.0020605069585143999,-0.0020605069585143999,0.00064064125763250003,0.0032816855236886999,0.0032816855236886999
CE16OV,2013-03-31,0.00047372444532811642,-0.0023638256825506002,-0.0023638256825506002,0.00047372444532809999,0.0032696151174603999,0.0032696151174603999
CE16OV,2013-04-30,0.00052739999955520034,-0.0024132719263433998,-0.0024132719263433998,0.00052739999955520001,0.0033756401389837,0.0033756401389837
CE16OV,2013-05-31,0.0007644158904440701,-0.0022044936195015001,-0.0022044936195015001,0.00076441589044399995,0.0036292052827775001,0.0036292052827775001
CE16OV,2013-06-30,0.00087767408695071936,-0.0021344949491322002,-0.0021344949491322002,0.00087767408695069995,0.0037831515073775998,0.0037831515073775998
CE16OV,2013-07-31,0.00085464457515627146,-0.0022102613002060998,-0.0022102613002060998,0.00085464457515620001,0.0037864856421946998,0.0037864856421946998
CE16OV,2013-08-31,0.00069085892755538225,-0.0023921038955450002,-0.0023921038955450002,0.00069085892755529996,0.0036345729604362999,0.0036345729604362999
CE16OV,2013-09-30,0.00064911699155345559,-0.0024618268944322998,-0.0024618268944322998,0.00064911699155339997,0.0035995161160826002,0.0035995161160826002
CE16OV,2013-10-31,0.00059712369693443179,-0.0025567435659468001,-0.0025567435659468001,0.00059712369693440002,0.0035580541007219999,0.0035580541007219999
CE16OV,2013-11-30,0.00060409150319173932,-0.0025918167084455,-0.0025918167084455,0.00060409150319169996,0.0035900110378860998,0.0035900110378860998
CE16OV,2013-12-31,0.00054536230163648725,-0.002659723162651,-0.002659723162651,0.00054536230163639997,0.0035378169268368998,0.0035378169268368998
CE16OV,2014-01-31,0.00059156503994017839,-0.0026131710037588999,-0.0026131710037588999,0.00059156503994010001,0.0035733482800423999,0.0035733482800423999
CE16OV,2014-02-28,0.0005987419281154871,-0.0026316507719457002,-0.0026316507719457002,0.00059874192811540004,0.0035857707262038998,0.0035857707262038998
CE16OV,2014-03-31,0.0006287858122959733,-0.0026099770329891998,-0.0026099770329891998,0.00062878581229590001,0.0036672051064669999,0.0036672051064669999
CE16OV,2014-04-30,0.00060354691231623292,-0.0026252921670675,-0.0026252921670675,0.00060354691231619996,0.0036587473005056,0.0036587473005056
CE16OV,2014-05-31,0.00064383062999695539,-0.0025954348966478998,-0.0025954348966478998,0.00064383062999689999,0.0036901668645440999,0.0036901668645440999
CE16OV,2014-06-30,0.00060015718918293715,-0.0026186900213360001,-0.0026186900213360001,0.00060015718918289996,0.0036359336227178001,0.0036359336227178001
CE16OV,2014-07-31,0.00061658519553020597,-0.0025905231013893999,-0.0025905231013893999,0.0006165851955302,0.0036474540829658001,0.0036474540829658001
CE16OV,2014-08-31,0.00057000503875315189,-0.0026692422106861999,-0.0026692422106861999,0.00057000503875309996,0.0036615314893423999,0.0036615314893423999
CE16OV,2014-09-30,0.00055689649889245629,-0.0027055619284510001,-0.0027055619284510001,0.00055689649889240002,0.0036240480840205999,0.0036240480840205999
CE16OV,2014-10-31,0.00059349334333091974,-0.0026852199807763,-0.0026852199807763,0.00059349334333090001,0.0036582648754119001,0.0036582648754119001
CE16OV,2014-11-30,0.00061467790510505438,-0.0026216190308332001,-0.0026216190308332001,0.00061467790510499995,0.0036800559610127999,0.0036800559610127999
CE16OV,2014-12-31,0.0006255524349398911,-0.0025866553187370001,-0.0025866553187370001,0.00062555243493980003,0.0036791614256799,0.0036791614256799
CE16OV,2015-01-31,0.00066661322489380836,-0.0025683464482426002,-0.0025683464482426002,0.00066661322489380002,0.0037466580979526,0.0037466580979526
CES0600000007,2013-02-28,41.175277709960938,41.019489288330078,41.019489288330078,41.175277709960938,41.307140350341797,41.307140350341797
CES0600000007,2013-03-31,41.206417083740234,41.047504425048828,41.047504425048828,41.206417083740234,41.349372863769531,41.349372863769531
CES0600000007,2013-04-30,41.234176635742188,41.070419311523438,41.070419311523438,41.234176635742188,41.375457763671875,41.375457763671875
CES0600000007,2013-05-31,41.255043029785156,41.094165802001953,41.094165802001953,41.255043029785149,41.392604827880859,41.392604827880859
CES0600000007,2013-06-30,41.219470977783203,41.053394317626953,41.053394317626953,41.219470977783203,41.363178253173828,41.363178253173828
CES0600000007,2013-07-31,41.207004547119141,41.050426483154297,41.050426483154297,41.207004547119141,41.360584259033203,41.360584259033203
CES0600000007,2013-08-31,41.218788146972656,41.056434631347656,41.056434631347656,41.218788146972656,41.372314453125,41.372314453125
CES0600000007,2013-09-30,41.221778869628906,41.051536560058594,41.051536560058594,41.221778869628906,41.365898132324219,41.365898132324219
CES0600000007,2013-10-31,41.213474273681641,41.047962188720703,41.047962188720703,41.213474273681641,41.359798431396477,41.359798431396477
CES0600000007,2013-11-30,41.256950378417969,41.092037200927734,41.092037200927734,41.256950378417969,41.413497924804688,41.413497924804688
CES0600000007,2013-12-31,41.249496459960938,41.105354309082031,41.105354309082031,41.249496459960938,41.408012390136719,41.408012390136719
CES0600000007,2014-01-31,41.260799407958984,41.090225219726562,41.090225219726562,41.260799407958984,41.418712615966797,41.418712615966797
CES0600000007,2014-02-28,41.282867431640625,41.129299163818359,41.129299163818359,41.282867431640625,41.427688598632812,41.427688598632812
CES0600000007,2014-03-31,41.298713684082031,41.137008666992188,41.137008666992188,41.298713684082031,41.446205139160163,41.446205139160163
CES0600000007,2014-04-30,41.35882568359375,41.207717895507812,41.207717895507812,41.35882568359375,41.518013000488281,41.518013000488281
CES0600000007,2014-05-31,41.399303436279297,41.252799987792969,41.252799987792969,41.399303436279297,41.53759765625,41.53759765625
CES0600000007,2014-06-30,41.446964263916016,41.286296844482422,41.286296844482422,41.446964263916016,41.594345092773438,41.594345092773438
CES0600000007,2014-07-31,41.489883422851562,41.336265563964851,41.336265563964851,41.489883422851562,41.616020202636719,41.616020202636719
CES0600000007,2014-08-31,41.529956817626953,41.384654998779297,41.384654998779297,41.529956817626953,41.661777496337891,41.661777496337891
CES0600000007,2014-09-30,41.578899383544922,41.435634613037109,41.435634613037109,41.578899383544922,41.714252471923828,41.714252471923828
CES0600000007,2014-10-31,41.543842315673828,41.397331237792969,41.397331237792969,41.543842315673828,41.675853729248047,41.675853729248047
CES0600000007,2014-11-30,41.517337799072266,41.345287322998047,41.345287322998047,41.517337799072266,41.665439605712891,41.665439605712891
CES0600000007,2014-12-31,41.491561889648438,41.316184997558594,41.316184997558594,41.491561889648438,41.642154693603523,41.642154693603523
CES0600000007,2015-01-31,41.457855224609375,41.289077758789062,41.289077758789062,41.457855224609375,41.596832275390625,41.596832275390625
CES0600000008,2013-02-28,-0.00061065331101417542,-0.0032335654832422,-0.0032335654832422,-0.00061065331101409995,0.0020961223635822001,0.0020961223635822001
CES0600000008,2013-03-31,0.00033060798887163401,-0.0024434258230029999,-0.0024434258230029999,0.00033060795976780003,0.0031835122499614,0.0031835122499614
CES0600000008,2013-04-30,5.7964036386692896e-05,-0.0028100656345485999,-0.0028100656345485999,5.7964061852544546e-05,0.0030111344531178002,0.0030111344531178002
CES0600000008,2013-05-31,7.8432400187011808e-05,-0.0028421208262443,-0.0028421208262443,7.8432378359138966e-05,0.0030732532031834,0.0030732532031834
CES0600000008,2013-06-30,-5.3585121349897236e-05,-0.0030644091311841999,-0.0030644091311841999,-5.3585099522024393e-05,0.0030341516248881002,0.0030341516248881002
CES0600000008,2013-07-31,-5.152545782038942e-05,-0.0031277157831937001,-0.0031277157831937001,-5.1525479648262262e-05,0.0030875189695507002,0.0030875189695507002
CES0600000008,2013-08-31,6.9834815803915262e-05,-0.0030373225454240998,-0.0030373225454240998,6.9834815803915262e-05,0.0032507900614291,0.0032507900614291
CES0600000008,2013-09-30,0.00014568056212738156,-0.0029928721487521999,-0.0029928721487521999,0.00014568053302350001,0.0033708750270306999,0.0033708750270306999
CES0600000008,2013-10-31,3.9525398278783541e-06,-0.0031862794421613,-0.0031862794421613,3.9525330066680908e-06,0.0032873770687728999,0.0032873770687728999
CES0600000008,2013-11-30,3.5953187762061134e-05,-0.0031675477512179999,-0.0031675477512179999,3.5953184124082327e-05,0.0033476022072135999,0.0033476022072135999
CES0600000008,2013-12-31,7.889411790529266e-05,-0.0031455296557396,-0.0031455296557396,7.8894139733165503e-05,0.0034195310436189001,0.0034195310436189001
CES0600000008,2014-01-31,-1.4014837688591797e-05,-0.0032317447476089001,-0.0032317447476089001,-1.4014833141118288e-05,0.0033185044303535999,0.0033185044303535999
CES0600000008,2014-02-28,1.4497329175355844e-05,-0.0032271558884530999,-0.0032271558884530999,1.4497316442430019e-05,0.0033572940155862999,0.0033572940155862999
CES0600000008,2014-03-31,-4.7313646064139903e-05,-0.003294380614534,-0.003294380614534,-4.7313631512224674e-05,0.0033128692302852002,0.0033128692302852002
CES0600000008,2014-04-30,3.4691067412495613e-05,-0.0032156517263500998,-0.0032156517263500998,3.4691067412495613e-05,0.0033918137196451001,0.0033918137196451001
CES0600000008,2014-05-31,3.5137698432663456e-05,-0.0032195150852203001,-0.0032195150852203001,3.5137694794684649e-05,0.0034116434399037998,0.0034116434399037998
CES0600000008,2014-06-30,1.9295424863230437e-05,-0.0032432335428892998,-0.0032432335428892998,1.9295432139188051e-05,0.0034024796914308999,0.0034024796914308999
CES0600000008,2014-07-31,-1.9711753338924609e-05,-0.0032773364800959002,-0.0032773364800959002,-1.971173333004117e-05,0.0033428121823817001,0.0033428121823817001
CES0600000008,2014-08-31,4.7400582843692973e-05,-0.0033220755867659998,-0.0033220755867659998,4.7400593757629395e-05,0.0034900098107755002,0.0034900098107755002
CES0600000008,2014-09-30,7.392207407974638e-06,-0.0033938400447368002,-0.0033938400447368002,7.3921983130276203e-06,0.0034618757199496,0.0034618757199496
CES0600000008,2014-10-31,1.3390863387030549e-05,-0.0033869126345962,-0.0033869126345962,1.3390847016125916e-05,0.0034617530182002999,0.0034617530182002999
CES0600000008,2014-11-30,1.0017279237217735e-05,-0.0033354263287037,-0.0033354263287037,1.0017305612564089e-05,0.0033907992765307001,0.0033907992765307001
CES0600000008,2014-12-31,5.3393872804008424e-05,-0.0033025545999407001,-0.0033025545999407001,5.3393887355923653e-05,0.0034532910212874001,0.0034532910212874001
CES0600000008,2015-01-31,4.9166237658937462e-06,-0.0033766098786145002,-0.0033766098786145002,4.9166264943778515e-06,0.0034309481270611,0.0034309481270611
CES1021000001,2013-02-28,0.005183433648198843,-0.0010527498088777,-0.0010527498088777,0.0051834336481987996,0.010878125205636,0.010878125205636
CES1021000001,2013-03-31,0.0052189338020980358,-0.0020129908807575,-0.0020129908807575,0.0052189338020980003,0.0118631906807422,0.0118631906807422
CES1021000001,2013-04-30,0.0049615637399256229,-0.0029910723678767,-0.0029910723678767,0.0049615637399256004,0.012316501699387999,0.012316501699387999
CES1021000001,2013-05-31,0.0048619937151670456,-0.0036623976193368001,-0.0036623976193368001,0.0048619937151669996,0.0126157840713858,0.0126157840713858
CES1021000001,2013-06-30,0.0048221922479569912,-0.0040389220230280997,-0.0040389220230280997,0.0048221922479569001,0.013147878460586,0.013147878460586
CES1021000001,2013-07-31,0.0050480854697525501,-0.004222956020385,-0.004222956020385,0.0050480854697524998,0.013559361919760701,0.013559361919760701
CES1021000001,2013-08-31,0.0051137376576662064,-0.0044737518765031997,-0.0044737518765031997,0.0051137376576662003,0.0138007374480366,0.0138007374480366
CES1021000001,2013-09-30,0.0052586034871637821,-0.0045179687440395,-0.0045179687440395,0.0052586034871636997,0.014038932509720299,0.014038932509720299
CES1021000001,2013-10-31,0.0051081604324281216,-0.0049285972490906004,-0.0049285972490906004,0.0051081604324280999,0.014269865117967099,0.014269865117967099
CES1021000001,2013-11-30,0.0050832126289606094,-0.0053616133518517,-0.0053616133518517,0.0050832126289605999,0.0144501039758324,0.0144501039758324
CES1021000001,2013-12-31,0.0050081219524145126,-0.0055520553141831996,-0.0055520553141831996,0.0050081219524144996,0.014550806954503,0.014550806954503
CES1021000001,2014-01-31,0.0051215561106801033,-0.0055112298578023,-0.0055112298578023,0.0051215561106800998,0.014652985148131801,0.014652985148131801
CES1021000001,2014-02-28,0.0048746787942945957,-0.0059087034314870002,-0.0059087034314870002,0.0048746787942945003,0.0146646536886692,0.0146646536886692
CES1021000001,2014-03-31,0.0048941676504909992,-0.0060608852654694999,-0.0060608852654694999,0.0048941676504909003,0.0146773755550384,0.0146773755550384
CES1021000001,2014-04-30,0.0046504829078912735,-0.0065109357237814998,-0.0065109357237814998,0.0046504829078911998,0.014581766910851,0.014581766910851
CES1021000001,2014-05-31,0.0045512649230659008,-0.0067743733525276002,-0.0067743733525276002,0.0045512649230658999,0.0145286675542593,0.0145286675542593
CES1021000001,2014-06-30,0.0044201803393661976,-0.0069118472747504,-0.0069118472747504,0.0044201803393660996,0.0143636120483279,0.0143636120483279
CES1021000001,2014-07-31,0.004183516837656498,-0.0071871629916131002,-0.0071871629916131002,0.0041835168376563999,0.014147108420729601,0.014147108420729601
CES1021000001,2014-08-31,0.004004813265055418,-0.0077951899729668999,-0.0077951899729668999,0.0040048132650553998,0.014334067702293301,0.014334067702293301
CES1021000001,2014-09-30,0.0039137899875640869,-0.0080492282286286007,-0.0080492282286286007,0.0039137899875640002,0.014181947335600799,0.014181947335600799
CES1021000001,2014-10-31,0.0035414267331361771,-0.0083389347419141994,-0.0083389347419141994,0.0035414267331360999,0.013796549290418601,0.013796549290418601
CES1021000001,2014-11-30,0.0032186922617256641,-0.0085063185542820999,-0.0085063185542820999,0.0032186922617256,0.0133967604488134,0.0133967604488134
CES1021000001,2014-12-31,0.0029651988297700882,-0.0089831640943884,-0.0089831640943884,0.0029651988297700002,0.013129360042512399,0.013129360042512399
CES1021000001,2015-01-31,0.0028526782989501953,-0.0094649922102688997,-0.0094649922102688997,0.0028526782989500999,0.0133003126829862,0.0133003126829862
CES2000000008,2013-02-28,-0.0010669401381164789,-0.0059525482356547997,-0.0059525482356547997,-0.0010669401381164,0.0039085308089852003,0.0039085308089852003
CES2000000008,2013-03-31,-7.3221504862885922e-05,-0.0053123510442674004,-0.0053123510442674004,-7.3221512138843536e-05,0.0052482248283921996,0.0052482248283921996
CES2000000008,2013-04-30,0.0002422929392196238,-0.0051948032341897002,-0.0051948032341897002,0.00024229293921960001,0.0057695531286299003,0.0057695531286299003
CES2000000008,2013-05-31,-0.00011760213965317234,-0.0056630158796906003,-0.0056630158796906003,-0.0001176021760329,0.0055114268325268997,0.0055114268325268997
CES2000000008,2013-06-30,-0.00019113338203169405,-0.0058949370868504004,-0.0058949370868504004,-0.00019113335292780001,0.0056292852386832003,0.0056292852386832003
CES2000000008,2013-07-31,-3.7739286199212074e-05,-0.0058431928046047002,-0.0058431928046047002,-3.7739286199212074e-05,0.0058922101743519003,0.0058922101743519003
CES2000000008,2013-08-31,-0.0001172465636045672,-0.0059838225133716999,-0.0059838225133716999,-0.0001172465272247,0.0058837155811488004,0.0058837155811488004
CES2000000008,2013-09-30,-3.3156764402519912e-05,-0.0059589846059678996,-0.0059589846059678996,-3.3156713470816612e-05,0.0060099149122833997,0.0060099149122833997
CES2000000008,2013-10-31,-0.00010115147597389296,-0.0061124740168452003,-0.0061124740168452003,-0.00010115152690550001,0.0061143185012042002,0.0061143185012042002
CES2000000008,2013-11-30,-3.3685228117974475e-05,-0.0061145476065575998,-0.0061145476065575998,-3.3685239031910896e-05,0.0062313484959304003,0.0062313484959304003
CES2000000008,2013-12-31,-2.010173921007663e-05,-0.0061474656686186001,-0.0061474656686186001,-2.0101782865822315e-05,0.0062971850857138001,0.0062971850857138001
CES2000000008,2014-01-31,-0.00013968991697765887,-0.0062462450005114,-0.0062462450005114,-0.00013968988787380001,0.0061233476735650999,0.0061233476735650999
CES2000000008,2014-02-28,-6.7133783886674792e-05,-0.0062390374951063997,-0.0062390374951063997,-6.7133805714547634e-05,0.0062773562967777001,0.0062773562967777001
CES2000000008,2014-03-31,-1.8744030967354774e-05,-0.0062338933348654998,-0.0062338933348654998,-1.8744030967354774e-05,0.0063158632256089999,0.0063158632256089999
CES2000000008,2014-04-30,5.6977129133883864e-05,-0.0061478223651647004,-0.0061478223651647004,5.6977150961756706e-05,0.0064459447748959004,0.0064459447748959004
CES2000000008,2014-05-31,-4.5122560550225899e-06,-0.0062392354011535003,-0.0062392354011535003,-4.5122578740119934e-06,0.0063761319033801001,0.0063761319033801001
CES2000000008,2014-06-30,-6.4139007008634508e-05,-0.0062878550961612996,-0.0062878550961612996,-6.4139021560549736e-05,0.0062969466671347002,0.0062969466671347002
CES2000000008,2014-07-31,-7.7796656114514917e-05,-0.0062722470611332997,-0.0062722470611332997,-7.7796634286642075e-05,0.0062486478127539002,0.0062486478127539002
CES2000000008,2014-08-31,-0.00010799505253089592,-0.0064664985984563004,-0.0064664985984563004,-0.0001079950015991,0.0063616959378122997,0.0063616959378122997
CES2000000008,2014-09-30,-8.7379346950910985e-05,-0.0064518484286963003,-0.0064518484286963003,-8.7379361502826214e-05,0.0064128427766262999,0.0064128427766262999
CES2000000008,2014-10-31,-7.0642185164615512e-05,-0.0064792148768901001,-0.0064792148768901001,-7.0642214268445969e-05,0.0064479978755116003,0.0064479978755116003
CES2000000008,2014-11-30,-0.00011142502626171336,-0.0063850884325801997,-0.0063850884325801997,-0.0001114250626415,0.0062955641187727,0.0062955641187727
CES2000000008,2014-12-31,-0.0001125388007494621,-0.0064195534214377004,-0.0064195534214377004,-0.00011253880802540001,0.0063497056253253997,0.0063497056253253997
CES2000000008,2015-01-31,-5.4452648328151554e-05,-0.0064393864013254001,-0.0064393864013254001,-5.4452684707939625e-05,0.0064339404925704002,0.0064339404925704002
CES3000000008,2013-02-28,-0.0002737764734774828,-0.0037180499639362001,-0.0037180499639362001,-0.00027377647347740002,0.0029438973870127999,0.0029438973870127999
CES3000000008,2013-03-31,0.00021934915275778621,-0.0034373493399471001,-0.0034373493399471001,0.00021934916730970001,0.0035863099619746,0.0035863099619746
CES3000000008,2013-04-30,-8.605402399552986e-05,-0.0038895909674465001,-0.0038895909674465001,-8.6054031271487474e-05,0.0033757351338863,0.0033757351338863
CES3000000008,2013-05-31,0.00030584284104406834,-0.0036366102285682999,-0.0036366102285682999,0.00030584287014780002,0.0038575062062591002,0.0038575062062591002
CES3000000008,2013-06-30,0.00012391294876579195,-0.0039266110397874997,-0.0039266110397874997,0.00012391293421379999,0.0038229275960474998,0.0038229275960474998
CES3000000008,2013-07-31,0.00023415294708684087,-0.0039338907226919998,-0.0039338907226919998,0.00023415294708679999,0.0040038740262389001,0.0040038740262389001
CES3000000008,2013-08-31,8.8947374024428427e-05,-0.0041542756371199998,-0.0041542756371199998,8.8947359472513199e-05,0.0038790362887083998,0.0038790362887083998
CES3000000008,2013-09-30,1.4115075828158297e-05,-0.0042876154184340997,-0.0042876154184340997,1.4115066733211281e-05,0.0038845592644064998,0.0038845592644064998
CES3000000008,2013-10-31,0.00025109288981184363,-0.0041208788752554997,-0.0041208788752554997,0.00025109288981179999,0.0041789258830248997,0.0041789258830248997
CES3000000008,2013-11-30,0.00025120133068412542,-0.0041638901457190002,-0.0041638901457190002,0.0002512013306841,0.0042298617772757998,0.0042298617772757998
CES3000000008,2013-12-31,0.00035983487032353878,-0.0041154683567582997,-0.0041154683567582997,0.00035983487032350002,0.0043575526215135999,0.0043575526215135999
CES3000000008,2014-01-31,0.00016420574684161693,-0.0043254951015114004,-0.0043254951015114004,0.00016420573228969999,0.0041569024324417002,0.0041569024324417002
CES3000000008,2014-02-28,0.00019907750538550317,-0.0043210922740398996,-0.0043210922740398996,0.00019907753448929999,0.0042091566137968999,0.0042091566137968999
CES3000000008,2014-03-31,0.00013490485434886068,-0.0044344216585158998,-0.0044344216585158998,0.00013490486890069999,0.0041926149278879001,0.0041926149278879001
CES3000000008,2014-04-30,0.0001764395710779354,-0.0044246353209017996,-0.0044246353209017996,0.00017643958562979999,0.0042693470604717003,0.0042693470604717003
CES3000000008,2014-05-31,0.00018091827223543078,-0.0044679515995084997,-0.0044679515995084997,0.00018091825768349999,0.0042975340038536999,0.0042975340038536999
CES3000000008,2014-06-30,0.00014792717411182821,-0.0044874991290270996,-0.0044874991290270996,0.00014792720321560001,0.0042827567085623004,0.0042827567085623004
CES3000000008,2014-07-31,0.00019274160149507225,-0.0044382088817655997,-0.0044382088817655997,0.00019274163059889999,0.0043434458784759001,0.0043434458784759001
CES3000000008,2014-08-31,0.00018946484487969428,-0.0045799631625413001,-0.0045799631625413001,0.00018946483032769999,0.0044486531987785998,0.0044486531987785998
CES3000000008,2014-09-30,0.00018142274348065257,-0.0046293060295282996,-0.0046293060295282996,0.00018142274348059999,0.0044382461346685002,0.0044382461346685002
CES3000000008,2014-10-31,0.00015700327639933676,-0.0046392288058996001,-0.0046392288058996001,0.0001570032909512,0.0044113704934715999,0.0044113704934715999
CES3000000008,2014-11-30,0.0001301714510191232,-0.0045835957862435999,-0.0045835957862435999,0.00013017142191520001,0.0042699016630649003,0.0042699016630649003
CES3000000008,2014-12-31,0.0001986194693017751,-0.0045085973106323996,-0.0045085973106323996,0.0001986194401979,0.0043500592000782004,0.0043500592000782004
CES3000000008,2015-01-31,0.00010736397234722972,-0.0046082134358583996,-0.0046082134358583996,0.0001073639723472,0.0042973458766937004,0.0042973458766937004
CLAIMSx,2013-02-28,-0.0045767468400299549,-0.0528063103556633,-0.0528063103556633,-0.0045767473056911997,0.0484736822545528,0.0484736822545528
CLAIMSx,2013-03-31,-0.0056196367368102074,-0.054619800299406003,-0.054619800299406003,-0.0056196367368102004,0.049083735793828902,0.049083735793828902
CLAIMSx,2013-04-30,-0.0054242801852524281,-0.0546576082706451,-0.0546576082706451,-0.0054242806509136998,0.049902986735105501,0.049902986735105501
CLAIMSx,2013-05-31,-0.0047357501462101936,-0.053600221872329698,-0.053600221872329698,-0.0047357501462101,0.050481840968131998,0.050481840968131998
CLAIMSx,2013-06-30,-0.0047116787172853947,-0.053140934556722599,-0.053140934556722599,-0.0047116782516241004,0.051176141947507803,0.051176141947507803
CLAIMSx,2013-07-31,-0.0044216704554855824,-0.052715715020894997,-0.052715715020894997,-0.0044216699898241996,0.0512693300843238,0.0512693300843238
CLAIMSx,2013-08-31,-0.0026776313316076994,-0.050678499042987803,-0.050678499042987803,-0.0026776315644383001,0.053397327661514199,0.053397327661514199
CLAIMSx,2013-09-30,-0.0037057914305478334,-0.051237586885690599,-0.051237586885690599,-0.0037057911977171,0.052724473178386598,0.052724473178386598
CLAIMSx,2013-10-31,-0.0051370821893215179,-0.053154647350311203,-0.053154647350311203,-0.0051370821893214997,0.051424745470285402,0.051424745470285402
CLAIMSx,2013-11-30,-0.0048977537080645561,-0.053365770727395997,-0.053365770727395997,-0.0048977537080644997,0.052033293992280898,0.052033293992280898
CLAIMSx,2013-12-31,-0.0041084759868681431,-0.052863184362649897,-0.052863184362649897,-0.0041084764525294,0.053062733262777301,0.053062733262777301
CLAIMSx,2014-01-31,-0.0037402457091957331,-0.052079387009143802,-0.052079387009143802,-0.0037402454763650001,0.053605381399392998,0.053605381399392998
CLAIMSx,2014-02-28,-0.0037508478853851557,-0.052407916635274797,-0.052407916635274797,-0.0037508476525544999,0.054345514625310898,0.054345514625310898
CLAIMSx,2014-03-31,-0.0023804856464266777,-0.051392640918493201,-0.051392640918493201,-0.0023804856464266001,0.0555767007172107,0.0555767007172107
CLAIMSx,2014-04-30,-0.0034191228915005922,-0.052274372428655597,-0.052274372428655597,-0.0034191226586699,0.054552555084228502,0.054552555084228502
CLAIMSx,2014-05-31,-0.004259216133505106,-0.053163696080446202,-0.053163696080446202,-0.0042592156678437996,0.053815424442291197,0.053815424442291197
CLAIMSx,2014-06-30,-0.0040505053475499153,-0.052858475595712599,-0.052858475595712599,-0.0040505053475498997,0.0539015009999275,0.0539015009999275
CLAIMSx,2014-07-31,-0.0032151974737644196,-0.051739577203989001,-0.051739577203989001,-0.0032151974737644,0.0547926910221576,0.0547926910221576
CLAIMSx,2014-08-31,-0.0028835718985646963,-0.052299734205007498,-0.052299734205007498,-0.0028835721313953001,0.056519929319620098,0.056519929319620098
CLAIMSx,2014-09-30,-0.0029619471170008183,-0.052813239395618397,-0.052813239395618397,-0.0029619475826620999,0.056780818849802003,0.056780818849802003
CLAIMSx,2014-10-31,-0.0015677708433941007,-0.051485154777765198,-0.051485154777765198,-0.0015677707269786999,0.058228380978107397,0.058228380978107397
CLAIMSx,2014-11-30,-0.0027878349646925926,-0.0522673241794109,-0.0522673241794109,-0.0027878349646924998,0.056788690388202598,0.056788690388202598
CLAIMSx,2014-12-31,-0.0042850249446928501,-0.053581420332193298,-0.053581420332193298,-0.0042850254103541001,0.055391140282154,0.055391140282154
CLAIMSx,2015-01-31,-0.004381389357149601,-0.053891915827989502,-0.053891915827989502,-0.0043813893571496001,0.055381353944540003,0.055381353944540003
CLF16OV,2013-02-28,0.00017044635023921728,-0.0024180377367883001,-0.0024180377367883001,0.00017044635023919999,0.0027242773212492002,0.0027242773212492002
CLF16OV,2013-03-31,0.00077838578727096319,-0.0018886148463934001,-0.0018886148463934001,0.00077838578727089998,0.0034156956244259999,0.0034156956244259999
CLF16OV,2013-04-30,0.00055205472745001316,-0.0021833160426466998,-0.0021833160426466998,0.00055205472745000004,0.0032183937728404999,0.0032183937728404999
CLF16OV,2013-05-31,0.00032723211916163564,-0.0024397575762122002,-0.0024397575762122002,0.00032723211916160002,0.0030073928646742998,0.0030073928646742998
CLF16OV,2013-06-30,0.00043204909889027476,-0.0023627120535819998,-0.0023627120535819998,0.00043204909889020001,0.0031410735100506999,0.0031410735100506999
CLF16OV,2013-07-31,0.00098248885478824377,-0.0018274560570715999,-0.0018274560570715999,0.00098248885478819997,0.0037120911292730999,0.0037120911292730999
CLF16OV,2013-08-31,0.00031016516732051969,-0.0025037962477654002,-0.0025037962477654002,0.00031016516732050001,0.0030528437346219999,0.0030528437346219999
CLF16OV,2013-09-30,0.0004469069535844028,-0.0023637344129383,-0.0023637344129383,0.00044690695358439998,0.0031884708441792999,0.0031884708441792999
CLF16OV,2013-10-31,0.00070105778286233544,-0.0021328851580619001,-0.0021328851580619001,0.00070105778286229999,0.0034527669195085001,0.0034527669195085001
CLF16OV,2013-11-30,0.00035223859595134854,-0.0024977601133285999,-0.0024977601133285999,0.00035223859595130003,0.0031051146797834999,0.0031051146797834999
CLF16OV,2013-12-31,0.00047318340511992574,-0.0023821657523511999,-0.0023821657523511999,0.00047318340511989999,0.0032247479539364,0.0032247479539364
CLF16OV,2014-01-31,0.00042147957719862461,-0.0024066807236521998,-0.0024066807236521998,0.0004214795771986,0.0031718299724161,0.0031718299724161
CLF16OV,2014-02-28,0.00040882849134504795,-0.0024162784684449001,-0.0024162784684449001,0.00040882849134499997,0.0031523734796792,0.0031523734796792
CLF16OV,2014-03-31,0.00039678154280409217,-0.0024398299865424,-0.0024398299865424,0.00039678154280400001,0.0031633083708584001,0.0031633083708584001
CLF16OV,2014-04-30,0.00056974490871652961,-0.0022679185494779998,-0.0022679185494779998,0.00056974490871650001,0.0033613909035921001,0.0033613909035921001
CLF16OV,2014-05-31,0.00051545689348131418,-0.0023321453481912001,-0.0023321453481912001,0.00051545689348129998,0.0033013934735208,0.0033013934735208
CLF16OV,2014-06-30,0.00043111620470881462,-0.0024248731788247,-0.0024248731788247,0.00043111620470879998,0.0032009517308323999,0.0032009517308323999
CLF16OV,2014-07-31,0.00050060334615409374,-0.0023382161743937999,-0.0023382161743937999,0.00050060334615399996,0.0032727362122386,0.0032727362122386
CLF16OV,2014-08-31,0.00039752793963998556,-0.0024791380856186,-0.0024791380856186,0.00039752793963990002,0.0032253856770694,0.0032253856770694
CLF16OV,2014-09-30,0.0004600906977429986,-0.0024028576444833998,-0.0024028576444833998,0.00046009069774289999,0.0032783094793557999,0.0032783094793557999
CLF16OV,2014-10-31,0.00034000282175838947,-0.0025471446570008,-0.0025471446570008,0.00034000282175830003,0.0031604424584656,0.0031604424584656
CLF16OV,2014-11-30,0.00038551702164113522,-0.0024624988436697999,-0.0024624988436697999,0.00038551702164109998,0.0031796116381883001,0.0031796116381883001
CLF16OV,2014-12-31,0.00038310076342895627,-0.0024689340498297999,-0.0024689340498297999,0.0003831007634289,0.0031887069344520001,0.0031887069344520001
CLF16OV,2015-01-31,0.00051054352661594748,-0.00235077412799,-0.00235077412799,0.0005105435266159,0.0033469381742178999,0.0033469381742178999
CMRMTSPLx,2013-02-28,0.0035461916122585535,-0.0061988020315765996,-0.0061988020315765996,0.0035461916122585002,0.013546741567551999,0.013546741567551999
CMRMTSPLx,2013-03-31,0.0024274569004774094,-0.0077236611396074,-0.0077236611396074,0.0024274569004773998,0.012930420227348799,0.012930420227348799
CMRMTSPLx,2013-04-30,0.0025270406622439623,-0.0078153079375623997,-0.0078153079375623997,0.0025270406622438998,0.0132147036492824,0.0132147036492824
CMRMTSPLx,2013-05-31,0.0026300088502466679,-0.0078426823019981003,-0.0078426823019981003,0.0026300088502466002,0.0133608281612396,0.0133608281612396
CMRMTSPLx,2013-06-30,0.0015756175853312016,-0.0088966134935616996,-0.0088966134935616996,0.0015756175853312,0.0123734213411808,0.0123734213411808
CMRMTSPLx,2013-07-31,0.0014665299095213413,-0.0091151399537919998,-0.0091151399537919998,0.0014665299095212999,0.0122814839705824,0.0122814839705824
CMRMTSPLx,2013-08-31,0.0026729071978479624,-0.0079475687816738996,-0.0079475687816738996,0.0026729071978478999,0.013443695381283699,0.013443695381283699
CMRMTSPLx,2013-09-30,0.00257472088560462,-0.0080223977565764999,-0.0080223977565764999,0.0025747207691892001,0.0133424699306488,0.0133424699306488
CMRMTSPLx,2013-10-31,0.0022044174838811159,-0.0084336651489137996,-0.0084336651489137996,0.0022044174838810999,0.0130022885277867,0.0130022885277867
CMRMTSPLx,2013-11-30,0.0018280266085639596,-0.0088660614565014007,-0.0088660614565014007,0.0018280264921486,0.012715362943708799,0.012715362943708799
CMRMTSPLx,2013-12-31,0.0016077570617198944,-0.0091408798471093004,-0.0091408798471093004,0.0016077570617198001,0.0124733783304691,0.0124733783304691
CMRMTSPLx,2014-01-31,0.0017333191353827715,-0.0090400902554391999,-0.0090400902554391999,0.0017333191353826999,0.012486264109611501,0.012486264109611501
CMRMTSPLx,2014-02-28,0.0019781896844506264,-0.0087378658354281998,-0.0087378658354281998,0.0019781896844505999,0.0127121917903423,0.0127121917903423
CMRMTSPLx,2014-03-31,0.0018098299624398351,-0.0089913662523030992,-0.0089913662523030992,0.0018098298460245,0.0126174129545688,0.0126174129545688
CMRMTSPLx,2014-04-30,0.0017377340700477362,-0.0090077510103583006,-0.0090077510103583006,0.0017377340700477,0.0125106275081634,0.0125106275081634
CMRMTSPLx,2014-05-31,0.0019366547930985689,-0.0088757062330842001,-0.0088757062330842001,0.0019366547930985,0.012721404433250399,0.012721404433250399
CMRMTSPLx,2014-06-30,0.0018439057748764753,-0.0089186104014514992,-0.0089186104014514992,0.0018439057748764001,0.012582756578922201,0.012582756578922201
CMRMTSPLx,2014-07-31,0.001873501343652606,-0.0088432868942618006,-0.0088432868942618006,0.0018735013436525999,0.012622577138245101,0.012622577138245101
CMRMTSPLx,2014-08-31,0.0022554767783731222,-0.0086495429277419992,-0.0086495429277419992,0.0022554767783731001,0.0131972087547183,0.0131972087547183
CMRMTSPLx,2014-09-30,0.002077166922390461,-0.0088375778868794008,-0.0088375778868794008,0.0020771669223903998,0.013116539455950199,0.013116539455950199
CMRMTSPLx,2014-10-31,0.0022058442700654268,-0.0087383845821021999,-0.0087383845821021999,0.0022058442700653999,0.013137552887201301,0.013137552887201301
CMRMTSPLx,2014-11-30,0.002480226568877697,-0.0083734206855297002,-0.0083734206855297002,0.0024802265688775998,0.013336815871298299,0.013336815871298299
CMRMTSPLx,2014-12-31,0.0025135548785328865,-0.0083174621686338997,-0.0083174621686338997,0.0025135549949482001,0.0133227044716477,0.0133227044716477
CMRMTSPLx,2015-01-31,0.0025296381209045649,-0.0084431832656263993,-0.0084431832656263993,0.0025296381209044998,0.013370988890528601,0.013370988890528601
COMPAPFFx,2013-02-28,0.036340475082397461,-0.0029591135680674999,-0.0029591135680674999,0.036340475082397398,0.083614952862262698,0.083614952862262698
COMPAPFFx,2013-03-31,0.044542811810970306,0.0045058708637951998,0.0045058708637951998,0.044542811810970299,0.098456181585788699,0.098456181585788699
COMPAPFFx,2013-04-30,0.042246710509061813,-0.0031267628073692001,-0.0031267628073692001,0.042246710509061799,0.097826100885868003,0.097826100885868003
COMPAPFFx,2013-05-31,0.036766279488801956,-0.0081539172679185,-0.0081539172679185,0.036766279488801901,0.097798526287078802,0.097798526287078802
COMPAPFFx,2013-06-30,0.024659378454089165,-0.018253091722726801,-0.018253091722726801,0.024659378454089099,0.085405603051185594,0.085405603051185594
COMPAPFFx,2013-07-31,0.018569953739643097,-0.020550195127725601,-0.020550195127725601,0.018569953739643,0.078467071056365897,0.078467071056365897
COMPAPFFx,2013-08-31,0.012683622539043427,-0.032487384974956499,-0.032487384974956499,0.0126836225390434,0.073046848177909796,0.073046848177909796
COMPAPFFx,2013-09-30,0.0078421439975500107,-0.038630835711956003,-0.038630835711956003,0.0078421439975500003,0.073723085224628407,0.073723085224628407
COMPAPFFx,2013-10-31,0.0085337227210402489,-0.037461735308170298,-0.037461735308170298,0.0085337227210402003,0.074421904981136294,0.074421904981136294
COMPAPFFx,2013-11-30,0.0079242382198572159,-0.0411218181252479,-0.0411218181252479,0.0079242382198572003,0.079156264662742601,0.079156264662742601
COMPAPFFx,2013-12-31,0.0061769988387823105,-0.038755688816308899,-0.038755688816308899,0.0061769988387823001,0.064166858792304896,0.064166858792304896
COMPAPFFx,2014-01-31,0.0077001946046948433,-0.039969034492969499,-0.039969034492969499,0.0077001946046947999,0.071918740868568407,0.071918740868568407
COMPAPFFx,2014-02-28,0.0048272032290697098,-0.035703416913747697,-0.035703416913747697,0.0048272032290697002,0.058959644287824603,0.058959644287824603
COMPAPFFx,2014-03-31,0.011402963660657406,-0.029163844883441901,-0.029163844883441901,0.011402963660657401,0.063618801534175803,0.063618801534175803
COMPAPFFx,2014-04-30,0.012335925363004208,-0.034091997891664498,-0.034091997891664498,0.012335925363004201,0.056598939001560197,0.056598939001560197
COMPAPFFx,2014-05-31,0.025718672201037407,-0.017104629427194502,-0.017104629427194502,0.0257186722010374,0.078164547681808402,0.078164547681808402
COMPAPFFx,2014-06-30,0.024419296532869339,-0.027106370776891701,-0.027106370776891701,0.024419296532869301,0.083179637789726202,0.083179637789726202
COMPAPFFx,2014-07-31,0.014422338455915451,-0.032882992178201599,-0.032882992178201599,0.014422338455915401,0.067260697484016405,0.067260697484016405
COMPAPFFx,2014-08-31,0.017175741493701935,-0.031021740287542302,-0.031021740287542302,0.0171757414937019,0.070857807993888799,0.070857807993888799
COMPAPFFx,2014-09-30,0.0067073255777359009,-0.039824686944484697,-0.039824686944484697,0.0067073255777359,0.065532647073268793,0.065532647073268793
COMPAPFFx,2014-10-31,0.0223507359623909,-0.024408217519521699,-0.024408217519521699,0.0223507359623909,0.081640362739562905,0.081640362739562905
COMPAPFFx,2014-11-30,0.029913384467363358,-0.030592966824769901,-0.030592966824769901,0.029913384467363299,0.1023618429899215,0.1023618429899215
COMPAPFFx,2014-12-31,0.029665347188711166,-0.037781558930873801,-0.037781558930873801,0.0296653471887111,0.096135362982749897,0.096135362982749897
COMPAPFFx,2015-01-31,0.01676434651017189,-0.043503701686859103,-0.043503701686859103,0.0167643465101718,0.081104099750518799,0.081104099750518799
CONSPI,2013-02-28,0.32752984762191772,-0.9622625708580016,-0.9622625708580016,0.32752984762191772,1.8648891448974609,1.8648891448974609
CONSPI,2013-03-31,0.22282290458679199,-1.0500154495239258,-1.0500154495239258,0.22282290458679199,1.8374959230422976,1.8374959230422976
CONSPI,2013-04-30,0.16940546035766602,-1.0574538707733154,-1.0574538707733154,0.16940546780824661,1.772007942199707,1.772007942199707
CONSPI,2013-05-31,0.078277818858623505,-1.0916619300842283,-1.0916619300842283,0.078277811408042894,1.6375452280044556,1.6375452280044556
CONSPI,2013-06-30,0.080536961555480957,-1.0314804315567017,-1.0314804315567017,0.080536961555480902,1.607509970664978,1.607509970664978
CONSPI,2013-07-31,0.1096125915646553,-0.96358203887939442,-0.96358203887939442,0.10961258411407469,1.6343601942062378,1.6343601942062378
CONSPI,2013-08-31,0.10302150994539261,-0.9876609444618224,-0.9876609444618224,0.10302151739597321,1.6005518436431885,1.6005518436431885
CONSPI,2013-09-30,0.090087436139583588,-1.0126276016235352,-1.0126276016235352,0.090087443590164101,1.582699179649353,1.582699179649353
CONSPI,2013-10-31,0.094071522355079651,-0.99619841575622559,-0.99619841575622559,0.094071522355079595,1.6060546636581421,1.6060546636581421
CONSPI,2013-11-30,0.07214510440826416,-1.0303018093109131,-1.0303018093109131,0.072145104408264105,1.5874259471893311,1.5874259471893311
CONSPI,2013-12-31,0.054032415151596069,-1.0759283304214478,-1.0759283304214478,0.054032415151596,1.5643339157104492,1.5643339157104492
CONSPI,2014-01-31,0.061786070466041565,-1.0740834474563601,-1.0740834474563601,0.061786070466041502,1.5825287103652954,1.5825287103652954
CONSPI,2014-02-28,0.066013224422931671,-1.0566715002059937,-1.0566715002059937,0.066013231873512199,1.5834168195724487,1.5834168195724487
CONSPI,2014-03-31,0.067362166941165924,-1.0608774423599243,-1.0608774423599243,0.067362159490585299,1.5812718868255615,1.5812718868255615
CONSPI,2014-04-30,0.094546772539615631,-1.03767991065979,-1.03767991065979,0.094546765089035006,1.5986443758010864,1.5986443758010864
CONSPI,2014-05-31,0.082371190190315247,-1.0458528995513916,-1.0458528995513916,0.082371190190315205,1.5743644237518311,1.5743644237518311
CONSPI,2014-06-30,0.094349339604377747,-1.0288857221603394,-1.0288857221603394,0.094349347054958302,1.5877312421798706,1.5877312421798706
CONSPI,2014-07-31,0.095858946442604065,-1.0215848684310913,-1.0215848684310913,0.095858946442603996,1.5930880308151243,1.5930880308151243
CONSPI,2014-08-31,0.072874121367931366,-1.0737800598144531,-1.0737800598144531,0.072874128818511894,1.600854754447937,1.600854754447937
CONSPI,2014-09-30,0.066677026450634003,-1.0891209840774536,-1.0891209840774536,0.0666770339012146,1.586133599281311,1.586133599281311
CONSPI,2014-10-31,0.056918960064649582,-1.0681778192520142,-1.0681778192520142,0.056918963789939797,1.5872259140014648,1.5872259140014648
CONSPI,2014-11-30,0.076654061675071716,-1.0484311580657959,-1.0484311580657959,0.076654061675071702,1.6109250783920288,1.6109250783920288
CONSPI,2014-12-31,0.048575326800346375,-1.0706143379211426,-1.0706143379211426,0.048575326800346298,1.5728282928466797,1.5728282928466797
CONSPI,2015-01-31,0.03518233448266983,-1.1050443649291992,-1.1050443649291992,0.035182341933250399,1.5897493362426758,1.5897493362426758
CP3Mx,2013-02-28,0.022448830306529999,-0.063534528017043998,-0.063534528017043998,0.022448830306529999,0.077894225716590798,0.077894225716590798
CP3Mx,2013-03-31,0.021046992391347885,-0.075637586414813995,-0.075637586414813995,0.021046992391347798,0.082505285739898598,0.082505285739898598
CP3Mx,2013-04-30,0.016962110996246338,-0.090773746371269198,-0.090773746371269198,0.0169621109962463,0.084268420934677096,0.084268420934677096
CP3Mx,2013-05-31,0.0044476278126239777,-0.10630236566066741,-0.10630236566066741,0.0044476278126238996,0.0741084814071655,0.0741084814071655
CP3Mx,2013-06-30,0.016600668430328369,-0.1030620783567428,-0.1030620783567428,0.0166006684303283,0.091688722372054998,0.091688722372054998
CP3Mx,2013-07-31,0.0095254015177488327,-0.11279337108135221,-0.11279337108135221,0.0095254015177487997,0.088815450668334905,0.088815450668334905
CP3Mx,2013-08-31,0.0099712889641523361,-0.11738806962966911,-0.11738806962966911,0.0099712898954749003,0.092293158173561096,0.092293158173561096
CP3Mx,2013-09-30,-0.00061913114041090012,-0.1353215277194976,-0.1353215277194976,-0.00061913207173340003,0.087896570563316304,0.087896570563316304
CP3Mx,2013-10-31,0.0073652006685733795,-0.13625463843345639,-0.13625463843345639,0.0073652006685732997,0.1002220064401626,0.1002220064401626
CP3Mx,2013-11-30,-0.0023198686540126801,-0.1519960463047027,-0.1519960463047027,-0.0023198686540125998,0.096652895212173406,0.096652895212173406
CP3Mx,2013-12-31,0.0042475908994674683,-0.1505147367715835,-0.1505147367715835,0.0042475908994673997,0.1069945693016052,0.1069945693016052
CP3Mx,2014-01-31,-0.013797087594866753,-0.1712529510259628,-0.1712529510259628,-0.013797087594866701,0.089542627334594699,0.089542627334594699
CP3Mx,2014-02-28,0.0019859522581100464,-0.1650173813104629,-0.1650173813104629,0.00198595225811,0.1120490878820419,0.1120490878820419
CP3Mx,2014-03-31,0.0022218748927116394,-0.1575657576322555,-0.1575657576322555,0.0022218748927115999,0.1079239696264267,0.1079239696264267
CP3Mx,2014-04-30,0.0052985940128564835,-0.16118963062763211,-0.16118963062763211,0.0052985940128564002,0.11693507432937621,0.11693507432937621
CP3Mx,2014-05-31,-0.0058946888893842697,-0.1785259395837783,-0.1785259395837783,-0.0058946888893842003,0.1117593646049499,0.1117593646049499
CP3Mx,2014-06-30,0.0078606754541397095,-0.16580885648727409,-0.16580885648727409,0.0078606754541397008,0.12495528161525719,0.12495528161525719
CP3Mx,2014-07-31,-0.0052631916478276253,-0.17720530927181241,-0.17720530927181241,-0.0052631907165050004,0.11362572014331811,0.11362572014331811
CP3Mx,2014-08-31,0.00015762634575366974,-0.18712690472602839,-0.18712690472602839,0.0001576263457536,0.13530460000038139,0.13530460000038139
CP3Mx,2014-09-30,-0.012999609112739563,-0.20494650304317469,-0.20494650304317469,-0.012999609112739501,0.1267712377011776,0.1267712377011776
CP3Mx,2014-10-31,-0.00056905858218669891,-0.19336041808128351,-0.19336041808128351,-0.00056905858218660003,0.13427175581455231,0.13427175581455231
CP3Mx,2014-11-30,-0.010870594531297684,-0.19994792342185971,-0.19994792342185971,-0.0108705945312976,0.1186079978942871,0.1186079978942871
CP3Mx,2014-12-31,-0.0011360254138708115,-0.1935330331325531,-0.1935330331325531,-0.0011360254138708,0.1291754394769668,0.1291754394769668
CP3Mx,2015-01-31,-0.020912904292345047,-0.2221909761428833,-0.2221909761428833,-0.020912904292344998,0.11974934116005891,0.11974934116005891
CPIAPPSL,2013-02-28,-0.002201607683673501,-0.0080059925094245997,-0.0080059925094245997,-0.0022016076836735001,0.0038404606748372,0.0038404606748372
CPIAPPSL,2013-03-31,0.00028786034090444446,-0.0056902403011917999,-0.0056902403011917999,0.0002878602826967,0.0065864115022122001,0.0065864115022122001
CPIAPPSL,2013-04-30,-0.00066672614775598049,-0.0067336210049688001,-0.0067336210049688001,-0.00066672614775590004,0.0057748011313378004,0.0057748011313378004
CPIAPPSL,2013-05-31,-0.0010046761017292738,-0.0071788933128118003,-0.0071788933128118003,-0.0010046761017292001,0.0055231763981282,0.0055231763981282
CPIAPPSL,2013-06-30,0.00046370140626095235,-0.0058214813470840003,-0.0058214813470840003,0.0004637013771571,0.0071845599450169996,0.0071845599450169996
CPIAPPSL,2013-07-31,6.3184546888805926e-05,-0.0063662859611212999,-0.0063662859611212999,6.3184532336890697e-05,0.0068629728630184997,0.0068629728630184997
CPIAPPSL,2013-08-31,-0.00022673797502648085,-0.0067239962518214997,-0.0067239962518214997,-0.00022673793137070001,0.0067246891558169998,0.0067246891558169998
CPIAPPSL,2013-09-30,-0.0005800059880129993,-0.0070803584530949003,-0.0070803584530949003,-0.00058000604622060004,0.0064472458325326,0.0064472458325326
CPIAPPSL,2013-10-31,-0.00016148794384207577,-0.0067760213278233996,-0.0067760213278233996,-0.0001614879583939,0.0069417082704603004,0.0069417082704603004
CPIAPPSL,2013-11-30,-0.00022413396800402552,-0.0068185697309672,-0.0068185697309672,-0.00022413395345209999,0.0069137141108512002,0.0069137141108512002
CPIAPPSL,2013-12-31,-2.1644465959980153e-05,-0.0066791577264666002,-0.0066791577264666002,-2.1644518710672855e-05,0.0071040070615708004,0.0071040070615708004
CPIAPPSL,2014-01-31,-0.00011801526125054806,-0.0067014498636125998,-0.0067014498636125998,-0.00011801521759479999,0.0070171840488909999,0.0070171840488909999
CPIAPPSL,2014-02-28,-0.00017881118401419371,-0.0067259264178573998,-0.0067259264178573998,-0.0001788111403584,0.0069835949689148998,0.0069835949689148998
CPIAPPSL,2014-03-31,-0.00025646845460869372,-0.0068574333563446999,-0.0068574333563446999,-0.0002564684255048,0.0070011201314628003,0.0070011201314628003
CPIAPPSL,2014-04-30,-0.00027396116638556123,-0.0069126226007938003,-0.0069126226007938003,-0.00027396110817789999,0.0070465230382977997,0.0070465230382977997
CPIAPPSL,2014-05-31,-0.00019108084961771965,-0.0068461610935627998,-0.0068461610935627998,-0.0001910808496177,0.0071254200302064002,0.0071254200302064002
CPIAPPSL,2014-06-30,-0.00022143295791465789,-0.0068901786580681003,-0.0068901786580681003,-0.0002214330015704,0.0070873848162590998,0.0070873848162590998
CPIAPPSL,2014-07-31,-0.00027007100288756192,-0.0069210715591906998,-0.0069210715591906998,-0.00027007097378370002,0.0070705348625778996,0.0070705348625778996
CPIAPPSL,2014-08-31,-9.8704331321641803e-05,-0.0068923067301511001,-0.0068923067301511001,-9.870436042547226e-05,0.0073180813342331999,0.0073180813342331999
CPIAPPSL,2014-09-30,-8.8683562353253365e-05,-0.0069312159903346998,-0.0069312159903346998,-8.8683562353253365e-05,0.0072402046062051998,0.0072402046062051998
CPIAPPSL,2014-10-31,-4.341002568253316e-05,-0.0069034160114824,-0.0069034160114824,-4.3409992940723896e-05,0.0073523954488336997,0.0073523954488336997
CPIAPPSL,2014-11-30,-6.6344531660433859e-05,-0.0068404581397771003,-0.0068404581397771003,-6.6344509832561016e-05,0.0072118528187273996,0.0072118528187273996
CPIAPPSL,2014-12-31,-6.70640729367733e-05,-0.0068608149886131,-0.0068608149886131,-6.70640729367733e-05,0.0072645591571927001,0.0072645591571927001
CPIAPPSL,2015-01-31,-0.00017383313388563693,-0.0069581884890793999,-0.0069581884890793999,-0.00017383310478179999,0.0072210924699901997,0.0072210924699901997
CPIAUCSL,2013-02-28,0.0020301032345741987,-0.00051922071725130005,-0.00051922071725130005,0.0020301032345740998,0.0045313034206628001,0.0045313034206628001
CPIAUCSL,2013-03-31,0.0021518911235034466,-0.00059841899201270004,-0.00059841899201270004,0.0021518911235034002,0.0048434883356093996,0.0048434883356093996
CPIAUCSL,2013-04-30,0.0022014821879565716,-0.00068033067509530002,-0.00068033067509530002,0.0022014821879565,0.0050386572256684,0.0050386572256684
CPIAUCSL,2013-05-31,0.002260998822748661,-0.00069093890488140005,-0.00069093890488140005,0.0022609988227485999,0.0051882448606192996,0.0051882448606192996
CPIAUCSL,2013-06-30,0.0022875892464071512,-0.00069305906072250005,-0.00069305906072250005,0.0022875892464071,0.0052947020158171003,0.0052947020158171003
CPIAUCSL,2013-07-31,0.0022829980589449406,-0.00074187666177739995,-0.00074187666177739995,0.0022829980589448998,0.0053111044690012004,0.0053111044690012004
CPIAUCSL,2013-08-31,0.0023336084559559822,-0.0006872857920825,-0.0006872857920825,0.0023336084559558998,0.0054703820496796998,0.0054703820496796998
CPIAUCSL,2013-09-30,0.002428093459457159,-0.00063857389613979998,-0.00063857389613979998,0.0024280934594571001,0.0055776862427592,0.0055776862427592
CPIAUCSL,2013-10-31,0.0023811468854546547,-0.00065451720729470004,-0.00065451720729470004,0.0023811468854546,0.0054910765029488997,0.0054910765029488997
CPIAUCSL,2013-11-30,0.0023632636293768883,-0.00068620918318619995,-0.00068620918318619995,0.0023632636293767998,0.0054686246439814004,0.0054686246439814004
CPIAUCSL,2013-12-31,0.0023473193868994713,-0.00068474514409889997,-0.00068474514409889997,0.0023473193868994002,0.0054775401949882004,0.0054775401949882004
CPIAUCSL,2014-01-31,0.0022560001816600561,-0.00078393286094060005,-0.00078393286094060005,0.0022560001816600002,0.0054266704246400998,0.0054266704246400998
CPIAUCSL,2014-02-28,0.0021883351728320122,-0.00085423747077579995,-0.00085423747077579995,0.002188335172832,0.0053296210244297001,0.0053296210244297001
CPIAUCSL,2014-03-31,0.0021942066960036755,-0.0008768704719841,-0.0008768704719841,0.0021942066960036,0.0053416583687066997,0.0053416583687066997
CPIAUCSL,2014-04-30,0.0022703814320266247,-0.00079648476094,-0.00079648476094,0.0022703814320266,0.0054802680388091997,0.0054802680388091997
CPIAUCSL,2014-05-31,0.0023294840939342976,-0.00076983589678999997,-0.00076983589678999997,0.0023294840939342,0.0055534411221741997,0.0055534411221741997
CPIAUCSL,2014-06-30,0.0023083239793777466,-0.0008224952034652,-0.0008224952034652,0.0023083239793777002,0.0055902213789521997,0.0055902213789521997
CPIAUCSL,2014-07-31,0.0023178486153483391,-0.0008205831982195,-0.0008205831982195,0.0023178486153483,0.0055903620086609996,0.0055903620086609996
CPIAUCSL,2014-08-31,0.0022624402772635221,-0.00088314712047569998,-0.00088314712047569998,0.0022624402772635,0.0057018985971808,0.0057018985971808
CPIAUCSL,2014-09-30,0.0023668741341680288,-0.00080111389979719996,-0.00080111389979719996,0.0023668741341680002,0.0058112759143114003,0.0058112759143114003
CPIAUCSL,2014-10-31,0.0023506435099989176,-0.00077368877828120004,-0.00077368877828120004,0.0023506435099988998,0.0057108351029455003,0.0057108351029455003
CPIAUCSL,2014-11-30,0.0023755570873618126,-0.00075389211997380003,-0.00075389211997380003,0.0023755570873618,0.0057824384421109997,0.0057824384421109997
CPIAUCSL,2014-12-31,0.0023291260004043579,-0.00076641282066700002,-0.00076641282066700002,0.0023291260004042998,0.0056726774200797003,0.0056726774200797003
CPIAUCSL,2015-01-31,0.0023101898841559887,-0.00077409762889139996,-0.00077409762889139996,0.0023101898841558998,0.0056556519120931001,0.0056556519120931001
CPIMEDSL,2013-02-28,-0.00033280244679190218,-0.0020949891768394999,-0.0020949891768394999,-0.00033280244679190002,0.0014431780437007,0.0014431780437007
CPIMEDSL,2013-03-31,-5.8696263295132667e-05,-0.0019140447257085999,-0.0019140447257085999,-5.8696256019175053e-05,0.0018256520852446001,0.0018256520852446001
CPIMEDSL,2013-04-30,-8.15932871773839e-05,-0.0019936044700442999,-0.0019936044700442999,-8.15932871773839e-05,0.0018757524667306999,0.0018757524667306999
CPIMEDSL,2013-05-31,-0.00015636601892765611,-0.0021165159996598001,-0.0021165159996598001,-0.0001563660334795,0.0018508617067708999,0.0018508617067708999
CPIMEDSL,2013-06-30,-7.9236036981455982e-05,-0.0020972588099538998,-0.0020972588099538998,-7.923605153337121e-05,0.0019837706349790001,0.0019837706349790001
CPIMEDSL,2013-07-31,-0.00012626107491087168,-0.0021791602484881002,-0.0021791602484881002,-0.00012626108946269999,0.0019822581671177998,0.0019822581671177998
CPIMEDSL,2013-08-31,-9.0663961600512266e-05,-0.0021793353371321999,-0.0021793353371321999,-9.066396160051228e-05,0.0020474337507039001,0.0020474337507039001
CPIMEDSL,2013-09-30,-5.0203761929878965e-05,-0.0021652954164892001,-0.0021652954164892001,-5.0203758291900158e-05,0.0021204177755862002,0.0021204177755862002
CPIMEDSL,2013-10-31,-0.00011809571878984571,-0.0022577703930437001,-0.0022577703930437001,-0.00011809571878980001,0.0020969221368432002,0.0020969221368432002
CPIMEDSL,2013-11-30,-0.0001028700644383207,-0.0022610560990869999,-0.0022610560990869999,-0.00010287004988640001,0.0021366018336266002,0.0021366018336266002
CPIMEDSL,2013-12-31,-9.5387309556826949e-05,-0.002267469651997,-0.002267469651997,-9.5387309556826963e-05,0.0021600192412734001,0.0021600192412734001
CPIMEDSL,2014-01-31,-7.818124140612781e-05,-0.0022464897483587,-0.0022464897483587,-7.818124140612781e-05,0.0021691834554076,0.0021691834554076
CPIMEDSL,2014-02-28,-3.2403964723926038e-05,-0.0021912441588938002,-0.0021912441588938002,-3.2403971999883652e-05,0.0022142275702207999,0.0022142275702207999
CPIMEDSL,2014-03-31,-8.3880499005317688e-05,-0.0022563408128917,-0.0022563408128917,-8.3880499005317688e-05,0.0021770363673567,0.0021770363673567
CPIMEDSL,2014-04-30,-0.00011344825907144696,-0.0023001723457126999,-0.0023001723457126999,-0.0001134482445195,0.0021642092615365002,0.0021642092615365002
CPIMEDSL,2014-05-31,-8.86302295839414e-05,-0.0022932067513465001,-0.0022932067513465001,-8.8630244135856628e-05,0.0022032184060662,0.0022032184060662
CPIMEDSL,2014-06-30,-5.7854886108543724e-05,-0.0022578965872526,-0.0022578965872526,-5.7854893384501338e-05,0.002240790054202,0.002240790054202
CPIMEDSL,2014-07-31,-5.7912035117624328e-05,-0.0022681066766380999,-0.0022681066766380999,-5.7912024203687906e-05,0.0022402768954633999,0.0022402768954633999
CPIMEDSL,2014-08-31,-7.6092139352113008e-05,-0.0023466581478714002,-0.0023466581478714002,-7.6092139352113008e-05,0.0022808378562331,0.0022808378562331
CPIMEDSL,2014-09-30,-8.3313090726733208e-05,-0.0023630200885235999,-0.0023630200885235999,-8.3313090726733208e-05,0.0022765260655431998,0.0022765260655431998
CPIMEDSL,2014-10-31,-6.621972715947777e-05,-0.0023452818859367999,-0.0023452818859367999,-6.6219741711392999e-05,0.0022986065596342,0.0022986065596342
CPIMEDSL,2014-11-30,-9.5115639851428568e-05,-0.0023343190550803999,-0.0023343190550803999,-9.511562529951334e-05,0.0022301410790531999,0.0022301410790531999
CPIMEDSL,2014-12-31,-0.00010918510088231415,-0.002351339906454,-0.002351339906454,-0.00010918511543420001,0.0022235268261282999,0.0022235268261282999
CPIMEDSL,2015-01-31,-7.1885064244270325e-05,-0.0023323348723351001,-0.0023323348723351001,-7.1885064244270325e-05,0.0022765763569623002,0.0022765763569623002
CPITRNSL,2013-02-28,-0.0034454273991286755,-0.018737260252237299,-0.018737260252237299,-0.0034454273991286,0.011553397402167299,0.011553397402167299
CPITRNSL,2013-03-31,-0.003024182515218854,-0.019073696807026801,-0.019073696807026801,-0.0030241825152188002,0.0127082420513033,0.0127082420513033
CPITRNSL,2013-04-30,0.00038933698670007288,-0.016156140714883801,-0.016156140714883801,0.00038933707401150002,0.0163554586470127,0.0163554586470127
CPITRNSL,2013-05-31,0.0010425626533105969,-0.015735344961285501,-0.015735344961285501,0.0010425627697258999,0.017255138605833002,0.017255138605833002
CPITRNSL,2013-06-30,0.00013434194261208177,-0.016735693439841201,-0.016735693439841201,0.00013434188440440001,0.016457498073577801,0.016457498073577801
CPITRNSL,2013-07-31,0.00014979155093897134,-0.0169169679284095,-0.0169169679284095,0.0001497915945947,0.016515724360942799,0.016515724360942799
CPITRNSL,2013-08-31,-0.0015875480603426695,-0.018690204247832298,-0.018690204247832298,-0.0015875480603426001,0.0150385219603776,0.0150385219603776
CPITRNSL,2013-09-30,-0.002166250953450799,-0.0195515863597393,-0.0195515863597393,-0.0021662509534507001,0.0146633172407746,0.0146633172407746
CPITRNSL,2013-10-31,-0.00076247565448284149,-0.018165640532970401,-0.018165640532970401,-0.00076247565448279997,0.016039447858929599,0.016039447858929599
CPITRNSL,2013-11-30,0.00061722612008452415,-0.016966480761766399,-0.016966480761766399,0.00061722612008449998,0.017598921433091101,0.017598921433091101
CPITRNSL,2013-12-31,0.0001797287113731727,-0.017373766750097198,-0.017373766750097198,0.000179728725925,0.017381669953465399,0.017381669953465399
CPITRNSL,2014-01-31,-0.00073590886313468218,-0.018311971798539099,-0.018311971798539099,-0.00073590874671929996,0.016514943912625299,0.016514943912625299
CPITRNSL,2014-02-28,-0.00056935043539851904,-0.017951864749193101,-0.017951864749193101,-0.00056935055181379999,0.0165745634585618,0.0165745634585618
CPITRNSL,2014-03-31,-0.00062541838269680738,-0.018064996227622001,-0.018064996227622001,-0.00062541826628140001,0.016786836087703701,0.016786836087703701
CPITRNSL,2014-04-30,-0.00049405009485781193,-0.018119497224688499,-0.018119497224688499,-0.0004940500948578,0.016990171745419499,0.016990171745419499
CPITRNSL,2014-05-31,-0.00011636194540187716,-0.017641147598624202,-0.017641147598624202,-0.0001163620036095,0.0173870585858821,0.0173870585858821
CPITRNSL,2014-06-30,-0.00013230356853455305,-0.017605284228920898,-0.017605284228920898,-0.0001323034521192,0.017382035031914701,0.017382035031914701
CPITRNSL,2014-07-31,-0.0010636192746460438,-0.018416227772831899,-0.018416227772831899,-0.001063619274646,0.0166104342788457,0.0166104342788457
CPITRNSL,2014-08-31,-0.0012577925808727741,-0.0187337379902601,-0.0187337379902601,-0.0012577925808727,0.0167583394795656,0.0167583394795656
CPITRNSL,2014-09-30,-0.00019619570230133832,-0.017908670008182501,-0.017908670008182501,-0.0001961956731975,0.017676273360848399,0.017676273360848399
CPITRNSL,2014-10-31,-0.00023863211390562356,-0.017876993864774701,-0.017876993864774701,-0.00023863208480169999,0.017678504809737199,0.017678504809737199
CPITRNSL,2014-11-30,-9.2783455329481512e-05,-0.017564047127962099,-0.017564047127962099,-9.2783477157354355e-05,0.017646426334977101,0.017646426334977101
CPITRNSL,2014-12-31,-7.6025913585908711e-05,-0.017329456284642199,-0.017329456284642199,-7.6025957241654396e-05,0.017546080052852599,0.017546080052852599
CPITRNSL,2015-01-31,-0.00031913409475237131,-0.017451874911785101,-0.017451874911785101,-0.00031913421116760001,0.017425613477826101,0.017425613477826101
CPIULFSL,2013-02-28,-0.00046300553367473185,-0.0035057542845606002,-0.0035057542845606002,-0.00046300550457089998,0.0024729433935135,0.0024729433935135
CPIULFSL,2013-03-31,-0.0003518615267239511,-0.0034790905192494002,-0.0034790905192494002,-0.00035186152672389998,0.0027006431482732001,0.0027006431482732001
CPIULFSL,2013-04-30,-7.3651346610859036e-05,-0.0032569642644374999,-0.0032569642644374999,-7.365131750702858e-05,0.0029914304614067,0.0029914304614067
CPIULFSL,2013-05-31,-0.00012802716810256243,-0.0033179961610585,-0.0033179961610585,-0.0001280271681025,0.0029554935172199999,0.0029554935172199999
CPIULFSL,2013-06-30,6.9412795710377395e-05,-0.0031286820303647999,-0.0031286820303647999,6.9412810262292624e-05,0.0031742560677229998,0.0031742560677229998
CPIULFSL,2013-07-31,0.00018927626661024988,-0.0030083255842327998,-0.0030083255842327998,0.0001892762666102,0.0033049660269171,0.0033049660269171
CPIULFSL,2013-08-31,-0.000236378880799748,-0.0034149792045354002,-0.0034149792045354002,-0.00023637886624780001,0.0028831553645430998,0.0028831553645430998
CPIULFSL,2013-09-30,-0.0003649242571555078,-0.0035427170805632999,-0.0035427170805632999,-0.0003649242571555,0.0027373929042369002,0.0027373929042369002
CPIULFSL,2013-10-31,-0.00024919005227275193,-0.0034525184892117001,-0.0034525184892117001,-0.0002491900231689,0.0028945254161952998,0.0028945254161952998
CPIULFSL,2013-11-30,3.5420682252151892e-05,-0.0032006280962377002,-0.0032006280962377002,3.5420700442045927e-05,0.0031873546540737,0.0031873546540737
CPIULFSL,2013-12-31,9.3384885985869914e-05,-0.0031541115604341,-0.0031541115604341,9.3384907813742757e-05,0.0032765034120529001,0.0032765034120529001
CPIULFSL,2014-01-31,0.00010476226452738047,-0.0031168162822722998,-0.0031168162822722998,0.0001047622354235,0.0032486200798302,0.0032486200798302
CPIULFSL,2014-02-28,-6.7604203650262207e-05,-0.0032714202534407,-0.0032714202534407,-6.7604181822389364e-05,0.0030647723469883,0.0030647723469883
CPIULFSL,2014-03-31,2.660782911334536e-06,-0.0031954466830938998,-0.0031954466830938998,2.6607885956764221e-06,0.0031274973880498999,0.0031274973880498999
CPIULFSL,2014-04-30,-3.7310776406229706e-06,-0.0032082120887935001,-0.0032082120887935001,-3.7310528568923473e-06,0.0031354196835308998,0.0031354196835308998
CPIULFSL,2014-05-31,3.1000618037069216e-05,-0.0031654473859816,-0.0031654473859816,3.1000643502920866e-05,0.0031806940678506999,0.0031806940678506999
CPIULFSL,2014-06-30,6.4050254877656698e-05,-0.0031321039423345999,-0.0031321039423345999,6.4050254877656698e-05,0.0032066244166344001,0.0032066244166344001
CPIULFSL,2014-07-31,-0.00011259221355430782,-0.0032973845954984001,-0.0032973845954984001,-0.0001125922426581,0.0030556321144104,0.0030556321144104
CPIULFSL,2014-08-31,-6.7690139985643327e-05,-0.0033085548784583,-0.0033085548784583,-6.7690154537558556e-05,0.0031564293894916001,0.0031564293894916001
CPIULFSL,2014-09-30,3.383953298907727e-05,-0.0032600653357803002,-0.0032600653357803002,3.3839547540992498e-05,0.0032582774292676999,0.0032582774292676999
CPIULFSL,2014-10-31,-7.2032227762974799e-05,-0.0033791782334446001,-0.0033791782334446001,-7.203221321105957e-05,0.0031848468352108999,0.0031848468352108999
CPIULFSL,2014-11-30,-9.8663607786875218e-05,-0.0033922782167791999,-0.0033922782167791999,-9.8663615062832846e-05,0.0031127303373067999,0.0031127303373067999
CPIULFSL,2014-12-31,3.8316567952279001e-05,-0.0032507888972759,-0.0032507888972759,3.8316589780151837e-05,0.0032401531934737999,0.0032401531934737999
CPIULFSL,2015-01-31,0.00018047590856440365,-0.0030662030912935001,-0.0030662030912935001,0.00018047590856439999,0.0034159943461418,0.0034159943461418
CUMFNS,2013-02-28,0.061433486640453339,-0.481366366147995,-0.481366366147995,0.061433486640453297,0.5924757719039917,0.5924757719039917
CUMFNS,2013-03-31,0.070326842367649078,-0.50133639574050903,-0.50133639574050903,0.070326842367648995,0.63318008184432983,0.63318008184432983
CUMFNS,2013-04-30,0.072936058044433594,-0.51840472221374512,-0.51840472221374512,0.072936058044433594,0.65423828363418579,0.65423828363418579
CUMFNS,2013-05-31,0.073962576687335968,-0.5299186110496521,-0.5299186110496521,0.0739625729620456,0.66103202104568481,0.66103202104568481
CUMFNS,2013-06-30,0.080562315881252289,-0.52626281976699829,-0.52626281976699829,0.080562314018607098,0.68010824918746948,0.68010824918746948
CUMFNS,2013-07-31,0.083100996911525726,-0.5330851674079895,-0.5330851674079895,0.083100996911525699,0.6816522479057312,0.6816522479057312
CUMFNS,2013-08-31,0.10020317882299423,-0.51909506320953369,-0.51909506320953369,0.100203176960349,0.70546388626098633,0.70546388626098633
CUMFNS,2013-09-30,0.11337548494338989,-0.51351422071456909,-0.51351422071456909,0.1133754830807447,0.72270649671554565,0.72270649671554565
CUMFNS,2013-10-31,0.11043400317430496,-0.51630783081054688,-0.51630783081054688,0.1104340050369501,0.72058874368667603,0.72058874368667603
CUMFNS,2013-11-30,0.11700503528118134,-0.51404827833175659,-0.51404827833175659,0.1170050334185361,0.73523682355880737,0.73523682355880737
CUMFNS,2013-12-31,0.11795821785926819,-0.51775830984115601,-0.51775830984115601,0.1179582197219133,0.74179232120513916,0.74179232120513916
CUMFNS,2014-01-31,0.1136438399553299,-0.53145915269851685,-0.53145915269851685,0.1136438362300396,0.73733985424041748,0.73733985424041748
CUMFNS,2014-02-28,0.11706015467643738,-0.5257301926612854,-0.5257301926612854,0.11706015467643729,0.74780035018920898,0.74780035018920898
CUMFNS,2014-03-31,0.10718017816543579,-0.54209810495376587,-0.54209810495376587,0.1071801744401454,0.73574525117874146,0.73574525117874146
CUMFNS,2014-04-30,0.1034211739897728,-0.5429537296295166,-0.5429537296295166,0.1034211758524179,0.73657530546188354,0.73657530546188354
CUMFNS,2014-05-31,0.10781246423721313,-0.5440564751625061,-0.5440564751625061,0.10781246423721309,0.74726790189743042,0.74726790189743042
CUMFNS,2014-06-30,0.10767090320587158,-0.5489647388458252,-0.5489647388458252,0.1076709050685167,0.75285995006561279,0.75285995006561279
CUMFNS,2014-07-31,0.10809282958507538,-0.54588735103607178,-0.54588735103607178,0.1080928286537528,0.74658507108688354,0.74658507108688354
CUMFNS,2014-08-31,0.11539740860462189,-0.55572617053985596,-0.55572617053985596,0.1153974076732993,0.77769118547439575,0.77769118547439575
CUMFNS,2014-09-30,0.11633017659187317,-0.56078588962554932,-0.56078588962554932,0.1163301737979054,0.77715837955474854,0.77715837955474854
CUMFNS,2014-10-31,0.1014203205704689,-0.57417207956314087,-0.57417207956314087,0.1014203177765011,0.75696688890457153,0.75696688890457153
CUMFNS,2014-11-30,0.10316765308380127,-0.56707841157913208,-0.56707841157913208,0.1031676530838012,0.75773525238037109,0.75773525238037109
CUMFNS,2014-12-31,0.10061105340719223,-0.57298946380615234,-0.57298946380615234,0.1006110552698373,0.74879854917526245,0.74879854917526245
CUMFNS,2015-01-31,0.089740559458732605,-0.59415650367736816,-0.59415650367736816,0.089740563184022903,0.737071692943573,0.737071692943573
CUSR0000SA0L2,2013-02-28,-0.00051187037024646997,-0.0042732190340756997,-0.0042732190340756997,-0.00051187037024640004,0.0031669924501329001,0.0031669924501329001
CUSR0000SA0L2,2013-03-31,-0.00054487033048644662,-0.0044494913890957,-0.0044494913890957,-0.0005448703304864,0.0033143451437354001,0.0033143451437354001
CUSR0000SA0L2,2013-04-30,-0.0004418375319801271,-0.0044257859699428003,-0.0044257859699428003,-0.00044183753198009999,0.0034516556188464,0.0034516556188464
CUSR0000SA0L2,2013-05-31,-6.5384680056013167e-05,-0.0040746429003774998,-0.0040746429003774998,-6.5384665504097939e-05,0.0038453431334345999,0.0038453431334345999
CUSR0000SA0L2,2013-06-30,-8.546661410946399e-05,-0.0041142152622341997,-0.0041142152622341997,-8.5466599557548761e-05,0.0038739910814911001,0.0038739910814911001
CUSR0000SA0L2,2013-07-31,0.00011124769662274048,-0.0039434265345334998,-0.0039434265345334998,0.0001112477038986,0.0040721306577324,0.0040721306577324
CUSR0000SA0L2,2013-08-31,-0.00023263417824637145,-0.0042853089980781,-0.0042853089980781,-0.00023263419279819999,0.0037635064218193002,0.0037635064218193002
CUSR0000SA0L2,2013-09-30,-0.00034136604517698288,-0.0043949168175457997,-0.0043949168175457997,-0.00034136604517689999,0.0036445783916859999,0.0036445783916859999
CUSR0000SA0L2,2013-10-31,-0.00018908028141595423,-0.0042986604385076999,-0.0042986604385076999,-0.0001890802523121,0.0038770986720919002,0.0038770986720919002
CUSR0000SA0L2,2013-11-30,-0.00013844578643329442,-0.0043133553117512997,-0.0043133553117512997,-0.00013844575732939999,0.0039696213789284004,0.0039696213789284004
CUSR0000SA0L2,2013-12-31,3.8986087020020932e-05,-0.0041432604193686997,-0.0041432604193686997,3.8986094295978546e-05,0.0041840318590401996,0.0041840318590401996
CUSR0000SA0L2,2014-01-31,3.059620939893648e-05,-0.0041164867579936001,-0.0041164867579936001,3.0596216674894094e-05,0.0041263224557042,0.0041263224557042
CUSR0000SA0L2,2014-02-28,-4.4972421164857224e-05,-0.0042126225307583002,-0.0042126225307583002,-4.4972402974963188e-05,0.0040842271409928001,0.0040842271409928001
CUSR0000SA0L2,2014-03-31,-0.00014316322631202638,-0.0042917849496006003,-0.0042917849496006003,-0.0001431632554158,0.0039958669804036001,0.0039958669804036001
CUSR0000SA0L2,2014-04-30,-0.00015208714467007667,-0.0043224859982728004,-0.0043224859982728004,-0.00015208713011809999,0.0040096440352498999,0.0040096440352498999
CUSR0000SA0L2,2014-05-31,-8.9901819592341781e-05,-0.0042466339655219997,-0.0042466339655219997,-8.9901848696172237e-05,0.0040808087214827,0.0040808087214827
CUSR0000SA0L2,2014-06-30,2.2284553779172711e-05,-0.0041416045278310004,-0.0041416045278310004,2.2284570150077343e-05,0.0041662650182843,0.0041662650182843
CUSR0000SA0L2,2014-07-31,-3.0423765565501526e-05,-0.0041614500805734998,-0.0041614500805734998,-3.0423747375607491e-05,0.0041397316381334998,0.0041397316381334998
CUSR0000SA0L2,2014-08-31,-5.1358852942939848e-05,-0.0042340732179581998,-0.0042340732179581998,-5.1358831115067005e-05,0.0041899844072759004,0.0041899844072759004
CUSR0000SA0L2,2014-09-30,-6.6147194957011379e-06,-0.0042241881601511998,-0.0042241881601511998,-6.6147185862064362e-06,0.0042075817473232,0.0042075817473232
CUSR0000SA0L2,2014-10-31,-7.0641028287354857e-05,-0.0042837560176849001,-0.0042837560176849001,-7.0641050115227699e-05,0.0041666682809590998,0.0041666682809590998
CUSR0000SA0L2,2014-11-30,-0.00010422820196254179,-0.0042768488638103,-0.0042768488638103,-0.0001042282092384,0.0040736608207225002,0.0040736608207225002
CUSR0000SA0L2,2014-12-31,-1.0166414540435653e-05,-0.0041648768819868001,-0.0041648768819868001,-1.016643363982439e-05,0.004153988789767,0.004153988789767
CUSR0000SA0L2,2015-01-31,4.9444265641795937e-06,-0.0041371425613760003,-0.0041371425613760003,4.9444497562944889e-06,0.0041900966316460999,0.0041900966316460999
CUSR0000SA0L5,2013-02-28,-0.00032378575997427106,-0.0034855117555706999,-0.0034855117555706999,-0.00032378575997419999,0.0027405028231440999,0.0027405028231440999
CUSR0000SA0L5,2013-03-31,-0.00021854434453416616,-0.0035041652154176998,-0.0035041652154176998,-0.0002185443299822,0.0029906721320002998,0.0029906721320002998
CUSR0000SA0L5,2013-04-30,-0.00053533026948571205,-0.0038856363389640999,-0.0038856363389640999,-0.00053533026948570002,0.0027186265215277,0.0027186265215277
CUSR0000SA0L5,2013-05-31,0.00013310473877936602,-0.0032425695098935998,-0.0032425695098935998,0.00013310473877929999,0.0034142546355724001,0.0034142546355724001
CUSR0000SA0L5,2013-06-30,-5.504644286702387e-05,-0.0034513741265981999,-0.0034513741265981999,-5.5046461056917906e-05,0.0032750624231994,0.0032750624231994
CUSR0000SA0L5,2013-07-31,0.00027273199521005154,-0.0031598929781465998,-0.0031598929781465998,0.00027273199520999998,0.0036378041841089001,0.0036378041841089001
CUSR0000SA0L5,2013-08-31,-0.00025377236306667328,-0.0036876264493911999,-0.0036876264493911999,-0.00025377236306659999,0.0031254428904502998,0.0031254428904502998
CUSR0000SA0L5,2013-09-30,-0.00032957969233393669,-0.0037820704746991001,-0.0037820704746991001,-0.00032957969233389999,0.0030600365716964002,0.0030600365716964002
CUSR0000SA0L5,2013-10-31,-8.657746366225183e-05,-0.0035678485874085998,-0.0035678485874085998,-8.6577492766082287e-05,0.0033625001087784,0.0033625001087784
CUSR0000SA0L5,2013-11-30,3.0797687941230834e-05,-0.0035043037496506999,-0.0035043037496506999,3.0797673389315605e-05,0.0035142682027070999,0.0035142682027070999
CUSR0000SA0L5,2013-12-31,0.00020737714658025652,-0.0033425877336412,-0.0033425877336412,0.00020737713202830001,0.0037274898495525,0.0037274898495525
CUSR0000SA0L5,2014-01-31,3.685698175104335e-06,-0.0035339498426765,-0.0035339498426765,3.6857090890407558e-06,0.0034940643236041,0.0034940643236041
CUSR0000SA0L5,2014-02-28,-6.7897941335104406e-05,-0.0035899877548217001,-0.0035899877548217001,-6.7897955887019634e-05,0.0034237147774547,0.0034237147774547
CUSR0000SA0L5,2014-03-31,-0.00013396092981565744,-0.0036682484205811999,-0.0036682484205811999,-0.00013396091526370001,0.0033628435339777998,0.0033628435339777998
CUSR0000SA0L5,2014-04-30,-6.8773115344811231e-05,-0.0036369259469211002,-0.0036369259469211002,-6.8773108068853617e-05,0.0034548346884548001,0.0034548346884548001
CUSR0000SA0L5,2014-05-31,-5.269182292977348e-05,-0.0036416060756890999,-0.0036416060756890999,-5.2691844757646322e-05,0.0034965449012814998,0.0034965449012814998
CUSR0000SA0L5,2014-06-30,4.9301324906991795e-05,-0.0035443902015686,-0.0035443902015686,4.9301306717097759e-05,0.0036032719071953999,0.0036032719071953999
CUSR0000SA0L5,2014-07-31,-3.8332746044034138e-05,-0.0036295505706219998,-0.0036295505706219998,-3.8332771509885788e-05,0.0035338432062417,0.0035338432062417
CUSR0000SA0L5,2014-08-31,-4.0461061871610582e-05,-0.0036819141823798002,-0.0036819141823798002,-4.046107642352581e-05,0.0035911716986447,0.0035911716986447
CUSR0000SA0L5,2014-09-30,-2.4850394765962847e-05,-0.0037074445281177,-0.0037074445281177,-2.48504220508039e-05,0.0036024514120072001,0.0036024514120072001
CUSR0000SA0L5,2014-10-31,-2.9140226615709253e-05,-0.0037210404407233,-0.0037210404407233,-2.9140210244804621e-05,0.0036198641173540999,0.0036198641173540999
CUSR0000SA0L5,2014-11-30,-4.2894211219390854e-05,-0.0037183845415711,-0.0037183845415711,-4.2894214857369661e-05,0.0035596590023487,0.0035596590023487
CUSR0000SA0L5,2014-12-31,-2.06975619221339e-06,-0.0036783677060157,-0.0036783677060157,-2.0697480067610741e-06,0.0035898408386856001,0.0035898408386856001
CUSR0000SA0L5,2015-01-31,9.4605184131069109e-06,-0.0036551761440932,-0.0036551761440932,9.4604911282658577e-06,0.0036257919855415001,0.0036257919855415001
CUSR0000SAC,2013-02-28,-0.00041814782889559865,-0.0064177629537879996,-0.0064177629537879996,-0.00041814777068790001,0.0056693525984882996,0.0056693525984882996
CUSR0000SAC,2013-03-31,-0.0010317671112716198,-0.0071943816728888997,-0.0071943816728888997,-0.0010317671112716001,0.0053205089643596996,0.0053205089643596996
CUSR0000SAC,2013-04-30,-0.00098169618286192417,-0.0072175040841102002,-0.0072175040841102002,-0.0009816961828619001,0.0053920070640741998,0.0053920070640741998
CUSR0000SAC,2013-05-31,-0.00019880333275068551,-0.0064210146665572999,-0.0064210146665572999,-0.0001988033764064,0.0061710351146757004,0.0061710351146757004
CUSR0000SAC,2013-06-30,-9.8663229437079281e-05,-0.0062836520373820998,-0.0062836520373820998,-9.8663265816867365e-05,0.0063044349662959003,0.0063044349662959003
CUSR0000SAC,2013-07-31,-2.9195349270594306e-05,-0.0062024267390369996,-0.0062024267390369996,-2.9195332899689671e-05,0.0063158087432383997,0.0063158087432383997
CUSR0000SAC,2013-08-31,-0.0005867182626388967,-0.0067559392191469001,-0.0067559392191469001,-0.00058671832084650005,0.0058386176824569,0.0058386176824569
CUSR0000SAC,2013-09-30,-0.00071345828473567963,-0.0069204610772430003,-0.0069204610772430003,-0.00071345828473560005,0.0056951153092086003,0.0056951153092086003
CUSR0000SAC,2013-10-31,-0.00039298291085287929,-0.0066806343384086999,-0.0066806343384086999,-0.00039298296906049998,0.0061043160967527996,0.0061043160967527996
CUSR0000SAC,2013-11-30,-0.00029565856675617397,-0.0066756405867636004,-0.0066756405867636004,-0.00029565859585999998,0.0062846578657627002,0.0062846578657627002
CUSR0000SAC,2013-12-31,-4.3355590605642647e-05,-0.0064543723128736002,-0.0064543723128736002,-4.3355626985430717e-05,0.0065836952999234,0.0065836952999234
CUSR0000SAC,2014-01-31,-0.00018682960944715887,-0.0065721557475626,-0.0065721557475626,-0.00018682959489520001,0.0063766716048121001,0.0063766716048121001
CUSR0000SAC,2014-02-28,-0.00028291717171669006,-0.0066611636430024997,-0.0066611636430024997,-0.00028291717171660002,0.0063394373282790002,0.0063394373282790002
CUSR0000SAC,2014-03-31,-0.00035635585663840175,-0.0067182648926972996,-0.0067182648926972996,-0.00035635591484599999,0.0062850480899213999,0.0062850480899213999
CUSR0000SAC,2014-04-30,-0.00027771943132393062,-0.0066729448735712996,-0.0066729448735712996,-0.00027771946042769998,0.0063977721147239,0.0063977721147239
CUSR0000SAC,2014-05-31,-0.00027011343627236784,-0.0066501400433480002,-0.0066501400433480002,-0.00027011346537610001,0.0064055025577545001,0.0064055025577545001
CUSR0000SAC,2014-06-30,-0.00026587292086333036,-0.0066269943490624003,-0.0066269943490624003,-0.00026587292086330001,0.0063913464546202997,0.0063913464546202997
CUSR0000SAC,2014-07-31,-0.00030544900801032782,-0.0066406643018126002,-0.0066406643018126002,-0.00030544900801030001,0.0063825421966612001,0.0063825421966612001
CUSR0000SAC,2014-08-31,-0.00024220673367381096,-0.0066371001303194999,-0.0066371001303194999,-0.00024220673367380001,0.0065514175221323004,0.0065514175221323004
CUSR0000SAC,2014-09-30,-0.0001764239277690649,-0.00661301612854,-0.00661301612854,-0.00017642392776899999,0.0065669240429997002,0.0065669240429997002
CUSR0000SAC,2014-10-31,-0.00025422096950933337,-0.0066963839344679997,-0.0066963839344679997,-0.00025422102771690001,0.0065179043449461,0.0065179043449461
CUSR0000SAC,2014-11-30,-0.00025213981280103326,-0.0065959542989730002,-0.0065959542989730002,-0.00025213975459329997,0.0064093298278748,0.0064093298278748
CUSR0000SAC,2014-12-31,-0.00013396836584433913,-0.0064282407984136997,-0.0064282407984136997,-0.00013396842405199999,0.0065272627398371003,0.0065272627398371003
CUSR0000SAC,2015-01-31,-0.0001551235473016277,-0.0064379158429800996,-0.0064379158429800996,-0.0001551235327497,0.0065446682274341002,0.0065446682274341002
CUSR0000SAD,2013-02-28,-0.0001713395758997649,-0.0024108919315039999,-0.0024108919315039999,-0.00017133957589970001,0.0019311618525534001,0.0019311618525534001
CUSR0000SAD,2013-03-31,-0.00061657006153836846,-0.0029542818665504,-0.0029542818665504,-0.00061657006153830005,0.0015771619509905,0.0015771619509905
CUSR0000SAD,2013-04-30,-0.00016922966460697353,-0.0025383385363966001,-0.0025383385363966001,-0.00016922966460689999,0.0020389158744364001,0.0020389158744364001
CUSR0000SAD,2013-05-31,-0.00022508064284920692,-0.0026205361355096002,-0.0026205361355096002,-0.00022508064284920001,0.0019785854965447998,0.0019785854965447998
CUSR0000SAD,2013-06-30,5.1113893277943134e-06,-0.0023959130048750998,-0.0023959130048750998,5.1113893277943134e-06,0.0022438410669565001,0.0022438410669565001
CUSR0000SAD,2013-07-31,0.00027026029420085251,-0.0021781655959784,-0.0021781655959784,0.00027026029420079998,0.0025333040393888001,0.0025333040393888001
CUSR0000SAD,2013-08-31,0.00041827792301774025,-0.0020519834943115,-0.0020519834943115,0.00041827791937970002,0.0026847564149647001,0.0026847564149647001
CUSR0000SAD,2013-09-30,6.1994527641218156e-05,-0.0024244107771663999,-0.0024244107771663999,6.199453491717577e-05,0.002347731264308,0.002347731264308
CUSR0000SAD,2013-10-31,-9.2800313723273575e-05,-0.0026112236082553001,-0.0026112236082553001,-9.280029917135836e-05,0.0022502746433019001,0.0022502746433019001
CUSR0000SAD,2013-11-30,-4.8211750254267827e-05,-0.0025859039742499,-0.0025859039742499,-4.821174661628902e-05,0.0023075577337294002,0.0023075577337294002
CUSR0000SAD,2013-12-31,-0.00018823969003278762,-0.0027380019892007,-0.0027380019892007,-0.0001882396754808,0.0021885109599679002,0.0021885109599679002
CUSR0000SAD,2014-01-31,-0.00022698630345985293,-0.0027730350848287001,-0.0027730350848287001,-0.0002269863034598,0.0021411927882580999,0.0021411927882580999
CUSR0000SAD,2014-02-28,-0.00040543335489928722,-0.0029603047296404002,-0.0029603047296404002,-0.0004054333548992,0.0019704080186783999,0.0019704080186783999
CUSR0000SAD,2014-03-31,5.7419281802140176e-05,-0.0025099401827900999,-0.0025099401827900999,5.7419296354055405e-05,0.0024127245415001999,0.0024127245415001999
CUSR0000SAD,2014-04-30,0.00033521823934279382,-0.0022317408584057999,-0.0022317408584057999,0.00033521822479079999,0.0026812977157533,0.0026812977157533
CUSR0000SAD,2014-05-31,0.00033232386340387166,-0.0022230136673897002,-0.0022230136673897002,0.00033232384885189999,0.0026922973338513998,0.0026922973338513998
CUSR0000SAD,2014-06-30,0.00013197201769798994,-0.0024116709828375998,-0.0024116709828375998,0.00013197201769790001,0.0024666951503604,0.0024666951503604
CUSR0000SAD,2014-07-31,-3.6213015846442431e-05,-0.0025643105618655001,-0.0025643105618655001,-3.6213023122400045e-05,0.0022989646531641002,0.0022989646531641002
CUSR0000SAD,2014-08-31,-4.1933933971449733e-05,-0.0026375295128672998,-0.0026375295128672998,-4.1933933971449733e-05,0.0023500223178416,0.0023500223178416
CUSR0000SAD,2014-09-30,1.0740190191427246e-05,-0.0026028153952210998,-0.0026028153952210998,1.074018655344844e-05,0.0023942401167005001,0.0023942401167005001
CUSR0000SAD,2014-10-31,3.1989027775125578e-05,-0.0025838364381343001,-0.0025838364381343001,3.1989038689061999e-05,0.0024211481213568999,0.0024211481213568999
CUSR0000SAD,2014-11-30,-0.00014506251318380237,-0.0027230796404182,-0.0027230796404182,-0.00014506251318380001,0.0022060712799429,0.0022060712799429
CUSR0000SAD,2014-12-31,-0.00014193942479323596,-0.0027502388693391999,-0.0027502388693391999,-0.00014193943934510001,0.0022113940212875002,0.0022113940212875002
CUSR0000SAD,2015-01-31,0.00011916470248252153,-0.0025150889996439002,-0.0025150889996439002,0.0001191647024825,0.0024815076030789999,0.0024815076030789999
CUSR0000SAS,2013-02-28,-4.2150826629949734e-05,-0.0011260685278102001,-0.0011260685278102001,-4.2150830267928541e-05,0.0010676608653738999,0.0010676608653738999
CUSR0000SAS,2013-03-31,-6.1183704929135274e-06,-0.0011429869337007,-0.0011429869337007,-6.1183673096820712e-06,0.0011690150713547999,0.0011690150713547999
CUSR0000SAS,2013-04-30,2.251387013529893e-05,-0.0011322547215968,-0.0011322547215968,2.2513864678330719e-05,0.0012261817464604,0.0012261817464604
CUSR0000SAS,2013-05-31,1.3984628822072409e-05,-0.0011462275870144001,-0.0011462275870144001,1.3984623365104198e-05,0.0012241658987476999,0.0012241658987476999
CUSR0000SAS,2013-06-30,1.9452570995781571e-05,-0.0011678660521283,-0.0011678660521283,1.9452578271739185e-05,0.0012606342788785,0.0012606342788785
CUSR0000SAS,2013-07-31,5.1354771130718291e-05,-0.0011493847705422999,-0.0011493847705422999,5.1354771130718291e-05,0.0013092230074107001,0.0013092230074107001
CUSR0000SAS,2013-08-31,2.0522658815025352e-05,-0.0011742169735952999,-0.0011742169735952999,2.0522653358057141e-05,0.0012657545739784,0.0012657545739784
CUSR0000SAS,2013-09-30,1.2616821550182067e-05,-0.0011898133670911,-0.0011898133670911,1.2616816093213856e-05,0.0012639742344617,0.0012639742344617
CUSR0000SAS,2013-10-31,1.2636815881705843e-05,-0.0012098080478607999,-0.0012098080478607999,1.2636810424737632e-05,0.0012970052193849999,0.0012970052193849999
CUSR0000SAS,2013-11-30,1.4242814359022304e-06,-0.001233811955899,-0.001233811955899,1.424283254891634e-06,0.0013064516242593,0.0013064516242593
CUSR0000SAS,2013-12-31,-2.3564798539155163e-05,-0.0012714355252683,-0.0012714355252683,-2.3564803996123377e-05,0.0012902865419164001,0.0012902865419164001
CUSR0000SAS,2014-01-31,1.2871410945081152e-05,-0.0012280427617952,-0.0012280427617952,1.2871416402049364e-05,0.0013120936928316001,0.0013120936928316001
CUSR0000SAS,2014-02-28,9.7572083177510649e-06,-0.0012603199575096,-0.0012603199575096,9.7572046797722578e-06,0.0013357633724807999,0.0013357633724807999
CUSR0000SAS,2014-03-31,2.9694838303839788e-05,-0.0012144597712904,-0.0012144597712904,2.9694841941818595e-05,0.0013461059425026001,0.0013461059425026001
CUSR0000SAS,2014-04-30,3.1963998480932787e-05,-0.0012209158157929,-0.0012209158157929,3.196399484295398e-05,0.0013579565566032999,0.0013579565566032999
CUSR0000SAS,2014-05-31,3.3323285606456921e-05,-0.0012332028709351999,-0.0012332028709351999,3.3323289244435728e-05,0.0013785858172922999,0.0013785858172922999
CUSR0000SAS,2014-06-30,2.9984614229761064e-05,-0.0012375555234029,-0.0012375555234029,2.9984614229761064e-05,0.0013646200532093,0.0013646200532093
CUSR0000SAS,2014-07-31,1.2873280866187997e-05,-0.0012576124863699,-0.0012576124863699,1.2873279047198594e-05,0.0013469664845615001,0.0013469664845615001
CUSR0000SAS,2014-08-31,-1.4486608051811345e-05,-0.0013294351520016,-0.0013294351520016,-1.448660623282194e-05,0.0013670749031006999,0.0013670749031006999
CUSR0000SAS,2014-09-30,-1.0440058758831583e-05,-0.0013397395377977999,-0.0013397395377977999,-1.0440053301863372e-05,0.0013742301380261,0.0013742301380261
CUSR0000SAS,2014-10-31,9.8451364465290681e-06,-0.0013086743419989,-0.0013086743419989,9.8451419034972804e-06,0.0013882869388908,0.0013882869388908
CUSR0000SAS,2014-11-30,2.3706803403911181e-05,-0.0012547358637674999,-0.0012547358637674999,2.3706801584921777e-05,0.0013792014215140999,0.0013792014215140999
CUSR0000SAS,2014-12-31,8.8421256805304438e-06,-0.0012835640227421999,-0.0012835640227421999,8.8421220425516367e-06,0.0013670116895809,0.0013670116895809
CUSR0000SAS,2015-01-31,2.2996991901891306e-05,-0.0012962291948497,-0.0012962291948497,2.2996988263912499e-05,0.0014151697978377,0.0014151697978377
DDURRG3M086SBEA,2013-02-28,-0.00038794579450041056,-0.0031940648332237998,-0.0031940648332237998,-0.00038794579450039999,0.0025273011997342001,0.0025273011997342001
DDURRG3M086SBEA,2013-03-31,-0.00043861952144652605,-0.0033785528503358,-0.0033785528503358,-0.00043861952144649998,0.0026203319430351001,0.0026203319430351001
DDURRG3M086SBEA,2013-04-30,0.00053594284690916538,-0.0024808715097606,-0.0024808715097606,0.0005359428469091,0.0036817204672843001,0.0036817204672843001
DDURRG3M086SBEA,2013-05-31,-0.00056910805869847536,-0.0036223288625477999,-0.0036223288625477999,-0.00056910805869840001,0.0026201012078672001,0.0026201012078672001
DDURRG3M086SBEA,2013-06-30,-0.0002378528006374836,-0.0033375069033354,-0.0033375069033354,-0.0002378528006374,0.0030199596658348998,0.0030199596658348998
DDURRG3M086SBEA,2013-07-31,0.00028271565679460764,-0.0028642329853027998,-0.0028642329853027998,0.0002827156567946,0.0035607274621725,0.0035607274621725
DDURRG3M086SBEA,2013-08-31,-0.0005328404949977994,-0.0037158918567001,-0.0037158918567001,-0.00053284049499769998,0.0027567108627408001,0.0027567108627408001
DDURRG3M086SBEA,2013-09-30,0.00042282743379473686,-0.0027796677313745,-0.0027796677313745,0.0004228274337947,0.0037239240482448998,0.0037239240482448998
DDURRG3M086SBEA,2013-10-31,0.00064465543255209923,-0.0026183237787335998,-0.0026183237787335998,0.0006446554198191,0.0039934692904353003,0.0039934692904353003
DDURRG3M086SBEA,2013-11-30,-0.00054289586842060089,-0.0038254198152571002,-0.0038254198152571002,-0.00054289586842060002,0.0028341347351670001,0.0028341347351670001
DDURRG3M086SBEA,2013-12-31,-0.00032996089430525899,-0.0036288832779972999,-0.0036288832779972999,-0.00032996089430520001,0.0030382259283214001,0.0030382259283214001
DDURRG3M086SBEA,2014-01-31,0.00057593471137806773,-0.0026807293761521001,-0.0026807293761521001,0.00057593470410210003,0.0039045242592691998,0.0039045242592691998
DDURRG3M086SBEA,2014-02-28,-0.00041525787673890591,-0.0036663319915533001,-0.0036663319915533001,-0.0004152578767389,0.0029367341194300998,0.0029367341194300998
DDURRG3M086SBEA,2014-03-31,0.00016035446606110781,-0.0031161759980022001,-0.0031161759980022001,0.000160354480613,0.0035286736674606002,0.0035286736674606002
DDURRG3M086SBEA,2014-04-30,0.00021292531164363027,-0.0030497859697788,-0.0030497859697788,0.00021292531164359999,0.0035739787854253999,0.0035739787854253999
DDURRG3M086SBEA,2014-05-31,-0.00026378681650385261,-0.0035186836030334,-0.0035186836030334,-0.00026378681650380002,0.003120900131762,0.003120900131762
DDURRG3M086SBEA,2014-06-30,-5.0964557885890827e-05,-0.0033181030303238998,-0.0033181030303238998,-5.0964532420039177e-05,0.0033092098310589001,0.0033092098310589001
DDURRG3M086SBEA,2014-07-31,0.00024801678955554962,-0.0030115556437521999,-0.0030115556437521999,0.00024801678955550002,0.0036395411007106001,0.0036395411007106001
DDURRG3M086SBEA,2014-08-31,-0.00059741362929344177,-0.0039198063313961003,-0.0039198063313961003,-0.00059741362929340003,0.0028420975431799,0.0028420975431799
DDURRG3M086SBEA,2014-09-30,0.00020439496438484639,-0.0031213241163641002,-0.0031213241163641002,0.00020439497893670001,0.0036660523619501998,0.0036660523619501998
DDURRG3M086SBEA,2014-10-31,0.00045703665819019079,-0.0028949202969670001,-0.0028949202969670001,0.00045703665819009999,0.0039156246930359996,0.0039156246930359996
DDURRG3M086SBEA,2014-11-30,-0.00055989634711295366,-0.003839461132884,-0.003839461132884,-0.00055989634711289999,0.0028584701940416999,0.0028584701940416999
DDURRG3M086SBEA,2014-12-31,-0.00061310920864343643,-0.0039135697297751001,-0.0039135697297751001,-0.0006131092086434,0.0028148107230663,0.0028148107230663
DDURRG3M086SBEA,2015-01-31,0.00078280729940161109,-0.0025478482712060001,-0.0025478482712060001,0.00078280731395349997,0.0042427480220794001,0.0042427480220794001
DMANEMP,2013-02-28,0.0010853492422029376,-0.0015869161579757001,-0.0015869161579757001,0.0010853492422029001,0.0033469467889516999,0.0033469467889516999
DMANEMP,2013-03-31,0.00094824598636478186,-0.0019680890254675999,-0.0019680890254675999,0.0009482459863647,0.0034201007802038999,0.0034201007802038999
DMANEMP,2013-04-30,0.00087652658112347126,-0.0022882358171045,-0.0022882358171045,0.00087652658112340003,0.003450080519542,0.003450080519542
DMANEMP,2013-05-31,0.0008226075442507863,-0.0025855614803730999,-0.0025855614803730999,0.0008226075442507,0.0034812383819371002,0.0034812383819371002
DMANEMP,2013-06-30,0.00077376910485327244,-0.0027195021975784999,-0.0027195021975784999,0.00077376910485320001,0.0036348819267004,0.0036348819267004
DMANEMP,2013-07-31,0.00072522053960710764,-0.0029470757581293002,-0.0029470757581293002,0.00072522053960710005,0.0036840268876403002,0.0036840268876403002
DMANEMP,2013-08-31,0.0007431108970195055,-0.0030899092089384001,-0.0030899092089384001,0.00074311089701949997,0.0036993122193962002,0.0036993122193962002
DMANEMP,2013-09-30,0.00062184548005461693,-0.0033513740636407999,-0.0033513740636407999,0.00062184548005460001,0.0037142133805900001,0.0037142133805900001
DMANEMP,2013-10-31,0.00060698913875967264,-0.0034087214153258999,-0.0034087214153258999,0.0006069891387596,0.0037714729551224999,0.0037714729551224999
DMANEMP,2013-11-30,0.00061999214813113213,-0.0035297486465424,-0.0035297486465424,0.00061999214813110003,0.003894894151017,0.003894894151017
DMANEMP,2013-12-31,0.00066337769385427237,-0.0036562734749168001,-0.0036562734749168001,0.00066337769385420005,0.0039793560281395001,0.0039793560281395001
DMANEMP,2014-01-31,0.00057404011022299528,-0.0039314115419982996,-0.0039314115419982996,0.00057404011022289998,0.0039427783340214998,0.0039427783340214998
DMANEMP,2014-02-28,0.00066031049937009811,-0.0039258236065505998,-0.0039258236065505998,0.00066031049936999999,0.0041092000901698997,0.0041092000901698997
DMANEMP,2014-03-31,0.00060617795679718256,-0.0041087409481406004,-0.0041087409481406004,0.00060617795679710005,0.0040224296972154999,0.0040224296972154999
DMANEMP,2014-04-30,0.00065653410274535418,-0.0041572991758583996,-0.0041572991758583996,0.00065653410274529997,0.0041184900328515997,0.0041184900328515997
DMANEMP,2014-05-31,0.00057486817240715027,-0.0043846489861606996,-0.0043846489861606996,0.00057486817240709996,0.0041754264384508003,0.0041754264384508003
DMANEMP,2014-06-30,0.00050838768947869539,-0.0046262587420642003,-0.0046262587420642003,0.00050838768947859998,0.0041494611650704999,0.0041494611650704999
DMANEMP,2014-07-31,0.00029618525877594948,-0.0048903711140155003,-0.0048903711140155003,0.00029618528787969997,0.0039719883352518004,0.0039719883352518004
DMANEMP,2014-08-31,0.00031184754334390163,-0.0050744609907269001,-0.0050744609907269001,0.00031184754334390001,0.0042029209434986002,0.0042029209434986002
DMANEMP,2014-09-30,8.8335713371634483e-05,-0.0054067671298980002,-0.0054067671298980002,8.8335713371634483e-05,0.0039432263001799002,0.0039432263001799002
DMANEMP,2014-10-31,0.00010395975550636649,-0.0054279547184704997,-0.0054279547184704997,0.0001039597555063,0.0039338003844021996,0.0039338003844021996
DMANEMP,2014-11-30,3.0372757464647293e-06,-0.0056058634072542,-0.0056058634072542,3.0372757464647293e-06,0.0038795683067290999,0.0038795683067290999
DMANEMP,2014-12-31,5.4353615269064903e-05,-0.0057121766731142998,-0.0057121766731142998,5.4353615269064903e-05,0.0039360038936137997,0.0039360038936137997
DMANEMP,2015-01-31,-2.7683330699801445e-05,-0.005991568788886,-0.005991568788886,-2.7683330699801445e-05,0.0039111953228712004,0.0039111953228712004
DNDGRG3M086SBEA,2013-02-28,-0.00074370641959831119,-0.0080935070291160999,-0.0080935070291160999,-0.0007437064778059,0.0063800918869673998,0.0063800918869673998
DNDGRG3M086SBEA,2013-03-31,-0.00080914917634800076,-0.0084231495857238006,-0.0084231495857238006,-0.00080914911814029995,0.0066173863597213996,0.0066173863597213996
DNDGRG3M086SBEA,2013-04-30,-0.0009231113363057375,-0.0086562251672147993,-0.0086562251672147993,-0.00092311133630569998,0.0065653934143482997,0.0065653934143482997
DNDGRG3M086SBEA,2013-05-31,-0.00021243577066343278,-0.0079482672736048005,-0.0079482672736048005,-0.0002124357270076,0.0072732078842818,0.0072732078842818
DNDGRG3M086SBEA,2013-06-30,0.00012404278095345944,-0.0075967619195579997,-0.0075967619195579997,0.00012404273729769999,0.0076370476745069001,0.0076370476745069001
DNDGRG3M086SBEA,2013-07-31,0.00042702531209215522,-0.0073302634991705001,-0.0073302634991705001,0.00042702525388439998,0.0078973537310957007,0.0078973537310957007
DNDGRG3M086SBEA,2013-08-31,-0.00038081756792962551,-0.0081208432093261996,-0.0081208432093261996,-0.00038081756792959998,0.0071530588902533002,0.0071530588902533002
DNDGRG3M086SBEA,2013-09-30,-0.00084050995064899325,-0.0086480462923645002,-0.0086480462923645002,-0.00084051000885659996,0.0067059691064058997,0.0067059691064058997
DNDGRG3M086SBEA,2013-10-31,-0.0005301396013237536,-0.0083965463563799008,-0.0083965463563799008,-0.00053013965953139998,0.0071025062352417997,0.0071025062352417997
DNDGRG3M086SBEA,2013-11-30,-3.7328754842747003e-05,-0.0080054840072988995,-0.0080054840072988995,-3.7328805774450302e-05,0.0076892203651368002,0.0076892203651368002
DNDGRG3M086SBEA,2013-12-31,0.00039179151644930243,-0.0076127424836157998,-0.0076127424836157998,0.0003917914582416,0.0082086026668547994,0.0082086026668547994
DNDGRG3M086SBEA,2014-01-31,-1.0327484233130235e-05,-0.0079652341082692008,-0.0079652341082692008,-1.032743602991104e-05,0.0077299964614212001,0.0077299964614212001
DNDGRG3M086SBEA,2014-02-28,-9.5160314231179655e-05,-0.0080299265682697001,-0.0080299265682697001,-9.5160328783094883e-05,0.0076740430667995999,0.0076740430667995999
DNDGRG3M086SBEA,2014-03-31,-0.00026132934726774693,-0.0081934155896306003,-0.0081934155896306003,-0.00026132934726769998,0.0075522949919104004,0.0075522949919104004
DNDGRG3M086SBEA,2014-04-30,-0.00019211474864277989,-0.0082115540280937992,-0.0082115540280937992,-0.00019211473409080001,0.0076400111429392997,0.0076400111429392997
DNDGRG3M086SBEA,2014-05-31,-0.00018474597891326994,-0.0081816045567393008,-0.0081816045567393008,-0.0001847459934651,0.0076556880958378003,0.0076556880958378003
DNDGRG3M086SBEA,2014-06-30,7.0576701546087861e-05,-0.0079090846702456006,-0.0079090846702456006,7.0576672442257404e-05,0.0078805908560752001,0.0078805908560752001
DNDGRG3M086SBEA,2014-07-31,-0.00012972568219993263,-0.0080550853163003002,-0.0080550853163003002,-0.00012972566764800001,0.0077322325669228996,0.0077322325669228996
DNDGRG3M086SBEA,2014-08-31,-0.00027021497953683138,-0.0082916105166077007,-0.0082916105166077007,-0.00027021497953679999,0.0077040586620569004,0.0077040586620569004
DNDGRG3M086SBEA,2014-09-30,-0.00014642460155300796,-0.0082857357338070002,-0.0082857357338070002,-0.00014642463065680001,0.0077721495181322002,0.0077721495181322002
DNDGRG3M086SBEA,2014-10-31,-6.3575949752703309e-05,-0.0081821605563162994,-0.0081821605563162994,-6.3575920648872852e-05,0.0079229669645427998,0.0079229669645427998
DNDGRG3M086SBEA,2014-11-30,-3.1466763175558299e-05,-0.0080756051465867996,-0.0080756051465867996,-3.1466712243855e-05,0.0078166685998439008,0.0078166685998439008
DNDGRG3M086SBEA,2014-12-31,5.6621087423991412e-05,-0.0079244850203394005,-0.0079244850203394005,5.6621036492288113e-05,0.0078807603567837992,0.0078807603567837992
DNDGRG3M086SBEA,2015-01-31,3.3224037906620651e-05,-0.0079216165468096005,-0.0079216165468096005,3.3224001526832581e-05,0.0079059032723307002,0.0079059032723307002
DPCERA3M086SBEA,2013-02-28,0.00078661809675395489,-0.0028756093233823,-0.0028756093233823,0.00078661809675390003,0.0043752011843024999,0.0043752011843024999
DPCERA3M086SBEA,2013-03-31,0.0016010270919650793,-0.0022490359842777001,-0.0022490359842777001,0.0016010270919649999,0.0053580617532134004,0.0053580617532134004
DPCERA3M086SBEA,2013-04-30,0.0015358082018792629,-0.0023915539495645999,-0.0023915539495645999,0.0015358082018792,0.0053584687411785004,0.0053584687411785004
DPCERA3M086SBEA,2013-05-31,0.0015877899713814259,-0.0023194872774183,-0.0023194872774183,0.0015877899713814001,0.0054377261549234,0.0054377261549234
DPCERA3M086SBEA,2013-06-30,0.0016383673064410686,-0.0023014862090348998,-0.0023014862090348998,0.0016383673064409999,0.0054729450494049999,0.0054729450494049999
DPCERA3M086SBEA,2013-07-31,0.0016866013174876571,-0.0023074047639965998,-0.0023074047639965998,0.0016866013174876,0.0055556315928696996,0.0055556315928696996
DPCERA3M086SBEA,2013-08-31,0.0017946341540664434,-0.0021789423190057,-0.0021789423190057,0.0017946341540664001,0.0057040359824895,0.0057040359824895
DPCERA3M086SBEA,2013-09-30,0.0016212078044191003,-0.0023555662482975998,-0.0023555662482975998,0.0016212078044191001,0.0055930488742887002,0.0055930488742887002
DPCERA3M086SBEA,2013-10-31,0.0015950807137414813,-0.0024449159391223998,-0.0024449159391223998,0.0015950807137414,0.0055733835324644999,0.0055733835324644999
DPCERA3M086SBEA,2013-11-30,0.0015602990752086043,-0.0024908846244214998,-0.0024908846244214998,0.0015602990752086,0.0055921282619236998,0.0055921282619236998
DPCERA3M086SBEA,2013-12-31,0.0016682060668244958,-0.0024039046838879,-0.0024039046838879,0.0016682060668243999,0.0056799622252583001,0.0056799622252583001
DPCERA3M086SBEA,2014-01-31,0.0015893434174358845,-0.0024351603351533001,-0.0024351603351533001,0.0015893434174357999,0.0056046750396490002,0.0056046750396490002
DPCERA3M086SBEA,2014-02-28,0.0016585212433710694,-0.0023836027830839001,-0.0023836027830839001,0.001658521243371,0.0056864363141356997,0.0056864363141356997
DPCERA3M086SBEA,2014-03-31,0.0017222737660631537,-0.0022718855179846001,-0.0022718855179846001,0.0017222737660631,0.0057607139460741997,0.0057607139460741997
DPCERA3M086SBEA,2014-04-30,0.0017783830408006907,-0.002242827322334,-0.002242827322334,0.0017783830408006,0.0058235549367963999,0.0058235549367963999
DPCERA3M086SBEA,2014-05-31,0.0017883423715829849,-0.0022445283830165,-0.0022445283830165,0.0017883423715828999,0.0058537474833428001,0.0058537474833428001
DPCERA3M086SBEA,2014-06-30,0.0017067111330106854,-0.0023170979693531001,-0.0023170979693531001,0.0017067111330106,0.0057741645723581002,0.0057741645723581002
DPCERA3M086SBEA,2014-07-31,0.0016655540093779564,-0.0023637972772121,-0.0023637972772121,0.0016655540093779,0.0057350383140146004,0.0057350383140146004
DPCERA3M086SBEA,2014-08-31,0.0017628370551392436,-0.0023982045240700002,-0.0023982045240700002,0.0017628370551392,0.0059685343876481004,0.0059685343876481004
DPCERA3M086SBEA,2014-09-30,0.0016133827157318592,-0.0025568702258169001,-0.0025568702258169001,0.0016133827157318,0.0058528399094938998,0.0058528399094938998
DPCERA3M086SBEA,2014-10-31,0.0015162220224738121,-0.0026285676285624001,-0.0026285676285624001,0.0015162220224738,0.0057393331080675004,0.0057393331080675004
DPCERA3M086SBEA,2014-11-30,0.0016712360084056854,-0.0024342951364815001,-0.0024342951364815001,0.0016712360084056,0.0058375364169478,0.0058375364169478
DPCERA3M086SBEA,2014-12-31,0.0017130696214735508,-0.0023699379526077998,-0.0023699379526077998,0.0017130696214735001,0.0058893123641609998,0.0058893123641609998
DPCERA3M086SBEA,2015-01-31,0.0016870183171704412,-0.0024350103922188,-0.0024350103922188,0.0016870183171704,0.0059448173269629001,0.0059448173269629001
DSERRG3M086SBEA,2013-02-28,-0.00015575354336760938,-0.0015420811250805,-0.0015420811250805,-0.0001557535433676,0.0012408203911035999,0.0012408203911035999
DSERRG3M086SBEA,2013-03-31,0.00012830582272727042,-0.0013324189931154,-0.0013324189931154,0.0001283058372791,0.0016049187397584,0.0016049187397584
DSERRG3M086SBEA,2013-04-30,-5.570822031586431e-05,-0.0015501595335081001,-0.0015501595335081001,-5.5708223953843117e-05,0.0014620583970099,0.0014620583970099
DSERRG3M086SBEA,2013-05-31,3.1086252420209348e-05,-0.0014944379217922,-0.0014944379217922,3.1086266972124577e-05,0.0015739469090475999,0.0015739469090475999
DSERRG3M086SBEA,2013-06-30,-0.00014137697871774435,-0.0017030851449817001,-0.0017030851449817001,-0.00014137697871770001,0.0014446539571508,0.0014446539571508
DSERRG3M086SBEA,2013-07-31,0.00013796337589155883,-0.0014481788966803999,-0.0014481788966803999,0.00013796337589150001,0.0017537515377624999,0.0017537515377624999
DSERRG3M086SBEA,2013-08-31,-4.1938248614314944e-05,-0.0016414397396147,-0.0016414397396147,-4.1938241338357329e-05,0.0015824132133274999,0.0015824132133274999
DSERRG3M086SBEA,2013-09-30,4.1043502278625965e-05,-0.0015591308474539999,-0.0015591308474539999,4.1043502278625965e-05,0.0016663783462717999,0.0016663783462717999
DSERRG3M086SBEA,2013-10-31,3.3814510970842093e-05,-0.0015909266658127,-0.0015909266658127,3.3814518246799707e-05,0.0016928416443988,0.0016928416443988
DSERRG3M086SBEA,2013-11-30,-9.7276926680933684e-05,-0.0017246149946004001,-0.0017246149946004001,-9.7276933956891298e-05,0.0015640768688172,0.0015640768688172
DSERRG3M086SBEA,2013-12-31,-9.3009475676808506e-05,-0.0017271060496567999,-0.0017271060496567999,-9.3009468400850879e-05,0.0015660199569537999,0.0015660199569537999
DSERRG3M086SBEA,2014-01-31,0.00020368234254419804,-0.0014153028605505,-0.0014153028605505,0.0002036823279922,0.0018424061127006999,0.0018424061127006999
DSERRG3M086SBEA,2014-02-28,-1.5757663277327083e-05,-0.0016420006286351999,-0.0016420006286351999,-1.5757657820358872e-05,0.0016271623317151999,0.0016271623317151999
DSERRG3M086SBEA,2014-03-31,6.786907761124894e-05,-0.0015452463412657001,-0.0015452463412657001,6.7869070335291326e-05,0.0017020530067384,0.0017020530067384
DSERRG3M086SBEA,2014-04-30,-1.9331329895067029e-05,-0.0016184827545656999,-0.0016184827545656999,-1.9331317162141204e-05,0.0016024333890527001,0.0016024333890527001
DSERRG3M086SBEA,2014-05-31,-2.6278459699824452e-05,-0.0016137635102495,-0.0016137635102495,-2.6278459699824452e-05,0.0016030690167098999,0.0016030690167098999
DSERRG3M086SBEA,2014-06-30,-6.7346612922847271e-05,-0.0016485430533065999,-0.0016485430533065999,-6.7346612922847271e-05,0.0015371091431006,0.0015371091431006
DSERRG3M086SBEA,2014-07-31,7.434137660311535e-05,-0.0015000252751633,-0.0015000252751633,7.4341369327157736e-05,0.0016878760652616,0.0016878760652616
DSERRG3M086SBEA,2014-08-31,-8.1914477050304413e-05,-0.0016906036762520001,-0.0016906036762520001,-8.1914477050304413e-05,0.0015631577698513,0.0015631577698513
DSERRG3M086SBEA,2014-09-30,-3.392186772543937e-05,-0.0016615248750894999,-0.0016615248750894999,-3.3921882277354598e-05,0.0016283133300021,0.0016283133300021
DSERRG3M086SBEA,2014-10-31,4.8968096962198615e-05,-0.0015826008748262999,-0.0015826008748262999,4.8968111514113837e-05,0.0017096063820645001,0.0017096063820645001
DSERRG3M086SBEA,2014-11-30,-8.7975306087173522e-05,-0.0017024648841470001,-0.0017024648841470001,-8.797532063908875e-05,0.0015595047734677,0.0015595047734677
DSERRG3M086SBEA,2014-12-31,-5.7343724620295689e-05,-0.0016935331514104999,-0.0016935331514104999,-5.7343713706359267e-05,0.0016042341012507001,0.0016042341012507001
DSERRG3M086SBEA,2015-01-31,0.00022004789207130671,-0.0014308491954579,-0.0014308491954579,0.0002200478993472,0.0019004525383933999,0.0019004525383933999
DTCOLNVHFNM,2013-02-28,0.00057855830527842045,-0.0093870814889669002,-0.0093870814889669002,0.00057855830527839996,0.0118189984932541,0.0118189984932541
DTCOLNVHFNM,2013-03-31,0.0011148579651489854,-0.0095552550628781006,-0.0095552550628781006,0.0011148580233565999,0.0131640918552875,0.0131640918552875
DTCOLNVHFNM,2013-04-30,0.00088191981194540858,-0.0101692341268062,-0.0101692341268062,0.000881919870153,0.013433719053864399,0.013433719053864399
DTCOLNVHFNM,2013-05-31,0.00035800333716906607,-0.010767246596515101,-0.010767246596515101,0.0003580033080652,0.012930126860737801,0.012930126860737801
DTCOLNVHFNM,2013-06-30,0.00048494836664758623,-0.011264146305620599,-0.011264146305620599,0.00048494839575139999,0.0136228213086724,0.0136228213086724
DTCOLNVHFNM,2013-07-31,0.00038632462383247912,-0.0119120143353939,-0.0119120143353939,0.00038632459472859998,0.013702742755413,0.013702742755413
DTCOLNVHFNM,2013-08-31,0.00029421594808809459,-0.012181170284747999,-0.012181170284747999,0.0002942159771919,0.0134551497176289,0.0134551497176289
DTCOLNVHFNM,2013-09-30,-0.00024927718914113939,-0.0130782593041658,-0.0130782593041658,-0.00024927710182959999,0.013031004928052399,0.013031004928052399
DTCOLNVHFNM,2013-10-31,-0.00066434178734198213,-0.014107130467891599,-0.014107130467891599,-0.00066434172913429996,0.013183858245611101,0.013183858245611101
DTCOLNVHFNM,2013-11-30,-0.00095255515770986676,-0.014736902900040099,-0.014736902900040099,-0.00095255509950219999,0.013099454343318899,0.013099454343318899
DTCOLNVHFNM,2013-12-31,-0.0005496656522154808,-0.014659902080893499,-0.014659902080893499,-0.00054966565221540003,0.0137130413204431,0.0137130413204431
DTCOLNVHFNM,2014-01-31,0.00036877507227472961,-0.0140466708689928,-0.0140466708689928,0.0003687751013785,0.014309811405837499,0.014309811405837499
DTCOLNVHFNM,2014-02-28,0.00066663592588156462,-0.014717847108840901,-0.014717847108840901,0.0006666359258815,0.0155960945412516,0.0155960945412516
DTCOLNVHFNM,2014-03-31,0.0011190308723598719,-0.0142999738454818,-0.0142999738454818,0.0011190307559444999,0.0155874891206622,0.0155874891206622
DTCOLNVHFNM,2014-04-30,0.001071063568815589,-0.014566668309271299,-0.014566668309271299,0.0010710634524001999,0.015970975160598699,0.015970975160598699
DTCOLNVHFNM,2014-05-31,0.00061053253011777997,-0.015076267533004201,-0.015076267533004201,0.00061053258832540001,0.0151668330654501,0.0151668330654501
DTCOLNVHFNM,2014-06-30,0.00079083145828917623,-0.014608175493776699,-0.014608175493776699,0.00079083140008150002,0.015302784740924801,0.015302784740924801
DTCOLNVHFNM,2014-07-31,0.00051870034076273441,-0.0147565705701708,-0.0147565705701708,0.00051870034076270004,0.0147712416946887,0.0147712416946887
DTCOLNVHFNM,2014-08-31,0.00051573116797953844,-0.015148054808378201,-0.015148054808378201,0.00051573116797949995,0.015308002941310401,0.015308002941310401
DTCOLNVHFNM,2014-09-30,-0.00027023610891774297,-0.016144528985023499,-0.016144528985023499,-0.00027023605070999998,0.0145619930699467,0.0145619930699467
DTCOLNVHFNM,2014-10-31,-0.00065951596479862928,-0.016754172742366701,-0.016754172742366701,-0.00065951608121390004,0.014541087672114299,0.014541087672114299
DTCOLNVHFNM,2014-11-30,-0.00051088968757539988,-0.0169684663414955,-0.0169684663414955,-0.00051088957115999999,0.0148889478296041,0.0148889478296041
DTCOLNVHFNM,2014-12-31,-0.00010101356019731611,-0.017247319221496499,-0.017247319221496499,-0.00010101357474920001,0.0157618317753076,0.0157618317753076
DTCOLNVHFNM,2015-01-31,0.00077311851782724261,-0.017546858638524999,-0.017546858638524999,0.00077311857603489995,0.017512839287519399,0.017512839287519399
DTCTHFNM,2013-02-28,0.00080879830056801438,-0.0070478715933859001,-0.0070478715933859001,0.00080879830056799996,0.0086104050278662993,0.0086104050278662993
DTCTHFNM,2013-03-31,0.0020114202052354813,-0.0063931192271411003,-0.0063931192271411003,0.0020114201470278,0.010325774550437899,0.010325774550437899
DTCTHFNM,2013-04-30,0.0017498040106147528,-0.0068978080525993997,-0.0068978080525993997,0.0017498039815109,0.010250233113765699,0.010250233113765699
DTCTHFNM,2013-05-31,0.0016706155147403479,-0.0068633882328867002,-0.0068633882328867002,0.0016706155438441,0.010086156427860199,0.010086156427860199
DTCTHFNM,2013-06-30,0.00087584054563194513,-0.0078615015372632997,-0.0078615015372632997,0.00087584054563190003,0.0094803543761371994,0.0094803543761371994
DTCTHFNM,2013-07-31,0.00023577325919177383,-0.0086481524631381,-0.0086481524631381,0.00023577327374359999,0.0091227041557430995,0.0091227041557430995
DTCTHFNM,2013-08-31,0.00066008447902277112,-0.0082590812817215,-0.0082590812817215,0.0006600844790227,0.0096843196079134004,0.0096843196079134004
DTCTHFNM,2013-09-30,0.00021548659424297512,-0.0089203054085372994,-0.0089203054085372994,0.00021548662334679999,0.0092761022970079994,0.0092761022970079994
DTCTHFNM,2013-10-31,-0.00044088315917178988,-0.0099366288632153996,-0.0099366288632153996,-0.0004408832173794,0.0089681176468729001,0.0089681176468729001
DTCTHFNM,2013-11-30,0.00046425239997915924,-0.0092045990750193006,-0.0092045990750193006,0.00046425242908289997,0.0098569095134735003,0.0098569095134735003
DTCTHFNM,2013-12-31,9.0788002125918865e-05,-0.0094243502244352999,-0.0094243502244352999,9.0788002125918879e-05,0.0095002008602023003,0.0095002008602023003
DTCTHFNM,2014-01-31,-0.0012426285538822412,-0.0105658145621418,-0.0105658145621418,-0.0012426285538822,0.0079111699014901993,0.0079111699014901993
DTCTHFNM,2014-02-28,2.6193025405518711e-05,-0.0097360461950302003,-0.0097360461950302003,2.6192981749773026e-05,0.0096905985847114996,0.0096905985847114996
DTCTHFNM,2014-03-31,0.0016350422520190477,-0.0079448986798524007,-0.0079448986798524007,0.0016350422811227999,0.0107398610562086,0.0107398610562086
DTCTHFNM,2014-04-30,0.0015464589232578874,-0.0079787196591495999,-0.0079787196591495999,0.0015464588941540001,0.0108752576634287,0.0108752576634287
DTCTHFNM,2014-05-31,0.001673275139182806,-0.0076811197213828,-0.0076811197213828,0.0016732751682866,0.010824492201209001,0.010824492201209001
DTCTHFNM,2014-06-30,0.0010037720203399658,-0.0081981029361486001,-0.0081981029361486001,0.0010037720203398999,0.0099403364583849005,0.0099403364583849005
DTCTHFNM,2014-07-31,9.9277953268028796e-05,-0.0089891487732528998,-0.0089891487732528998,9.9277938716113554e-05,0.0089732063934206008,0.0089732063934206008
DTCTHFNM,2014-08-31,0.00067150499671697617,-0.0087446775287388992,-0.0087446775287388992,0.00067150493850929997,0.0097660068422555004,0.0097660068422555004
DTCTHFNM,2014-09-30,0.00044351437827572227,-0.0088483933359383999,-0.0088483933359383999,0.00044351443648330002,0.0097608324140309993,0.0097608324140309993
DTCTHFNM,2014-10-31,-0.00046989004476927221,-0.0098931780084967006,-0.0098931780084967006,-0.00046989007387310001,0.0089566716924309002,0.0089566716924309002
DTCTHFNM,2014-11-30,8.0314435763284564e-05,-0.0090882033109663998,-0.0090882033109663998,8.0314464867115021e-05,0.0092887878417968004,0.0092887878417968004
DTCTHFNM,2014-12-31,-4.2750729335239157e-05,-0.0095021994784474009,-0.0095021994784474009,-4.2750732973217971e-05,0.0094254193827508995,0.0094254193827508995
DTCTHFNM,2015-01-31,-0.0010762375313788652,-0.0110085373744368,-0.0110085373744368,-0.0010762375313788,0.0087904855608940003,0.0087904855608940003
EXCAUSx,2013-02-28,-0.00057112553622573614,-0.021039506420493102,-0.021039506420493102,-0.00057112565264099996,0.0191486440598964,0.0191486440598964
EXCAUSx,2013-03-31,-0.00097552058286964893,-0.0223392099142074,-0.0223392099142074,-0.00097552035003899997,0.019437951967120101,0.019437951967120101
EXCAUSx,2013-04-30,-0.0012341004330664873,-0.0231664329767227,-0.0231664329767227,-0.0012341002002358001,0.019477931782603201,0.019477931782603201
EXCAUSx,2013-05-31,-0.00088239071192219853,-0.023114178329706098,-0.023114178329706098,-0.00088239088654509996,0.0198998898267745,0.0198998898267745
EXCAUSx,2013-06-30,-0.00043007172644138336,-0.022738646715879399,-0.022738646715879399,-0.00043007172644129999,0.020290628075599601,0.020290628075599601
EXCAUSx,2013-07-31,-0.0003392176004126668,-0.022719869390130001,-0.022719869390130001,-0.00033921748399729998,0.020552689209580401,0.020552689209580401
EXCAUSx,2013-08-31,-0.00040728694875724614,-0.023192403838038399,-0.023192403838038399,-0.00040728691965340001,0.020418565720319699,0.020418565720319699
EXCAUSx,2013-09-30,-0.00044252441148273647,-0.0233864653855562,-0.0233864653855562,-0.00044252444058649998,0.0204025544226169,0.0204025544226169
EXCAUSx,2013-10-31,-0.00082990532973781228,-0.0238191187381744,-0.0238191187381744,-0.00082990527153009998,0.019977072253823201,0.019977072253823201
EXCAUSx,2013-11-30,-0.00085472455248236656,-0.024013664573431001,-0.024013664573431001,-0.00085472455248229999,0.0199781209230422,0.0199781209230422
EXCAUSx,2013-12-31,-0.00084600708214566112,-0.024275252595543799,-0.024275252595543799,-0.00084600690752259999,0.0199875216931104,0.0199875216931104
EXCAUSx,2014-01-31,-0.00089361978461965919,-0.0243033580482006,-0.0243033580482006,-0.00089361984282730004,0.019905829802155401,0.019905829802155401
EXCAUSx,2014-02-28,-0.00090158748207613826,-0.024122575297951698,-0.024122575297951698,-0.00090158730745310001,0.019800752401351901,0.019800752401351901
EXCAUSx,2014-03-31,-0.00089832436060532928,-0.0243889391422271,-0.0243889391422271,-0.00089832441881289998,0.020143179222941399,0.020143179222941399
EXCAUSx,2014-04-30,-0.0010081426007673144,-0.024712461978197001,-0.024712461978197001,-0.0010081427171826,0.019894136115908598,0.019894136115908598
EXCAUSx,2014-05-31,-0.0010362248867750168,-0.024786034598946498,-0.024786034598946498,-0.0010362248867750001,0.0199222825467586,0.0199222825467586
EXCAUSx,2014-06-30,-0.0010044705122709274,-0.024641621857881501,-0.024641621857881501,-0.0010044705122709001,0.020021539181470802,0.020021539181470802
EXCAUSx,2014-07-31,-0.0010152840986847878,-0.024708386510610501,-0.024708386510610501,-0.0010152840986846999,0.020027549937367401,0.020027549937367401
EXCAUSx,2014-08-31,-0.00083225168054923415,-0.024906191974878301,-0.024906191974878301,-0.00083225173875679998,0.020520104095339699,0.020520104095339699
EXCAUSx,2014-09-30,-0.00096127612050622702,-0.025153776630759201,-0.025153776630759201,-0.00096127623692149995,0.020352175459265699,0.020352175459265699
EXCAUSx,2014-10-31,-0.0012274221517145634,-0.0252177566289901,-0.0252177566289901,-0.0012274221517145001,0.020152145996689699,0.020152145996689699
EXCAUSx,2014-11-30,-0.0014375112950801849,-0.0253826566040515,-0.0253826566040515,-0.0014375112950800999,0.0196524653583765,0.0196524653583765
EXCAUSx,2014-12-31,-0.00168775231577456,-0.02549952827394,-0.02549952827394,-0.0016877525486051999,0.019263420253992001,0.019263420253992001
EXCAUSx,2015-01-31,-0.0017232212703675032,-0.025546336546540201,-0.025546336546540201,-0.0017232212703674999,0.019366428256034799,0.019366428256034799
EXJPUSx,2013-02-28,0.018716905266046524,-0.013716396875679399,-0.013716396875679399,0.0187169052660465,0.050212662667036001,0.050212662667036001
EXJPUSx,2013-03-31,0.0057765282690525055,-0.028170712292194301,-0.028170712292194301,0.0057765282690525003,0.039267215877771301,0.039267215877771301
EXJPUSx,2013-04-30,-0.0012035981053486466,-0.035525694489479002,-0.035525694489479002,-0.0012035979889333001,0.032883886247873299,0.032883886247873299
EXJPUSx,2013-05-31,-0.0018675194587558508,-0.036351740360260003,-0.036351740360260003,-0.0018675196915863999,0.032036270946264198,0.032036270946264198
EXJPUSx,2013-06-30,-0.0012282151728868484,-0.035013094544410699,-0.035013094544410699,-0.0012282151728868001,0.032285388559102998,0.032285388559102998
EXJPUSx,2013-07-31,-0.00031615118496119976,-0.033912591636180801,-0.033912591636180801,-0.00031615141779179999,0.0326592437922954,0.0326592437922954
EXJPUSx,2013-08-31,0.00016811862587928772,-0.0334283970296382,-0.0334283970296382,0.00016811862587920001,0.032544292509555803,0.032544292509555803
EXJPUSx,2013-09-30,0.0011305103544145823,-0.032469812780618598,-0.032469812780618598,0.0011305101215839,0.033324901014566401,0.033324901014566401
EXJPUSx,2013-10-31,0.0012525212951004505,-0.032349295914173098,-0.032349295914173098,0.0012525212951004,0.033506952226161901,0.033506952226161901
EXJPUSx,2013-11-30,0.00051856087520718575,-0.033520039170980398,-0.033520039170980398,0.00051856087520709998,0.0328867062926292,0.0328867062926292
EXJPUSx,2013-12-31,8.7254913523793221e-05,-0.034076653420925099,-0.034076653420925099,8.7254680693149567e-05,0.032371677458286202,0.032371677458286202
EXJPUSx,2014-01-31,0.00023456336930394173,-0.034178629517555202,-0.034178629517555202,0.00023456336930390001,0.032441839575767503,0.032441839575767503
EXJPUSx,2014-02-28,0.00025146245025098324,-0.033741671591997098,-0.033741671591997098,0.0002514626830816,0.0325723774731159,0.0325723774731159
EXJPUSx,2014-03-31,0.00083184451796114445,-0.0335563644766807,-0.0335563644766807,0.00083184428513050003,0.033085368573665598,0.033085368573665598
EXJPUSx,2014-04-30,0.00068217585794627666,-0.033752877265214899,-0.033752877265214899,0.00068217562511560005,0.032370258122682502,0.032370258122682502
EXJPUSx,2014-05-31,-6.8837078288197517e-05,-0.034400060772895799,-0.034400060772895799,-6.8836845457553864e-05,0.031774368137121201,0.031774368137121201
EXJPUSx,2014-06-30,-0.00086551846470683813,-0.035060208290815298,-0.035060208290815298,-0.0008655185811221,0.030741933733224799,0.030741933733224799
EXJPUSx,2014-07-31,-0.0012053553946316242,-0.0353604666888713,-0.0353604666888713,-0.0012053553946315999,0.0302859805524349,0.0302859805524349
EXJPUSx,2014-08-31,-0.00093989039305597544,-0.035278532654046998,-0.035278532654046998,-0.00093989027664060005,0.030967608094215299,0.030967608094215299
EXJPUSx,2014-09-30,-0.0006053033284842968,-0.034683648496866198,-0.034683648496866198,-0.00060530332848419998,0.031269237399101202,0.031269237399101202
EXJPUSx,2014-10-31,-0.00010162754915654659,-0.034033004194498,-0.034033004194498,-0.0001016273163259,0.031606044620275497,0.031606044620275497
EXJPUSx,2014-11-30,2.1344982087612152e-05,-0.0337086431682109,-0.0337086431682109,2.1344982087612152e-05,0.031464211642742101,0.031464211642742101
EXJPUSx,2014-12-31,-0.00019753514789044857,-0.033849127590656197,-0.033849127590656197,-0.00019753538072100001,0.0310793966054916,0.0310793966054916
EXJPUSx,2015-01-31,-0.00067767500877380371,-0.034918826073408099,-0.034918826073408099,-0.00067767500877380002,0.030850484967231698,0.030850484967231698
EXSZUSx,2013-02-28,-0.0011747097596526146,-0.034732732921838698,-0.034732732921838698,-0.0011747097596526001,0.028710536658763799,0.028710536658763799
EXSZUSx,2013-03-31,-0.0021226843819022179,-0.038213960826396901,-0.038213960826396901,-0.0021226843819022001,0.029735442250967001,0.029735442250967001
EXSZUSx,2013-04-30,-0.0026826739776879549,-0.040331337600946399,-0.040331337600946399,-0.0026826737448573,0.030284341424703501,0.030284341424703501
EXSZUSx,2013-05-31,-0.0025069271214306355,-0.041296515613794299,-0.041296515613794299,-0.0025069271214305999,0.031059805303811999,0.031059805303811999
EXSZUSx,2013-06-30,-0.0019491799175739288,-0.041067194193601601,-0.041067194193601601,-0.0019491799175739,0.031773034483194303,0.031773034483194303
EXSZUSx,2013-07-31,-0.0017249160446226597,-0.041333802044391597,-0.041333802044391597,-0.0017249160446226001,0.032131608575582497,0.032131608575582497
EXSZUSx,2013-08-31,-0.0016901042545214295,-0.041747197508811902,-0.041747197508811902,-0.0016901041381060999,0.032342568039894097,0.032342568039894097
EXSZUSx,2013-09-30,-0.0014396625338122249,-0.0417823567986488,-0.0417823567986488,-0.0014396626502275001,0.032737281173467601,0.032737281173467601
EXSZUSx,2013-10-31,-0.0019704494625329971,-0.0425080470740795,-0.0425080470740795,-0.0019704494625329,0.0321998186409473,0.0321998186409473
EXSZUSx,2013-11-30,-0.0020878647919744253,-0.042948845773935297,-0.042948845773935297,-0.002087865024805,0.032167099416255902,0.032167099416255902
EXSZUSx,2013-12-31,-0.0020752050913870335,-0.042946700006723397,-0.042946700006723397,-0.0020752050913870001,0.0320583060383796,0.0320583060383796
EXSZUSx,2014-01-31,-0.0018190415576100349,-0.042823031544685301,-0.042823031544685301,-0.00181904155761,0.032281924039125401,0.032281924039125401
EXSZUSx,2014-02-28,-0.0018239850178360939,-0.042644344270229298,-0.042644344270229298,-0.001823985017836,0.032384164631366702,0.032384164631366702
EXSZUSx,2014-03-31,-0.0018803016282618046,-0.043064374476671198,-0.043064374476671198,-0.0018803016282618,0.033043392002582501,0.033043392002582501
EXSZUSx,2014-04-30,-0.001932683982886374,-0.043165564537048298,-0.043165564537048298,-0.0019326838664709999,0.032738175243139198,0.032738175243139198
EXSZUSx,2014-05-31,-0.002127146115526557,-0.0433082841336727,-0.0433082841336727,-0.0021271463483572002,0.0327858328819274,0.0327858328819274
EXSZUSx,2014-06-30,-0.0023389682173728943,-0.043584011495113303,-0.043584011495113303,-0.0023389682173728002,0.032676108181476503,0.032676108181476503
EXSZUSx,2014-07-31,-0.0024300138466060162,-0.043774060904979699,-0.043774060904979699,-0.0024300138466060001,0.032579813152551602,0.032579813152551602
EXSZUSx,2014-08-31,-0.0022755407262593508,-0.0443168021738529,-0.0443168021738529,-0.0022755404934287002,0.033264920115470803,0.033264920115470803
EXSZUSx,2014-09-30,-0.0021778373047709465,-0.044252805411815602,-0.044252805411815602,-0.0021778373047709001,0.0335602574050426,0.0335602574050426
EXSZUSx,2014-10-31,-0.0024702474474906921,-0.044596955180168103,-0.044596955180168103,-0.0024702474474906002,0.033389434218406601,0.033389434218406601
EXSZUSx,2014-11-30,-0.0023345761001110077,-0.044317647814750602,-0.044317647814750602,-0.0023345761001109999,0.033064298331737497,0.033064298331737497
EXSZUSx,2014-12-31,-0.0025992339942604303,-0.0445775538682937,-0.0445775538682937,-0.0025992337614296999,0.032727807760238599,0.032727807760238599
EXSZUSx,2015-01-31,-0.0027613714337348938,-0.044950909912586198,-0.044950909912586198,-0.0027613714337348001,0.032687287777662201,0.032687287777662201
EXUSUKx,2013-02-28,-0.0055308686569333076,-0.0323860570788383,-0.0323860570788383,-0.0055308686569332998,0.0212926417589187,0.0212926417589187
EXUSUKx,2013-03-31,-0.0025318150874227285,-0.0311250053346157,-0.0311250053346157,-0.0025318153202533002,0.025923453271389001,0.025923453271389001
EXUSUKx,2013-04-30,-0.00089676387142390013,-0.030485488474369001,-0.030485488474369001,-0.00089676398783920005,0.0283339582383632,0.0283339582383632
EXUSUKx,2013-05-31,-0.00044828126556240022,-0.030488640069961499,-0.030488640069961499,-0.00044828141108149998,0.0291973408311605,0.0291973408311605
EXUSUKx,2013-06-30,-0.0010361549211665988,-0.031185405328869799,-0.031185405328869799,-0.0010361550375819,0.0289040952920913,0.0289040952920913
EXUSUKx,2013-07-31,-0.0009421507129445672,-0.0311807133257389,-0.0311807133257389,-0.00094215059652919995,0.0290881544351577,0.0290881544351577
EXUSUKx,2013-08-31,-0.00080002850154414773,-0.031301982700824703,-0.031301982700824703,-0.00080002844333639997,0.029282353818416498,0.029282353818416498
EXUSUKx,2013-09-30,-0.00063452508766204119,-0.031115666031837401,-0.031115666031837401,-0.00063452497124669995,0.0296040028333663,0.0296040028333663
EXUSUKx,2013-10-31,-0.00023151229834184051,-0.030801223590970001,-0.030801223590970001,-0.00023151235654950001,0.030160859227180401,0.030160859227180401
EXUSUKx,2013-11-30,1.7112179193645716e-05,-0.030835025012493099,-0.030835025012493099,1.7112120985984802e-05,0.030547572299838,0.030547572299838
EXUSUKx,2013-12-31,-0.00010253040818497539,-0.031115034595131801,-0.031115034595131801,-0.0001025302335619,0.030532101169228502,0.030532101169228502
EXUSUKx,2014-01-31,-0.00054089725017547607,-0.031588144600391298,-0.031588144600391298,-0.00054089725017539996,0.030253395438194199,0.030253395438194199
EXUSUKx,2014-02-28,-0.00069122575223445892,-0.031943127512931803,-0.031943127512931803,-0.00069122575223440005,0.030228290706872898,0.030228290706872898
EXUSUKx,2014-03-31,-0.00060744956135749817,-0.0322923921048641,-0.0322923921048641,-0.00060744956135740005,0.0307406429201364,0.0307406429201364
EXUSUKx,2014-04-30,-0.00059825874632224441,-0.032280728220939602,-0.032280728220939602,-0.00059825880452990001,0.030851257964968602,0.030851257964968602
EXUSUKx,2014-05-31,-0.00016961776418611407,-0.031880170106887797,-0.031880170106887797,-0.0001696175895631,0.031493559479713398,0.031493559479713398
EXUSUKx,2014-06-30,0.00011647248174995184,-0.031788047403097097,-0.031788047403097097,0.00011647259816519999,0.031781397759914398,0.031781397759914398
EXUSUKx,2014-07-31,0.00015263113891705871,-0.031742937862873001,-0.031742937862873001,0.0001526311971247,0.031937565654516199,0.031937565654516199
EXUSUKx,2014-08-31,-0.00019838562002405524,-0.032575976103544201,-0.032575976103544201,-0.0001983856782317,0.032399106770753798,0.032399106770753798
EXUSUKx,2014-09-30,-0.00039718800690025091,-0.032898914068937302,-0.032898914068937302,-0.00039718812331549999,0.032168313860893201,0.032168313860893201
EXUSUKx,2014-10-31,-0.00023567309835925698,-0.032756313681602402,-0.032756313681602402,-0.00023567304015150001,0.032492402940988499,0.032492402940988499
EXUSUKx,2014-11-30,-0.00024042587028816342,-0.032525733113288803,-0.032525733113288803,-0.0002404260449111,0.032314442098140703,0.032314442098140703
EXUSUKx,2014-12-31,-9.2626898549497128e-05,-0.032268211245536797,-0.032268211245536797,-9.2627014964818954e-05,0.032496970146894399,0.032496970146894399
EXUSUKx,2015-01-31,0.0002420232049189508,-0.032212052494287401,-0.032212052494287401,0.0002420232631266,0.033044215291738503,0.033044215291738503
FEDFUNDS,2013-02-28,-0.0061682695522904396,-0.072219520807266194,-0.072219520807266194,-0.0061682695522903997,0.036425441503524697,0.036425441503524697
FEDFUNDS,2013-03-31,-0.0023834286257624626,-0.076994404196739197,-0.076994404196739197,-0.0023834286257624002,0.044190324842929798,0.044190324842929798
FEDFUNDS,2013-04-30,-0.0040763476863503456,-0.089240863919258104,-0.089240863919258104,-0.0040763476863502996,0.0466547533869743,0.0466547533869743
FEDFUNDS,2013-05-31,-0.0039248177781701088,-0.093557000160217202,-0.093557000160217202,-0.0039248177781701001,0.0481505654752254,0.0481505654752254
FEDFUNDS,2013-06-30,-0.0042779995128512383,-0.10300832986831659,-0.10300832986831659,-0.0042779995128512001,0.0518300123512744,0.0518300123512744
FEDFUNDS,2013-07-31,-0.0041701393201947212,-0.1085481643676757,-0.1085481643676757,-0.0041701393201947004,0.056197922676801598,0.056197922676801598
FEDFUNDS,2013-08-31,-0.007999129593372345,-0.11803281307220451,-0.11803281307220451,-0.0079991295933722999,0.053312841802835402,0.053312841802835402
FEDFUNDS,2013-09-30,-0.0082198977470397949,-0.12750862538814539,-0.12750862538814539,-0.0082198977470396995,0.058686871081590597,0.058686871081590597
FEDFUNDS,2013-10-31,-0.012402797117829323,-0.14030532538890839,-0.14030532538890839,-0.0124027971178293,0.057748284190893097,0.057748284190893097
FEDFUNDS,2013-11-30,-0.0097082331776618958,-0.1440178155899047,-0.1440178155899047,-0.0097082331776618003,0.065222963690757696,0.065222963690757696
FEDFUNDS,2013-12-31,-0.01142025925219059,-0.15343005955219269,-0.15343005955219269,-0.0114202592521905,0.067244365811347906,0.067244365811347906
FEDFUNDS,2014-01-31,-0.012462671846151352,-0.1579338014125824,-0.1579338014125824,-0.0124626718461513,0.067672163248062106,0.067672163248062106
FEDFUNDS,2014-02-28,-0.012181688100099564,-0.16949263215065,-0.16949263215065,-0.012181688100099499,0.075791433453559806,0.075791433453559806
FEDFUNDS,2014-03-31,-0.0089196385815739632,-0.1583668440580368,-0.1583668440580368,-0.0089196395128964996,0.071984678506851196,0.071984678506851196
FEDFUNDS,2014-04-30,-0.010147375054657459,-0.16721972823143,-0.16721972823143,-0.010147375985979999,0.076686993241310106,0.076686993241310106
FEDFUNDS,2014-05-31,-0.010317115113139153,-0.17365182936191559,-0.17365182936191559,-0.0103171151131391,0.083086729049682603,0.083086729049682603
FEDFUNDS,2014-06-30,-0.010478487238287926,-0.17637613415718079,-0.17637613415718079,-0.0104784872382879,0.085257798433303805,0.085257798433303805
FEDFUNDS,2014-07-31,-0.01336124911904335,-0.1802495867013931,-0.1802495867013931,-0.0133612491190433,0.083947390317916801,0.083947390317916801
FEDFUNDS,2014-08-31,-0.01418556272983551,-0.19779188930988309,-0.19779188930988309,-0.0141855627298355,0.0982067435979843,0.0982067435979843
FEDFUNDS,2014-09-30,-0.014471378177404404,-0.20067857205867759,-0.20067857205867759,-0.0144713781774044,0.10344460606575009,0.10344460606575009
FEDFUNDS,2014-10-31,-0.01764022558927536,-0.20502673089504239,-0.20502673089504239,-0.017640225589275301,0.093006670475006104,0.093006670475006104
FEDFUNDS,2014-11-30,-0.016561046242713928,-0.20119084417819971,-0.20119084417819971,-0.0165610462427139,0.089668303728103596,0.089668303728103596
FEDFUNDS,2014-12-31,-0.016539255157113075,-0.20473068952560419,-0.20473068952560419,-0.016539255157112999,0.093400746583938599,0.093400746583938599
FEDFUNDS,2015-01-31,-0.015248345211148262,-0.21258027851581571,-0.21258027851581571,-0.0152483452111482,0.1028780788183212,0.1028780788183212
GS1,2013-02-28,-0.0063060140237212181,-0.054526172578334801,-0.054526172578334801,-0.0063060140237211999,0.034441236406564699,0.034441236406564699
GS1,2013-03-31,-0.0085540860891342163,-0.058707579970359802,-0.058707579970359802,-0.0085540860891342007,0.031990908086299799,0.031990908086299799
GS1,2013-04-30,-0.010244134813547134,-0.062581643462180994,-0.062581643462180994,-0.0102441348135471,0.032306101173162398,0.032306101173162398
GS1,2013-05-31,-0.0062427939847111702,-0.060828872025012901,-0.060828872025012901,-0.0062427939847110999,0.035631608217954601,0.035631608217954601
GS1,2013-06-30,-0.0056100096553564072,-0.057336408644914599,-0.057336408644914599,-0.0056100096553564002,0.0333286263048648,0.0333286263048648
GS1,2013-07-31,-0.0062617743387818336,-0.0582908280193805,-0.0582908280193805,-0.0062617743387817998,0.030996840447187399,0.030996840447187399
GS1,2013-08-31,-0.0069304006174206734,-0.059944923967122997,-0.059944923967122997,-0.0069304006174205996,0.031608071178197798,0.031608071178197798
GS1,2013-09-30,-0.006213093176484108,-0.066074341535568196,-0.066074341535568196,-0.0062130931764841002,0.036954689770936897,0.036954689770936897
GS1,2013-10-31,-0.0061409920454025269,-0.062490917742252301,-0.062490917742252301,-0.0061409920454025,0.033917725086212103,0.033917725086212103
GS1,2013-11-30,-0.0072261360473930836,-0.063770130276679896,-0.063770130276679896,-0.0072261360473930003,0.034420721232890999,0.034420721232890999
GS1,2013-12-31,-0.007697706576436758,-0.065340653061866705,-0.065340653061866705,-0.0076977065764366999,0.038798350840806899,0.038798350840806899
GS1,2014-01-31,-0.0062634870409965515,-0.068192079663276603,-0.068192079663276603,-0.0062634870409965003,0.0379074327647686,0.0379074327647686
GS1,2014-02-28,-0.0048940367996692657,-0.071330092847347204,-0.071330092847347204,-0.0048940367996691998,0.0438091270625591,0.0438091270625591
GS1,2014-03-31,-0.0052481554448604584,-0.060929086059331797,-0.060929086059331797,-0.0052481554448604003,0.033889137208461699,0.033889137208461699
GS1,2014-04-30,-0.0072510731406509876,-0.068031966686248696,-0.068031966686248696,-0.0072510731406509,0.037197280675172799,0.037197280675172799
GS1,2014-05-31,-0.0068947942927479744,-0.069789201021194402,-0.069789201021194402,-0.0068947942927478998,0.041692107915878199,0.041692107915878199
GS1,2014-06-30,-0.0085568297654390335,-0.074594050645828205,-0.074594050645828205,-0.0085568297654390005,0.039764329791069003,0.039764329791069003
GS1,2014-07-31,-0.0083102192729711533,-0.072999328374862602,-0.072999328374862602,-0.0083102192729710995,0.037469454109668697,0.037469454109668697
GS1,2014-08-31,-0.0068894792348146439,-0.085197180509567205,-0.085197180509567205,-0.0068894792348145996,0.049824800342321299,0.049824800342321299
GS1,2014-09-30,-0.0075209210626780987,-0.086855337023735005,-0.086855337023735005,-0.0075209210626779998,0.052021156996488502,0.052021156996488502
GS1,2014-10-31,-0.0084934718906879425,-0.083987727761268602,-0.083987727761268602,-0.0084934718906878991,0.044636756181716898,0.044636756181716898
GS1,2014-11-30,-0.0058924034237861633,-0.074226364493370001,-0.074226364493370001,-0.0058924034237861,0.043161693960428203,0.043161693960428203
GS1,2014-12-31,-0.0055334940552711487,-0.074117809534072807,-0.074117809534072807,-0.0055334940552711001,0.044731765985488801,0.044731765985488801
GS1,2015-01-31,-0.0056657455861568451,-0.080493927001953097,-0.080493927001953097,-0.0056657455861568,0.046367704868316602,0.046367704868316602
GS10,2013-02-28,0.025481410324573517,-0.27447783946990961,-0.27447783946990961,0.025481410324573499,0.32580941915512079,0.32580941915512079
GS10,2013-03-31,-0.020678147673606873,-0.33993232250213617,-0.33993232250213617,-0.0206781476736068,0.30351144075393671,0.30351144075393671
GS10,2013-04-30,-0.024274654686450958,-0.35366731882095331,-0.35366731882095331,-0.024274654686450899,0.30868858098983759,0.30868858098983759
GS10,2013-05-31,-0.017162593081593513,-0.35028806328773499,-0.35028806328773499,-0.017162591218948298,0.31886488199234009,0.31886488199234009
GS10,2013-06-30,-0.022960061207413673,-0.35506841540336609,-0.35506841540336609,-0.0229600593447685,0.316431313753128,0.316431313753128
GS10,2013-07-31,-0.024419985711574554,-0.35853332281112671,-0.35853332281112671,-0.024419985711574499,0.31396961212158198,0.31396961212158198
GS10,2013-08-31,-0.026679068803787231,-0.36013495922088617,-0.36013495922088617,-0.0266790688037872,0.31173610687255859,0.31173610687255859
GS10,2013-09-30,-0.028706511482596397,-0.36027601361274719,-0.36027601361274719,-0.028706513345241502,0.30815714597702021,0.30815714597702021
GS10,2013-10-31,-0.025734130293130875,-0.35874119400978088,-0.35874119400978088,-0.0257341340184211,0.3118849098682403,0.3118849098682403
GS10,2013-11-30,-0.017230197787284851,-0.35138291120529169,-0.35138291120529169,-0.017230197787284799,0.31952744722366327,0.31952744722366327
GS10,2013-12-31,-0.013859977945685387,-0.34833636879920959,-0.34833636879920959,-0.013859979808330499,0.32250279188156128,0.32250279188156128
GS10,2014-01-31,-0.0085746161639690399,-0.34215626120567322,-0.34215626120567322,-0.0085746198892593002,0.32675129175186157,0.32675129175186157
GS10,2014-02-28,-0.0089488560333848,-0.34420934319496149,-0.34420934319496149,-0.0089488551020621993,0.3296442031860351,0.3296442031860351
GS10,2014-03-31,-0.0099342474713921547,-0.34678605198860168,-0.34678605198860168,-0.0099342465400695003,0.32935228943824768,0.32935228943824768
GS10,2014-04-30,-0.013189447112381458,-0.3491093218326568,-0.3491093218326568,-0.013189449906349101,0.32621249556541437,0.32621249556541437
GS10,2014-05-31,-0.017068509012460709,-0.3516312837600708,-0.3516312837600708,-0.017068512737751,0.32249686121940607,0.32249686121940607
GS10,2014-06-30,-0.026485664770007133,-0.35840576887130737,-0.35840576887130737,-0.026485666632652199,0.31034845113754272,0.31034845113754272
GS10,2014-07-31,-0.029656849801540375,-0.36033910512924189,-0.36033910512924189,-0.029656849801540298,0.30556720495223999,0.30556720495223999
GS10,2014-08-31,-0.028571929782629013,-0.36385345458984369,-0.36385345458984369,-0.028571926057338701,0.3126588761806488,0.3126588761806488
GS10,2014-09-30,-0.027105089277029037,-0.36507391929626459,-0.36507391929626459,-0.027105089277028999,0.31363096833229059,0.31363096833229059
GS10,2014-10-31,-0.021806802600622177,-0.35718309879302979,-0.35718309879302979,-0.021806802600622101,0.31866952776908869,0.31866952776908869
GS10,2014-11-30,-0.023270299658179283,-0.35706338286399841,-0.35706338286399841,-0.023270301520824401,0.31355014443397522,0.31355014443397522
GS10,2014-12-31,-0.021397873759269714,-0.35502097010612488,-0.35502097010612488,-0.0213978737592697,0.31561839580535889,0.31561839580535889
GS10,2015-01-31,-0.01759069599211216,-0.35638326406478882,-0.35638326406478882,-0.017590694129467,0.32292208075523371,0.32292208075523371
GS5,2013-02-28,0.03397798165678978,-0.24937623739242551,-0.24937623739242551,0.033977981656789703,0.32216387987136841,0.32216387987136841
GS5,2013-03-31,-0.0099557153880596161,-0.31573805212974548,-0.31573805212974548,-0.0099557153880596005,0.30533823370933533,0.30533823370933533
GS5,2013-04-30,-0.024713262915611267,-0.34317150712013239,-0.34317150712013239,-0.024713262915611201,0.3026096522808075,0.3026096522808075
GS5,2013-05-31,-0.025604702532291412,-0.34876170754432678,-0.34876170754432678,-0.025604702532291398,0.30744358897209167,0.30744358897209167
GS5,2013-06-30,-0.031195459887385368,-0.35751008987426758,-0.35751008987426758,-0.0311954617500305,0.3081450462341308,0.3081450462341308
GS5,2013-07-31,-0.030679473653435707,-0.35847845673561091,-0.35847845673561091,-0.030679471790790499,0.3083938062191009,0.3083938062191009
GS5,2013-08-31,-0.035064730793237686,-0.36149710416793818,-0.36149710416793818,-0.035064730793237603,0.30487865209579468,0.30487865209579468
GS5,2013-09-30,-0.038207326084375381,-0.36442536115646362,-0.36442536115646362,-0.038207322359085,0.30063515901565552,0.30063515901565552
GS5,2013-10-31,-0.034679576754570007,-0.36329302191734308,-0.36329302191734308,-0.03467957675457,0.30673980712890619,0.30673980712890619
GS5,2013-11-30,-0.025465792044997215,-0.35631218552589411,-0.35631218552589411,-0.025465793907642299,0.3159190416336059,0.3159190416336059
GS5,2013-12-31,-0.021889030933380127,-0.35244590044021601,-0.35244590044021601,-0.021889030933380099,0.31841853260993958,0.31841853260993958
GS5,2014-01-31,-0.015188941732048988,-0.34483993053436279,-0.34483993053436279,-0.015188939869403799,0.32260575890541071,0.32260575890541071
GS5,2014-02-28,-0.012005144730210304,-0.34410297870635981,-0.34410297870635981,-0.0120051428675651,0.32855385541915888,0.32855385541915888
GS5,2014-03-31,-0.01253142673522234,-0.34428578615188599,-0.34428578615188599,-0.012531429529189999,0.32661175727844238,0.32661175727844238
GS5,2014-04-30,-0.016710136085748672,-0.34747126698493958,-0.34747126698493958,-0.0167101360857486,0.32316413521766663,0.32316413521766663
GS5,2014-05-31,-0.02396325021982193,-0.3541839718818664,-0.3541839718818664,-0.023963250219821899,0.31714403629302979,0.31714403629302979
GS5,2014-06-30,-0.035231806337833405,-0.36338025331497192,-0.36338025331497192,-0.035231806337833398,0.30451488494873041,0.30451488494873041
GS5,2014-07-31,-0.037973638623952866,-0.3645386397838592,-0.3645386397838592,-0.037973638623952803,0.30087754130363459,0.30087754130363459
GS5,2014-08-31,-0.038106657564640045,-0.36865445971488953,-0.36865445971488953,-0.038106657564639997,0.30639040470123291,0.30639040470123291
GS5,2014-09-30,-0.037786796689033508,-0.37210932374000549,-0.37210932374000549,-0.037786796689033501,0.30603918433189392,0.30603918433189392
GS5,2014-10-31,-0.033065579831600189,-0.36473912000656128,-0.36473912000656128,-0.033065579831600099,0.309654951095581,0.309654951095581
GS5,2014-11-30,-0.032586816698312759,-0.36217203736305231,-0.36217203736305231,-0.032586816698312697,0.30607101321220398,0.30607101321220398
GS5,2014-12-31,-0.029830401763319969,-0.3594219982624054,-0.3594219982624054,-0.029830403625965101,0.31053215265274048,0.31053215265274048
GS5,2015-01-31,-0.026021791622042656,-0.36224660277366638,-0.36224660277366638,-0.026021793484687802,0.31884458661079401,0.31884458661079401
HOUST,2013-02-28,6.8131437301635742,6.727665901184082,6.727665901184082,6.8131437301635742,6.8905658721923828,6.8905658721923828
HOUST,2013-03-31,6.8139581680297852,6.7212643623352051,6.7212643623352051,6.8139581680297852,6.8913846015930176,6.8913846015930176
HOUST,2013-04-30,6.813319206237793,6.718111515045166,6.718111515045166,6.813319206237793,6.8987979888916016,6.8987979888916016
HOUST,2013-05-31,6.8175497055053711,6.7195291519165039,6.7195291519165039,6.8175497055053711,6.9064440727233887,6.9064440727233887
HOUST,2013-06-30,6.8181605339050293,6.7205018997192383,6.7205018997192383,6.8181605339050293,6.9044389724731445,6.9044389724731445
HOUST,2013-07-31,6.8173294067382812,6.7174558639526367,6.7174558639526367,6.8173294067382812,6.9073314666748047,6.9073314666748047
HOUST,2013-08-31,6.8099761009216309,6.7076616287231445,6.7076616287231445,6.8099761009216309,6.9002828598022461,6.9002828598022461
HOUST,2013-09-30,6.8107423782348633,6.7059779167175293,6.7059779167175293,6.8107423782348633,6.9011306762695312,6.9011306762695312
HOUST,2013-10-31,6.8036050796508789,6.7093667984008789,6.7093667984008789,6.8036050796508789,6.8887333869934082,6.8887333869934082
HOUST,2013-11-30,6.7971277236938477,6.6955933570861816,6.6955933570861816,6.7971277236938477,6.8847360610961914,6.8847360610961914
HOUST,2013-12-31,6.8106131553649902,6.7116727828979492,6.7116727828979492,6.8106131553649902,6.890566349029541,6.890566349029541
HOUST,2014-01-31,6.824462890625,6.7110023498535156,6.7110023498535156,6.824462890625,6.9112272262573242,6.9112272262573242
HOUST,2014-02-28,6.8272867202758789,6.7242617607116699,6.7242617607116699,6.8272867202758789,6.9064455032348633,6.9064455032348633
HOUST,2014-03-31,6.8362669944763184,6.7401046752929688,6.7401046752929688,6.8362669944763184,6.9257903099060059,6.9257903099060059
HOUST,2014-04-30,6.845055103302002,6.7486014366149902,6.7486014366149902,6.845055103302002,6.9275574684143066,6.9275574684143066
HOUST,2014-05-31,6.848048210144043,6.752741813659668,6.752741813659668,6.848048210144043,6.9359092712402344,6.9359092712402344
HOUST,2014-06-30,6.8512687683105469,6.7514185905456543,6.7514185905456543,6.8512687683105469,6.9337382316589355,6.9337382316589355
HOUST,2014-07-31,6.8589291572570801,6.7577571868896484,6.7577571868896484,6.8589291572570801,6.940673828125,6.940673828125
HOUST,2014-08-31,6.8722314834594727,6.7632980346679688,6.7632980346679688,6.8722314834594727,6.9555459022521973,6.9555459022521973
HOUST,2014-09-30,6.8781428337097168,6.7777633666992188,6.7777633666992188,6.8781428337097168,6.973505973815918,6.973505973815918
HOUST,2014-10-31,6.8856062889099121,6.7771697044372559,6.7771697044372559,6.8856062889099121,6.9662504196166992,6.9662504196166992
HOUST,2014-11-30,6.8922815322875977,6.7758932113647461,6.7758932113647461,6.8922815322875977,6.9871115684509277,6.9871115684509277
HOUST,2014-12-31,6.9046058654785156,6.7863898277282715,6.7863898277282715,6.9046058654785156,6.9860806465148926,6.9860806465148926
HOUST,2015-01-31,6.9036035537719727,6.7854886054992676,6.7854886054992676,6.9036035537719727,6.9811511039733887,6.9811511039733887
HOUSTMW,2013-02-28,4.8565449714660645,4.579063892364502,4.579063892364502,4.8565449714660645,5.0993413925170898,5.0993413925170898
HOUSTMW,2013-03-31,4.8828244209289551,4.5801711082458496,4.5801711082458496,4.8828244209289551,5.1297731399536133,5.1297731399536133
HOUSTMW,2013-04-30,4.8937797546386719,4.5845947265625,4.5845947265625,4.8937797546386719,5.1518936157226562,5.1518936157226562
HOUSTMW,2013-05-31,4.904449462890625,4.5914359092712402,4.5914359092712402,4.904449462890625,5.1699953079223633,5.1699953079223633
HOUSTMW,2013-06-30,4.9088969230651855,4.5917906761169434,4.5917906761169434,4.9088969230651855,5.1706085205078125,5.1706085205078125
HOUSTMW,2013-07-31,4.9313335418701172,4.6091079711914062,4.6091079711914062,4.9313335418701172,5.1996860504150391,5.1996860504150391
HOUSTMW,2013-08-31,4.9360928535461426,4.60980224609375,4.60980224609375,4.9360928535461426,5.2054910659790039,5.2054910659790039
HOUSTMW,2013-09-30,4.9625563621520996,4.6331782341003418,4.6331782341003418,4.9625563621520996,5.2326693534851074,5.2326693534851074
HOUSTMW,2013-10-31,4.9758672714233398,4.6484265327453613,4.6484265327453613,4.9758672714233398,5.2365961074829102,5.2365961074829102
HOUSTMW,2013-11-30,4.9837779998779297,4.6443800926208496,4.6443800926208496,4.9837779998779297,5.249089241027832,5.249089241027832
HOUSTMW,2013-12-31,4.9872026443481445,4.6499342918395996,4.6499342918395996,4.9872026443481445,5.2450652122497559,5.2450652122497559
HOUSTMW,2014-01-31,4.9821014404296875,4.633882999420166,4.633882999420166,4.9821014404296875,5.2581949234008789,5.2581949234008789
HOUSTMW,2014-02-28,4.9796733856201172,4.640350341796875,4.640350341796875,4.9796733856201172,5.2382926940917969,5.2382926940917969
HOUSTMW,2014-03-31,4.9724526405334473,4.6391396522521973,4.6391396522521973,4.9724526405334473,5.2472496032714844,5.2472496032714844
HOUSTMW,2014-04-30,4.9806971549987793,4.6475529670715332,4.6475529670715332,4.9806971549987793,5.2445344924926758,5.2445344924926758
HOUSTMW,2014-05-31,4.9921402931213379,4.6625452041625977,4.6625452041625977,4.9921402931213379,5.2535643577575684,5.2535643577575684
HOUSTMW,2014-06-30,4.995415210723877,4.6641488075256348,4.6641488075256348,4.995415210723877,5.2618751525878906,5.2618751525878906
HOUSTMW,2014-07-31,5.011847972869873,4.6759181022644043,4.6759181022644043,5.011847972869873,5.2773513793945312,5.2773513793945312
HOUSTMW,2014-08-31,5.0276813507080078,4.6807746887207031,4.6807746887207031,5.0276813507080078,5.2985811233520508,5.2985811233520508
HOUSTMW,2014-09-30,5.0329837799072266,4.684840202331543,4.684840202331543,5.0329837799072266,5.3176283836364746,5.3176283836364746
HOUSTMW,2014-10-31,5.0186290740966797,4.6737227439880371,4.6737227439880371,5.0186290740966797,5.2927656173706055,5.2927656173706055
HOUSTMW,2014-11-30,5.027956485748291,4.6711416244506836,4.6711416244506836,5.027956485748291,5.3172512054443359,5.3172512054443359
HOUSTMW,2014-12-31,5.0256662368774414,4.6748309135437012,4.6748309135437012,5.0256662368774414,5.3058218955993652,5.3058218955993652
HOUSTMW,2015-01-31,5.0219979286193848,4.6730227470397949,4.6730227470397949,5.0219979286193848,5.2955818176269531,5.2955818176269531
HOUSTNE,2013-02-28,4.4492998123168945,4.1861186027526855,4.1861186027526855,4.4492998123168945,4.685211181640625,4.685211181640625
HOUSTNE,2013-03-31,4.4532513618469238,4.170372486114502,4.170372486114502,4.4532513618469238,4.7021903991699219,4.7021903991699219
HOUSTNE,2013-04-30,4.4644565582275391,4.1736531257629395,4.1736531257629395,4.4644565582275391,4.725921630859375,4.725921630859375
HOUSTNE,2013-05-31,4.4621706008911133,4.1622991561889648,4.1622991561889648,4.4621706008911133,4.7279467582702637,4.7279467582702637
HOUSTNE,2013-06-30,4.471186637878418,4.1670193672180176,4.1670193672180176,4.471186637878418,4.7426295280456543,4.7426295280456543
HOUSTNE,2013-07-31,4.4839496612548828,4.1778120994567871,4.1778120994567871,4.4839496612548828,4.7646341323852539,4.7646341323852539
HOUSTNE,2013-08-31,4.4957637786865234,4.1842613220214844,4.1842613220214844,4.4957637786865234,4.7873311042785645,4.7873311042785645
HOUSTNE,2013-09-30,4.4988846778869629,4.1819438934326172,4.1819438934326172,4.4988846778869629,4.7953658103942871,4.7953658103942871
HOUSTNE,2013-10-31,4.5028524398803711,4.1832370758056641,4.1832370758056641,4.5028524398803711,4.7989211082458496,4.7989211082458496
HOUSTNE,2013-11-30,4.5141792297363281,4.19158935546875,4.19158935546875,4.5141792297363281,4.8102583885192871,4.8102583885192871
HOUSTNE,2013-12-31,4.5201735496520996,4.2032499313354492,4.2032499313354492,4.5201735496520996,4.8183021545410156,4.8183021545410156
HOUSTNE,2014-01-31,4.5269513130187988,4.2072854042053223,4.2072854042053223,4.5269513130187988,4.8326835632324219,4.8326835632324219
HOUSTNE,2014-02-28,4.5396451950073242,4.2208175659179688,4.2208175659179688,4.5396451950073242,4.8387107849121094,4.8387107849121094
HOUSTNE,2014-03-31,4.5560212135314941,4.2350368499755859,4.2350368499755859,4.5560212135314941,4.8620271682739258,4.8620271682739258
HOUSTNE,2014-04-30,4.5579743385314941,4.2354884147644043,4.2354884147644043,4.5579743385314941,4.8667159080505371,4.8667159080505371
HOUSTNE,2014-05-31,4.5626587867736816,4.2412118911743164,4.2412118911743164,4.5626587867736816,4.8766217231750488,4.8766217231750488
HOUSTNE,2014-06-30,4.5711464881896973,4.2465434074401855,4.2465434074401855,4.5711464881896973,4.8866262435913086,4.8866262435913086
HOUSTNE,2014-07-31,4.5833945274353027,4.2616605758666992,4.2616605758666992,4.5833945274353027,4.902252197265625,4.902252197265625
HOUSTNE,2014-08-31,4.5791301727294922,4.2554836273193359,4.2554836273193359,4.5791301727294922,4.9100704193115234,4.9100704193115234
HOUSTNE,2014-09-30,4.5832862854003906,4.2512683868408203,4.2512683868408203,4.5832862854003906,4.9198880195617676,4.9198880195617676
HOUSTNE,2014-10-31,4.5899534225463867,4.259803295135498,4.259803295135498,4.5899534225463867,4.9176826477050781,4.9176826477050781
HOUSTNE,2014-11-30,4.5944123268127441,4.2631878852844238,4.2631878852844238,4.5944123268127441,4.9324917793273926,4.9324917793273926
HOUSTNE,2014-12-31,4.5920662879943848,4.2624139785766602,4.2624139785766602,4.5920662879943848,4.9306988716125488,4.9306988716125488
HOUSTNE,2015-01-31,4.5960631370544434,4.2645421028137207,4.2645421028137207,4.5960631370544434,4.9337272644042969,4.9337272644042969
HOUSTS,2013-02-28,6.1691045761108398,6.0620932579040527,6.0620932579040527,6.1691045761108398,6.2712512016296387,6.2712512016296387
HOUSTS,2013-03-31,6.1600503921508789,6.0412092208862305,6.0412092208862305,6.1600503921508789,6.2666134834289551,6.2666134834289551
HOUSTS,2013-04-30,6.1552906036376953,6.0318021774291992,6.0318021774291992,6.1552906036376953,6.2716364860534668,6.2716364860534668
HOUSTS,2013-05-31,6.1467108726501465,6.0222783088684082,6.0222783088684082,6.1467108726501465,6.2643909454345703,6.2643909454345703
HOUSTS,2013-06-30,6.1399135589599609,6.0187368392944336,6.0187368392944336,6.1399135589599609,6.2598142623901367,6.2598142623901367
HOUSTS,2013-07-31,6.1338047981262207,6.0123262405395508,6.0123262405395508,6.1338047981262207,6.2493901252746582,6.2493901252746582
HOUSTS,2013-08-31,6.1269426345825195,6.0036115646362305,6.0036115646362305,6.1269426345825195,6.2443304061889648,6.2443304061889648
HOUSTS,2013-09-30,6.1265091896057129,6.0059762001037598,6.0059762001037598,6.1265091896057129,6.240516185760498,6.240516185760498
HOUSTS,2013-10-31,6.1217422485351562,6.011232852935791,6.011232852935791,6.1217422485351562,6.2314085960388184,6.2314085960388184
HOUSTS,2013-11-30,6.1184406280517578,6.0025100708007812,6.0025100708007812,6.1184406280517578,6.2286472320556641,6.2286472320556641
HOUSTS,2013-12-31,6.1397347450256348,6.0332608222961426,6.0332608222961426,6.1397347450256348,6.2463197708129883,6.2463197708129883
HOUSTS,2014-01-31,6.1546621322631836,6.0373687744140625,6.0373687744140625,6.1546621322631836,6.2659177780151367,6.2659177780151367
HOUSTS,2014-02-28,6.1521949768066406,6.0436201095581055,6.0436201095581055,6.1521949768066406,6.2624115943908691,6.2624115943908691
HOUSTS,2014-03-31,6.1652145385742188,6.0595245361328125,6.0595245361328125,6.1652145385742188,6.2816314697265625,6.2816314697265625
HOUSTS,2014-04-30,6.1686043739318848,6.0616445541381836,6.0616445541381836,6.1686043739318848,6.2778496742248535,6.2778496742248535
HOUSTS,2014-05-31,6.1644043922424316,6.0587482452392578,6.0587482452392578,6.1644043922424316,6.2744488716125488,6.2744488716125488
HOUSTS,2014-06-30,6.1677312850952148,6.0558404922485352,6.0558404922485352,6.1677312850952148,6.2798304557800293,6.2798304557800293
HOUSTS,2014-07-31,6.1640753746032715,6.0522894859313965,6.0522894859313965,6.1640753746032715,6.2748298645019531,6.2748298645019531
HOUSTS,2014-08-31,6.1691384315490723,6.0577297210693359,6.0577297210693359,6.1691384315490723,6.2885475158691406,6.2885475158691406
HOUSTS,2014-09-30,6.1770696640014648,6.0708413124084473,6.0708413124084473,6.1770696640014648,6.3007187843322754,6.3007187843322754
HOUSTS,2014-10-31,6.1791577339172363,6.0679388046264648,6.0679388046264648,6.1791577339172363,6.2961311340332031,6.2961311340332031
HOUSTS,2014-11-30,6.1760978698730469,6.0543899536132812,6.0543899536132812,6.1760978698730469,6.3041400909423828,6.3041400909423828
HOUSTS,2014-12-31,6.1819648742675781,6.0567922592163086,6.0567922592163086,6.1819648742675781,6.3021817207336426,6.3021817207336426
HOUSTS,2015-01-31,6.1856594085693359,6.0639700889587402,6.0639700889587402,6.1856594085693359,6.297849178314209,6.297849178314209
HOUSTW,2013-02-28,5.3838086128234863,5.2376165390014648,5.2376165390014648,5.3838086128234863,5.5168519020080566,5.5168519020080566
HOUSTW,2013-03-31,5.3833236694335938,5.2237963676452637,5.2237963676452637,5.3833236694335938,5.5214986801147461,5.5214986801147461
HOUSTW,2013-04-30,5.3832583427429199,5.2216119766235352,5.2216119766235352,5.3832583427429199,5.5297985076904297,5.5297985076904297
HOUSTW,2013-05-31,5.383328914642334,5.2171096801757812,5.2171096801757812,5.383328914642334,5.5355663299560547,5.5355663299560547
HOUSTW,2013-06-30,5.3879790306091309,5.2239665985107422,5.2239665985107422,5.3879790306091309,5.5432295799255371,5.5432295799255371
HOUSTW,2013-07-31,5.3907828330993652,5.2203869819641113,5.2203869819641113,5.3907828330993652,5.5511989593505859,5.5511989593505859
HOUSTW,2013-08-31,5.3867778778076172,5.2138738632202148,5.2138738632202148,5.3867778778076172,5.5502820014953613,5.5502820014953613
HOUSTW,2013-09-30,5.3917856216430664,5.2160682678222656,5.2160682678222656,5.3917856216430664,5.5589399337768555,5.5589399337768555
HOUSTW,2013-10-31,5.3850889205932617,5.2177944183349609,5.2177944183349609,5.3850889205932617,5.5448994636535645,5.5448994636535645
HOUSTW,2013-11-30,5.379643440246582,5.2004199028015137,5.2004199028015137,5.379643440246582,5.5428838729858398,5.5428838729858398
HOUSTW,2013-12-31,5.3819417953491211,5.2083425521850586,5.2083425521850586,5.3819417953491211,5.5356788635253906,5.5356788635253906
HOUSTW,2014-01-31,5.3951501846313477,5.2108955383300781,5.2108955383300781,5.3951501846313477,5.5605244636535645,5.5605244636535645
HOUSTW,2014-02-28,5.4015369415283203,5.227238655090332,5.227238655090332,5.4015369415283203,5.5568323135375977,5.5568323135375977
HOUSTW,2014-03-31,5.4088473320007324,5.2357053756713867,5.2357053756713867,5.4088473320007324,5.5785012245178223,5.5785012245178223
HOUSTW,2014-04-30,5.4230904579162598,5.2520084381103516,5.2520084381103516,5.4230904579162598,5.5806536674499512,5.5806536674499512
HOUSTW,2014-05-31,5.4336743354797363,5.2644333839416504,5.2644333839416504,5.4336743354797363,5.5975446701049805,5.5975446701049805
HOUSTW,2014-06-30,5.4424357414245605,5.265413761138916,5.265413761138916,5.4424357414245605,5.6042037010192871,5.6042037010192871
HOUSTW,2014-07-31,5.4471282958984375,5.2719259262084961,5.2719259262084961,5.4471282958984375,5.6113524436950684,5.6113524436950684
HOUSTW,2014-08-31,5.4622998237609863,5.2803659439086914,5.2803659439086914,5.4622998237609863,5.6257696151733398,5.6257696151733398
HOUSTW,2014-09-30,5.4761195182800293,5.2921895980834961,5.2921895980834961,5.4761195182800293,5.6465497016906738,5.6465497016906738
HOUSTW,2014-10-31,5.4892683029174805,5.2988739013671875,5.2988739013671875,5.4892683029174805,5.642249584197998,5.642249584197998
HOUSTW,2014-11-30,5.5076913833618164,5.3064365386962891,5.3064365386962891,5.5076913833618164,5.6778607368469238,5.6778607368469238
HOUSTW,2014-12-31,5.5062685012817383,5.3066287040710449,5.3066287040710449,5.5062685012817383,5.6672830581665039,5.6672830581665039
HOUSTW,2015-01-31,5.4893956184387207,5.296074390411377,5.296074390411377,5.4893956184387207,5.6433854103088379,5.6433854103088379
HWI,2013-02-28,34.432296752929688,-189.31251525878903,-189.31251525878903,34.432295799255371,256.5936279296875,256.5936279296875
HWI,2013-03-31,21.470455169677734,-215.81755065917969,-215.81755065917969,21.470453262329102,257.88946533203125,257.88946533203125
HWI,2013-04-30,-33.124019622802734,-279.46115112304688,-279.46115112304688,-33.124019622802734,211.22239685058591,211.22239685058591
HWI,2013-05-31,16.76910400390625,-234.59696960449219,-234.59696960449219,16.76910400390625,264.75088500976562,264.75088500976562
HWI,2013-06-30,-9.1858320236206055,-262.76394653320312,-262.76394653320312,-9.1858329772949219,242.82794189453125,242.82794189453125
HWI,2013-07-31,-21.394891738891602,-277.85650634765625,-277.85650634765625,-21.394889831542969,232.37367248535156,232.37367248535156
HWI,2013-08-31,8.1635198593139648,-253.46087646484375,-253.46087646484375,8.1635208129882812,262.67974853515625,262.67974853515625
HWI,2013-09-30,-9.4664430618286133,-274.11117553710938,-274.11117553710938,-9.4664421081542969,247.17796325683591,247.17796325683591
HWI,2013-10-31,-9.5159845352172852,-275.49801635742188,-275.49801635742188,-9.5159835815429688,249.32630920410156,249.32630920410156
HWI,2013-11-30,-6.1797332763671875,-274.13467407226562,-274.13467407226562,-6.1797332763671875,256.076416015625,256.076416015625
HWI,2013-12-31,-11.372466087341309,-282.65283203125,-282.65283203125,-11.372467041015623,251.80923461914065,251.80923461914065
HWI,2014-01-31,-9.6984786987304688,-280.1614990234375,-280.1614990234375,-9.6984786987304688,253.81842041015625,253.81842041015625
HWI,2014-02-28,-8.0508289337158203,-277.39791870117188,-277.39791870117188,-8.0508308410644531,253.91508483886719,253.91508483886719
HWI,2014-03-31,-8.4027223587036133,-280.71316528320312,-280.71316528320312,-8.4027214050292969,257.647216796875,257.647216796875
HWI,2014-04-30,-6.4742956161499023,-279.01470947265625,-279.01470947265625,-6.4742965698242188,259.567138671875,259.567138671875
HWI,2014-05-31,-5.0374903678894043,-278.95938110351562,-278.95938110351562,-5.0374908447265625,261.86785888671875,261.86785888671875
HWI,2014-06-30,-4.8779520988464355,-279.23602294921875,-279.23602294921875,-4.8779525756835938,262.88629150390625,262.88629150390625
HWI,2014-07-31,-4.7840638160705566,-278.6556396484375,-278.6556396484375,-4.7840652465820312,262.41473388671875,262.41473388671875
HWI,2014-08-31,-1.1966226100921631,-277.29013061523438,-277.29013061523438,-1.1966209411621094,270.44570922851562,270.44570922851562
HWI,2014-09-30,1.5287392139434814,-272.69168090820312,-272.69168090820312,1.5287399291992188,272.5628662109375,272.5628662109375
HWI,2014-10-31,4.4042444229125977,-271.00344848632812,-271.00344848632812,4.4042434692382812,273.94033813476562,273.94033813476562
HWI,2014-11-30,5.6960411071777344,-268.14276123046875,-268.14276123046875,5.6960411071777344,273.2037353515625,273.2037353515625
HWI,2014-12-31,8.0014047622680664,-265.93838500976562,-265.93838500976562,8.00140380859375,275.99722290039062,275.99722290039062
HWI,2015-01-31,9.3057231903076172,-266.15731811523438,-266.15731811523438,9.3057212829589844,276.79718017578125,276.79718017578125
HWIURATIO,2013-02-28,0.0038283481262624264,-0.0186671614646911,-0.0186671614646911,0.0038283481262623999,0.0263152997940778,0.0263152997940778
HWIURATIO,2013-03-31,0.0012753413757309318,-0.022980434820055899,-0.022980434820055899,0.0012753414921462,0.025903729721903801,0.025903729721903801
HWIURATIO,2013-04-30,-0.00045140041038393974,-0.025934122502803799,-0.025934122502803799,-0.00045140041038390001,0.024932932108640601,0.024932932108640601
HWIURATIO,2013-05-31,0.0010692663490772247,-0.0253493003547191,-0.0253493003547191,0.0010692663490772,0.0269328467547893,0.0269328467547893
HWIURATIO,2013-06-30,0.00075568107422441244,-0.026025865226984,-0.026025865226984,0.00075568119063970001,0.027364889159798601,0.027364889159798601
HWIURATIO,2013-07-31,0.00063209678046405315,-0.026854259893298101,-0.026854259893298101,0.00063209701329459999,0.0275666005909442,0.0275666005909442
HWIURATIO,2013-08-31,0.0018732136813923717,-0.025807606056332501,-0.025807606056332501,0.0018732137978076,0.028654161840677199,0.028654161840677199
HWIURATIO,2013-09-30,0.0016074845334514976,-0.026574902236461601,-0.026574902236461601,0.0016074846498668001,0.028580669313669201,0.028580669313669201
HWIURATIO,2013-10-31,0.0013158259680494666,-0.027234487235546102,-0.027234487235546102,0.0013158260844647,0.028556274250149699,0.028556274250149699
HWIURATIO,2013-11-30,0.0013972456799820065,-0.027540989220142299,-0.027540989220142299,0.0013972455635665999,0.028900912031531299,0.028900912031531299
HWIURATIO,2013-12-31,0.0012446179753169417,-0.028071474283933601,-0.028071474283933601,0.0012446180917322,0.028568103909492399,0.028568103909492399
HWIURATIO,2014-01-31,0.0012863321462646127,-0.028149522840976701,-0.028149522840976701,0.0012863320298492,0.028284089639782899,0.028284089639782899
HWIURATIO,2014-02-28,0.0017996415263041854,-0.027565009891986798,-0.027565009891986798,0.0017996416427195001,0.0288332682102918,0.0288332682102918
HWIURATIO,2014-03-31,0.0017333769937977195,-0.027933964505791602,-0.027933964505791602,0.0017333771102130001,0.028949160128831801,0.028949160128831801
HWIURATIO,2014-04-30,0.001817278447560966,-0.0278524551540613,-0.0278524551540613,0.0018172785639762,0.029211437329649901,0.029211437329649901
HWIURATIO,2014-05-31,0.0017107749590650201,-0.028686728328466402,-0.028686728328466402,0.0017107748426496,0.029367642477154701,0.029367642477154701
HWIURATIO,2014-06-30,0.0014812155859544873,-0.029119474813342001,-0.029119474813342001,0.0014812154695391,0.029505688697099599,0.029505688697099599
HWIURATIO,2014-07-31,0.0015762947732582688,-0.029238285496830899,-0.029238285496830899,0.0015762946568429,0.029541622847318601,0.029541622847318601
HWIURATIO,2014-08-31,0.0022510471753776073,-0.028857657685875799,-0.028857657685875799,0.0022510471753776,0.0310220196843147,0.0310220196843147
HWIURATIO,2014-09-30,0.0021433853544294834,-0.028903359547257399,-0.028903359547257399,0.0021433853544294001,0.030796881765127099,0.030796881765127099
HWIURATIO,2014-10-31,0.0024733860045671463,-0.028579089790582601,-0.028579089790582601,0.0024733857717365,0.030810527503490399,0.030810527503490399
HWIURATIO,2014-11-30,0.0026078876107931137,-0.028326867148280099,-0.028326867148280099,0.0026078873779623998,0.030785143375396701,0.030785143375396701
HWIURATIO,2014-12-31,0.0025299452245235443,-0.028589488938450799,-0.028589488938450799,0.0025299452245235001,0.030897870659828099,0.030897870659828099
HWIURATIO,2015-01-31,0.0025899810716509819,-0.0288787074387073,-0.0288787074387073,0.0025899810716508999,0.030976749956607801,0.030976749956607801
INDPRO,2013-02-28,0.0018857180839404464,-0.0044013475999236003,-0.0044013475999236003,0.0018857180839404,0.0077779833227396003,0.0077779833227396003
INDPRO,2013-03-31,0.0018939024303108454,-0.0047506624832749002,-0.0047506624832749002,0.0018939024303108001,0.0081228241324423998,0.0081228241324423998
INDPRO,2013-04-30,0.0019108535489067435,-0.0050000860355793996,-0.0050000860355793996,0.0019108535489066999,0.0083576794713735008,0.0083576794713735008
INDPRO,2013-05-31,0.0019683390855789185,-0.0050918082706629996,-0.0050918082706629996,0.0019683390855788998,0.0085196252912282007,0.0085196252912282007
INDPRO,2013-06-30,0.002070162445306778,-0.0050886617973445996,-0.0050886617973445996,0.0020701624453066999,0.0087505467236042005,0.0087505467236042005
INDPRO,2013-07-31,0.0021720111835747957,-0.0051222462207077997,-0.0051222462207077997,0.0021720111835746999,0.0088725909590720992,0.0088725909590720992
INDPRO,2013-08-31,0.0022382421884685755,-0.0050635375082491996,-0.0050635375082491996,0.0022382422466762,0.0090541243553160997,0.0090541243553160997
INDPRO,2013-09-30,0.0023329122923314571,-0.0050410279072821002,-0.0050410279072821002,0.0023329122923313999,0.0091767031699419004,0.0091767031699419004
INDPRO,2013-10-31,0.0023327264934778214,-0.0050832373090088003,-0.0050832373090088003,0.0023327264934778001,0.0091514103114603996,0.0091514103114603996
INDPRO,2013-11-30,0.0024069887585937977,-0.0050251199863851001,-0.0050251199863851001,0.0024069887585937001,0.0093426275998353004,0.0093426275998353004
INDPRO,2013-12-31,0.0024646890815347433,-0.0050391536206007004,-0.0050391536206007004,0.0024646890815346999,0.0093953590840100999,0.0093953590840100999
INDPRO,2014-01-31,0.002442140132188797,-0.0051528369076549998,-0.0051528369076549998,0.0024421401321886999,0.0093367062509059004,0.0093367062509059004
INDPRO,2014-02-28,0.0025185944978147745,-0.0051306523382662998,-0.0051306523382662998,0.0025185944978146999,0.0094671994447708008,0.0094671994447708008
INDPRO,2014-03-31,0.0023728865198791027,-0.0052968719974160004,-0.0052968719974160004,0.0023728864616714002,0.0093201342970131995,0.0093201342970131995
INDPRO,2014-04-30,0.0023568314500153065,-0.0053328508511185004,-0.0053328508511185004,0.0023568314500153,0.0093047134578227997,0.0093047134578227997
INDPRO,2014-05-31,0.0023744618520140648,-0.0054235910065471996,-0.0054235910065471996,0.0023744618520140002,0.0093440851196645996,0.0093440851196645996
INDPRO,2014-06-30,0.0023112271446734667,-0.0055026938207447,-0.0055026938207447,0.0023112272028810998,0.0093379821628331999,0.0093379821628331999
INDPRO,2014-07-31,0.0022617746144533157,-0.0055351508781313003,-0.0055351508781313003,0.0022617746726608999,0.0092517752200364997,0.0092517752200364997
INDPRO,2014-08-31,0.0023656536359339952,-0.0055936393328011001,-0.0055936393328011001,0.0023656536359338998,0.0095911948010324998,0.0095911948010324998
INDPRO,2014-09-30,0.0023490367457270622,-0.0056946212425827,-0.0056946212425827,0.0023490367457270002,0.0095483167096971997,0.0095483167096971997
INDPRO,2014-10-31,0.0022237333469092846,-0.0057800947688519001,-0.0057800947688519001,0.0022237332887015998,0.0093565611168742006,0.0093565611168742006
INDPRO,2014-11-30,0.0021600760519504547,-0.0058563142083585002,-0.0058563142083585002,0.0021600760519504001,0.0092395646497607006,0.0092395646497607006
INDPRO,2014-12-31,0.0021222801879048347,-0.0059545449912547996,-0.0059545449912547996,0.0021222801879048001,0.0091729005798697003,0.0091729005798697003
INDPRO,2015-01-31,0.0019809864461421967,-0.0061676064506173004,-0.0061676064506173004,0.0019809864461420999,0.0090997070074081005,0.0090997070074081005
INVEST,2013-02-28,0.0016455721342936158,-0.0090839182958005991,-0.0090839182958005991,0.0016455721342936,0.0119354566559195,0.0119354566559195
INVEST,2013-03-31,0.0016879866598173976,-0.0096080927178263005,-0.0096080927178263005,0.0016879866889212001,0.0124725578352808,0.0124725578352808
INVEST,2013-04-30,-0.00032768605160526931,-0.0119788786396384,-0.0119788786396384,-0.00032768608070900002,0.0107200220227241,0.0107200220227241
INVEST,2013-05-31,-0.0015169198159128428,-0.013375366106629301,-0.013375366106629301,-0.0015169198159128,0.0097699770703911001,0.0097699770703911001
INVEST,2013-06-30,0.0012657430488616228,-0.0108302738517522,-0.0108302738517522,0.0012657430488616,0.0127250747755169,0.0127250747755169
INVEST,2013-07-31,0.00020975062216166407,-0.0119887562468647,-0.0119887562468647,0.0002097506076097,0.011854685842990801,0.011854685842990801
INVEST,2013-08-31,1.2176495147286914e-05,-0.0123907132074236,-0.0123907132074236,1.2176577001810074e-05,0.011649806052446299,0.011649806052446299
INVEST,2013-09-30,0.0011354348389431834,-0.011353371664881699,-0.011353371664881699,0.0011354348389430999,0.012825340963900001,0.012825340963900001
INVEST,2013-10-31,-0.00046778068644925952,-0.013090776279568599,-0.013090776279568599,-0.0004677807446569,0.0113922106102108,0.0113922106102108
INVEST,2013-11-30,-7.721104338997975e-05,-0.012773969210684299,-0.012773969210684299,-7.7211065217852592e-05,0.0118786375969648,0.0118786375969648
INVEST,2013-12-31,0.0014240297023206949,-0.0113107310608029,-0.0113107310608029,0.0014240297023205999,0.0134423170238733,0.0134423170238733
INVEST,2014-01-31,-0.00070571992546319962,-0.0133034624159336,-0.0133034624159336,-0.00070571992546309998,0.011186076328158301,0.011186076328158301
INVEST,2014-02-28,-0.0013073595473542809,-0.014007398858666399,-0.014007398858666399,-0.0013073594309388999,0.0106558063998818,0.0106558063998818
INVEST,2014-03-31,0.0018238950287923217,-0.0110111692920327,-0.0110111692920327,0.0018238951452075999,0.013787911273539,0.013787911273539
INVEST,2014-04-30,-0.00076527509372681379,-0.013668921776115801,-0.013668921776115801,-0.00076527521014209995,0.0113764125853776,0.0113764125853776
INVEST,2014-05-31,-0.0011636739363893867,-0.0140315908938646,-0.0140315908938646,-0.0011636740528047,0.0110019147396087,0.0110019147396087
INVEST,2014-06-30,0.00075599236879497766,-0.012153927236795399,-0.012153927236795399,0.00075599248521019996,0.0128597356379032,0.0128597356379032
INVEST,2014-07-31,-9.4573033493361436e-06,-0.0130687002092599,-0.0130687002092599,-9.4573479145765305e-06,0.0121140088886022,0.0121140088886022
INVEST,2014-08-31,5.0693950470304117e-05,-0.0133201908320188,-0.0133201908320188,5.069398321211338e-05,0.012493216432631,0.012493216432631
INVEST,2014-09-30,0.0012833334039896727,-0.0121521605178713,-0.0121521605178713,0.0012833334039896,0.014034196734428401,0.014034196734428401
INVEST,2014-10-31,0.00069911917671561241,-0.0129642998799681,-0.0129642998799681,0.00069911917671560005,0.0134567627683281,0.0134567627683281
INVEST,2014-11-30,0.00016911595594137907,-0.013314246200025,-0.013314246200025,0.0001691160723567,0.0128425154834985,0.0128425154834985
INVEST,2014-12-31,0.0017784048104658723,-0.011776844970881901,-0.011776844970881901,0.0017784046940504999,0.014489537104964201,0.014489537104964201
INVEST,2015-01-31,-0.00034499686444178224,-0.0139290252700448,-0.0139290252700448,-0.00034499680623410002,0.012469586916267801,0.012469586916267801
IPB51222S,2013-02-28,0.011641446501016617,-0.034661497920751502,-0.034661497920751502,0.0116414467338472,0.057729229331016499,0.057729229331016499
IPB51222S,2013-03-31,-6.0355057939887047e-05,-0.047209840267896597,-0.047209840267896597,-6.0355290770530701e-05,0.047243304550647701,0.047243304550647701
IPB51222S,2013-04-30,0.004223257303237915,-0.043310794979333801,-0.043310794979333801,0.0042232573032379003,0.052067499607801403,0.052067499607801403
IPB51222S,2013-05-31,-0.0039061456918716431,-0.051584381610155099,-0.051584381610155099,-0.0039061456918716001,0.044166706502437501,0.044166706502437501
IPB51222S,2013-06-30,0.00065751938382163644,-0.046774089336395201,-0.046774089336395201,0.00065751932561389996,0.048577066510915701,0.048577066510915701
IPB51222S,2013-07-31,0.0015617342432960868,-0.046129889786243397,-0.046129889786243397,0.0015617338940501001,0.049715243279933902,0.049715243279933902
IPB51222S,2013-08-31,0.0010160210076719522,-0.046864375472068703,-0.046864375472068703,0.0010160207748412999,0.049186855554580598,0.049186855554580598
IPB51222S,2013-09-30,0.00077130179852247238,-0.047047339379787403,-0.047047339379787403,0.00077130179852239996,0.048729985952377299,0.048729985952377299
IPB51222S,2013-10-31,-0.0017746328376233578,-0.049689926207065499,-0.049689926207065499,-0.0017746333032846,0.046340007334947503,0.046340007334947503
IPB51222S,2013-11-30,0.0030389572493731976,-0.045084025710821103,-0.045084025710821103,0.0030389577150343999,0.051337085664272301,0.051337085664272301
IPB51222S,2013-12-31,0.0021225812379270792,-0.046195022761821698,-0.046195022761821698,0.0021225810050964,0.050413567572832101,0.050413567572832101
IPB51222S,2014-01-31,0.0021209581755101681,-0.0458796545863151,-0.0458796545863151,0.0021209586411713999,0.050044663250446299,0.050044663250446299
IPB51222S,2014-02-28,-0.00027830665931105614,-0.048076774924993501,-0.048076774924993501,-0.00027830619364969998,0.047462373971938997,0.047462373971938997
IPB51222S,2014-03-31,0.00067399564431980252,-0.047967407852411201,-0.047967407852411201,0.00067399535328140005,0.049111977219581597,0.049111977219581597
IPB51222S,2014-04-30,0.0010889582335948944,-0.047355055809020899,-0.047355055809020899,0.0010889582335948001,0.049460627138614599,0.049460627138614599
IPB51222S,2014-05-31,0.0014806886902078986,-0.047020442783832501,-0.047020442783832501,0.0014806883409619,0.049901764839887598,0.049901764839887598
IPB51222S,2014-06-30,0.0007863743812777102,-0.047445785254240001,-0.047445785254240001,0.00078637432306999995,0.048911351710557903,0.048911351710557903
IPB51222S,2014-07-31,0.0011881496757268906,-0.047063373029231997,-0.047063373029231997,0.0011881496757267999,0.0492879003286361,0.0492879003286361
IPB51222S,2014-08-31,0.0011037262156605721,-0.047682669013738598,-0.047682669013738598,0.0011037262156605001,0.049721103161573403,0.049721103161573403
IPB51222S,2014-09-30,0.0014697143342345953,-0.047150570899248102,-0.047150570899248102,0.0014697145670651999,0.050244063138961702,0.050244063138961702
IPB51222S,2014-10-31,0.0013429217506200075,-0.047339726239442798,-0.047339726239442798,0.0013429215177892999,0.0500467717647552,0.0500467717647552
IPB51222S,2014-11-30,0.00056523334933444858,-0.047505997121334,-0.047505997121334,0.00056523364037270002,0.048928301781415898,0.048928301781415898
IPB51222S,2014-12-31,0.00070242589572444558,-0.047451011836528702,-0.047451011836528702,0.00070242583751669999,0.0488019324839115,0.0488019324839115
IPB51222S,2015-01-31,0.001623241463676095,-0.046850759536027901,-0.046850759536027901,0.0016232412308454,0.049777992069721201,0.049777992069721201
IPBUSEQ,2013-02-28,0.00013592513278126717,-0.0126622207462787,-0.0126622207462787,0.0001359251327812,0.011447871103882699,0.011447871103882699
IPBUSEQ,2013-03-31,0.00057858158834278584,-0.013511462137102999,-0.013511462137102999,0.00057858158834269997,0.012703625485301,0.012703625485301
IPBUSEQ,2013-04-30,0.00080545037053525448,-0.014037422835826799,-0.014037422835826799,0.00080545037053520005,0.013207823038101099,0.013207823038101099
IPBUSEQ,2013-05-31,0.0014529461041092873,-0.0137608181685209,-0.0137608181685209,0.0014529461041092001,0.0139518473297357,0.0139518473297357
IPBUSEQ,2013-06-30,0.0022255713120102882,-0.013201003894209799,-0.013201003894209799,0.0022255713120102002,0.014766793698072401,0.014766793698072401
IPBUSEQ,2013-07-31,0.002840761560946703,-0.0128522720187902,-0.0128522720187902,0.0028407615609466999,0.0153193324804306,0.0153193324804306
IPBUSEQ,2013-08-31,0.0035694146063178778,-0.0122460331767797,-0.0122460331767797,0.0035694146063178001,0.016073457896709401,0.016073457896709401
IPBUSEQ,2013-09-30,0.0040992731228470802,-0.0117566790431737,-0.0117566790431737,0.0040992731228470004,0.016589427366852701,0.016589427366852701
IPBUSEQ,2013-10-31,0.0043432801030576229,-0.011631503701209999,-0.011631503701209999,0.0043432801030576004,0.016675310209393501,0.016675310209393501
IPBUSEQ,2013-11-30,0.0047489795833826065,-0.011212037876248301,-0.011212037876248301,0.0047489795833825996,0.017081018537282899,0.017081018537282899
IPBUSEQ,2013-12-31,0.0048489514738321304,-0.011137556284666001,-0.011137556284666001,0.0048489514738321001,0.016908125951886101,0.016908125951886101
IPBUSEQ,2014-01-31,0.0050567458383738995,-0.0108412392437458,-0.0108412392437458,0.0050567458383737997,0.016892854124307601,0.016892854124307601
IPBUSEQ,2014-02-28,0.0053929719142615795,-0.010664321482181501,-0.010664321482181501,0.0053929719142614997,0.017207484692335101,0.017207484692335101
IPBUSEQ,2014-03-31,0.0051532546058297157,-0.010853974148631,-0.010853974148631,0.0051532546058297001,0.017193814739584899,0.017193814739584899
IPBUSEQ,2014-04-30,0.0050180768594145775,-0.0109736565500497,-0.0109736565500497,0.0050180768594145003,0.017010185867547899,0.017010185867547899
IPBUSEQ,2014-05-31,0.0049554645083844662,-0.011059019714593801,-0.011059019714593801,0.0049554645083844003,0.016900075599551201,0.016900075599551201
IPBUSEQ,2014-06-30,0.0048613213002681732,-0.0109544787555933,-0.0109544787555933,0.0048613213002681004,0.016750169917941,0.016750169917941
IPBUSEQ,2014-07-31,0.0044680917635560036,-0.011292098090052599,-0.011292098090052599,0.0044680917635560001,0.0162177328020334,0.0162177328020334
IPBUSEQ,2014-08-31,0.0045067020691931248,-0.0113564021885395,-0.0113564021885395,0.0045067020691930996,0.016625775024294801,0.016625775024294801
IPBUSEQ,2014-09-30,0.0042373929172754288,-0.011888753622770301,-0.011888753622770301,0.0042373929172754001,0.0163845438510179,0.0163845438510179
IPBUSEQ,2014-10-31,0.0039315889589488506,-0.0122181884944438,-0.0122181884944438,0.0039315889589488003,0.0159196853637695,0.0159196853637695
IPBUSEQ,2014-11-30,0.0039079366251826286,-0.012321185320615701,-0.012321185320615701,0.0039079366251826,0.015812223777174901,0.015812223777174901
IPBUSEQ,2014-12-31,0.003464721841737628,-0.0127607695758342,-0.0127607695758342,0.0034647218417375998,0.0152356997132301,0.0152356997132301
IPBUSEQ,2015-01-31,0.0029517780058085918,-0.013486770913004801,-0.013486770913004801,0.0029517780058084999,0.014950908720493299,0.014950908720493299
IPCONGD,2013-02-28,0.00025303964503109455,-0.0073804929852484998,-0.0073804929852484998,0.00025303964503100001,0.0074405209161341,0.0074405209161341
IPCONGD,2013-03-31,0.00031645927811041474,-0.0077754668891428999,-0.0077754668891428999,0.00031645933631799998,0.0078134965151548004,0.0078134965151548004
IPCONGD,2013-04-30,0.00037049246020615101,-0.0079385088756680003,-0.0079385088756680003,0.0003704924602061,0.0079685291275382007,0.0079685291275382007
IPCONGD,2013-05-31,0.00033914035884663463,-0.0081658521667122008,-0.0081658521667122008,0.00033914030063889999,0.0080657647922634992,0.0080657647922634992
IPCONGD,2013-06-30,0.00029442447703331709,-0.0082863662391900999,-0.0082863662391900999,0.00029442447703330001,0.0081237545236944996,0.0081237545236944996
IPCONGD,2013-07-31,0.00029138487298041582,-0.0084756212309001992,-0.0084756212309001992,0.00029138487298039999,0.0082166651263832994,0.0082166651263832994
IPCONGD,2013-08-31,0.00043846276821568608,-0.0082978848367929008,-0.0082978848367929008,0.0004384628264233,0.0083463918417691994,0.0083463918417691994
IPCONGD,2013-09-30,0.00038425356615334749,-0.0084035089239478007,-0.0084035089239478007,0.0003842535661533,0.0083834538236259998,0.0083834538236259998
IPCONGD,2013-10-31,0.00032796920277178288,-0.0084802629426121,-0.0084802629426121,0.00032796920277169999,0.0083107417449355004,0.0083107417449355004
IPCONGD,2013-11-30,0.00034308788599446416,-0.0085948118939995002,-0.0085948118939995002,0.00034308794420209997,0.0084352353587745996,0.0084352353587745996
IPCONGD,2013-12-31,0.00031942996429279447,-0.0086528556421398995,-0.0086528556421398995,0.00031943002250039998,0.0083870394155383006,0.0083870394155383006
IPCONGD,2014-01-31,0.00032408203696832061,-0.0087124640122056007,-0.0087124640122056007,0.00032408197876060001,0.0083891861140727997,0.0083891861140727997
IPCONGD,2014-02-28,0.00040662259561941028,-0.0086728325113653998,-0.0086728325113653998,0.00040662253741169998,0.0085183111950754998,0.0085183111950754998
IPCONGD,2014-03-31,0.00039987254422158003,-0.0087097035720944006,-0.0087097035720944006,0.00039987254422150001,0.0085095623508094995,0.0085095623508094995
IPCONGD,2014-04-30,0.00043919507879763842,-0.0086537767201661994,-0.0086537767201661994,0.00043919507879759998,0.0085943751037120004,0.0085943751037120004
IPCONGD,2014-05-31,0.00047647044993937016,-0.0087110912427306002,-0.0087110912427306002,0.00047647044993930001,0.0087238010019062995,0.0087238010019062995
IPCONGD,2014-06-30,0.00042494334047660232,-0.0088098123669623999,-0.0088098123669623999,0.00042494328226889999,0.0087013114243745006,0.0087013114243745006
IPCONGD,2014-07-31,0.00032421230571344495,-0.0089229056611657004,-0.0089229056611657004,0.00032421236392110001,0.0086486199870704997,0.0086486199870704997
IPCONGD,2014-08-31,0.00037267361767590046,-0.0090602077543735001,-0.0090602077543735001,0.00037267361767590003,0.0089044421911239,0.0089044421911239
IPCONGD,2014-09-30,0.00029144895961508155,-0.0092137465253471999,-0.0092137465253471999,0.00029144890140739998,0.0088519854471087005,0.0088519854471087005
IPCONGD,2014-10-31,0.00030310318106785417,-0.0092179877683520005,-0.0092179877683520005,0.00030310323927550001,0.0088169723749160003,0.0088169723749160003
IPCONGD,2014-11-30,0.00027500384021550417,-0.0092649068683384999,-0.0092649068683384999,0.0002750038402155,0.0087297931313513998,0.0087297931313513998
IPCONGD,2014-12-31,0.00026342744240537286,-0.0092468671500681998,-0.0092468671500681998,0.000263427500613,0.0087447976693510992,0.0087447976693510992
IPCONGD,2015-01-31,0.00023695174604654312,-0.0094016157090663008,-0.0094016157090663008,0.0002369517460465,0.0087909065186977005,0.0087909065186977005
IPDCONGD,2013-02-28,0.002169277286157012,-0.0175048504024744,-0.0175048504024744,0.0021692774025723,0.021394755691289902,0.021394755691289902
IPDCONGD,2013-03-31,0.0028951391577720642,-0.017626227810978799,-0.017626227810978799,0.0028951392741873002,0.022969473153352699,0.022969473153352699
IPDCONGD,2013-04-30,0.0029834494926035404,-0.017987065017223299,-0.017987065017223299,0.0029834496090187998,0.023393543437123299,0.023393543437123299
IPDCONGD,2013-05-31,0.0030355474445968866,-0.018346853554248799,-0.018346853554248799,0.0030355473281815002,0.0236768871545791,0.0236768871545791
IPDCONGD,2013-06-30,0.0027446933090686798,-0.018663870170712402,-0.018663870170712402,0.0027446931926532999,0.023682391270995098,0.023682391270995098
IPDCONGD,2013-07-31,0.0028203446418046951,-0.018915083259344101,-0.018915083259344101,0.00282034475822,0.023686235770583101,0.023686235770583101
IPDCONGD,2013-08-31,0.0026514213532209396,-0.0191366951912641,-0.0191366951912641,0.0026514212368056,0.023641679435968399,0.023641679435968399
IPDCONGD,2013-09-30,0.0026008815038949251,-0.019270656630396801,-0.019270656630396801,0.0026008813874795998,0.023513568565249401,0.023513568565249401
IPDCONGD,2013-10-31,0.0031057146843522787,-0.0186459571123123,-0.0186459571123123,0.0031057145679369001,0.024074722081422799,0.024074722081422799
IPDCONGD,2013-11-30,0.0031222263351082802,-0.018829509615898101,-0.018829509615898101,0.0031222262186928998,0.0241620279848575,0.0241620279848575
IPDCONGD,2013-12-31,0.0031800065189599991,-0.018695678561925801,-0.018695678561925801,0.0031800066353753001,0.0241781193763017,0.0241781193763017
IPDCONGD,2014-01-31,0.0027957563288509846,-0.019088586792349801,-0.019088586792349801,0.0027957562124355999,0.023600731045007699,0.023600731045007699
IPDCONGD,2014-02-28,0.0025177570059895515,-0.019401362165808601,-0.019401362165808601,0.0025177571224048001,0.0236249975860118,0.0236249975860118
IPDCONGD,2014-03-31,0.0021681920625269413,-0.020026547834277101,-0.020026547834277101,0.0021681921789421998,0.023200815543532299,0.023200815543532299
IPDCONGD,2014-04-30,0.0022538173943758011,-0.019930560141801799,-0.019930560141801799,0.0022538172779603999,0.023410554975271201,0.023410554975271201
IPDCONGD,2014-05-31,0.002852199599146843,-0.019404713064432099,-0.019404713064432099,0.0028521997155621002,0.0241657067090272,0.0241657067090272
IPDCONGD,2014-06-30,0.0027253578882664442,-0.019651051610708199,-0.019651051610708199,0.0027253577718510998,0.023979954421520198,0.023979954421520198
IPDCONGD,2014-07-31,0.0025784838944673538,-0.019705440849065701,-0.019705440849065701,0.0025784837780519999,0.024022147059440599,0.024022147059440599
IPDCONGD,2014-08-31,0.002369340043514967,-0.0204985663294792,-0.0204985663294792,0.0023693401599301999,0.024309474974870598,0.024309474974870598
IPDCONGD,2014-09-30,0.0020374234300106764,-0.021184191107749901,-0.021184191107749901,0.0020374235464259002,0.0241282153874635,0.0241282153874635
IPDCONGD,2014-10-31,0.0014929843600839376,-0.021823493763804401,-0.021823493763804401,0.0014929843600838999,0.023698993027210201,0.023698993027210201
IPDCONGD,2014-11-30,0.0015472420491278172,-0.021699704229831598,-0.021699704229831598,0.0015472420491278,0.023520531132817199,0.023520531132817199
IPDCONGD,2014-12-31,0.0022101113572716713,-0.0208923425525426,-0.0208923425525426,0.0022101114736868999,0.023954501375555898,0.023954501375555898
IPDCONGD,2015-01-31,0.0021613601129502058,-0.021085558459162702,-0.021085558459162702,0.0021613602293654999,0.023770049214363001,0.023770049214363001
IPDMAT,2013-02-28,0.0036119499709457159,-0.0063182138837872999,-0.0063182138837872999,0.0036119499709456999,0.0128208491951227,0.0128208491951227
IPDMAT,2013-03-31,0.0038005749229341745,-0.0068241511471569,-0.0068241511471569,0.0038005749229340999,0.0136597882956266,0.0136597882956266
IPDMAT,2013-04-30,0.0038146208971738815,-0.0074301823042332996,-0.0074301823042332996,0.0038146208971738,0.014162328094244,0.014162328094244
IPDMAT,2013-05-31,0.0037460806779563427,-0.0079427063465117992,-0.0079427063465117992,0.0037460807943715999,0.014465939253568601,0.014465939253568601
IPDMAT,2013-06-30,0.0037989439442753792,-0.0079815778881311,-0.0079815778881311,0.0037989438278600001,0.0148664247244596,0.0148664247244596
IPDMAT,2013-07-31,0.0040637203492224216,-0.0079250447452067999,-0.0079250447452067999,0.0040637203492224,0.0151668041944503,0.0151668041944503
IPDMAT,2013-08-31,0.0043209996074438095,-0.0077561005018651,-0.0077561005018651,0.0043209996074438,0.0156463254243135,0.0156463254243135
IPDMAT,2013-09-30,0.0045311050489544868,-0.0076564676128326997,-0.0076564676128326997,0.0045311050489544001,0.015986651182174599,0.015986651182174599
IPDMAT,2013-10-31,0.0045939856208860874,-0.0075764763168989996,-0.0075764763168989996,0.0045939856208859998,0.0159863028675317,0.0159863028675317
IPDMAT,2013-11-30,0.0045607751235365868,-0.0077717001549898997,-0.0077717001549898997,0.0045607751235365,0.0161442495882511,0.0161442495882511
IPDMAT,2013-12-31,0.0046468675136566162,-0.0078210011124609999,-0.0078210011124609999,0.0046468675136565997,0.016204804182052598,0.016204804182052598
IPDMAT,2014-01-31,0.0045377630740404129,-0.0080852136015891994,-0.0080852136015891994,0.0045377630740403999,0.016140000894665701,0.016140000894665701
IPDMAT,2014-02-28,0.0044333166442811489,-0.0082132648676633002,-0.0082132648676633002,0.0044333166442811003,0.016049023717641799,0.016049023717641799
IPDMAT,2014-03-31,0.0041971970349550247,-0.0084736775606869992,-0.0084736775606869992,0.0041971970349550004,0.015890745446085899,0.015890745446085899
IPDMAT,2014-04-30,0.0041001397185027599,-0.0086377691477536999,-0.0086377691477536999,0.0041001397185027001,0.015807725489139501,0.015807725489139501
IPDMAT,2014-05-31,0.0041151884943246841,-0.0088183879852294002,-0.0088183879852294002,0.0041151884943246,0.015973536297678899,0.015973536297678899
IPDMAT,2014-06-30,0.0040614716708660126,-0.0089887455105781,-0.0089887455105781,0.0040614715544505997,0.016029957681894299,0.016029957681894299
IPDMAT,2014-07-31,0.0040820026770234108,-0.0090308990329503996,-0.0090308990329503996,0.0040820026770234004,0.016116600483655898,0.016116600483655898
IPDMAT,2014-08-31,0.0040576248429715633,-0.0095222853124140999,-0.0095222853124140999,0.0040576249593868002,0.016531607136130302,0.016531607136130302
IPDMAT,2014-09-30,0.0039831912145018578,-0.0098304841667413,-0.0098304841667413,0.0039831912145017996,0.016382962465286199,0.016382962465286199
IPDMAT,2014-10-31,0.0038444013334810734,-0.0098767038434742997,-0.0098767038434742997,0.0038444014498962998,0.0161408279091119,0.0161408279091119
IPDMAT,2014-11-30,0.0037913229316473007,-0.0098557807505130005,-0.0098557807505130005,0.0037913230480626,0.016097474843263598,0.016097474843263598
IPDMAT,2014-12-31,0.0039300527423620224,-0.0096919573843479,-0.0096919573843479,0.0039300527423619998,0.016092460602521799,0.016092460602521799
IPDMAT,2015-01-31,0.0037950561381876469,-0.0099692139774559992,-0.0099692139774559992,0.0037950560217722999,0.016106797382235499,0.016106797382235499
IPFINAL,2013-02-28,0.0010519197676330805,-0.0059912563301622,-0.0059912563301622,0.001051919767633,0.0081556066870688993,0.0081556066870688993
IPFINAL,2013-03-31,0.0011195798870176077,-0.0063191247172652999,-0.0063191247172652999,0.0011195798870176001,0.0085493549704551003,0.0085493549704551003
IPFINAL,2013-04-30,0.0010369031224399805,-0.0066158301196991998,-0.0066158301196991998,0.0010369031224399001,0.0086296349763869996,0.0086296349763869996
IPFINAL,2013-05-31,0.0010955145116895437,-0.0066607217304408004,-0.0066607217304408004,0.0010955145116894999,0.0087223816663025994,0.0087223816663025994
IPFINAL,2013-06-30,0.0012429463677108288,-0.0065647917799650998,-0.0065647917799650998,0.0012429463677107999,0.0090149249881504995,0.0090149249881504995
IPFINAL,2013-07-31,0.0013048325199633837,-0.0066399811767040998,-0.0066399811767040998,0.0013048325199633,0.0090556638315319998,0.0090556638315319998
IPFINAL,2013-08-31,0.001381353591568768,-0.0065104230307042,-0.0065104230307042,0.0013813535915686999,0.0091814622282981005,0.0091814622282981005
IPFINAL,2013-09-30,0.0015201267087832093,-0.0064533189870416997,-0.0064533189870416997,0.0015201267087832,0.0093719884753227008,0.0093719884753227008
IPFINAL,2013-10-31,0.0014853945467621088,-0.0065559097565709998,-0.0065559097565709998,0.0014853945467620999,0.0093010496348141999,0.0093010496348141999
IPFINAL,2013-11-30,0.0015965190250426531,-0.0064954333938658003,-0.0064954333938658003,0.0015965190250426,0.0095107965171337006,0.0095107965171337006
IPFINAL,2013-12-31,0.0016599283553659916,-0.0064563252963125003,-0.0064563252963125003,0.0016599283553659001,0.0096347527578473004,0.0096347527578473004
IPFINAL,2014-01-31,0.0017259257147088647,-0.0064440122805535004,-0.0064440122805535004,0.0017259257147088001,0.0096675641834735003,0.0096675641834735003
IPFINAL,2014-02-28,0.0017584158340469003,-0.0064356331713496997,-0.0064356331713496997,0.0017584158340469001,0.0097432136535643993,0.0097432136535643993
IPFINAL,2014-03-31,0.0017871004529297352,-0.0064105154015123003,-0.0064105154015123003,0.0017871004529297001,0.0097298249602316995,0.0097298249602316995
IPFINAL,2014-04-30,0.0018490280490368605,-0.0063295909203588,-0.0063295909203588,0.0018490280490368,0.0098177511245012006,0.0098177511245012006
IPFINAL,2014-05-31,0.0019172985339537263,-0.0063154841773211002,-0.0063154841773211002,0.0019172985339537001,0.0099253859370945999,0.0099253859370945999
IPFINAL,2014-06-30,0.0018604800570756197,-0.0064195920713245001,-0.0064195920713245001,0.0018604800570756,0.0099266897886990998,0.0099266897886990998
IPFINAL,2014-07-31,0.0017825571121647954,-0.0064262500964104999,-0.0064262500964104999,0.0017825571121647,0.0098263993859291007,0.0098263993859291007
IPFINAL,2014-08-31,0.001829938031733036,-0.0064695305190980001,-0.0064695305190980001,0.001829938031733,0.0101101920008659,0.0101101920008659
IPFINAL,2014-09-30,0.0018145868089050055,-0.0065509215928614001,-0.0065509215928614001,0.001814586808905,0.010081959888338999,0.010081959888338999
IPFINAL,2014-10-31,0.0017309621907770634,-0.0066020502708851996,-0.0066020502708851996,0.0017309621907770001,0.0098765362054109001,0.0098765362054109001
IPFINAL,2014-11-30,0.0018001295393332839,-0.0065149893052874998,-0.0065149893052874998,0.0018001295393332,0.0099142845720052008,0.0099142845720052008
IPFINAL,2014-12-31,0.0018716900376603007,-0.0064021530561148999,-0.0064021530561148999,0.0018716900376603001,0.0100032500922679,0.0100032500922679
IPFINAL,2015-01-31,0.0018087992211803794,-0.0065108849667011998,-0.0065108849667011998,0.0018087992211803,0.0099580604583024007,0.0099580604583024007
IPFPNSS,2013-02-28,0.00094973499653860927,-0.0051474785432219002,-0.0051474785432219002,0.0009497349383309,0.0071133463643490999,0.0071133463643490999
IPFPNSS,2013-03-31,0.0011102419812232256,-0.0053181336261332,-0.0053181336261332,0.0011102419812232,0.0075889783911405996,0.0075889783911405996
IPFPNSS,2013-04-30,0.0010866154916584492,-0.0055320942774414999,-0.0055320942774414999,0.0010866154916584,0.0077138561755417997,0.0077138561755417997
IPFPNSS,2013-05-31,0.0011175719555467367,-0.0055972896516323003,-0.0055972896516323003,0.0011175719555467001,0.0077805500477551998,0.0077805500477551998
IPFPNSS,2013-06-30,0.0012293038889765739,-0.0055438103154301002,-0.0055438103154301002,0.0012293038889765,0.0080413268879055005,0.0080413268879055005
IPFPNSS,2013-07-31,0.0013027640525251627,-0.0056048422120511003,-0.0056048422120511003,0.0013027640525251,0.0080934613943099004,0.0080934613943099004
IPFPNSS,2013-08-31,0.0013712826184928417,-0.0054846885614096997,-0.0054846885614096997,0.0013712826184928001,0.0082542756572364998,0.0082542756572364998
IPFPNSS,2013-09-30,0.0014752125134691596,-0.0054888222366571001,-0.0054888222366571001,0.0014752125134691,0.0084144826978445001,0.0084144826978445001
IPFPNSS,2013-10-31,0.0014149646740406752,-0.0056211189366877001,-0.0056211189366877001,0.0014149646740405999,0.0083131557330489003,0.0083131557330489003
IPFPNSS,2013-11-30,0.0015225764364004135,-0.0055428193882106997,-0.0055428193882106997,0.0015225764364004001,0.0085099432617424999,0.0085099432617424999
IPFPNSS,2013-12-31,0.0015573292039334774,-0.0055270553566515003,-0.0055270553566515003,0.0015573292039334,0.0085942940786480002,0.0085942940786480002
IPFPNSS,2014-01-31,0.0016429148381575942,-0.0055186003446577999,-0.0055186003446577999,0.0016429148381575001,0.0086644794791936007,0.0086644794791936007
IPFPNSS,2014-02-28,0.001674000988714397,-0.0055050654336809999,-0.0055050654336809999,0.0016740009887143,0.0087189851328729993,0.0087189851328729993
IPFPNSS,2014-03-31,0.0017039201920852065,-0.0054661221802233999,-0.0054661221802233999,0.0017039201920852,0.0087176887318490999,0.0087176887318490999
IPFPNSS,2014-04-30,0.0017280603060498834,-0.0054187672212718998,-0.0054187672212718998,0.0017280603060498001,0.0087408861145377003,0.0087408861145377003
IPFPNSS,2014-05-31,0.0017862680833786726,-0.0054237144067882997,-0.0054237144067882997,0.0017862680833786,0.0088156424462794997,0.0088156424462794997
IPFPNSS,2014-06-30,0.0017111788038164377,-0.0055539538152515004,-0.0055539538152515004,0.0017111788038164,0.0088088586926460006,0.0088088586926460006
IPFPNSS,2014-07-31,0.0016521826619282365,-0.0055269049480556999,-0.0055269049480556999,0.0016521826619282001,0.0087063787505030008,0.0087063787505030008
IPFPNSS,2014-08-31,0.0016734203090891242,-0.0056015863083302003,-0.0056015863083302003,0.0016734203090890999,0.0089334473013877001,0.0089334473013877001
IPFPNSS,2014-09-30,0.0017036310164257884,-0.005665345583111,-0.005665345583111,0.0017036310164256999,0.0089315818622708008,0.0089315818622708008
IPFPNSS,2014-10-31,0.0015937782591208816,-0.0057141701690852,-0.0057141701690852,0.0015937782591208,0.0087278299033641,0.0087278299033641
IPFPNSS,2014-11-30,0.001640438218601048,-0.0056834630668162996,-0.0056834630668162996,0.0016404382186010001,0.0087845670059322999,0.0087845670059322999
IPFPNSS,2014-12-31,0.001653170445933938,-0.0056692212820052997,-0.0056692212820052997,0.0016531704459339001,0.0088277757167816006,0.0088277757167816006
IPFPNSS,2015-01-31,0.0015787096926942468,-0.0057734320871531001,-0.0057734320871531001,0.0015787096926941999,0.0087897526100276999,0.0087897526100276999
IPFUELS,2013-02-28,0.0018221903592348099,-0.018629740923643098,-0.018629740923643098,0.0018221903592347999,0.020768027752637801,0.020768027752637801
IPFUELS,2013-03-31,0.0018378458917140961,-0.019638232886791201,-0.019638232886791201,0.001837845891714,0.021530218422412799,0.021530218422412799
IPFUELS,2013-04-30,0.0023765405640006065,-0.019512988626956902,-0.019512988626956902,0.0023765405640006,0.0220587961375713,0.0220587961375713
IPFUELS,2013-05-31,0.0019504897063598037,-0.020238712430000302,-0.020238712430000302,0.0019504895899444001,0.021646060049533799,0.021646060049533799
IPFUELS,2013-06-30,0.0020318564493209124,-0.0201516561210155,-0.0201516561210155,0.0020318564493208998,0.021664861589670101,0.021664861589670101
IPFUELS,2013-07-31,0.0025895514991134405,-0.019881498068571,-0.019881498068571,0.0025895514991134002,0.0222557410597801,0.0222557410597801
IPFUELS,2013-08-31,0.0026256656274199486,-0.0197706297039985,-0.0197706297039985,0.0026256656274199,0.022131502628326399,0.022131502628326399
IPFUELS,2013-09-30,0.001902805408462882,-0.020524755120277401,-0.020524755120277401,0.0019028054084628001,0.021499451249837799,0.021499451249837799
IPFUELS,2013-10-31,0.0017969978507608175,-0.0209501832723617,-0.0209501832723617,0.0017969978507608,0.021609924733638701,0.021609924733638701
IPFUELS,2013-11-30,0.0017322393832728267,-0.021268859505653302,-0.021268859505653302,0.0017322394996880999,0.021763782948255501,0.021763782948255501
IPFUELS,2013-12-31,0.0016082957154139876,-0.0215990357100963,-0.0215990357100963,0.0016082958318292999,0.021711640059947902,0.021711640059947902
IPFUELS,2014-01-31,0.0018093822291120887,-0.021368730813264802,-0.021368730813264802,0.0018093821126967001,0.021840173751115799,0.021840173751115799
IPFUELS,2014-02-28,0.0017298927996307611,-0.021581925451755499,-0.021581925451755499,0.0017298927996307,0.021858632564544601,0.021858632564544601
IPFUELS,2014-03-31,0.0019372134702280164,-0.0214808247983455,-0.0214808247983455,0.0019372133538126,0.022105731070041601,0.022105731070041601
IPFUELS,2014-04-30,0.0021697510965168476,-0.0212470479309558,-0.0212470479309558,0.0021697510965167999,0.022414639592170701,0.022414639592170701
IPFUELS,2014-05-31,0.0024436051025986671,-0.021027583628892899,-0.021027583628892899,0.0024436053354293,0.022795412689447399,0.022795412689447399
IPFUELS,2014-06-30,0.0022409798111766577,-0.021118458360433499,-0.021118458360433499,0.0022409798111766,0.0224904790520668,0.0224904790520668
IPFUELS,2014-07-31,0.0019947048276662827,-0.021304063498973801,-0.021304063498973801,0.0019947048276661998,0.022175725549459398,0.022175725549459398
IPFUELS,2014-08-31,0.0022253068163990974,-0.021276544779539101,-0.021276544779539101,0.0022253068163989999,0.022616066038608499,0.022616066038608499
IPFUELS,2014-09-30,0.0021243328228592873,-0.021466102451085999,-0.021466102451085999,0.0021243328228592001,0.0224513746798038,0.0224513746798038
IPFUELS,2014-10-31,0.0023418688215315342,-0.021068241447210301,-0.021068241447210301,0.0023418688215314999,0.0223690681159496,0.0223690681159496
IPFUELS,2014-11-30,0.0023670089431107044,-0.020889550447463899,-0.020889550447463899,0.0023670089431107001,0.0221359580755233,0.0221359580755233
IPFUELS,2014-12-31,0.0024002171121537685,-0.020582877099514001,-0.020582877099514001,0.0024002171121537,0.021979063749313299,0.021979063749313299
IPFUELS,2015-01-31,0.002616602461785078,-0.020569652318954398,-0.020569652318954398,0.0026166023453696998,0.022413421422243101,0.022413421422243101
IPMANSICS,2013-02-28,0.0016357189742848277,-0.0052203889936207996,-0.0052203889936207996,0.0016357189742848,0.0082898298278449994,0.0082898298278449994
IPMANSICS,2013-03-31,0.0018001111457124352,-0.0054141096770762998,-0.0054141096770762998,0.0018001111457123999,0.0088235894218087006,0.0088235894218087006
IPMANSICS,2013-04-30,0.0018115724669769406,-0.0056521771475672002,-0.0056521771475672002,0.0018115724669769001,0.0090590286999940005,0.0090590286999940005
IPMANSICS,2013-05-31,0.0018391476478427649,-0.0057742381468415,-0.0057742381468415,0.0018391476478427,0.0091972239315508998,0.0091972239315508998
IPMANSICS,2013-06-30,0.0018648393452167511,-0.0058568390086293004,-0.0058568390086293004,0.0018648393452166999,0.0093789426609873008,0.0093789426609873008
IPMANSICS,2013-07-31,0.0019329193746671081,-0.0059360032901167002,-0.0059360032901167002,0.0019329193746671,0.0094517404213546995,0.0094517404213546995
IPMANSICS,2013-08-31,0.0020548293832689524,-0.0058057829737663,-0.0058057829737663,0.0020548293832688999,0.0097286570817231993,0.0097286570817231993
IPMANSICS,2013-09-30,0.0021798121742904186,-0.0057720663025975002,-0.0057720663025975002,0.0021798121742904,0.0099110230803489009,0.0099110230803489009
IPMANSICS,2013-10-31,0.0022512790746986866,-0.0057375803589820003,-0.0057375803589820003,0.0022512790746985999,0.0099444631487130997,0.0099444631487130997
IPMANSICS,2013-11-30,0.0022895694710314274,-0.0057212449610233003,-0.0057212449610233003,0.0022895694710314001,0.010103802196681499,0.010103802196681499
IPMANSICS,2013-12-31,0.0023359446786344051,-0.0057062357664107999,-0.0057062357664107999,0.0023359446786343999,0.0101826386526227,0.0101826386526227
IPMANSICS,2014-01-31,0.0023181193973869085,-0.0058392798528075001,-0.0058392798528075001,0.0023181193973868999,0.010154766961932101,0.010154766961932101
IPMANSICS,2014-02-28,0.0023014044854789972,-0.0058863628655672004,-0.0058863628655672004,0.0023014044854789001,0.0101787094026803,0.0101787094026803
IPMANSICS,2014-03-31,0.0022523622028529644,-0.0059050973504781003,-0.0059050973504781003,0.0022523622028529002,0.010117376223206499,0.010117376223206499
IPMANSICS,2014-04-30,0.0022110447753220797,-0.0059380633756518,-0.0059380633756518,0.0022110447753219999,0.010066515766084101,0.010066515766084101
IPMANSICS,2014-05-31,0.0023072808980941772,-0.0059202136471866998,-0.0059202136471866998,0.0023072808980941001,0.0102101983502507,0.0102101983502507
IPMANSICS,2014-06-30,0.0021767592988908291,-0.0060733631253241998,-0.0060733631253241998,0.0021767592988908,0.010140506550669601,0.010140506550669601
IPMANSICS,2014-07-31,0.0022183847613632679,-0.0059948125854133996,-0.0059948125854133996,0.0022183847613631998,0.010139675810933099,0.010139675810933099
IPMANSICS,2014-08-31,0.002270908560603857,-0.0061344392597675003,-0.0061344392597675003,0.0022709085606037998,0.0104805259034037,0.0104805259034037
IPMANSICS,2014-09-30,0.0022758832201361656,-0.0062543116509913999,-0.0062543116509913999,0.0022758832201361001,0.0104536097496747,0.0104536097496747
IPMANSICS,2014-10-31,0.0021302602253854275,-0.0063301548361777999,-0.0063301548361777999,0.0021302602253854002,0.0102514121681451,0.0102514121681451
IPMANSICS,2014-11-30,0.0021448300685733557,-0.0063148187473415999,-0.0063148187473415999,0.0021448300685733002,0.010231191292405101,0.010231191292405101
IPMANSICS,2014-12-31,0.0022048475220799446,-0.0063040861859916999,-0.0063040861859916999,0.0022048475220798999,0.010240677744150099,0.010240677744150099
IPMANSICS,2015-01-31,0.0020931330509483814,-0.0064577739685772999,-0.0064577739685772999,0.0020931330509482999,0.0102075887843966,0.0102075887843966
IPMAT,2013-02-28,0.0031776581890881062,-0.0044170701876281998,-0.0044170701876281998,0.0031776581890881001,0.010314859449863399,0.010314859449863399
IPMAT,2013-03-31,0.0027256906032562256,-0.0054639824666082,-0.0054639824666082,0.0027256906032562,0.0103811081498861,0.0103811081498861
IPMAT,2013-04-30,0.0027955202385783195,-0.0057896417565642998,-0.0057896417565642998,0.0027955202385783,0.0107446126639842,0.0107446126639842
IPMAT,2013-05-31,0.00273675168864429,-0.0061133694835007,-0.0061133694835007,0.0027367516886442002,0.0108277555555105,0.0108277555555105
IPMAT,2013-06-30,0.002920729573816061,-0.0060044503770768001,-0.0060044503770768001,0.0029207295738159999,0.011105434969067501,0.011105434969067501
IPMAT,2013-07-31,0.0029564392752945423,-0.0061469194479286003,-0.0061469194479286003,0.0029564392752944998,0.011215770617127399,0.011215770617127399
IPMAT,2013-08-31,0.0031364557798951864,-0.0060637309215962002,-0.0060637309215962002,0.0031364557798951001,0.011437715962529099,0.011437715962529099
IPMAT,2013-09-30,0.0030616815201938152,-0.0063522155396639997,-0.0063522155396639997,0.0030616815201938001,0.0113854110240936,0.0113854110240936
IPMAT,2013-10-31,0.0032315440475940704,-0.0061202156357467001,-0.0061202156357467001,0.0032315440475940002,0.011608248576521801,0.011608248576521801
IPMAT,2013-11-30,0.0032175956293940544,-0.0062407557852565999,-0.0062407557852565999,0.0032175956293940002,0.0117563530802726,0.0117563530802726
IPMAT,2013-12-31,0.0034034713171422482,-0.0061797616071999004,-0.0061797616071999004,0.0034034713171422,0.011944033205509101,0.011944033205509101
IPMAT,2014-01-31,0.0031553786247968674,-0.0065398993901907999,-0.0065398993901907999,0.0031553786247968002,0.011649081483483301,0.011649081483483301
IPMAT,2014-02-28,0.0033433684147894382,-0.0063543408177793,-0.0063543408177793,0.0033433684147894001,0.011916097253561001,0.011916097253561001
IPMAT,2014-03-31,0.0030621327459812164,-0.0068142176605760999,-0.0068142176605760999,0.0030621327459812,0.0116486381739377,0.0116486381739377
IPMAT,2014-04-30,0.0030221478082239628,-0.0069112819619475997,-0.0069112819619475997,0.0030221478082238999,0.011623123660683601,0.011623123660683601
IPMAT,2014-05-31,0.0027944312896579504,-0.0072606396861373997,-0.0072606396861373997,0.0027944312896579001,0.011449661105871201,0.011449661105871201
IPMAT,2014-06-30,0.002947517903521657,-0.0070881308056413997,-0.0070881308056413997,0.0029475179035216002,0.011586207896470999,0.011586207896470999
IPMAT,2014-07-31,0.0028186487033963203,-0.0072449236176907999,-0.0072449236176907999,0.0028186487033963,0.011420736089348699,0.011420736089348699
IPMAT,2014-08-31,0.0029245731420814991,-0.0073324101977050001,-0.0073324101977050001,0.0029245731420813998,0.011710695922374699,0.011710695922374699
IPMAT,2014-09-30,0.0027684641536325216,-0.0075431712903081998,-0.0075431712903081998,0.0027684641536324999,0.0115902405232191,0.0115902405232191
IPMAT,2014-10-31,0.0028355438262224197,-0.0074488776735961004,-0.0074488776735961004,0.0028355438262223998,0.011527556926011999,0.011527556926011999
IPMAT,2014-11-30,0.0026708589866757393,-0.0076000685803591997,-0.0076000685803591997,0.0026708589866756998,0.011326489970088,0.011326489970088
IPMAT,2014-12-31,0.0027354140765964985,-0.0075296764262019998,-0.0075296764262019998,0.0027354140765964,0.0113021899014711,0.0113021899014711
IPMAT,2015-01-31,0.0024784067645668983,-0.0079278275370597007,-0.0079278275370597007,0.0024784067645667999,0.0111173838376998,0.0111173838376998
IPNCONGD,2013-02-28,0.00090608902974054217,-0.0078891534358262998,-0.0078891534358262998,0.00090608897153280005,0.0096192890778183,0.0096192890778183
IPNCONGD,2013-03-31,-0.00019380613230168819,-0.0091879656538366994,-0.0091879656538366994,-0.00019380613230159999,0.0087262187153099996,0.0087262187153099996
IPNCONGD,2013-04-30,-0.0008078855462372303,-0.0099128233268857002,-0.0099128233268857002,-0.00080788554623720005,0.0082057220861314999,0.0082057220861314999
IPNCONGD,2013-05-31,0.0001701767323538661,-0.0089586386457085002,-0.0089586386457085002,0.00017017673235379999,0.0092042265459894995,0.0092042265459894995
IPNCONGD,2013-06-30,0.00037908105878159404,-0.0087483329698442996,-0.0087483329698442996,0.0003790810005739,0.0094645926728844001,0.0094645926728844001
IPNCONGD,2013-07-31,-0.00085543491877615452,-0.0100169414654374,-0.0100169414654374,-0.00085543491877609998,0.0082167275249958004,0.0082167275249958004
IPNCONGD,2013-08-31,-0.00016336946282535791,-0.0093647716566920003,-0.0093647716566920003,-0.00016336946282529999,0.0089272353798150999,0.0089272353798150999
IPNCONGD,2013-09-30,-0.0002535736421123147,-0.0094061670824885004,-0.0094061670824885004,-0.00025357364211230001,0.0088083297014235999,0.0088083297014235999
IPNCONGD,2013-10-31,-0.0003088128287345171,-0.0094813611358404003,-0.0094813611358404003,-0.00030881282873450002,0.0088311815634369,0.0088311815634369
IPNCONGD,2013-11-30,-0.00017542578279972076,-0.0093837492167949,-0.0093837492167949,-0.0001754257827997,0.0090059591457247005,0.0090059591457247005
IPNCONGD,2013-12-31,-0.00043523556087166071,-0.0096925077959894995,-0.0096925077959894995,-0.00043523556087159999,0.0087414402514696,0.0087414402514696
IPNCONGD,2014-01-31,-0.00033032603096216917,-0.0095310444012284001,-0.0095310444012284001,-0.0003303260309621,0.0087294466793537001,0.0087294466793537001
IPNCONGD,2014-02-28,-0.00032531714532524347,-0.0095321601256727999,-0.0095321601256727999,-0.0003253171453252,0.0087663410231470992,0.0087663410231470992
IPNCONGD,2014-03-31,-0.00018665136303752661,-0.0095239588990806995,-0.0095239588990806995,-0.00018665136303749999,0.0090537797659635006,0.0090537797659635006
IPNCONGD,2014-04-30,-0.00026896072085946798,-0.0096166627481579,-0.0096166627481579,-0.0002689607208594,0.0088811162859200998,0.0088811162859200998
IPNCONGD,2014-05-31,-0.00022557459305971861,-0.0095679992809891007,-0.0095679992809891007,-0.00022557459305969999,0.0089752068743108992,0.0089752068743108992
IPNCONGD,2014-06-30,-0.00027424097061157227,-0.0095964521169662007,-0.0095964521169662007,-0.0002742409706115,0.0088758813217282,0.0088758813217282
IPNCONGD,2014-07-31,-0.00028397294227033854,-0.0095927054062485001,-0.0095927054062485001,-0.00028397294227029999,0.0088700838387011996,0.0088700838387011996
IPNCONGD,2014-08-31,-0.00015107286162674427,-0.0095399590209126004,-0.0095399590209126004,-0.00015107286162670001,0.0091134216636419001,0.0091134216636419001
IPNCONGD,2014-09-30,-0.0002924454165622592,-0.0096944654360412996,-0.0096944654360412996,-0.0002924454165622,0.0089778639376162997,0.0089778639376162997
IPNCONGD,2014-10-31,-0.0003005951875820756,-0.0097149964421986996,-0.0097149964421986996,-0.00030059518758200003,0.0089581087231635995,0.0089581087231635995
IPNCONGD,2014-11-30,-0.00031071447301656008,-0.0096255764365196003,-0.0096255764365196003,-0.00031071447301650001,0.0088390223681925999,0.0088390223681925999
IPNCONGD,2014-12-31,-0.00028987263794988394,-0.0096059916540979992,-0.0096059916540979992,-0.00028987263794980002,0.0088464915752410004,0.0088464915752410004
IPNCONGD,2015-01-31,-0.00030171917751431465,-0.0096922824159263992,-0.0096922824159263992,-0.00030171917751430001,0.0088264802470803001,0.0088264802470803001
IPNMAT,2013-02-28,0.0019481901545077562,-0.0068791005760431003,-0.0068791005760431003,0.0019481902127154,0.0105648031458258,0.0105648031458258
IPNMAT,2013-03-31,0.0017365938983857632,-0.0078766392543910997,-0.0078766392543910997,0.0017365938983857001,0.011161612346768299,0.011161612346768299
IPNMAT,2013-04-30,0.0015484215691685677,-0.0085885562002657994,-0.0085885562002657994,0.0015484215691685,0.011403160169720599,0.011403160169720599
IPNMAT,2013-05-31,0.001196781755425036,-0.0094434069469570992,-0.0094434069469570992,0.001196781755425,0.011396757327020101,0.011396757327020101
IPNMAT,2013-06-30,0.0011540546547621489,-0.0095662958920000995,-0.0095662958920000995,0.0011540546547621001,0.011551668867468799,0.011551668867468799
IPNMAT,2013-07-31,0.00086423038737848401,-0.0099891331046818993,-0.0099891331046818993,0.0008642303291708,0.011394677683711,0.011394677683711
IPNMAT,2013-08-31,0.00059787044301629066,-0.010366654954850601,-0.010366654954850601,0.00059787044301620003,0.011108353734016399,0.011108353734016399
IPNMAT,2013-09-30,0.0004505146062001586,-0.010623291134834199,-0.010623291134834199,0.00045051460620009999,0.01093406137079,0.01093406137079
IPNMAT,2013-10-31,0.00039891881169751287,-0.0105070238932967,-0.0105070238932967,0.00039891875348980002,0.010903226211667,0.010903226211667
IPNMAT,2013-11-30,0.00042142701568081975,-0.010512981563806501,-0.010512981563806501,0.00042142695747310002,0.011008970439433999,0.011008970439433999
IPNMAT,2013-12-31,0.00040122971404343843,-0.0104358633980154,-0.0104358633980154,0.0004012297140434,0.0109632173553109,0.0109632173553109
IPNMAT,2014-01-31,0.00048794248141348362,-0.0103885699063539,-0.0103885699063539,0.00048794248141339997,0.010876041837036599,0.010876041837036599
IPNMAT,2014-02-28,0.00067083333851769567,-0.0099933445453643001,-0.0099933445453643001,0.00067083328030999995,0.010940114967525,0.010940114967525
IPNMAT,2014-03-31,0.00064663263037800789,-0.010127749294042501,-0.010127749294042501,0.00064663263037799997,0.0108744977042078,0.0108744977042078
IPNMAT,2014-04-30,0.00048971752403303981,-0.0102986013516783,-0.0102986013516783,0.00048971758224069996,0.010747800581157201,0.010747800581157201
IPNMAT,2014-05-31,0.00055302295368164778,-0.0104289855808019,-0.0104289855808019,0.0005530230700969,0.010858816094696499,0.010858816094696499
IPNMAT,2014-06-30,0.00083122606156393886,-0.0100343329831957,-0.0100343329831957,0.00083122611977150002,0.011221756227314399,0.011221756227314399
IPNMAT,2014-07-31,0.00098052062094211578,-0.0099275363609193992,-0.0099275363609193992,0.00098052062094209995,0.0112709598615765,0.0112709598615765
IPNMAT,2014-08-31,0.0012929241638630629,-0.0097279828041790996,-0.0097279828041790996,0.001292924163863,0.011857056058943201,0.011857056058943201
IPNMAT,2014-09-30,0.0014289451064541936,-0.0097713703289627994,-0.0097713703289627994,0.0014289451064540999,0.011948894709348601,0.011948894709348601
IPNMAT,2014-10-31,0.0014371388824656606,-0.0097123775631188999,-0.0097123775631188999,0.0014371388824656001,0.0119158802554011,0.0119158802554011
IPNMAT,2014-11-30,0.0014487088192254305,-0.0098040979355572995,-0.0098040979355572995,0.0014487088192253999,0.0118887517601251,0.0118887517601251
IPNMAT,2014-12-31,0.0014266469515860081,-0.0098832203075288998,-0.0098832203075288998,0.001426646951586,0.0117925079539418,0.0117925079539418
IPNMAT,2015-01-31,0.0014161344151943922,-0.0099349897354841007,-0.0099349897354841007,0.0014161344151943,0.0120074739679694,0.0120074739679694
ISRATIOx,2013-02-28,-0.00037755261291749775,-0.0181696210056543,-0.0181696210056543,-0.00037755258381360002,0.016587065532803501,0.016587065532803501
ISRATIOx,2013-03-31,-0.00028345905593596399,-0.0188595801591873,-0.0188595801591873,-0.00028345896862439998,0.017579946666955899,0.017579946666955899
ISRATIOx,2013-04-30,-0.00056527130072936416,-0.019357278943061801,-0.019357278943061801,-0.00056527135893700003,0.017431940883398001,0.017431940883398001
ISRATIOx,2013-05-31,-0.00075932202162221074,-0.019488377496600099,-0.019488377496600099,-0.00075932196341449995,0.017369454726576802,0.017369454726576802
ISRATIOx,2013-06-30,-0.00082703761290758848,-0.019243698567151999,-0.019243698567151999,-0.00082703772932290001,0.017142781987786199,0.017142781987786199
ISRATIOx,2013-07-31,-0.0012200088240206242,-0.019528603181242901,-0.019528603181242901,-0.0012200088240206001,0.0166508089751005,0.0166508089751005
ISRATIOx,2013-08-31,-0.0018905894830822945,-0.019951831549406,-0.019951831549406,-0.0018905894830821999,0.015700079500675201,0.015700079500675201
ISRATIOx,2013-09-30,-0.0014807675033807755,-0.019270302727818399,-0.019270302727818399,-0.0014807675033807,0.015888476744294101,0.015888476744294101
ISRATIOx,2013-10-31,-0.00074722827412188053,-0.018355889245867701,-0.018355889245867701,-0.00074722827412179998,0.016636870801448801,0.016636870801448801
ISRATIOx,2013-11-30,-0.00086515827570110559,-0.018333127722144099,-0.018333127722144099,-0.00086515839211639999,0.016390534117817799,0.016390534117817799
ISRATIOx,2013-12-31,-0.00062480702763423324,-0.0177776794880628,-0.0177776794880628,-0.00062480708584180004,0.016521884128451299,0.016521884128451299
ISRATIOx,2014-01-31,6.2186678405851126e-05,-0.016894470900297099,-0.016894470900297099,6.2186736613512039e-05,0.0170031264424324,0.0170031264424324
ISRATIOx,2014-02-28,0.00011365563841536641,-0.0168343931436538,-0.0168343931436538,0.0001136555802077,0.017013518139719901,0.017013518139719901
ISRATIOx,2014-03-31,0.00032234034733846784,-0.0165810715407133,-0.0165810715407133,0.00032234028913079998,0.0171626135706901,0.0171626135706901
ISRATIOx,2014-04-30,0.00071684451540932059,-0.016315340995788501,-0.016315340995788501,0.00071684457361689997,0.017566075548529601,0.017566075548529601
ISRATIOx,2014-05-31,0.00093120866222307086,-0.016314098611473999,-0.016314098611473999,0.00093120872043070001,0.017983248457312501,0.017983248457312501
ISRATIOx,2014-06-30,0.0012844996526837349,-0.016195025295019101,-0.016195025295019101,0.0012844996526837,0.0184753891080617,0.0184753891080617
ISRATIOx,2014-07-31,0.0016379631124436855,-0.015961011871695501,-0.015961011871695501,0.001637963228859,0.018978986889123899,0.018978986889123899
ISRATIOx,2014-08-31,0.0013489595148712397,-0.016921536996960598,-0.016921536996960598,0.0013489595148712,0.019313694909214901,0.019313694909214901
ISRATIOx,2014-09-30,0.00088638177840039134,-0.017629224807023999,-0.017629224807023999,0.000886381836608,0.019113868474960299,0.019113868474960299
ISRATIOx,2014-10-31,0.00093858985928818583,-0.017693206667899999,-0.017693206667899999,0.00093858991749580002,0.019485119730234101,0.019485119730234101
ISRATIOx,2014-11-30,0.00023422547383233905,-0.0184379238635301,-0.0184379238635301,0.0002342255320399,0.018835771828889802,0.018835771828889802
ISRATIOx,2014-12-31,-0.00015496398555114865,-0.019124086946249001,-0.019124086946249001,-0.0001549639273434,0.018653048202395401,0.018653048202395401
ISRATIOx,2015-01-31,-0.00032179759000428021,-0.019603706896305001,-0.019603706896305001,-0.00032179756090039999,0.018810411915183001,0.018810411915183001
M1SL,2013-02-28,5.1651470130309463e-05,-0.0079567627981305001,-0.0079567627981305001,5.1651499234139919e-05,0.0080546336248517002,0.0080546336248517002
M1SL,2013-03-31,6.0467700677691028e-05,-0.0085410475730895996,-0.0085410475730895996,6.046774797141552e-05,0.0086066145449876005,0.0086066145449876005
M1SL,2013-04-30,-0.00030125299235805869,-0.0092402230948208999,-0.0092402230948208999,-0.00030125305056569998,0.0085826702415943007,0.0085826702415943007
M1SL,2013-05-31,-0.00020111825142521411,-0.0093151824548840002,-0.0093151824548840002,-0.0002011182950809,0.0088639110326765996,0.0088639110326765996
M1SL,2013-06-30,4.3296600779285654e-05,-0.0092551549896596995,-0.0092551549896596995,4.3296604417264462e-05,0.0093259923160076003,0.0093259923160076003
M1SL,2013-07-31,-0.00014588673366233706,-0.0094529604539274996,-0.0094529604539274996,-0.00014588679186989999,0.0093347476795314997,0.0093347476795314997
M1SL,2013-08-31,-0.00030068462365306914,-0.0098366811871528001,-0.0098366811871528001,-0.00030068459454919998,0.0093591762706637001,0.0093591762706637001
M1SL,2013-09-30,-0.00023875563056208193,-0.0097985314205288002,-0.0097985314205288002,-0.0002387556014582,0.0094521390274166991,0.0094521390274166991
M1SL,2013-10-31,-0.00017074940842576325,-0.0097526637837290001,-0.0097526637837290001,-0.0001707493793219,0.0096729099750518001,0.0096729099750518001
M1SL,2013-11-30,-0.00014341679343488067,-0.0096330167725681998,-0.0096330167725681998,-0.0001434168079867,0.0096450252458453005,0.0096450252458453005
M1SL,2013-12-31,-0.00022434779384639114,-0.0096962172538041999,-0.0096962172538041999,-0.0002243478083983,0.0095829050987958006,0.0095829050987958006
M1SL,2014-01-31,-0.00047845664084888995,-0.0098901744931936004,-0.0098901744931936004,-0.00047845661174500002,0.0091948276385664003,0.0091948276385664003
M1SL,2014-02-28,-0.00028901619953103364,-0.0096014067530632002,-0.0096014067530632002,-0.00028901617042719998,0.0094394637271760992,0.0094394637271760992
M1SL,2014-03-31,-0.00012469217472244054,-0.0093996888026594994,-0.0093996888026594994,-0.0001246922183781,0.0095181576907634007,0.0095181576907634007
M1SL,2014-04-30,-0.00033188809175044298,-0.0096740042790769993,-0.0096740042790769993,-0.00033188809175039999,0.0093918833881616003,0.0093918833881616003
M1SL,2014-05-31,-0.00042203604243695736,-0.0095493281260131992,-0.0095493281260131992,-0.00042203604243690001,0.0091526051983237006,0.0091526051983237006
M1SL,2014-06-30,-0.00028607388958334923,-0.0094137284904718,-0.0094137284904718,-0.00028607388958330001,0.0092792855575680004,0.0092792855575680004
M1SL,2014-07-31,-0.00010364008630858734,-0.0091949012130498001,-0.0091949012130498001,-0.0001036401372402,0.0093693006783722999,0.0093693006783722999
M1SL,2014-08-31,-0.00016303145093843341,-0.0094251455739140007,-0.0094251455739140007,-0.000163031509146,0.0094942823052405999,0.0094942823052405999
M1SL,2014-09-30,-0.00022710811754222959,-0.0094376076012848992,-0.0094376076012848992,-0.00022710813209409999,0.0094210589304566002,0.0094210589304566002
M1SL,2014-10-31,-0.00022331236687023193,-0.0094723114743827993,-0.0094723114743827993,-0.00022331241052590001,0.0094790998846291993,0.0094790998846291993
M1SL,2014-11-30,-0.00031730937189422548,-0.0092069348320363998,-0.0092069348320363998,-0.00031730940099799999,0.0091685587540267996,0.0091685587540267996
M1SL,2014-12-31,-0.00034403399331495166,-0.0092190578579902007,-0.0092190578579902007,-0.00034403405152259999,0.0092081371694802995,0.0092081371694802995
M1SL,2015-01-31,-0.00034280211548320949,-0.0092945965006946997,-0.0092945965006946997,-0.00034280214458699999,0.0092086987569927996,0.0092086987569927996
M2REAL,2013-02-28,0.0014263107441365719,-0.0028939894400537001,-0.0028939894400537001,0.0014263107441364999,0.0066708452068269001,0.0066708452068269001
M2REAL,2013-03-31,0.001936756307259202,-0.0028871065005660001,-0.0028871065005660001,0.0019367563072592001,0.0079300124198198006,0.0079300124198198006
M2REAL,2013-04-30,0.0025651340838521719,-0.0025301566347479001,-0.0025301566347479001,0.0025651340838520999,0.0090216677635908005,0.0090216677635908005
M2REAL,2013-05-31,0.002857632702216506,-0.0023679239675401999,-0.0023679239675401999,0.0028576327022164999,0.0096036996692419,0.0096036996692419
M2REAL,2013-06-30,0.0028854717966169119,-0.0025091576389968001,-0.0025091576389968001,0.0028854717966169002,0.0097560305148362992,0.0097560305148362992
M2REAL,2013-07-31,0.0028158628847450018,-0.0026506227441131999,-0.0026506227441131999,0.0028158628847450001,0.0098219811916351006,0.0098219811916351006
M2REAL,2013-08-31,0.0028219842351973057,-0.0026646056212484,-0.0026646056212484,0.0028219842351973,0.0099812401458621008,0.0099812401458621008
M2REAL,2013-09-30,0.0027743240352720022,-0.0027296720072626998,-0.0027296720072626998,0.0027743240352720001,0.0099593307822942005,0.0099593307822942005
M2REAL,2013-10-31,0.0027381626423448324,-0.0027547548525035,-0.0027547548525035,0.0027381626423447999,0.0099181253463028994,0.0099181253463028994
M2REAL,2013-11-30,0.0028176079504191875,-0.0026806378737092001,-0.0026806378737092001,0.0028176079504190999,0.0100381048396229,0.0100381048396229
M2REAL,2013-12-31,0.0029120594263076782,-0.0026031131856143002,-0.0026031131856143002,0.0029120594263076002,0.0101426197215914,0.0101426197215914
M2REAL,2014-01-31,0.0028694185893982649,-0.0026047253049909999,-0.0026047253049909999,0.0028694185893981998,0.0101458886638283,0.0101458886638283
M2REAL,2014-02-28,0.0028841937892138958,-0.0025121183134615001,-0.0025121183134615001,0.0028841937892138,0.0101964827626943,0.0101964827626943
M2REAL,2014-03-31,0.0029007894918322563,-0.0025242231786250999,-0.0025242231786250999,0.0029007894918321999,0.0101509150117635,0.0101509150117635
M2REAL,2014-04-30,0.0028916022274643183,-0.0024961978197097002,-0.0024961978197097002,0.0028916022274643001,0.0101321581751108,0.0101321581751108
M2REAL,2014-05-31,0.0028548561967909336,-0.0024797613732515998,-0.0024797613732515998,0.0028548561967909002,0.010037219151854499,0.010037219151854499
M2REAL,2014-06-30,0.0028104896191507578,-0.0025349338538944001,-0.0025349338538944001,0.0028104896191507001,0.0099810808897017999,0.0099810808897017999
M2REAL,2014-07-31,0.0028543854132294655,-0.0024272166192531,-0.0024272166192531,0.0028543854132294,0.0099860327318309992,0.0099860327318309992
M2REAL,2014-08-31,0.002907109446823597,-0.0025124861858785001,-0.0025124861858785001,0.0029071094468234998,0.0100333876907825,0.0100333876907825
M2REAL,2014-09-30,0.0028936518356204033,-0.0023949635215103002,-0.0023949635215103002,0.0028936518356203998,0.010075600817799501,0.010075600817799501
M2REAL,2014-10-31,0.0027598845772445202,-0.0025519435293972002,-0.0025519435293972002,0.0027598845772444998,0.0098714623600244002,0.0098714623600244002
M2REAL,2014-11-30,0.0027663595974445343,-0.0024716630578040999,-0.0024716630578040999,0.0027663595974445,0.0098632425069808006,0.0098632425069808006
M2REAL,2014-12-31,0.0027172514237463474,-0.0024973507970571002,-0.0024973507970571002,0.0027172514237463002,0.0097699593752621997,0.0097699593752621997
M2REAL,2015-01-31,0.0027135517448186874,-0.0025334120728075001,-0.0025334120728075001,0.0027135517448185998,0.0096806157380341998,0.0096806157380341998
M2SL,2013-02-28,0.00088584533659741282,-0.0027864791918544999,-0.0027864791918544999,0.00088584533659740003,0.0043510883115231002,0.0043510883115231002
M2SL,2013-03-31,0.0008412289316765964,-0.0029322707559912998,-0.0029322707559912998,0.00084122893167650002,0.0044142133556305998,0.0044142133556305998
M2SL,2013-04-30,-6.3693150877952576e-05,-0.0038557939697057,-0.0038557939697057,-6.3693150877952576e-05,0.0034882482141255998,0.0034882482141255998
M2SL,2013-05-31,0.00065135996555909514,-0.0031143059022724,-0.0031143059022724,0.00065135994736920002,0.0042199776507913997,0.0042199776507913997
M2SL,2013-06-30,0.00055073329713195562,-0.0032033286988734999,-0.0032033286988734999,0.00055073326802810001,0.0041314829140901002,0.0041314829140901002
M2SL,2013-07-31,-0.00022179825464263558,-0.0039948858320713,-0.0039948858320713,-0.00022179825464259999,0.0033962654415518002,0.0033962654415518002
M2SL,2013-08-31,0.00011279917089268565,-0.0036775697953998999,-0.0036775697953998999,0.0001127991708926,0.0037920642644166001,0.0037920642644166001
M2SL,2013-09-30,5.9786601923406124e-05,-0.0037473526317625999,-0.0037473526317625999,5.9786601923406131e-05,0.0037292584311217,0.0037292584311217
M2SL,2013-10-31,-0.00015857329708524048,-0.0039531243965028997,-0.0039531243965028997,-0.0001585732679814,0.0035606347955763002,0.0035606347955763002
M2SL,2013-11-30,0.0001260509598068893,-0.0036379666998982,-0.0036379666998982,0.00012605095980680001,0.0038136884104460001,0.0038136884104460001
M2SL,2013-12-31,0.00020711799152195454,-0.0035181734710931002,-0.0035181734710931002,0.00020711796241810001,0.0038989344611763,0.0038989344611763
M2SL,2014-01-31,0.0001636743254493922,-0.0035614091902970999,-0.0035614091902970999,0.0001636742963455,0.0038560174871235999,0.0038560174871235999
M2SL,2014-02-28,0.00024979055160656571,-0.0034369709901511001,-0.0034369709901511001,0.00024979055160650001,0.0039060260169208002,0.0039060260169208002
M2SL,2014-03-31,2.9002923838561401e-05,-0.0036944884341210001,-0.0036944884341210001,2.9002898372709751e-05,0.0037160513456909999,0.0037160513456909999
M2SL,2014-04-30,-4.4682714360533282e-05,-0.0037994766607879998,-0.0037994766607879998,-4.4682703446596861e-05,0.0036632544361054,0.0036632544361054
M2SL,2014-05-31,-0.00015363152488134801,-0.0038858542684465001,-0.0038858542684465001,-0.0001536315539851,0.0034816982224583001,0.0034816982224583001
M2SL,2014-06-30,6.6815089667215943e-05,-0.0036391234025359002,-0.0036391234025359002,6.68151187710464e-05,0.003684121184051,0.003684121184051
M2SL,2014-07-31,0.00014887668658047915,-0.0035493231844156,-0.0035493231844156,0.0001488766865804,0.003749078605324,0.003749078605324
M2SL,2014-08-31,0.00024676136672496796,-0.0034991384018212002,-0.0034991384018212002,0.00024676136672489998,0.0038982657715677998,0.0038982657715677998
M2SL,2014-09-30,0.00020165924797765911,-0.0035817984025924999,-0.0035817984025924999,0.00020165927708140001,0.0038610650226473002,0.0038610650226473002
M2SL,2014-10-31,0.00013182673137634993,-0.0036974365357308999,-0.0036974365357308999,0.0001318267313763,0.0038217711262403999,0.0038217711262403999
M2SL,2014-11-30,5.2329040045151487e-05,-0.0037580470088868999,-0.0037580470088868999,5.232903640717268e-05,0.0036886020097881,0.0036886020097881
M2SL,2014-12-31,-1.4885131349728908e-05,-0.0038684816099703,-0.0038684816099703,-1.4885154087096453e-05,0.0036580702289937999,0.0036580702289937999
M2SL,2015-01-31,-8.7720050942152739e-05,-0.0040097646415232996,-0.0040097646415232996,-8.7720050942152739e-05,0.0036059285048395001,0.0036059285048395001
MANEMP,2013-02-28,0.00095230207080021501,-0.0012547327205537999,-0.0012547327205537999,0.00095230207080020004,0.0028406481724232002,0.0028406481724232002
MANEMP,2013-03-31,0.00090151577023789287,-0.0014879221562296,-0.0014879221562296,0.00090151577023779995,0.0029416335746644999,0.0029416335746644999
MANEMP,2013-04-30,0.00083232374163344502,-0.0017400726210325,-0.0017400726210325,0.00083232374163340003,0.0029434678144751999,0.0029434678144751999
MANEMP,2013-05-31,0.00080261140828952193,-0.0019508274272084,-0.0019508274272084,0.00080261140828950003,0.0029557908419518999,0.0029557908419518999
MANEMP,2013-06-30,0.00073741114465519786,-0.0020369645208119999,-0.0020369645208119999,0.00073741114465509996,0.0030439740512520001,0.0030439740512520001
MANEMP,2013-07-31,0.00074379035504534841,-0.0021576695144176002,-0.0021576695144176002,0.00074379035504530005,0.0030812954064458001,0.0030812954064458001
MANEMP,2013-08-31,0.00067807239247485995,-0.0023081367835401999,-0.0023081367835401999,0.0006780723924748,0.0030367632862179999,0.0030367632862179999
MANEMP,2013-09-30,0.00064888125052675605,-0.0024282275699079002,-0.0024282275699079002,0.00064888125052669999,0.0031116250902414001,0.0031116250902414001
MANEMP,2013-10-31,0.00061838928377255797,-0.0024984020274132,-0.0024984020274132,0.00061838928377249997,0.0031058536842465002,0.0031058536842465002
MANEMP,2013-11-30,0.00062997470377013087,-0.0025652342010289001,-0.0025652342010289001,0.00062997470377009997,0.0032211923971771999,0.0032211923971771999
MANEMP,2013-12-31,0.00062879192410036922,-0.0026669974904507,-0.0026669974904507,0.00062879192410030004,0.0032584466971457,0.0032584466971457
MANEMP,2014-01-31,0.00064673583256080747,-0.0027784267440438002,-0.0027784267440438002,0.00064673583256079999,0.0033237799070775001,0.0033237799070775001
MANEMP,2014-02-28,0.00066301884362474084,-0.0028252589982002002,-0.0028252589982002002,0.00066301884362469996,0.0033846921287476999,0.0033846921287476999
MANEMP,2014-03-31,0.00062972033629193902,-0.0029678193386643999,-0.0029678193386643999,0.00062972033629189999,0.0033363965339958,0.0033363965339958
MANEMP,2014-04-30,0.00065495952730998397,-0.0030061919242143002,-0.0030061919242143002,0.00065495952730990005,0.0033956407569348001,0.0033956407569348001
MANEMP,2014-05-31,0.00064078805735334754,-0.0031281823758035,-0.0031281823758035,0.00064078805735330005,0.0034949895925819002,0.0034949895925819002
MANEMP,2014-06-30,0.00060293258866295218,-0.0033217282034456001,-0.0033217282034456001,0.00060293258866290003,0.0034733740612864,0.0034733740612864
MANEMP,2014-07-31,0.00050343031762167811,-0.0034268866293132002,-0.0034268866293132002,0.00050343031762160005,0.0033980091102421002,0.0033980091102421002
MANEMP,2014-08-31,0.00045747397234663367,-0.0036292443983256002,-0.0036292443983256002,0.00045747397234660001,0.0035431361757218001,0.0035431361757218001
MANEMP,2014-09-30,0.00032937986543402076,-0.0038440960925071998,-0.0038440960925071998,0.000329379865434,0.0033669136464595001,0.0033669136464595001
MANEMP,2014-10-31,0.00030435557710006833,-0.0038865893147885001,-0.0038865893147885001,0.00030435557710000003,0.0033250967971979999,0.0033250967971979999
MANEMP,2014-11-30,0.00026792584685608745,-0.0039527215994894001,-0.0039527215994894001,0.00026792584685600001,0.0033229747787117,0.0033229747787117
MANEMP,2014-12-31,0.00028003769693896174,-0.0040753507055341998,-0.0040753507055341998,0.00028003772604269999,0.0033224602229892999,0.0033224602229892999
MANEMP,2015-01-31,0.00030424766009673476,-0.0041729402728378001,-0.0041729402728378001,0.00030424766009670001,0.0033867969177663001,0.0033867969177663001
NDMANEMP,2013-02-28,0.00027054920792579651,-0.0021822138223797001,-0.0021822138223797001,0.00027054920792570001,0.0025871163234114001,0.0025871163234114001
NDMANEMP,2013-03-31,0.00032627966720610857,-0.0022648596204817,-0.0022648596204817,0.0003262796672061,0.0027865241281688001,0.0027865241281688001
NDMANEMP,2013-04-30,0.00033671781420707703,-0.0023608691990374998,-0.0023608691990374998,0.00033671781420699999,0.0028694162610918002,0.0028694162610918002
NDMANEMP,2013-05-31,0.00028967100661247969,-0.0024608499370515,-0.0024608499370515,0.0002896710066124,0.0028502838686107999,0.0028502838686107999
NDMANEMP,2013-06-30,0.00022371625527739525,-0.0025359976571053002,-0.0025359976571053002,0.0002237162552773,0.0028881782200186998,0.0028881782200186998
NDMANEMP,2013-07-31,0.00023645814508199692,-0.0025947850663213998,-0.0025947850663213998,0.00023645814508189999,0.0028797206468879999,0.0028797206468879999
NDMANEMP,2013-08-31,9.4888033345341682e-05,-0.0027815722860395002,-0.0027815722860395002,9.4888033345341682e-05,0.0027964676264672999,0.0027964676264672999
NDMANEMP,2013-09-30,0.00015094352420419455,-0.0027653807774186,-0.0027653807774186,0.0001509435242041,0.0029008977580814999,0.0029008977580814999
NDMANEMP,2013-10-31,0.00015594623982906342,-0.0027952534146605998,-0.0027952534146605998,0.00015594623982899999,0.0029099129606037998,0.0029099129606037998
NDMANEMP,2013-11-30,0.00021730770822614431,-0.0027925500180571998,-0.0027925500180571998,0.0002173077082261,0.0030299832578748001,0.0030299832578748001
NDMANEMP,2013-12-31,0.00016848021186888218,-0.0028553542215377001,-0.0028553542215377001,0.0001684802118688,0.0030000091064720999,0.0030000091064720999
NDMANEMP,2014-01-31,0.00020090409088879824,-0.0028583148960024001,-0.0028583148960024001,0.00020090409088870001,0.0030541352462022998,0.0030541352462022998
NDMANEMP,2014-02-28,0.00011238723527640104,-0.0029341971967369001,-0.0029341971967369001,0.0001123872352764,0.0029889743309468001,0.0029889743309468001
NDMANEMP,2014-03-31,8.272356353700161e-05,-0.0030378175433725002,-0.0030378175433725002,8.272356353700161e-05,0.0029708619695156002,0.0029708619695156002
NDMANEMP,2014-04-30,6.211036816239357e-05,-0.0030822190456092002,-0.0030822190456092002,6.211036816239357e-05,0.0029787928797304001,0.0029787928797304001
NDMANEMP,2014-05-31,0.00011896248906850815,-0.0030602614860981,-0.0030602614860981,0.0001189624890685,0.0030872474890202002,0.0030872474890202002
NDMANEMP,2014-06-30,0.00016386178322136402,-0.0031101899221538999,-0.0031101899221538999,0.0001638617832213,0.0031175895128398999,0.0031175895128398999
NDMANEMP,2014-07-31,0.00012278242502361536,-0.0031030212994664001,-0.0031030212994664001,0.00012278242502359999,0.0031171424780039999,0.0031171424780039999
NDMANEMP,2014-08-31,2.8117792680859566e-05,-0.0032906932756303999,-0.0032906932756303999,2.8117792680859569e-05,0.0031364930327980999,0.0031364930327980999
NDMANEMP,2014-09-30,5.7042925618588924e-06,-0.0033721490763127001,-0.0033721490763127001,5.7042925618588924e-06,0.0030599667225033001,0.0030599667225033001
NDMANEMP,2014-10-31,-3.4059165045619011e-05,-0.0034045334905385,-0.0034045334905385,-3.4059165045619011e-05,0.0030479307752102002,0.0030479307752102002
NDMANEMP,2014-11-30,-9.6366507932543755e-05,-0.0034799419809131999,-0.0034799419809131999,-9.6366507932543755e-05,0.0030040817800908999,0.0030040817800908999
NDMANEMP,2014-12-31,-7.8714219853281975e-05,-0.0035149771720169999,-0.0035149771720169999,-7.8714219853281975e-05,0.0029942533001303001,0.0029942533001303001
NDMANEMP,2015-01-31,4.5104126911610365e-05,-0.0034385942853987,-0.0034385942853987,4.5104126911610365e-05,0.0031286284793167998,0.0031286284793167998
NONBORRES,2013-02-28,-0.0055236294865608215,-0.037463389337062801,-0.037463389337062801,-0.0055236294865607998,0.020688965916633599,0.020688965916633599
NONBORRES,2013-03-31,-0.00032083920086733997,-0.029835924506187401,-0.029835924506187401,-0.00032083922997110001,0.022395838052034302,0.022395838052034302
NONBORRES,2013-04-30,0.0097794076427817345,-0.026899952441453899,-0.026899952441453899,0.0097794076427816998,0.0377167202532291,0.0377167202532291
NONBORRES,2013-05-31,0.0017555542290210724,-0.033867020159959703,-0.033867020159959703,0.001755554229021,0.029246026650071099,0.029246026650071099
NONBORRES,2013-06-30,-0.00012038132990710437,-0.034441400319337803,-0.034441400319337803,-0.0001203813590109,0.027041934430599199,0.027041934430599199
NONBORRES,2013-07-31,0.0069160684943199158,-0.027858879417181001,-0.027858879417181001,0.0069160686398390004,0.034072354435920701,0.034072354435920701
NONBORRES,2013-08-31,0.0048225577920675278,-0.032185774296522099,-0.032185774296522099,0.0048225576756521999,0.0312240347266197,0.0312240347266197
NONBORRES,2013-09-30,0.0011066539445891976,-0.038182388991117401,-0.038182388991117401,0.0011066538281737999,0.034850094467401498,0.034850094467401498
NONBORRES,2013-10-31,0.0058800643309950829,-0.026133693754673001,-0.026133693754673001,0.0058800642436835004,0.032474949955940198,0.032474949955940198
NONBORRES,2013-11-30,0.0040879473090171814,-0.031687919050455003,-0.031687919050455003,0.0040879473090170999,0.033378005027770899,0.033378005027770899
NONBORRES,2013-12-31,0.0088426657021045685,-0.026421708986163101,-0.026421708986163101,0.0088426657021045008,0.035997305065393399,0.035997305065393399
NONBORRES,2014-01-31,0.004863017238676548,-0.035312358289956998,-0.035312358289956998,0.0048630172386765003,0.036755912005901302,0.036755912005901302
NONBORRES,2014-02-28,-0.0031283532734960318,-0.053011674433946603,-0.053011674433946603,-0.0031283532734960001,0.038743548095226198,0.038743548095226198
NONBORRES,2014-03-31,0.0023326822556555271,-0.040042050182819297,-0.040042050182819297,0.0023326827213168001,0.031265854835510198,0.031265854835510198
NONBORRES,2014-04-30,0.009983171708881855,-0.0290512759238481,-0.0290512759238481,0.0099831717088817995,0.038699615746736499,0.038699615746736499
NONBORRES,2014-05-31,0.0036724850069731474,-0.047576121985912302,-0.047576121985912302,0.0036724852398037,0.038940992206334998,0.038940992206334998
NONBORRES,2014-06-30,0.0026620232965797186,-0.0397193543612957,-0.0397193543612957,0.0026620235294102998,0.0313045866787433,0.0313045866787433
NONBORRES,2014-07-31,0.0094456467777490616,-0.0320446006953716,-0.0320446006953716,0.0094456467777489991,0.0384327061474323,0.0384327061474323
NONBORRES,2014-08-31,0.0049220556393265724,-0.0435828082263469,-0.0435828082263469,0.0049220555229112003,0.043346639722585602,0.043346639722585602
NONBORRES,2014-09-30,0.0037634982727468014,-0.044965170323848697,-0.044965170323848697,0.0037634982727468001,0.0439527705311775,0.0439527705311775
NONBORRES,2014-10-31,0.0083304578438401222,-0.0351276360452175,-0.0351276360452175,0.0083304578438400997,0.036061242222785901,0.036061242222785901
NONBORRES,2014-11-30,0.0065353913232684135,-0.026598125696182199,-0.026598125696182199,0.0065353913232683997,0.028678163886070199,0.028678163886070199
NONBORRES,2014-12-31,0.0079996511340141296,-0.026982644572854,-0.026982644572854,0.0079996515705714998,0.030738404020667,0.030738404020667
NONBORRES,2015-01-31,0.0071102334186434746,-0.036946661770343697,-0.036946661770343697,0.0071102334186434,0.042847868055105202,0.042847868055105202
NONREVSL,2013-02-28,0.00088835373753681779,-0.0032567535527050001,-0.0032567535527050001,0.00088835373753680001,0.0050750211812555001,0.0050750211812555001
NONREVSL,2013-03-31,-0.00026920117670670152,-0.0046680076047777999,-0.0046680076047777999,-0.0002692011767067,0.0042193196713924,0.0042193196713924
NONREVSL,2013-04-30,0.00017416475748177618,-0.0043056011199950998,-0.0043056011199950998,0.00017416477203360001,0.0047813085839151998,0.0047813085839151998
NONREVSL,2013-05-31,-1.6696552847861312e-05,-0.0045069875195622002,-0.0045069875195622002,-1.6696576494723558e-05,0.0046446453779935004,0.0046446453779935004
NONREVSL,2013-06-30,-0.00014879318769089878,-0.0047591878101229,-0.0047591878101229,-0.00014879315858699999,0.0046247062273322998,0.0046247062273322998
NONREVSL,2013-07-31,0.00012705418339464813,-0.0046158684417605001,-0.0046158684417605001,0.0001270541688427,0.0050135371275245996,0.0050135371275245996
NONREVSL,2013-08-31,1.232295653608162e-05,-0.0047983452677726,-0.0047983452677726,1.2322969269007444e-05,0.0049917148426174996,0.0049917148426174996
NONREVSL,2013-09-30,-0.00013789563672617078,-0.0049819210544227999,-0.0049819210544227999,-0.00013789563672610001,0.0048765866085886001,0.0048765866085886001
NONREVSL,2013-10-31,-0.00020107338787056506,-0.0051787318661807996,-0.0051787318661807996,-0.00020107335876669999,0.0049599031917750003,0.0049599031917750003
NONREVSL,2013-11-30,-2.3071861505741253e-06,-0.0049680583178996996,-0.0049680583178996996,-2.3071770556271076e-06,0.0051862578839063003,0.0051862578839063003
NONREVSL,2013-12-31,-8.1475511251483113e-05,-0.0050087394192814003,-0.0050087394192814003,-8.1475533079355955e-05,0.0051346332766114998,0.0051346332766114998
NONREVSL,2014-01-31,-9.2649665020871907e-05,-0.0050043142400681001,-0.0050043142400681001,-9.2649657744914293e-05,0.0050443657673895003,0.0050443657673895003
NONREVSL,2014-02-28,-3.774972356040962e-05,-0.0051221866160630998,-0.0051221866160630998,-3.7749705370515585e-05,0.0052297669462858997,0.0052297669462858997
NONREVSL,2014-03-31,-8.9141121861757711e-07,-0.0051147718913853004,-0.0051147718913853004,-8.9139211922883987e-07,0.0052660778164862997,0.0052660778164862997
NONREVSL,2014-04-30,0.00011781806097133085,-0.0050177234224974996,-0.0050177234224974996,0.00011781806824719999,0.0054711890406905998,0.0054711890406905998
NONREVSL,2014-05-31,7.9845151049084961e-05,-0.0050853160209953004,-0.0050853160209953004,7.9845136497169733e-05,0.0054542911238967999,0.0054542911238967999
NONREVSL,2014-06-30,-6.8345492763910443e-05,-0.0052395127713679998,-0.0052395127713679998,-6.8345514591783285e-05,0.0052301622927187997,0.0052301622927187997
NONREVSL,2014-07-31,-0.00010503991506993771,-0.0052804015576838996,-0.0052804015576838996,-0.0001050399150699,0.0052036745473741999,0.0052036745473741999
NONREVSL,2014-08-31,-8.1997350207529962e-05,-0.0053581055253744004,-0.0053581055253744004,-8.199736475944519e-05,0.0053242384456098002,0.0053242384456098002
NONREVSL,2014-09-30,-4.1206512833014131e-05,-0.0053156600333749996,-0.0053156600333749996,-4.1206541936844587e-05,0.0054125450551508998,0.0054125450551508998
NONREVSL,2014-10-31,-0.00010219770047115162,-0.0055351778864859997,-0.0055351778864859997,-0.00010219769319510001,0.0053767170757054996,0.0053767170757054996
NONREVSL,2014-11-30,-8.103313302854076e-05,-0.0054241823963819998,-0.0054241823963819998,-8.1033154856413603e-05,0.0053046899847685996,0.0053046899847685996
NONREVSL,2014-12-31,-5.3450050472747535e-05,-0.0055722445249557001,-0.0055722445249557001,-5.3450057748705149e-05,0.0054834466427563996,0.0054834466427563996
NONREVSL,2015-01-31,-1.6492176655447111e-06,-0.0056898016482590996,-0.0056898016482590996,-1.649197656661272e-06,0.0056766974739730003,0.0056766974739730003
OILPRICEx,2013-02-28,-0.038309071213006973,-0.1282659173011779,-0.1282659173011779,-0.038309071213006897,0.0616285949945449,0.0616285949945449
OILPRICEx,2013-03-31,-0.00282627297565341,-0.097126565873622894,-0.097126565873622894,-0.0028262734413146001,0.10347924381494519,0.10347924381494519
OILPRICEx,2013-04-30,0.0021230378188192844,-0.092949159443378407,-0.092949159443378407,0.0021230373531579,0.1117378994822502,0.1117378994822502
OILPRICEx,2013-05-31,-0.016928302124142647,-0.1132179126143455,-0.1132179126143455,-0.016928302124142602,0.095062792301177895,0.095062792301177895
OILPRICEx,2013-06-30,-0.017332006245851517,-0.1153815686702728,-0.1153815686702728,-0.017332006245851499,0.097144544124603202,0.097144544124603202
OILPRICEx,2013-07-31,-0.0056367358192801476,-0.10513930022716519,-0.10513930022716519,-0.0056367367506026996,0.1107297167181968,0.1107297167181968
OILPRICEx,2013-08-31,-0.0060624098405241966,-0.1057762801647186,-0.1057762801647186,-0.0060624089092016003,0.1118234395980835,0.1118234395980835
OILPRICEx,2013-09-30,-0.010817852802574635,-0.10970960557460779,-0.10970960557460779,-0.0108178537338972,0.10795094072818751,0.10795094072818751
OILPRICEx,2013-10-31,-0.0065891891717910767,-0.10709547996520991,-0.10709547996520991,-0.0065891891717910003,0.1133046373724937,0.1133046373724937
OILPRICEx,2013-11-30,-0.017968002706766129,-0.1187896132469177,-0.1187896132469177,-0.017968002706766101,0.10286518931388849,0.10286518931388849
OILPRICEx,2013-12-31,-0.0057577444240450859,-0.1079233214259147,-0.1079233214259147,-0.0057577434927225,0.1147007942199707,0.1147007942199707
OILPRICEx,2014-01-31,0.0059182606637477875,-0.095639348030090304,-0.095639348030090304,0.0059182606637476999,0.12665657699108121,0.12665657699108121
OILPRICEx,2014-02-28,-0.0050802342593669891,-0.1064269095659256,-0.1064269095659256,-0.0050802342593668998,0.11687507480382919,0.11687507480382919
OILPRICEx,2014-03-31,-0.001343321637250483,-0.1033230796456337,-0.1033230796456337,-0.0013433210551738,0.1221562847495079,0.1221562847495079
OILPRICEx,2014-04-30,-0.010714649222791195,-0.113100491464138,-0.113100491464138,-0.010714648291468599,0.112755112349987,0.112755112349987
OILPRICEx,2014-05-31,-0.016663121059536934,-0.11746556311845779,-0.11746556311845779,-0.016663121059536899,0.1078384220600128,0.1078384220600128
OILPRICEx,2014-06-30,-0.0093549406155943871,-0.11060012131929391,-0.11060012131929391,-0.0093549396842718003,0.11536214500665661,0.11536214500665661
OILPRICEx,2014-07-31,-0.0020380027126520872,-0.103730209171772,-0.103730209171772,-0.0020380020141600999,0.1246998533606529,0.1246998533606529
OILPRICEx,2014-08-31,-0.0070260530337691307,-0.1112416610121727,-0.1112416610121727,-0.0070260539650917001,0.12223433703184119,0.12223433703184119
OILPRICEx,2014-09-30,-0.0098857665434479713,-0.1151292026042938,-0.1151292026042938,-0.0098857674747705009,0.11996430903673171,0.11996430903673171
OILPRICEx,2014-10-31,-0.013581885024905205,-0.1191206872463226,-0.1191206872463226,-0.0135818850249052,0.11800799518823619,0.11800799518823619
OILPRICEx,2014-11-30,-0.016540557146072388,-0.12029439210891719,-0.12029439210891719,-0.016540557146072301,0.1143268346786499,0.1143268346786499
OILPRICEx,2014-12-31,-0.0041279727593064308,-0.10916475206613541,-0.10916475206613541,-0.0041279718279837998,0.12790514528751371,0.12790514528751371
OILPRICEx,2015-01-31,0.0050777727738022804,-0.10201464593410491,-0.10201464593410491,0.0050777727738021998,0.1377634853124618,0.1377634853124618
PAYEMS,2013-02-28,0.0013057696633040905,0.00015324435662470001,0.00015324435662470001,0.0013057696633040001,0.0024333801120519001,0.0024333801120519001
PAYEMS,2013-03-31,0.0013231072807684541,0.00012399372644720001,0.00012399372644720001,0.0013231072807684001,0.0025248033925889999,0.0025248033925889999
PAYEMS,2013-04-30,0.0012960521271452308,2.3242319002747536e-05,2.3242319002747536e-05,0.0012960521271452,0.0025187651626764999,0.0025187651626764999
PAYEMS,2013-05-31,0.0012778328964486718,-5.7126628234982491e-05,-5.7126628234982491e-05,0.0012778328964486,0.0025099553167819001,0.0025099553167819001
PAYEMS,2013-06-30,0.0012719827936962247,-7.0966081693768501e-05,-7.0966081693768501e-05,0.0012719827936962,0.0025583733804522999,0.0025583733804522999
PAYEMS,2013-07-31,0.0012928629294037819,-0.0001127891009673,-0.0001127891009673,0.0012928629294036999,0.0025596115738152998,0.0025596115738152998
PAYEMS,2013-08-31,0.0012746118009090424,-0.00013383792247619999,-0.00013383792247619999,0.0012746118009090001,0.0025593694299459002,0.0025593694299459002
PAYEMS,2013-09-30,0.0012784934369847178,-0.00018302060198029999,-0.00018302060198029999,0.0012784934369847001,0.0025847172364592001,0.0025847172364592001
PAYEMS,2013-10-31,0.0012678469065576792,-0.00021088821813459999,-0.00021088821813459999,0.0012678469065576,0.0025963946245609998,0.0025963946245609998
PAYEMS,2013-11-30,0.001276500872336328,-0.0002532983198761,-0.0002532983198761,0.0012765008723363001,0.0026577766984701,0.0026577766984701
PAYEMS,2013-12-31,0.0012498360592871904,-0.00029911298770449998,-0.00029911298770449998,0.0012498360592871,0.0026765251532196999,0.0026765251532196999
PAYEMS,2014-01-31,0.0012827443424612284,-0.0003203665837645,-0.0003203665837645,0.0012827443424612,0.0026856656186282002,0.0026856656186282002
PAYEMS,2014-02-28,0.0013011717237532139,-0.0003134885337203,-0.0003134885337203,0.0013011717237532,0.0027377582155168,0.0027377582155168
PAYEMS,2014-03-31,0.0013212644262239337,-0.00030017935205250003,-0.00030017935205250003,0.0013212644262239001,0.0027443554718046999,0.0027443554718046999
PAYEMS,2014-04-30,0.0013250927440822124,-0.00029622646979979999,-0.00029622646979979999,0.0013250927440822001,0.0027717975899577002,0.0027717975899577002
PAYEMS,2014-05-31,0.0013436905574053526,-0.00033651269041000002,-0.00033651269041000002,0.0013436905574052999,0.0028250399045646,0.0028250399045646
PAYEMS,2014-06-30,0.0013313825475051999,-0.00039277307223519999,-0.00039277307223519999,0.0013313825475051999,0.0028410297818480998,0.0028410297818480998
PAYEMS,2014-07-31,0.0013257561950013041,-0.00039638648740939999,-0.00039638648740939999,0.0013257561950013,0.0028357626870274002,0.0028357626870274002
PAYEMS,2014-08-31,0.0013453151332214475,-0.00041472900193180001,-0.00041472900193180001,0.0013453151332214,0.0029540513642132,0.0029540513642132
PAYEMS,2014-09-30,0.0013588329311460257,-0.00043588806875049997,-0.00043588806875049997,0.0013588329311460001,0.0029484750702976998,0.0029484750702976998
PAYEMS,2014-10-31,0.0013803788460791111,-0.00042459135875099998,-0.00042459135875099998,0.0013803788460791,0.0029373120050876999,0.0029373120050876999
PAYEMS,2014-11-30,0.0013809155207127333,-0.00043640017975120002,-0.00043640017975120002,0.0013809155207127001,0.0029661534354090001,0.0029661534354090001
PAYEMS,2014-12-31,0.0014030651655048132,-0.00044193072244520001,-0.00044193072244520001,0.0014030651655048,0.0029973792843519999,0.0029973792843519999
PAYEMS,2015-01-31,0.001394537859596312,-0.00051069026812910004,-0.00051069026812910004,0.0013945378595962999,0.0030109013896435,0.0030109013896435
PCEPI,2013-02-28,0.0015827333554625511,-0.0003216019831597,-0.0003216019831597,0.0015827333554624999,0.0033890898339449999,0.0033890898339449999
PCEPI,2013-03-31,0.0016535405302420259,-0.00036043347790830002,-0.00036043347790830002,0.001653540530242,0.0035607228055596,0.0035607228055596
PCEPI,2013-04-30,0.00161195476539433,-0.00045206164941189998,-0.00045206164941189998,0.0016119547653943001,0.0035969936288893002,0.0035969936288893002
PCEPI,2013-05-31,0.0015718091744929552,-0.00050736009143289998,-0.00050736009143289998,0.0015718091744928999,0.0035546883009373999,0.0035546883009373999
PCEPI,2013-06-30,0.0016175057971850038,-0.0004846141673624,-0.0004846141673624,0.0016175057971850001,0.0036546625196933,0.0036546625196933
PCEPI,2013-07-31,0.0016510913847014308,-0.00047270674258469999,-0.00047270674258469999,0.0016510913847014,0.0037160639185458001,0.0037160639185458001
PCEPI,2013-08-31,0.0015441940631717443,-0.00056810327805570003,-0.00056810327805570003,0.0015441940631716999,0.0036273445002734002,0.0036273445002734002
PCEPI,2013-09-30,0.0015824020374566317,-0.00057387258857480002,-0.00057387258857480002,0.0015824020374566,0.0036999057047068999,0.0036999057047068999
PCEPI,2013-10-31,0.0015990284737199545,-0.00055492576211690003,-0.00055492576211690003,0.0015990284737199001,0.0037421011365949999,0.0037421011365949999
PCEPI,2013-11-30,0.0016520896460860968,-0.00054294220171859997,-0.00054294220171859997,0.0016520896460860001,0.0038114616181701001,0.0038114616181701001
PCEPI,2013-12-31,0.0016766824992373586,-0.00051547144539650005,-0.00051547144539650005,0.0016766824992373,0.0038925369735806998,0.0038925369735806998
PCEPI,2014-01-31,0.0017747865058481693,-0.0004141104873269,-0.0004141104873269,0.0017747865058480999,0.0039793280884622998,0.0039793280884622998
PCEPI,2014-02-28,0.0016609997255727649,-0.00054155872203400001,-0.00054155872203400001,0.0016609997255727,0.0038808593526482001,0.0038808593526482001
PCEPI,2014-03-31,0.0017003905959427357,-0.00053221243433650004,-0.00053221243433650004,0.0017003905959426999,0.0039294394664465999,0.0039294394664465999
PCEPI,2014-04-30,0.0017192491795867682,-0.00050262617878610001,-0.00050262617878610001,0.0017192491795867001,0.0039776521734893001,0.0039776521734893001
PCEPI,2014-05-31,0.0017147521721199155,-0.00052093295380470004,-0.00052093295380470004,0.0017147521721199001,0.0040222220122813996,0.0040222220122813996
PCEPI,2014-06-30,0.0017011367017403245,-0.00053628394380209998,-0.00053628394380209998,0.0017011367017403,0.0040098512545227996,0.0040098512545227996
PCEPI,2014-07-31,0.0017261853208765388,-0.00049302144907410002,-0.00049302144907410002,0.0017261853208764999,0.0040543247014284004,0.0040543247014284004
PCEPI,2014-08-31,0.0016579596558585763,-0.00061430712230500003,-0.00061430712230500003,0.0016579596558585,0.0040684090927242999,0.0040684090927242999
PCEPI,2014-09-30,0.0017001458909362555,-0.00061753555200990003,-0.00061753555200990003,0.0017001458909361999,0.0041225403547285999,0.0041225403547285999
PCEPI,2014-10-31,0.0017425286350771785,-0.00054792454466219998,-0.00054792454466219998,0.0017425286350771,0.0041354172863065997,0.0041354172863065997
PCEPI,2014-11-30,0.0017482959665358067,-0.00053327064961190005,-0.00053327064961190005,0.0017482959665357999,0.0041621453128754997,0.0041621453128754997
PCEPI,2014-12-31,0.0017439238727092743,-0.00052608363330359999,-0.00052608363330359999,0.0017439238727091999,0.0041210609488189004,0.0041210609488189004
PCEPI,2015-01-31,0.0018516414565965533,-0.00045360461808739998,-0.00045360461808739998,0.0018516414565965,0.0042586410418152002,0.0042586410418152002
PERMIT,2013-02-28,6.8421015739440918,6.7880434989929199,6.7880434989929199,6.8421015739440918,6.8927311897277832,6.8927311897277832
PERMIT,2013-03-31,6.8402056694030762,6.7690849304199219,6.7690849304199219,6.8402056694030762,6.8997602462768555,6.8997602462768555
PERMIT,2013-04-30,6.8384661674499512,6.7497167587280273,6.7497167587280273,6.8384661674499512,6.9075875282287598,6.9075875282287598
PERMIT,2013-05-31,6.8396162986755371,6.7363629341125488,6.7363629341125488,6.8396162986755371,6.9203767776489258,6.9203767776489258
PERMIT,2013-06-30,6.8372211456298828,6.7310199737548828,6.7310199737548828,6.8372211456298828,6.9295835494995117,6.9295835494995117
PERMIT,2013-07-31,6.833226203918457,6.7155890464782715,6.7155890464782715,6.833226203918457,6.9337935447692871,6.9337935447692871
PERMIT,2013-08-31,6.818336009979248,6.6863002777099609,6.6863002777099609,6.818336009979248,6.924680233001709,6.924680233001709
PERMIT,2013-09-30,6.823000431060791,6.6863522529602051,6.6863522529602051,6.823000431060791,6.9340386390686035,6.9340386390686035
PERMIT,2013-10-31,6.8097996711730957,6.6838483810424805,6.6838483810424805,6.8097996711730957,6.9216384887695312,6.9216384887695312
PERMIT,2013-11-30,6.7977886199951172,6.6577105522155762,6.6577105522155762,6.7977886199951172,6.9151082038879395,6.9151082038879395
PERMIT,2013-12-31,6.8051552772521973,6.671018123626709,6.671018123626709,6.8051552772521973,6.9137821197509766,6.9137821197509766
PERMIT,2014-01-31,6.808438777923584,6.6498579978942871,6.6498579978942871,6.808438777923584,6.9272565841674805,6.9272565841674805
PERMIT,2014-02-28,6.8142209053039551,6.6712069511413574,6.6712069511413574,6.8142209053039551,6.9173169136047363,6.9173169136047363
PERMIT,2014-03-31,6.8236126899719238,6.6752834320068359,6.6752834320068359,6.8236126899719238,6.9426059722900391,6.9426059722900391
PERMIT,2014-04-30,6.8313651084899902,6.687532901763916,6.687532901763916,6.8313651084899902,6.9443345069885254,6.9443345069885254
PERMIT,2014-05-31,6.8373007774353027,6.694221019744873,6.694221019744873,6.8373007774353027,6.9551219940185547,6.9551219940185547
PERMIT,2014-06-30,6.8450789451599121,6.6959147453308105,6.6959147453308105,6.8450789451599121,6.9645223617553711,6.9645223617553711
PERMIT,2014-07-31,6.855919361114502,6.7126150131225586,6.7126150131225586,6.855919361114502,6.9767990112304688,6.9767990112304688
PERMIT,2014-08-31,6.8692727088928223,6.7247343063354492,6.7247343063354492,6.8692727088928223,6.9966249465942383,6.9966249465942383
PERMIT,2014-09-30,6.8793520927429199,6.7448887825012207,6.7448887825012207,6.8793520927429199,7.0121259689331055,7.0121259689331055
PERMIT,2014-10-31,6.8928394317626953,6.7527003288269043,6.7527003288269043,6.8928394317626953,7.0126314163208008,7.0126314163208008
PERMIT,2014-11-30,6.8987994194030762,6.7495870590209961,6.7495870590209961,6.8987994194030762,7.0345940589904785,7.0345940589904785
PERMIT,2014-12-31,6.9100584983825684,6.7641072273254395,6.7641072273254395,6.9100584983825684,7.0317487716674805,7.0317487716674805
PERMIT,2015-01-31,6.9205803871154785,6.777620792388916,6.777620792388916,6.9205803871154785,7.0361332893371582,7.0361332893371582
PERMITMW,2013-02-28,5.0429306030273438,4.9246597290039062,4.9246597290039062,5.0429306030273438,5.1550164222717285,5.1550164222717285
PERMITMW,2013-03-31,5.0551242828369141,4.9209609031677246,4.9209609031677246,5.0551242828369141,5.1829032897949219,5.1829032897949219
PERMITMW,2013-04-30,5.064091682434082,4.9075136184692383,4.9075136184692383,5.064091682434082,5.2135238647460938,5.2135238647460938
PERMITMW,2013-05-31,5.0825958251953125,4.900428295135498,4.900428295135498,5.0825958251953125,5.2506875991821289,5.2506875991821289
PERMITMW,2013-06-30,5.0978884696960449,4.9068350791931152,4.9068350791931152,5.0978884696960449,5.2826714515686035,5.2826714515686035
PERMITMW,2013-07-31,5.1152749061584473,4.8995819091796875,4.8995819091796875,5.1152749061584473,5.3140182495117188,5.3140182495117188
PERMITMW,2013-08-31,5.1226835250854492,4.8891305923461914,4.8891305923461914,5.1226835250854492,5.3378944396972656,5.3378944396972656
PERMITMW,2013-09-30,5.1391949653625488,4.8931784629821777,4.8931784629821777,5.1391949653625488,5.3679533004760742,5.3679533004760742
PERMITMW,2013-10-31,5.1479873657226562,4.8962454795837402,4.8962454795837402,5.1479873657226562,5.379058837890625,5.379058837890625
PERMITMW,2013-11-30,5.1574115753173828,4.8937134742736816,4.8937134742736816,5.1574115753173828,5.4031076431274414,5.4031076431274414
PERMITMW,2013-12-31,5.1698508262634277,4.8975486755371094,4.8975486755371094,5.1698508262634277,5.4172449111938477,5.4172449111938477
PERMITMW,2014-01-31,5.1861324310302734,4.8900775909423828,4.8900775909423828,5.1861324310302734,5.4455766677856445,5.4455766677856445
PERMITMW,2014-02-28,5.18890380859375,4.8956923484802246,4.8956923484802246,5.18890380859375,5.4429922103881836,5.4429922103881836
PERMITMW,2014-03-31,5.1964139938354492,4.8887782096862793,4.8887782096862793,5.1964139938354492,5.4660606384277344,5.4660606384277344
PERMITMW,2014-04-30,5.2031803131103516,4.8931360244750977,4.8931360244750977,5.2031803131103516,5.4732561111450195,5.4732561111450195
PERMITMW,2014-05-31,5.2140622138977051,4.8956422805786133,4.8956422805786133,5.2140622138977051,5.4849696159362793,5.4849696159362793
PERMITMW,2014-06-30,5.2230072021484375,4.8996305465698242,4.8996305465698242,5.2230072021484375,5.5045385360717773,5.5045385360717773
PERMITMW,2014-07-31,5.2365875244140625,4.9136538505554199,4.9136538505554199,5.2365875244140625,5.522435188293457,5.522435188293457
PERMITMW,2014-08-31,5.2464923858642578,4.9088892936706543,4.9088892936706543,5.2464923858642578,5.5513863563537598,5.5513863563537598
PERMITMW,2014-09-30,5.2581677436828613,4.9101948738098145,4.9101948738098145,5.2581677436828613,5.5633673667907715,5.5633673667907715
PERMITMW,2014-10-31,5.267730712890625,4.9218854904174805,4.9218854904174805,5.267730712890625,5.566802978515625,5.566802978515625
PERMITMW,2014-11-30,5.2801876068115234,4.9289650917053223,4.9289650917053223,5.2801876068115234,5.5902328491210938,5.5902328491210938
PERMITMW,2014-12-31,5.2916750907897949,4.9390501976013184,4.9390501976013184,5.2916750907897949,5.5936245918273926,5.5936245918273926
PERMITMW,2015-01-31,5.300868034362793,4.9502811431884766,4.9502811431884766,5.300868034362793,5.5991902351379395,5.5991902351379395
PERMITNE,2013-02-28,4.5568933486938477,4.386347770690918,4.386347770690918,4.5568933486938477,4.7073941230773926,4.7073941230773926
PERMITNE,2013-03-31,4.5518159866333008,4.3663439750671387,4.3663439750671387,4.5518159866333008,4.7235374450683594,4.7235374450683594
PERMITNE,2013-04-30,4.5480060577392578,4.3460564613342285,4.3460564613342285,4.5480060577392578,4.7380046844482422,4.7380046844482422
PERMITNE,2013-05-31,4.5484428405761719,4.3306589126586914,4.3306589126586914,4.5484428405761719,4.7476015090942383,4.7476015090942383
PERMITNE,2013-06-30,4.557593822479248,4.3368611335754395,4.3368611335754395,4.557593822479248,4.7692923545837402,4.7692923545837402
PERMITNE,2013-07-31,4.5667810440063477,4.3353428840637207,4.3353428840637207,4.5667810440063477,4.7811112403869629,4.7811112403869629
PERMITNE,2013-08-31,4.568598747253418,4.3289647102355957,4.3289647102355957,4.568598747253418,4.8036351203918457,4.8036351203918457
PERMITNE,2013-09-30,4.5783720016479492,4.3303494453430176,4.3303494453430176,4.5783720016479492,4.8200349807739258,4.8200349807739258
PERMITNE,2013-10-31,4.5851435661315918,4.3364896774291992,4.3364896774291992,4.5851435661315918,4.8296160697937012,4.8296160697937012
PERMITNE,2013-11-30,4.5952777862548828,4.332252025604248,4.332252025604248,4.5952777862548828,4.8411540985107422,4.8411540985107422
PERMITNE,2013-12-31,4.5985040664672852,4.3368182182312012,4.3368182182312012,4.5985040664672852,4.8512458801269531,4.8512458801269531
PERMITNE,2014-01-31,4.6030993461608887,4.3362917900085449,4.3362917900085449,4.6030993461608887,4.8685970306396484,4.8685970306396484
PERMITNE,2014-02-28,4.6048378944396973,4.3396501541137695,4.3396501541137695,4.6048378944396973,4.8644294738769531,4.8644294738769531
PERMITNE,2014-03-31,4.6086735725402832,4.3421449661254883,4.3421449661254883,4.6086735725402832,4.8712344169616699,4.8712344169616699
PERMITNE,2014-04-30,4.5963835716247559,4.3238792419433594,4.3238792419433594,4.5963835716247559,4.859891414642334,4.859891414642334
PERMITNE,2014-05-31,4.5957450866699219,4.3245878219604492,4.3245878219604492,4.5957450866699219,4.867149829864502,4.867149829864502
PERMITNE,2014-06-30,4.6001224517822266,4.3199348449707031,4.3199348449707031,4.6001224517822266,4.874392032623291,4.874392032623291
PERMITNE,2014-07-31,4.5923857688903809,4.3207354545593262,4.3207354545593262,4.5923857688903809,4.8721671104431152,4.8721671104431152
PERMITNE,2014-08-31,4.5874137878417969,4.2985663414001465,4.2985663414001465,4.5874137878417969,4.882011890411377,4.882011890411377
PERMITNE,2014-09-30,4.5866975784301758,4.2912559509277344,4.2912559509277344,4.5866975784301758,4.8829798698425293,4.8829798698425293
PERMITNE,2014-10-31,4.5871133804321289,4.286776065826416,4.286776065826416,4.5871133804321289,4.8765068054199219,4.8765068054199219
PERMITNE,2014-11-30,4.5919771194458008,4.2907700538635254,4.2907700538635254,4.5919771194458008,4.890047550201416,4.890047550201416
PERMITNE,2014-12-31,4.5916857719421387,4.291539192199707,4.291539192199707,4.5916857719421387,4.8843765258789062,4.8843765258789062
PERMITNE,2015-01-31,4.5910749435424805,4.2916984558105469,4.2916984558105469,4.5910749435424805,4.8842182159423828,4.8842182159423828
PERMITS,2013-02-28,6.1533207893371582,6.0768437385559082,6.0768437385559082,6.1533207893371582,6.2248759269714355,6.2248759269714355
PERMITS,2013-03-31,6.1619691848754883,6.0701131820678711,6.0701131820678711,6.1619691848754883,6.2410445213317871,6.2410445213317871
PERMITS,2013-04-30,6.1694693565368652,6.0634098052978516,6.0634098052978516,6.1694693565368652,6.2563357353210449,6.2563357353210449
PERMITS,2013-05-31,6.1748700141906738,6.0591654777526855,6.0591654777526855,6.1748700141906738,6.271151065826416,6.271151065826416
PERMITS,2013-06-30,6.1762690544128418,6.0620260238647461,6.0620260238647461,6.1762690544128418,6.2758941650390625,6.2758941650390625
PERMITS,2013-07-31,6.1815705299377441,6.063176155090332,6.063176155090332,6.1815705299377441,6.2832212448120117,6.2832212448120117
PERMITS,2013-08-31,6.1778964996337891,6.0465869903564453,6.0465869903564453,6.1778964996337891,6.2916760444641113,6.2916760444641113
PERMITS,2013-09-30,6.1909604072570801,6.0540251731872559,6.0540251731872559,6.1909604072570801,6.3106803894042969,6.3106803894042969
PERMITS,2013-10-31,6.1951041221618652,6.0687117576599121,6.0687117576599121,6.1951041221618652,6.3119149208068848,6.3119149208068848
PERMITS,2013-11-30,6.1963620185852051,6.0589652061462402,6.0589652061462402,6.1963620185852051,6.3188800811767578,6.3188800811767578
PERMITS,2013-12-31,6.2070107460021973,6.0763545036315918,6.0763545036315918,6.2070107460021973,6.3239798545837402,6.3239798545837402
PERMITS,2014-01-31,6.208702564239502,6.0515789985656738,6.0515789985656738,6.208702564239502,6.3451371192932129,6.3451371192932129
PERMITS,2014-02-28,6.2090396881103516,6.0679178237915039,6.0679178237915039,6.2090396881103516,6.3350677490234375,6.3350677490234375
PERMITS,2014-03-31,6.2075557708740234,6.0585751533508301,6.0585751533508301,6.2075557708740234,6.344721794128418,6.344721794128418
PERMITS,2014-04-30,6.216799259185791,6.0650372505187988,6.0650372505187988,6.216799259185791,6.3480143547058105,6.3480143547058105
PERMITS,2014-05-31,6.2223429679870605,6.0663671493530273,6.0663671493530273,6.2223429679870605,6.3545827865600586,6.3545827865600586
PERMITS,2014-06-30,6.231163501739502,6.0698375701904297,6.0698375701904297,6.231163501739502,6.3671560287475586,6.3671560287475586
PERMITS,2014-07-31,6.2333855628967285,6.0767784118652344,6.0767784118652344,6.2333855628967285,6.3699350357055664,6.3699350357055664
PERMITS,2014-08-31,6.2414913177490234,6.080289363861084,6.080289363861084,6.2414913177490234,6.3880491256713867,6.3880491256713867
PERMITS,2014-09-30,6.2436113357543945,6.0832462310791016,6.0832462310791016,6.2436113357543945,6.3939571380615234,6.3939571380615234
PERMITS,2014-10-31,6.2497763633728027,6.0898160934448242,6.0898160934448242,6.2497763633728027,6.3946571350097656,6.3946571350097656
PERMITS,2014-11-30,6.2586545944213867,6.0904173851013184,6.0904173851013184,6.2586545944213867,6.4147882461547852,6.4147882461547852
PERMITS,2014-12-31,6.2611775398254395,6.0974531173706055,6.0974531173706055,6.2611775398254395,6.4055590629577637,6.4055590629577637
PERMITS,2015-01-31,6.2709569931030273,6.1141939163208008,6.1141939163208008,6.2709569931030273,6.4098081588745117,6.4098081588745117
PERMITW,2013-02-28,5.4171009063720703,5.2868390083312988,5.2868390083312988,5.4171009063720703,5.5497994422912598,5.5497994422912598
PERMITW,2013-03-31,5.3916125297546387,5.2411642074584961,5.2411642074584961,5.3916125297546387,5.5362462997436523,5.5362462997436523
PERMITW,2013-04-30,5.3736305236816406,5.2116208076477051,5.2116208076477051,5.3736305236816406,5.529754638671875,5.529754638671875
PERMITW,2013-05-31,5.3565292358398438,5.1840128898620605,5.1840128898620605,5.3565292358398438,5.5193610191345215,5.5193610191345215
PERMITW,2013-06-30,5.331784725189209,5.1618733406066895,5.1618733406066895,5.331784725189209,5.497835636138916,5.497835636138916
PERMITW,2013-07-31,5.3083462715148926,5.1275625228881836,5.1275625228881836,5.3083462715148926,5.4800739288330078,5.4800739288330078
PERMITW,2013-08-31,5.2887001037597656,5.1044301986694336,5.1044301986694336,5.2887001037597656,5.4628667831420898,5.4628667831420898
PERMITW,2013-09-30,5.2785606384277344,5.0944027900695801,5.0944027900695801,5.2785606384277344,5.4588456153869629,5.4588456153869629
PERMITW,2013-10-31,5.2490558624267578,5.069920539855957,5.069920539855957,5.2490558624267578,5.4221868515014648,5.4221868515014648
PERMITW,2013-11-30,5.2350339889526367,5.044334888458252,5.044334888458252,5.2350339889526367,5.4137153625488281,5.4137153625488281
PERMITW,2013-12-31,5.2372913360595703,5.0515222549438477,5.0515222549438477,5.2372913360595703,5.4048242568969727,5.4048242568969727
PERMITW,2014-01-31,5.2387943267822266,5.0362882614135742,5.0362882614135742,5.2387943267822266,5.417726993560791,5.417726993560791
PERMITW,2014-02-28,5.2423896789550781,5.055293083190918,5.055293083190918,5.2423896789550781,5.4019904136657715,5.4019904136657715
PERMITW,2014-03-31,5.2607665061950684,5.0681700706481934,5.0681700706481934,5.2607665061950684,5.4370241165161133,5.4370241165161133
PERMITW,2014-04-30,5.2646608352661133,5.0837478637695312,5.0837478637695312,5.2646608352661133,5.4356236457824707,5.4356236457824707
PERMITW,2014-05-31,5.2775783538818359,5.0944576263427734,5.0944576263427734,5.2775783538818359,5.448826789855957,5.448826789855957
PERMITW,2014-06-30,5.289423942565918,5.0981545448303223,5.0981545448303223,5.289423942565918,5.4590945243835449,5.4590945243835449
PERMITW,2014-07-31,5.3027248382568359,5.1138615608215332,5.1138615608215332,5.3027248382568359,5.4705185890197754,5.4705185890197754
PERMITW,2014-08-31,5.3257837295532227,5.1323904991149902,5.1323904991149902,5.3257837295532227,5.498589038848877,5.498589038848877
PERMITW,2014-09-30,5.3485903739929199,5.163851261138916,5.163851261138916,5.3485903739929199,5.5306820869445801,5.5306820869445801
PERMITW,2014-10-31,5.3690242767333984,5.1736965179443359,5.1736965179443359,5.3690242767333984,5.533729076385498,5.533729076385498
PERMITW,2014-11-30,5.3700809478759766,5.1629476547241211,5.1629476547241211,5.3700809478759766,5.5529799461364746,5.5529799461364746
PERMITW,2014-12-31,5.3648905754089355,5.1646847724914551,5.1646847724914551,5.3648905754089355,5.5384521484375,5.5384521484375
PERMITW,2015-01-31,5.3748526573181152,5.1756267547607422,5.1756267547607422,5.3748526573181152,5.5399188995361328,5.5399188995361328
PPICMM,2013-02-28,0.0034310778137296438,-0.048128284513950299,-0.048128284513950299,0.0034310775808990002,0.057733170688152299,0.057733170688152299
PPICMM,2013-03-31,0.0064184190705418587,-0.047606755048036499,-0.047606755048036499,0.0064184190705417997,0.063821196556091295,0.063821196556091295
PPICMM,2013-04-30,-0.0066204932518303394,-0.061384730041027,-0.061384730041027,-0.0066204927861690001,0.052473329007625497,0.052473329007625497
PPICMM,2013-05-31,-0.0050207041203975677,-0.0601323805749416,-0.0601323805749416,-0.0050207041203975001,0.055658344179391799,0.055658344179391799
PPICMM,2013-06-30,0.00040399085264652967,-0.055773407220840399,-0.055773407220840399,0.0004039909690618,0.061491228640079498,0.061491228640079498
PPICMM,2013-07-31,-0.0017949737375602126,-0.058032419532537398,-0.058032419532537398,-0.0017949733883142001,0.060203526169061598,0.060203526169061598
PPICMM,2013-08-31,-0.0026138646062463522,-0.059082977473735802,-0.059082977473735802,-0.0026138648390769,0.060300331562757402,0.060300331562757402
PPICMM,2013-09-30,-0.0012204595841467381,-0.058177247643470702,-0.058177247643470702,-0.0012204591184854,0.062088400125503498,0.062088400125503498
PPICMM,2013-10-31,-0.0018966769566759467,-0.0595407299697399,-0.0595407299697399,-0.0018966766074298999,0.061533730477094602,0.061533730477094602
PPICMM,2013-11-30,-0.0019703274592757225,-0.059887453913688597,-0.059887453913688597,-0.0019703274592757,0.061968397349119103,0.061968397349119103
PPICMM,2013-12-31,-0.0011058079544454813,-0.059051431715488399,-0.059051431715488399,-0.0011058077216147999,0.063007123768329606,0.063007123768329606
PPICMM,2014-01-31,-0.0021875347010791302,-0.059661615639925003,-0.059661615639925003,-0.0021875351667404001,0.061512257903814302,0.061512257903814302
PPICMM,2014-02-28,-0.0011509942123666406,-0.058673273772001197,-0.058673273772001197,-0.0011509945616126,0.062031183391809401,0.062031183391809401
PPICMM,2014-03-31,-0.00088798790238797665,-0.058891639113426202,-0.058891639113426202,-0.00088798813521860003,0.063184343278407995,0.063184343278407995
PPICMM,2014-04-30,-0.002756752073764801,-0.060983464121818501,-0.060983464121818501,-0.0027567520737648002,0.061731453984975801,0.061731453984975801
PPICMM,2014-05-31,-0.0024781257379800081,-0.0606785155832767,-0.0606785155832767,-0.0024781255051492999,0.062505871057510307,0.062505871057510307
PPICMM,2014-06-30,-0.0011517652310431004,-0.059612207114696503,-0.059612207114696503,-0.0011517647653818,0.063392482697963701,0.063392482697963701
PPICMM,2014-07-31,-0.0021057934500277042,-0.060545340180396999,-0.060545340180396999,-0.0021057929843664,0.062765151262283297,0.062765151262283297
PPICMM,2014-08-31,-0.0020804700907319784,-0.061431936919689102,-0.061431936919689102,-0.0020804703235626,0.063467383384704507,0.063467383384704507
PPICMM,2014-09-30,-0.0015032467199489474,-0.060419593006372403,-0.060419593006372403,-0.0015032468363642001,0.064139172434806796,0.064139172434806796
PPICMM,2014-10-31,-0.0015662136720493436,-0.060365062206983497,-0.060365062206983497,-0.0015662135556340001,0.0637358278036117,0.0637358278036117
PPICMM,2014-11-30,-0.0019262521527707577,-0.060103286057710599,-0.060103286057710599,-0.0019262526184320001,0.0625366792082786,0.0625366792082786
PPICMM,2014-12-31,-0.0006222416996024549,-0.058523841202259001,-0.058523841202259001,-0.00062224175781009998,0.063549317419528906,0.063549317419528906
PPICMM,2015-01-31,-0.00055765482829883695,-0.058544907718896803,-0.058544907718896803,-0.00055765453726049996,0.063658617436885806,0.063658617436885806
REALLN,2013-02-28,-0.00037898682057857513,-0.0057935626246035004,-0.0057935626246035004,-0.0003789868205785,0.0049815494567154997,0.0049815494567154997
REALLN,2013-03-31,-0.00050316599663347006,-0.0061927633360027998,-0.0061927633360027998,-0.00050316599663340002,0.0050740977749228,0.0050740977749228
REALLN,2013-04-30,0.00056177901569753885,-0.0052582519128917997,-0.0052582519128917997,0.00056177901569750004,0.0061925579793750997,0.0061925579793750997
REALLN,2013-05-31,0.00081169902114197612,-0.0050772568210959001,-0.0050772568210959001,0.00081169903569379995,0.0064631095156072998,0.0064631095156072998
REALLN,2013-06-30,-0.00015398921095766127,-0.0061213718727231,-0.0061213718727231,-0.0001539891818538,0.0055112927220761004,0.0055112927220761004
REALLN,2013-07-31,-0.00015569037350360304,-0.0061433752998709002,-0.0061433752998709002,-0.00015569035895159999,0.0055190217681229002,0.0055190217681229002
REALLN,2013-08-31,0.00034663162659853697,-0.0056601860560475999,-0.0056601860560475999,0.0003466316265985,0.0060134413652122003,0.0060134413652122003
REALLN,2013-09-30,-0.00017681819736026227,-0.0061459518037736,-0.0061459518037736,-0.00017681822646400001,0.0054693622514605002,0.0054693622514605002
REALLN,2013-10-31,-4.7108578655752353e-06,-0.006027266383171,-0.006027266383171,-4.7108624130487442e-06,0.0056987870484590001,0.0056987870484590001
REALLN,2013-11-30,0.00025708199245855212,-0.0057905628345905997,-0.0057905628345905997,0.00025708205066620003,0.0059947692789136999,0.0059947692789136999
REALLN,2013-12-31,0.00014240563905332237,-0.0059634856879711004,-0.0059634856879711004,0.000142405682709,0.0058923535980283997,0.0058923535980283997
REALLN,2014-01-31,0.0003021304146386683,-0.0057788146659730998,-0.0057788146659730998,0.00030213047284629999,0.0059974854812025998,0.0059974854812025998
REALLN,2014-02-28,0.00022260569676291198,-0.0058953748084604003,-0.0058953748084604003,0.00022260571131479999,0.0059171249158679997,0.0059171249158679997
REALLN,2014-03-31,4.4016982428729534e-05,-0.0060879113152623003,-0.0060879113152623003,4.4016982428729534e-05,0.0057220193557441,0.0057220193557441
REALLN,2014-04-30,1.5187131793936715e-05,-0.0061421100981532998,-0.0061421100981532998,1.5187135431915522e-05,0.0057586436159908,0.0057586436159908
REALLN,2014-05-31,-5.5563967180205509e-05,-0.0061895740218459996,-0.0061895740218459996,-5.5563985370099545e-05,0.0056265238672494004,0.0056265238672494004
REALLN,2014-06-30,-0.00027611252153292298,-0.0063708783127367002,-0.0063708783127367002,-0.00027611257974049998,0.0053816447034477997,0.0053816447034477997
REALLN,2014-07-31,-9.5246095952461474e-06,-0.0060619967989623,-0.0060619967989623,-9.5246359705925005e-06,0.0055817770771682002,0.0055817770771682002
REALLN,2014-08-31,0.00014308208483271301,-0.0060037244111299003,-0.0060037244111299003,0.00014308211393649999,0.0058300402015447001,0.0058300402015447001
REALLN,2014-09-30,0.00020216559641994536,-0.0059049371629953003,-0.0059049371629953003,0.00020216556731609999,0.0059193191118537998,0.0059193191118537998
REALLN,2014-10-31,0.00043429218931123614,-0.0057657714933155996,-0.0057657714933155996,0.00043429218931119998,0.0061542978510260001,0.0061542978510260001
REALLN,2014-11-30,0.00032453791936859488,-0.0058016097173094004,-0.0058016097173094004,0.00032453791936850002,0.0060077384114265,0.0060077384114265
REALLN,2014-12-31,-4.3352243665140122e-05,-0.0061792037449776996,-0.0061792037449776996,-4.3352250941097736e-05,0.0057148258201776998,0.0057148258201776998
REALLN,2015-01-31,-7.924732199171558e-05,-0.0061929617077111998,-0.0061929617077111998,-7.9247343819588423e-05,0.0056495200842617997,0.0056495200842617997
RETAILx,2013-02-28,0.0044163619168102741,-0.0056099444627760999,-0.0056099444627760999,0.0044163619168102004,0.013664369471371099,0.013664369471371099
RETAILx,2013-03-31,0.0044761192984879017,-0.0062464522197841999,-0.0062464522197841999,0.0044761192984879,0.0143101383000612,0.0143101383000612
RETAILx,2013-04-30,0.0046217744238674641,-0.0064426446333527001,-0.0064426446333527001,0.0046217744238673999,0.014568272978067299,0.014568272978067299
RETAILx,2013-05-31,0.0045777903869748116,-0.0066737681627272996,-0.0066737681627272996,0.0045777903869748003,0.0145111698657274,0.0145111698657274
RETAILx,2013-06-30,0.0044511505402624607,-0.0069781458005309001,-0.0069781458005309001,0.0044511505402624,0.0145223857834935,0.0145223857834935
RETAILx,2013-07-31,0.0044250292703509331,-0.0070665283128619003,-0.0070665283128619003,0.0044250292703509001,0.0145578645169734,0.0145578645169734
RETAILx,2013-08-31,0.004440507385879755,-0.0070715155452489003,-0.0070715155452489003,0.0044405073858797004,0.014479534700512799,0.014479534700512799
RETAILx,2013-09-30,0.0042063891887664795,-0.0073130996897815999,-0.0073130996897815999,0.0042063891887663997,0.014283026568591499,0.014283026568591499
RETAILx,2013-10-31,0.0041752718389034271,-0.0075293360278010004,-0.0075293360278010004,0.0041752718389034002,0.014434349723160199,0.014434349723160199
RETAILx,2013-11-30,0.0042855720967054367,-0.0075186975300311999,-0.0075186975300311999,0.0042855720967054003,0.0146369347348809,0.0146369347348809
RETAILx,2013-12-31,0.0043017864227294922,-0.0074951639398931997,-0.0074951639398931997,0.0043017864227294002,0.014552189968526299,0.014552189968526299
RETAILx,2014-01-31,0.0043644020333886147,-0.0073227686807513003,-0.0073227686807513003,0.0043644020333885999,0.014438111335039101,0.014438111335039101
RETAILx,2014-02-28,0.0043892539106309414,-0.0074108941480516997,-0.0074108941480516997,0.0043892539106308998,0.0146145885810256,0.0146145885810256
RETAILx,2014-03-31,0.0043502477928996086,-0.0073566036298870997,-0.0073566036298870997,0.0043502477928995999,0.0144677525386214,0.0144677525386214
RETAILx,2014-04-30,0.0042587146162986755,-0.0074723428115248004,-0.0074723428115248004,0.0042587146162986001,0.014440186321735301,0.014440186321735301
RETAILx,2014-05-31,0.004066921304911375,-0.0078000687062739996,-0.0078000687062739996,0.0040669213049112996,0.0143098505213856,0.0143098505213856
RETAILx,2014-06-30,0.0041652643121778965,-0.0077200783416627996,-0.0077200783416627996,0.0041652643121778002,0.0143246566876769,0.0143246566876769
RETAILx,2014-07-31,0.0042347842827439308,-0.0075546391308306997,-0.0075546391308306997,0.0042347842827438996,0.014324574731290301,0.014324574731290301
RETAILx,2014-08-31,0.0043988218531012535,-0.0075339553877711001,-0.0075339553877711001,0.0043988218531011997,0.014704111032187901,0.014704111032187901
RETAILx,2014-09-30,0.004460556898266077,-0.0075165200978517003,-0.0075165200978517003,0.0044605568982659998,0.0147077245637774,0.0147077245637774
RETAILx,2014-10-31,0.0044627329334616661,-0.0075417412444949003,-0.0075417412444949003,0.0044627329334616002,0.014659684151410999,0.014659684151410999
RETAILx,2014-11-30,0.0046853511594235897,-0.0073932390660047002,-0.0073932390660047002,0.0046853511594235004,0.014853794127702699,0.014853794127702699
RETAILx,2014-12-31,0.0047422987408936024,-0.0073872255161404003,-0.0073872255161404003,0.0047422987408935998,0.0149511657655239,0.0149511657655239
RETAILx,2015-01-31,0.0048127057962119579,-0.0075419200584292004,-0.0075419200584292004,0.0048127057962118998,0.0151880104094743,0.0151880104094743
RPI,2013-02-28,0.0019950284622609615,-0.0074004726484416996,-0.0074004726484416996,0.0019950284622608999,0.0097723584622144005,0.0097723584622144005
RPI,2013-03-31,0.0022081227507442236,-0.0074990363791583997,-0.0074990363791583997,0.0022081227507442002,0.0098114013671875,0.0098114013671875
RPI,2013-04-30,0.0021031450014561415,-0.0075348112732172004,-0.0075348112732172004,0.0021031450014560998,0.0092431986704467999,0.0092431986704467999
RPI,2013-05-31,0.0021518371067941189,-0.0073377657681703004,-0.0073377657681703004,0.0021518371067940998,0.0088666435331105995,0.0088666435331105995
RPI,2013-06-30,0.0022834581322968006,-0.0069644171744585003,-0.0069644171744585003,0.0022834581322968002,0.0086590852588415007,0.0086590852588415007
RPI,2013-07-31,0.0022173863835632801,-0.0070129046216606998,-0.0070129046216606998,0.0022173863835631999,0.0083805657923220998,0.0083805657923220998
RPI,2013-08-31,0.0024374641943722963,-0.0066822310909628001,-0.0066822310909628001,0.0024374641943722001,0.0084648169577121006,0.0084648169577121006
RPI,2013-09-30,0.0024557407014071941,-0.0065346537157892999,-0.0065346537157892999,0.0024557407014071,0.008353884331882,0.008353884331882
RPI,2013-10-31,0.0025614062324166298,-0.0061981258913874002,-0.0061981258913874002,0.0025614062324165999,0.0084627447649836002,0.0084627447649836002
RPI,2013-11-30,0.0031193539034575224,-0.0055497167631983002,-0.0055497167631983002,0.0031193539034574998,0.0089233331382274003,0.0089233331382274003
RPI,2013-12-31,0.0033950218930840492,-0.0050746500492095002,-0.0050746500492095002,0.0033950218930839998,0.0092050246894358999,0.0092050246894358999
RPI,2014-01-31,0.0025526899844408035,-0.0060432599857449002,-0.0060432599857449002,0.0025526899844408001,0.0082816164940595002,0.0082816164940595002
RPI,2014-02-28,0.0028705259319394827,-0.0056557767093181003,-0.0056557767093181003,0.0028705259319393999,0.0083856172859668003,0.0083856172859668003
RPI,2014-03-31,0.0029210238717496395,-0.0057075582444667001,-0.0057075582444667001,0.0029210238717496,0.0084577649831771001,0.0084577649831771001
RPI,2014-04-30,0.002778682392090559,-0.0058344407007097998,-0.0058344407007097998,0.0027786823920905,0.0083509441465139007,0.0083509441465139007
RPI,2014-05-31,0.00266686687245965,-0.0060970066115260003,-0.0060970066115260003,0.0026668668724596002,0.0081568518653512001,0.0081568518653512001
RPI,2014-06-30,0.0026864141691476107,-0.0062386495992541001,-0.0062386495992541001,0.0026864141691475998,0.0081048244610427995,0.0081048244610427995
RPI,2014-07-31,0.002527706790715456,-0.0064839748665689997,-0.0064839748665689997,0.0025277067907154001,0.0079394197091460002,0.0079394197091460002
RPI,2014-08-31,0.0025719590485095978,-0.0065779956057667004,-0.0065779956057667004,0.0025719590485095002,0.0081560583785176,0.0081560583785176
RPI,2014-09-30,0.0024645545054227114,-0.0066870823502539999,-0.0066870823502539999,0.0024645545054227001,0.0080879703164100005,0.0080879703164100005
RPI,2014-10-31,0.0025614108890295029,-0.0066665560007094999,-0.0066665560007094999,0.0025614108890294998,0.0081116147339344007,0.0081116147339344007
RPI,2014-11-30,0.002660658210515976,-0.0066721206530927996,-0.0066721206530927996,0.0026606582105159001,0.0081405537202953997,0.0081405537202953997
RPI,2014-12-31,0.0032753464765846729,-0.0059989364817738004,-0.0059989364817738004,0.0032753464765846001,0.0086875436827539999,0.0086875436827539999
RPI,2015-01-31,0.0022362782619893551,-0.0070776771754025997,-0.0070776771754025997,0.0022362782619893,0.0076764239929616,0.0076764239929616
S&P 500,2013-02-28,0.017548985779285431,-0.019762638956308299,-0.019762638956308299,0.0175489857792854,0.050242546945810297,0.050242546945810297
S&P 500,2013-03-31,0.015542211942374706,-0.023750562220811799,-0.023750562220811799,0.015542211942374699,0.049637828022241502,0.049637828022241502
S&P 500,2013-04-30,0.015419872477650642,-0.025038432329893098,-0.025038432329893098,0.015419872477650601,0.050097785890102303,0.050097785890102303
S&P 500,2013-05-31,0.013914925046265125,-0.027286447584629,-0.027286447584629,0.013914925046265099,0.049012303352355902,0.049012303352355902
S&P 500,2013-06-30,0.010940332897007465,-0.030340030789375302,-0.030340030789375302,0.010940332897007399,0.046429622918367303,0.046429622918367303
S&P 500,2013-07-31,0.010824877768754959,-0.030855078250169699,-0.030855078250169699,0.0108248775359243,0.046559732407331397,0.046559732407331397
S&P 500,2013-08-31,0.011480661109089851,-0.0306897349655628,-0.0306897349655628,0.011480661109089799,0.0471775867044925,0.0471775867044925
S&P 500,2013-09-30,0.011703608557581902,-0.031111579388379999,-0.031111579388379999,0.0117036085575819,0.047492455691099097,0.047492455691099097
S&P 500,2013-10-31,0.012014666572213173,-0.030687615275382898,-0.030687615275382898,0.0120146665722131,0.048253748565912198,0.048253748565912198
S&P 500,2013-11-30,0.013836761936545372,-0.029434461146593,-0.029434461146593,0.013836761936545299,0.050392825156450202,0.050392825156450202
S&P 500,2013-12-31,0.012225602753460407,-0.0310464054346084,-0.0310464054346084,0.0122256027534604,0.049208682030439301,0.049208682030439301
S&P 500,2014-01-31,0.010173819959163666,-0.033281479030847501,-0.033281479030847501,0.010173819726333,0.047270908951759297,0.047270908951759297
S&P 500,2014-02-28,0.011066049337387085,-0.032387763261795002,-0.032387763261795002,0.011066049337387,0.048271726816892603,0.048271726816892603
S&P 500,2014-03-31,0.012537871487438679,-0.031163584440946499,-0.031163584440946499,0.012537871487438601,0.0494280457496643,0.0494280457496643
S&P 500,2014-04-30,0.011988654732704163,-0.031736839562654398,-0.031736839562654398,0.0119886547327041,0.048773948103189399,0.048773948103189399
S&P 500,2014-05-31,0.010721449740231037,-0.033270798623561797,-0.033270798623561797,0.0107214495074003,0.047705583274364402,0.047705583274364402
S&P 500,2014-06-30,0.011358456686139107,-0.033292386680841397,-0.033292386680841397,0.0113584566861391,0.0484061576426029,0.0484061576426029
S&P 500,2014-07-31,0.0097000673413276672,-0.034779645502567201,-0.034779645502567201,0.0097000671084969993,0.047151394188404,0.047151394188404
S&P 500,2014-08-31,0.0081638498231768608,-0.036681842058896998,-0.036681842058896998,0.0081638498231768001,0.046183142811059903,0.046183142811059903
S&P 500,2014-09-30,0.010141095146536827,-0.034952323883771799,-0.034952323883771799,0.0101410953793674,0.0478580519556999,0.0478580519556999
S&P 500,2014-10-31,0.012178219854831696,-0.032579861581325503,-0.032579861581325503,0.0121782198548316,0.049316089600324603,0.049316089600324603
S&P 500,2014-11-30,0.013194995000958443,-0.031131401658058101,-0.031131401658058101,0.013194995000958399,0.049940276890993097,0.049940276890993097
S&P 500,2014-12-31,0.013649383559823036,-0.030781406909227298,-0.030781406909227298,0.013649383559823,0.050105646252632099,0.050105646252632099
S&P 500,2015-01-31,0.015363117679953575,-0.029085610061883899,-0.029085610061883899,0.015363117679953501,0.052048716694116502,0.052048716694116502
S&P PE ratio,2013-02-28,0.016900883987545967,-0.021040873602032599,-0.021040873602032599,0.016900883987545901,0.0519885309040546,0.0519885309040546
S&P PE ratio,2013-03-31,0.014061913825571537,-0.0271617677062749,-0.0271617677062749,0.014061913825571501,0.0519744157791137,0.0519744157791137
S&P PE ratio,2013-04-30,0.01293182373046875,-0.031114175915717999,-0.031114175915717999,0.012931824196129999,0.052792817354202201,0.052792817354202201
S&P PE ratio,2013-05-31,0.010736648924648762,-0.034859437495469998,-0.034859437495469998,0.010736648691818101,0.051942542195320102,0.051942542195320102
S&P PE ratio,2013-06-30,0.0083371205255389214,-0.038741830736398697,-0.038741830736398697,0.0083371207001619006,0.050860352814197499,0.050860352814197499
S&P PE ratio,2013-07-31,0.0078586181625723839,-0.039790909737348501,-0.039790909737348501,0.0078586182207799997,0.051894437521696,0.051894437521696
S&P PE ratio,2013-08-31,0.008596501313149929,-0.039788518100976902,-0.039788518100976902,0.0085965011967346003,0.053041033446788698,0.053041033446788698
S&P PE ratio,2013-09-30,0.007120057474821806,-0.041835151612758602,-0.041835151612758602,0.0071200577076524002,0.052267637103795998,0.052267637103795998
S&P PE ratio,2013-10-31,0.0068202978000044823,-0.042414493858814198,-0.042414493858814198,0.0068202975671737996,0.052287913858890499,0.052287913858890499
S&P PE ratio,2013-11-30,0.0068678534589707851,-0.042921639978885602,-0.042921639978885602,0.0068678536918014002,0.052501019090413999,0.052501019090413999
S&P PE ratio,2013-12-31,0.0048414347693324089,-0.045076496899127898,-0.045076496899127898,0.0048414352349935999,0.050575070083141299,0.050575070083141299
S&P PE ratio,2014-01-31,0.0040604644455015659,-0.045928124338388401,-0.045928124338388401,0.0040604649111628003,0.049858510494232101,0.049858510494232101
S&P PE ratio,2014-02-28,0.0046450765803456306,-0.045361533761024399,-0.045361533761024399,0.0046450765803456003,0.051063667982816599,0.051063667982816599
S&P PE ratio,2014-03-31,0.0052269245497882366,-0.044413592666387502,-0.044413592666387502,0.0052269245497882002,0.0517711341381073,0.0517711341381073
S&P PE ratio,2014-04-30,0.0044779637828469276,-0.045022793114185299,-0.045022793114185299,0.0044779633171855996,0.0506869331002235,0.0506869331002235
S&P PE ratio,2014-05-31,0.0028982937801629305,-0.046891115605831098,-0.046891115605831098,0.0028982935473322001,0.049509719014167702,0.049509719014167702
S&P PE ratio,2014-06-30,0.0029839531052857637,-0.0471885353326797,-0.0471885353326797,0.0029839528724551001,0.050112470984458903,0.050112470984458903
S&P PE ratio,2014-07-31,0.001339880283921957,-0.048972509801387697,-0.048972509801387697,0.0013398802839219,0.048691134899854598,0.048691134899854598
S&P PE ratio,2014-08-31,0.00024246447719633579,-0.0511468090116977,-0.0511468090116977,0.00024246424436560001,0.048285380005836397,0.048285380005836397
S&P PE ratio,2014-09-30,0.00082571967504918575,-0.050669372081756502,-0.050669372081756502,0.00082571990787980002,0.048830036073923097,0.048830036073923097
S&P PE ratio,2014-10-31,0.0030474977102130651,-0.047617364674806498,-0.047617364674806498,0.0030474979430437001,0.050658777356147697,0.050658777356147697
S&P PE ratio,2014-11-30,0.0042712581343948841,-0.046175554394721902,-0.046175554394721902,0.0042712581343948,0.051508165895938797,0.051508165895938797
S&P PE ratio,2014-12-31,0.0052559636533260345,-0.045282386243343298,-0.045282386243343298,0.0052559631876647004,0.0522692278027534,0.0522692278027534
S&P PE ratio,2015-01-31,0.0070905899628996849,-0.043765742331743199,-0.043765742331743199,0.0070905899628995999,0.0545015968382358,0.0545015968382358
S&P div yield,2013-02-28,-0.020832758396863937,-0.1025141477584838,-0.1025141477584838,-0.020832758396863899,0.070234969258308397,0.070234969258308397
S&P div yield,2013-03-31,-0.01378173939883709,-0.099417276680469499,-0.099417276680469499,-0.013781739398836999,0.082253530621528598,0.082253530621528598
S&P div yield,2013-04-30,-0.010836910456418991,-0.097855947911739294,-0.097855947911739294,-0.010836910456418899,0.088399864733219105,0.088399864733219105
S&P div yield,2013-05-31,-0.0087664080783724785,-0.097260959446430206,-0.097260959446430206,-0.0087664090096949993,0.092089526355266502,0.092089526355266502
S&P div yield,2013-06-30,-0.0036476955283433199,-0.092749461531639099,-0.092749461531639099,-0.0036476962268352001,0.096958354115486103,0.096958354115486103
S&P div yield,2013-07-31,-0.0028262380510568619,-0.091925181448459597,-0.091925181448459597,-0.0028262380510567999,0.0980267524719238,0.0980267524719238
S&P div yield,2013-08-31,-0.0029322891496121883,-0.092551790177822099,-0.092551790177822099,-0.0029322896152734002,0.099066205322742407,0.099066205322742407
S&P div yield,2013-09-30,-0.0032340451143682003,-0.093953780829906394,-0.093953780829906394,-0.0032340455800294,0.099041432142257593,0.099041432142257593
S&P div yield,2013-10-31,-0.0023857476189732552,-0.092894710600376101,-0.092894710600376101,-0.0023857466876505999,0.1003585532307624,0.1003585532307624
S&P div yield,2013-11-30,-0.0044222595170140266,-0.095470115542411804,-0.095470115542411804,-0.0044222585856914,0.099459171295166002,0.099459171295166002
S&P div yield,2013-12-31,-0.0032915724441409111,-0.094251900911331093,-0.094251900911331093,-0.0032915733754633998,0.1011676490306854,0.1011676490306854
S&P div yield,2014-01-31,-0.0027238642796874046,-0.094818457961082403,-0.094818457961082403,-0.0027238652110098999,0.1019190996885299,0.1019190996885299
S&P div yield,2014-02-28,-0.0028363354504108429,-0.0946502014994621,-0.0946502014994621,-0.0028363354504108,0.1019879207015037,0.1019879207015037
S&P div yield,2014-03-31,-0.003685045288875699,-0.0947233140468597,-0.0947233140468597,-0.0036850459873676001,0.1003199741244316,0.1003199741244316
S&P div yield,2014-04-30,-0.0031666483264416456,-0.094148352742195102,-0.094148352742195102,-0.0031666476279496999,0.1015436202287674,0.1015436202287674
S&P div yield,2014-05-31,-0.0020693284459412098,-0.093703009188175201,-0.093703009188175201,-0.0020693279802798999,0.10183410346508021,0.10183410346508021
S&P div yield,2014-06-30,0.00043128849938511848,-0.091532960534095695,-0.091532960534095695,0.00043128803372380001,0.10463563352823251,0.10463563352823251
S&P div yield,2014-07-31,0.0030006882734596729,-0.089284561574459007,-0.089284561574459007,0.0030006887391209,0.1062446236610412,0.1062446236610412
S&P div yield,2014-08-31,0.0042505674064159393,-0.091676734387874603,-0.091676734387874603,0.0042505683377385001,0.10990171134471891,0.10990171134471891
S&P div yield,2014-09-30,0.0021815639920532703,-0.093436069786548601,-0.093436069786548601,0.0021815635263919002,0.1088244915008544,0.1088244915008544
S&P div yield,2014-10-31,-0.0013158523943275213,-0.095970369875431005,-0.095970369875431005,-0.0013158526271580999,0.10488758981227871,0.10488758981227871
S&P div yield,2014-11-30,-0.0038076776545494795,-0.096846066415309906,-0.096846066415309906,-0.0038076769560575,0.1023935452103614,0.1023935452103614
S&P div yield,2014-12-31,-0.0071025490760803223,-0.099392883479595101,-0.099392883479595101,-0.0071025490760802997,0.098822049796581199,0.098822049796581199
S&P div yield,2015-01-31,-0.0093110203742980957,-0.10302719473838801,-0.10302719473838801,-0.0093110203742980003,0.097380638122558594,0.097380638122558594
SRVPRD,2013-02-28,0.0012772344052791595,0.0001592863118276,0.0001592863118276,0.0012772344052790999,0.0023378501646219999,0.0023378501646219999
SRVPRD,2013-03-31,0.0012933015823364258,0.0001193907810375,0.0001193907810375,0.0012933015823364,0.0024112672545015001,0.0024112672545015001
SRVPRD,2013-04-30,0.0012732624309137464,3.9232778362929821e-05,3.9232778362929821e-05,0.0012732624309137,0.0024177397135644999,0.0024177397135644999
SRVPRD,2013-05-31,0.0012619114713743329,-3.6569545045495033e-06,-3.6569545045495033e-06,0.0012619114713742999,0.0024130051024257998,0.0024130051024257998
SRVPRD,2013-06-30,0.0012760187964886427,-1.7220270819962025e-05,-1.7220270819962025e-05,0.0012760187964886,0.0024495446123182002,0.0024495446123182002
SRVPRD,2013-07-31,0.0013096708571538329,-2.7467147447168827e-05,-2.7467147447168827e-05,0.0013096708571538,0.0024772901087999001,0.0024772901087999001
SRVPRD,2013-08-31,0.0012798766838386655,-5.1361974328756332e-05,-5.1361974328756332e-05,0.0012798766838386,0.0024698204360902002,0.0024698204360902002
SRVPRD,2013-09-30,0.001305047539062798,-5.315395537763834e-05,-5.315395537763834e-05,0.0013050475390627,0.0025217668153344999,0.0025217668153344999
SRVPRD,2013-10-31,0.0012976930011063814,-0.0001085469266399,-0.0001085469266399,0.0012976930011063001,0.0025426053907722001,0.0025426053907722001
SRVPRD,2013-11-30,0.0012868504272773862,-0.0001593100605532,-0.0001593100605532,0.0012868504272773001,0.0025845773052424002,0.0025845773052424002
SRVPRD,2013-12-31,0.0012438136618584394,-0.00022719334810969999,-0.00022719334810969999,0.0012438136618584,0.0025678088422863999,0.0025678088422863999
SRVPRD,2014-01-31,0.0013016196899116039,-0.0002014330821111,-0.0002014330821111,0.0013016196899116,0.0026078654918818998,0.0026078654918818998
SRVPRD,2014-02-28,0.0013147315476089716,-0.00020710402168330001,-0.00020710402168330001,0.0013147315476089,0.0026357746683061001,0.0026357746683061001
SRVPRD,2014-03-31,0.0013360489392653108,-0.00017916038632389999,-0.00017916038632389999,0.0013360489392652999,0.0026828879490494,0.0026828879490494
SRVPRD,2014-04-30,0.0013219978427514434,-0.00022830476518720001,-0.00022830476518720001,0.0013219978427514,0.0026838011108338,0.0026838011108338
SRVPRD,2014-05-31,0.0013244989095255733,-0.00027034513186660001,-0.00027034513186660001,0.0013244989095255,0.0027274789754301002,0.0027274789754301002
SRVPRD,2014-06-30,0.0012839726405218244,-0.00035001139622180001,-0.00035001139622180001,0.0012839726405218001,0.0027167624793946001,0.0027167624793946001
SRVPRD,2014-07-31,0.0012644864618778229,-0.00039048341568549997,-0.00039048341568549997,0.0012644864618778001,0.0027007958851754002,0.0027007958851754002
SRVPRD,2014-08-31,0.0012824570294469595,-0.00041250314097850002,-0.00041250314097850002,0.0012824570294469001,0.0027833110652862999,0.0027833110652862999
SRVPRD,2014-09-30,0.0013380604796111584,-0.00037918181624260001,-0.00037918181624260001,0.0013380604796111,0.0028319209814071,0.0028319209814071
SRVPRD,2014-10-31,0.0013752784579992294,-0.00036126456689080001,-0.00036126456689080001,0.0013752784579991999,0.0028546664398163002,0.0028546664398163002
SRVPRD,2014-11-30,0.0013771206140518188,-0.0003769040340557,-0.0003769040340557,0.0013771206140518,0.0028682707343250001,0.0028682707343250001
SRVPRD,2014-12-31,0.0013636988587677479,-0.00040482461918140003,-0.00040482461918140003,0.0013636988587677,0.0028754801023750999,0.0028754801023750999
SRVPRD,2015-01-31,0.001356921624392271,-0.000458380091004,-0.000458380091004,0.0013569216243921999,0.0028983710799366002,0.0028983710799366002
T10YFFM,2013-02-28,1.8513884544372559,1.668545126914978,1.668545126914978,1.8513884544372561,2.0630512237548828,2.0630512237548828
T10YFFM,2013-03-31,1.9103732109069824,1.6901434659957886,1.6901434659957886,1.9103732109069824,2.1396574974060059,2.1396574974060059
T10YFFM,2013-04-30,1.9907736778259277,1.7529230117797852,1.7529230117797852,1.9907736778259275,2.2492015361785889,2.2492015361785889
T10YFFM,2013-05-31,2.1564974784851074,1.897899866104126,1.897899866104126,2.1564974784851074,2.4286494255065918,2.4286494255065918
T10YFFM,2013-06-30,2.2839455604553223,2.0217146873474121,2.0217146873474121,2.2839455604553223,2.5530757904052734,2.5530757904052734
T10YFFM,2013-07-31,2.4017877578735352,2.1659176349639893,2.1659176349639893,2.4017877578735352,2.6601724624633789,2.6601724624633789
T10YFFM,2013-08-31,2.5260450839996338,2.2959656715393062,2.2959656715393062,2.5260450839996338,2.7562026977539062,2.7562026977539062
T10YFFM,2013-09-30,2.5568757057189941,2.2878522872924805,2.2878522872924805,2.5568757057189941,2.766676664352417,2.766676664352417
T10YFFM,2013-10-31,2.5845041275024414,2.3705062866210938,2.3705062866210938,2.5845041275024414,2.7815666198730469,2.7815666198730469
T10YFFM,2013-11-30,2.5998573303222656,2.3713455200195312,2.3713455200195312,2.5998573303222656,2.8454303741455078,2.8454303741455078
T10YFFM,2013-12-31,2.6314620971679688,2.4133024215698242,2.4133024215698242,2.6314620971679688,2.8437938690185547,2.8437938690185547
T10YFFM,2014-01-31,2.5764317512512207,2.3363785743713379,2.3363785743713379,2.5764317512512207,2.8175439834594727,2.8175439834594727
T10YFFM,2014-02-28,2.4869480133056641,2.2640419006347656,2.2640419006347656,2.4869480133056641,2.6931257247924805,2.6931257247924805
T10YFFM,2014-03-31,2.4992899894714355,2.2764401435852051,2.2764401435852051,2.4992899894714355,2.7282676696777344,2.7282676696777344
T10YFFM,2014-04-30,2.5066397190093994,2.2865118980407715,2.2865118980407715,2.5066397190093994,2.7276268005371098,2.7276268005371098
T10YFFM,2014-05-31,2.4904608726501465,2.2454094886779785,2.2454094886779785,2.4904608726501465,2.7296938896179199,2.7296938896179199
T10YFFM,2014-06-30,2.4621987342834473,2.2082228660583496,2.2082228660583496,2.4621987342834473,2.6847739219665527,2.6847739219665527
T10YFFM,2014-07-31,2.4132132530212402,2.1476142406463623,2.1476142406463623,2.4132132530212398,2.6381824016571045,2.6381824016571045
T10YFFM,2014-08-31,2.3028473854064941,2.0257477760314941,2.0257477760314941,2.3028473854064941,2.4803478717803955,2.4803478717803955
T10YFFM,2014-09-30,2.2708463668823242,1.9911298751831057,1.9911298751831057,2.2708463668823242,2.4693372249603271,2.4693372249603271
T10YFFM,2014-10-31,2.276569128036499,2.0093233585357666,2.0093233585357666,2.276569128036499,2.4673268795013428,2.4673268795013428
T10YFFM,2014-11-30,2.2570419311523438,1.9652841091156008,1.9652841091156008,2.2570419311523442,2.5227060317993164,2.5227060317993164
T10YFFM,2014-12-31,2.1903772354125977,1.9092814922332764,1.9092814922332764,2.1903772354125977,2.4575176239013672,2.4575176239013672
T10YFFM,2015-01-31,2.1386091709136963,1.8629072904586792,1.8629072904586792,2.1386091709136963,2.411064624786377,2.411064624786377
T1YFFM,2013-02-28,0.018828609958291054,-0.0070151281543076004,-0.0070151281543076004,0.018828609958291002,0.029787102714180901,0.029787102714180901
T1YFFM,2013-03-31,0.015717605128884315,-0.0224245432764291,-0.0224245432764291,0.015717605128884302,0.0321861393749713,0.0321861393749713
T1YFFM,2013-04-30,0.015746656805276871,-0.034597992897033601,-0.034597992897033601,0.015746656805276801,0.045794058591127298,0.045794058591127298
T1YFFM,2013-05-31,0.039314832538366318,-0.019830422475934001,-0.019830422475934001,0.039314832538366297,0.079154163599014199,0.079154163599014199
T1YFFM,2013-06-30,0.044711083173751831,-0.024558860808610899,-0.024558860808610899,0.044711083173751803,0.090101279318332603,0.090101279318332603
T1YFFM,2013-07-31,0.046081647276878357,-0.022716367617249399,-0.022716367617249399,0.046081647276878301,0.099717691540717995,0.099717691540717995
T1YFFM,2013-08-31,0.058990631252527237,-0.010683329775929401,-0.010683329775929401,0.058990631252527202,0.1053456366062164,0.1053456366062164
T1YFFM,2013-09-30,0.047781649976968765,-0.027012625709176001,-0.027012625709176001,0.047781649976968703,0.1018225327134132,0.1018225327134132
T1YFFM,2013-10-31,0.032370459288358688,-0.0292309988290071,-0.0292309988290071,0.032370459288358598,0.083438299596309606,0.083438299596309606
T1YFFM,2013-11-30,0.042364723980426788,-0.026327919214963899,-0.026327919214963899,0.042364723980426698,0.1026408672332763,0.1026408672332763
T1YFFM,2013-12-31,0.035479020327329636,-0.0350942686200141,-0.0350942686200141,0.035479020327329601,0.093998603522777502,0.093998603522777502
T1YFFM,2014-01-31,0.039521798491477966,-0.034676656126975999,-0.034676656126975999,0.039521798491477897,0.1145161390304565,0.1145161390304565
T1YFFM,2014-02-28,0.04586009681224823,-0.043481472879648202,-0.043481472879648202,0.045860096812248202,0.11236066371202461,0.11236066371202461
T1YFFM,2014-03-31,0.062897346913814545,0.0046520861797034003,0.0046520861797034003,0.062897346913814503,0.12696690857410431,0.12696690857410431
T1YFFM,2014-04-30,0.069141916930675507,0.0084355790168045997,0.0084355790168045997,0.069141916930675507,0.13099004328250879,0.13099004328250879
T1YFFM,2014-05-31,0.072375617921352386,0.0138111785054206,0.0138111785054206,0.072375617921352303,0.14474520087242121,0.14474520087242121
T1YFFM,2014-06-30,0.067063860595226288,0.000152593711391,0.000152593711391,0.067063860595226205,0.1421382278203964,0.1421382278203964
T1YFFM,2014-07-31,0.063191875815391541,-0.010534673929214399,-0.010534673929214399,0.063191875815391499,0.145666629076004,0.145666629076004
T1YFFM,2014-08-31,0.068996742367744446,-0.0073606702499091001,-0.0073606702499091001,0.068996742367744404,0.13927388191223139,0.13927388191223139
T1YFFM,2014-09-30,0.06712544709444046,-0.0103467367589473,-0.0103467367589473,0.067125447094440405,0.1380291879177093,0.1380291879177093
T1YFFM,2014-10-31,0.083309546113014221,0.0067662131041288003,0.0067662131041288003,0.083309546113014193,0.1425861120223999,0.1425861120223999
T1YFFM,2014-11-30,0.092971585690975189,0.0063685411587357001,0.0063685411587357001,0.092971585690975106,0.1787517368793487,0.1787517368793487
T1YFFM,2014-12-31,0.11053551733493805,0.0073293712921440003,0.0073293712921440003,0.11053551733493799,0.19208000600337979,0.19208000600337979
T1YFFM,2015-01-31,0.12574152648448944,0.020153691992163599,0.020153691992163599,0.12574152648448941,0.21309737861156461,0.21309737861156461
T5YFFM,2013-02-28,0.82591050863265991,0.65468764305114746,0.65468764305114746,0.82591050863265991,1.0155353546142578,1.0155353546142578
T5YFFM,2013-03-31,0.92589163780212402,0.71367377042770386,0.71367377042770386,0.92589163780212402,1.1539024114608765,1.1539024114608765
T5YFFM,2013-04-30,1.0234405994415283,0.78925895690917969,0.78925895690917969,1.0234405994415283,1.2811300754547119,1.2811300754547119
T5YFFM,2013-05-31,1.1870467662811279,0.9363119602203368,0.9363119602203368,1.1870467662811279,1.4665679931640625,1.4665679931640625
T5YFFM,2013-06-30,1.2907986640930176,1.0269460678100586,1.0269460678100586,1.2907986640930176,1.5575027465820312,1.5575027465820312
T5YFFM,2013-07-31,1.3717062473297119,1.1282540559768677,1.1282540559768677,1.3717062473297119,1.626659631729126,1.626659631729126
T5YFFM,2013-08-31,1.460012674331665,1.2316330671310425,1.2316330671310425,1.460012674331665,1.6960819959640503,1.6960819959640503
T5YFFM,2013-09-30,1.4803787469863892,1.2308721542358398,1.2308721542358398,1.4803787469863892,1.7016415596008301,1.7016415596008301
T5YFFM,2013-10-31,1.4867703914642334,1.2822532653808594,1.2822532653808594,1.4867703914642334,1.6863317489624023,1.6863317489624023
T5YFFM,2013-11-30,1.5174124240875244,1.2972772121429443,1.2972772121429443,1.5174124240875244,1.7424445152282717,1.7424445152282717
T5YFFM,2013-12-31,1.5604875087738037,1.3594968318939209,1.3594968318939209,1.5604875087738037,1.7476701736450195,1.7476701736450195
T5YFFM,2014-01-31,1.5226200819015503,1.3197276592254641,1.3197276592254641,1.5226200819015503,1.7309019565582275,1.7309019565582275
T5YFFM,2014-02-28,1.4693143367767334,1.2735598087310791,1.2735598087310791,1.4693143367767334,1.6440238952636721,1.6440238952636721
T5YFFM,2014-03-31,1.5050269365310669,1.3252387046813965,1.3252387046813965,1.5050269365310669,1.7028443813323977,1.7028443813323977
T5YFFM,2014-04-30,1.5369458198547363,1.3505005836486816,1.3505005836486816,1.5369458198547363,1.7314751148223877,1.7314751148223877
T5YFFM,2014-05-31,1.5808093547821045,1.3796164989471436,1.3796164989471436,1.5808093547821045,1.7954208850860596,1.7954208850860596
T5YFFM,2014-06-30,1.5988274812698364,1.3862879276275637,1.3862879276275637,1.5988274812698364,1.8033474683761597,1.8033474683761597
T5YFFM,2014-07-31,1.5828983783721924,1.3431069850921631,1.3431069850921631,1.5828983783721924,1.7904835939407349,1.7904835939407349
T5YFFM,2014-08-31,1.5082924365997314,1.2575664520263672,1.2575664520263672,1.5082924365997314,1.677976131439209,1.677976131439209
T5YFFM,2014-09-30,1.4731090068817139,1.2230967283248899,1.2230967283248899,1.4731090068817141,1.668276309967041,1.668276309967041
T5YFFM,2014-10-31,1.4839050769805908,1.2332968711853027,1.2332968711853027,1.4839050769805908,1.6681766510009766,1.6681766510009766
T5YFFM,2014-11-30,1.4837586879730225,1.2178213596343994,1.2178213596343994,1.4837586879730225,1.7339936494827271,1.7339936494827271
T5YFFM,2014-12-31,1.4282536506652832,1.1647657155990601,1.1647657155990601,1.4282536506652832,1.6710586547851562,1.6710586547851562
T5YFFM,2015-01-31,1.3858094215393066,1.1300215721130371,1.1300215721130371,1.3858094215393066,1.6364915370941162,1.6364915370941162
TB3MS,2013-02-28,0.0016396259889006615,-0.063159845769405296,-0.063159845769405296,0.0016396264545619,0.053183421492576599,0.053183421492576599
TB3MS,2013-03-31,0.005208924412727356,-0.064768299460411002,-0.064768299460411002,0.0052089244127272996,0.062659405171871102,0.062659405171871102
TB3MS,2013-04-30,0.00062787812203168869,-0.076185882091522203,-0.076185882091522203,0.0006278781220316,0.062527984380722004,0.062527984380722004
TB3MS,2013-05-31,0.00080585479736328125,-0.078538827598094899,-0.078538827598094899,0.00080585479736320004,0.063055358827114105,0.063055358827114105
TB3MS,2013-06-30,-0.00072284974157810211,-0.085995763540267903,-0.085995763540267903,-0.00072284974157810005,0.066346071660518605,0.066346071660518605
TB3MS,2013-07-31,0.0030701924115419388,-0.083978347480297005,-0.083978347480297005,0.0030701924115419002,0.072168476879596696,0.072168476879596696
TB3MS,2013-08-31,0.0023129731416702271,-0.087224312126636505,-0.087224312126636505,0.0023129731416702002,0.073483906686306,0.073483906686306
TB3MS,2013-09-30,-0.0017486317083239555,-0.096435800194740295,-0.096435800194740295,-0.0017486317083239,0.0743549764156341,0.0743549764156341
TB3MS,2013-10-31,-0.0071659274399280548,-0.11042542010545731,-0.11042542010545731,-0.0071659274399280002,0.074083372950553894,0.074083372950553894
TB3MS,2013-11-30,-0.0043279323726892471,-0.1128577440977096,-0.1128577440977096,-0.0043279323726892003,0.081937804818153298,0.081937804818153298
TB3MS,2013-12-31,-0.0071595753543078899,-0.1219037175178527,-0.1219037175178527,-0.0071595758199691001,0.084329850971698705,0.084329850971698705
TB3MS,2014-01-31,-0.0066710738465189934,-0.1224401295185089,-0.1224401295185089,-0.0066710747778415003,0.082034491002559606,0.082034491002559606
TB3MS,2014-02-28,-0.0064863222651183605,-0.1355164498090744,-0.1355164498090744,-0.0064863227307796001,0.093229003250598894,0.093229003250598894
TB3MS,2014-03-31,-0.0040221521630883217,-0.13030196726322171,-0.13030196726322171,-0.0040221512317657002,0.090210162103176103,0.090210162103176103
TB3MS,2014-04-30,-0.0099107697606086731,-0.14491358399391169,-0.14491358399391169,-0.0099107697606086002,0.093891270458698203,0.093891270458698203
TB3MS,2014-05-31,-0.0097746662795543671,-0.15392348170280451,-0.15392348170280451,-0.0097746662795542994,0.1012765690684318,0.1012765690684318
TB3MS,2014-06-30,-0.011185608804225922,-0.1574882566928863,-0.1574882566928863,-0.011185608804225901,0.103678174316883,0.103678174316883
TB3MS,2014-07-31,-0.01064730528742075,-0.1596939265727996,-0.1596939265727996,-0.010647305287420699,0.10575315356254569,0.10575315356254569
TB3MS,2014-08-31,-0.010692911222577095,-0.17530845105648041,-0.17530845105648041,-0.010692911222577,0.12384305149316779,0.12384305149316779
TB3MS,2014-09-30,-0.010832360945641994,-0.17956081032752991,-0.17956081032752991,-0.010832360945641901,0.1270463615655899,0.1270463615655899
TB3MS,2014-10-31,-0.015031999908387661,-0.1865280419588089,-0.1865280419588089,-0.015032000839710199,0.1189067587256431,0.1189067587256431
TB3MS,2014-11-30,-0.0081141078844666481,-0.1760434806346893,-0.1760434806346893,-0.0081141069531440006,0.1220027282834053,0.1220027282834053
TB3MS,2014-12-31,-0.009029146283864975,-0.1810058206319809,-0.1810058206319809,-0.0090291462838649004,0.12576441466808319,0.12576441466808319
TB3MS,2015-01-31,-0.0094549953937530518,-0.19037908315658569,-0.19037908315658569,-0.0094549953937529997,0.13502310216426849,0.13502310216426849
TB3SMFFM,2013-02-28,-0.057096242904663086,-0.097343593835830605,-0.097343593835830605,-0.057096242904663003,-0.0277072787284851,-0.0277072787284851
TB3SMFFM,2013-03-31,-0.059604644775390625,-0.099512755870818995,-0.099512755870818995,-0.059604644775390597,-0.025617957115173302,-0.025617957115173302
TB3SMFFM,2013-04-30,-0.065854251384735107,-0.1181087493896484,-0.1181087493896484,-0.065854251384735094,-0.0321053266525268,-0.0321053266525268
TB3SMFFM,2013-05-31,-0.067465305328369141,-0.12636888027191159,-0.12636888027191159,-0.067465305328369099,-0.0278759598731994,-0.0278759598731994
TB3SMFFM,2013-06-30,-0.073494553565979004,-0.1327749490737915,-0.1327749490737915,-0.073494553565979004,-0.020153224468231201,-0.020153224468231201
TB3SMFFM,2013-07-31,-0.077096700668334961,-0.1396260261535644,-0.1396260261535644,-0.077096700668334905,-0.024974167346954301,-0.024974167346954301
TB3SMFFM,2013-08-31,-0.078529685735702515,-0.1449892520904541,-0.1449892520904541,-0.078529685735702501,-0.019984960556030201,-0.019984960556030201
TB3SMFFM,2013-09-30,-0.087441504001617432,-0.16626524925231931,-0.16626524925231931,-0.087441504001617404,-0.0252729058265686,-0.0252729058265686
TB3SMFFM,2013-10-31,-0.081571519374847412,-0.15180316567420959,-0.15180316567420959,-0.081571519374847398,-0.031225383281707701,-0.031225383281707701
TB3SMFFM,2013-11-30,-0.081561475992202759,-0.14683455228805539,-0.14683455228805539,-0.081561475992202703,-0.0215920209884643,-0.0215920209884643
TB3SMFFM,2013-12-31,-0.081758767366409302,-0.1429121196269989,-0.1429121196269989,-0.081758767366409302,-0.018933236598968499,-0.018933236598968499
TB3SMFFM,2014-01-31,-0.081876605749130249,-0.1607013046741485,-0.1607013046741485,-0.081876605749130194,-0.0116735100746154,-0.0116735100746154
TB3SMFFM,2014-02-28,-0.089787065982818604,-0.17735922336578369,-0.17735922336578369,-0.089787065982818604,-0.027891516685485802,-0.027891516685485802
TB3SMFFM,2014-03-31,-0.10040777921676636,-0.181089162826538,-0.181089162826538,-0.1004077792167663,-0.042210757732391302,-0.042210757732391302
TB3SMFFM,2014-04-30,-0.10390409827232361,-0.1847658157348632,-0.1847658157348632,-0.10390409827232359,-0.043960273265838602,-0.043960273265838602
TB3SMFFM,2014-05-31,-0.10728603601455688,-0.18752744793891901,-0.18752744793891901,-0.1072860360145568,-0.043929278850555399,-0.043929278850555399
TB3SMFFM,2014-06-30,-0.1102081835269928,-0.1929810941219329,-0.1929810941219329,-0.1102081835269928,-0.047934293746948201,-0.047934293746948201
TB3SMFFM,2014-07-31,-0.11662188172340393,-0.19677996635437009,-0.19677996635437009,-0.1166218817234039,-0.047464013099670403,-0.047464013099670403
TB3SMFFM,2014-08-31,-0.12095391750335693,-0.20997604727745051,-0.20997604727745051,-0.12095391750335691,-0.052927136421203599,-0.052927136421203599
TB3SMFFM,2014-09-30,-0.12989363074302673,-0.22951152920722959,-0.22951152920722959,-0.12989363074302671,-0.0690197944641113,-0.0690197944641113
TB3SMFFM,2014-10-31,-0.12550064921379089,-0.21692439913749689,-0.21692439913749689,-0.12550064921379089,-0.071600496768951402,-0.071600496768951402
TB3SMFFM,2014-11-30,-0.12137895822525024,-0.20881247520446769,-0.20881247520446769,-0.1213789582252502,-0.057037889957427902,-0.057037889957427902
TB3SMFFM,2014-12-31,-0.10575562715530396,-0.19878560304641721,-0.19878560304641721,-0.1057556271553039,-0.043046057224273598,-0.043046057224273598
TB3SMFFM,2015-01-31,-0.094166576862335205,-0.1835083663463592,-0.1835083663463592,-0.094166576862335205,-0.031792283058166497,-0.031792283058166497
TB6MS,2013-02-28,-0.0028956010937690735,-0.0558601804077625,-0.0558601804077625,-0.0028956010937690002,0.037533443421125398,0.037533443421125398
TB6MS,2013-03-31,-0.0002045854926109314,-0.057345431298017502,-0.057345431298017502,-0.00020458549261090001,0.043340291827917099,0.043340291827917099
TB6MS,2013-04-30,-0.0019078897312283516,-0.063784375786781297,-0.063784375786781297,-0.0019078897312283,0.046019289642572403,0.046019289642572403
TB6MS,2013-05-31,-0.00065820105373859406,-0.065638780593872001,-0.065638780593872001,-0.00065820105373849995,0.048155952244996997,0.048155952244996997
TB6MS,2013-06-30,-0.0025749057531356812,-0.069178521633148193,-0.069178521633148193,-0.0025749057531356001,0.048133328557014403,0.048133328557014403
TB6MS,2013-07-31,-0.002346365712583065,-0.070568367838859503,-0.070568367838859503,-0.002346365712583,0.048900082707405,0.048900082707405
TB6MS,2013-08-31,-0.0017961440607905388,-0.072635665535926805,-0.072635665535926805,-0.0017961440607905,0.050194088369607898,0.050194088369607898
TB6MS,2013-09-30,-0.0043272441253066063,-0.0808104127645492,-0.0808104127645492,-0.0043272441253066002,0.051516000181436497,0.051516000181436497
TB6MS,2013-10-31,-0.0070115420967340469,-0.086295321583747794,-0.086295321583747794,-0.0070115420967340001,0.049572292715311002,0.049572292715311002
TB6MS,2013-11-30,-0.0081488285213708878,-0.089247524738311698,-0.089247524738311698,-0.0081488285213707993,0.051356557756662299,0.051356557756662299
TB6MS,2013-12-31,-0.0086250342428684235,-0.093549385666847201,-0.093549385666847201,-0.0086250342428683992,0.056145247071981402,0.056145247071981402
TB6MS,2014-01-31,-0.008600996807217598,-0.095873519778251606,-0.095873519778251606,-0.0086009968072175008,0.052654970437288201,0.052654970437288201
TB6MS,2014-02-28,-0.0085648335516452789,-0.10412834584712979,-0.10412834584712979,-0.0085648335516451991,0.060672704130411099,0.060672704130411099
TB6MS,2014-03-31,-0.0073352581821382046,-0.097235798835754395,-0.097235798835754395,-0.0073352586477993999,0.053243685513734797,0.053243685513734797
TB6MS,2014-04-30,-0.010737637057900429,-0.1077886074781417,-0.1077886074781417,-0.010737637057900399,0.056434530764818101,0.056434530764818101
TB6MS,2014-05-31,-0.010287093929946423,-0.1127675771713256,-0.1127675771713256,-0.0102870939299464,0.063553228974342305,0.063553228974342305
TB6MS,2014-06-30,-0.011482087895274162,-0.116300344467163,-0.116300344467163,-0.0114820878952741,0.063576519489288302,0.063576519489288302
TB6MS,2014-07-31,-0.011086113750934601,-0.11620739102363579,-0.11620739102363579,-0.011086113750934601,0.063586518168449402,0.063586518168449402
TB6MS,2014-08-31,-0.0097713600844144821,-0.1289959102869033,-0.1289959102869033,-0.0097713600844144006,0.079199969768524101,0.079199969768524101
TB6MS,2014-09-30,-0.010675642639398575,-0.1317753791809082,-0.1317753791809082,-0.0106756426393985,0.081935703754424993,0.081935703754424993
TB6MS,2014-10-31,-0.012091559357941151,-0.1341102719306945,-0.1341102719306945,-0.0120915593579411,0.075919404625892598,0.075919404625892598
TB6MS,2014-11-30,-0.0088133038952946663,-0.1263419091701507,-0.1263419091701507,-0.0088133038952946004,0.075723454356193501,0.075723454356193501
TB6MS,2014-12-31,-0.0090408716350793839,-0.13015265762805939,-0.13015265762805939,-0.0090408716350793006,0.077841982245445196,0.077841982245445196
TB6MS,2015-01-31,-0.0089351627975702286,-0.13706295192241669,-0.13706295192241669,-0.0089351627975702008,0.083213403820991502,0.083213403820991502
TB6SMFFM,2013-02-28,-0.024006545543670654,-0.058323413133621202,-0.058323413133621202,-0.024006545543670599,0.0015228688716888001,0.0015228688716888001
TB6SMFFM,2013-03-31,-0.030856072902679443,-0.066709280014038003,-0.066709280014038003,-0.030856072902679402,-2.7418136596679688e-05,-2.7418136596679688e-05
TB6SMFFM,2013-04-30,-0.044309675693511963,-0.090581148862838703,-0.090581148862838703,-0.0443096756935119,-0.0070949196815490003,-0.0070949196815490003
TB6SMFFM,2013-05-31,-0.03720700740814209,-0.089440554380416801,-0.089440554380416801,-0.037207007408142,0.0073971450328826002,0.0073971450328826002
TB6SMFFM,2013-06-30,-0.041677296161651611,-0.097696483135223305,-0.097696483135223305,-0.041677296161651597,0.0126150548458099,0.0126150548458099
TB6SMFFM,2013-07-31,-0.037077963352203369,-0.089923679828643799,-0.089923679828643799,-0.0370779633522033,0.019985586404800401,0.019985586404800401
TB6SMFFM,2013-08-31,-0.031753629446029663,-0.085406601428985596,-0.085406601428985596,-0.031753629446029601,0.026368975639343199,0.026368975639343199
TB6SMFFM,2013-09-30,-0.032597094774246216,-0.091452062129974296,-0.091452062129974296,-0.032597094774246202,0.027387082576751699,0.027387082576751699
TB6SMFFM,2013-10-31,-0.034686952829360962,-0.085636883974075304,-0.085636883974075304,-0.034686952829360899,0.0171661376953125,0.0171661376953125
TB6SMFFM,2013-11-30,-0.03636467456817627,-0.086933255195617606,-0.086933255195617606,-0.0363646745681762,0.027640521526336601,0.027640521526336601
TB6SMFFM,2013-12-31,-0.042530566453933716,-0.091763466596603394,-0.091763466596603394,-0.042530566453933702,0.017661482095718301,0.017661482095718301
TB6SMFFM,2014-01-31,-0.039092004299163818,-0.093658566474914495,-0.093658566474914495,-0.039092004299163798,0.032936245203018098,0.032936245203018098
TB6SMFFM,2014-02-28,-0.040952444076538086,-0.1085813343524932,-0.1085813343524932,-0.040952444076538003,0.018649667501449502,0.018649667501449502
TB6SMFFM,2014-03-31,-0.038640230894088745,-0.086696028709411593,-0.086696028709411593,-0.038640230894088697,0.017559707164764401,0.017559707164764401
TB6SMFFM,2014-04-30,-0.041223764419555664,-0.084740877151489202,-0.084740877151489202,-0.041223764419555602,0.014077216386795001,0.014077216386795001
TB6SMFFM,2014-05-31,-0.044688105583190918,-0.086263716220855699,-0.086263716220855699,-0.044688105583190897,0.018801033496856599,0.018801033496856599
TB6SMFFM,2014-06-30,-0.052676290273666382,-0.11143952608108521,-0.11143952608108521,-0.052676290273666299,0.001272976398468,0.001272976398468
TB6SMFFM,2014-07-31,-0.061478942632675171,-0.1185687780380249,-0.1185687780380249,-0.061478942632675102,-0.0012525022029876,-0.0012525022029876
TB6SMFFM,2014-08-31,-0.062578707933425903,-0.12900054454803461,-0.12900054454803461,-0.062578707933425903,-0.012261301279067899,-0.012261301279067899
TB6SMFFM,2014-09-30,-0.060186326503753662,-0.12171408534049979,-0.12171408534049979,-0.0601863265037536,-0.0088120102882384994,-0.0088120102882384994
TB6SMFFM,2014-10-31,-0.046600669622421265,-0.1061427295207977,-0.1061427295207977,-0.046600669622421202,-0.0015466213226317999,-0.0015466213226317999
TB6SMFFM,2014-11-30,-0.046938478946685791,-0.1118073761463165,-0.1118073761463165,-0.046938478946685701,0.017106592655181801,0.017106592655181801
TB6SMFFM,2014-12-31,-0.035140246152877808,-0.1125072836875915,-0.1125072836875915,-0.035140246152877801,0.021988511085510198,0.021988511085510198
TB6SMFFM,2015-01-31,-0.020913392305374146,-0.0998049080371856,-0.0998049080371856,-0.0209133923053741,0.032054960727691602,0.032054960727691602
TOTRESNS,2013-02-28,-0.0015322393737733364,-0.033648863434791502,-0.033648863434791502,-0.0015322393737733,0.027232209220528599,0.027232209220528599
TOTRESNS,2013-03-31,-0.0033106822520494461,-0.0366941876709461,-0.0366941876709461,-0.0033106822520494001,0.026261612772941499,0.026261612772941499
TOTRESNS,2013-04-30,0.012614243663847446,-0.0220001470297575,-0.0220001470297575,0.0126142436638474,0.042777832597494098,0.042777832597494098
TOTRESNS,2013-05-31,-0.00078555248910561204,-0.035856254398822701,-0.035856254398822701,-0.00078555243089789995,0.029592243954539299,0.029592243954539299
TOTRESNS,2013-06-30,-0.0013871378032490611,-0.037949692457914297,-0.037949692457914297,-0.0013871379196643001,0.030590755864977798,0.030590755864977798
TOTRESNS,2013-07-31,0.012989806942641735,-0.0239225998520851,-0.0239225998520851,0.0129898069426417,0.0451050885021686,0.0451050885021686
TOTRESNS,2013-08-31,0.0003038130234926939,-0.036783631891012102,-0.036783631891012102,0.00030381325632329999,0.032220195978879901,0.032220195978879901
TOTRESNS,2013-09-30,-0.0083772707730531693,-0.045512031763792003,-0.045512031763792003,-0.0083772707730530999,0.022726656869053799,0.022726656869053799
TOTRESNS,2013-10-31,0.013943788595497608,-0.0240032859146595,-0.0240032859146595,0.0139437885954976,0.046620611101388897,0.046620611101388897
TOTRESNS,2013-11-30,-0.0062372861430048943,-0.044888567179441403,-0.044888567179441403,-0.0062372861430047997,0.026899803429841902,0.026899803429841902
TOTRESNS,2013-12-31,0.0067251245491206646,-0.031966581940650898,-0.031966581940650898,0.0067251246946398004,0.040333442389965002,0.040333442389965002
TOTRESNS,2014-01-31,0.0075175222009420395,-0.0304923336952924,-0.0304923336952924,0.0075175224337725999,0.0400835610926151,0.0400835610926151
TOTRESNS,2014-02-28,-0.0022048125974833965,-0.041373804211616502,-0.041373804211616502,-0.0022048125974832998,0.032855801284313202,0.032855801284313202
TOTRESNS,2014-03-31,0.002028697170317173,-0.037915136665105799,-0.037915136665105799,0.0020286971703171001,0.036391101777553503,0.036391101777553503
TOTRESNS,2014-04-30,0.010983722284436226,-0.0295980032533407,-0.0295980032533407,0.0109837222844362,0.046622984111309003,0.046622984111309003
TOTRESNS,2014-05-31,-0.0046956972219049931,-0.045521862804889603,-0.045521862804889603,-0.0046956972219049002,0.031219352036714498,0.031219352036714498
TOTRESNS,2014-06-30,-0.0018437178805470467,-0.042538888752460403,-0.042538888752460403,-0.001843717880547,0.032984659075737,0.032984659075737
TOTRESNS,2014-07-31,0.010960090905427933,-0.029644764959812098,-0.029644764959812098,0.0109600909054279,0.045868922024965203,0.045868922024965203
TOTRESNS,2014-08-31,-0.0020262133330106735,-0.043266929686069398,-0.043266929686069398,-0.0020262133330105998,0.033681042492389603,0.033681042492389603
TOTRESNS,2014-09-30,-0.0029544085264205933,-0.0439928919076919,-0.0439928919076919,-0.0029544085264205,0.033464953303337097,0.033464953303337097
TOTRESNS,2014-10-31,0.014790457673370838,-0.027966672554612101,-0.027966672554612101,0.0147904576733708,0.051235727965831701,0.051235727965831701
TOTRESNS,2014-11-30,-0.0030175596475601196,-0.045452445745468098,-0.045452445745468098,-0.0030175596475601001,0.033903237432241398,0.033903237432241398
TOTRESNS,2014-12-31,0.0084073161706328392,-0.034672107547521501,-0.034672107547521501,0.0084073160542175,0.045651908963918603,0.045651908963918603
TOTRESNS,2015-01-31,0.0065205032005906105,-0.036997094750404302,-0.036997094750404302,0.0065205031423829002,0.044283255934715202,0.044283255934715202
TWEXAFEGSMTHx,2013-02-28,0.0037548472173511982,-0.0171330720186233,-0.0171330720186233,0.0037548472755588001,0.023233564570546102,0.023233564570546102
TWEXAFEGSMTHx,2013-03-31,0.00088297080947086215,-0.021189438179135298,-0.021189438179135298,0.00088297086767849997,0.021487938240170399,0.021487938240170399
TWEXAFEGSMTHx,2013-04-30,-0.0012216282775625587,-0.023924918845295899,-0.023924918845295899,-0.0012216283939778,0.019972831010818402,0.019972831010818402
TWEXAFEGSMTHx,2013-05-31,-0.00078469247091561556,-0.023841435089707302,-0.023841435089707302,-0.00078469235450019995,0.020548682659864401,0.020548682659864401
TWEXAFEGSMTHx,2013-06-30,-0.00028563587693497539,-0.0233653094619512,-0.0233653094619512,-0.0002856357023119,0.021083360537886599,0.021083360537886599
TWEXAFEGSMTHx,2013-07-31,-0.00042851371108554304,-0.023563625290989799,-0.023563625290989799,-0.000428513623774,0.020999662578105899,0.020999662578105899
TWEXAFEGSMTHx,2013-08-31,-0.00024087639758363366,-0.023596715182065901,-0.023596715182065901,-0.0002408763393759,0.021169466897845199,0.021169466897845199
TWEXAFEGSMTHx,2013-09-30,-4.4539745431393385e-05,-0.0234462227672338,-0.0234462227672338,-4.4539570808410651e-05,0.021242711693048401,0.021242711693048401
TWEXAFEGSMTHx,2013-10-31,-0.00053175241919234395,-0.023943765088915801,-0.023943765088915801,-0.00053175259381530002,0.020849103108048401,0.020849103108048401
TWEXAFEGSMTHx,2013-11-30,-0.00096464349189773202,-0.024553775787353498,-0.024553775787353498,-0.00096464343368999998,0.020505988970398899,0.020505988970398899
TWEXAFEGSMTHx,2013-12-31,-0.00071783125167712569,-0.024331843480467699,-0.024331843480467699,-0.00071783130988469998,0.020789358764886801,0.020789358764886801
TWEXAFEGSMTHx,2014-01-31,-0.0004778217407874763,-0.024112412706017401,-0.024112412706017401,-0.00047782156616439999,0.020936859771609299,0.020936859771609299
TWEXAFEGSMTHx,2014-02-28,-0.00044719909783452749,-0.023953074589371601,-0.023953074589371601,-0.00044719921424979999,0.021078100427985101,0.021078100427985101
TWEXAFEGSMTHx,2014-03-31,-0.00034309527836740017,-0.0241855904459953,-0.0241855904459953,-0.00034309504553669997,0.021442085504531801,0.021442085504531801
TWEXAFEGSMTHx,2014-04-30,-0.00030343022081069648,-0.024073949083685799,-0.024073949083685799,-0.00030343001708380002,0.0213790293782949,0.0213790293782949
TWEXAFEGSMTHx,2014-05-31,-0.00043486544745974243,-0.024296205490827501,-0.024296205490827501,-0.00043486524373290001,0.021330561488866799,0.021330561488866799
TWEXAFEGSMTHx,2014-06-30,-0.00086850003572180867,-0.024587355554103799,-0.024587355554103799,-0.00086850021034470001,0.0209786221385002,0.0209786221385002
TWEXAFEGSMTHx,2014-07-31,-0.00083548238035291433,-0.024639731273055,-0.024639731273055,-0.00083548249676819995,0.0209378432482481,0.0209378432482481
TWEXAFEGSMTHx,2014-08-31,-0.00064136955188587308,-0.024804392829537301,-0.024804392829537301,-0.00064136972650879998,0.0214067101478576,0.0214067101478576
TWEXAFEGSMTHx,2014-09-30,-0.00065260590054094791,-0.0246287155896425,-0.0246287155896425,-0.00065260613337149995,0.0215351898223161,0.0215351898223161
TWEXAFEGSMTHx,2014-10-31,-0.00063279666937887669,-0.024671683087944901,-0.024671683087944901,-0.00063279690220949996,0.021512968465685799,0.021512968465685799
TWEXAFEGSMTHx,2014-11-30,-0.00045110302744433284,-0.024313759058713899,-0.024313759058713899,-0.00045110285282130001,0.021443903446197499,0.021443903446197499
TWEXAFEGSMTHx,2014-12-31,-0.00094529747730121017,-0.0248124115169048,-0.0248124115169048,-0.00094529753550879995,0.0209275409579277,0.0209275409579277
TWEXAFEGSMTHx,2015-01-31,-0.0013458342291414738,-0.0252645947039127,-0.0252645947039127,-0.0013458342291414,0.0206356402486562,0.0206356402486562
UEMP15OV,2013-02-28,-0.0048025082796812057,-0.045035026967525399,-0.045035026967525399,-0.0048025082796811997,0.038122359663248,0.038122359663248
UEMP15OV,2013-03-31,-0.002405242994427681,-0.045761715620756101,-0.045761715620756101,-0.0024052429944275999,0.043615061789750997,0.043615061789750997
UEMP15OV,2013-04-30,-0.0030115945264697075,-0.047931898385286303,-0.047931898385286303,-0.0030115945264697001,0.045873887836933101,0.045873887836933101
UEMP15OV,2013-05-31,-0.0021854224614799023,-0.047761641442775699,-0.047761641442775699,-0.0021854219958186002,0.048226412385702098,0.048226412385702098
UEMP15OV,2013-06-30,-0.0013707652688026428,-0.048805937170982298,-0.048805937170982298,-0.0013707652688026001,0.050019368529319701,0.050019368529319701
UEMP15OV,2013-07-31,0.00048836041241884232,-0.047785021364688797,-0.047785021364688797,0.00048836041241880003,0.053555559366941403,0.053555559366941403
UEMP15OV,2013-08-31,0.0013863425701856613,-0.047118812799453701,-0.047118812799453701,0.0013863425701856,0.055448193103075,0.055448193103075
UEMP15OV,2013-09-30,0.0021081680897623301,-0.046835280954837799,-0.046835280954837799,0.0021081678569316001,0.057141292840242303,0.057141292840242303
UEMP15OV,2013-10-31,0.0032626315951347351,-0.046996057033538798,-0.046996057033538798,0.0032626315951347,0.059155948460101998,0.059155948460101998
UEMP15OV,2013-11-30,0.0031535648740828037,-0.0476044304668903,-0.0476044304668903,0.0031535644084214999,0.060033198446035302,0.060033198446035302
UEMP15OV,2013-12-31,0.0035783734638243914,-0.047110736370086601,-0.047110736370086601,0.0035783732309937,0.060617908835411002,0.060617908835411002
UEMP15OV,2014-01-31,0.0032612360082566738,-0.046559948474168701,-0.046559948474168701,0.0032612364739179,0.060042835772037499,0.060042835772037499
UEMP15OV,2014-02-28,0.0028596888296306133,-0.047570515424013103,-0.047570515424013103,0.0028596883639693,0.059540305286645799,0.059540305286645799
UEMP15OV,2014-03-31,0.001813079696148634,-0.048437330871820401,-0.048437330871820401,0.0018130792304873,0.059014245867729097,0.059014245867729097
UEMP15OV,2014-04-30,0.0025223055854439735,-0.048026442527770899,-0.048026442527770899,0.0025223055854438998,0.059767585247755002,0.059767585247755002
UEMP15OV,2014-05-31,0.0027050802018493414,-0.0476887188851833,-0.0476887188851833,0.0027050804346799,0.060204919427633202,0.060204919427633202
UEMP15OV,2014-06-30,0.0025675569195300341,-0.047681789845228098,-0.047681789845228098,0.0025675566866993002,0.0596566945314407,0.0596566945314407
UEMP15OV,2014-07-31,0.0023868866264820099,-0.0477588400244712,-0.0477588400244712,0.0023868866264819999,0.059036836028098998,0.059036836028098998
UEMP15OV,2014-08-31,0.001956176245585084,-0.049213051795959403,-0.049213051795959403,0.0019561760127544,0.0590343922376632,0.0590343922376632
UEMP15OV,2014-09-30,0.0012360827531665564,-0.049447190016508102,-0.049447190016508102,0.0012360829859972,0.058180648833513197,0.058180648833513197
UEMP15OV,2014-10-31,0.0008780420757830143,-0.0494037568569183,-0.0494037568569183,0.00087804254144429998,0.057775665074586799,0.057775665074586799
UEMP15OV,2014-11-30,0.00098372297361493111,-0.049134548753499901,-0.049134548753499901,0.0009837225079536,0.057672385126352303,0.057672385126352303
UEMP15OV,2014-12-31,0.00065817451104521751,-0.049025963991880403,-0.049025963991880403,0.00065817404538389996,0.056796338409185403,0.056796338409185403
UEMP15OV,2015-01-31,0.00017328094691038132,-0.049784574657678597,-0.049784574657678597,0.0001732809469103,0.057020451873540802,0.057020451873540802
UEMP15T26,2013-02-28,-0.0093316119164228439,-0.093056857585906899,-0.093056857585906899,-0.0093316119164228006,0.073171868920326205,0.073171868920326205
UEMP15T26,2013-03-31,0.013386078178882599,-0.074317887425422599,-0.074317887425422599,0.0133860781788825,0.099082835018634796,0.099082835018634796
UEMP15T26,2013-04-30,0.010961337015032768,-0.078619644045829704,-0.078619644045829704,0.010961337480694,0.098968237638473497,0.098968237638473497
UEMP15T26,2013-05-31,0.0047534243203699589,-0.086020313203334794,-0.086020313203334794,0.0047534238547085996,0.093711048364639199,0.093711048364639199
UEMP15T26,2013-06-30,0.0063695851713418961,-0.085159413516521398,-0.085159413516521398,0.0063695851713417998,0.096299596130847903,0.096299596130847903
UEMP15T26,2013-07-31,0.0097920782864093781,-0.081921085715293801,-0.081921085715293801,0.0097920782864093,0.099931366741657202,0.099931366741657202
UEMP15T26,2013-08-31,0.0019201213726773858,-0.090090505778789506,-0.090090505778789506,0.0019201207906006999,0.092597492039203602,0.092597492039203602
UEMP15T26,2013-09-30,0.0052735572680830956,-0.086700811982154805,-0.086700811982154805,0.0052735563367605001,0.095788784325122805,0.095788784325122805
UEMP15T26,2013-10-31,0.0083087477833032608,-0.084257550537586198,-0.084257550537586198,0.0083087477833032001,0.0997337326407432,0.0997337326407432
UEMP15T26,2013-11-30,0.0080677829682826996,-0.085139237344264901,-0.085139237344264901,0.0080677829682826996,0.1001895368099212,0.1001895368099212
UEMP15T26,2013-12-31,0.0085346652194857597,-0.084185935556888497,-0.084185935556888497,0.0085346661508082997,0.10094836354255669,0.10094836354255669
UEMP15T26,2014-01-31,0.0079468674957752228,-0.084059454500675201,-0.084059454500675201,0.0079468674957752002,0.099588677287101704,0.099588677287101704
UEMP15T26,2014-02-28,0.0066755684092640877,-0.084763102233409798,-0.084763102233409798,0.0066755693405865998,0.098774135112762396,0.098774135112762396
UEMP15T26,2014-03-31,0.0030567727517336607,-0.089819133281707694,-0.089819133281707694,0.0030567720532416998,0.095965757966041496,0.095965757966041496
UEMP15T26,2014-04-30,0.0022425672505050898,-0.090365223586559296,-0.090365223586559296,0.0022425670176744001,0.095113895833492196,0.095113895833492196
UEMP15T26,2014-05-31,0.0032817400060594082,-0.089577980339527102,-0.089577980339527102,0.0032817404717206001,0.096307799220085102,0.096307799220085102
UEMP15T26,2014-06-30,0.0034270938485860825,-0.088818661868572193,-0.088818661868572193,0.0034270938485860001,0.096160441637039101,0.096160441637039101
UEMP15T26,2014-07-31,0.0036876241210848093,-0.088586553931236198,-0.088586553931236198,0.0036876238882541002,0.096095770597457802,0.096095770597457802
UEMP15T26,2014-08-31,0.0029956959187984467,-0.090312041342258398,-0.090312041342258398,0.0029956959187983998,0.095955900847911793,0.095955900847911793
UEMP15T26,2014-09-30,0.003233801806345582,-0.0898573547601699,-0.0898573547601699,0.0032338015735149002,0.0961020737886428,0.0961020737886428
UEMP15T26,2014-10-31,0.0019236827502027154,-0.091025285422801902,-0.091025285422801902,0.0019236821681261,0.095205985009670202,0.095205985009670202
UEMP15T26,2014-11-30,0.0016868209931999445,-0.090755186975002206,-0.090755186975002206,0.0016868207603693,0.094217866659164401,0.094217866659164401
UEMP15T26,2014-12-31,0.0008882440160959959,-0.0909541845321655,-0.0909541845321655,0.000888243317604,0.093082115054130499,0.093082115054130499
UEMP15T26,2015-01-31,0.0015205569798126817,-0.090688429772853796,-0.090688429772853796,0.0015205573290586001,0.094644568860530798,0.094644568860530798
UEMP27OV,2013-02-28,-0.0077056214213371277,-0.060509629547595901,-0.060509629547595901,-0.0077056214213370999,0.049133218824863399,0.049133218824863399
UEMP27OV,2013-03-31,-0.0088374344632029533,-0.064818985760211903,-0.064818985760211903,-0.0088374344632028996,0.0514629334211349,0.0514629334211349
UEMP27OV,2013-04-30,-0.0057237613946199417,-0.063006922602653503,-0.063006922602653503,-0.0057237613946199001,0.057413682341575602,0.057413682341575602
UEMP27OV,2013-05-31,-0.0060514630749821663,-0.063993811607360798,-0.063993811607360798,-0.0060514630749821004,0.0590185970067977,0.0590185970067977
UEMP27OV,2013-06-30,-0.008502814918756485,-0.068253688514232594,-0.068253688514232594,-0.0085028149187564,0.057257272303104401,0.057257272303104401
UEMP27OV,2013-07-31,-0.0045881764963269234,-0.065243989229202201,-0.065243989229202201,-0.0045881764963269,0.063131265342235496,0.063131265342235496
UEMP27OV,2013-08-31,-0.0029625920578837395,-0.063968144357204396,-0.063968144357204396,-0.0029625920578837,0.065787769854068701,0.065787769854068701
UEMP27OV,2013-09-30,-0.002443394623696804,-0.063872218132019001,-0.063872218132019001,-0.0024433946236968001,0.067280933260917594,0.067280933260917594
UEMP27OV,2013-10-31,-0.001244555227458477,-0.063880607485771096,-0.063880607485771096,-0.0012445552274584,0.069814763963222504,0.069814763963222504
UEMP27OV,2013-11-30,-0.0015177424065768719,-0.064537808299064595,-0.064537808299064595,-0.0015177428722381,0.0706161558628082,0.0706161558628082
UEMP27OV,2013-12-31,-0.0017584012821316719,-0.065244801342487294,-0.065244801342487294,-0.0017584012821315999,0.070975348353385898,0.070975348353385898
UEMP27OV,2014-01-31,-0.0018931110389530659,-0.064273923635482705,-0.064273923635482705,-0.0018931105732917001,0.070653825998306205,0.070653825998306205
UEMP27OV,2014-02-28,-0.0019850507378578186,-0.065101124346256201,-0.065101124346256201,-0.0019850507378578,0.070404313504695795,0.070404313504695795
UEMP27OV,2014-03-31,-0.0018319091759622097,-0.065162159502506201,-0.065162159502506201,-0.0018319096416234001,0.071232356131076799,0.071232356131076799
UEMP27OV,2014-04-30,-0.00072175078094005585,-0.064359001815319006,-0.064359001815319006,-0.00072175078094000001,0.072184666991233798,0.072184666991233798
UEMP27OV,2014-05-31,-0.0008970014750957489,-0.064394325017928994,-0.064394325017928994,-0.0008970014750957,0.072338156402110998,0.072338156402110998
UEMP27OV,2014-06-30,-0.0012659304775297642,-0.064341038465499795,-0.064341038465499795,-0.0012659300118684001,0.0719112157821655,0.0719112157821655
UEMP27OV,2014-07-31,-0.0013920492492616177,-0.064500540494918795,-0.064500540494918795,-0.0013920497149229,0.071294002234935705,0.071294002234935705
UEMP27OV,2014-08-31,-0.0017131590284407139,-0.066323414444923401,-0.066323414444923401,-0.0017131585627793999,0.072052307426929404,0.072052307426929404
UEMP27OV,2014-09-30,-0.00208305474370718,-0.066164836287498405,-0.066164836287498405,-0.0020830547437070998,0.072063468396663596,0.072063468396663596
UEMP27OV,2014-10-31,-0.0029023578390479088,-0.066870279610156999,-0.066870279610156999,-0.0029023578390479001,0.071251362562179496,0.071251362562179496
UEMP27OV,2014-11-30,-0.0024356991052627563,-0.066137082874774905,-0.066137082874774905,-0.0024356991052627,0.070854336023330605,0.070854336023330605
UEMP27OV,2014-12-31,-0.0029722889885306358,-0.066588416695594704,-0.066588416695594704,-0.0029722889885305998,0.069925554096698705,0.069925554096698705
UEMP27OV,2015-01-31,-0.0037082862108945847,-0.067527033388614599,-0.067527033388614599,-0.0037082862108945001,0.069932259619235895,0.069932259619235895
UEMP5TO14,2013-02-28,-0.020288776606321335,-0.081783466041088104,-0.081783466041088104,-0.0202887766063213,0.042764920741319601,0.042764920741319601
UEMP5TO14,2013-03-31,0.014314388856291771,-0.049545619636774001,-0.049545619636774001,0.0143143886234611,0.0790684893727302,0.0790684893727302
UEMP5TO14,2013-04-30,0.022108089178800583,-0.042392078787088297,-0.042392078787088297,0.0221080891788005,0.088681183755397797,0.088681183755397797
UEMP5TO14,2013-05-31,-0.010271050035953522,-0.075487233698368003,-0.075487233698368003,-0.010271050035953499,0.057032205164432498,0.057032205164432498
UEMP5TO14,2013-06-30,0.0069640818983316422,-0.058676391839981003,-0.058676391839981003,0.0069640818983315997,0.074801586568355505,0.074801586568355505
UEMP5TO14,2013-07-31,0.0045953216031193733,-0.061464183032512602,-0.061464183032512602,0.0045953216031192996,0.073018327355384799,0.073018327355384799
UEMP5TO14,2013-08-31,-0.00052454695105552673,-0.067007698118686607,-0.067007698118686607,-0.00052454695105549995,0.068623289465904194,0.068623289465904194
UEMP5TO14,2013-09-30,0.010140983387827873,-0.056071512401103897,-0.056071512401103897,0.0101409831549972,0.079413883388042394,0.079413883388042394
UEMP5TO14,2013-10-31,0.0087873702868819237,-0.0579651817679405,-0.0579651817679405,0.0087873702868818994,0.078147023916244507,0.078147023916244507
UEMP5TO14,2013-11-30,0.0043053394183516502,-0.062921725213527596,-0.062921725213527596,0.0043053394183515999,0.073984809219837105,0.073984809219837105
UEMP5TO14,2013-12-31,0.002915605204179883,-0.0646395534276962,-0.0646395534276962,0.0029156049713491999,0.072685360908508301,0.072685360908508301
UEMP5TO14,2014-01-31,0.0042963982559740543,-0.062853783369064303,-0.062853783369064303,0.0042963977903127002,0.074303701519966098,0.074303701519966098
UEMP5TO14,2014-02-28,0.0026571033522486687,-0.063930161297321306,-0.063930161297321306,0.0026571033522486001,0.072439588606357505,0.072439588606357505
UEMP5TO14,2014-03-31,0.0029576453380286694,-0.064696200191974598,-0.064696200191974598,0.0029576448723673001,0.073698334395885398,0.073698334395885398
UEMP5TO14,2014-04-30,0.0030199713073670864,-0.064333297312259605,-0.064333297312259605,0.0030199708417056998,0.073597401380538899,0.073597401380538899
UEMP5TO14,2014-05-31,0.0033630123361945152,-0.063768923282623194,-0.063768923282623194,0.0033630123361945,0.074337698519229806,0.074337698519229806
UEMP5TO14,2014-06-30,0.0014430747833102942,-0.065312981605529702,-0.065312981605529702,0.0014430750161409001,0.071864582598209298,0.071864582598209298
UEMP5TO14,2014-07-31,0.003229872789233923,-0.063338182866573306,-0.063338182866573306,0.0032298732548951999,0.073709063231944996,0.073709063231944996
UEMP5TO14,2014-08-31,0.0019808004144579172,-0.065972320735454504,-0.065972320735454504,0.0019808001816271998,0.072443559765815693,0.072443559765815693
UEMP5TO14,2014-09-30,-0.0023220737930387259,-0.070228606462478596,-0.070228606462478596,-0.0023220740258693001,0.067863993346691104,0.067863993346691104
UEMP5TO14,2014-10-31,-0.0024857583921402693,-0.069947823882102897,-0.069947823882102897,-0.0024857586249708999,0.068081602454185403,0.068081602454185403
UEMP5TO14,2014-11-30,-0.0014637231361120939,-0.067758850753307301,-0.067758850753307301,-0.0014637233689427001,0.068405859172344194,0.068405859172344194
UEMP5TO14,2014-12-31,-0.0017888972070068121,-0.067765377461910206,-0.067765377461910206,-0.0017888974398374,0.068225525319576194,0.068225525319576194
UEMP5TO14,2015-01-31,-0.0024300224613398314,-0.068511299788951804,-0.068511299788951804,-0.0024300226941704,0.067840740084648105,0.067840740084648105
UEMPLT5,2013-02-28,-0.007370388600975275,-0.064866781234741197,-0.064866781234741197,-0.0073703881353139001,0.050570197403430897,0.050570197403430897
UEMPLT5,2013-03-31,0.0040374449454247952,-0.056260276585817302,-0.056260276585817302,0.0040374449454246997,0.064324654638767201,0.064324654638767201
UEMPLT5,2013-04-30,0.0032134735956788063,-0.058824572712182999,-0.058824572712182999,0.0032134735956787998,0.065579853951931,0.065579853951931
UEMPLT5,2013-05-31,0.004425455816090107,-0.058693051338195801,-0.058693051338195801,0.0044254558160901,0.068023912608623505,0.068023912608623505
UEMPLT5,2013-06-30,-0.0051794825121760368,-0.069307602941989899,-0.069307602941989899,-0.0051794825121760004,0.059489317238330799,0.059489317238330799
UEMPLT5,2013-07-31,0.0051030660979449749,-0.059509139508008901,-0.059509139508008901,0.0051030660979449003,0.070516355335712405,0.070516355335712405
UEMPLT5,2013-08-31,-0.004128532949835062,-0.069669723510742104,-0.069669723510742104,-0.0041285324841737001,0.061982810497283901,0.061982810497283901
UEMPLT5,2013-09-30,0.0065784715116024017,-0.058974210172891603,-0.058974210172891603,0.0065784710459410997,0.072896338999271296,0.072896338999271296
UEMPLT5,2013-10-31,-0.00052979850443080068,-0.066599138081073705,-0.066599138081073705,-0.00052979867905370004,0.066355898976325906,0.066355898976325906
UEMPLT5,2013-11-30,0.0023188476916402578,-0.064196519553661305,-0.064196519553661305,0.0023188479244709002,0.069630093872547094,0.069630093872547094
UEMPLT5,2013-12-31,-0.00091522379079833627,-0.067390359938144601,-0.067390359938144601,-0.0009152237325906,0.066629856824874795,0.066629856824874795
UEMPLT5,2014-01-31,-0.00070074299583211541,-0.067012876272201496,-0.067012876272201496,-0.00070074293762439996,0.066542834043502794,0.066542834043502794
UEMPLT5,2014-02-28,-0.00028338661650195718,-0.066263183951377799,-0.066263183951377799,-0.00028338655829419999,0.067077353596687303,0.067077353596687303
UEMPLT5,2014-03-31,-0.00061743374681100249,-0.0677843168377876,-0.0677843168377876,-0.00061743333935729999,0.067500561475753701,0.067500561475753701
UEMPLT5,2014-04-30,-1.4779507182538509e-06,-0.066876240074634496,-0.066876240074634496,-1.4780089259147644e-06,0.067718274891376495,0.067718274891376495
UEMPLT5,2014-05-31,-0.00097312539583072066,-0.067835301160812295,-0.067835301160812295,-0.00097312498837700005,0.066781990230083396,0.066781990230083396
UEMPLT5,2014-06-30,0.00061418808763846755,-0.065743535757064805,-0.065743535757064805,0.00061418768018479996,0.068147681653499603,0.068147681653499603
UEMPLT5,2014-07-31,-0.00034919555764645338,-0.066778309643268502,-0.066778309643268502,-0.00034919567406170002,0.067205227911472307,0.067205227911472307
UEMPLT5,2014-08-31,8.1360340118408203e-06,-0.067276678979396806,-0.067276678979396806,8.1360340118408203e-06,0.068053483963012695,0.068053483963012695
UEMPLT5,2014-09-30,-0.00029801804339513183,-0.067426085472106906,-0.067426085472106906,-0.00029801763594150001,0.067855581641197205,0.067855581641197205
UEMPLT5,2014-10-31,-0.00018556870054453611,-0.067547433078289004,-0.067547433078289004,-0.00018556881695979999,0.068111486732959706,0.068111486732959706
UEMPLT5,2014-11-30,-0.0004945954424329102,-0.0669871941208839,-0.0669871941208839,-0.00049459561705580003,0.067391954362392398,0.067391954362392398
UEMPLT5,2014-12-31,-0.0004198777605779469,-0.066911913454532596,-0.066911913454532596,-0.0004198774695396,0.067085295915603596,0.067085295915603596
UEMPLT5,2015-01-31,-1.1979776900261641e-05,-0.066987499594688402,-0.066987499594688402,-1.19796022772789e-05,0.067768290638923603,0.067768290638923603
UEMPMEAN,2013-02-28,-0.15266549587249756,-1.163202166557312,-1.163202166557312,-0.1526654958724975,0.86711156368255615,0.86711156368255615
UEMPMEAN,2013-03-31,-0.50637710094451904,-1.5863295793533323,-1.5863295793533323,-0.50637710094451904,0.58616697788238525,0.58616697788238525
UEMPMEAN,2013-04-30,-0.34406864643096924,-1.4678665399551392,-1.4678665399551392,-0.34406864643096918,0.79979974031448364,0.79979974031448364
UEMPMEAN,2013-05-31,-0.71178436279296875,-1.8718245029449463,-1.8718245029449463,-0.71178436279296875,0.48737355321645731,0.48737355321645731
UEMPMEAN,2013-06-30,-0.51625680923461914,-1.6906402111053469,-1.6906402111053469,-0.51625680923461914,0.70747989416122437,0.70747989416122437
UEMPMEAN,2013-07-31,-0.23485583066940308,-1.4419370889663696,-1.4419370889663696,-0.23485583066940299,1.0102497339248655,1.0102497339248655
UEMPMEAN,2013-08-31,-0.16418713331222534,-1.4021146297454834,-1.4021146297454834,-0.16418713331222529,1.1049158573150637,1.1049158573150637
UEMPMEAN,2013-09-30,-0.10488387942314148,-1.3720328807830811,-1.3720328807830811,-0.1048838794231414,1.1975208520889282,1.1975208520889282
UEMPMEAN,2013-10-31,-0.21372514963150024,-1.4828400611877439,-1.4828400611877439,-0.21372514963150019,1.0580588579177856,1.0580588579177856
UEMPMEAN,2013-11-30,-0.16911210119724274,-1.4403529167175293,-1.4403529167175293,-0.16911210119724271,1.1084276437759399,1.1084276437759399
UEMPMEAN,2013-12-31,-0.10922645032405853,-1.3909436464309692,-1.3909436464309692,-0.1092264503240585,1.1585104465484619,1.1585104465484619
UEMPMEAN,2014-01-31,-0.0053612552583217621,-1.3040287494659424,-1.3040287494659424,-0.0053612589836119998,1.297461986541748,1.297461986541748
UEMPMEAN,2014-02-28,-0.054684560745954514,-1.3317253589630127,-1.3317253589630127,-0.054684549570083597,1.1999752521514893,1.1999752521514893
UEMPMEAN,2014-03-31,-0.03896712139248848,-1.3609327077865601,-1.3609327077865601,-0.038967132568359299,1.2492363452911377,1.2492363452911377
UEMPMEAN,2014-04-30,-0.062616795301437378,-1.3693232536315918,-1.3693232536315918,-0.062616795301437295,1.2338647842407229,1.2338647842407229
UEMPMEAN,2014-05-31,-0.011843461543321609,-1.3298110961914062,-1.3298110961914062,-0.0118434727191925,1.2897422313690186,1.2897422313690186
UEMPMEAN,2014-06-30,-0.033447664231061935,-1.3551459312438965,-1.3551459312438965,-0.033447653055190998,1.265627384185791,1.265627384185791
UEMPMEAN,2014-07-31,0.0015961043536663055,-1.3143362998962402,-1.3143362998962402,0.0015960931777954,1.2999743223190308,1.2999743223190308
UEMPMEAN,2014-08-31,-0.019438248127698898,-1.3516758680343628,-1.3516758680343628,-0.019438236951827999,1.3103649616241455,1.3103649616241455
UEMPMEAN,2014-09-30,0.0012446567416191101,-1.3431956768035889,-1.3431956768035889,0.0012446641921997001,1.3519428968429563,1.3519428968429563
UEMPMEAN,2014-10-31,0.021451212465763092,-1.3209772109985352,-1.3209772109985352,0.021451205015182401,1.3615291118621826,1.3615291118621826
UEMPMEAN,2014-11-30,0.040757648646831512,-1.3016281127929688,-1.3016281127929688,0.040757656097412102,1.3725796937942505,1.3725796937942505
UEMPMEAN,2014-12-31,0.043116617947816849,-1.2906903028488159,-1.2906903028488159,0.043116629123687703,1.371701717376709,1.371701717376709
UEMPMEAN,2015-01-31,0.070559576153755188,-1.2551127672195437,-1.2551127672195437,0.070559576153755105,1.3825496435165403,1.3825496435165403
UMCSENTx,2013-02-28,-0.63400858640670776,-5.4471554756164551,-5.4471554756164551,-0.63400858640670776,3.855202436447144,3.855202436447144
UMCSENTx,2013-03-31,-0.41798955202102661,-5.3724246025085449,-5.3724246025085449,-0.41798955202102661,4.1761550903320312,4.1761550903320312
UMCSENTx,2013-04-30,0.32376736402511597,-4.7676105499267578,-4.7676105499267578,0.32376736402511591,4.9461464881896973,4.9461464881896973
UMCSENTx,2013-05-31,1.3118478059768677,-3.8383939266204834,-3.8383939266204834,1.3118478059768677,6.0194954872131348,6.0194954872131348
UMCSENTx,2013-06-30,0.38900083303451538,-4.8789091110229492,-4.8789091110229492,0.38900083303451538,5.1320366859436035,5.1320366859436035
UMCSENTx,2013-07-31,-0.359794020652771,-5.6579666137695312,-5.6579666137695312,-0.359794020652771,4.43701171875,4.43701171875
UMCSENTx,2013-08-31,-1.0063962936401367,-6.3198342323303223,-6.3198342323303223,-1.0063962936401367,3.8194973468780522,3.8194973468780522
UMCSENTx,2013-09-30,-0.10593808442354202,-5.4416861534118652,-5.4416861534118652,-0.1059380769729614,4.6709356307983398,4.6709356307983398
UMCSENTx,2013-10-31,-1.0096560716629028,-6.446037769317627,-6.446037769317627,-1.0096560716629028,3.9057912826538086,3.9057912826538086
UMCSENTx,2013-11-30,0.26108938455581665,-5.2000360488891602,-5.2000360488891602,0.26108938455581659,5.1937766075134277,5.1937766075134277
UMCSENTx,2013-12-31,1.2270435094833374,-4.2399821281433105,-4.2399821281433105,1.2270435094833374,6.1815366744995117,6.1815366744995117
UMCSENTx,2014-01-31,2.6377568244934082,-2.7864155769348145,-2.7864155769348145,2.6377568244934082,7.5091080665588379,7.5091080665588379
UMCSENTx,2014-02-28,-0.72851425409317017,-6.1841487884521484,-6.1841487884521484,-0.72851425409317017,4.108151912689209,4.108151912689209
UMCSENTx,2014-03-31,0.90764623880386353,-4.5875740051269531,-4.5875740051269531,0.90764623880386364,5.8062229156494141,5.8062229156494141
UMCSENTx,2014-04-30,-0.60608434677124023,-6.0289721488952637,-6.0289721488952637,-0.60608434677124023,4.2841191291809082,4.2841191291809082
UMCSENTx,2014-05-31,-0.25223791599273682,-5.6280460357666016,-5.6280460357666016,-0.25223791599273682,4.6276230812072754,4.6276230812072754
UMCSENTx,2014-06-30,-0.44330543279647827,-5.8315834999084473,-5.8315834999084473,-0.44330543279647822,4.3852500915527344,4.3852500915527344
UMCSENTx,2014-07-31,-0.26902401447296143,-5.638524055480957,-5.638524055480957,-0.26902401447296143,4.6091465950012207,4.6091465950012207
UMCSENTx,2014-08-31,-0.57848966121673584,-6.0525956153869629,-6.0525956153869629,-0.57848966121673584,4.3157672882080078,4.3157672882080078
UMCSENTx,2014-09-30,0.55712825059890747,-4.9364666938781738,-4.9364666938781738,0.55712825059890747,5.496546745300293,5.496546745300293
UMCSENTx,2014-10-31,-0.37397050857543945,-5.9905729293823242,-5.9905729293823242,-0.3739705085754394,4.5767602920532227,4.5767602920532227
UMCSENTx,2014-11-30,0.76375913619995117,-4.7732081413269043,-4.7732081413269043,0.76375912129878998,5.6257748603820801,5.6257748603820801
UMCSENTx,2014-12-31,-0.1325606107711792,-5.6619067192077637,-5.6619067192077637,-0.1325606107711792,4.7403802871704102,4.7403802871704102
UMCSENTx,2015-01-31,0.56055909395217896,-4.956181526184082,-4.956181526184082,0.56055909395217896,5.4626960754394531,5.4626960754394531
UNRATE,2013-02-28,-0.0023013441823422909,-0.19000525772571561,-0.19000525772571561,-0.0023013427853583999,0.18449448049068451,0.18449448049068451
UNRATE,2013-03-31,-0.0094795580953359604,-0.2088682949542999,-0.2088682949542999,-0.0094795562326908007,0.18816070258617401,0.18816070258617401
UNRATE,2013-04-30,-0.016550829634070396,-0.21951103210449219,-0.21951103210449219,-0.016550827771425199,0.18653586506843561,0.18653586506843561
UNRATE,2013-05-31,-0.015725420787930489,-0.21916322410106659,-0.21916322410106659,-0.015725418925285301,0.18853119015693659,0.18853119015693659
UNRATE,2013-06-30,-0.018665730953216553,-0.22048430144786829,-0.22048430144786829,-0.018665730953216501,0.186205044388771,0.186205044388771
UNRATE,2013-07-31,-0.025454429909586906,-0.22273443639278409,-0.22273443639278409,-0.025454431772232,0.17877030372619629,0.17877030372619629
UNRATE,2013-08-31,-0.026111157611012459,-0.22187921404838559,-0.22187921404838559,-0.026111155748367299,0.17617183923721311,0.17617183923721311
UNRATE,2013-09-30,-0.024529511108994484,-0.21975253522396079,-0.21975253522396079,-0.024529512971639598,0.17910289764404291,0.17910289764404291
UNRATE,2013-10-31,-0.024619994685053825,-0.21913804113864899,-0.21913804113864899,-0.0246199928224086,0.1796413362026214,0.1796413362026214
UNRATE,2013-11-30,-0.030669877305626869,-0.2246442586183548,-0.2246442586183548,-0.030669875442981699,0.17519132792949671,0.17519132792949671
UNRATE,2013-12-31,-0.032030824571847916,-0.2252702713012695,-0.2252702713012695,-0.032030824571847902,0.17440283298492429,0.17440283298492429
UNRATE,2014-01-31,-0.032680533826351166,-0.2229820638895034,-0.2229820638895034,-0.032680533826351103,0.17270819842815399,0.17270819842815399
UNRATE,2014-02-28,-0.037094570696353912,-0.22562751173973081,-0.22562751173973081,-0.037094570696353898,0.16970168054103851,0.16970168054103851
UNRATE,2014-03-31,-0.036833595484495163,-0.225932702422142,-0.225932702422142,-0.036833595484495101,0.17071960866451261,0.17071960866451261
UNRATE,2014-04-30,-0.035530839115381241,-0.22543585300445551,-0.22543585300445551,-0.035530839115381199,0.1722937673330307,0.1722937673330307
UNRATE,2014-05-31,-0.035826351493597031,-0.2268216609954834,-0.2268216609954834,-0.035826351493597003,0.176564946770668,0.176564946770668
UNRATE,2014-06-30,-0.036107733845710754,-0.2275725901126861,-0.2275725901126861,-0.036107733845710699,0.1785347312688827,0.1785347312688827
UNRATE,2014-07-31,-0.036702483892440796,-0.22692853212356559,-0.22692853212356559,-0.036702483892440699,0.17883133888244629,0.17883133888244629
UNRATE,2014-08-31,-0.039939727634191513,-0.2330659031867981,-0.2330659031867981,-0.039939727634191499,0.1768636554479599,0.1768636554479599
UNRATE,2014-09-30,-0.044327657669782639,-0.2366023063659668,-0.2366023063659668,-0.044327657669782597,0.17317959666252131,0.17317959666252131
UNRATE,2014-10-31,-0.048740629106760025,-0.23875424265861511,-0.23875424265861511,-0.048740629106759997,0.16878522932529449,0.16878522932529449
UNRATE,2014-11-30,-0.046114210039377213,-0.23400028049945831,-0.23400028049945831,-0.046114210039377199,0.17176736891269681,0.17176736891269681
UNRATE,2014-12-31,-0.045856200158596039,-0.23363800346851349,-0.23363800346851349,-0.045856200158595997,0.1716250479221344,0.1716250479221344
UNRATE,2015-01-31,-0.044397551566362381,-0.23352907598018641,-0.23352907598018641,-0.044397551566362298,0.17612418532371521,0.17612418532371521
USCONS,2013-02-28,0.0028120034839957952,-0.0020809862762689001,-0.0020809862762689001,0.0028120034839956998,0.0072079519741236999,0.0072079519741236999
USCONS,2013-03-31,0.0027502242010086775,-0.0022970777936279002,-0.0022970777936279002,0.0027502242010085999,0.0073835109360516002,0.0073835109360516002
USCONS,2013-04-30,0.0026810916606336832,-0.0025023873895405999,-0.0025023873895405999,0.0026810916606335999,0.0073324250988662,0.0073324250988662
USCONS,2013-05-31,0.0025095017626881599,-0.0028516317252069,-0.0028516317252069,0.0025095017626881001,0.0071914922446012003,0.0071914922446012003
USCONS,2013-06-30,0.002422047546133399,-0.0029778734315186002,-0.0029778734315186002,0.0024220475461333001,0.0072710728272795001,0.0072710728272795001
USCONS,2013-07-31,0.0024425021838396788,-0.0031744008883833,-0.0031744008883833,0.0024425021838395998,0.0072077140212059004,0.0072077140212059004
USCONS,2013-08-31,0.0024091475643217564,-0.0032053012400865,-0.0032053012400865,0.0024091475643217,0.0071215135976671999,0.0071215135976671999
USCONS,2013-09-30,0.0024329652078449726,-0.0033119926229119002,-0.0033119926229119002,0.0024329652078449002,0.0072225322946906003,0.0072225322946906003
USCONS,2013-10-31,0.002474956912919879,-0.0032447148114442001,-0.0032447148114442001,0.0024749569129198,0.007294415961951,0.007294415961951
USCONS,2013-11-30,0.0025294797960668802,-0.0033675455488264001,-0.0033675455488264001,0.0025294797960668,0.0073993527330457999,0.0073993527330457999
USCONS,2013-12-31,0.0023832283914089203,-0.0035636276006698001,-0.0035636276006698001,0.0023832283914088999,0.0073684174567460996,0.0073684174567460996
USCONS,2014-01-31,0.002526329830288887,-0.0037135700695216001,-0.0037135700695216001,0.0025263298302887999,0.007548680063337,0.007548680063337
USCONS,2014-02-28,0.0024988334625959396,-0.0037272199988365,-0.0037272199988365,0.0024988334625959002,0.007650441955775,0.007650441955775
USCONS,2014-03-31,0.0025349552743136883,-0.0037577375769615,-0.0037577375769615,0.0025349552743135998,0.0076468638144433004,0.0076468638144433004
USCONS,2014-04-30,0.0024611938279122114,-0.0038701784797011999,-0.0038701784797011999,0.0024611938279122001,0.0075866417028008998,0.0075866417028008998
USCONS,2014-05-31,0.0026627590414136648,-0.0037819994613528,-0.0037819994613528,0.0026627590414136002,0.0078254500404000005,0.0078254500404000005
USCONS,2014-06-30,0.0027479587588459253,-0.0038596419617532999,-0.0038596419617532999,0.0027479587588459002,0.0079660378396511008,0.0079660378396511008
USCONS,2014-07-31,0.0025767278857529163,-0.0039893896318971998,-0.0039893896318971998,0.0025767278857528999,0.0078342361375689003,0.0078342361375689003
USCONS,2014-08-31,0.0027421966660767794,-0.0041022775694727004,-0.0041022775694727004,0.0027421966660767,0.0082404594868420999,0.0082404594868420999
USCONS,2014-09-30,0.002855758648365736,-0.0041118836961686004,-0.0041118836961686004,0.0028557586483657,0.0083848079666494994,0.0083848079666494994
USCONS,2014-10-31,0.0028562957886606455,-0.0041458001360297004,-0.0041458001360297004,0.0028562957886605999,0.0083525953814386992,0.0083525953814386992
USCONS,2014-11-30,0.0028234254568815231,-0.0041422126814722997,-0.0041422126814722997,0.0028234254568815001,0.0083502558991311992,0.0083502558991311992
USCONS,2014-12-31,0.0029588993638753891,-0.0040587056428194003,-0.0040587056428194003,0.0029588993638753002,0.0085092876106500001,0.0085092876106500001
USCONS,2015-01-31,0.0029795565642416477,-0.0042131138034164003,-0.0042131138034164003,0.0029795565642416,0.0085500823333858993,0.0085500823333858993
USFIRE,2013-02-28,0.0012523755431175232,-0.00029011024162170002,-0.00029011024162170002,0.0012523755431175,0.0026514208875595999,0.0026514208875595999
USFIRE,2013-03-31,0.001272780355066061,-0.00042927148751910002,-0.00042927148751910002,0.0012727803550660001,0.0028066053055226001,0.0028066053055226001
USFIRE,2013-04-30,0.001278779236599803,-0.00055625126697120004,-0.00055625126697120004,0.0012787792365997999,0.0029288604855536998,0.0029288604855536998
USFIRE,2013-05-31,0.0012343613198027015,-0.00070521794259540002,-0.00070521794259540002,0.0012343613198027,0.0029594369698315,0.0029594369698315
USFIRE,2013-06-30,0.0012054647086188197,-0.00082199391908939999,-0.00082199391908939999,0.0012054647086188,0.0030190902762115002,0.0030190902762115002
USFIRE,2013-07-31,0.0012014468666166067,-0.00092585966922340002,-0.00092585966922340002,0.0012014468666166,0.0030961129814385999,0.0030961129814385999
USFIRE,2013-08-31,0.0011885373387485743,-0.0010262695141136,-0.0010262695141136,0.0011885373387485001,0.0031307071913033,0.0031307071913033
USFIRE,2013-09-30,0.0011936040828004479,-0.0010910069104284,-0.0010910069104284,0.0011936040828004,0.003193044103682,0.003193044103682
USFIRE,2013-10-31,0.0011880109086632729,-0.0011693418491631,-0.0011693418491631,0.0011880109086632,0.0032638292759656,0.0032638292759656
USFIRE,2013-11-30,0.001177764730527997,-0.0012598375324159,-0.0012598375324159,0.0011777647305279001,0.0033205957151948998,0.0033205957151948998
USFIRE,2013-12-31,0.0011577937984839082,-0.0013158996589481,-0.0013158996589481,0.0011577937984838999,0.0033612227998673001,0.0033612227998673001
USFIRE,2014-01-31,0.0011262764455750585,-0.0013793411199003,-0.0013793411199003,0.0011262764455749999,0.0033399737440049002,0.0033399737440049002
USFIRE,2014-02-28,0.0011167195625603199,-0.0013868375681340001,-0.0013868375681340001,0.0011167195625603,0.0033493968658149,0.0033493968658149
USFIRE,2014-03-31,0.0011013520415872335,-0.0014951932244001999,-0.0014951932244001999,0.0011013520415871999,0.0033871536143123999,0.0033871536143123999
USFIRE,2014-04-30,0.0010867397068068385,-0.0015477358829230001,-0.0015477358829230001,0.0010867397068067999,0.0034127412363886001,0.0034127412363886001
USFIRE,2014-05-31,0.001061435672454536,-0.0016115633770822999,-0.0016115633770822999,0.0010614356724545,0.0034203105606137999,0.0034203105606137999
USFIRE,2014-06-30,0.0010715508833527565,-0.0016253846697509,-0.0016253846697509,0.0010715508833526999,0.0034271962940692,0.0034271962940692
USFIRE,2014-07-31,0.0010484126396477222,-0.0016700031701475,-0.0016700031701475,0.0010484126396476999,0.0034407349303363999,0.0034407349303363999
USFIRE,2014-08-31,0.0010216366499662399,-0.001765155699104,-0.001765155699104,0.0010216366499662,0.0035054823383687999,0.0035054823383687999
USFIRE,2014-09-30,0.0010163744445890188,-0.0017970779445022,-0.0017970779445022,0.001016374444589,0.0035217078402638002,0.0035217078402638002
USFIRE,2014-10-31,0.0010214787907898426,-0.0018210730049759,-0.0018210730049759,0.0010214787907898001,0.003541090991348,0.003541090991348
USFIRE,2014-11-30,0.0010099415667355061,-0.0018438464030623,-0.0018438464030623,0.0010099415667355,0.0035208081826566999,0.0035208081826566999
USFIRE,2014-12-31,0.0010318921413272619,-0.0018198071047662999,-0.0018198071047662999,0.0010318921413271999,0.0035419333726166998,0.0035419333726166998
USFIRE,2015-01-31,0.0010401359759271145,-0.0018652896396815001,-0.0018652896396815001,0.0010401359759271,0.0035740730818361001,0.0035740730818361001
USGOOD,2013-02-28,0.00173306989017874,-0.00077702687121919997,-0.00077702687121919997,0.0017330698901786999,0.0040296819061040002,0.0040296819061040002
USGOOD,2013-03-31,0.0016686498420313001,-0.0010063650552182999,-0.0010063650552182999,0.0016686498420313001,0.0041659129783510997,0.0041659129783510997
USGOOD,2013-04-30,0.0015653041191399097,-0.001312184962444,-0.001312184962444,0.0015653041191399,0.0041283536702394,0.0041283536702394
USGOOD,2013-05-31,0.001494529889896512,-0.0015579200116917001,-0.0015579200116917001,0.0014945298898965001,0.0041131363250314999,0.0041131363250314999
USGOOD,2013-06-30,0.0013855731813237071,-0.0017256225692108,-0.0017256225692108,0.0013855731813236999,0.0041551371105015,0.0041551371105015
USGOOD,2013-07-31,0.0013585170963779092,-0.0019319123821333001,-0.0019319123821333001,0.0013585170963779001,0.0041410713456570998,0.0041410713456570998
USGOOD,2013-08-31,0.0012774871429428458,-0.0020934641361236,-0.0020934641361236,0.0012774871429428001,0.0041067395359276997,0.0041067395359276997
USGOOD,2013-09-30,0.0012644598027691245,-0.0022356146946548999,-0.0022356146946548999,0.0012644598027691,0.0041832020506261999,0.0041832020506261999
USGOOD,2013-10-31,0.0011962652206420898,-0.0023506942670791999,-0.0023506942670791999,0.0011962652206420001,0.0041682608425617001,0.0041682608425617001
USGOOD,2013-11-30,0.0011875914642587304,-0.0024907342158256999,-0.0024907342158256999,0.0011875914642587001,0.0042703580111265,0.0042703580111265
USGOOD,2013-12-31,0.0011168516939505935,-0.0026576314121484002,-0.0026576314121484002,0.0011168516939505,0.0042939293198287001,0.0042939293198287001
USGOOD,2014-01-31,0.0011080532567575574,-0.0028028199449181002,-0.0028028199449181002,0.0011080532276537,0.0042868829332292002,0.0042868829332292002
USGOOD,2014-02-28,0.0011089164763689041,-0.0028154579922556001,-0.0028154579922556001,0.0011089164763689,0.0043653296306728996,0.0043653296306728996
USGOOD,2014-03-31,0.0011065946891903877,-0.0029007622506468998,-0.0029007622506468998,0.0011065946600865,0.0043250671587884001,0.0043250671587884001
USGOOD,2014-04-30,0.0010882257483899593,-0.0029513165354728001,-0.0029513165354728001,0.0010882257192861,0.0043635829351841996,0.0043635829351841996
USGOOD,2014-05-31,0.0011454292107373476,-0.0029618323314934002,-0.0029618323314934002,0.0011454292107372999,0.0044793402776121998,0.0044793402776121998
USGOOD,2014-06-30,0.0011598570272326469,-0.0030710829887539001,-0.0030710829887539001,0.0011598570563364,0.0044932886958122002,0.0044932886958122002
USGOOD,2014-07-31,0.0010916476603597403,-0.0030753482133150001,-0.0030753482133150001,0.0010916476894635,0.0044324570335446999,0.0044324570335446999
USGOOD,2014-08-31,0.0010928863193839788,-0.0032025724649429,-0.0032025724649429,0.0010928862902801,0.0046243881806730999,0.0046243881806730999
USGOOD,2014-09-30,0.001027678488753736,-0.0032996502704917999,-0.0032996502704917999,0.0010276785178574999,0.0045285662636160001,0.0045285662636160001
USGOOD,2014-10-31,0.0010369006777182221,-0.0033261524513363001,-0.0033261524513363001,0.0010369006486143,0.0044938051141798002,0.0044938051141798002
USGOOD,2014-11-30,0.0010267168981954455,-0.0033528849016874998,-0.0033528849016874998,0.0010267168690915999,0.0044892337173223001,0.0044892337173223001
USGOOD,2014-12-31,0.0011146309552714229,-0.0033247629180549998,-0.0033247629180549998,0.0011146309261675,0.0045692529529333002,0.0045692529529333002
USGOOD,2015-01-31,0.0011342801153659821,-0.0034001078456640001,-0.0034001078456640001,0.0011342801153659001,0.0045970273204147,0.0045970273204147
USGOVT,2013-02-28,-0.00016783690080046654,-0.0019607795402407,-0.0019607795402407,-0.00016783690080039999,0.0014551305212079999,0.0014551305212079999
USGOVT,2013-03-31,-0.00012926384806632996,-0.0020661083981394,-0.0020661083981394,-0.0001292638480663,0.0015908579807728,0.0015908579807728
USGOVT,2013-04-30,-0.00013048516120761633,-0.0021371683105826001,-0.0021371683105826001,-0.00013048516120760001,0.0016353492392226999,0.0016353492392226999
USGOVT,2013-05-31,-0.00013550627045333385,-0.0021829414181411002,-0.0021829414181411002,-0.0001355062704533,0.0016365498304367,0.0016365498304367
USGOVT,2013-06-30,-4.4457381591200829e-05,-0.0021347296424209998,-0.0021347296424209998,-4.4457381591200829e-05,0.0017718954477458999,0.0017718954477458999
USGOVT,2013-07-31,8.1814359873533249e-06,-0.0020980536937712999,-0.0020980536937712999,8.1814359873533249e-06,0.0018838692922145,0.0018838692922145
USGOVT,2013-08-31,-0.00016572838649153709,-0.0022904155775904001,-0.0022904155775904001,-0.00016572838649149999,0.0017336499877274,0.0017336499877274
USGOVT,2013-09-30,-0.00013872422277927399,-0.0022860672324895,-0.0022860672324895,-0.00013872422277919999,0.0018168957903981001,0.0018168957903981001
USGOVT,2013-10-31,-5.8907316997647285e-06,-0.0021872171200811,-0.0021872171200811,-5.8907316997647285e-06,0.0019684305880217998,0.0019684305880217998
USGOVT,2013-11-30,2.8700917027890682e-05,-0.0021672439761458999,-0.0021672439761458999,2.8700917027890679e-05,0.0020160286221653002,0.0020160286221653002
USGOVT,2013-12-31,-6.8384339101612568e-05,-0.0023074657656251998,-0.0023074657656251998,-6.8384339101612568e-05,0.0019226050935684999,0.0019226050935684999
USGOVT,2014-01-31,-5.3097028285264969e-05,-0.0022749514319001999,-0.0022749514319001999,-5.3097028285264969e-05,0.0019440958276390999,0.0019440958276390999
USGOVT,2014-02-28,9.8144984804093838e-05,-0.0022106301039457,-0.0022106301039457,9.8144984804093838e-05,0.0021520918235181999,0.0021520918235181999
USGOVT,2014-03-31,0.00017607829067856073,-0.0021262834779917999,-0.0021262834779917999,0.00017607829067849999,0.0022554062306880001,0.0022554062306880001
USGOVT,2014-04-30,0.00018777279183268547,-0.0021495600230990999,-0.0021495600230990999,0.00018777279183260001,0.0022949483245611,0.0022949483245611
USGOVT,2014-05-31,0.00026467576390132308,-0.0020847739651798998,-0.0020847739651798998,0.00026467576390129999,0.0023886903654783001,0.0023886903654783001
USGOVT,2014-06-30,7.5769145041704178e-05,-0.0022731847129761999,-0.0022731847129761999,7.5769145041704178e-05,0.0021967769134788998,0.0021967769134788998
USGOVT,2014-07-31,7.4848183430731297e-05,-0.002255268394947,-0.002255268394947,7.4848183430731297e-05,0.0021597309969364998,0.0021597309969364998
USGOVT,2014-08-31,9.1030786279588938e-05,-0.0022846166975796002,-0.0022846166975796002,9.1030786279588938e-05,0.0022018998861311999,0.0022018998861311999
USGOVT,2014-09-30,0.00017250800738111138,-0.0022025969810783,-0.0022025969810783,0.0001725080073811,0.0022638062946497999,0.0022638062946497999
USGOVT,2014-10-31,0.00024182954803109169,-0.0021212599240243001,-0.0021212599240243001,0.00024182954803099999,0.0022814981639384998,0.0022814981639384998
USGOVT,2014-11-30,0.00026331277331337333,-0.0020629563368856,-0.0020629563368856,0.00026331277331329998,0.002288341987878,0.002288341987878
USGOVT,2014-12-31,0.00020537554519250989,-0.0021104989573358999,-0.0021104989573358999,0.0002053755451925,0.0022365287877619002,0.0022365287877619002
USGOVT,2015-01-31,0.00019097421318292618,-0.0021633622236549,-0.0021633622236549,0.00019097421318289999,0.0022825167980045002,0.0022825167980045002
USTPU,2013-02-28,0.0011552631622180343,-0.00053605705033979998,-0.00053605705033979998,0.001155263162218,0.0028234398923814002,0.0028234398923814002
USTPU,2013-03-31,0.001162834232673049,-0.00063840870279810002,-0.00063840870279810002,0.001162834232673,0.0029586108867078998,0.0029586108867078998
USTPU,2013-04-30,0.0011162060545757413,-0.00077811558730899995,-0.00077811558730899995,0.0011162060545757001,0.0029759318567812,0.0029759318567812
USTPU,2013-05-31,0.001118415268138051,-0.00084334588609629997,-0.00084334588609629997,0.0011184152681380001,0.0029812341090291001,0.0029812341090291001
USTPU,2013-06-30,0.0011128311743959785,-0.00088273175060740001,-0.00088273175060740001,0.0011128311743959,0.0030363341793416998,0.0030363341793416998
USTPU,2013-07-31,0.0011189428623765707,-0.00093796802684659999,-0.00093796802684659999,0.0011189428623765,0.0030449831392615999,0.0030449831392615999
USTPU,2013-08-31,0.0010722748702391982,-0.0010150363668798999,-0.0010150363668798999,0.0010722748702391,0.0029988151509313999,0.0029988151509313999
USTPU,2013-09-30,0.0010955428006127477,-0.0010332725942134001,-0.0010332725942134001,0.0010955428006127,0.0030583350453525001,0.0030583350453525001
USTPU,2013-10-31,0.0010381308384239674,-0.0011397332418709,-0.0011397332418709,0.0010381308384238999,0.0030410927720367002,0.0030410927720367002
USTPU,2013-11-30,0.00098883360624313354,-0.0012385649606585,-0.0012385649606585,0.00098883360624309993,0.0030407377053052,0.0030407377053052
USTPU,2013-12-31,0.0009502140455879271,-0.001320153241977,-0.001320153241977,0.0009502140455879,0.0030341108795255002,0.0030341108795255002
USTPU,2014-01-31,0.00099271303042769432,-0.0013002578634768,-0.0013002578634768,0.0009927130304276,0.0030503454618154998,0.0030503454618154998
USTPU,2014-02-28,0.00096433347789570689,-0.0013416921719908001,-0.0013416921719908001,0.00096433347789569995,0.0030628065578639,0.0030628065578639
USTPU,2014-03-31,0.00097900384571403265,-0.0013439420145003999,-0.0013439420145003999,0.00097900384571399991,0.0030972019303589999,0.0030972019303589999
USTPU,2014-04-30,0.00099880399648100138,-0.0013634329661726,-0.0013634329661726,0.00099880399648100008,0.0031256866641341998,0.0031256866641341998
USTPU,2014-05-31,0.0010199928656220436,-0.0013733205851167,-0.0013733205851167,0.001019992865622,0.0031973512377589,0.0031973512377589
USTPU,2014-06-30,0.0010360225569456816,-0.0014036684297025,-0.0014036684297025,0.0010360225569456,0.0032219989225268,0.0032219989225268
USTPU,2014-07-31,0.0010491221910342574,-0.0013883386272937001,-0.0013883386272937001,0.0010491221910341999,0.0032247733324765999,0.0032247733324765999
USTPU,2014-08-31,0.0010503688827157021,-0.0014368291012942,-0.0014368291012942,0.0010503688827157001,0.0033191652037203,0.0033191652037203
USTPU,2014-09-30,0.0010404456406831741,-0.0014878511428832999,-0.0014878511428832999,0.0010404456406831,0.0032713345717637998,0.0032713345717637998
USTPU,2014-10-31,0.0010648875031620264,-0.0014772359281777999,-0.0014772359281777999,0.001064887503162,0.0032804589718579999,0.0032804589718579999
USTPU,2014-11-30,0.0010714069940149784,-0.0014753527939318999,-0.0014753527939318999,0.0010714069940148999,0.0032940390519797,0.0032940390519797
USTPU,2014-12-31,0.0010763813043013215,-0.0014809283893554999,-0.0014809283893554999,0.0010763813043013,0.0033032065257429999,0.0033032065257429999
USTPU,2015-01-31,0.0011151880025863647,-0.0014918972738086999,-0.0014918972738086999,0.0011151880025862999,0.0033514441456644999,0.0033514441456644999
USTRADE,2013-02-28,0.00091816869098693132,-0.0013288150075822999,-0.0013288150075822999,0.00091816869098689999,0.0033400540705769998,0.0033400540705769998
USTRADE,2013-03-31,0.00091229192912578583,-0.0014299985487014001,-0.0014299985487014001,0.00091229192912569996,0.0034702613484114001,0.0034702613484114001
USTRADE,2013-04-30,0.00086571485735476017,-0.0015483428724110001,-0.0015483428724110001,0.0008657148573547,0.0034930906258523,0.0034930906258523
USTRADE,2013-05-31,0.00098388711921870708,-0.0014641482848674,-0.0014641482848674,0.00098388711921869993,0.0036356442142277002,0.0036356442142277002
USTRADE,2013-06-30,0.0010522144148126245,-0.0014317424502222999,-0.0014317424502222999,0.0010522144148126,0.0037564681842923,0.0037564681842923
USTRADE,2013-07-31,0.0010566897690296173,-0.0014563952572643,-0.0014563952572643,0.0010566897690296,0.0037856251001358002,0.0037856251001358002
USTRADE,2013-08-31,0.0010034460574388504,-0.0015360708348452999,-0.0015360708348452999,0.0010034460574388001,0.0037655085325241002,0.0037655085325241002
USTRADE,2013-09-30,0.0010022474452853203,-0.0015962051693350001,-0.0015962051693350001,0.0010022474452852999,0.0037629171274602001,0.0037629171274602001
USTRADE,2013-10-31,0.00097250530961900949,-0.0016478076577185999,-0.0016478076577185999,0.00097250530961899995,0.003763471962884,0.003763471962884
USTRADE,2013-11-30,0.00095185707323253155,-0.0017019233200699,-0.0017019233200699,0.0009518570732325,0.0037883911281823999,0.0037883911281823999
USTRADE,2013-12-31,0.0010772343957796693,-0.0015675551258027001,-0.0015675551258027001,0.0010772343957795999,0.0039400514215229996,0.0039400514215229996
USTRADE,2014-01-31,0.0012044867035001516,-0.0014644586481153,-0.0014644586481153,0.0012044867035001,0.0040729362517594996,0.0040729362517594996
USTRADE,2014-02-28,0.0011866774875670671,-0.0014660833403468,-0.0014660833403468,0.0011866774875669999,0.0040833982639014001,0.0040833982639014001
USTRADE,2014-03-31,0.0011787868570536375,-0.0015248504932969,-0.0015248504932969,0.0011787868570536,0.0040724761784075997,0.0040724761784075997
USTRADE,2014-04-30,0.0011839303188025951,-0.001522253267467,-0.001522253267467,0.0011839303188024999,0.0040730442851781004,0.0040730442851781004
USTRADE,2014-05-31,0.0011560015846043825,-0.0015625627711415,-0.0015625627711415,0.0011560015846042999,0.0040548034012316998,0.0040548034012316998
USTRADE,2014-06-30,0.0011718983296304941,-0.0015705758705735001,-0.0015705758705735001,0.0011718983296304,0.0040862825699149999,0.0040862825699149999
USTRADE,2014-07-31,0.001315778587013483,-0.0014104323927313,-0.0014104323927313,0.0013157785870134,0.0042371898889541001,0.0042371898889541001
USTRADE,2014-08-31,0.0013933416921645403,-0.0013729042839258001,-0.0013729042839258001,0.0013933416921645,0.0043798321858047997,0.0043798321858047997
USTRADE,2014-09-30,0.0013579428195953369,-0.001442258246243,-0.001442258246243,0.0013579428195953001,0.0043292921036480999,0.0043292921036480999
USTRADE,2014-10-31,0.0013499982887879014,-0.0014271570835261999,-0.0014271570835261999,0.0013499982887879001,0.0043162321671843,0.0043162321671843
USTRADE,2014-11-30,0.0013210283359512687,-0.0014803307130931999,-0.0014803307130931999,0.0013210283359511999,0.0043028448708355002,0.0043028448708355002
USTRADE,2014-12-31,0.0013128480641171336,-0.0014895370695739,-0.0014895370695739,0.0013128480641171,0.0042859702371059998,0.0042859702371059998
USTRADE,2015-01-31,0.0012818416580557823,-0.0015386783052235,-0.0015386783052235,0.0012818416580556999,0.0042701028287409999,0.0042701028287409999
USWTRADE,2013-02-28,0.0012252166634425521,-0.0004036767641082,-0.0004036767641082,0.0012252166634425,0.0027264971286058001,0.0027264971286058001
USWTRADE,2013-03-31,0.0013406586367636919,-0.0004243723815307,-0.0004243723815307,0.0013406586367636,0.0029773283749818,0.0029773283749818
USWTRADE,2013-04-30,0.0013701501302421093,-0.00051991711370640004,-0.00051991711370640004,0.0013701501302421,0.0030888863839209002,0.0030888863839209002
USWTRADE,2013-05-31,0.0013346578925848007,-0.00064672017469999995,-0.00064672017469999995,0.0013346578925848001,0.0031050613615661001,0.0031050613615661001
USWTRADE,2013-06-30,0.0013591882307082415,-0.00069620343856509998,-0.00069620343856509998,0.0013591882307082,0.0032143117859959,0.0032143117859959
USWTRADE,2013-07-31,0.0013536153128370643,-0.00080268830060950004,-0.00080268830060950004,0.0013536153128370001,0.0032736016437411,0.0032736016437411
USWTRADE,2013-08-31,0.0013366988860070705,-0.00089939474128180002,-0.00089939474128180002,0.0013366988860070001,0.0032885116524994,0.0032885116524994
USWTRADE,2013-09-30,0.0013208150630816817,-0.00097888940945260001,-0.00097888940945260001,0.0013208150630816,0.003323977580294,0.003323977580294
USWTRADE,2013-10-31,0.0012919268338009715,-0.0010698265396058,-0.0010698265396058,0.0012919268338009,0.0033832488115875998,0.0033832488115875998
USWTRADE,2013-11-30,0.0012272483436390758,-0.0012236840557307001,-0.0012236840557307001,0.0012272483436390001,0.0033722969237715002,0.0033722969237715002
USWTRADE,2013-12-31,0.0012136875884607434,-0.0012817366514354001,-0.0012817366514354001,0.0012136875884607001,0.0034056496806442,0.0034056496806442
USWTRADE,2014-01-31,0.0011779892956838012,-0.0013624040875583,-0.0013624040875583,0.0011779892956838001,0.0033712144941091,0.0033712144941091
USWTRADE,2014-02-28,0.0011428913567215204,-0.0014125185552983999,-0.0014125185552983999,0.0011428913567215,0.0033834886271506001,0.0033834886271506001
USWTRADE,2014-03-31,0.0011068007443100214,-0.0015215526800602,-0.0015215526800602,0.0011068007443099999,0.0033892155624925999,0.0033892155624925999
USWTRADE,2014-04-30,0.0010967196431010962,-0.0015791757032275,-0.0015791757032275,0.0010967196431010001,0.0034025048371404002,0.0034025048371404002
USWTRADE,2014-05-31,0.001052477047778666,-0.0016515152528882001,-0.0016515152528882001,0.0010524770477786001,0.0033778536599129,0.0033778536599129
USWTRADE,2014-06-30,0.0010508840205147862,-0.0016690376214682999,-0.0016690376214682999,0.0010508840205146999,0.0033727369736879999,0.0033727369736879999
USWTRADE,2014-07-31,0.0010012880666181445,-0.0017293235287069999,-0.0017293235287069999,0.0010012880666181001,0.0033462520223109999,0.0033462520223109999
USWTRADE,2014-08-31,0.00099516089539974928,-0.0017963449936359999,-0.0017963449936359999,0.00099516089539970006,0.0034312971401958998,0.0034312971401958998
USWTRADE,2014-09-30,0.00095186562975868583,-0.0018811635673045999,-0.0018811635673045999,0.00095186562975859996,0.0033917403779923001,0.0033917403779923001
USWTRADE,2014-10-31,0.0009785165311768651,-0.0018648654222488,-0.0018648654222488,0.00097851653117680005,0.0034191471058875001,0.0034191471058875001
USWTRADE,2014-11-30,0.0009545707143843174,-0.0018892576918005,-0.0018892576918005,0.00095457071438430005,0.0033908607438206,0.0033908607438206
USWTRADE,2014-12-31,0.00094552937662228942,-0.0019027590751646999,-0.0019027590751646999,0.00094552937662219997,0.0033580537419766001,0.0033580537419766001
USWTRADE,2015-01-31,0.0009406280005350709,-0.0019564651884137999,-0.0019564651884137999,0.00094062800053499999,0.0033852651249617,0.0033852651249617
VIXCLSx,2013-02-28,13.557441711425781,12.045211791992188,12.045211791992188,13.557441711425779,16.802213668823242,16.802213668823242
VIXCLSx,2013-03-31,13.880990982055664,12.085328102111816,12.085328102111816,13.880990982055664,17.725095748901367,17.725095748901367
VIXCLSx,2013-04-30,14.235076904296875,12.250674247741699,12.250674247741699,14.235076904296877,18.775783538818359,18.775783538818359
VIXCLSx,2013-05-31,14.387812614440918,12.177672386169434,12.177672386169434,14.387812614440918,19.452072143554688,19.452072143554688
VIXCLSx,2013-06-30,14.573274612426758,12.106250762939451,12.106250762939451,14.573274612426758,20.140823364257812,20.140823364257812
VIXCLSx,2013-07-31,14.812149047851562,12.06716251373291,12.06716251373291,14.812149047851562,20.839176177978516,20.839176177978516
VIXCLSx,2013-08-31,15.108397483825684,12.19406795501709,12.19406795501709,15.108397483825684,21.620006561279297,21.620006561279297
VIXCLSx,2013-09-30,15.425043106079102,12.377387046813965,12.377387046813965,15.425043106079102,22.352840423583984,22.352840423583984
VIXCLSx,2013-10-31,15.54594612121582,12.266042709350586,12.266042709350586,15.54594612121582,22.736663818359375,22.736663818359375
VIXCLSx,2013-11-30,15.336209297180176,11.87103271484375,11.87103271484375,15.336209297180176,22.835533142089844,22.835533142089844
VIXCLSx,2013-12-31,15.344108581542969,11.755057334899902,11.755057334899902,15.344108581542969,23.056262969970703,23.056262969970703
VIXCLSx,2014-01-31,15.233779907226562,11.652318954467772,11.652318954467772,15.233779907226562,23.168552398681641,23.168552398681641
VIXCLSx,2014-02-28,15.196344375610352,11.567697525024414,11.567697525024414,15.196344375610352,23.126588821411133,23.126588821411133
VIXCLSx,2014-03-31,15.266941070556641,11.608948707580566,11.608948707580566,15.266941070556641,23.528848648071289,23.528848648071289
VIXCLSx,2014-04-30,15.337434768676758,11.530540466308594,11.530540466308594,15.337434768676758,23.862287521362305,23.862287521362305
VIXCLSx,2014-05-31,15.346279144287109,11.496191024780272,11.496191024780272,15.346279144287109,24.080339431762695,24.080339431762695
VIXCLSx,2014-06-30,15.394627571105957,11.454087257385254,11.454087257385254,15.394627571105955,24.429386138916016,24.429386138916016
VIXCLSx,2014-07-31,15.57158088684082,11.417229652404783,11.417229652404783,15.57158088684082,24.741958618164062,24.741958618164062
VIXCLSx,2014-08-31,15.898059844970703,11.451064109802246,11.451064109802246,15.898059844970703,25.397804260253903,25.397804260253903
VIXCLSx,2014-09-30,16.21497917175293,11.686643600463867,11.686643600463867,16.21497917175293,25.904056549072266,25.904056549072266
VIXCLSx,2014-10-31,16.622236251831055,12.012041091918944,12.012041091918944,16.622236251831055,26.4176025390625,26.4176025390625
VIXCLSx,2014-11-30,16.409015655517578,11.836553573608398,11.836553573608398,16.409015655517578,26.200084686279297,26.200084686279297
VIXCLSx,2014-12-31,16.073455810546875,11.534115791320801,11.534115791320801,16.073455810546875,25.89579963684082,25.89579963684082
VIXCLSx,2015-01-31,15.754883766174316,11.221874237060549,11.221874237060549,15.754883766174316,25.62476921081543,25.62476921081543
W875RX1,2013-02-28,0.0016431580297648907,-0.0098196454346179008,-0.0098196454346179008,0.0016431580297648,0.0113870315253734,0.0113870315253734
W875RX1,2013-03-31,0.0019536768086254597,-0.0097808670252560997,-0.0097808670252560997,0.0019536768086253998,0.0112986806780099,0.0112986806780099
W875RX1,2013-04-30,0.0020281022880226374,-0.0094201359897851007,-0.0094201359897851007,0.0020281022880226001,0.0107068251818418,0.0107068251818418
W875RX1,2013-05-31,0.002034998731687665,-0.0090004708617925002,-0.0090004708617925002,0.0020349987316875999,0.0100136436522006,0.0100136436522006
W875RX1,2013-06-30,0.0028417389839887619,-0.0078198816627264005,-0.0078198816627264005,0.0028417389839886999,0.010257026180624899,0.010257026180624899
W875RX1,2013-07-31,0.0024937514681369066,-0.0079856645315885006,-0.0079856645315885006,0.0024937514681369001,0.0094597395509480996,0.0094597395509480996
W875RX1,2013-08-31,0.0030062494333833456,-0.0071444190107284996,-0.0071444190107284996,0.0030062494333833001,0.0096541866660117999,0.0096541866660117999
W875RX1,2013-09-30,0.0031217350624501705,-0.0067451731301843999,-0.0067451731301843999,0.0031217350624500998,0.0095470305532217008,0.0095470305532217008
W875RX1,2013-10-31,0.0033764354884624481,-0.0063136746175587004,-0.0063136746175587004,0.0033764354884624,0.0097072310745716008,0.0097072310745716008
W875RX1,2013-11-30,0.003695119172334671,-0.0059274029918015003,-0.0059274029918015003,0.0036951191723345999,0.0099707953631876997,0.0099707953631876997
W875RX1,2013-12-31,0.0040339105762541294,-0.0054401946254074001,-0.0054401946254074001,0.0040339105762540999,0.010350454598665199,0.010350454598665199
W875RX1,2014-01-31,0.0016740136779844761,-0.0079427585005760002,-0.0079427585005760002,0.0016740136779844,0.0080048302188515004,0.0080048302188515004
W875RX1,2014-02-28,0.0031982411164790392,-0.0063611851073800997,-0.0063611851073800997,0.0031982411164790002,0.0092160301283000998,0.0092160301283000998
W875RX1,2014-03-31,0.0029558329842984676,-0.0066838297061622004,-0.0066838297061622004,0.0029558329842984,0.0089900195598602,0.0089900195598602
W875RX1,2014-04-30,0.0031133787706494331,-0.0064958748407661004,-0.0064958748407661004,0.0031133787706494002,0.0091164568439125997,0.0091164568439125997
W875RX1,2014-05-31,0.0024368674494326115,-0.0071881418116390003,-0.0071881418116390003,0.0024368674494326002,0.0083720721304415997,0.0083720721304415997
W875RX1,2014-06-30,0.0030790951568633318,-0.0065333540551363997,-0.0065333540551363997,0.0030790951568633001,0.0089510614052413992,0.0089510614052413992
W875RX1,2014-07-31,0.0027472747024148703,-0.0069072279147803003,-0.0069072279147803003,0.0027472747024148,0.0085608214139938008,0.0085608214139938008
W875RX1,2014-08-31,0.0027973812539130449,-0.0068182568065822003,-0.0068182568065822003,0.0027973812539129998,0.0087430309504269998,0.0087430309504269998
W875RX1,2014-09-30,0.0027035917155444622,-0.0068117589689791003,-0.0068117589689791003,0.0027035917155444002,0.0085567440837620995,0.0085567440837620995
W875RX1,2014-10-31,0.0029167956672608852,-0.0067060342989861002,-0.0067060342989861002,0.0029167956672607998,0.0087734069675206999,0.0087734069675206999
W875RX1,2014-11-30,0.0025817002169787884,-0.0072248517535626004,-0.0072248517535626004,0.0025817002169786999,0.0084388684481382006,0.0084388684481382006
W875RX1,2014-12-31,0.0033741411752998829,-0.0064743342809378997,-0.0064743342809378997,0.0033741411752998001,0.0091923512518404995,0.0091923512518404995
W875RX1,2015-01-31,0.0014387702103704214,-0.0085567664355039007,-0.0085567664355039007,0.0014387702103703999,0.0073243742808699001,0.0073243742808699001
WPSFD49207,2013-02-28,-0.0030095325782895088,-0.0099514825269579003,-0.0099514825269579003,-0.0030095325782895001,0.0039279609918593996,0.0039279609918593996
WPSFD49207,2013-03-31,0.00044340619933791459,-0.0067763915285467997,-0.0067763915285467997,0.00044340622844169999,0.0076263099908827998,0.0076263099908827998
WPSFD49207,2013-04-30,-0.00037108769174665213,-0.0076579581946134003,-0.0076579581946134003,-0.00037108769174659998,0.0069039259105920002,0.0069039259105920002
WPSFD49207,2013-05-31,-0.00040311968768946826,-0.0077274069190025,-0.0077274069190025,-0.0004031197167932,0.0068469382822512999,0.0068469382822512999
WPSFD49207,2013-06-30,-0.0005277490708976984,-0.0079112257808445999,-0.0079112257808445999,-0.00052774907089759996,0.0067895688116550003,0.0067895688116550003
WPSFD49207,2013-07-31,0.00018968980293720961,-0.0072491466999053001,-0.0072491466999053001,0.00018968980293720001,0.0075403451919554996,0.0075403451919554996
WPSFD49207,2013-08-31,-0.00038950762245804071,-0.0078601045534014008,-0.0078601045534014008,-0.000389507622458,0.0070770084857939997,0.0070770084857939997
WPSFD49207,2013-09-30,-0.00058154534781351686,-0.0080968914553522994,-0.0080968914553522994,-0.00058154540602110003,0.0069327037781476003,0.0069327037781476003
WPSFD49207,2013-10-31,4.7542278480250388e-05,-0.0075552538037299997,-0.0075552538037299997,4.7542271204292774e-05,0.0076958173885941002,0.0076958173885941002
WPSFD49207,2013-11-30,8.1112637417390943e-05,-0.0076085589826106999,-0.0076085589826106999,8.1112608313560486e-05,0.0077782105654478004,0.0077782105654478004
WPSFD49207,2013-12-31,0.00010195644426858053,-0.0076456749811768003,-0.0076456749811768003,0.0001019564224407,0.0078718680888414001,0.0078718680888414001
WPSFD49207,2014-01-31,-8.8489949121139944e-05,-0.0077744154259561998,-0.0077744154259561998,-8.8489963673055172e-05,0.0076453434303401999,0.0076453434303401999
WPSFD49207,2014-02-28,-2.3312411940423772e-05,-0.0076138535514472996,-0.0076138535514472996,-2.331240102648735e-05,0.0077080586925148001,0.0077080586925148001
WPSFD49207,2014-03-31,-0.00014707975788041949,-0.0077436007559299001,-0.0077436007559299001,-0.00014707969967270001,0.0075702676549553004,0.0075702676549553004
WPSFD49207,2014-04-30,-6.0885664424858987e-05,-0.0077011808753013004,-0.0077011808753013004,-6.0885678976774216e-05,0.0077403942123054998,0.0077403942123054998
WPSFD49207,2014-05-31,-0.00021560121967922896,-0.0077834390103815997,-0.0077834390103815997,-0.00021560117602340001,0.0075774490833282002,0.0075774490833282002
WPSFD49207,2014-06-30,1.0919178748736158e-05,-0.0075637036934494001,-0.0075637036934494001,1.0919175110757353e-05,0.0078428601846097998,0.0078428601846097998
WPSFD49207,2014-07-31,-0.00016633611812721938,-0.0076921032741664999,-0.0076921032741664999,-0.0001663360744714,0.0076486701145768001,0.0076486701145768001
WPSFD49207,2014-08-31,-0.00011170747166033834,-0.0077887019142508004,-0.0077887019142508004,-0.0001117074862122,0.0078405160456894996,0.0078405160456894996
WPSFD49207,2014-09-30,-0.00014673751138616353,-0.0078471694141625994,-0.0078471694141625994,-0.0001467375550419,0.0077930316329001999,0.0077930316329001999
WPSFD49207,2014-10-31,-0.00017631448281463236,-0.0079068187624215993,-0.0079068187624215993,-0.00017631449736649999,0.0078131118789314998,0.0078131118789314998
WPSFD49207,2014-11-30,-0.00031308649340644479,-0.0079092783853410998,-0.0079092783853410998,-0.00031308643519870001,0.0075991516932845003,0.0075991516932845003
WPSFD49207,2014-12-31,-0.00015328907466027886,-0.0077146366238594003,-0.0077146366238594003,-0.00015328906010830001,0.0079193748533724993,0.0079193748533724993
WPSFD49207,2015-01-31,-0.0001990133459912613,-0.0077467150986194003,-0.0077467150986194003,-0.000199013389647,0.0078531149774788995,0.0078531149774788995
WPSFD49502,2013-02-28,-0.0037864749319851398,-0.012956998310983099,-0.012956998310983099,-0.0037864749319850999,0.0054314495064317998,0.0054314495064317998
WPSFD49502,2013-03-31,0.00062604167032986879,-0.0088952705264091006,-0.0088952705264091006,0.00062604167032979995,0.0101489201188087,0.0101489201188087
WPSFD49502,2013-04-30,-0.000326332519762218,-0.0099192829802632002,-0.0099192829802632002,-0.0003263325197622,0.0093208728358149008,0.0093208728358149008
WPSFD49502,2013-05-31,-0.00034346629399806261,-0.0099692130461334991,-0.0099692130461334991,-0.000343466293998,0.0092912353575229003,0.0092912353575229003
WPSFD49502,2013-06-30,-0.00071816792478784919,-0.0103814955800771,-0.0103814955800771,-0.00071816798299550002,0.0089944247156381,0.0089944247156381
WPSFD49502,2013-07-31,0.00014209344226401299,-0.0095741273835301,-0.0095741273835301,0.00014209339860820001,0.0098834475502371007,0.0098834475502371007
WPSFD49502,2013-08-31,-0.00047147978330031037,-0.0102358078584074,-0.0102358078584074,-0.00047147972509260002,0.0094392113387583992,0.0094392113387583992
WPSFD49502,2013-09-30,-0.00089943455532193184,-0.0107061993330717,-0.0107061993330717,-0.00089943455532189996,0.0090839434415102005,0.0090839434415102005
WPSFD49502,2013-10-31,0.00014524359721690416,-0.0097586121410131003,-0.0097586121410131003,0.00014524359721689999,0.0102902520447969,0.0102902520447969
WPSFD49502,2013-11-30,6.639410275965929e-05,-0.0099255908280611004,-0.0099255908280611004,6.639410275965929e-05,0.0102961929515004,0.0102961929515004
WPSFD49502,2013-12-31,0.00013653651694767177,-0.0099246464669704004,-0.0099246464669704004,0.00013653654605150001,0.010458171367645199,0.010458171367645199
WPSFD49502,2014-01-31,-0.00018963089678436518,-0.0101518994197249,-0.0101518994197249,-0.00018963089678429999,0.0101017355918884,0.0101017355918884
WPSFD49502,2014-02-28,-5.0907081458717585e-05,-0.0098887579515575998,-0.0098887579515575998,-5.0907023251056671e-05,0.0102457264438271,0.0102457264438271
WPSFD49502,2014-03-31,-0.00023656430130358785,-0.010101669467985601,-0.010101669467985601,-0.00023656431585549999,0.0100393621250987,0.0100393621250987
WPSFD49502,2014-04-30,-0.00015280113439075649,-0.0100722163915634,-0.0100722163915634,-0.00015280116349449999,0.0102277938276529,0.0102277938276529
WPSFD49502,2014-05-31,-0.00029439071658998728,-0.0101198013871908,-0.0101198013871908,-0.0002943907165899,0.010075245052575999,0.010075245052575999
WPSFD49502,2014-06-30,1.902501389849931e-05,-0.0098117738962172994,-0.0098117738962172994,1.9025057554244995e-05,0.0104071674868464,0.0104071674868464
WPSFD49502,2014-07-31,-0.00026318745221942663,-0.010011997073888701,-0.010011997073888701,-0.00026318745221940001,0.010125414468348,0.010125414468348
WPSFD49502,2014-08-31,-0.00022787960187997669,-0.010167850181460301,-0.010167850181460301,-0.0002278796164318,0.010337269864976399,0.010337269864976399
WPSFD49502,2014-09-30,-0.00025315565289929509,-0.010199967771768501,-0.010199967771768501,-0.00025315571110690001,0.0103046931326389,0.0103046931326389
WPSFD49502,2014-10-31,-0.00028845487395301461,-0.0102747417986392,-0.0102747417986392,-0.00028845481574529998,0.010317882522940599,0.010317882522940599
WPSFD49502,2014-11-30,-0.00042556569678708911,-0.0102543132379651,-0.0102543132379651,-0.00042556575499469999,0.0100715346634387,0.0100715346634387
WPSFD49502,2014-12-31,-0.00023265766503755003,-0.0099848890677094009,-0.0099848890677094009,-0.0002326576504856,0.0104624526575207,0.0104624526575207
WPSFD49502,2015-01-31,-0.00027865933952853084,-0.0100235063582658,-0.0100235063582658,-0.00027865939773610003,0.010386043228209,0.010386043228209
WPSID61,2013-02-28,-0.00067789002787321806,-0.0082875443622469,-0.0082875443622469,-0.00067789002787319995,0.0067789927124976999,0.0067789927124976999
WPSID61,2013-03-31,3.1012379622552544e-05,-0.0080463830381631001,-0.0080463830381631001,3.1012343242764473e-05,0.0079708425328135005,0.0079708425328135005
WPSID61,2013-04-30,0.00034493242856115103,-0.0079203369095920996,-0.0079203369095920996,0.00034493242856110002,0.0084627550095319002,0.0084627550095319002
WPSID61,2013-05-31,0.00012694182805716991,-0.0082143470644949999,-0.0082143470644949999,0.00012694182805710001,0.0083805574104189005,0.0083805574104189005
WPSID61,2013-06-30,1.9161332147632493e-06,-0.0084537519142030993,-0.0084537519142030993,1.9160797819495201e-06,0.0083183646202087003,0.0083183646202087003
WPSID61,2013-07-31,0.000136408387334086,-0.0082906028255819997,-0.0082906028255819997,0.0001364083727821,0.0085159139707683996,0.0085159139707683996
WPSID61,2013-08-31,3.7691635952796787e-05,-0.0084280446171760004,-0.0084280446171760004,3.7691672332584858e-05,0.0085439691320061007,0.0085439691320061007
WPSID61,2013-09-30,-1.9848310330417007e-05,-0.0084797162562608008,-0.0084797162562608008,-1.9848346710205082e-05,0.0084633035585284008,0.0084633035585284008
WPSID61,2013-10-31,8.9561486674938351e-05,-0.0084598679095505992,-0.0084598679095505992,8.956145029515028e-05,0.0087041370570658996,0.0087041370570658996
WPSID61,2013-11-30,0.00022175000049173832,-0.0083649810403585,-0.0083649810403585,0.00022175000049169999,0.0088795656338333997,0.0088795656338333997
WPSID61,2013-12-31,0.00031976395985111594,-0.0082569289952516001,-0.0082569289952516001,0.00031976390164340001,0.0089668529108166001,0.0089668529108166001
WPSID61,2014-01-31,0.00033261204953305423,-0.0081548318266868002,-0.0081548318266868002,0.00033261207863680001,0.0088648376986383993,0.0088648376986383993
WPSID61,2014-02-28,0.00025465077487751842,-0.0082058226689696,-0.0082058226689696,0.00025465071666979999,0.0088599445298314008,0.0088599445298314008
WPSID61,2014-03-31,0.00024128564109560102,-0.0081690708175300997,-0.0081690708175300997,0.00024128565564749999,0.0087626809254287997,0.0087626809254287997
WPSID61,2014-04-30,0.00013406973448581994,-0.0083123203366994008,-0.0083123203366994008,0.00013406970538190001,0.0087435962632298001,0.0087435962632298001
WPSID61,2014-05-31,9.2138485342729837e-05,-0.0082515133544802007,-0.0082515133544802007,9.2138536274433136e-05,0.0086866887286304994,0.0086866887286304994
WPSID61,2014-06-30,0.00011509686737554148,-0.0082075176760554001,-0.0082075176760554001,0.0001150969183072,0.0087132137268781003,0.0087132137268781003
WPSID61,2014-07-31,7.8951183240860701e-05,-0.0082279965281486008,-0.0082279965281486008,7.8951241448521614e-05,0.0086573585867880994,0.0086573585867880994
WPSID61,2014-08-31,0.00013029319234192371,-0.0083179520443081006,-0.0083179520443081006,0.0001302931923419,0.0088106431066988997,0.0088106431066988997
WPSID61,2014-09-30,0.00014517476665787399,-0.0082616321742533996,-0.0082616321742533996,0.0001451747957617,0.0088220229372382008,0.0088220229372382008
WPSID61,2014-10-31,1.0296718755853362e-05,-0.0083289174363016995,-0.0083289174363016995,1.029670238494873e-05,0.0086411442607640995,0.0086411442607640995
WPSID61,2014-11-30,4.8779125791043043e-05,-0.0081287939101457006,-0.0081287939101457006,4.877906758338213e-05,0.0084954537451267,0.0084954537451267
WPSID61,2014-12-31,0.00021310195734258741,-0.0078803980723022998,-0.0078803980723022998,0.00021310197189450001,0.0086393151432274991,0.0086393151432274991
WPSID61,2015-01-31,0.00031209349981509149,-0.0077585615217684997,-0.0077585615217684997,0.00031209352891889999,0.0087631726637482001,0.0087631726637482001
WPSID62,2013-02-28,-0.0012370966142043471,-0.032540787011384902,-0.032540787011384902,-0.0012370967306196,0.033750299364328301,0.033750299364328301
WPSID62,2013-03-31,-6.5001164330169559e-05,-0.032848428934812497,-0.032848428934812497,-6.5001193434000015e-05,0.0370736867189407,0.0370736867189407
WPSID62,2013-04-30,-0.0028828326612710953,-0.035784326493739999,-0.035784326493739999,-0.0028828326612709999,0.0353387035429477,0.0353387035429477
WPSID62,2013-05-31,-0.0021231942810118198,-0.035076234489679302,-0.035076234489679302,-0.0021231942810117999,0.037017319351434701,0.037017319351434701
WPSID62,2013-06-30,-0.0016536189941689372,-0.0350771732628345,-0.0350771732628345,-0.0016536191105842001,0.038187835365533801,0.038187835365533801
WPSID62,2013-07-31,-0.0029811616986989975,-0.036836627870798097,-0.036836627870798097,-0.0029811616986988999,0.037384826689958503,0.037384826689958503
WPSID62,2013-08-31,-0.0020112600177526474,-0.035540983080863897,-0.035540983080863897,-0.0020112600177526001,0.038696106523275299,0.038696106523275299
WPSID62,2013-09-30,-0.0011805295944213867,-0.034727927297353703,-0.034727927297353703,-0.0011805295944213,0.039649624377489,0.039649624377489
WPSID62,2013-10-31,-0.00091064098523929715,-0.035308025777339901,-0.035308025777339901,-0.00091064115986219999,0.040695022791624,0.040695022791624
WPSID62,2013-11-30,-0.0028603277169167995,-0.037535786628723103,-0.037535786628723103,-0.0028603277169166998,0.039347946643829297,0.039347946643829297
WPSID62,2013-12-31,-0.0031756376847624779,-0.038071464747190399,-0.038071464747190399,-0.0031756376847623998,0.038935549557209001,0.038935549557209001
WPSID62,2014-01-31,-0.0028002355247735977,-0.037347100675106,-0.037347100675106,-0.0028002355247735001,0.039389979094266801,0.039389979094266801
WPSID62,2014-02-28,-0.0032259011641144753,-0.0378884077072143,-0.0378884077072143,-0.0032259011641143998,0.039584405720233903,0.039584405720233903
WPSID62,2014-03-31,-0.0032183178700506687,-0.0379157774150371,-0.0379157774150371,-0.0032183178700506002,0.039747476577758699,0.039747476577758699
WPSID62,2014-04-30,-0.0026280186139047146,-0.037577025592327097,-0.037577025592327097,-0.0026280186139046998,0.040700927376747097,0.040700927376747097
WPSID62,2014-05-31,-0.0021938844583928585,-0.036776538938283899,-0.036776538938283899,-0.0021938844583928,0.041383951902389499,0.041383951902389499
WPSID62,2014-06-30,-0.002181073185056448,-0.036724966019392,-0.036724966019392,-0.0021810731850563998,0.041304182261228499,0.041304182261228499
WPSID62,2014-07-31,-0.0024669314734637737,-0.036769878119230201,-0.036769878119230201,-0.0024669314734637,0.041170880198478699,0.041170880198478699
WPSID62,2014-08-31,-0.0025304490700364113,-0.037575241178274099,-0.037575241178274099,-0.0025304490700364,0.042005665600299801,0.042005665600299801
WPSID62,2014-09-30,-0.0027307262644171715,-0.0376968421041965,-0.0376968421041965,-0.0027307262644170999,0.042128715664148303,0.042128715664148303
WPSID62,2014-10-31,-0.0020424765534698963,-0.037079188972711501,-0.037079188972711501,-0.0020424765534698,0.0431187152862548,0.0431187152862548
WPSID62,2014-11-30,-0.0019784732721745968,-0.0361707545816898,-0.0361707545816898,-0.0019784732721745001,0.042594209313392598,0.042594209313392598
WPSID62,2014-12-31,-0.0018329961458221078,-0.0361652337014675,-0.0361652337014675,-0.0018329960294067001,0.043218564242124502,0.043218564242124502
WPSID62,2015-01-31,-0.0010966461850330234,-0.035864531993865897,-0.035864531993865897,-0.0010966463014483001,0.044291123747825602,0.044291123747825602
