unique_id,ds,TimesFM,TimesFM-q-5,TimesFM-q-10,TimesFM-q-50,TimesFM-q-90,TimesFM-q-95
AAA,2023-08-31,-0.0093009211122989655,-0.2064338326454162,-0.2064338326454162,-0.0093009211122988995,0.21095733344554901,0.21095733344554901
AAA,2023-09-30,-0.0061243483796715736,-0.21338412165641779,-0.21338412165641779,-0.0061243474483489001,0.22969669103622431,0.22969669103622431
AAA,2023-10-31,-0.0086798463016748428,-0.22054880857467651,-0.22054880857467651,-0.0086798444390295999,0.23639470338821411,0.23639470338821411
AAA,2023-11-30,-0.02036738209426403,-0.23666183650493619,-0.23666183650493619,-0.0203673839569091,0.229592815041542,0.229592815041542
AAA,2023-12-31,-0.018282700330018997,-0.2364099323749542,-0.2364099323749542,-0.0182827003300189,0.23517546057701111,0.23517546057701111
AAA,2024-01-31,-0.0016890913248062134,-0.2215675562620163,-0.2215675562620163,-0.0016890913248061999,0.25417265295982361,0.25417265295982361
AAA,2024-02-29,0.0059854742139577866,-0.2162199914455413,-0.2162199914455413,0.0059854760766029002,0.26381710171699518,0.26381710171699518
AAA,2024-03-31,0.0021894406527280807,-0.2205678969621658,-0.2205678969621658,0.0021894425153732001,0.26172202825546259,0.26172202825546259
AAA,2024-04-30,-0.0024760095402598381,-0.225511759519577,-0.225511759519577,-0.0024760104715824001,0.25894740223884583,0.25894740223884583
AAA,2024-05-31,-0.0017040017992258072,-0.22655615210533139,-0.22655615210533139,-0.0017039999365806001,0.2618071436882019,0.2618071436882019
AAA,2024-06-30,-0.0057634636759757996,-0.23149929940700531,-0.23149929940700531,-0.0057634636759756998,0.25760313868522638,0.25760313868522638
AAA,2024-07-31,-0.014313616789877415,-0.238110601902008,-0.238110601902008,-0.0143136158585548,0.24993243813514709,0.24993243813514709
AAA,2024-08-31,-0.017110789194703102,-0.240659549832344,-0.240659549832344,-0.017110787332057901,0.24953219294548029,0.24953219294548029
AAA,2024-09-30,-0.0050542093813419342,-0.2320949435234069,-0.2320949435234069,-0.0050542093813419004,0.26141089200973511,0.26141089200973511
AAA,2024-10-31,-0.0041163088753819466,-0.23051032423973081,-0.23051032423973081,-0.0041163079440593,0.26164531707763672,0.26164531707763672
AAA,2024-11-30,-0.014681737869977951,-0.2410284876823425,-0.2410284876823425,-0.014681737869977901,0.25099971890449518,0.25099971890449518
AAA,2024-12-31,-0.019057262688875198,-0.24490396678447721,-0.24490396678447721,-0.019057262688875198,0.24291515350341791,0.24291515350341791
AAA,2025-01-31,-0.0098717045038938522,-0.23544512689113609,-0.23544512689113609,-0.0098717063665389997,0.25191506743431091,0.25191506743431091
AAA,2025-02-28,-0.0033031729981303215,-0.2333306670188903,-0.2333306670188903,-0.0033031739294527998,0.26229339838027949,0.26229339838027949
AAA,2025-03-31,-0.0054291011765599251,-0.23405075073242179,-0.23405075073242179,-0.0054291002452373002,0.261967122554779,0.261967122554779
AAA,2025-04-30,-0.011738327331840992,-0.23850111663341519,-0.23850111663341519,-0.0117383264005184,0.2549712061882019,0.2549712061882019
AAA,2025-05-31,-0.016174230724573135,-0.23913741111755371,-0.23913741111755371,-0.016174230724573101,0.24664404988288879,0.24664404988288879
AAA,2025-06-30,-0.01945083774626255,-0.2409115731716156,-0.2409115731716156,-0.019450835883617401,0.24120840430259699,0.24120840430259699
AAA,2025-07-31,-0.021986834704875946,-0.24697019159793851,-0.24697019159793851,-0.021986834704875901,0.2408778369426727,0.2408778369426727
AAAFFM,2023-08-31,-0.43720531463623047,-0.83937525749206543,-0.83937525749206543,-0.43720531463623041,0.1006011962890625,0.1006011962890625
AAAFFM,2023-09-30,-0.28924369812011719,-0.89769434928894043,-0.89769434928894043,-0.28924369812011719,0.48473978042602539,0.48473978042602539
AAAFFM,2023-10-31,-0.13294196128845215,-0.89158320426940918,-0.89158320426940918,-0.13294196128845209,0.90385055541992199,0.90385055541992199
AAAFFM,2023-11-30,0.0048675537109375,-0.96859550476074219,-0.96859550476074219,0.0048675537109375,1.2821007966995239,1.2821007966995239
AAAFFM,2023-12-31,0.18764472007751465,-0.93340039253234863,-0.93340039253234863,0.18764472007751459,1.5687288045883181,1.5687288045883181
AAAFFM,2024-01-31,0.33795261383056641,-0.8960871696472168,-0.8960871696472168,0.33795261383056641,1.8437169790267944,1.8437169790267944
AAAFFM,2024-02-29,0.53073382377624512,-0.83003687858581543,-0.83003687858581543,0.53073382377624512,2.1300575733184814,2.1300575733184814
AAAFFM,2024-03-31,0.64131534099578857,-0.82975411415100098,-0.82975411415100098,0.64131534099578857,2.3059499263763428,2.3059499263763428
AAAFFM,2024-04-30,0.78533720970153809,-0.73779439926147461,-0.73779439926147461,0.78533720970153809,2.418118953704834,2.418118953704834
AAAFFM,2024-05-31,0.8986431360244751,-0.6908562183380127,-0.6908562183380127,0.8986431360244751,2.5814969539642334,2.5814969539642334
AAAFFM,2024-06-30,0.97570574283599854,-0.60710430145263672,-0.60710430145263672,0.97570574283599842,2.6550240516662602,2.6550240516662602
AAAFFM,2024-07-31,1.0405594110488892,-0.62436437606811523,-0.62436437606811523,1.0405594110488892,2.7527487277984619,2.7527487277984619
AAAFFM,2024-08-31,1.0926380157470703,-0.57268381118774414,-0.57268381118774414,1.0926380157470703,2.6649510860443115,2.6649510860443115
AAAFFM,2024-09-30,1.1529277563095093,-0.49635744094848627,-0.49635744094848627,1.1529277563095093,2.8023011684417725,2.8023011684417725
AAAFFM,2024-10-31,1.2358095645904541,-0.43630695343017578,-0.43630695343017578,1.2358095645904541,2.8552267551422119,2.8552267551422119
AAAFFM,2024-11-30,1.2849498987197876,-0.3871235847473144,-0.3871235847473144,1.2849498987197876,2.925789594650269,2.925789594650269
AAAFFM,2024-12-31,1.435312032699585,-0.30519437789916992,-0.30519437789916992,1.435312032699585,3.0747261047363281,3.0747261047363281
AAAFFM,2025-01-31,1.598798394203186,-0.1878960132598877,-0.1878960132598877,1.598798394203186,3.186500072479248,3.186500072479248
AAAFFM,2025-02-28,1.7356704473495483,-0.1268305778503418,-0.1268305778503418,1.7356704473495483,3.2734212875366211,3.2734212875366211
AAAFFM,2025-03-31,1.8748552799224854,-0.029520034790039,-0.029520034790039,1.8748552799224856,3.4248402118682861,3.4248402118682861
AAAFFM,2025-04-30,1.9725103378295898,0.077795267105102497,0.077795267105102497,1.9725103378295896,3.4828832149505615,3.4828832149505615
AAAFFM,2025-05-31,2.0292916297912598,0.081495046615600503,0.081495046615600503,2.0292916297912602,3.5844709873199463,3.5844709873199463
AAAFFM,2025-06-30,2.0444164276123047,0.089087247848510701,0.089087247848510701,2.0444164276123047,3.5879502296447754,3.5879502296447754
AAAFFM,2025-07-31,2.047523021697998,0.079584360122680595,0.079584360122680595,2.047523021697998,3.5513427257537842,3.5513427257537842
ACOGNO,2023-08-31,0.0017237027641385794,-0.017952315509319298,-0.017952315509319298,0.0017237027641385,0.022302420809864901,0.022302420809864901
ACOGNO,2023-09-30,0.00055582239292562008,-0.019864149391651102,-0.019864149391651102,0.00055582239292560002,0.022106135264039001,0.022106135264039001
ACOGNO,2023-10-31,0.0011493067722767591,-0.019663270562887102,-0.019663270562887102,0.0011493067722767,0.023170456290245001,0.023170456290245001
ACOGNO,2023-11-30,0.0018187948735430837,-0.0191167946904897,-0.0191167946904897,0.0018187949899584001,0.023814581334590901,0.023814581334590901
ACOGNO,2023-12-31,0.0016580221708863974,-0.018902091309428201,-0.018902091309428201,0.0016580221708863,0.023911345750093401,0.023911345750093401
ACOGNO,2024-01-31,0.0022318938281387091,-0.0185625907033681,-0.0185625907033681,0.0022318938281387,0.0246480163186788,0.0246480163186788
ACOGNO,2024-02-29,0.0019594808109104633,-0.018555257469415599,-0.018555257469415599,0.0019594808109104,0.024611240252852402,0.024611240252852402
ACOGNO,2024-03-31,0.0018547604558989406,-0.018686346709728199,-0.018686346709728199,0.0018547603394836001,0.0248775016516447,0.0248775016516447
ACOGNO,2024-04-30,0.0016854950226843357,-0.0190306361764669,-0.0190306361764669,0.0016854952555149,0.024529978632926899,0.024529978632926899
ACOGNO,2024-05-31,0.0018857049290090799,-0.0189403612166643,-0.0189403612166643,0.0018857049290089999,0.025029735639691301,0.025029735639691301
ACOGNO,2024-06-30,0.0026753884740173817,-0.018335198983549999,-0.018335198983549999,0.0026753884740173001,0.025885973125696099,0.025885973125696099
ACOGNO,2024-07-31,0.0017612898955121636,-0.0191131643950939,-0.0191131643950939,0.0017612900119274,0.0250828936696052,0.0250828936696052
ACOGNO,2024-08-31,0.0020721962209790945,-0.0188484117388725,-0.0188484117388725,0.002072196220979,0.025446303188800801,0.025446303188800801
ACOGNO,2024-09-30,0.0021964786574244499,-0.018745718523859901,-0.018745718523859901,0.0021964788902549999,0.025377543643116899,0.025377543643116899
ACOGNO,2024-10-31,0.0020286613143980503,-0.018958562985062599,-0.018958562985062599,0.002028661314398,0.025593489408493,0.025593489408493
ACOGNO,2024-11-30,0.0018543805927038193,-0.0189844761043787,-0.0189844761043787,0.0018543805927038,0.0256378389894962,0.0256378389894962
ACOGNO,2024-12-31,0.0022438173182308674,-0.019049571827053999,-0.019049571827053999,0.0022438175510615002,0.025877792388200701,0.025877792388200701
ACOGNO,2025-01-31,0.0026719162706285715,-0.018217217177152599,-0.018217217177152599,0.0026719162706285,0.026567727327346798,0.026567727327346798
ACOGNO,2025-02-28,0.0021883349400013685,-0.018986223265528599,-0.018986223265528599,0.0021883349400013,0.026564808562397901,0.026564808562397901
ACOGNO,2025-03-31,0.0023065893910825253,-0.019064404070377301,-0.019064404070377301,0.0023065896239131,0.0265920758247375,0.0265920758247375
ACOGNO,2025-04-30,0.0021801127586513758,-0.019114196300506502,-0.019114196300506502,0.0021801127586512999,0.0261088777333498,0.0261088777333498
ACOGNO,2025-05-31,0.0021148375235497952,-0.019125347957014999,-0.019125347957014999,0.0021148377563804002,0.0260342117398977,0.0260342117398977
ACOGNO,2025-06-30,0.0017110188491642475,-0.019439904019236499,-0.019439904019236499,0.0017110186163336,0.025744268670678101,0.025744268670678101
ACOGNO,2025-07-31,0.0020291288383305073,-0.0193515215069055,-0.0193515215069055,0.0020291288383304999,0.0262163951992988,0.0262163951992988
AMDMNOx,2023-08-31,0.006976068951189518,-0.033591236919164602,-0.033591236919164602,0.0069760689511894998,0.045763090252876198,0.045763090252876198
AMDMNOx,2023-09-30,0.01074647344648838,-0.032980933785438503,-0.032980933785438503,0.0107464732136577,0.051788181066512999,0.051788181066512999
AMDMNOx,2023-10-31,0.0029124331194907427,-0.042687118053436203,-0.042687118053436203,0.0029124328866600002,0.045185215771198203,0.045185215771198203
AMDMNOx,2023-11-30,0.0051980870775878429,-0.041701089590787797,-0.041701089590787797,0.0051980873104183999,0.048436872661113697,0.048436872661113697
AMDMNOx,2023-12-31,0.0076151387766003609,-0.040612161159515298,-0.040612161159515298,0.0076151392422615996,0.051780138164758599,0.051780138164758599
AMDMNOx,2024-01-31,0.0037694838829338551,-0.045693539083003998,-0.045693539083003998,0.0037694834172725001,0.048706468194723102,0.048706468194723102
AMDMNOx,2024-02-29,0.006259232759475708,-0.044165737926959901,-0.044165737926959901,0.0062592329923062996,0.051410820335149703,0.051410820335149703
AMDMNOx,2024-03-31,0.0061583518981933594,-0.045089852064847898,-0.045089852064847898,0.0061583516653627001,0.0518874824047088,0.0518874824047088
AMDMNOx,2024-04-30,0.0046891635283827782,-0.047488961368799203,-0.047488961368799203,0.0046891635283827001,0.051230315119028001,0.051230315119028001
AMDMNOx,2024-05-31,0.0057137664407491684,-0.046909261494874899,-0.046909261494874899,0.0057137666735797999,0.052932735532522202,0.052932735532522202
AMDMNOx,2024-06-30,0.0057521387934684753,-0.047214765101671198,-0.047214765101671198,0.0057521385606377996,0.053041130304336499,0.053041130304336499
AMDMNOx,2024-07-31,0.0052141919732093811,-0.0473769530653953,-0.0473769530653953,0.0052141919732092996,0.052227254956960602,0.052227254956960602
AMDMNOx,2024-08-31,0.0050924364477396011,-0.047514475882053299,-0.047514475882053299,0.0050924364477396003,0.052287548780441201,0.052287548780441201
AMDMNOx,2024-09-30,0.0053199287503957748,-0.046998530626296997,-0.046998530626296997,0.0053199287503957002,0.052271123975515303,0.052271123975515303
AMDMNOx,2024-10-31,0.0051308483816683292,-0.047339722514152499,-0.047339722514152499,0.0051308479160070003,0.0519799701869487,0.0519799701869487
AMDMNOx,2024-11-30,0.0052340086549520493,-0.047203414142131798,-0.047203414142131798,0.0052340086549519998,0.052220571786165203,0.052220571786165203
AMDMNOx,2024-12-31,0.0057196738198399544,-0.046566192060709,-0.046566192060709,0.0057196735870093003,0.052383895963430398,0.052383895963430398
AMDMNOx,2025-01-31,0.0045154308900237083,-0.047111380845308297,-0.047111380845308297,0.0045154308900236997,0.050959192216396297,0.050959192216396297
AMDMNOx,2025-02-28,0.0050056278705596924,-0.046892829239368397,-0.046892829239368397,0.0050056278705595996,0.051766935735940899,0.051766935735940899
AMDMNOx,2025-03-31,0.0050101396627724171,-0.046641342341899802,-0.046641342341899802,0.0050101394299416997,0.0516216270625591,0.0516216270625591
AMDMNOx,2025-04-30,0.0051926393061876297,-0.046239301562309203,-0.046239301562309203,0.0051926395390181996,0.051726564764976501,0.051726564764976501
AMDMNOx,2025-05-31,0.0050262492150068283,-0.046297501772642101,-0.046297501772642101,0.0050262492150067997,0.051226969808340003,0.051226969808340003
AMDMNOx,2025-06-30,0.0053971926681697369,-0.046165972948074299,-0.046165972948074299,0.0053971931338309999,0.0515396445989608,0.0515396445989608
AMDMNOx,2025-07-31,0.0051599382422864437,-0.046819806098937898,-0.046819806098937898,0.0051599384751169998,0.051412142813205698,0.051412142813205698
AMDMUOx,2023-08-31,0.0044071944430470467,-0.0028756661340594001,-0.0028756661340594001,0.0044071944430469998,0.012353141792118501,0.012353141792118501
AMDMUOx,2023-09-30,0.0057813879102468491,-0.0022011296823619998,-0.0022011296823619998,0.0057813879102467996,0.0145141277462244,0.0145141277462244
AMDMUOx,2023-10-31,0.0056643057614564896,-0.0027487850748002,-0.0027487850748002,0.0056643057614564002,0.0149507736787199,0.0149507736787199
AMDMUOx,2023-11-30,0.0051114843226969242,-0.0036328164860605998,-0.0036328164860605998,0.0051114843226968999,0.014774487353861301,0.014774487353861301
AMDMUOx,2023-12-31,0.0053731389343738556,-0.0036688079126179001,-0.0036688079126179001,0.0053731389343738001,0.015329957939684301,0.015329957939684301
AMDMUOx,2024-01-31,0.005297582596540451,-0.0040729488246141997,-0.0040729488246141997,0.0052975825965403999,0.0156485512852668,0.0156485512852668
AMDMUOx,2024-02-29,0.005303150974214077,-0.0043310374021530004,-0.0043310374021530004,0.0053031509742139998,0.015725106000900199,0.015725106000900199
AMDMUOx,2024-03-31,0.0055582774803042412,-0.0043923901394009,-0.0043923901394009,0.0055582774803042004,0.0161857903003692,0.0161857903003692
AMDMUOx,2024-04-30,0.0052484944462776184,-0.0048890309408306997,-0.0048890309408306997,0.0052484944462776002,0.016112344339489899,0.016112344339489899
AMDMUOx,2024-05-31,0.0048907827585935593,-0.0054158475250005002,-0.0054158475250005002,0.0048907827585935003,0.015935849398374499,0.015935849398374499
AMDMUOx,2024-06-30,0.0050099994987249374,-0.0053580412641166999,-0.0053580412641166999,0.0050099994987249001,0.016139548271894399,0.016139548271894399
AMDMUOx,2024-07-31,0.0046213772147893906,-0.0058156223967671004,-0.0058156223967671004,0.0046213772147893004,0.015722865238785699,0.015722865238785699
AMDMUOx,2024-08-31,0.0045350305736064911,-0.0057980995625256998,-0.0057980995625256998,0.0045350305736064,0.015789227560162499,0.015789227560162499
AMDMUOx,2024-09-30,0.0044547393918037415,-0.0062616383656858999,-0.0062616383656858999,0.0044547393918036998,0.0157855711877346,0.0157855711877346
AMDMUOx,2024-10-31,0.0044426820240914822,-0.0063315741717815,-0.0063315741717815,0.0044426820240913998,0.0159283000975847,0.0159283000975847
AMDMUOx,2024-11-30,0.0041839149780571461,-0.0067726289853453003,-0.0067726289853453003,0.0041839149780571001,0.015761248767375901,0.015761248767375901
AMDMUOx,2024-12-31,0.0043202321976423264,-0.0067397234961390001,-0.0067397234961390001,0.0043202321976423003,0.015795702114701202,0.015795702114701202
AMDMUOx,2025-01-31,0.0041646878235042095,-0.0067783603444694996,-0.0067783603444694996,0.0041646878235042,0.0157108306884765,0.0157108306884765
AMDMUOx,2025-02-28,0.0038547879084944725,-0.0073539968580006998,-0.0073539968580006998,0.0038547879084944001,0.015685113146901099,0.015685113146901099
AMDMUOx,2025-03-31,0.0038332920521497726,-0.0073236394673584998,-0.0073236394673584998,0.0038332920521496998,0.015883285552263201,0.015883285552263201
AMDMUOx,2025-04-30,0.0037656300701200962,-0.0075059877708553999,-0.0075059877708553999,0.0037656301865353998,0.015717169269919298,0.015717169269919298
AMDMUOx,2025-05-31,0.0038064366672188044,-0.0074099916964768999,-0.0074099916964768999,0.0038064365508034001,0.015660081058740598,0.015660081058740598
AMDMUOx,2025-06-30,0.0038679589051753283,-0.0072928937152027997,-0.0072928937152027997,0.0038679590215906002,0.015667479485273299,0.015667479485273299
AMDMUOx,2025-07-31,0.0037259021773934364,-0.0075401021167634998,-0.0075401021167634998,0.0037259021773934,0.015639677643775898,0.015639677643775898
ANDENOx,2023-08-31,0.027065381407737732,-0.061740376055240603,-0.061740376055240603,0.027065380476415098,0.10926634073257439,0.10926634073257439
ANDENOx,2023-09-30,0.025223948061466217,-0.068245172500610296,-0.068245172500610296,0.0252239480614662,0.11145440489053721,0.11145440489053721
ANDENOx,2023-10-31,-0.0078482357785105705,-0.10449948161840431,-0.10449948161840431,-0.0078482367098331,0.079986445605754797,0.079986445605754797
ANDENOx,2023-11-30,0.019996859133243561,-0.078464455902576405,-0.078464455902576405,0.019996860064566101,0.109631210565567,0.109631210565567
ANDENOx,2023-12-31,0.02089749276638031,-0.0792273059487342,-0.0792273059487342,0.020897491835057701,0.1123034805059433,0.1123034805059433
ANDENOx,2024-01-31,0.0010315552353858948,-0.1016247421503067,-0.1016247421503067,0.0010315552353858,0.093468450009822804,0.093468450009822804
ANDENOx,2024-02-29,0.011317021213471889,-0.092463530600070898,-0.092463530600070898,0.011317020282149299,0.10425429046154019,0.10425429046154019
ANDENOx,2024-03-31,0.011006394401192665,-0.093508131802082006,-0.093508131802082006,0.01100639346987,0.1043976843357086,0.1043976843357086
ANDENOx,2024-04-30,0.0017696849536150694,-0.1037027761340141,-0.1037027761340141,0.0017696842551231,0.096588380634784698,0.096588380634784698
ANDENOx,2024-05-31,0.0089119002223014832,-0.096947923302650396,-0.096947923302650396,0.0089119002223013999,0.1042595952749252,0.1042595952749252
ANDENOx,2024-06-30,0.0098376572132110596,-0.096382744610309601,-0.096382744610309601,0.0098376572132110006,0.10549316555261611,0.10549316555261611
ANDENOx,2024-07-31,0.0072562326677143574,-0.098503865301608998,-0.098503865301608998,0.0072562331333755996,0.10223188996315,0.10223188996315
ANDENOx,2024-08-31,0.0076630823314189911,-0.097168467938899994,-0.097168467938899994,0.0076630823314189,0.10240130871534341,0.10240130871534341
ANDENOx,2024-09-30,0.0064916564151644707,-0.098662868142127894,-0.098662868142127894,0.0064916573464870002,0.1017267853021621,0.1017267853021621
ANDENOx,2024-10-31,0.0057144789025187492,-0.1001217365264892,-0.1001217365264892,0.0057144789025186998,0.1010878607630729,0.1010878607630729
ANDENOx,2024-11-30,0.0073693846352398396,-0.098830513656139304,-0.098830513656139304,0.0073693851009011,0.1023603901267051,0.1023603901267051
ANDENOx,2024-12-31,0.0094432737678289413,-0.096031881868839195,-0.096031881868839195,0.0094432737678288997,0.1044327244162559,0.1044327244162559
ANDENOx,2025-01-31,0.0078175906091928482,-0.097663417458534199,-0.097663417458534199,0.0078175915405154003,0.1026563867926597,0.1026563867926597
ANDENOx,2025-02-28,0.0078334938734769821,-0.098656103014945901,-0.098656103014945901,0.0078334938734769006,0.1046018600463867,0.1046018600463867
ANDENOx,2025-03-31,0.0061815027147531509,-0.100604273378849,-0.100604273378849,0.0061815027147530998,0.10297802835702891,0.10297802835702891
ANDENOx,2025-04-30,0.0081936363130807877,-0.098798416554927798,-0.098798416554927798,0.0081936363130806992,0.1055187433958053,0.1055187433958053
ANDENOx,2025-05-31,0.0084075089544057846,-0.097851485013961695,-0.097851485013961695,0.0084075080230831996,0.1041558310389518,0.1041558310389518
ANDENOx,2025-06-30,0.0075801364146173,-0.099339969456195804,-0.099339969456195804,0.0075801359489559997,0.1036299020051956,0.1036299020051956
ANDENOx,2025-07-31,0.0052747391164302826,-0.1025570183992385,-0.1025570183992385,0.0052747391164302002,0.1018942520022392,0.1018942520022392
AWHMAN,2023-08-31,40.747802734375,40.5830078125,40.5830078125,40.747802734375,40.933597564697266,40.933597564697266
AWHMAN,2023-09-30,40.801570892333984,40.591785430908203,40.591785430908203,40.801570892333984,41.041309356689453,41.041309356689453
AWHMAN,2023-10-31,40.8511962890625,40.595359802246094,40.595359802246094,40.8511962890625,41.1444091796875,41.1444091796875
AWHMAN,2023-11-30,40.872264862060547,40.581649780273438,40.581649780273438,40.872264862060547,41.217948913574219,41.217948913574219
AWHMAN,2023-12-31,40.922008514404297,40.605144500732422,40.605144500732422,40.922008514404297,41.294303894042969,41.294303894042969
AWHMAN,2024-01-31,40.946063995361328,40.598228454589837,40.598228454589837,40.946063995361328,41.351829528808594,41.351829528808594
AWHMAN,2024-02-29,40.992942810058594,40.632877349853523,40.632877349853523,40.992942810058594,41.410652160644531,41.410652160644531
AWHMAN,2024-03-31,41.014446258544922,40.647136688232422,40.647136688232422,41.014446258544922,41.442520141601562,41.442520141601562
AWHMAN,2024-04-30,41.053699493408203,40.672122955322266,40.672122955322266,41.053699493408203,41.474746704101562,41.474746704101562
AWHMAN,2024-05-31,41.080352783203125,40.676727294921875,40.676727294921875,41.080352783203125,41.522132873535149,41.522132873535149
AWHMAN,2024-06-30,41.096088409423828,40.686607360839837,40.686607360839837,41.096088409423828,41.529132843017578,41.529132843017578
AWHMAN,2024-07-31,41.09820556640625,40.673831939697266,40.673831939697266,41.09820556640625,41.541160583496094,41.541160583496094
AWHMAN,2024-08-31,41.091690063476562,40.660602569580078,40.660602569580078,41.091690063476562,41.506893157958984,41.506893157958984
AWHMAN,2024-09-30,41.083808898925781,40.658061981201172,40.658061981201172,41.083808898925781,41.53057861328125,41.53057861328125
AWHMAN,2024-10-31,41.07415771484375,40.6407470703125,40.6407470703125,41.07415771484375,41.515869140625,41.515869140625
AWHMAN,2024-11-30,41.049343109130859,40.616489410400391,40.616489410400391,41.049343109130859,41.492343902587891,41.492343902587891
AWHMAN,2024-12-31,41.057308197021484,40.600090026855469,40.600090026855469,41.057308197021491,41.531787872314453,41.531787872314453
AWHMAN,2025-01-31,41.061363220214844,40.596923828125,40.596923828125,41.061363220214851,41.526393890380859,41.526393890380859
AWHMAN,2025-02-28,41.088787078857422,40.602989196777344,40.602989196777344,41.088787078857422,41.561031341552734,41.561031341552734
AWHMAN,2025-03-31,41.086002349853516,40.590705871582031,40.590705871582031,41.086002349853523,41.561416625976562,41.561416625976562
AWHMAN,2025-04-30,41.109344482421875,40.614509582519531,40.614509582519531,41.109344482421875,41.585720062255859,41.585720062255859
AWHMAN,2025-05-31,41.111797332763672,40.590435028076172,40.590435028076172,41.111797332763672,41.619720458984375,41.619720458984375
AWHMAN,2025-06-30,41.099273681640625,40.575515747070312,40.575515747070312,41.099273681640625,41.596977233886719,41.596977233886719
AWHMAN,2025-07-31,41.120319366455078,40.606540679931641,40.606540679931641,41.120319366455078,41.606918334960938,41.606918334960938
AWOTMAN,2023-08-31,-3.827724140137434e-05,-0.10953777283430099,-0.10953777283430099,-3.8277357816696167e-05,0.113107219338417,0.113107219338417
AWOTMAN,2023-09-30,0.0020193702075630426,-0.1163154616951942,-0.1163154616951942,0.0020193699747323001,0.1236495152115821,0.1236495152115821
AWOTMAN,2023-10-31,0.0056334463879466057,-0.1180389747023582,-0.1180389747023582,0.0056334454566239998,0.13210770487785339,0.13210770487785339
AWOTMAN,2023-11-30,0.007480439729988575,-0.1202714368700981,-0.1202714368700981,0.0074804406613111002,0.13781601190567011,0.13781601190567011
AWOTMAN,2023-12-31,0.0062461942434310913,-0.1245374009013176,-0.1245374009013176,0.0062461942434310002,0.1402011960744857,0.1402011960744857
AWOTMAN,2024-01-31,0.0065273977816104889,-0.1268136650323867,-0.1268136650323867,0.0065273977816104004,0.14204590022563929,0.14204590022563929
AWOTMAN,2024-02-29,0.0036213081330060959,-0.13103213906288139,-0.13103213906288139,0.003621308133006,0.1406210511922836,0.1406210511922836
AWOTMAN,2024-03-31,0.0048197177238762379,-0.1327710151672363,-0.1327710151672363,0.0048197172582149003,0.14331316947937009,0.14331316947937009
AWOTMAN,2024-04-30,0.0043862592428922653,-0.1356347650289535,-0.1356347650289535,0.0043862592428922003,0.14594224095344541,0.14594224095344541
AWOTMAN,2024-05-31,0.003580654738470912,-0.1385833323001861,-0.1385833323001861,0.0035806540399788999,0.1476370245218277,0.1476370245218277
AWOTMAN,2024-06-30,-0.00079249730333685875,-0.14282228052616119,-0.14282228052616119,-0.00079249776899809998,0.14459055662155151,0.14459055662155151
AWOTMAN,2024-07-31,-0.0015800732653588057,-0.14271682500839231,-0.14271682500839231,-0.0015800725668668001,0.1423324644565582,0.1423324644565582
AWOTMAN,2024-08-31,-0.0059901606291532516,-0.146365150809288,-0.146365150809288,-0.0059901606291531996,0.13852730393409729,0.13852730393409729
AWOTMAN,2024-09-30,-0.0063399011269211769,-0.14459684491157529,-0.14459684491157529,-0.0063399001955985997,0.13660481572151181,0.13660481572151181
AWOTMAN,2024-10-31,-0.0050811655819416046,-0.14183247089385981,-0.14183247089385981,-0.0050811655819416003,0.13698829710483551,0.13698829710483551
AWOTMAN,2024-11-30,-0.0052180411294102669,-0.1403045654296875,-0.1403045654296875,-0.0052180420607327999,0.13641099631786341,0.13641099631786341
AWOTMAN,2024-12-31,-0.0062819365411996841,-0.1382064074277877,-0.1382064074277877,-0.0062819365411996,0.1318525075912475,0.1318525075912475
AWOTMAN,2025-01-31,-0.0062899468466639519,-0.134272426366806,-0.134272426366806,-0.0062899477779864996,0.1288029253482818,0.1288029253482818
AWOTMAN,2025-02-28,-0.0078747440129518509,-0.13301409780979151,-0.13301409780979151,-0.0078747440129518006,0.1261325776576995,0.1261325776576995
AWOTMAN,2025-03-31,-0.0063082044944167137,-0.13037304580211639,-0.13037304580211639,-0.0063082035630941001,0.1253537833690643,0.1253537833690643
AWOTMAN,2025-04-30,-0.0032954129856079817,-0.12688617408275599,-0.12688617408275599,-0.003295412287116,0.1292612552642822,0.1292612552642822
AWOTMAN,2025-05-31,-0.0019642447587102652,-0.1255293935537338,-0.1255293935537338,-0.0019642449915409001,0.1309359222650528,0.1309359222650528
AWOTMAN,2025-06-30,-0.002294919453561306,-0.1279548108577728,-0.1279548108577728,-0.0022949185222387002,0.13188828527927399,0.13188828527927399
AWOTMAN,2025-07-31,0.0023734266869723797,-0.12699747085571289,-0.12699747085571289,0.0023734271526336002,0.1394789367914199,0.1394789367914199
BAA,2023-08-31,-0.0068400055170059204,-0.20443464815616599,-0.20443464815616599,-0.0068400055170058996,0.21417976915836329,0.21417976915836329
BAA,2023-09-30,-0.011267119087278843,-0.22353339195251459,-0.22353339195251459,-0.011267118155956201,0.23145045340061179,0.23145045340061179
BAA,2023-10-31,-0.013089368119835854,-0.2329076677560806,-0.2329076677560806,-0.013089366257190699,0.24316267669200889,0.24316267669200889
BAA,2023-11-30,-0.019439522176980972,-0.246498703956604,-0.246498703956604,-0.019439522176980899,0.24521784484386441,0.24521784484386441
BAA,2023-12-31,-0.016986627131700516,-0.2476562112569809,-0.2476562112569809,-0.016986627131700498,0.25538483262062073,0.25538483262062073
BAA,2024-01-31,-0.0082373041659593582,-0.24236251413822171,-0.24236251413822171,-0.0082373060286045005,0.26869148015975952,0.26869148015975952
BAA,2024-02-29,-0.0030318330973386765,-0.24004696309566489,-0.24004696309566489,-0.0030318312346934999,0.27660533785820007,0.27660533785820007
BAA,2024-03-31,0.0048118773847818375,-0.23223619163036341,-0.23223619163036341,0.0048118755221365998,0.28938284516334528,0.28938284516334528
BAA,2024-04-30,0.0016031023114919662,-0.23705783486366269,-0.23705783486366269,0.0016031041741371001,0.2877646386623382,0.2877646386623382
BAA,2024-05-31,-0.006612786091864109,-0.2479855418205261,-0.2479855418205261,-0.0066127851605414997,0.28166121244430542,0.28166121244430542
BAA,2024-06-30,-0.01580497995018959,-0.25835761427879328,-0.25835761427879328,-0.0158049799501895,0.27160125970840449,0.27160125970840449
BAA,2024-07-31,-0.023987049236893654,-0.26530307531356812,-0.26530307531356812,-0.023987047374248501,0.26423045992851257,0.26423045992851257
BAA,2024-08-31,-0.025320872664451599,-0.26727855205535889,-0.26727855205535889,-0.025320872664451599,0.26381376385688782,0.26381376385688782
BAA,2024-09-30,-0.013663468882441521,-0.25800186395645142,-0.25800186395645142,-0.013663470745086601,0.27552896738052368,0.27552896738052368
BAA,2024-10-31,-0.01370049174875021,-0.25829464197158808,-0.25829464197158808,-0.013700492680072699,0.27395269274711609,0.27395269274711609
BAA,2024-11-30,-0.023324001580476761,-0.26762735843658447,-0.26762735843658447,-0.023324001580476698,0.26443475484848022,0.26443475484848022
BAA,2024-12-31,-0.025469399988651276,-0.26982060074806208,-0.26982060074806208,-0.025469399988651199,0.25759986042976379,0.25759986042976379
BAA,2025-01-31,-0.020993735641241074,-0.26332783699035639,-0.26332783699035639,-0.020993735641241001,0.26068142056465149,0.26068142056465149
BAA,2025-02-28,-0.019177405163645744,-0.26254907250404358,-0.26254907250404358,-0.0191774070262908,0.26411247253417969,0.26411247253417969
BAA,2025-03-31,-0.012236906215548515,-0.25442448258399958,-0.25442448258399958,-0.0122369080781936,0.2713951170444488,0.2713951170444488
BAA,2025-04-30,-0.01517997682094574,-0.25560018420219421,-0.25560018420219421,-0.0151799768209457,0.26717290282249451,0.26717290282249451
BAA,2025-05-31,-0.021457334980368614,-0.25966674089431763,-0.25966674089431763,-0.021457336843013701,0.2588384747505188,0.2588384747505188
BAA,2025-06-30,-0.02501276321709156,-0.26099908351898188,-0.26099908351898188,-0.025012761354446401,0.25130543112754822,0.25130543112754822
BAA,2025-07-31,-0.02296501025557518,-0.26390665769577021,-0.26390665769577021,-0.0229650102555751,0.25475090742111201,0.25475090742111201
BAAFFM,2023-08-31,0.66119503974914551,0.18250250816345209,0.18250250816345209,0.66119503974914551,1.2727806568145752,1.2727806568145752
BAAFFM,2023-09-30,0.86673974990844727,0.211094856262207,0.211094856262207,0.86673974990844727,1.6974779367446899,1.6974779367446899
BAAFFM,2023-10-31,1.1081647872924805,0.31513047218322748,0.31513047218322748,1.1081647872924805,2.1719150543212891,2.1719150543212891
BAAFFM,2023-11-30,1.3209030628204346,0.3302853107452392,0.3302853107452392,1.3209030628204346,2.5925979614257812,2.5925979614257812
BAAFFM,2023-12-31,1.5464491844177246,0.43713283538818359,0.43713283538818359,1.5464491844177246,2.923791885375977,2.923791885375977
BAAFFM,2024-01-31,1.734209418296814,0.50160026550292969,0.50160026550292969,1.734209418296814,3.2180964946746826,3.2180964946746826
BAAFFM,2024-02-29,1.9647769927978516,0.63771700859069824,0.63771700859069824,1.9647769927978516,3.5195784568786621,3.5195784568786621
BAAFFM,2024-03-31,2.1272335052490234,0.71937465667724609,0.71937465667724609,2.127233505249023,3.7390072345733638,3.7390072345733638
BAAFFM,2024-04-30,2.2822065353393555,0.81876611709594727,0.81876611709594727,2.2822065353393555,3.85929274559021,3.85929274559021
BAAFFM,2024-05-31,2.4341881275177002,0.92384076118469238,0.92384076118469238,2.4341881275177002,4.0609936714172363,4.0609936714172363
BAAFFM,2024-06-30,2.5437407493591309,1.0203802585601809,1.0203802585601809,2.5437407493591309,4.1774487495422363,4.1774487495422363
BAAFFM,2024-07-31,2.6043779850006104,1.0199084281921389,1.0199084281921389,2.6043779850006104,4.263615608215332,4.263615608215332
BAAFFM,2024-08-31,2.68284010887146,1.077918529510498,1.077918529510498,2.68284010887146,4.2270822525024414,4.2270822525024414
BAAFFM,2024-09-30,2.7513337135314941,1.1605789661407471,1.1605789661407471,2.7513337135314941,4.3438873291015625,4.3438873291015625
BAAFFM,2024-10-31,2.8191690444946289,1.2136468887329102,1.2136468887329102,2.8191690444946289,4.3976926803588867,4.3976926803588867
BAAFFM,2024-11-30,2.8827826976776123,1.2693078517913818,1.2693078517913818,2.8827826976776123,4.4641709327697754,4.4641709327697754
BAAFFM,2024-12-31,2.9554049968719482,1.3210320472717283,1.3210320472717283,2.9554049968719478,4.5375890731811523,4.5375890731811523
BAAFFM,2025-01-31,3.0738799571990967,1.390822172164917,1.390822172164917,3.0738799571990967,4.6248612403869629,4.6248612403869629
BAAFFM,2025-02-28,3.1575548648834229,1.4243378639221191,1.4243378639221191,3.1575548648834229,4.718329906463623,4.718329906463623
BAAFFM,2025-03-31,3.2466506958007812,1.4467198848724363,1.4467198848724363,3.2466506958007812,4.8141212463378906,4.8141212463378906
BAAFFM,2025-04-30,3.3062410354614258,1.5323560237884519,1.5323560237884519,3.3062410354614258,4.857330322265625,4.857330322265625
BAAFFM,2025-05-31,3.3107757568359375,1.5108768939971924,1.5108768939971924,3.3107757568359375,4.892974853515625,4.892974853515625
BAAFFM,2025-06-30,3.2796597480773926,1.4772014617919922,1.4772014617919922,3.2796597480773926,4.8583164215087891,4.8583164215087891
BAAFFM,2025-07-31,3.28249192237854,1.4726874828338623,1.4726874828338623,3.28249192237854,4.8669862747192383,4.8669862747192383
BOGMBASE,2023-08-31,0.004560946486890316,-0.0196050908416509,-0.0196050908416509,0.0045609464868903004,0.027646221220493299,0.027646221220493299
BOGMBASE,2023-09-30,-0.0064966361969709396,-0.031827840954065302,-0.031827840954065302,-0.0064966361969708997,0.017417533323168699,0.017417533323168699
BOGMBASE,2023-10-31,0.0026267790235579014,-0.023526581004261901,-0.023526581004261901,0.0026267790235579001,0.026826599612832,0.026826599612832
BOGMBASE,2023-11-30,0.0107641676440835,-0.015818320214748299,-0.015818320214748299,0.0107641676440835,0.035669792443513801,0.035669792443513801
BOGMBASE,2023-12-31,-0.0038638808764517307,-0.031496249139308902,-0.031496249139308902,-0.0038638808764516999,0.0218112859874963,0.0218112859874963
BOGMBASE,2024-01-31,-0.013996158726513386,-0.041904769837856203,-0.041904769837856203,-0.013996158726513301,0.0121608816552907,0.0121608816552907
BOGMBASE,2024-02-29,0.0074020568281412125,-0.020803790539503,-0.020803790539503,0.0074020568281412003,0.033773072063922799,0.033773072063922799
BOGMBASE,2024-03-31,0.015597683377563953,-0.0130423372611403,-0.0130423372611403,0.0155976833775639,0.042132742702960899,0.042132742702960899
BOGMBASE,2024-04-30,-0.010902245528995991,-0.0399214588105678,-0.0399214588105678,-0.010902245528995901,0.015916308388113899,0.015916308388113899
BOGMBASE,2024-05-31,-0.0063320323824882507,-0.035338226705789497,-0.035338226705789497,-0.0063320323824882004,0.0205626152455806,0.0205626152455806
BOGMBASE,2024-06-30,0.0040825400501489639,-0.024749603122472701,-0.024749603122472701,0.0040825400501488997,0.0313031673431396,0.0313031673431396
BOGMBASE,2024-07-31,0.002879137871786952,-0.026079811155795999,-0.026079811155795999,0.0028791376389563001,0.029529536142945199,0.029529536142945199
BOGMBASE,2024-08-31,0.0020230943337082863,-0.027456846088170998,-0.027456846088170998,0.0020230943337082,0.028498096391558599,0.028498096391558599
BOGMBASE,2024-09-30,-0.0056830309331417084,-0.035070639103650998,-0.035070639103650998,-0.0056830309331416997,0.020941767841577499,0.020941767841577499
BOGMBASE,2024-10-31,0.0015329935122281313,-0.027866736054420398,-0.027866736054420398,0.0015329932793974,0.0282208323478698,0.0282208323478698
BOGMBASE,2024-11-30,0.010356244631111622,-0.0187867246568202,-0.0187867246568202,0.010356244631111599,0.037027530372142702,0.037027530372142702
BOGMBASE,2024-12-31,-0.0040857894346117973,-0.0330240875482559,-0.0330240875482559,-0.0040857894346117002,0.0221370123326778,0.0221370123326778
BOGMBASE,2025-01-31,-0.013188702985644341,-0.0419823974370956,-0.0419823974370956,-0.013188702985644301,0.013234852813184201,0.013234852813184201
BOGMBASE,2025-02-28,0.0062232809141278267,-0.0228846333920955,-0.0228846333920955,0.0062232810305430999,0.032847996801137903,0.032847996801137903
BOGMBASE,2025-03-31,0.01300437469035387,-0.016168752685189199,-0.016168752685189199,0.013004374690353799,0.0401093587279319,0.0401093587279319
BOGMBASE,2025-04-30,-0.0064055966213345528,-0.0359694510698318,-0.0359694510698318,-0.0064055966213344999,0.0207337215542793,0.0207337215542793
BOGMBASE,2025-05-31,-0.0070564784109592438,-0.0362665317952632,-0.0362665317952632,-0.0070564784109592004,0.019875152036547598,0.019875152036547598
BOGMBASE,2025-06-30,0.0039931954815983772,-0.025413203984498901,-0.025413203984498901,0.0039931953069752999,0.031263932585716199,0.031263932585716199
BOGMBASE,2025-07-31,0.0024905949831008911,-0.027399484068155198,-0.027399484068155198,0.0024905948666854999,0.029603434726595799,0.029603434726595799
BUSINVx,2023-08-31,-0.0010807227808982134,-0.0046685039997099997,-0.0046685039997099997,-0.0010807227808981999,0.0026511806063353998,0.0026511806063353998
BUSINVx,2023-09-30,-0.00095928669907152653,-0.0049734907224773996,-0.0049734907224773996,-0.00095928669907149996,0.0031285225413739,0.0031285225413739
BUSINVx,2023-10-31,-0.00066644814796745777,-0.0049069179221986996,-0.0049069179221986996,-0.00066644814796739998,0.0037992368452249999,0.0037992368452249999
BUSINVx,2023-11-30,-0.000509641133248806,-0.0050358986482024002,-0.0050358986482024002,-0.00050964113324880004,0.0042349509894847003,0.0042349509894847003
BUSINVx,2023-12-31,-0.00020589563064277172,-0.0049665644764899999,-0.0049665644764899999,-0.0002058956306427,0.0047991103492677004,0.0047991103492677004
BUSINVx,2024-01-31,-3.1387200579047203e-05,-0.0051105720922349999,-0.0051105720922349999,-3.1387200579047203e-05,0.0052610849961638,0.0052610849961638
BUSINVx,2024-02-29,0.00010480941273272038,-0.0053214654326438002,-0.0053214654326438002,0.00010480941273270001,0.0056436192244291002,0.0056436192244291002
BUSINVx,2024-03-31,0.00027894764207303524,-0.0053415140137075996,-0.0053415140137075996,0.000278947642073,0.0061026350595057002,0.0061026350595057002
BUSINVx,2024-04-30,0.00044998596422374249,-0.0053545506671071001,-0.0053545506671071001,0.00044998596422369998,0.0064205424860119004,0.0064205424860119004
BUSINVx,2024-05-31,0.00040452904067933559,-0.0056083602830766998,-0.0056083602830766998,0.00040452904067929998,0.0064879851415753,0.0064879851415753
BUSINVx,2024-06-30,0.00052746874280273914,-0.0058078356087206996,-0.0058078356087206996,0.0005274687428027,0.0067115118727087003,0.0067115118727087003
BUSINVx,2024-07-31,0.0005874421913176775,-0.0058511178940534002,-0.0058511178940534002,0.00058744219131759998,0.006965423002839,0.006965423002839
BUSINVx,2024-08-31,0.00059541547670960426,-0.0059271128848194998,-0.0059271128848194998,0.00059541547670960003,0.0070227319374679999,0.0070227319374679999
BUSINVx,2024-09-30,0.00048148073256015778,-0.0061341021209954999,-0.0061341021209954999,0.00048148073256009999,0.0070320870727300002,0.0070320870727300002
BUSINVx,2024-10-31,0.00049493415281176567,-0.0063932258635758998,-0.0063932258635758998,0.00049493415281169997,0.0069953463971613996,0.0069953463971613996
BUSINVx,2024-11-30,0.00043557630851864815,-0.0064494442194699998,-0.0064494442194699998,0.00043557630851860001,0.0069388737902044998,0.0069388737902044998
BUSINVx,2024-12-31,0.00042610545642673969,-0.0065506091341376001,-0.0065506091341376001,0.00042610545642670001,0.0069785411469638001,0.0069785411469638001
BUSINVx,2025-01-31,0.00047985091805458069,-0.0065449625253677004,-0.0065449625253677004,0.00047985091805450002,0.0070052985101937996,0.0070052985101937996
BUSINVx,2025-02-28,0.00061405729502439499,-0.0066549060866236001,-0.0066549060866236001,0.00061405729502430001,0.0072897309437394003,0.0072897309437394003
BUSINVx,2025-03-31,0.00062021124176681042,-0.0067222053185105003,-0.0067222053185105003,0.00062021124176680001,0.0073252599686384002,0.0073252599686384002
BUSINVx,2025-04-30,0.00066274823620915413,-0.0067809047177432996,-0.0067809047177432996,0.00066274823620910003,0.0074149118736386004,0.0074149118736386004
BUSINVx,2025-05-31,0.00084810890257358551,-0.0066040633246301998,-0.0066040633246301998,0.00084810890257349997,0.0076520787551998997,0.0076520787551998997
BUSINVx,2025-06-30,0.00093183759599924088,-0.0066353129222989004,-0.0066353129222989004,0.0009318375959992,0.0077549433335661003,0.0077549433335661003
BUSINVx,2025-07-31,0.001065670745447278,-0.0065329158678649997,-0.0065329158678649997,0.0010656707454472,0.0079642813652752997,0.0079642813652752997
BUSLOANS,2023-08-31,-0.00087491620797663927,-0.0082601914182305006,-0.0082601914182305006,-0.00087491620797660002,0.0073735634796321002,0.0073735634796321002
BUSLOANS,2023-09-30,-0.00072479777736589313,-0.0084722153842448997,-0.0084722153842448997,-0.00072479783557350005,0.0080199614167213006,0.0080199614167213006
BUSLOANS,2023-10-31,-0.00021326863497961313,-0.0079851550981401998,-0.0079851550981401998,-0.00021326867863529999,0.0087534794583916005,0.0087534794583916005
BUSLOANS,2023-11-30,-0.00033963692840188742,-0.0081222569569945006,-0.0081222569569945006,-0.00033963692840179998,0.0087103703990577992,0.0087103703990577992
BUSLOANS,2023-12-31,-0.00029540667310357094,-0.0081336852163076002,-0.0081336852163076002,-0.00029540667310349998,0.0088556492701171996,0.0088556492701171996
BUSLOANS,2024-01-31,-0.00027401960687711835,-0.0081098740920423993,-0.0081098740920423993,-0.00027401966508470001,0.0089101241901515995,0.0089101241901515995
BUSLOANS,2024-02-29,0.00015313510084524751,-0.0076562897302210001,-0.0076562897302210001,0.00015313515905289999,0.0093140900135040006,0.0093140900135040006
BUSLOANS,2024-03-31,-0.00021660965285263956,-0.0079658562317490005,-0.0079658562317490005,-0.0002166096819564,0.0089590279385446999,0.0089590279385446999
BUSLOANS,2024-04-30,-0.00039151922101154923,-0.0082041751593351,-0.0082041751593351,-0.00039151927921920001,0.0088940476998685992,0.0088940476998685992
BUSLOANS,2024-05-31,-0.0005359986680559814,-0.0083607127889990009,-0.0083607127889990009,-0.00053599872626360003,0.0087783336639404002,0.0087783336639404002
BUSLOANS,2024-06-30,-0.0004882272332906723,-0.0083314171060918998,-0.0083314171060918998,-0.00048822723329059999,0.0087809674441814006,0.0087809674441814006
BUSLOANS,2024-07-31,-0.00043818878475576639,-0.0081313261762260992,-0.0081313261762260992,-0.00043818878475569998,0.0087634213268755999,0.0087634213268755999
BUSLOANS,2024-08-31,-0.00056358682923018932,-0.0083239488303660999,-0.0083239488303660999,-0.00056358682923009999,0.0087651694193482,0.0087651694193482
BUSLOANS,2024-09-30,-0.0005028286250308156,-0.0082458658143876994,-0.0082458658143876994,-0.00050282862503079999,0.0088573908433317999,0.0088573908433317999
BUSLOANS,2024-10-31,-0.00039914029184728861,-0.0082085747271776009,-0.0082085747271776009,-0.00039914029184719998,0.0089386031031607992,0.0089386031031607992
BUSLOANS,2024-11-30,-0.00041541579412296414,-0.0082240346819162004,-0.0082240346819162004,-0.00041541573591529998,0.0089188450947403006,0.0089188450947403006
BUSLOANS,2024-12-31,-0.00044529658043757081,-0.0082141729071736006,-0.0082141729071736006,-0.00044529652222989998,0.0087891574949026004,0.0087891574949026004
BUSLOANS,2025-01-31,-0.00052556570153683424,-0.0082587841898201994,-0.0082587841898201994,-0.00052556570153679998,0.0087361913174389995,0.0087361913174389995
BUSLOANS,2025-02-28,-0.00049686781130731106,-0.0083154579624532994,-0.0083154579624532994,-0.0004968678113073,0.0088770883157849,0.0088770883157849
BUSLOANS,2025-03-31,-0.00054815545445308089,-0.0084509700536727003,-0.0084509700536727003,-0.00054815539624540003,0.0088914921507238995,0.0088914921507238995
BUSLOANS,2025-04-30,-0.00051059143152087927,-0.0083771338686347008,-0.0083771338686347008,-0.00051059143152080001,0.0090302508324383995,0.0090302508324383995
BUSLOANS,2025-05-31,-0.0003012612578459084,-0.0081356754526494997,-0.0081356754526494997,-0.0003012611996382,0.0092611601576208999,0.0092611601576208999
BUSLOANS,2025-06-30,-0.0002034906210610643,-0.0081780571490526009,-0.0081780571490526009,-0.00020349060650909999,0.0094194263219832992,0.0094194263219832992
BUSLOANS,2025-07-31,-0.0001417908351868391,-0.0081946495920418999,-0.0081946495920418999,-0.00014179083518679999,0.0095713092014192997,0.0095713092014192997
CE16OV,2023-08-31,0.0015959341544657946,-0.0013049147091805,-0.0013049147091805,0.0015959341544657,0.0046625295653939004,0.0046625295653939004
CE16OV,2023-09-30,0.0017592411022633314,-0.0013857539743185,-0.0013857539743185,0.0017592411022633,0.0050341347232460004,0.0050341347232460004
CE16OV,2023-10-31,0.0017697777366265655,-0.0015040941070765001,-0.0015040941070765001,0.0017697777366265,0.0051967687904834001,0.0051967687904834001
CE16OV,2023-11-30,0.0019245434086769819,-0.0013109107967466001,-0.0013109107967466001,0.0019245434086769,0.0053511289879679003,0.0053511289879679003
CE16OV,2023-12-31,0.001691105542704463,-0.0016179392114280999,-0.0016179392114280999,0.0016911055427043999,0.0051699113100766997,0.0051699113100766997
CE16OV,2024-01-31,0.0019677756354212761,-0.0013538368511945001,-0.0013538368511945001,0.0019677756354212002,0.0054803611710667003,0.0054803611710667003
CE16OV,2024-02-29,0.0015797623200342059,-0.0017092479392885999,-0.0017092479392885999,0.0015797623200342001,0.0050334017723797997,0.0050334017723797997
CE16OV,2024-03-31,0.0017149256309494376,-0.0016278820112347,-0.0016278820112347,0.0017149256309494001,0.0052499286830425002,0.0052499286830425002
CE16OV,2024-04-30,0.0016616226639598608,-0.0017315375152975,-0.0017315375152975,0.0016616226639598001,0.0052076317369937003,0.0052076317369937003
CE16OV,2024-05-31,0.0017458153888583183,-0.0016670732293277001,-0.0016670732293277001,0.0017458153888582999,0.0053192637860773996,0.0053192637860773996
CE16OV,2024-06-30,0.001479384140111506,-0.0019854549318552,-0.0019854549318552,0.0014793841401114999,0.0050357021391391,0.0050357021391391
CE16OV,2024-07-31,0.0016863555647432804,-0.0016871057450771,-0.0016871057450771,0.0016863555647432,0.0052095828577876004,0.0052095828577876004
CE16OV,2024-08-31,0.0015718706417828798,-0.0019800772424787001,-0.0019800772424787001,0.0015718706417828,0.0052448203787206996,0.0052448203787206996
CE16OV,2024-09-30,0.0017392018344253302,-0.0017752686981110999,-0.0017752686981110999,0.0017392018344253,0.0053772693499921998,0.0053772693499921998
CE16OV,2024-10-31,0.0015565557405352592,-0.0020598587580025001,-0.0020598587580025001,0.0015565557405352,0.0052845655009150002,0.0052845655009150002
CE16OV,2024-11-30,0.0015989711973816156,-0.0020306620281188999,-0.0020306620281188999,0.0015989711973816,0.0053830659016965996,0.0053830659016965996
CE16OV,2024-12-31,0.0014054661151021719,-0.0022276700474321001,-0.0022276700474321001,0.0014054661151020999,0.0051288679242133999,0.0051288679242133999
CE16OV,2025-01-31,0.0015600663609802723,-0.0020398912020027,-0.0020398912020027,0.0015600663609802001,0.0052460320293903004,0.0052460320293903004
CE16OV,2025-02-28,0.0013597025536000729,-0.0023348948452621,-0.0023348948452621,0.0013597025536,0.0051585128530859002,0.0051585128530859002
CE16OV,2025-03-31,0.0014992090873420238,-0.0022475144360213999,-0.0022475144360213999,0.001499209087342,0.0052613979205489003,0.0052613979205489003
CE16OV,2025-04-30,0.0015070864465087652,-0.0021390342153608001,-0.0021390342153608001,0.0015070864465087,0.0052373521029948997,0.0052373521029948997
CE16OV,2025-05-31,0.0016270657069981098,-0.0019294125959276999,-0.0019294125959276999,0.0016270657069981001,0.0053275264799594003,0.0053275264799594003
CE16OV,2025-06-30,0.0013532877201214433,-0.0022290137130766999,-0.0022290137130766999,0.0013532877201213999,0.0050661284476517998,0.0050661284476517998
CE16OV,2025-07-31,0.0015902320155873895,-0.0021366565488277998,-0.0021366565488277998,0.0015902320155872999,0.0054113147780298996,0.0054113147780298996
CES0600000007,2023-08-31,40.532722473144531,40.278396606445312,40.278396606445312,40.532722473144531,40.786373138427734,40.786373138427734
CES0600000007,2023-09-30,40.575286865234375,40.299060821533203,40.299060821533203,40.575286865234375,40.856918334960938,40.856918334960938
CES0600000007,2023-10-31,40.612552642822266,40.317115783691406,40.317115783691406,40.612552642822266,40.915412902832031,40.915412902832031
CES0600000007,2023-11-30,40.633991241455078,40.325035095214851,40.325035095214851,40.633991241455078,40.964336395263672,40.964336395263672
CES0600000007,2023-12-31,40.6707763671875,40.354625701904297,40.354625701904297,40.6707763671875,40.994464874267578,40.994464874267578
CES0600000007,2024-01-31,40.681133270263672,40.352787017822266,40.352787017822266,40.681133270263672,41.007999420166016,41.007999420166016
CES0600000007,2024-02-29,40.719718933105469,40.393764495849609,40.393764495849609,40.719718933105469,41.051567077636719,41.051567077636719
CES0600000007,2024-03-31,40.738563537597656,40.411701202392578,40.411701202392578,40.738563537597656,41.076210021972656,41.076210021972656
CES0600000007,2024-04-30,40.746376037597656,40.414497375488281,40.414497375488281,40.746376037597656,41.055839538574219,41.055839538574219
CES0600000007,2024-05-31,40.756885528564453,40.408969879150391,40.408969879150391,40.756885528564453,41.081806182861328,41.081806182861328
CES0600000007,2024-06-30,40.765186309814453,40.409156799316406,40.409156799316406,40.765186309814453,41.073596954345703,41.073596954345703
CES0600000007,2024-07-31,40.754142761230469,40.385650634765625,40.385650634765625,40.754142761230469,41.089389801025391,41.089389801025391
CES0600000007,2024-08-31,40.744953155517578,40.382366180419922,40.382366180419922,40.744953155517578,41.044975280761719,41.044975280761719
CES0600000007,2024-09-30,40.742362976074219,40.394123077392578,40.394123077392578,40.742362976074219,41.072608947753906,41.072608947753906
CES0600000007,2024-10-31,40.740608215332031,40.386573791503906,40.386573791503906,40.740608215332031,41.054916381835938,41.054916381835938
CES0600000007,2024-11-30,40.714221954345703,40.3671875,40.3671875,40.714221954345703,41.028041839599609,41.028041839599609
CES0600000007,2024-12-31,40.702411651611328,40.339775085449219,40.339775085449219,40.702411651611328,41.038223266601562,41.038223266601562
CES0600000007,2025-01-31,40.713130950927734,40.341281890869141,40.341281890869141,40.713130950927734,41.048419952392578,41.048419952392578
CES0600000007,2025-02-28,40.734256744384766,40.354763031005859,40.354763031005859,40.734256744384766,41.068775177001953,41.068775177001953
CES0600000007,2025-03-31,40.735000610351562,40.353801727294922,40.353801727294922,40.735000610351562,41.072208404541016,41.072208404541016
CES0600000007,2025-04-30,40.748172760009766,40.375892639160163,40.375892639160163,40.748172760009766,41.076789855957031,41.076789855957031
CES0600000007,2025-05-31,40.745891571044922,40.352043151855469,40.352043151855469,40.745891571044922,41.098606109619141,41.098606109619141
CES0600000007,2025-06-30,40.730976104736328,40.342678070068359,40.342678070068359,40.730976104736328,41.067520141601562,41.067520141601562
CES0600000007,2025-07-31,40.748676300048828,40.374256134033203,40.374256134033203,40.748676300048828,41.08807373046875,41.08807373046875
CES0600000008,2023-08-31,0.001327300094999373,-0.0012569532264024,-0.0012569532264024,0.0013273000949993001,0.0037818467244505002,0.0037818467244505002
CES0600000008,2023-09-30,-0.00025409460067749023,-0.0030129635706542999,-0.0030129635706542999,-0.00025409460067739997,0.0023617350962013002,0.0023617350962013002
CES0600000008,2023-10-31,0.00016805807536002249,-0.0027144467458128001,-0.0027144467458128001,0.00016805808991190001,0.0028867351356893002,0.0028867351356893002
CES0600000008,2023-11-30,0.00049383455188944936,-0.0024772272445261001,-0.0024772272445261001,0.00049383453006149997,0.0033128731884062,0.0033128731884062
CES0600000008,2023-12-31,9.715212945593521e-05,-0.0030134979169814998,-0.0030134979169814998,9.7152136731892824e-05,0.0030051083303987,0.0030051083303987
CES0600000008,2024-01-31,1.9485782104311511e-05,-0.0031811222434043,-0.0031811222434043,1.948577119037509e-05,0.0030085905455051998,0.0030085905455051998
CES0600000008,2024-02-29,0.00024725473485887051,-0.003024460049346,-0.003024460049346,0.00024725473485879998,0.0032889998983591001,0.0032889998983591001
CES0600000008,2024-03-31,7.8519136877730489e-05,-0.0032553637865930002,-0.0032553637865930002,7.8519165981560946e-05,0.0031495359726249998,0.0031495359726249998
CES0600000008,2024-04-30,8.9216962805949152e-05,-0.0033194741699844,-0.0033194741699844,8.921697735786438e-05,0.0032346609514206002,0.0032346609514206002
CES0600000008,2024-05-31,0.00020517424854915589,-0.0032443958334624,-0.0032443958334624,0.000205174263101,0.0033825233113019999,0.0033825233113019999
CES0600000008,2024-06-30,7.7536155004054308e-05,-0.0033878167159855001,-0.0033878167159855001,7.7536155004054308e-05,0.0032950970344245,0.0032950970344245
CES0600000008,2024-07-31,0.00019203689589630812,-0.0032830222044140001,-0.0032830222044140001,0.00019203691044819999,0.0033588216174392999,0.0033588216174392999
CES0600000008,2024-08-31,8.1126789154950529e-05,-0.0034349225461483002,-0.0034349225461483002,8.1126810982823372e-05,0.0032634800300001998,0.0032634800300001998
CES0600000008,2024-09-30,0.00019318974227644503,-0.0033311925362795002,-0.0033311925362795002,0.00019318971317259999,0.0033968824427574001,0.0033968824427574001
CES0600000008,2024-10-31,0.0001716288534225896,-0.0033892167266458,-0.0033892167266458,0.0001716288388706,0.0034139552153646001,0.0034139552153646001
CES0600000008,2024-11-30,0.00019118776253890246,-0.0033890344202517999,-0.0033890344202517999,0.00019118777709079999,0.0034537303727120001,0.0034537303727120001
CES0600000008,2024-12-31,0.00010874382860492915,-0.0034865704365074001,-0.0034865704365074001,0.00010874384315680001,0.0033556732814758999,0.0033556732814758999
CES0600000008,2025-01-31,0.00014801535871811211,-0.0034434502013027,-0.0034434502013027,0.00014801538782190001,0.0033985218033194,0.0033985218033194
CES0600000008,2025-02-28,0.00011518876999616623,-0.0035415603779256001,-0.0035415603779256001,0.0001151887699961,0.0034451519604772,0.0034451519604772
CES0600000008,2025-03-31,0.00017171083891298622,-0.0034596966579556001,-0.0034596966579556001,0.00017171085346490001,0.0035199394915252,0.0035199394915252
CES0600000008,2025-04-30,0.00015084729238878936,-0.0035052530001847999,-0.0035052530001847999,0.0001508473069407,0.0034931916743515998,0.0034931916743515998
CES0600000008,2025-05-31,0.00016973342280834913,-0.0034386971965431998,-0.0034386971965431998,0.00016973342280829999,0.0034458972513675,0.0034458972513675
CES0600000008,2025-06-30,0.00012521768803708255,-0.0034990194253623,-0.0034990194253623,0.0001252176589332,0.0034302345011383,0.0034302345011383
CES0600000008,2025-07-31,0.00015130496467463672,-0.0034921697806566,-0.0034921697806566,0.00015130499377840001,0.0034873380791395001,0.0034873380791395001
CES1021000001,2023-08-31,0.0028441883623600006,-0.0048037539236247002,-0.0048037539236247002,0.0028441883623600002,0.010010736063122701,0.010010736063122701
CES1021000001,2023-09-30,0.0024207872338593006,-0.0062203872948884001,-0.0062203872948884001,0.0024207872338593002,0.0103197069838643,0.0103197069838643
CES1021000001,2023-10-31,0.0020958427339792252,-0.0072504174895584002,-0.0072504174895584002,0.0020958427339792,0.0105316350236535,0.0105316350236535
CES1021000001,2023-11-30,0.0019467765232548118,-0.0083267595618962999,-0.0083267595618962999,0.0019467765232548001,0.010983617044985201,0.010983617044985201
CES1021000001,2023-12-31,0.0018486088374629617,-0.0087560117244720008,-0.0087560117244720008,0.0018486088374629001,0.0111548546701669,0.0111548546701669
CES1021000001,2024-01-31,0.0020514004863798618,-0.0091801388189195997,-0.0091801388189195997,0.0020514004863797998,0.0116896424442529,0.0116896424442529
CES1021000001,2024-02-29,0.0021303058601915836,-0.0094688963145016999,-0.0094688963145016999,0.0021303058601914999,0.011704882606863899,0.011704882606863899
CES1021000001,2024-03-31,0.002242701593786478,-0.0096729714423417993,-0.0096729714423417993,0.0022427015937864,0.0120021477341651,0.0120021477341651
CES1021000001,2024-04-30,0.0022615920752286911,-0.0098366504535079002,-0.0098366504535079002,0.0022615920752286,0.0121456133201718,0.0121456133201718
CES1021000001,2024-05-31,0.0020725950598716736,-0.010648563504219,-0.010648563504219,0.0020725950598715999,0.0124038876965641,0.0124038876965641
CES1021000001,2024-06-30,0.0022505940869450569,-0.010572234168648701,-0.010572234168648701,0.0022505940869450001,0.0126513615250587,0.0126513615250587
CES1021000001,2024-07-31,0.0023578032851219177,-0.0107610980048775,-0.0107610980048775,0.0023578031687065001,0.012731948867440199,0.012731948867440199
CES1021000001,2024-08-31,0.002354807686060667,-0.0105510791763663,-0.0105510791763663,0.0023548076860605998,0.0125562967732548,0.0125562967732548
CES1021000001,2024-09-30,0.0022615534253418446,-0.0109055768698453,-0.0109055768698453,0.0022615534253417999,0.012886244803667001,0.012886244803667001
CES1021000001,2024-10-31,0.0026181829161942005,-0.010913368314504601,-0.010913368314504601,0.0026181829161942001,0.0130442548543214,0.0130442548543214
CES1021000001,2024-11-30,0.0027915248647332191,-0.0111896824091672,-0.0111896824091672,0.0027915248647332001,0.013578938320279101,0.013578938320279101
CES1021000001,2024-12-31,0.0027704937383532524,-0.0114606283605098,-0.0114606283605098,0.0027704936219378998,0.0136493509635329,0.0136493509635329
CES1021000001,2025-01-31,0.0026497431099414825,-0.011992452666163399,-0.011992452666163399,0.0026497431099414001,0.013724352233111799,0.013724352233111799
CES1021000001,2025-02-28,0.0027746693231165409,-0.0126198390498757,-0.0126198390498757,0.0027746693231165001,0.0141736967489123,0.0141736967489123
CES1021000001,2025-03-31,0.0029112519696354866,-0.0126510793343186,-0.0126510793343186,0.0029112520860508002,0.014271805062890001,0.014271805062890001
CES1021000001,2025-04-30,0.0031429091468453407,-0.012384691275656201,-0.012384691275656201,0.0031429092632606001,0.014535430818796101,0.014535430818796101
CES1021000001,2025-05-31,0.0032205497846007347,-0.0125652905553579,-0.0125652905553579,0.0032205496681853999,0.014596804976463301,0.014596804976463301
CES1021000001,2025-06-30,0.0032559563405811787,-0.012495887465775001,-0.012495887465775001,0.0032559564569965001,0.014408343471586701,0.014408343471586701
CES1021000001,2025-07-31,0.0029626516625285149,-0.013248850591480701,-0.013248850591480701,0.0029626515461130998,0.014446672052145001,0.014446672052145001
CES2000000008,2023-08-31,-0.00021317169012036175,-0.0046883095055818003,-0.0046883095055818003,-0.0002131717046722,0.0042587262578308001,0.0042587262578308001
CES2000000008,2023-09-30,0.0001110324083128944,-0.0047269919887185001,-0.0047269919887185001,0.0001110323937609,0.0049493145197629001,0.0049493145197629001
CES2000000008,2023-10-31,0.00040798768168315291,-0.0046605640091000999,-0.0046605640091000999,0.0004079876816831,0.0054863081313668996,0.0054863081313668996
CES2000000008,2023-11-30,0.00030172953847795725,-0.0049881823360918998,-0.0049881823360918998,0.0003017295384779,0.0055721793323755004,0.0055721793323755004
CES2000000008,2023-12-31,-2.4540984668419696e-05,-0.0055810040794312,-0.0055810040794312,-2.4540990125387907e-05,0.0054898941889404999,0.0054898941889404999
CES2000000008,2024-01-31,0.00017125539307016879,-0.0055868551135062998,-0.0055868551135062998,0.0001712554367259,0.0058841533027589,0.0058841533027589
CES2000000008,2024-02-29,0.00038053328171372414,-0.0055094403214751998,-0.0055094403214751998,0.00038053328171370001,0.0061965063214302002,0.0061965063214302002
CES2000000008,2024-03-31,3.6638695746660233e-05,-0.0059717609547078002,-0.0059717609547078002,3.6638695746660233e-05,0.0059610945172606997,0.0059610945172606997
CES2000000008,2024-04-30,0.0001503597159171477,-0.0060565909370779002,-0.0060565909370779002,0.0001503597013652,0.0062587782740592002,0.0062587782740592002
CES2000000008,2024-05-31,0.00017679011216387153,-0.0061396062374114001,-0.0061396062374114001,0.0001767901121638,0.0063550644554196999,0.0063550644554196999
CES2000000008,2024-06-30,0.00021377236407715827,-0.0061580399051307999,-0.0061580399051307999,0.0002137723495252,0.0064607928507030002,0.0064607928507030002
CES2000000008,2024-07-31,0.00015891980729065835,-0.0062123141251503996,-0.0062123141251503996,0.00015891983639439999,0.0063844150863586998,0.0063844150863586998
CES2000000008,2024-08-31,0.00010515863687032834,-0.0063744694925844001,-0.0063744694925844001,0.0001051586004905,0.0063846404664218001,0.0063846404664218001
CES2000000008,2024-09-30,0.00010535726323723793,-0.0064095840789377004,-0.0064095840789377004,0.0001053572632372,0.0063854027539491003,0.0063854027539491003
CES2000000008,2024-10-31,0.00015736314526293427,-0.0064373700879514001,-0.0064373700879514001,0.00015736313071100001,0.0065183900296688002,0.0065183900296688002
CES2000000008,2024-11-30,3.5834229493048042e-05,-0.0066168797202408002,-0.0066168797202408002,3.5834265872836113e-05,0.0064436802640557003,0.0064436802640557003
CES2000000008,2024-12-31,0.00011257266305619851,-0.0065472112037240999,-0.0065472112037240999,0.000112572684884,0.0065190587192773004,0.0065190587192773004
CES2000000008,2025-01-31,0.00011577620898606256,-0.0065177693031727999,-0.0065177693031727999,0.0001157762017101,0.0065350034274160003,0.0065350034274160003
CES2000000008,2025-02-28,8.0290563346352428e-05,-0.0067058992572128001,-0.0067058992572128001,8.0290599726140499e-05,0.0066530853509902,0.0066530853509902
CES2000000008,2025-03-31,0.00018675740284379572,-0.0066246436908841003,-0.0066246436908841003,0.000186757359188,0.0067080687731503998,0.0067080687731503998
CES2000000008,2025-04-30,0.00017822299560066313,-0.0066472804173826998,-0.0066472804173826998,0.00017822295194490001,0.0067223384976386998,0.0067223384976386998
CES2000000008,2025-05-31,0.00016982544912025332,-0.0065661277621983996,-0.0065661277621983996,0.00016982544912020001,0.0065980912186204997,0.0065980912186204997
CES2000000008,2025-06-30,0.00014859423390589654,-0.0065912920981645003,-0.0065912920981645003,0.00014859420480200001,0.0066711399704217,0.0066711399704217
CES2000000008,2025-07-31,0.00017035001656040549,-0.0066230301745235001,-0.0066230301745235001,0.00017035001656039999,0.0067502916790543998,0.0067502916790543998
CES3000000008,2023-08-31,0.0019410303793847561,-0.0015275152400135001,-0.0015275152400135001,0.0019410303793846999,0.0052499314770101998,0.0052499314770101998
CES3000000008,2023-09-30,-4.7378656745422632e-05,-0.0036793695762753001,-0.0036793695762753001,-4.7378649469465017e-05,0.0033983939792960002,0.0033983939792960002
CES3000000008,2023-10-31,7.4366245826240629e-05,-0.003639071015641,-0.003639071015641,7.4366223998367786e-05,0.0036023403517901,0.0036023403517901
CES3000000008,2023-11-30,4.7453977458644658e-05,-0.0037669001612811999,-0.0037669001612811999,4.7453970182687037e-05,0.0036554203834383999,0.0036554203834383999
CES3000000008,2023-12-31,0.00019972938753198832,-0.0037499119061975999,-0.0037499119061975999,0.0001997294020839,0.0039220442995429004,0.0039220442995429004
CES3000000008,2024-01-31,0.00026629969943314791,-0.0037989546544849001,-0.0037989546544849001,0.00026629969943309999,0.0040670731104910001,0.0040670731104910001
CES3000000008,2024-02-29,0.00027200230397284031,-0.0038731836248188998,-0.0038731836248188998,0.00027200230397279998,0.0041404021903872004,0.0041404021903872004
CES3000000008,2024-03-31,0.00010324568575015292,-0.0040959697216749,-0.0040959697216749,0.0001032456639222,0.0040099052712321004,0.0040099052712321004
CES3000000008,2024-04-30,0.00029733133851550519,-0.0039538345299661003,-0.0039538345299661003,0.00029733136761929998,0.0042869499884544996,0.0042869499884544996
CES3000000008,2024-05-31,-1.0731890142778866e-05,-0.0042987768538295997,-0.0042987768538295997,-1.0731862857937813e-05,0.0039885947480796996,0.0039885947480796996
CES3000000008,2024-06-30,2.4145612769643776e-05,-0.0042853238992392999,-0.0042853238992392999,2.4145585484802723e-05,0.0040687015280126996,0.0040687015280126996
CES3000000008,2024-07-31,0.00031926512019708753,-0.0040173400193452002,-0.0040173400193452002,0.00031926512019699998,0.0043262587860225998,0.0043262587860225998
CES3000000008,2024-08-31,7.0220688940025866e-05,-0.0043077273294329001,-0.0043077273294329001,7.0220674388110638e-05,0.0041008330881594996,0.0041008330881594996
CES3000000008,2024-09-30,0.00020546966698020697,-0.0041980068199336,-0.0041980068199336,0.0002054696669802,0.0042648161761462003,0.0042648161761462003
CES3000000008,2024-10-31,0.00019671022891998291,-0.0042360033839940999,-0.0042360033839940999,0.0001967102289199,0.0042796405032277003,0.0042796405032277003
CES3000000008,2024-11-30,0.00036772945895791054,-0.0040583140216766999,-0.0040583140216766999,0.00036772948806170001,0.0044504990801214998,0.0044504990801214998
CES3000000008,2024-12-31,9.256446355720982e-05,-0.0043416172266006001,-0.0043416172266006001,9.2564441729336977e-05,0.0041224812157452002,0.0041224812157452002
CES3000000008,2025-01-31,0.00015280151274055243,-0.0042690732516347998,-0.0042690732516347998,0.0001528015127405,0.0041631534695625002,0.0041631534695625002
CES3000000008,2025-02-28,0.00018542534962762147,-0.0043012746609747002,-0.0043012746609747002,0.00018542533507570001,0.0042289183475076996,0.0042289183475076996
CES3000000008,2025-03-31,0.00025290009216405451,-0.0042222174815832996,-0.0042222174815832996,0.00025290012126780002,0.0042639714665709998,0.0042639714665709998
CES3000000008,2025-04-30,0.00020702174515463412,-0.0043028015643357996,-0.0043028015643357996,0.00020702177425840001,0.0042087021283804997,0.0042087021283804997
CES3000000008,2025-05-31,0.00019246480951551348,-0.0042653167620301004,-0.0042653167620301004,0.0001924647949635,0.0041275233961640999,0.0041275233961640999
CES3000000008,2025-06-30,0.00015254723257385194,-0.0043477751314640002,-0.0043477751314640002,0.0001525472616776,0.0041391006670891996,0.0041391006670891996
CES3000000008,2025-07-31,0.00021102199389133602,-0.0043067843653261002,-0.0043067843653261002,0.00021102197933940001,0.0042486935853958,0.0042486935853958
CLAIMSx,2023-08-31,-0.010839583352208138,-0.093906499445438302,-0.093906499445438302,-0.010839583352208099,0.065403476357459994,0.065403476357459994
CLAIMSx,2023-09-30,-0.0018320414237678051,-0.089935578405857003,-0.089935578405857003,-0.001832041889429,0.077634595334529793,0.077634595334529793
CLAIMSx,2023-10-31,-0.0047312723472714424,-0.095417410135269096,-0.095417410135269096,-0.0047312714159488001,0.074827603995800004,0.074827603995800004
CLAIMSx,2023-11-30,-0.0074030496180057526,-0.097896933555603,-0.097896933555603,-0.0074030496180056997,0.070753850042819894,0.070753850042819894
CLAIMSx,2023-12-31,-0.0061931395903229713,-0.097096249461173997,-0.097096249461173997,-0.0061931405216455,0.071508392691612202,0.071508392691612202
CLAIMSx,2024-01-31,-0.0065323133021593094,-0.097961388528347002,-0.097961388528347002,-0.0065323133021592998,0.070515409111976596,0.070515409111976596
CLAIMSx,2024-02-29,-0.0065113017335534096,-0.097250126302242196,-0.097250126302242196,-0.0065113008022308003,0.069888621568679796,0.069888621568679796
CLAIMSx,2024-03-31,-0.0081592649221420288,-0.099739074707031194,-0.099739074707031194,-0.0081592649221419993,0.068577364087104797,0.068577364087104797
CLAIMSx,2024-04-30,-0.0056333411484956741,-0.098569557070732103,-0.098569557070732103,-0.0056333411484956004,0.072234384715557098,0.072234384715557098
CLAIMSx,2024-05-31,-0.0077995294705033302,-0.101512461900711,-0.101512461900711,-0.0077995304018258996,0.070694014430045998,0.070694014430045998
CLAIMSx,2024-06-30,-0.0063531338237226009,-0.099730432033538804,-0.099730432033538804,-0.0063531342893837998,0.073081798851490007,0.073081798851490007
CLAIMSx,2024-07-31,-0.0074499337933957577,-0.10117392241954801,-0.10117392241954801,-0.0074499342590569999,0.070728525519371005,0.070728525519371005
CLAIMSx,2024-08-31,-0.0060682925395667553,-0.1020044535398483,-0.1020044535398483,-0.0060682930052280001,0.073238134384155204,0.073238134384155204
CLAIMSx,2024-09-30,-0.0078701842576265335,-0.1028869673609733,-0.1028869673609733,-0.0078701842576265005,0.071494385600089999,0.071494385600089999
CLAIMSx,2024-10-31,-0.0071136229671537876,-0.102389320731163,-0.102389320731163,-0.0071136225014925003,0.072878859937190996,0.072878859937190996
CLAIMSx,2024-11-30,-0.0075892084278166294,-0.1029072180390358,-0.1029072180390358,-0.0075892079621552996,0.0717948898673057,0.0717948898673057
CLAIMSx,2024-12-31,-0.0055120293982326984,-0.099484674632549203,-0.099484674632549203,-0.0055120289325713999,0.073901981115341103,0.073901981115341103
CLAIMSx,2025-01-31,-0.0060807093977928162,-0.1000343486666679,-0.1000343486666679,-0.0060807093977927997,0.072335571050643893,0.072335571050643893
CLAIMSx,2025-02-28,-0.0045779715292155743,-0.1000908836722374,-0.1000908836722374,-0.0045779719948768,0.075812794268131201,0.075812794268131201
CLAIMSx,2025-03-31,-0.0051801516674458981,-0.099886670708656297,-0.099886670708656297,-0.0051801521331071004,0.075689099729061099,0.075689099729061099
CLAIMSx,2025-04-30,-0.003524628235027194,-0.098280474543571403,-0.098280474543571403,-0.0035246284678577999,0.075615607202053001,0.075615607202053001
CLAIMSx,2025-05-31,-0.0063703320920467377,-0.1009231135249137,-0.1009231135249137,-0.0063703320920467004,0.071316488087177193,0.071316488087177193
CLAIMSx,2025-06-30,-0.0060852877795696259,-0.1005280911922454,-0.1005280911922454,-0.0060852877795695998,0.071390666067600195,0.071390666067600195
CLAIMSx,2025-07-31,-0.0076573672704398632,-0.103597491979599,-0.103597491979599,-0.0076573677361011002,0.071729518473148304,0.071729518473148304
CLF16OV,2023-08-31,0.0012345097493380308,-0.0012171929702162001,-0.0012171929702162001,0.001234509749338,0.0036812962498514999,0.0036812962498514999
CLF16OV,2023-09-30,0.001179414102807641,-0.0014339552726596,-0.0014339552726596,0.0011794141028076,0.0038035209290683001,0.0038035209290683001
CLF16OV,2023-10-31,0.0012762737460434437,-0.0014363445807248001,-0.0014363445807248001,0.0012762737460434001,0.0039795781485735997,0.0039795781485735997
CLF16OV,2023-11-30,0.0012725434498861432,-0.0014672335237264,-0.0014672335237264,0.0012725434498861001,0.0039983438327908004,0.0039983438327908004
CLF16OV,2023-12-31,0.0011197748826816678,-0.0016442406922578001,-0.0016442406922578001,0.0011197748826815999,0.0038837050087749,0.0038837050087749
CLF16OV,2024-01-31,0.0012154089054092765,-0.0015753370244055,-0.0015753370244055,0.0012154089054091999,0.0039750151336192998,0.0039750151336192998
CLF16OV,2024-02-29,0.0011826961999759078,-0.0016050096601247,-0.0016050096601247,0.0011826961999759,0.0039274003356695002,0.0039274003356695002
CLF16OV,2024-03-31,0.0011272775009274483,-0.0016792302485555001,-0.0016792302485555001,0.0011272775009273999,0.0038907930720596998,0.0038907930720596998
CLF16OV,2024-04-30,0.0011781365610659122,-0.0016520803328603001,-0.0016520803328603001,0.0011781365610659001,0.0039839204400777001,0.0039839204400777001
CLF16OV,2024-05-31,0.0011879380326718092,-0.0016796311829239,-0.0016796311829239,0.0011879380326718001,0.0039928774349391001,0.0039928774349391001
CLF16OV,2024-06-30,0.0011330605484545231,-0.0017456817440688001,-0.0017456817440688001,0.0011330605484545001,0.0039472789503632996,0.0039472789503632996
CLF16OV,2024-07-31,0.0011135475942865014,-0.0017073319759219,-0.0017073319759219,0.0011135475942865001,0.0038819974288344002,0.0038819974288344002
CLF16OV,2024-08-31,0.001061034738086164,-0.0018018628470599001,-0.0018018628470599001,0.0010610347380861,0.0038848440162836998,0.0038848440162836998
CLF16OV,2024-09-30,0.0010981300147250295,-0.0017774170264601001,-0.0017774170264601001,0.001098130014725,0.0039138197898864,0.0039138197898864
CLF16OV,2024-10-31,0.0010991578456014395,-0.0018265729304402999,-0.0018265729304402999,0.0010991578456014,0.0039482619613408999,0.0039482619613408999
CLF16OV,2024-11-30,0.0010478573385626078,-0.0018916421104222,-0.0018916421104222,0.0010478573385626,0.0039105257019399998,0.0039105257019399998
CLF16OV,2024-12-31,0.00099190697073936462,-0.0019445992074906,-0.0019445992074906,0.0009919069998431001,0.0038104315754026001,0.0038104315754026001
CLF16OV,2025-01-31,0.0010489170672371984,-0.001851785229519,-0.001851785229519,0.0010489170672370999,0.0038515520282088999,0.0038515520282088999
CLF16OV,2025-02-28,0.0010346572380512953,-0.0018658598419277999,-0.0018658598419277999,0.0010346572380512001,0.0038622273132205001,0.0038622273132205001
CLF16OV,2025-03-31,0.0010311569785699248,-0.0018847202882170001,-0.0018847202882170001,0.0010311569785698999,0.0038333705160765999,0.0038333705160765999
CLF16OV,2025-04-30,0.0010881213238462806,-0.0018279622308909,-0.0018279622308909,0.0010881213238461999,0.0038856316823511999,0.0038856316823511999
CLF16OV,2025-05-31,0.001074301078915596,-0.0018042384181171001,-0.0018042384181171001,0.0010743010789154999,0.0038382911588995998,0.0038382911588995998
CLF16OV,2025-06-30,0.0010665453737601638,-0.001830470515415,-0.001830470515415,0.0010665453737601,0.0038215583190320999,0.0038215583190320999
CLF16OV,2025-07-31,0.0011138815898448229,-0.0018141642212867,-0.0018141642212867,0.0011138815898447999,0.0038828800898044998,0.0038828800898044998
CMRMTSPLx,2023-08-31,0.0014667666982859373,-0.0082573033869266007,-0.0082573033869266007,0.0014667666982859,0.0114843742921948,0.0114843742921948
CMRMTSPLx,2023-09-30,0.0016018804162740707,-0.0087387841194868001,-0.0087387841194868001,0.001601880416274,0.0122286602854728,0.0122286602854728
CMRMTSPLx,2023-10-31,0.0026649392675608397,-0.0079794740304350003,-0.0079794740304350003,0.0026649393839760999,0.0135410567745566,0.0135410567745566
CMRMTSPLx,2023-11-30,0.0021575069986283779,-0.0085905324667691994,-0.0085905324667691994,0.0021575071150436,0.0131085645407438,0.0131085645407438
CMRMTSPLx,2023-12-31,0.0016324468888342381,-0.0091397762298582996,-0.0091397762298582996,0.0016324470052495,0.012646509334445,0.012646509334445
CMRMTSPLx,2024-01-31,0.0018213691655546427,-0.0090131647884845005,-0.0090131647884845005,0.0018213692819699001,0.012841429561376501,0.012841429561376501
CMRMTSPLx,2024-02-29,0.0021679489873349667,-0.0086500728502868999,-0.0086500728502868999,0.0021679488709196002,0.0131163140758872,0.0131163140758872
CMRMTSPLx,2024-03-31,0.0021253300365060568,-0.0087531507015227994,-0.0087531507015227994,0.0021253299200906998,0.0131165301427245,0.0131165301427245
CMRMTSPLx,2024-04-30,0.0019138347124680877,-0.0090592997148633003,-0.0090592997148633003,0.0019138347124680001,0.0129416706040501,0.0129416706040501
CMRMTSPLx,2024-05-31,0.0017654895782470703,-0.0093919094651936999,-0.0093919094651936999,0.0017654896946623,0.0129478396847844,0.0129478396847844
CMRMTSPLx,2024-06-30,0.0017806007526814938,-0.0094427214935421007,-0.0094427214935421007,0.0017806008690968,0.013005813583731599,0.013005813583731599
CMRMTSPLx,2024-07-31,0.0018530664965510368,-0.0093587962910531997,-0.0093587962910531997,0.0018530666129662999,0.012982495129108399,0.012982495129108399
CMRMTSPLx,2024-08-31,0.0016585014527663589,-0.0095612714067100993,-0.0095612714067100993,0.0016585014527663001,0.0129009569063782,0.0129009569063782
CMRMTSPLx,2024-09-30,0.0016967507544904947,-0.0096109518781303995,-0.0096109518781303995,0.0016967508709058001,0.0129087418317794,0.0129087418317794
CMRMTSPLx,2024-10-31,0.0018252984154969454,-0.0096289645880459993,-0.0096289645880459993,0.0018252982990815999,0.013204096816480101,0.013204096816480101
CMRMTSPLx,2024-11-30,0.0019701411947607994,-0.0095883663743733995,-0.0095883663743733995,0.0019701411947607001,0.0136094791814684,0.0136094791814684
CMRMTSPLx,2024-12-31,0.0019979861099272966,-0.0097145661711691995,-0.0097145661711691995,0.0019979862263425998,0.0136373396962881,0.0136373396962881
CMRMTSPLx,2025-01-31,0.0019711330533027649,-0.0097237974405288002,-0.0097237974405288002,0.001971133169718,0.013678850606083801,0.013678850606083801
CMRMTSPLx,2025-02-28,0.0019238654058426619,-0.0099103488028049001,-0.0099103488028049001,0.0019238652894272999,0.013775181956589199,0.013775181956589199
CMRMTSPLx,2025-03-31,0.0018056953558698297,-0.0100754955783486,-0.0100754955783486,0.0018056953558697999,0.013619510456919601,0.013619510456919601
CMRMTSPLx,2025-04-30,0.0018886013422161341,-0.0099566290155053,-0.0099566290155053,0.0018886012258008001,0.013746096752583901,0.013746096752583901
CMRMTSPLx,2025-05-31,0.001873183180578053,-0.0100322244688868,-0.0100322244688868,0.0018731831805780001,0.0136817349120974,0.0136817349120974
CMRMTSPLx,2025-06-30,0.0019514078740030527,-0.0099389264360070003,-0.0099389264360070003,0.0019514077575877001,0.0139150815084576,0.0139150815084576
CMRMTSPLx,2025-07-31,0.0019820923916995525,-0.0099725862964986992,-0.0099725862964986992,0.0019820923916995001,0.014015767723321901,0.014015767723321901
COMPAPFFx,2023-08-31,0.17245185375213623,0.061639595776796299,0.061639595776796299,0.1724518537521362,0.30986097455024719,0.30986097455024719
COMPAPFFx,2023-09-30,0.15908466279506683,0.032975766807794502,0.032975766807794502,0.15908466279506681,0.32420924305915833,0.32420924305915833
COMPAPFFx,2023-10-31,0.14904803037643433,0.011009205132722801,0.011009205132722801,0.1490480303764343,0.33788949251174921,0.33788949251174921
COMPAPFFx,2023-11-30,0.14256128668785095,-0.0067847594618796999,-0.0067847594618796999,0.1425612866878509,0.35265222191810608,0.35265222191810608
COMPAPFFx,2023-12-31,0.14131803810596466,-0.0127592086791992,-0.0127592086791992,0.14131803810596461,0.35965323448181152,0.35965323448181152
COMPAPFFx,2024-01-31,0.12809871137142181,-0.022876061499118801,-0.022876061499118801,0.12809871137142179,0.35686877369880671,0.35686877369880671
COMPAPFFx,2024-02-29,0.12617242336273193,-0.033702433109283399,-0.033702433109283399,0.12617242336273191,0.36142048239707941,0.36142048239707941
COMPAPFFx,2024-03-31,0.13801285624504089,-0.0256690755486488,-0.0256690755486488,0.13801285624504089,0.38391885161399841,0.38391885161399841
COMPAPFFx,2024-04-30,0.14690078794956207,-0.016550697386264801,-0.016550697386264801,0.14690078794956199,0.3943132758140564,0.3943132758140564
COMPAPFFx,2024-05-31,0.14924754202365875,-0.019246771931648199,-0.019246771931648199,0.1492475420236587,0.4053721129894256,0.4053721129894256
COMPAPFFx,2024-06-30,0.15610569715499878,-0.0080755054950714007,-0.0080755054950714007,0.1561056971549987,0.41528144478797913,0.41528144478797913
COMPAPFFx,2024-07-31,0.16118434071540833,-0.0099296644330024008,-0.0099296644330024008,0.1611843407154083,0.42126923799514771,0.42126923799514771
COMPAPFFx,2024-08-31,0.17141328752040863,0.0019469112157821,0.0019469112157821,0.1714132875204086,0.42241021990776062,0.42241021990776062
COMPAPFFx,2024-09-30,0.19290986657142639,0.028575010597705799,0.028575010597705799,0.19290986657142639,0.44986075162887568,0.44986075162887568
COMPAPFFx,2024-10-31,0.21200791001319885,0.043507970869541099,0.043507970869541099,0.2120079100131988,0.47053560614585871,0.47053560614585871
COMPAPFFx,2024-11-30,0.21324867010116577,0.040339138358831399,0.040339138358831399,0.21324867010116569,0.4707301259040832,0.4707301259040832
COMPAPFFx,2024-12-31,0.20117089152336121,0.032496694475412299,0.032496694475412299,0.20117089152336121,0.45388171076774592,0.45388171076774592
COMPAPFFx,2025-01-31,0.17091335356235504,0.0030354112386703001,0.0030354112386703001,0.17091335356235501,0.41495642066001892,0.41495642066001892
COMPAPFFx,2025-02-28,0.14970320463180542,-0.023531302809715202,-0.023531302809715202,0.14970320463180539,0.39137876033782959,0.39137876033782959
COMPAPFFx,2025-03-31,0.15209135413169861,-0.018782630562782201,-0.018782630562782201,0.15209135413169861,0.3899433016777038,0.3899433016777038
COMPAPFFx,2025-04-30,0.14191856980323792,-0.0226475670933723,-0.0226475670933723,0.14191856980323789,0.37673726677894592,0.37673726677894592
COMPAPFFx,2025-05-31,0.12048722803592682,-0.043010823428630801,-0.043010823428630801,0.1204872280359268,0.3532076478004455,0.3532076478004455
COMPAPFFx,2025-06-30,0.10337749123573303,-0.054024145007133401,-0.054024145007133401,0.103377491235733,0.32693755626678461,0.32693755626678461
COMPAPFFx,2025-07-31,0.089693285524845123,-0.068985529243946006,-0.068985529243946006,0.089693285524845096,0.31486979126930231,0.31486979126930231
CONSPI,2023-08-31,-0.25611954927444458,-1.0153405666351318,-1.0153405666351318,-0.25611954927444458,0.49469491839408869,0.49469491839408869
CONSPI,2023-09-30,-0.15051545202732086,-0.9736311435699464,-0.9736311435699464,-0.15051545202732081,0.65738701820373535,0.65738701820373535
CONSPI,2023-10-31,-0.14701540768146515,-1.0060367584228516,-1.0060367584228516,-0.14701540768146509,0.69692504405975342,0.69692504405975342
CONSPI,2023-11-30,-0.15313079953193665,-0.99379515647888184,-0.99379515647888184,-0.15313079953193659,0.6851428747177124,0.6851428747177124
CONSPI,2023-12-31,-0.16340821981430054,-1.0419399738311768,-1.0419399738311768,-0.16340821981430051,0.71248126029968262,0.71248126029968262
CONSPI,2024-01-31,-0.17098769545555115,-1.0424829721450806,-1.0424829721450806,-0.17098769545555109,0.70972907543182373,0.70972907543182373
CONSPI,2024-02-29,-0.17419087886810303,-1.0424145460128784,-1.0424145460128784,-0.174190878868103,0.72289466857910156,0.72289466857910156
CONSPI,2024-03-31,-0.16859465837478638,-1.0591442584991455,-1.0591442584991455,-0.16859465837478629,0.72370052337646484,0.72370052337646484
CONSPI,2024-04-30,-0.16289788484573364,-1.0695950984954834,-1.0695950984954834,-0.16289788484573359,0.77731060981750488,0.77731060981750488
CONSPI,2024-05-31,-0.12931105494499207,-1.0497236251831057,-1.0497236251831057,-0.12931105494499201,0.82102155685424805,0.82102155685424805
CONSPI,2024-06-30,-0.098912805318832397,-1.0314698219299316,-1.0314698219299316,-0.098912805318832397,0.88794577121734619,0.88794577121734619
CONSPI,2024-07-31,-0.08545704185962677,-0.99417591094970703,-0.99417591094970703,-0.085457041859626701,0.86247158050537109,0.86247158050537109
CONSPI,2024-08-31,-0.092352509498596191,-1.0555406808853149,-1.0555406808853149,-0.092352509498596094,0.9237610101699828,0.9237610101699828
CONSPI,2024-09-30,-0.086094751954078674,-1.0186800956726074,-1.0186800956726074,-0.086094751954078605,0.88975977897644043,0.88975977897644043
CONSPI,2024-10-31,-0.078017652034759521,-1.0389096736907959,-1.0389096736907959,-0.078017652034759494,0.93146824836730957,0.93146824836730957
CONSPI,2024-11-30,-0.070079997181892395,-1.0395703315734863,-1.0395703315734863,-0.070079997181892395,0.92726278305053722,0.92726278305053722
CONSPI,2024-12-31,-0.072994023561477661,-1.0541406869888306,-1.0541406869888306,-0.072994023561477606,0.93903732299804676,0.93903732299804676
CONSPI,2025-01-31,-0.058239534497261047,-1.0438321828842163,-1.0438321828842163,-0.058239534497260999,0.92853808403015137,0.92853808403015137
CONSPI,2025-02-28,-0.047772787511348724,-1.0716602802276611,-1.0716602802276611,-0.0477727949619293,0.98738527297973644,0.98738527297973644
CONSPI,2025-03-31,-0.071356043219566345,-1.0894119739532471,-1.0894119739532471,-0.071356043219566304,0.97449219226837158,0.97449219226837158
CONSPI,2025-04-30,-0.079498797655105591,-1.0905413627624512,-1.0905413627624512,-0.079498797655105494,0.94869744777679443,0.94869744777679443
CONSPI,2025-05-31,-0.047280997037887573,-1.0359610319137571,-1.0359610319137571,-0.047280997037887497,0.97546470165252686,0.97546470165252686
CONSPI,2025-06-30,-0.040129713714122772,-1.0537673234939575,-1.0537673234939575,-0.0401297211647033,0.9935680627822876,0.9935680627822876
CONSPI,2025-07-31,-0.042296409606933594,-1.084229588508606,-1.084229588508606,-0.042296409606933497,1.0244971513748169,1.0244971513748169
CP3Mx,2023-08-31,0.094163402915000916,-0.0079313879832625007,-0.0079313879832625007,0.094163402915000902,0.2215985506772995,0.2215985506772995
CP3Mx,2023-09-30,0.089637279510498047,-0.029176108539104399,-0.029176108539104399,0.089637279510498005,0.24100625514984131,0.24100625514984131
CP3Mx,2023-10-31,0.084427371621131897,-0.0468697622418403,-0.0468697622418403,0.084427371621131897,0.25571796298027039,0.25571796298027039
CP3Mx,2023-11-30,0.076770603656768799,-0.066268399357795701,-0.066268399357795701,0.076770603656768799,0.25774803757667542,0.25774803757667542
CP3Mx,2023-12-31,0.073142051696777344,-0.078159138560295105,-0.078159138560295105,0.073142051696777302,0.26835674047470093,0.26835674047470093
CP3Mx,2024-01-31,0.069052979350090027,-0.091089725494384696,-0.091089725494384696,0.069052979350089999,0.27219724655151362,0.27219724655151362
CP3Mx,2024-02-29,0.06511591374874115,-0.1055399179458618,-0.1055399179458618,0.065115913748741094,0.27591252326965332,0.27591252326965332
CP3Mx,2024-03-31,0.068885400891304016,-0.10529425740242,-0.10529425740242,0.068885400891304002,0.28837144374847412,0.28837144374847412
CP3Mx,2024-04-30,0.065269142389297485,-0.1117472499608993,-0.1117472499608993,0.065269142389297402,0.29046669602394098,0.29046669602394098
CP3Mx,2024-05-31,0.06099272146821022,-0.1168113350868225,-0.1168113350868225,0.0609927214682102,0.28748941421508789,0.28748941421508789
CP3Mx,2024-06-30,0.053808946162462234,-0.1264583468437194,-0.1264583468437194,0.0538089461624622,0.28079047799110413,0.28079047799110413
CP3Mx,2024-07-31,0.049355510622262955,-0.13214839994907379,-0.13214839994907379,0.049355510622262899,0.27685832977294922,0.27685832977294922
CP3Mx,2024-08-31,0.048286449164152145,-0.1365014910697937,-0.1365014910697937,0.048286449164152097,0.27817633748054499,0.27817633748054499
CP3Mx,2024-09-30,0.046312455087900162,-0.13707831501960749,-0.13707831501960749,0.046312455087900099,0.27205091714859009,0.27205091714859009
CP3Mx,2024-10-31,0.042060036212205887,-0.14729994535446159,-0.14729994535446159,0.042060036212205797,0.26801878213882441,0.26801878213882441
CP3Mx,2024-11-30,0.034782435745000839,-0.15572220087051389,-0.15572220087051389,0.034782435745000798,0.25793632864952087,0.25793632864952087
CP3Mx,2024-12-31,0.029366761445999146,-0.1579113751649856,-0.1579113751649856,0.0293667614459991,0.25383740663528442,0.25383740663528442
CP3Mx,2025-01-31,0.019726727157831192,-0.16670162975788111,-0.16670162975788111,0.019726728089153701,0.2411554157733917,0.2411554157733917
CP3Mx,2025-02-28,0.017865788191556931,-0.1802060455083847,-0.1802060455083847,0.017865788191556899,0.2488517165184021,0.2488517165184021
CP3Mx,2025-03-31,0.017895136028528214,-0.1858192980289459,-0.1858192980289459,0.017895135097205601,0.2472560107707977,0.2472560107707977
CP3Mx,2025-04-30,0.012456107884645462,-0.1907863169908523,-0.1907863169908523,0.0124561078846454,0.24530842900276181,0.24530842900276181
CP3Mx,2025-05-31,0.01161067932844162,-0.19031186401844019,-0.19031186401844019,0.0116106811910867,0.2454506456851959,0.2454506456851959
CP3Mx,2025-06-30,0.012330356985330582,-0.1926434189081192,-0.1926434189081192,0.0123303569853305,0.24896800518035889,0.24896800518035889
CP3Mx,2025-07-31,0.009001096710562706,-0.20283728837966919,-0.20283728837966919,0.0090010967105627008,0.25116986036300659,0.25116986036300659
CPIAPPSL,2023-08-31,0.00049837422557175159,-0.0051263147033751002,-0.0051263147033751002,0.00049837422557169999,0.0060291518457233004,0.0060291518457233004
CPIAPPSL,2023-09-30,-0.00086487276712432504,-0.0068431096151470999,-0.0068431096151470999,-0.00086487270891660005,0.0050518889911471999,0.0050518889911471999
CPIAPPSL,2023-10-31,-0.00010539867798797786,-0.0062970337457953999,-0.0062970337457953999,-0.0001053987070918,0.0059687718749045996,0.0059687718749045996
CPIAPPSL,2023-11-30,0.00026023029931820929,-0.0060882600955664999,-0.0060882600955664999,0.00026023032842200001,0.0064887162297964001,0.0064887162297964001
CPIAPPSL,2023-12-31,-0.00021356713841669261,-0.0067507680505513997,-0.0067507680505513997,-0.0002135671675205,0.0061999587342142998,0.0061999587342142998
CPIAPPSL,2024-01-31,-0.00053127767750993371,-0.0072476239874958003,-0.0072476239874958003,-0.00053127761930220005,0.0060259662568569001,0.0060259662568569001
CPIAPPSL,2024-02-29,2.8041053155902773e-05,-0.0067915329709648999,-0.0067915329709648999,2.8041074983775616e-05,0.0066776210442185003,0.0066776210442185003
CPIAPPSL,2024-03-31,0.00012896345288027078,-0.0067859394475817004,-0.0067859394475817004,0.00012896349653600001,0.0068578599020838,0.0068578599020838
CPIAPPSL,2024-04-30,-0.00033343321410939097,-0.0074422052130102999,-0.0074422052130102999,-0.00033343315590169997,0.0065453494898974002,0.0065453494898974002
CPIAPPSL,2024-05-31,-0.00022402947070077062,-0.0074054980650544002,-0.0074054980650544002,-0.0002240294124931,0.0066910739988088001,0.0066910739988088001
CPIAPPSL,2024-06-30,-0.00033502886071801186,-0.0075386259704828002,-0.0075386259704828002,-0.00033502886071799998,0.0066028297878800999,0.0066028297878800999
CPIAPPSL,2024-07-31,-0.00018808188906405121,-0.0073614460416137999,-0.0073614460416137999,-0.00018808187451209999,0.0067008105106651002,0.0067008105106651002
CPIAPPSL,2024-08-31,-0.00018389364413451403,-0.0073923473246394998,-0.0073923473246394998,-0.00018389360047869999,0.0066974768415092997,0.0066974768415092997
CPIAPPSL,2024-09-30,-0.00011694499698933214,-0.0073231104761361998,-0.0073231104761361998,-0.0001169450115412,0.0068129352293907998,0.0068129352293907998
CPIAPPSL,2024-10-31,-8.8794811745174229e-05,-0.0073280087672172997,-0.0073280087672172997,-8.8794855400919914e-05,0.0068670911714433999,0.0068670911714433999
CPIAPPSL,2024-11-30,-0.0001954843319253996,-0.0073960567824542002,-0.0073960567824542002,-0.00019548437558109999,0.0068165310658513997,0.0068165310658513997
CPIAPPSL,2024-12-31,-0.00013555191981140524,-0.0073217735625803002,-0.0073217735625803002,-0.0001355519052594,0.0068825148046015999,0.0068825148046015999
CPIAPPSL,2025-01-31,-4.4195071495778393e-06,-0.0072127082385122004,-0.0072127082385122004,-4.4194748625159264e-06,0.0070101628080009998,0.0070101628080009998
CPIAPPSL,2025-02-28,2.642870822455734e-05,-0.0072573493234812997,-0.0072573493234812997,2.6428722776472569e-05,0.0071395924314856,0.0071395924314856
CPIAPPSL,2025-03-31,-0.00013695367670152336,-0.0074699874967336004,-0.0074699874967336004,-0.0001369536621496,0.0069529986940324003,0.0069529986940324003
CPIAPPSL,2025-04-30,-1.7228710930794477e-05,-0.0074098804034292004,-0.0074098804034292004,-1.7228769138455391e-05,0.0071194674819707003,0.0071194674819707003
CPIAPPSL,2025-05-31,2.5578892746125348e-05,-0.0072738742455839998,-0.0072738742455839998,2.5578890927135944e-05,0.0070899720303713998,0.0070899720303713998
CPIAPPSL,2025-06-30,-0.00013550484436564147,-0.0074980240315197996,-0.0074980240315197996,-0.00013550487346939999,0.0070007066242395999,0.0070007066242395999
CPIAPPSL,2025-07-31,-7.729190110694617e-05,-0.0075261769816279004,-0.0075261769816279004,-7.7291857451200485e-05,0.0071419202722609,0.0071419202722609
CPIAUCSL,2023-08-31,0.0024696113541722298,0.00048918812535699995,0.00048918812535699995,0.0024696113541721998,0.0048512695357202998,0.0048512695357202998
CPIAUCSL,2023-09-30,0.0024302823003381491,0.00030956976115699999,0.00030956976115699999,0.0024302823003381001,0.0050912336446344002,0.0050912336446344002
CPIAUCSL,2023-10-31,0.0025048439856618643,0.00033843773417170002,0.00033843773417170002,0.0025048439856618001,0.0053257346153259,0.0053257346153259
CPIAUCSL,2023-11-30,0.0024675088934600353,0.00023368746042250001,0.00023368746042250001,0.0024675088934600002,0.0054053971543907998,0.0054053971543907998
CPIAUCSL,2023-12-31,0.0024259497877210379,0.0001827196683734,0.0001827196683734,0.0024259497877210001,0.0054641114547847999,0.0054641114547847999
CPIAUCSL,2024-01-31,0.0024240005295723677,9.097391739487648e-05,9.097391739487648e-05,0.0024240005295723,0.0055618528276680998,0.0055618528276680998
CPIAUCSL,2024-02-29,0.0024846149608492851,0.00012841308489439999,0.00012841308489439999,0.0024846149608492001,0.0056931106373666997,0.0056931106373666997
CPIAUCSL,2024-03-31,0.0024684290401637554,7.9885590821504593e-05,7.9885590821504593e-05,0.0024684290401636999,0.0057552335783839,0.0057552335783839
CPIAUCSL,2024-04-30,0.0024273660965263844,0.00010280800051980001,0.00010280800051980001,0.0024273660965262998,0.0057480158284305997,0.0057480158284305997
CPIAUCSL,2024-05-31,0.0024575246497988701,0.00014091748744240001,0.00014091748744240001,0.0024575246497987998,0.0057794777676462997,0.0057794777676462997
CPIAUCSL,2024-06-30,0.0025296553503721952,0.0002142621669918,0.0002142621669918,0.0025296553503720998,0.0058758435770869004,0.0058758435770869004
CPIAUCSL,2024-07-31,0.0025244592688977718,0.00019502220675340001,0.00019502220675340001,0.0025244592688976998,0.0059002721682190002,0.0059002721682190002
CPIAUCSL,2024-08-31,0.0025283170398324728,0.00023772940039629999,0.00023772940039629999,0.0025283170398323999,0.0059318286366760002,0.0059318286366760002
CPIAUCSL,2024-09-30,0.0025550632271915674,0.00020452006719999999,0.00020452006719999999,0.0025550632271915002,0.0060178814455865998,0.0060178814455865998
CPIAUCSL,2024-10-31,0.0025495546869933605,0.00017959461547430001,0.00017959461547430001,0.0025495546869932998,0.0060363588854670004,0.0060363588854670004
CPIAUCSL,2024-11-30,0.0025249016471207142,0.00016052718274290001,0.00016052718274290001,0.0025249016471206999,0.0060112290084362004,0.0060112290084362004
CPIAUCSL,2024-12-31,0.0025112901348620653,0.0001392422709614,0.0001392422709614,0.0025112901348619998,0.0059977024793624002,0.0059977024793624002
CPIAUCSL,2025-01-31,0.0025414517149329185,0.00013584620319300001,0.00013584620319300001,0.0025414517149328999,0.0060665039345622002,0.0060665039345622002
CPIAUCSL,2025-02-28,0.0025357385165989399,5.6821387261152267e-05,5.6821387261152267e-05,0.0025357385165989,0.0061916620470582997,0.0061916620470582997
CPIAUCSL,2025-03-31,0.0025360484141856432,1.6196630895137787e-05,1.6196630895137787e-05,0.0025360484141855998,0.0062730163335799997,0.0062730163335799997
CPIAUCSL,2025-04-30,0.0024704101961106062,-6.3611194491386414e-05,-6.3611194491386414e-05,0.0024704101961106001,0.0061982581391929999,0.0061982581391929999
CPIAUCSL,2025-05-31,0.0025439446326345205,3.8886209949851043e-05,3.8886209949851043e-05,0.0025439446326345001,0.0062890015542506998,0.0062890015542506998
CPIAUCSL,2025-06-30,0.002580857602879405,9.1970432549715042e-05,9.1970432549715042e-05,0.0025808576028793998,0.0063349916599690003,0.0063349916599690003
CPIAUCSL,2025-07-31,0.0025757118128240108,1.0567018762230871e-05,1.0567018762230871e-05,0.002575711812824,0.0063811205327510001,0.0063811205327510001
CPIMEDSL,2023-08-31,7.2374452429357916e-05,-0.0028794722165911999,-0.0028794722165911999,7.2374445153400302e-05,0.0029242949094623002,0.0029242949094623002
CPIMEDSL,2023-09-30,0.00026517751393839717,-0.0029006218537687999,-0.0029006218537687999,0.00026517748483449998,0.0032761716283856998,0.0032761716283856998
CPIMEDSL,2023-10-31,0.00055007426999509335,-0.0027336596976964998,-0.0027336596976964998,0.000550074277271,0.0036740871146321002,0.0036740871146321002
CPIMEDSL,2023-11-30,0.00020769835100509226,-0.0031869397498667002,-0.0031869397498667002,0.000207698351005,0.0034261948894709002,0.0034261948894709002
CPIMEDSL,2023-12-31,-0.00020914178458042443,-0.0036671697162090999,-0.0036671697162090999,-0.0002091418136842,0.0030562612228094998,0.0030562612228094998
CPIMEDSL,2024-01-31,0.00019763874297495931,-0.0033283983357250001,-0.0033283983357250001,0.00019763872842300001,0.0034993521403521,0.0034993521403521
CPIMEDSL,2024-02-29,0.00025335070677101612,-0.0033383741974829999,-0.0033383741974829999,0.00025335073587480001,0.0036243540234862999,0.0036243540234862999
CPIMEDSL,2024-03-31,0.00010145669511985034,-0.0035403922665863999,-0.0035403922665863999,0.0001014567096717,0.0035184388980268998,0.0035184388980268998
CPIMEDSL,2024-04-30,4.313747922424227e-05,-0.003625274868682,-0.003625274868682,4.3137464672327042e-05,0.0034542288631200001,0.0034542288631200001
CPIMEDSL,2024-05-31,-3.1023671908769757e-05,-0.0037257238291203,-0.0037257238291203,-3.1023693736642599e-05,0.0033862653654068002,0.0033862653654068002
CPIMEDSL,2024-06-30,8.7634529336355627e-05,-0.0036084691528229999,-0.0036084691528229999,8.7634543888270855e-05,0.0035074918996541998,0.0035074918996541998
CPIMEDSL,2024-07-31,0.00013648040476255119,-0.0035744989290833,-0.0035744989290833,0.0001364804338663,0.0035420444328337001,0.0035420444328337001
CPIMEDSL,2024-08-31,9.5590847195126116e-05,-0.0035874724853783,-0.0035874724853783,9.5590832643210874e-05,0.0034424730110912999,0.0034424730110912999
CPIMEDSL,2024-09-30,7.0159003371372819e-05,-0.0036920418497173998,-0.0036920418497173998,7.0159032475203276e-05,0.0034714927896857001,0.0034714927896857001
CPIMEDSL,2024-10-31,7.3826311563607305e-05,-0.0037055958528071,-0.0037055958528071,7.3826289735734463e-05,0.0034924303181468998,0.0034924303181468998
CPIMEDSL,2024-11-30,0.00012367108138278127,-0.0036592276301234002,-0.0036592276301234002,0.00012367108138270001,0.0035406746901571,0.0035406746901571
CPIMEDSL,2024-12-31,0.00018899743736255914,-0.0036139471922068999,-0.0036139471922068999,0.0001889974228106,0.0035860715433955002,0.0035860715433955002
CPIMEDSL,2025-01-31,0.00020015001064166427,-0.0036018297541886,-0.0036018297541886,0.0002001500106416,0.0035987747833131998,0.0035987747833131998
CPIMEDSL,2025-02-28,0.00013108020357321948,-0.0037291871849446999,-0.0037291871849446999,0.00013108021812510001,0.0035589768085628002,0.0035589768085628002
CPIMEDSL,2025-03-31,0.00019802186579909176,-0.0036523672752082001,-0.0036523672752082001,0.00019802188035099999,0.0036416677758096998,0.0036416677758096998
CPIMEDSL,2025-04-30,0.00019789955695159733,-0.0036512806545943,-0.0036512806545943,0.00019789952784770001,0.0036479071713984,0.0036479071713984
CPIMEDSL,2025-05-31,0.00010163151455344632,-0.0037026996724306999,-0.0037026996724306999,0.00010163150727739999,0.0034911753609775998,0.0034911753609775998
CPIMEDSL,2025-06-30,0.00013336275878828019,-0.0036613710690288999,-0.0036613710690288999,0.00013336277334010001,0.0035231267102062,0.0035231267102062
CPIMEDSL,2025-07-31,0.00014693013508804142,-0.0036547700874506998,-0.0036547700874506998,0.00014693013508800001,0.0035242333542554998,0.0035242333542554998
CPITRNSL,2023-08-31,0.0014869763981550932,-0.0120632294565439,-0.0120632294565439,0.0014869765145704001,0.0138525431975722,0.0138525431975722
CPITRNSL,2023-09-30,0.0010945693356916308,-0.0130354035645723,-0.0130354035645723,0.0010945692192762999,0.0139290960505604,0.0139290960505604
CPITRNSL,2023-10-31,-0.00073052564403042197,-0.015036415308713901,-0.015036415308713901,-0.00073052570223800005,0.012285536155104601,0.012285536155104601
CPITRNSL,2023-11-30,0.00062828639056533575,-0.013933395035564899,-0.013933395035564899,0.00062828639056529997,0.0139277633279562,0.0139277633279562
CPITRNSL,2023-12-31,0.00030855159275233746,-0.014333087950944901,-0.014333087950944901,0.0003085515927523,0.013878963887691401,0.013878963887691401
CPITRNSL,2024-01-31,-0.00017139389819931239,-0.0151701420545578,-0.0151701420545578,-0.0001713938545435,0.0137007636949419,0.0137007636949419
CPITRNSL,2024-02-29,0.00040131877176463604,-0.0146857406944036,-0.0146857406944036,0.00040131877176459999,0.0144334807991981,0.0144334807991981
CPITRNSL,2024-03-31,0.0011903553968295455,-0.0139675224199891,-0.0139675224199891,0.0011903555132448001,0.015351934358477501,0.015351934358477501
CPITRNSL,2024-04-30,0.00046237971400842071,-0.014842581003904299,-0.014842581003904299,0.00046237977221599998,0.014855199493467801,0.014855199493467801
CPITRNSL,2024-05-31,-0.00020171100914012641,-0.0155005604028701,-0.0155005604028701,-0.0002017109654843,0.0142405088990926,0.0142405088990926
CPITRNSL,2024-06-30,0.00081292941467836499,-0.0145072545856237,-0.0145072545856237,0.00081292947288599999,0.015252097509801299,0.015252097509801299
CPITRNSL,2024-07-31,0.00051908392924815416,-0.0148620540276169,-0.0148620540276169,0.00051908381283280003,0.0149259036406874,0.0149259036406874
CPITRNSL,2024-08-31,0.00031725829467177391,-0.0152085945010185,-0.0152085945010185,0.00031725829467170002,0.0147932609543204,0.0147932609543204
CPITRNSL,2024-09-30,0.00044422177597880363,-0.015205709263682299,-0.015205709263682299,0.0004442217759788,0.014958906918764101,0.014958906918764101
CPITRNSL,2024-10-31,0.00027605827199295163,-0.015565295703709099,-0.015565295703709099,0.00027605821378520002,0.0148063050583004,0.0148063050583004
CPITRNSL,2024-11-30,0.00026140615227632225,-0.0156297292560338,-0.0156297292560338,0.00026140618138010001,0.014752863906323899,0.014752863906323899
CPITRNSL,2024-12-31,0.00039963982999324799,-0.015368551947176399,-0.015368551947176399,0.00039963982999320001,0.014806367456912901,0.014806367456912901
CPITRNSL,2025-01-31,0.00033504306338727474,-0.0153967579826712,-0.0153967579826712,0.00033504306338719999,0.0147643182426691,0.0147643182426691
CPITRNSL,2025-02-28,0.00060979643603786826,-0.0153332315385341,-0.0153332315385341,0.00060979649424550001,0.015264390036463699,0.015264390036463699
CPITRNSL,2025-03-31,0.00033893194631673396,-0.0155576774850487,-0.0155576774850487,0.00033893203362820001,0.014926013536751199,0.014926013536751199
CPITRNSL,2025-04-30,0.00044470024295151234,-0.0154063068330287,-0.0154063068330287,0.00044470012653609998,0.014932428486645199,0.014932428486645199
CPITRNSL,2025-05-31,0.0004714068491011858,-0.0151002397760748,-0.0151002397760748,0.00047140696551649998,0.014568029902875399,0.014568029902875399
CPITRNSL,2025-06-30,0.00082332291640341282,-0.014808565378189,-0.014808565378189,0.00082332279998800003,0.014910284429788499,0.014910284429788499
CPITRNSL,2025-07-31,0.00046767492312937975,-0.0154339224100112,-0.0154339224100112,0.0004676750395447,0.0147322537377476,0.0147322537377476
CPIULFSL,2023-08-31,0.00060437509091570973,-0.0025700922124087,-0.0025700922124087,0.00060437509091569998,0.0036838105879724,0.0036838105879724
CPIULFSL,2023-09-30,-0.00013911791029386222,-0.0034310400951652999,-0.0034310400951652999,-0.00013911788119,0.0030718182679265,0.0030718182679265
CPIULFSL,2023-10-31,-0.00021929133799858391,-0.0035634518135339,-0.0035634518135339,-0.0002192913671024,0.0030433933716267,0.0030433933716267
CPIULFSL,2023-11-30,6.8623274273704737e-05,-0.0033216627780348002,-0.0033216627780348002,6.8623281549662352e-05,0.0033963040914385999,0.0033963040914385999
CPIULFSL,2023-12-31,-4.6041091991355643e-05,-0.0034679535310714999,-0.0034679535310714999,-4.604109562933445e-05,0.0033406417351216,0.0033406417351216
CPIULFSL,2024-01-31,-8.3144775999244303e-05,-0.0035617006942628999,-0.0035617006942628999,-8.314475417137146e-05,0.0033560311421751,0.0033560311421751
CPIULFSL,2024-02-29,2.6303845515940338e-05,-0.0034859441220759999,-0.0034859441220759999,2.6303867343813181e-05,0.0035015109460800001,0.0035015109460800001
CPIULFSL,2024-03-31,8.2432707131374627e-05,-0.0034414150286464999,-0.0034414150286464999,8.2432699855417013e-05,0.0035796372685580999,0.0035796372685580999
CPIULFSL,2024-04-30,-6.3771738496143371e-05,-0.0036549500655382,-0.0036549500655382,-6.3771731220185757e-05,0.0035043279640376,0.0035043279640376
CPIULFSL,2024-05-31,-5.8081419410882518e-05,-0.0036460326518863002,-0.0036460326518863002,-5.8081408496946096e-05,0.0034923041239379999,0.0034923041239379999
CPIULFSL,2024-06-30,0.0001010020132525824,-0.0035028615966439,-0.0035028615966439,0.0001010019914247,0.0036400591488927,0.0036400591488927
CPIULFSL,2024-07-31,-1.0047509931609966e-05,-0.0035798738244920002,-0.0035798738244920002,-1.0047515388578176e-05,0.0035286035854368999,0.0035286035854368999
CPIULFSL,2024-08-31,-0.00015032394730951637,-0.0037287110462784,-0.0037287110462784,-0.00015032396186139999,0.0034210146404802001,0.0034210146404802001
CPIULFSL,2024-09-30,-9.2754184151999652e-05,-0.0036941715516149,-0.0036941715516149,-9.2754198703914881e-05,0.0034768097102641999,0.0034768097102641999
CPIULFSL,2024-10-31,-2.4093766114674509e-05,-0.0036511141806839999,-0.0036511141806839999,-2.4093780666589737e-05,0.0035518240183591001,0.0035518240183591001
CPIULFSL,2024-11-30,-7.1309375925920904e-05,-0.0036721990909427001,-0.0036721990909427001,-7.1309390477836132e-05,0.0034786679316312001,0.0034786679316312001
CPIULFSL,2024-12-31,-7.8325327194761485e-05,-0.0036332081072032001,-0.0036332081072032001,-7.8325334470719099e-05,0.0034464534837752,0.0034464534837752
CPIULFSL,2025-01-31,2.5048215320566669e-05,-0.0035193234216421001,-0.0035193234216421001,2.5048211682587865e-05,0.0035330038517713,0.0035330038517713
CPIULFSL,2025-02-28,-1.9440481992205605e-05,-0.0035794083960353999,-0.0035794083960353999,-1.9440485630184412e-05,0.0035485920961946002,0.0035485920961946002
CPIULFSL,2025-03-31,-5.3333256801124662e-05,-0.0036086495965719002,-0.0036086495965719002,-5.333323497325182e-05,0.0035146260634063998,0.0035146260634063998
CPIULFSL,2025-04-30,-5.5233085731742904e-05,-0.0036110084038226999,-0.0036110084038226999,-5.5233074817806482e-05,0.0035120947286486001,0.0035120947286486001
CPIULFSL,2025-05-31,-0.00014052781625650823,-0.0036028507165610001,-0.0036028507165610001,-0.00014052778715260001,0.0033463430590926998,0.0033463430590926998
CPIULFSL,2025-06-30,-9.4741510110907257e-05,-0.0035603300202637,-0.0035603300202637,-9.4741524662822485e-05,0.0033883401192723998,0.0033883401192723998
CPIULFSL,2025-07-31,-1.6525646060472354e-05,-0.0035072930622844999,-0.0035072930622844999,-1.6525620594620705e-05,0.0035028641577810001,0.0035028641577810001
CUMFNS,2023-08-31,0.013509351760149002,-0.58399456739425659,-0.58399456739425659,0.0135093480348587,0.66906368732452393,0.66906368732452393
CUMFNS,2023-09-30,-0.0061122700572013855,-0.66084665060043335,-0.66084665060043335,-0.0061122700572012996,0.70888662338256836,0.70888662338256836
CUMFNS,2023-10-31,0.012293880805373192,-0.66607266664505005,-0.66607266664505005,0.012293875217437701,0.77266132831573486,0.77266132831573486
CUMFNS,2023-11-30,0.0089367609471082687,-0.67884379625320435,-0.67884379625320435,0.0089367628097534006,0.78527402877807617,0.78527402877807617
CUMFNS,2023-12-31,0.0088021410629153252,-0.68061065673828125,-0.68061065673828125,0.0088021457195280994,0.79090261459350586,0.79090261459350586
CUMFNS,2024-01-31,0.017276296392083168,-0.67864257097244263,-0.67864257097244263,0.017276301980018598,0.8081820011138916,0.8081820011138916
CUMFNS,2024-02-29,0.027633450925350189,-0.67100763320922852,-0.67100763320922852,0.027633443474769499,0.81173920631408691,0.81173920631408691
CUMFNS,2024-03-31,0.045394904911518097,-0.66679489612579346,-0.66679489612579346,0.0453948974609375,0.8259844183921814,0.8259844183921814
CUMFNS,2024-04-30,0.045061502605676651,-0.6610150933265686,-0.6610150933265686,0.045061498880386297,0.83035296201705933,0.83035296201705933
CUMFNS,2024-05-31,0.021962571889162064,-0.68670183420181274,-0.68670183420181274,0.021962568163871699,0.82086855173110962,0.82086855173110962
CUMFNS,2024-06-30,0.010875128209590912,-0.70077913999557495,-0.70077913999557495,0.010875120759010299,0.8152124285697937,0.8152124285697937
CUMFNS,2024-07-31,0.0041368277743458748,-0.71320897340774536,-0.71320897340774536,0.0041368305683134998,0.80454617738723755,0.80454617738723755
CUMFNS,2024-08-31,0.004042627289891243,-0.71452736854553223,-0.71452736854553223,0.0040426254272460001,0.81138795614242554,0.81138795614242554
CUMFNS,2024-09-30,-0.013950301334261894,-0.75132739543914795,-0.75132739543914795,-0.013950303196907,0.78967463970184326,0.78967463970184326
CUMFNS,2024-10-31,-0.0065236194059252739,-0.75324833393096924,-0.75324833393096924,-0.0065236240625381001,0.81825870275497437,0.81825870275497437
CUMFNS,2024-11-30,-0.012617167085409164,-0.76945912837982178,-0.76945912837982178,-0.0126171708106994,0.82602471113204956,0.82602471113204956
CUMFNS,2024-12-31,-0.018021605908870697,-0.78789472579956055,-0.78789472579956055,-0.0180216133594512,0.82211661338806152,0.82211661338806152
CUMFNS,2025-01-31,-0.019166246056556702,-0.78122639656066895,-0.78122639656066895,-0.019166246056556702,0.82400721311569214,0.82400721311569214
CUMFNS,2025-02-28,-0.0064439866691827774,-0.78718596696853638,-0.78718596696853638,-0.0064439922571181999,0.83927911520004272,0.83927911520004272
CUMFNS,2025-03-31,0.0018930872902274132,-0.77322894334793091,-0.77322894334793091,0.0018930882215499,0.8526187539100647,0.8526187539100647
CUMFNS,2025-04-30,0.0090332226827740669,-0.75114250183105469,-0.75114250183105469,0.0090332180261611002,0.84891307353973389,0.84891307353973389
CUMFNS,2025-05-31,0.0072488440200686455,-0.75797498226165771,-0.75797498226165771,0.0072488486766815003,0.85027062892913818,0.85027062892913818
CUMFNS,2025-06-30,0.0027852128259837627,-0.75854063034057617,-0.75854063034057617,0.0027852058410644002,0.83892315626144409,0.83892315626144409
CUMFNS,2025-07-31,0.020317699760198593,-0.76081502437591553,-0.76081502437591553,0.020317703485488801,0.85614323616027832,0.85614323616027832
CUSR0000SA0L2,2023-08-31,0.00030527799390256405,-0.0035270801745354999,-0.0035270801745354999,0.00030527799390250003,0.0040312963537870996,0.0040312963537870996
CUSR0000SA0L2,2023-09-30,-6.0305272199911997e-05,-0.0040200138464570002,-0.0040200138464570002,-6.0305290389806032e-05,0.0038246719632297,0.0038246719632297
CUSR0000SA0L2,2023-10-31,-0.00046093971468508244,-0.0044656214304267996,-0.0044656214304267996,-0.00046093971468499998,0.0034959069453178999,0.0034959069453178999
CUSR0000SA0L2,2023-11-30,-5.6056451285257936e-05,-0.0041115172207354996,-0.0041115172207354996,-5.6056422181427479e-05,0.0039937542751430997,0.0039937542751430997
CUSR0000SA0L2,2023-12-31,-0.00018272087618242949,-0.0042806011624633997,-0.0042806011624633997,-0.0001827208907343,0.0039568082429467999,0.0039568082429467999
CUSR0000SA0L2,2024-01-31,-0.0002049074973911047,-0.0043757478706538001,-0.0043757478706538001,-0.00020490749739110001,0.0040142713114619004,0.0040142713114619004
CUSR0000SA0L2,2024-02-29,-8.7043379608076066e-05,-0.0042863823473453001,-0.0042863823473453001,-8.704338688403368e-05,0.0042176656424999003,0.0042176656424999003
CUSR0000SA0L2,2024-03-31,0.00012428528862074018,-0.0040712798945605,-0.0040712798945605,0.00012428528862070001,0.0044676070101558997,0.0044676070101558997
CUSR0000SA0L2,2024-04-30,-5.9901423810515553e-05,-0.0043061994947492998,-0.0043061994947492998,-5.9901445638388395e-05,0.0043686050921677997,0.0043686050921677997
CUSR0000SA0L2,2024-05-31,-0.00024680746719241142,-0.0044853729195892004,-0.0044853729195892004,-0.00024680746719239998,0.0041843894869088996,0.0041843894869088996
CUSR0000SA0L2,2024-06-30,6.9115791120566428e-05,-0.0041650785133242,-0.0041650785133242,6.9115776568651199e-05,0.0045151850208640003,0.0045151850208640003
CUSR0000SA0L2,2024-07-31,-6.0295216826489195e-05,-0.0042708376422524001,-0.0042708376422524001,-6.0295220464468002e-05,0.0043658469803631002,0.0043658469803631002
CUSR0000SA0L2,2024-08-31,-0.00021630740957334638,-0.0044266744516789002,-0.0044266744516789002,-0.0002163074095733,0.0042367558926342998,0.0042367558926342998
CUSR0000SA0L2,2024-09-30,-0.00022692271159030497,-0.0044564246200025004,-0.0044564246200025004,-0.0002269226824864,0.0042239017784595004,0.0042239017784595004
CUSR0000SA0L2,2024-10-31,-9.648541163187474e-05,-0.0043641682714223003,-0.0043641682714223003,-9.6485426183789955e-05,0.0043563432991504001,0.0043563432991504001
CUSR0000SA0L2,2024-11-30,-8.2758648204617202e-05,-0.0043330192565916997,-0.0043330192565916997,-8.2758662756532431e-05,0.0043652635067701001,0.0043652635067701001
CUSR0000SA0L2,2024-12-31,-0.00015601032646372914,-0.0043951175175606996,-0.0043951175175606996,-0.00015601032646370001,0.0042775897309183996,0.0042775897309183996
CUSR0000SA0L2,2025-01-31,-0.00013945049431640655,-0.0043863719329237001,-0.0043863719329237001,-0.0001394504797644,0.0043110144324600003,0.0043110144324600003
CUSR0000SA0L2,2025-02-28,-0.00015053401875775307,-0.0044056246988475002,-0.0044056246988475002,-0.0001505340333096,0.0043565118685364003,0.0043565118685364003
CUSR0000SA0L2,2025-03-31,-0.00021176015434321016,-0.0044783307239413001,-0.0044783307239413001,-0.00021176016889509999,0.0042805322445928998,0.0042805322445928998
CUSR0000SA0L2,2025-04-30,-0.00019141614029649645,-0.0044720051810144996,-0.0044720051810144996,-0.00019141612574449999,0.0042829150333999998,0.0042829150333999998
CUSR0000SA0L2,2025-05-31,-0.00020420520741026849,-0.0043892818503081001,-0.0043892818503081001,-0.00020420522196210001,0.0041659441776572999,0.0041659441776572999
CUSR0000SA0L2,2025-06-30,-0.00011129272752441466,-0.0042998497374355004,-0.0042998497374355004,-0.0001112926984205,0.0042671682313084004,0.0042671682313084004
CUSR0000SA0L2,2025-07-31,-7.3163020715583116e-05,-0.0043199174106121003,-0.0043199174106121003,-7.3163013439625502e-05,0.0043445900082587996,0.0043445900082587996
CUSR0000SA0L5,2023-08-31,0.00052673346363008022,-0.0024824421852826998,-0.0024824421852826998,0.00052673344180220001,0.0034792940132318999,0.0034792940132318999
CUSR0000SA0L5,2023-09-30,-0.00013536954065784812,-0.0032466650009155,-0.0032466650009155,-0.00013536954065780001,0.0029389457777142,0.0029389457777142
CUSR0000SA0L5,2023-10-31,-0.00019186126883141696,-0.0033383797854185,-0.0033383797854185,-0.00019186129793519999,0.0029244534671305999,0.0029244534671305999
CUSR0000SA0L5,2023-11-30,-4.6762663259869441e-05,-0.0032230273354798,-0.0032230273354798,-4.6762637794017792e-05,0.0031304452568292002,0.0031304452568292002
CUSR0000SA0L5,2023-12-31,-0.00012010047794319689,-0.0033205091021955,-0.0033205091021955,-0.0001201004488393,0.0031039966270327,0.0031039966270327
CUSR0000SA0L5,2024-01-31,-2.3323591449297965e-05,-0.0032671638764441,-0.0032671638764441,-2.3323576897382736e-05,0.0032602194696663999,0.0032602194696663999
CUSR0000SA0L5,2024-02-29,-1.5117471775738522e-05,-0.0032831546850502001,-0.0032831546850502001,-1.5117460861802099e-05,0.0033134105615317002,0.0033134105615317002
CUSR0000SA0L5,2024-03-31,5.3707830375060439e-05,-0.0032234562095254,-0.0032234562095254,5.3707859478890896e-05,0.0034011122770606999,0.0034011122770606999
CUSR0000SA0L5,2024-04-30,-3.120372275589034e-05,-0.0033612772822380001,-0.0033612772822380001,-3.1203730031847954e-05,0.0033813251648098001,0.0033813251648098001
CUSR0000SA0L5,2024-05-31,-3.54887088178657e-05,-0.0033683152869342999,-0.0033683152869342999,-3.5488686989992857e-05,0.0033643597271292998,0.0033643597271292998
CUSR0000SA0L5,2024-06-30,8.0276629887521267e-05,-0.0032501402311026998,-0.0032501402311026998,8.0276629887521267e-05,0.0034696157090365002,0.0034696157090365002
CUSR0000SA0L5,2024-07-31,-7.7204480476211756e-05,-0.0033743085805326002,-0.0033743085805326002,-7.7204487752169371e-05,0.0033096040133386,0.0033096040133386
CUSR0000SA0L5,2024-08-31,-0.00017680598830338567,-0.0034664100967347002,-0.0034664100967347002,-0.00017680600285530001,0.0032263691537082,0.0032263691537082
CUSR0000SA0L5,2024-09-30,-7.4891941039822996e-05,-0.0033718089107423999,-0.0033718089107423999,-7.4891955591738224e-05,0.0033298030029981999,0.0033298030029981999
CUSR0000SA0L5,2024-10-31,-9.1317888291087002e-05,-0.0034022387117146999,-0.0034022387117146999,-9.1317866463214159e-05,0.0033181123435497002,0.0033181123435497002
CUSR0000SA0L5,2024-11-30,-0.00011748738324968144,-0.0034143719822167999,-0.0034143719822167999,-0.0001174873905256,0.0032730719540268001,0.0032730719540268001
CUSR0000SA0L5,2024-12-31,-6.9775967858731747e-05,-0.0033368798904119998,-0.0033368798904119998,-6.9775967858731747e-05,0.0033103784080594002,0.0033103784080594002
CUSR0000SA0L5,2025-01-31,1.4934703358449042e-05,-0.0032725185155868001,-0.0032725185155868001,1.4934688806533812e-05,0.0033985469490288999,0.0033985469490288999
CUSR0000SA0L5,2025-02-28,-8.2267200923524797e-05,-0.0033877368550747,-0.0033877368550747,-8.2267215475440025e-05,0.0033651166595517999,0.0033651166595517999
CUSR0000SA0L5,2025-03-31,-0.00010624492279021069,-0.0034205524716526001,-0.0034205524716526001,-0.0001062449300661,0.0033503493759781001,0.0033503493759781001
CUSR0000SA0L5,2025-04-30,-0.00011753513535950333,-0.0034202726092189,-0.0034202726092189,-0.0001175351208075,0.0033394738566130001,0.0033394738566130001
CUSR0000SA0L5,2025-05-31,-0.00021380750695243478,-0.0034346063621342,-0.0034346063621342,-0.0002138075069524,0.0031686092261224001,0.0031686092261224001
CUSR0000SA0L5,2025-06-30,-0.0001345821947325021,-0.0033594539854674998,-0.0033594539854674998,-0.00013458216562860001,0.0032331678085028999,0.0032331678085028999
CUSR0000SA0L5,2025-07-31,-6.4411622588522732e-05,-0.0033135712146758999,-0.0033135712146758999,-6.4411608036607504e-05,0.0033454245422035,0.0033454245422035
CUSR0000SAC,2023-08-31,0.00060603918973356485,-0.0052716345526278002,-0.0052716345526278002,0.00060603918973350002,0.0064827967435120998,0.0064827967435120998
CUSR0000SAC,2023-09-30,0.0005838997894898057,-0.0054592397063970002,-0.0054592397063970002,0.00058389978948979995,0.0067114029079674998,0.0067114029079674998
CUSR0000SAC,2023-10-31,-0.00086061900947242975,-0.0069636320695281003,-0.0069636320695281003,-0.00086061900947240005,0.0053797420114278004,0.0053797420114278004
CUSR0000SAC,2023-11-30,-0.00066232657991349697,-0.0068001742474734003,-0.0068001742474734003,-0.00066232657991340004,0.0057101394049822998,0.0057101394049822998
CUSR0000SAC,2023-12-31,7.9990517406258732e-05,-0.0061204987578093997,-0.0061204987578093997,7.9990481026470661e-05,0.0065707177855073998,0.0065707177855073998
CUSR0000SAC,2024-01-31,6.8644782004412264e-05,-0.0062159663066266996,-0.0062159663066266996,6.8644760176539421e-05,0.0066861715167759999,0.0066861715167759999
CUSR0000SAC,2024-02-29,-0.0002135537943104282,-0.0065188799053430002,-0.0065188799053430002,-0.00021355377975849999,0.0065249376930295996,0.0065249376930295996
CUSR0000SAC,2024-03-31,-7.5483971158973873e-05,-0.0063570663332939,-0.0063570663332939,-7.5483927503228188e-05,0.0067045288160443002,0.0067045288160443002
CUSR0000SAC,2024-04-30,-3.8146874430822209e-05,-0.0064273723401129003,-0.0064273723401129003,-3.8146856240928173e-05,0.0068925409577786003,0.0068925409577786003
CUSR0000SAC,2024-05-31,-0.00031482556369155645,-0.0067065889015793002,-0.0067065889015793002,-0.00031482556369150002,0.0066446834243834001,0.0066446834243834001
CUSR0000SAC,2024-06-30,-2.8073562134522945e-05,-0.0064267651177941998,-0.0064267651177941998,-2.8073554858565331e-05,0.0069507164880632999,0.0069507164880632999
CUSR0000SAC,2024-07-31,-0.00018194182484876364,-0.0065284324809908,-0.0065284324809908,-0.00018194178119299999,0.0068000191822647996,0.0068000191822647996
CUSR0000SAC,2024-08-31,-0.00037618138594552875,-0.0067507750354706998,-0.0067507750354706998,-0.0003761814441531,0.006671754643321,0.006671754643321
CUSR0000SAC,2024-09-30,-0.00024588580708950758,-0.0066490778699516999,-0.0066490778699516999,-0.00024588580708949999,0.0068165701813994997,0.0068165701813994997
CUSR0000SAC,2024-10-31,-0.00015003095904830843,-0.0066331387497483999,-0.0066331387497483999,-0.00015003094449629999,0.0069381608627735996,0.0069381608627735996
CUSR0000SAC,2024-11-30,-0.00011678082955768332,-0.0065829064697026998,-0.0065829064697026998,-0.0001167808659374,0.0069882143288850004,0.0069882143288850004
CUSR0000SAC,2024-12-31,-0.0002173933171434328,-0.0066610295325517004,-0.0066610295325517004,-0.0002173932734876,0.0068758288398384996,0.0068758288398384996
CUSR0000SAC,2025-01-31,-0.00030852961936034262,-0.006774166598916,-0.006774166598916,-0.00030852959025650002,0.0068027535453438004,0.0068027535453438004
CUSR0000SAC,2025-02-28,-0.0002625150082167238,-0.0067644789814949001,-0.0067644789814949001,-0.00026251503732049999,0.0069354120641946003,0.0069354120641946003
CUSR0000SAC,2025-03-31,-0.00031192167080007493,-0.0067703137174248001,-0.0067703137174248001,-0.00031192169990390002,0.0068907956592738004,0.0068907956592738004
CUSR0000SAC,2025-04-30,-0.00026873717433772981,-0.0067288959398864997,-0.0067288959398864997,-0.00026873720344149999,0.0068707168102263997,0.0068707168102263997
CUSR0000SAC,2025-05-31,-0.00029498865478672087,-0.0065896664746105003,-0.0065896664746105003,-0.00029498862568279999,0.0066711851395666001,0.0066711851395666001
CUSR0000SAC,2025-06-30,-0.00015042370068840683,-0.0064505878835915999,-0.0064505878835915999,-0.00015042372979220001,0.0067944196052848998,0.0067944196052848998
CUSR0000SAC,2025-07-31,-0.00010485419625183567,-0.0065058940090238996,-0.0065058940090238996,-0.0001048542326316,0.0069153206422923998,0.0069153206422923998
CUSR0000SAD,2023-08-31,-2.9563761927420273e-05,-0.0037986978422850002,-0.0037986978422850002,-2.9563787393271923e-05,0.0036036525852978,0.0036036525852978
CUSR0000SAD,2023-09-30,-0.00024113424296956509,-0.0043537598103284003,-0.0043537598103284003,-0.00024113425752140001,0.0037129030097275001,0.0037129030097275001
CUSR0000SAD,2023-10-31,-6.3323925132863224e-05,-0.0043217879720031998,-0.0043217879720031998,-6.3323939684778452e-05,0.0040630022995173003,0.0040630022995173003
CUSR0000SAD,2023-11-30,-0.00029260336305014789,-0.0047046691179275001,-0.0047046691179275001,-0.00029260339215390001,0.0039969137869775,0.0039969137869775
CUSR0000SAD,2023-12-31,-0.00021772175387013704,-0.0046923849731683002,-0.0046923849731683002,-0.00021772173931819999,0.0040971655398607002,0.0040971655398607002
CUSR0000SAD,2024-01-31,-0.00018103250476997346,-0.0047770463861524998,-0.0047770463861524998,-0.0001810325193218,0.0042439717799425004,0.0042439717799425004
CUSR0000SAD,2024-02-29,-0.00016929635603446513,-0.0048300935886800003,-0.0048300935886800003,-0.00016929634148250001,0.0042989314533769998,0.0042989314533769998
CUSR0000SAD,2024-03-31,-0.00026089954189956188,-0.0049870111979543998,-0.0049870111979543998,-0.00026089954189949997,0.0043156738393007998,0.0043156738393007998
CUSR0000SAD,2024-04-30,-0.00020058646623510867,-0.0049097188748418999,-0.0049097188748418999,-0.00020058645168309999,0.0043164081871508997,0.0043164081871508997
CUSR0000SAD,2024-05-31,-0.00020837249758187681,-0.0048926938325166,-0.0048926938325166,-0.0002083724830299,0.0043342038989067,0.0043342038989067
CUSR0000SAD,2024-06-30,-0.00029421222279779613,-0.0049484190531075001,-0.0049484190531075001,-0.00029421225190160002,0.0042394637130200004,0.0042394637130200004
CUSR0000SAD,2024-07-31,-0.0002142429439118132,-0.0049284202978014001,-0.0049284202978014001,-0.00021424295846369999,0.0043715531937777996,0.0043715531937777996
CUSR0000SAD,2024-08-31,-0.00013716136163566262,-0.0047906958498060001,-0.0047906958498060001,-0.00013716134708370001,0.0043222028762101997,0.0043222028762101997
CUSR0000SAD,2024-09-30,-0.00012355111539363861,-0.0048679653555154002,-0.0048679653555154002,-0.00012355111539360001,0.0043980847112834003,0.0043980847112834003
CUSR0000SAD,2024-10-31,-0.00012493239773903042,-0.0048861722461879002,-0.0048861722461879002,-0.00012493238318709999,0.0044457172043621002,0.0044457172043621002
CUSR0000SAD,2024-11-30,-0.00023297184088733047,-0.0050092027522623001,-0.0050092027522623001,-0.0002329718554392,0.0043213046155868998,0.0043213046155868998
CUSR0000SAD,2024-12-31,-0.0002250784746138379,-0.0050220061093568004,-0.0050220061093568004,-0.0002250784891657,0.0043291640467940998,0.0043291640467940998
CUSR0000SAD,2025-01-31,-0.00020219730504322797,-0.0050405743531882,-0.0050405743531882,-0.0002021972904913,0.0043659335933625004,0.0043659335933625004
CUSR0000SAD,2025-02-28,-0.00012127914669690654,-0.0050550703890621003,-0.0050550703890621003,-0.00012127915397279999,0.0044851349666714,0.0044851349666714
CUSR0000SAD,2025-03-31,-8.3858671132475138e-05,-0.0050666881725192001,-0.0050666881725192001,-8.3858671132475138e-05,0.0045467289164661997,0.0045467289164661997
CUSR0000SAD,2025-04-30,-0.00017554085934534669,-0.0051472354680299004,-0.0051472354680299004,-0.00017554085934529999,0.004464151803404,0.004464151803404
CUSR0000SAD,2025-05-31,-0.000171397186932154,-0.0051041138358414,-0.0051041138358414,-0.00017139717238020001,0.0044373376294970001,0.0044373376294970001
CUSR0000SAD,2025-06-30,-0.00014417475904338062,-0.0050630555488169002,-0.0050630555488169002,-0.00014417472993949999,0.0044439416378736002,0.0044439416378736002
CUSR0000SAD,2025-07-31,-1.6006997611839324e-05,-0.0049643786624073002,-0.0049643786624073002,-1.600699033588171e-05,0.0046356106176971999,0.0046356106176971999
CUSR0000SAS,2023-08-31,-0.00036525243194773793,-0.0018752816831692999,-0.0018752816831692999,-0.00036525243194769999,0.0010695789242162999,0.0010695789242162999
CUSR0000SAS,2023-09-30,-0.0001303510507568717,-0.0017218859866261001,-0.0017218859866261001,-0.00013035105075680001,0.0013634609058499,0.0013634609058499
CUSR0000SAS,2023-10-31,9.8416770924814045e-05,-0.0015252419980242001,-0.0015252419980242001,9.8416770924814045e-05,0.0016007868107408001,0.0016007868107408001
CUSR0000SAS,2023-11-30,-5.2375096856849268e-05,-0.0017192669911310001,-0.0017192669911310001,-5.2375107770785689e-05,0.0014758560573682,0.0014758560573682
CUSR0000SAS,2023-12-31,-7.9377205111086369e-05,-0.0017692745896056,-0.0017692745896056,-7.9377205111086369e-05,0.0014676585560663999,0.0014676585560663999
CUSR0000SAS,2024-01-31,-4.8228615924017504e-05,-0.0017718558665364001,-0.0017718558665364001,-4.8228626837953925e-05,0.0015305517008528001,0.0015305517008528001
CUSR0000SAS,2024-02-29,-1.2644943126360886e-05,-0.0017662619939073001,-0.0017662619939073001,-1.2644944945350289e-05,0.0015920605510473,0.0015920605510473
CUSR0000SAS,2024-03-31,-1.2812794011551887e-05,-0.0017870455048977999,-0.0017870455048977999,-1.2812786735594273e-05,0.0016296526882797,0.0016296526882797
CUSR0000SAS,2024-04-30,-1.7297543308814056e-05,-0.0018145303474739001,-0.0018145303474739001,-1.7297541489824653e-05,0.0016384902410208999,0.0016384902410208999
CUSR0000SAS,2024-05-31,3.1327326723840088e-06,-0.0017914099153130999,-0.0017914099153130999,3.1327363103628159e-06,0.0016566291451454,0.0016566291451454
CUSR0000SAS,2024-06-30,1.5056990378070623e-05,-0.0018117286963388001,-0.0018117286963388001,1.5056983102113008e-05,0.0016650626203045,0.0016650626203045
CUSR0000SAS,2024-07-31,-4.9568527174415067e-05,-0.0018796613439917001,-0.0018796613439917001,-4.9568538088351488e-05,0.0015959414886310001,0.0015959414886310001
CUSR0000SAS,2024-08-31,-8.3200575318187475e-05,-0.0019283308647571999,-0.0019283308647571999,-8.3200575318187475e-05,0.0015719940420239999,0.0015719940420239999
CUSR0000SAS,2024-09-30,-8.3191924204584211e-05,-0.0019307507900521001,-0.0019307507900521001,-8.3191931480541825e-05,0.0015589323593303,0.0015589323593303
CUSR0000SAS,2024-10-31,-4.1602077544666827e-05,-0.0018996420549228,-0.0018996420549228,-4.1602062992751598e-05,0.0016134380130096999,0.0016134380130096999
CUSR0000SAS,2024-11-30,-4.9101734475698322e-05,-0.0019089165143668001,-0.0019089165143668001,-4.9101741751655936e-05,0.0015759526286274,0.0015759526286274
CUSR0000SAS,2024-12-31,-1.07449886854738e-05,-0.0018530274974182001,-0.0018530274974182001,-1.07449886854738e-05,0.0016183365369215,0.0016183365369215
CUSR0000SAS,2025-01-31,8.0369500210508704e-06,-0.0018078135326504,-0.0018078135326504,8.0369645729660988e-06,0.0016003923956303999,0.0016003923956303999
CUSR0000SAS,2025-02-28,-2.2681844711769372e-05,-0.0018920639995485,-0.0018920639995485,-2.2681837435811761e-05,0.0016234136419370001,0.0016234136419370001
CUSR0000SAS,2025-03-31,-3.5452310839900747e-05,-0.0019010260002687001,-0.0019010260002687001,-3.545230720192194e-05,0.0015855331439524,0.0015855331439524
CUSR0000SAS,2025-04-30,-3.8780184695497155e-05,-0.0018995802383869,-0.0018995802383869,-3.8780184695497155e-05,0.0015912923263385001,0.0015912923263385001
CUSR0000SAS,2025-05-31,-3.5457000194583088e-05,-0.0018322336254641,-0.0018322336254641,-3.5456992918625474e-05,0.0015540154417976,0.0015540154417976
CUSR0000SAS,2025-06-30,-1.8946720956591889e-06,-0.0018428507028146999,-0.0018428507028146999,-1.8946593627333641e-06,0.0016054878942668,0.0016054878942668
CUSR0000SAS,2025-07-31,2.2465865185949951e-06,-0.0018614726141095001,-0.0018614726141095001,2.246582880616188e-06,0.0016406975919379999,0.0016406975919379999
DDURRG3M086SBEA,2023-08-31,0.0019892016425728798,-0.0019665481522678999,-0.0019665481522678999,0.0019892016425728,0.0060053565539419001,0.0060053565539419001
DDURRG3M086SBEA,2023-09-30,0.00026868344866670668,-0.0037841827142982998,-0.0037841827142982998,0.00026868341956280001,0.0044571650214492997,0.0044571650214492997
DDURRG3M086SBEA,2023-10-31,-4.4943884859094396e-05,-0.0041389786638318998,-0.0041389786638318998,-4.4943881221115589e-05,0.0042131324298678996,0.0042131324298678996
DDURRG3M086SBEA,2023-11-30,-0.00096924137324094772,-0.0050106318667530996,-0.0050106318667530996,-0.00096924137324090002,0.0033522592857480001,0.0033522592857480001
DDURRG3M086SBEA,2023-12-31,-0.0002446832659188658,-0.0043144375085830003,-0.0043144375085830003,-0.000244683236815,0.0041570016182959002,0.0041570016182959002
DDURRG3M086SBEA,2024-01-31,0.00095582986250519753,-0.0031190479639917001,-0.0031190479639917001,0.00095582984795320001,0.0053501795046030998,0.0053501795046030998
DDURRG3M086SBEA,2024-02-29,-0.00070437614340335131,-0.0048376778140663997,-0.0048376778140663997,-0.00070437614340330002,0.0037713025230913999,0.0037713025230913999
DDURRG3M086SBEA,2024-03-31,-0.00096731516532599926,-0.0051483982242643,-0.0051483982242643,-0.00096731516532589995,0.0035551215987651998,0.0035551215987651998
DDURRG3M086SBEA,2024-04-30,0.00017059542005881667,-0.0040661753155291002,-0.0040661753155291002,0.0001705954200588,0.0048065963201223997,0.0048065963201223997
DDURRG3M086SBEA,2024-05-31,-0.00022323182201944292,-0.0044829058460891004,-0.0044829058460891004,-0.0002232318511232,0.0044350801035761001,0.0044350801035761001
DDURRG3M086SBEA,2024-06-30,-0.00054376909974962473,-0.0048439656384288996,-0.0048439656384288996,-0.00054376909974960001,0.0040896376594900998,0.0040896376594900998
DDURRG3M086SBEA,2024-07-31,-0.00011025865387637168,-0.0043680313974618001,-0.0043680313974618001,-0.00011025863932439999,0.0044932411983609,0.0044932411983609
DDURRG3M086SBEA,2024-08-31,-4.8331392463296652e-05,-0.0042487182654440004,-0.0042487182654440004,-4.8331392463296652e-05,0.0045806611888109996,0.0045806611888109996
DDURRG3M086SBEA,2024-09-30,-0.00012449006317183375,-0.0044238436967133999,-0.0044238436967133999,-0.00012449006317180001,0.0045376443304121,0.0045376443304121
DDURRG3M086SBEA,2024-10-31,0.00025629933224990964,-0.0040917727164923997,-0.0040917727164923997,0.00025629933224989999,0.0049423901364206999,0.0049423901364206999
DDURRG3M086SBEA,2024-11-30,-0.00082413747441023588,-0.0051584746688603999,-0.0051584746688603999,-0.00082413747441019999,0.0038497762288898,0.0038497762288898
DDURRG3M086SBEA,2024-12-31,-0.0005475624930113554,-0.0048497365787625001,-0.0048497365787625001,-0.0005475624930113,0.0040794368833303001,0.0040794368833303001
DDURRG3M086SBEA,2025-01-31,0.0011837563943117857,-0.0031076986342668,-0.0031076986342668,0.0011837564234155999,0.0057903556153177998,0.0057903556153177998
DDURRG3M086SBEA,2025-02-28,-0.00052164145745337009,-0.0048546707257627999,-0.0048546707257627999,-0.00052164145745329995,0.0040834997780621,0.0040834997780621
DDURRG3M086SBEA,2025-03-31,-0.00065063720103353262,-0.0049825636669993002,-0.0049825636669993002,-0.00065063720103349998,0.0039372323080897002,0.0039372323080897002
DDURRG3M086SBEA,2025-04-30,0.00024286611005663872,-0.0041499622166155997,-0.0041499622166155997,0.00024286611005660001,0.0048554106615482998,0.0048554106615482998
DDURRG3M086SBEA,2025-05-31,-0.00032566528534516692,-0.0046395603567360999,-0.0046395603567360999,-0.00032566528534510003,0.0042214705608784996,0.0042214705608784996
DDURRG3M086SBEA,2025-06-30,-0.0006193467415869236,-0.0049638519994914003,-0.0049638519994914003,-0.00061934674158689996,0.0039317132905125002,0.0039317132905125002
DDURRG3M086SBEA,2025-07-31,-5.7200737501261756e-05,-0.0044048088602720997,-0.0044048088602720997,-5.7200726587325335e-05,0.0045127789489923997,0.0045127789489923997
DMANEMP,2023-08-31,0.00022416940191760659,-0.0024281330406665,-0.0024281330406665,0.00022416940191760001,0.0026691379025578,0.0026691379025578
DMANEMP,2023-09-30,0.00046293094055727124,-0.0024048690684139,-0.0024048690684139,0.00046293094055720001,0.0030920635908842,0.0030920635908842
DMANEMP,2023-10-31,0.00057579478016123176,-0.0024136889260261999,-0.0024136889260261999,0.00057579478016119999,0.0034132527653126998,0.0034132527653126998
DMANEMP,2023-11-30,0.00051926117157563567,-0.0025352260563522,-0.0025352260563522,0.0005192611715756,0.0033933327067643001,0.0033933327067643001
DMANEMP,2023-12-31,0.0005998781998641789,-0.0025087054818868,-0.0025087054818868,0.00059987819986409997,0.0035503746476023999,0.0035503746476023999
DMANEMP,2024-01-31,0.00054816639749333262,-0.002716781804338,-0.002716781804338,0.00054816639749329999,0.0035624464508146,0.0035624464508146
DMANEMP,2024-02-29,0.00055259786313399673,-0.0028231376782059002,-0.0028231376782059002,0.00055259786313390001,0.0035463504027574999,0.0035463504027574999
DMANEMP,2024-03-31,0.00067272462183609605,-0.0028634185437112999,-0.0028634185437112999,0.00067272462183599999,0.0037804997991769998,0.0037804997991769998
DMANEMP,2024-04-30,0.00082683673826977611,-0.0028293165378272,-0.0028293165378272,0.00082683673826969999,0.0039672837592660999,0.0039672837592660999
DMANEMP,2024-05-31,0.0006784555152989924,-0.0031456644646822999,-0.0031456644646822999,0.00067845551529890002,0.0039259148761629998,0.0039259148761629998
DMANEMP,2024-06-30,0.00077113258885219693,-0.0031256740912795002,-0.0031256740912795002,0.0007711325888521,0.0041003655642270999,0.0041003655642270999
DMANEMP,2024-07-31,0.00063555297674611211,-0.0033794664777814999,-0.0033794664777814999,0.00063555297674609997,0.0039961617439984998,0.0039961617439984998
DMANEMP,2024-08-31,0.00066007353598251939,-0.0034659830853343001,-0.0034659830853343001,0.00066007353598249998,0.0041701328009366,0.0041701328009366
DMANEMP,2024-09-30,0.00066039414377883077,-0.0036046570166945002,-0.0036046570166945002,0.00066039414377879998,0.0042775459587573996,0.0042775459587573996
DMANEMP,2024-10-31,0.00071376602863892913,-0.0037656016647815002,-0.0037656016647815002,0.00071376602863889996,0.0044210981577633996,0.0044210981577633996
DMANEMP,2024-11-30,0.00051354494644328952,-0.0041763791814445998,-0.0041763791814445998,0.00051354491733939997,0.0042548067867754997,0.0042548067867754997
DMANEMP,2024-12-31,0.00056841719197109342,-0.0041853333823381996,-0.0041853333823381996,0.00056841719197099996,0.0043959622271358004,0.0043959622271358004
DMANEMP,2025-01-31,0.00045261549530550838,-0.0043714409694075003,-0.0043714409694075003,0.00045261549530550003,0.0043278969824313996,0.0043278969824313996
DMANEMP,2025-02-28,0.0005038114613853395,-0.0044705327600239996,-0.0044705327600239996,0.00050381146138530003,0.0046141627244650997,0.0046141627244650997
DMANEMP,2025-03-31,0.00047702138544991612,-0.0045799189247189998,-0.0045799189247189998,0.00047702138544990002,0.0046608084812759997,0.0046608084812759997
DMANEMP,2025-04-30,0.0005915300571359694,-0.0044406875967978997,-0.0044406875967978997,0.00059153005713590001,0.0046846792101860003,0.0046846792101860003
DMANEMP,2025-05-31,0.00053512543672695756,-0.0045281616039573999,-0.0045281616039573999,0.00053512546583069998,0.0045938850380480003,0.0045938850380480003
DMANEMP,2025-06-30,0.00064755667699500918,-0.0044286474585533003,-0.0044286474585533003,0.00064755667699499997,0.0046448651701211001,0.0046448651701211001
DMANEMP,2025-07-31,0.00075676437700167298,-0.0044584893621504003,-0.0044584893621504003,0.00075676437700160002,0.0048191538080573004,0.0048191538080573004
DNDGRG3M086SBEA,2023-08-31,0.00078302045585587621,-0.0060502258129417003,-0.0060502258129417003,0.00078302045585579999,0.0076970597729086,0.0076970597729086
DNDGRG3M086SBEA,2023-09-30,0.00095137557946145535,-0.0060631535016000002,-0.0060631535016000002,0.00095137555035759995,0.0081417625769972003,0.0081417625769972003
DNDGRG3M086SBEA,2023-10-31,-0.00072392210131511092,-0.0078214928507804003,-0.0078214928507804003,-0.00072392215952269995,0.0065863463096319996,0.0065863463096319996
DNDGRG3M086SBEA,2023-11-30,-0.00056244945153594017,-0.0077051371335982999,-0.0077051371335982999,-0.00056244945153589995,0.0068841767497360004,0.0068841767497360004
DNDGRG3M086SBEA,2023-12-31,0.00035578530514612794,-0.0068921148777007996,-0.0068921148777007996,0.00035578524693840002,0.0079259108752011993,0.0079259108752011993
DNDGRG3M086SBEA,2024-01-31,-3.6381741665536538e-05,-0.0073737408965826,-0.0073737408965826,-3.6381767131388187e-05,0.0076443450525402997,0.0076443450525402997
DNDGRG3M086SBEA,2024-02-29,-0.00026207455084659159,-0.0076347533613443002,-0.0076347533613443002,-0.00026207452174269999,0.0075406073592602998,0.0075406073592602998
DNDGRG3M086SBEA,2024-03-31,-2.8412301617208868e-05,-0.0073498319834470003,-0.0073498319834470003,-2.8412323445081711e-05,0.0077646938152611004,0.0077646938152611004
DNDGRG3M086SBEA,2024-04-30,4.7655717935413122e-05,-0.0073995897546409997,-0.0073995897546409997,4.7655776143074029e-05,0.0080139758065342001,0.0080139758065342001
DNDGRG3M086SBEA,2024-05-31,-0.00018117424042429775,-0.0076559330336748999,-0.0076559330336748999,-0.0001811742549762,0.0078174164518712997,0.0078174164518712997
DNDGRG3M086SBEA,2024-06-30,2.8795951948268339e-05,-0.0074318377301095997,-0.0074318377301095997,2.8795911930501461e-05,0.0080803306773304003,0.0080803306773304003
DNDGRG3M086SBEA,2024-07-31,-5.7531393395038322e-05,-0.0075135915540158003,-0.0075135915540158003,-5.7531404308974743e-05,0.0079706450924276993,0.0079706450924276993
DNDGRG3M086SBEA,2024-08-31,-0.00013898014731239527,-0.0076013351790606004,-0.0076013351790606004,-0.00013898010365659999,0.0079717412590979992,0.0079717412590979992
DNDGRG3M086SBEA,2024-09-30,-0.00021581497276201844,-0.0076899696141481001,-0.0076899696141481001,-0.00021581491455430001,0.0079027153551578001,0.0079027153551578001
DNDGRG3M086SBEA,2024-10-31,-0.00021863692381884903,-0.0077331676147877997,-0.0077331676147877997,-0.00021863693837069999,0.0079339090734720005,0.0079339090734720005
DNDGRG3M086SBEA,2024-11-30,-5.6874549045460299e-05,-0.0075223576277493997,-0.0075223576277493997,-5.6874589063227177e-05,0.0081059103831647994,0.0081059103831647994
DNDGRG3M086SBEA,2024-12-31,-0.0002855676575563848,-0.0077135036699472999,-0.0077135036699472999,-0.00028556759934869998,0.0078313043341040004,0.0078313043341040004
DNDGRG3M086SBEA,2025-01-31,-0.00036849570460617542,-0.0078054494224487998,-0.0078054494224487998,-0.00036849570460610002,0.0077659296803176004,0.0077659296803176004
DNDGRG3M086SBEA,2025-02-28,-0.00027454140945337713,-0.0077588488347827998,-0.0077588488347827998,-0.00027454143855719999,0.0079811746254563002,0.0079811746254563002
DNDGRG3M086SBEA,2025-03-31,-0.00010767708590719849,-0.007576098665595,-0.007576098665595,-0.00010767707135519999,0.0082034571096300992,0.0082034571096300992
DNDGRG3M086SBEA,2025-04-30,-0.00022033086861483753,-0.0077220327220856996,-0.0077220327220856996,-0.0002203308977186,0.0080605223774909002,0.0080605223774909002
DNDGRG3M086SBEA,2025-05-31,-0.00036658838507719338,-0.0077001126483081999,-0.0077001126483081999,-0.00036658835597329998,0.0077699171379208001,0.0077699171379208001
DNDGRG3M086SBEA,2025-06-30,-0.00012765567225869745,-0.0074651408940552997,-0.0074651408940552997,-0.00012765568681059999,0.0079727526754140004,0.0079727526754140004
DNDGRG3M086SBEA,2025-07-31,3.1503110221819952e-05,-0.0074230059981346,-0.0074230059981346,3.150315023958683e-05,0.0081841349601744998,0.0081841349601744998
DPCERA3M086SBEA,2023-08-31,0.0024165059439837933,-0.0020952078048139,-0.0020952078048139,0.0024165059439837,0.0072901463136075999,0.0072901463136075999
DPCERA3M086SBEA,2023-09-30,0.0013969949213787913,-0.0033822732511907001,-0.0033822732511907001,0.0013969949213787,0.0066673038527368996,0.0066673038527368996
DPCERA3M086SBEA,2023-10-31,0.001766110653989017,-0.0030485487077385001,-0.0030485487077385001,0.0017661106539890001,0.0071676932275294997,0.0071676932275294997
DPCERA3M086SBEA,2023-11-30,0.0021243751980364323,-0.0026368724647909,-0.0026368724647909,0.0021243751980364002,0.0074849911034107,0.0074849911034107
DPCERA3M086SBEA,2023-12-31,0.0022891242988407612,-0.0025145763065665002,-0.0025145763065665002,0.0022891242988407,0.0077007282525299999,0.0077007282525299999
DPCERA3M086SBEA,2024-01-31,0.0021142812911421061,-0.0026750748511403001,-0.0026750748511403001,0.0021142812911421,0.0075289485976098997,0.0075289485976098997
DPCERA3M086SBEA,2024-02-29,0.0020617821719497442,-0.0026651511434465001,-0.0026651511434465001,0.0020617821719497,0.0073758875951170002,0.0073758875951170002
DPCERA3M086SBEA,2024-03-31,0.0024224622175097466,-0.0023165412712842001,-0.0023165412712842001,0.0024224622175097001,0.0077418442815542004,0.0077418442815542004
DPCERA3M086SBEA,2024-04-30,0.0023185834288597107,-0.0024632054846733002,-0.0024632054846733002,0.0023185834288596999,0.0077889850363135,0.0077889850363135
DPCERA3M086SBEA,2024-05-31,0.0020493196789175272,-0.0027975931297987001,-0.0027975931297987001,0.0020493196789174999,0.0075466809794306,0.0075466809794306
DPCERA3M086SBEA,2024-06-30,0.0020712506957352161,-0.0028232082258909,-0.0028232082258909,0.0020712506957352001,0.0075232535600661997,0.0075232535600661997
DPCERA3M086SBEA,2024-07-31,0.0023527380544692278,-0.0024514554534107,-0.0024514554534107,0.0023527380544692,0.0077419057488440999,0.0077419057488440999
DPCERA3M086SBEA,2024-08-31,0.0023683207109570503,-0.0025759113486856001,-0.0025759113486856001,0.002368320710957,0.0079735210165380998,0.0079735210165380998
DPCERA3M086SBEA,2024-09-30,0.0022255643270909786,-0.0027769722510129001,-0.0027769722510129001,0.0022255643270909001,0.0078041618689894,0.0078041618689894
DPCERA3M086SBEA,2024-10-31,0.0021661636419594288,-0.0029703781474381,-0.0029703781474381,0.0021661636419594002,0.0077969878911972003,0.0077969878911972003
DPCERA3M086SBEA,2024-11-30,0.0023060841485857964,-0.0029032535385340001,-0.0029032535385340001,0.0023060841485857001,0.0080490289255976,0.0080490289255976
DPCERA3M086SBEA,2024-12-31,0.002266628434881568,-0.0029872248414902999,-0.0029872248414902999,0.0022666284348814999,0.0080113681033252993,0.0080113681033252993
DPCERA3M086SBEA,2025-01-31,0.0018422524444758892,-0.0034043153282254002,-0.0034043153282254002,0.0018422524444758001,0.0076533528044818999,0.0076533528044818999
DPCERA3M086SBEA,2025-02-28,0.0018817902309820056,-0.003441605484113,-0.003441605484113,0.001881790230982,0.0077906167134642003,0.0077906167134642003
DPCERA3M086SBEA,2025-03-31,0.0023481091484427452,-0.0029888374265282999,-0.0029888374265282999,0.0023481091484427001,0.0082516232505440001,0.0082516232505440001
DPCERA3M086SBEA,2025-04-30,0.0025422452017664909,-0.0027122485917060999,-0.0027122485917060999,0.0025422452017663999,0.0084181912243365999,0.0084181912243365999
DPCERA3M086SBEA,2025-05-31,0.0025544986128807068,-0.0026382741052657002,-0.0026382741052657002,0.0025544986128806998,0.0083776926621794007,0.0083776926621794007
DPCERA3M086SBEA,2025-06-30,0.0026396350003778934,-0.0026495589409022999,-0.0026495589409022999,0.0026396350003778002,0.0085131973028181995,0.0085131973028181995
DPCERA3M086SBEA,2025-07-31,0.0026840171776711941,-0.0027552100364117999,-0.0027552100364117999,0.0026840171776711,0.0087278587743638992,0.0087278587743638992
DSERRG3M086SBEA,2023-08-31,-0.00027085252804681659,-0.0015155700966715,-0.0015155700966715,-0.0002708525280468,0.00099537568166850002,0.00099537568166850002
DSERRG3M086SBEA,2023-09-30,8.1677266280166805e-05,-0.0012143445201218,-0.0012143445201218,8.1677266280166805e-05,0.0014045487623661,0.0014045487623661
DSERRG3M086SBEA,2023-10-31,-6.6648106439970434e-05,-0.0013803894398733,-0.0013803894398733,-6.6648120991885662e-05,0.0012902780435979,0.0012902780435979
DSERRG3M086SBEA,2023-11-30,-0.00012606167001649737,-0.0014510159380733,-0.0014510159380733,-0.00012606167001640001,0.0012529511004686,0.0012529511004686
DSERRG3M086SBEA,2023-12-31,-8.9163353550247848e-05,-0.001454938435927,-0.001454938435927,-8.9163368102163076e-05,0.0013273778604343,0.0013273778604343
DSERRG3M086SBEA,2024-01-31,0.00015651906142011285,-0.0012319720117375001,-0.0012319720117375001,0.00015651905414409999,0.0015993528068064999,0.0015993528068064999
DSERRG3M086SBEA,2024-02-29,-0.0001007826067507267,-0.0014938426902517,-0.0014938426902517,-0.0001007826067507,0.0013666284503414999,0.0013666284503414999
DSERRG3M086SBEA,2024-03-31,-0.00010098186612594873,-0.0014962101122364001,-0.0014962101122364001,-0.000100981851574,0.0013889995170757001,0.0013889995170757001
DSERRG3M086SBEA,2024-04-30,-9.3028051196597517e-05,-0.0015271581942215,-0.0015271581942215,-9.3028065748512745e-05,0.0014169074129313001,0.0014169074129313001
DSERRG3M086SBEA,2024-05-31,-3.463943357928656e-05,-0.0014668888179584999,-0.0014668888179584999,-3.4639437217265368e-05,0.0014856655616313,0.0014856655616313
DSERRG3M086SBEA,2024-06-30,-5.2749586757272482e-05,-0.0015010709175840001,-0.0015010709175840001,-5.2749586757272482e-05,0.0014720909530296,0.0014720909530296
DSERRG3M086SBEA,2024-07-31,-0.00015319630620069802,-0.0015761958202346999,-0.0015761958202346999,-0.00015319630620060001,0.0013704315060748999,0.0013704315060748999
DSERRG3M086SBEA,2024-08-31,-0.00015474003157578409,-0.0015929205110296,-0.0015929205110296,-0.00015474003157570001,0.0013791630044579001,0.0013791630044579001
DSERRG3M086SBEA,2024-09-30,-6.173551082611084e-05,-0.0014883900294079999,-0.0014883900294079999,-6.173551082611084e-05,0.0014848953578620999,0.0014848953578620999
DSERRG3M086SBEA,2024-10-31,-5.2138180762995034e-05,-0.0014871583553031,-0.0014871583553031,-5.213817348703742e-05,0.0015030947979539,0.0015030947979539
DSERRG3M086SBEA,2024-11-30,-7.0282279921229929e-05,-0.001501050661318,-0.001501050661318,-7.0282287197187543e-05,0.0015017975820228,0.0015017975820228
DSERRG3M086SBEA,2024-12-31,-3.6527799238683656e-06,-0.0014352725120260999,-0.0014352725120260999,-3.6527926567941904e-06,0.0015609806869179,0.0015609806869179
DSERRG3M086SBEA,2025-01-31,3.7790676287841052e-05,-0.0013987858546896999,-0.0013987858546896999,3.7790669011883438e-05,0.0016009259270504,0.0016009259270504
DSERRG3M086SBEA,2025-02-28,-0.00011223263572901487,-0.0015841370914131,-0.0015841370914131,-0.00011223263572900001,0.0014724298380315,0.0014724298380315
DSERRG3M086SBEA,2025-03-31,-6.148601823952049e-05,-0.0015380098484455999,-0.0015380098484455999,-6.148601823952049e-05,0.0015291264280676,0.0015291264280676
DSERRG3M086SBEA,2025-04-30,-8.9329478214494884e-05,-0.0015721201198175001,-0.0015721201198175001,-8.9329492766410112e-05,0.0015020671999081,0.0015020671999081
DSERRG3M086SBEA,2025-05-31,-7.8589866461697966e-05,-0.0015251097502186001,-0.0015251097502186001,-7.8589859185740352e-05,0.0014812017325310999,0.0014812017325310999
DSERRG3M086SBEA,2025-06-30,-5.2262035751482472e-05,-0.0015090205706654999,-0.0015090205706654999,-5.2262039389461279e-05,0.0015197820030152,0.0015197820030152
DSERRG3M086SBEA,2025-07-31,-5.0756811106111854e-05,-0.0015232024015858,-0.0015232024015858,-5.0756818382069468e-05,0.0015355329960584001,0.0015355329960584001
DTCOLNVHFNM,2023-08-31,0.0019929022528231144,-0.0085598593577742004,-0.0085598593577742004,0.0019929022528231001,0.0115923602133989,0.0115923602133989
DTCOLNVHFNM,2023-09-30,0.00072667119093239307,-0.0102072395384311,-0.0102072395384311,0.00072667119093230005,0.0102824671193957,0.0102824671193957
DTCOLNVHFNM,2023-10-31,-0.00044479192001745105,-0.011078649200499001,-0.011078649200499001,-0.00044479197822509998,0.0089570470154284997,0.0089570470154284997
DTCOLNVHFNM,2023-11-30,-0.00066251150565221906,-0.010968811810016601,-0.010968811810016601,-0.00066251144744450003,0.0082237254828214004,0.0082237254828214004
DTCOLNVHFNM,2023-12-31,4.5144050091039389e-05,-0.0102152228355407,-0.0102152228355407,4.514399915933609e-05,0.0089993542060256004,0.0089993542060256004
DTCOLNVHFNM,2024-01-31,0.00042102791485376656,-0.0099239256232975994,-0.0099239256232975994,0.0004210278857499,0.0094731179997324007,0.0094731179997324007
DTCOLNVHFNM,2024-02-29,0.00040087258093990386,-0.0099629955366253003,-0.0099629955366253003,0.000400872551836,0.0092763751745223999,0.0092763751745223999
DTCOLNVHFNM,2024-03-31,0.0010066392133012414,-0.0094542270526289003,-0.0094542270526289003,0.0010066392133012,0.0098427617922424993,0.0098427617922424993
DTCOLNVHFNM,2024-04-30,0.00059246108867228031,-0.0100531512871384,-0.0100531512871384,0.00059246108867219997,0.0098553700372576002,0.0098553700372576002
DTCOLNVHFNM,2024-05-31,0.00014173005183693022,-0.010525005869567301,-0.010525005869567301,0.00014173006638879999,0.0093496739864349001,0.0093496739864349001
DTCOLNVHFNM,2024-06-30,0.00026488295407034457,-0.0103073809295892,-0.0103073809295892,0.00026488292496650002,0.0094329332932829007,0.0094329332932829007
DTCOLNVHFNM,2024-07-31,0.00026980857364833355,-0.010073035024106501,-0.010073035024106501,0.00026980857364829999,0.0092297848314045992,0.0092297848314045992
DTCOLNVHFNM,2024-08-31,5.0468661356717348e-05,-0.0106950141489505,-0.0106950141489505,5.0468603149056435e-05,0.0098611079156397993,0.0098611079156397993
DTCOLNVHFNM,2024-09-30,-0.00020233578106854111,-0.0108377924188971,-0.0108377924188971,-0.0002023357665166,0.0092902816832064992,0.0092902816832064992
DTCOLNVHFNM,2024-10-31,-0.00072007806738838553,-0.0113521264865994,-0.0113521264865994,-0.00072007812559600004,0.0089191459119318996,0.0089191459119318996
DTCOLNVHFNM,2024-11-30,-0.00080198142677545547,-0.011538172140717499,-0.011538172140717499,-0.00080198142677539996,0.0088248783722519007,0.0088248783722519007
DTCOLNVHFNM,2024-12-31,-3.6001347325509414e-05,-0.0105044590309262,-0.0105044590309262,-3.6001321859657764e-05,0.0093970345333218002,0.0093970345333218002
DTCOLNVHFNM,2025-01-31,0.00018970758537761867,-0.0102719161659479,-0.0102719161659479,0.00018970761448140001,0.0096697956323622998,0.0096697956323622998
DTCOLNVHFNM,2025-02-28,0.00049905490595847368,-0.010501567274332,-0.010501567274332,0.00049905490595839996,0.0105473352596163,0.0105473352596163
DTCOLNVHFNM,2025-03-31,0.0010813582921400666,-0.010157944634556699,-0.010157944634556699,0.0010813582439367999,0.011440449394285601,0.011440449394285601
DTCOLNVHFNM,2025-04-30,0.0007138566579669714,-0.0105502568185329,-0.0105502568185329,0.0007138567161746,0.0111685488373041,0.0111685488373041
DTCOLNVHFNM,2025-05-31,0.00066618842538446188,-0.010350810363888701,-0.010350810363888701,0.00066618836717679999,0.0109346946701407,0.0109346946701407
DTCOLNVHFNM,2025-06-30,0.00071893975837156177,-0.0108410166576504,-0.0108410166576504,0.00071893970016389998,0.0112050091847777,0.0112050091847777
DTCOLNVHFNM,2025-07-31,0.00051012140465900302,-0.011706775054335501,-0.011706775054335501,0.00051012134645130004,0.0114539759233593,0.0114539759233593
DTCTHFNM,2023-08-31,0.0013012603158131242,-0.0076227099634706003,-0.0076227099634706003,0.0013012603740207001,0.0100035862997174,0.0100035862997174
DTCTHFNM,2023-09-30,0.0014099603286013007,-0.0077365175820887002,-0.0077365175820887002,0.0014099603286013001,0.0102582918480038,0.0102582918480038
DTCTHFNM,2023-10-31,-0.0016297330148518085,-0.010813722386956199,-0.010813722386956199,-0.0016297330148518001,0.0071419067680835004,0.0071419067680835004
DTCTHFNM,2023-11-30,-0.00041406572563573718,-0.0093427104875445002,-0.0093427104875445002,-0.00041406578384329997,0.0081474408507347003,0.0081474408507347003
DTCTHFNM,2023-12-31,0.0015203378861770034,-0.0074289850890636002,-0.0074289850890636002,0.0015203378570731001,0.010133977048098999,0.010133977048098999
DTCTHFNM,2024-01-31,-0.0023956741206347942,-0.011251435615122299,-0.011251435615122299,-0.0023956741206347001,0.0060487054288387004,0.0060487054288387004
DTCTHFNM,2024-02-29,-0.00086325610755011439,-0.0099116144701838008,-0.0099116144701838008,-0.00086325616575769995,0.0077017396688461,0.0077017396688461
DTCTHFNM,2024-03-31,0.0019595867488533258,-0.0069793653674423001,-0.0069793653674423001,0.0019595866906455999,0.010381962172687,0.010381962172687
DTCTHFNM,2024-04-30,0.00065905926749110222,-0.0083554470911621995,-0.0083554470911621995,0.0006590592092834,0.0092477910220622999,0.0092477910220622999
DTCTHFNM,2024-05-31,0.0022218027152121067,-0.0067817806266248001,-0.0067817806266248001,0.0022218027152121002,0.010656571947038101,0.010656571947038101
DTCTHFNM,2024-06-30,0.0014996972167864442,-0.0073253349401056003,-0.0073253349401056003,0.0014996972167864,0.0096284728497266006,0.0096284728497266006
DTCTHFNM,2024-07-31,-0.0012853123480454087,-0.0097454711794853002,-0.0097454711794853002,-0.0012853123480454001,0.0064800172112881999,0.0064800172112881999
DTCTHFNM,2024-08-31,1.2596890883287415e-05,-0.0090416399762034,-0.0090416399762034,1.2596836313605309e-05,0.0084545509889721003,0.0084545509889721003
DTCTHFNM,2024-09-30,0.00085668050451204181,-0.0078518977388738996,-0.0078518977388738996,0.00085668044630430001,0.0090773208066820994,0.0090773208066820994
DTCTHFNM,2024-10-31,-0.0015799737302586436,-0.010374882258474801,-0.010374882258474801,-0.0015799737302586,0.0067735658958553999,0.0067735658958553999
DTCTHFNM,2024-11-30,0.00046647491399198771,-0.0084741944447159004,-0.0084741944447159004,0.00046647491399189999,0.0088329631835222001,0.0088329631835222001
DTCTHFNM,2024-12-31,0.00039898930117487907,-0.0081804729998110996,-0.0081804729998110996,0.00039898930117479998,0.0085002267733216008,0.0085002267733216008
DTCTHFNM,2025-01-31,-0.0023818602785468102,-0.0109491674229502,-0.0109491674229502,-0.0023818602785468002,0.0058333226479589002,0.0058333226479589002
DTCTHFNM,2025-02-28,-0.00013186654541641474,-0.0088631259277462005,-0.0088631259277462005,-0.00013186654541639999,0.0083969235420226999,0.0083969235420226999
DTCTHFNM,2025-03-31,0.0024008501786738634,-0.0063483836129307001,-0.0063483836129307001,0.0024008501786738001,0.0111224772408604,0.0111224772408604
DTCTHFNM,2025-04-30,0.0010755022522062063,-0.0076855919323861,-0.0076855919323861,0.0010755022376542,0.0096516506746410994,0.0096516506746410994
DTCTHFNM,2025-05-31,0.0013728415360674262,-0.0071098967455326999,-0.0071098967455326999,0.0013728415651712001,0.0098124612122774003,0.0098124612122774003
DTCTHFNM,2025-06-30,0.0012440575519576669,-0.0077464245259761004,-0.0077464245259761004,0.0012440575956134,0.0100122680887579,0.0100122680887579
DTCTHFNM,2025-07-31,-0.00075379142072051764,-0.0103398645296692,-0.0103398645296692,-0.00075379142072049996,0.0086257122457027002,0.0086257122457027002
EXCAUSx,2023-08-31,0.0015018398407846689,-0.0150447599589824,-0.0150447599589824,0.0015018398407846,0.0185251329094171,0.0185251329094171
EXCAUSx,2023-09-30,0.0011115468805655837,-0.016166491433978001,-0.016166491433978001,0.0011115469969808999,0.0189946107566356,0.0189946107566356
EXCAUSx,2023-10-31,0.00084744679043069482,-0.016564944759011199,-0.016564944759011199,0.00084744673222299997,0.019092136994004201,0.019092136994004201
EXCAUSx,2023-11-30,0.0009820801205933094,-0.016519464552402399,-0.016519464552402399,0.00098208012059330008,0.019307572394609399,0.019307572394609399
EXCAUSx,2023-12-31,0.0011729206889867783,-0.016272857785224901,-0.016272857785224901,0.0011729206889867,0.019432788714766499,0.019432788714766499
EXCAUSx,2024-01-31,0.001179953571408987,-0.0162946656346321,-0.0162946656346321,0.0011799535714089001,0.019478008151054299,0.019478008151054299
EXCAUSx,2024-02-29,0.0013795960694551468,-0.0159760061651468,-0.0159760061651468,0.0013795960694551,0.019734911620616899,0.019734911620616899
EXCAUSx,2024-03-31,0.0016131298616528511,-0.015808433294296199,-0.015808433294296199,0.0016131298616527999,0.020147101953625599,0.020147101953625599
EXCAUSx,2024-04-30,0.0014415220357477665,-0.016000723466277102,-0.016000723466277102,0.0014415220357476999,0.019843498244881599,0.019843498244881599
EXCAUSx,2024-05-31,0.0012910824734717607,-0.016275271773338301,-0.016275271773338301,0.0012910824734717,0.019741885364055599,0.019741885364055599
EXCAUSx,2024-06-30,0.0013950231950730085,-0.016263151541352199,-0.016263151541352199,0.0013950231950730001,0.019928837195038698,0.019928837195038698
EXCAUSx,2024-07-31,0.0014300793409347534,-0.0162064563482999,-0.0162064563482999,0.0014300793409347001,0.0200556777417659,0.0200556777417659
EXCAUSx,2024-08-31,0.0012678634375333786,-0.016582239419221802,-0.016582239419221802,0.0012678634375333001,0.019816257059574099,0.019816257059574099
EXCAUSx,2024-09-30,0.0013003668282181025,-0.016448037698864899,-0.016448037698864899,0.0013003668282181001,0.019951824098825399,0.019951824098825399
EXCAUSx,2024-10-31,0.0015526621136814356,-0.016155041754245699,-0.016155041754245699,0.0015526621136814,0.020063582807779302,0.020063582807779302
EXCAUSx,2024-11-30,0.0013722614385187626,-0.0163920149207115,-0.0163920149207115,0.0013722614385186999,0.01977114751935,0.01977114751935
EXCAUSx,2024-12-31,0.00093245547031983733,-0.016620274633169101,-0.016620274633169101,0.00093245552852740002,0.019374586641788399,0.019374586641788399
EXCAUSx,2025-01-31,0.0010715518146753311,-0.016639802604913701,-0.016639802604913701,0.0010715518146753001,0.0192682743072509,0.0192682743072509
EXCAUSx,2025-02-28,0.0012632147409021854,-0.016698909923434199,-0.016698909923434199,0.0012632147409021,0.019661631435155799,0.019661631435155799
EXCAUSx,2025-03-31,0.0010280973510816693,-0.016840614378452301,-0.016840614378452301,0.0010280972346663,0.019579080864787098,0.019579080864787098
EXCAUSx,2025-04-30,0.00098473916295915842,-0.0167665388435125,-0.0167665388435125,0.00098473927937440002,0.019425926730036701,0.019425926730036701
EXCAUSx,2025-05-31,0.0010619668755680323,-0.016650598496198599,-0.016650598496198599,0.001061966875568,0.0194801483303308,0.0194801483303308
EXCAUSx,2025-06-30,0.00084463873645290732,-0.016751291230320899,-0.016751291230320899,0.00084463879466050004,0.019053248688578599,0.019053248688578599
EXCAUSx,2025-07-31,0.00065981654915958643,-0.017021557316183999,-0.017021557316183999,0.00065981666557490002,0.018848160281777299,0.018848160281777299
EXJPUSx,2023-08-31,-0.00080217228969559073,-0.029671574011445,-0.029671574011445,-0.00080217234790320004,0.0271704494953155,0.0271704494953155
EXJPUSx,2023-09-30,-0.00039937728433869779,-0.030975885689258499,-0.030975885689258499,-0.00039937719702720002,0.029009692370891502,0.029009692370891502
EXJPUSx,2023-10-31,0.00068786396877840161,-0.0307361241430044,-0.0307361241430044,0.0006878641434013,0.0308501590043306,0.0308501590043306
EXJPUSx,2023-11-30,0.00136574637144804,-0.030512565746903399,-0.030512565746903399,0.0013657463714479999,0.031687844544649103,0.031687844544649103
EXJPUSx,2023-12-31,0.0015876521356403828,-0.0303321201354265,-0.0303321201354265,0.0015876521356402999,0.031804464757442398,0.031804464757442398
EXJPUSx,2024-01-31,0.0022808965295553207,-0.029738254845142299,-0.029738254845142299,0.0022808965295552999,0.032537057995796197,0.032537057995796197
EXJPUSx,2024-02-29,0.0031114432495087385,-0.029034132137894599,-0.029034132137894599,0.0031114432495086999,0.033208213746547699,0.033208213746547699
EXJPUSx,2024-03-31,0.0031154339667409658,-0.0289507173001766,-0.0289507173001766,0.0031154337339103001,0.033374495804309803,0.033374495804309803
EXJPUSx,2024-04-30,0.0029044135008007288,-0.029234141111373901,-0.029234141111373901,0.0029044137336313,0.033211160451173699,0.033211160451173699
EXJPUSx,2024-05-31,0.0022545685060322285,-0.030042851343750902,-0.030042851343750902,0.0022545685060321998,0.032747734338045099,0.032747734338045099
EXJPUSx,2024-06-30,0.0020102702546864748,-0.030317369848489699,-0.030317369848489699,0.0020102704875170998,0.032363280653953497,0.032363280653953497
EXJPUSx,2024-07-31,0.0019635437056422234,-0.030301988124847402,-0.030301988124847402,0.0019635437056421999,0.032503008842468199,0.032503008842468199
EXJPUSx,2024-08-31,0.0017987561877816916,-0.0303365774452686,-0.0303365774452686,0.0017987564206123001,0.032458294183015803,0.032458294183015803
EXJPUSx,2024-09-30,0.0017219260334968567,-0.030809622257947901,-0.030809622257947901,0.0017219260334968001,0.032716508954763399,0.032716508954763399
EXJPUSx,2024-10-31,0.0017495015636086464,-0.0306999236345291,-0.0306999236345291,0.0017495015636086,0.032531943172216402,0.032531943172216402
EXJPUSx,2024-11-30,0.0016154295299202204,-0.0309536959975957,-0.0309536959975957,0.0016154292970895,0.032555010169744401,0.032555010169744401
EXJPUSx,2024-12-31,0.0014917103108018637,-0.030811129137873601,-0.030811129137873601,0.0014917105436325,0.032213911414146403,0.032213911414146403
EXJPUSx,2025-01-31,0.0014604325406253338,-0.030863536521792401,-0.030863536521792401,0.0014604325406253,0.0320178754627704,0.0320178754627704
EXJPUSx,2025-02-28,0.0014717697631567717,-0.031318176537752103,-0.031318176537752103,0.0014717695303261,0.032403763383626903,0.032403763383626903
EXJPUSx,2025-03-31,0.0015022712759673595,-0.031268086284398998,-0.031268086284398998,0.0015022712759672999,0.032502312213182401,0.032502312213182401
EXJPUSx,2025-04-30,0.0016134500037878752,-0.030924284830689399,-0.030924284830689399,0.0016134502366185,0.032698042690753902,0.032698042690753902
EXJPUSx,2025-05-31,0.0016495087184011936,-0.0305951032787561,-0.0305951032787561,0.0016495087184010999,0.032323963940143502,0.032323963940143502
EXJPUSx,2025-06-30,0.0017162337899208069,-0.0304549690335989,-0.0304549690335989,0.0017162337899207999,0.032447706907987497,0.032447706907987497
EXJPUSx,2025-07-31,0.0015679057687520981,-0.031041277572512599,-0.031041277572512599,0.0015679057687520001,0.032560095191001802,0.032560095191001802
EXSZUSx,2023-08-31,-0.0071222390979528427,-0.029275972396135299,-0.029275972396135299,-0.0071222390979528002,0.014248889870941601,0.014248889870941601
EXSZUSx,2023-09-30,-0.0030709486454725266,-0.026446647942066099,-0.026446647942066099,-0.0030709486454725001,0.0188431181013584,0.0188431181013584
EXSZUSx,2023-10-31,-0.0024991664104163647,-0.026131832972168902,-0.026131832972168902,-0.0024991664104163001,0.019634686410427,0.019634686410427
EXSZUSx,2023-11-30,-0.0029496741481125355,-0.0265621822327375,-0.0265621822327375,-0.0029496741481124999,0.019078271463513301,0.019078271463513301
EXSZUSx,2023-12-31,-0.0030808108858764172,-0.0267140250653028,-0.0267140250653028,-0.0030808108858763998,0.0184827856719493,0.0184827856719493
EXSZUSx,2024-01-31,-0.0032982076518237591,-0.026934996247291499,-0.026934996247291499,-0.0032982076518237001,0.0181055925786495,0.0181055925786495
EXSZUSx,2024-02-29,-0.0029669902287423611,-0.026189003139734199,-0.026189003139734199,-0.0029669902287422999,0.018185667693614901,0.018185667693614901
EXSZUSx,2024-03-31,-0.0021687019616365433,-0.025356585159897801,-0.025356585159897801,-0.0021687019616364999,0.019082421436905798,0.019082421436905798
EXSZUSx,2024-04-30,-0.0020504463464021683,-0.025386206805706,-0.025386206805706,-0.0020504463464021002,0.019116545096039699,0.019116545096039699
EXSZUSx,2024-05-31,-0.0028003309853374958,-0.026154289022087999,-0.026154289022087999,-0.0028003309853374,0.018599208444356901,0.018599208444356901
EXSZUSx,2024-06-30,-0.0026856786571443081,-0.025789802893996201,-0.025789802893996201,-0.0026856786571442999,0.0184192154556512,0.0184192154556512
EXSZUSx,2024-07-31,-0.0023173154331743717,-0.025103738531470299,-0.025103738531470299,-0.0023173154331743002,0.018526272848248398,0.018526272848248398
EXSZUSx,2024-08-31,-0.0018802362028509378,-0.024925492703914601,-0.024925492703914601,-0.0018802359700202001,0.0189376901835203,0.0189376901835203
EXSZUSx,2024-09-30,-0.0020612862426787615,-0.0250457674264907,-0.0250457674264907,-0.0020612864755093999,0.0189744494855403,0.0189744494855403
EXSZUSx,2024-10-31,-0.0021859186235815287,-0.025032458826899501,-0.025032458826899501,-0.0021859188564120999,0.018691537901759099,0.018691537901759099
EXSZUSx,2024-11-30,-0.0025231898762285709,-0.025346968322992301,-0.025346968322992301,-0.0025231898762284998,0.018481502309441501,0.018481502309441501
EXSZUSx,2024-12-31,-0.0031019207090139389,-0.025548946112394302,-0.025548946112394302,-0.0031019207090138999,0.017585769295692399,0.017585769295692399
EXSZUSx,2025-01-31,-0.0030637024901807308,-0.025397352874279001,-0.025397352874279001,-0.0030637024901807,0.017587363719940099,0.017587363719940099
EXSZUSx,2025-02-28,-0.0023083104752004147,-0.024855870753526601,-0.024855870753526601,-0.0023083104752003999,0.018267787992954199,0.018267787992954199
EXSZUSx,2025-03-31,-0.0022099991329014301,-0.024823479354381499,-0.024823479354381499,-0.0022099991329014002,0.018493575975298802,0.018493575975298802
EXSZUSx,2025-04-30,-0.001859767478890717,-0.024224275723099702,-0.024224275723099702,-0.0018597673624753,0.018689202144742002,0.018689202144742002
EXSZUSx,2025-05-31,-0.0017079302342608571,-0.023757372051477401,-0.023757372051477401,-0.0017079301178454999,0.018559513613581598,0.018559513613581598
EXSZUSx,2025-06-30,-0.0021022192668169737,-0.024039618670940399,-0.024039618670940399,-0.0021022190339863001,0.01816888153553,0.01816888153553
EXSZUSx,2025-07-31,-0.0025184338446706533,-0.024766556918621001,-0.024766556918621001,-0.0025184338446706,0.018073471263050998,0.018073471263050998
EXUSUKx,2023-08-31,0.0038372878916561604,-0.020400775596499401,-0.020400775596499401,0.0038372878334484001,0.026905868202447801,0.026905868202447801
EXUSUKx,2023-09-30,0.0025433436967432499,-0.0226753074675798,-0.0226753074675798,0.0025433439295737999,0.026592522859573298,0.026592522859573298
EXUSUKx,2023-10-31,0.0048190262168645859,-0.020968040451407401,-0.020968040451407401,0.0048190263332798999,0.029364168643951399,0.029364168643951399
EXUSUKx,2023-11-30,0.0064571076072752476,-0.019522087648510902,-0.019522087648510902,0.0064571074908598997,0.031203530728816899,0.031203530728816899
EXUSUKx,2023-12-31,0.0033619818277657032,-0.022616170346736901,-0.022616170346736901,0.0033619817113502998,0.028346568346023501,0.028346568346023501
EXUSUKx,2024-01-31,0.0024255854077637196,-0.0235201958566904,-0.0235201958566904,0.0024255854077637,0.027500180527567801,0.027500180527567801
EXUSUKx,2024-02-29,0.0021614306606352329,-0.024073773995041799,-0.024073773995041799,0.0021614306606352,0.027102397754788399,0.027102397754788399
EXUSUKx,2024-03-31,0.00072267989162355661,-0.025819770991802202,-0.025819770991802202,0.00072267977520819998,0.0258175153285264,0.0258175153285264
EXUSUKx,2024-04-30,0.0013447977835312486,-0.025229353457689199,-0.025229353457689199,0.0013447976671159001,0.026504036039113998,0.026504036039113998
EXUSUKx,2024-05-31,0.0043358649127185345,-0.022492703050374901,-0.022492703050374901,0.0043358649127184998,0.029676647856831499,0.029676647856831499
EXUSUKx,2024-06-30,0.0057626888155937195,-0.021077554672956401,-0.021077554672956401,0.0057626886991782996,0.031199116259813298,0.031199116259813298
EXUSUKx,2024-07-31,0.0025528864935040474,-0.024214955046772901,-0.024214955046772901,0.0025528867263346,0.0278654005378484,0.0278654005378484
EXUSUKx,2024-08-31,0.0015079878503456712,-0.0253893546760082,-0.0253893546760082,0.0015079877339302999,0.027087200433015799,0.027087200433015799
EXUSUKx,2024-09-30,0.0015092076500877738,-0.025450710207223799,-0.025450710207223799,0.001509207766503,0.026760999113321301,0.026760999113321301
EXUSUKx,2024-10-31,0.00020205369219183922,-0.0265414230525493,-0.0265414230525493,0.0002020536921918,0.025455374270677501,0.025455374270677501
EXUSUKx,2024-11-30,0.00097374024335294962,-0.025750530883669801,-0.025750530883669801,0.00097374012693760004,0.0264090895652771,0.0264090895652771
EXUSUKx,2024-12-31,0.0042269425466656685,-0.022299172356724701,-0.022299172356724701,0.0042269424884579998,0.029474573209881699,0.029474573209881699
EXUSUKx,2025-01-31,0.0057203462347388268,-0.020661352202296202,-0.020661352202296202,0.0057203463511541,0.031006548553705202,0.031006548553705202
EXUSUKx,2025-02-28,0.0024751359596848488,-0.024173125624656601,-0.024173125624656601,0.0024751359596848002,0.028089893981814301,0.028089893981814301
EXUSUKx,2025-03-31,0.0016808955697342753,-0.0249298010021448,-0.0249298010021448,0.0016808956861495,0.0271912571042776,0.0271912571042776
EXUSUKx,2025-04-30,0.0018481105798855424,-0.024745279923081301,-0.024745279923081301,0.0018481104634702,0.0272702816873788,0.0272702816873788
EXUSUKx,2025-05-31,0.00026929867453873158,-0.02608298137784,-0.02608298137784,0.00026929844170799999,0.025320285931229501,0.025320285931229501
EXUSUKx,2025-06-30,0.00087400630582123995,-0.025361031293869001,-0.025361031293869001,0.00087400618940590002,0.026023549959063499,0.026023549959063499
EXUSUKx,2025-07-31,0.0040660970844328403,-0.022563043981790501,-0.022563043981790501,0.0040660970262250996,0.029499083757400499,0.029499083757400499
FEDFUNDS,2023-08-31,0.057504933327436447,-0.074305213987827301,-0.074305213987827301,0.057504933327436399,0.21003532409667969,0.21003532409667969
FEDFUNDS,2023-09-30,0.050953079015016556,-0.10141287744045251,-0.10141287744045251,0.0509530790150165,0.22909413278102869,0.22909413278102869
FEDFUNDS,2023-10-31,0.041726034134626389,-0.12622028589248649,-0.12622028589248649,0.041726034134626298,0.2401328831911087,0.2401328831911087
FEDFUNDS,2023-11-30,0.038287937641143799,-0.14373302459716791,-0.14373302459716791,0.038287935778498601,0.25156170129776001,0.25156170129776001
FEDFUNDS,2023-12-31,0.036230664700269699,-0.15491795539855949,-0.15491795539855949,0.036230664700269699,0.26133885979652399,0.26133885979652399
FEDFUNDS,2024-01-31,0.037875253707170486,-0.16352488100528709,-0.16352488100528709,0.037875251844525303,0.27007174491882319,0.27007174491882319
FEDFUNDS,2024-02-29,0.038203336298465729,-0.1725833117961883,-0.1725833117961883,0.038203334435820503,0.27738767862319941,0.27738767862319941
FEDFUNDS,2024-03-31,0.040883872658014297,-0.17350892722606659,-0.17350892722606659,0.0408838707953691,0.28578794002532959,0.28578794002532959
FEDFUNDS,2024-04-30,0.035195540636777878,-0.1823871284723281,-0.1823871284723281,0.035195540636777801,0.28433325886726379,0.28433325886726379
FEDFUNDS,2024-05-31,0.031380645930767059,-0.18561379611492149,-0.18561379611492149,0.031380646862089599,0.28381547331809998,0.28381547331809998
FEDFUNDS,2024-06-30,0.025283556431531906,-0.1907981187105178,-0.1907981187105178,0.0252835555002093,0.27761244773864741,0.27761244773864741
FEDFUNDS,2024-07-31,0.026902772486209869,-0.19304695725440979,-0.19304695725440979,0.026902771554887201,0.28009241819381708,0.28009241819381708
FEDFUNDS,2024-08-31,0.029671218246221542,-0.19408152997493741,-0.19408152997493741,0.0296712191775441,0.28326371312141418,0.28326371312141418
FEDFUNDS,2024-09-30,0.029625728726387024,-0.1906651556491851,-0.1906651556491851,0.029625726863741798,0.28275907039642328,0.28275907039642328
FEDFUNDS,2024-10-31,0.027052965015172958,-0.2002808600664138,-0.2002808600664138,0.027052965946495498,0.27823752164840698,0.27823752164840698
FEDFUNDS,2024-11-30,0.019403770565986633,-0.21020257472991941,-0.21020257472991941,0.019403772428631699,0.27022466063499451,0.27022466063499451
FEDFUNDS,2024-12-31,0.010319780558347702,-0.21422716975212089,-0.21422716975212089,0.0103197805583477,0.26278778910636902,0.26278778910636902
FEDFUNDS,2025-01-31,0.0041888430714607239,-0.22038686275482169,-0.22038686275482169,0.0041888430714606996,0.25207057595252991,0.25207057595252991
FEDFUNDS,2025-02-28,0.002158796414732933,-0.2300092875957489,-0.2300092875957489,0.0021587982773779999,0.26351329684257507,0.26351329684257507
FEDFUNDS,2025-03-31,0.00028422661125659943,-0.23501285910606379,-0.23501285910606379,0.00028422847390169998,0.26141363382339478,0.26141363382339478
FEDFUNDS,2025-04-30,-0.0057923570275306702,-0.23986566066741941,-0.23986566066741941,-0.0057923570275305999,0.2525381445884704,0.2525381445884704
FEDFUNDS,2025-05-31,-0.0052621215581893921,-0.23794443905353541,-0.23794443905353541,-0.0052621215581893001,0.24947778880596161,0.24947778880596161
FEDFUNDS,2025-06-30,-0.0093627423048019409,-0.23984554409980771,-0.23984554409980771,-0.0093627423048018993,0.24590037763118741,0.24590037763118741
FEDFUNDS,2025-07-31,-0.011880334466695786,-0.24806952476501459,-0.24806952476501459,-0.011880334466695701,0.2455898970365524,0.2455898970365524
GS1,2023-08-31,0.071499049663543701,-0.22683188319206229,-0.22683188319206229,0.071499049663543701,0.36478894948959351,0.36478894948959351
GS1,2023-09-30,0.071648404002189636,-0.25303089618682861,-0.25303089618682861,0.071648405864834702,0.39204058051109308,0.39204058051109308
GS1,2023-10-31,0.057829026132822037,-0.28240305185317988,-0.28240305185317988,0.057829027064144597,0.39103135466575623,0.39103135466575623
GS1,2023-11-30,0.030204959213733673,-0.32233616709709167,-0.32233616709709167,0.0302049592137336,0.37654036283493042,0.37654036283493042
GS1,2023-12-31,0.022959873080253601,-0.32099375128746033,-0.32099375128746033,0.022959873080253601,0.36878913640975952,0.36878913640975952
GS1,2024-01-31,0.032027449458837509,-0.3046698272228241,-0.3046698272228241,0.032027449458837502,0.37181580066680908,0.37181580066680908
GS1,2024-02-29,0.025998387485742569,-0.32600006461143488,-0.32600006461143488,0.0259983874857425,0.37141698598861689,0.37141698598861689
GS1,2024-03-31,0.020071573555469513,-0.3330656886100769,-0.3330656886100769,0.020071573555469499,0.36784356832504272,0.36784356832504272
GS1,2024-04-30,0.013877170160412788,-0.3314107358455658,-0.3314107358455658,0.013877172023057899,0.34679281711578369,0.34679281711578369
GS1,2024-05-31,-0.0007189679890871048,-0.34650599956512451,-0.34650599956512451,-0.00071896612644189995,0.33809745311737061,0.33809745311737061
GS1,2024-06-30,-0.0098539572209119797,-0.35934913158416748,-0.35934913158416748,-0.0098539590835570994,0.32525253295898438,0.32525253295898438
GS1,2024-07-31,-0.022806782275438309,-0.38545167446136469,-0.38545167446136469,-0.022806782275438298,0.32545390725135798,0.32545390725135798
GS1,2024-08-31,-0.024436526000499725,-0.37802973389625549,-0.37802973389625549,-0.024436526000499701,0.32254943251609802,0.32254943251609802
GS1,2024-09-30,-0.032704457640647888,-0.39047697186470032,-0.39047697186470032,-0.032704457640647798,0.31146895885467529,0.31146895885467529
GS1,2024-10-31,-0.04185938835144043,-0.39458253979682922,-0.39458253979682922,-0.041859388351440402,0.30108952522277832,0.30108952522277832
GS1,2024-11-30,-0.050366081297397614,-0.40212023258209229,-0.40212023258209229,-0.0503660812973976,0.2913616001605987,0.2913616001605987
GS1,2024-12-31,-0.054998524487018585,-0.4051844179630279,-0.4051844179630279,-0.054998524487018502,0.2904022336006164,0.2904022336006164
GS1,2025-01-31,-0.058467019349336624,-0.40841487050056458,-0.40841487050056458,-0.058467019349336603,0.28161236643791199,0.28161236643791199
GS1,2025-02-28,-0.055916100740432739,-0.41773691773414612,-0.41773691773414612,-0.055916100740432698,0.2967440783977508,0.2967440783977508
GS1,2025-03-31,-0.064636945724487305,-0.42913681268692011,-0.42913681268692011,-0.064636945724487305,0.2946869432926178,0.2946869432926178
GS1,2025-04-30,-0.073230147361755371,-0.43347030878067011,-0.43347030878067011,-0.073230147361755302,0.27691632509231567,0.27691632509231567
GS1,2025-05-31,-0.070214360952377319,-0.43370014429092407,-0.43370014429092407,-0.070214360952377305,0.26526317000389099,0.26526317000389099
GS1,2025-06-30,-0.075912639498710632,-0.4359123706817627,-0.4359123706817627,-0.075912639498710605,0.25972637534141541,0.25972637534141541
GS1,2025-07-31,-0.072369426488876343,-0.42978218197822571,-0.42978218197822571,-0.072369426488876301,0.26512369513511658,0.26512369513511658
GS10,2023-08-31,0.030891776084899902,-0.19489665329456329,-0.19489665329456329,0.030891777947545,0.2721531093120575,0.2721531093120575
GS10,2023-09-30,-0.00091023370623588562,-0.23437775671482081,-0.23437775671482081,-0.00091023370623579997,0.253137856721878,0.253137856721878
GS10,2023-10-31,0.0022613219916820526,-0.2350334078073501,-0.2350334078073501,0.0022613219916820001,0.26117977499961847,0.26117977499961847
GS10,2023-11-30,0.00049031898379325867,-0.23826242983341209,-0.23826242983341209,0.00049031898379320001,0.26019400358200068,0.26019400358200068
GS10,2023-12-31,0.0036192107945680618,-0.23351664841175079,-0.23351664841175079,0.0036192089319229,0.26522970199584961,0.26522970199584961
GS10,2024-01-31,0.012067627161741257,-0.224911168217659,-0.224911168217659,0.012067627161741199,0.27307614684104919,0.27307614684104919
GS10,2024-02-29,0.010298807173967361,-0.22854675352573389,-0.22854675352573389,0.010298807173967301,0.27075257897377009,0.27075257897377009
GS10,2024-03-31,0.0049200095236301422,-0.23660558462142939,-0.23660558462142939,0.0049200095236300997,0.2654005885124206,0.2654005885124206
GS10,2024-04-30,0.0048794876784086227,-0.23637597262859339,-0.23637597262859339,0.0048794895410537,0.26762750744819641,0.26762750744819641
GS10,2024-05-31,0.0091683659702539444,-0.23430952429771421,-0.23430952429771421,0.0091683641076086998,0.27402359247207642,0.27402359247207642
GS10,2024-06-30,0.0093119144439697266,-0.2342242896556854,-0.2342242896556854,0.0093119144439697005,0.27451428771018982,0.27451428771018982
GS10,2024-07-31,0.0049496665596961975,-0.23741833865642539,-0.23741833865642539,0.0049496665596961004,0.26955464482307429,0.26955464482307429
GS10,2024-08-31,0.0026303511112928391,-0.23982802033424369,-0.23982802033424369,0.0026303529739378998,0.2703500092029571,0.2703500092029571
GS10,2024-09-30,0.0034111998975276947,-0.24267406761646271,-0.24267406761646271,0.0034111998975276002,0.26960831880569458,0.26960831880569458
GS10,2024-10-31,0.0051417648792266846,-0.2367959916591644,-0.2367959916591644,0.0051417648792265996,0.270702064037323,0.270702064037323
GS10,2024-11-30,0.0032453164458274841,-0.23963151872158051,-0.23963151872158051,0.0032453164458274,0.26862969994544977,0.26862969994544977
GS10,2024-12-31,0.0031383782625198364,-0.23806358873844141,-0.23806358873844141,0.0031383782625198,0.26409319043159479,0.26409319043159479
GS10,2025-01-31,0.0071933027356863022,-0.23358635604381561,-0.23358635604381561,0.0071933045983314002,0.26732239127159119,0.26732239127159119
GS10,2025-02-28,0.0074399001896381378,-0.23758725821971891,-0.23758725821971891,0.0074399001896380997,0.27175229787826538,0.27175229787826538
GS10,2025-03-31,0.0065848398953676224,-0.23612596094608301,-0.23612596094608301,0.0065848417580126996,0.27315288782119751,0.27315288782119751
GS10,2025-04-30,0.0049028638750314713,-0.2369750887155532,-0.2369750887155532,0.0049028620123863003,0.26962515711784357,0.26962515711784357
GS10,2025-05-31,0.00077858567237854004,-0.2371227294206619,-0.2371227294206619,0.00077858567237850003,0.2615196704864502,0.2615196704864502
GS10,2025-06-30,0.00048203207552433014,-0.2359555512666702,-0.2359555512666702,0.00048203393816940001,0.26117163896560669,0.26117163896560669
GS10,2025-07-31,0.0015964582562446594,-0.24036300182342529,-0.24036300182342529,0.0015964582562446,0.2637195885181427,0.2637195885181427
GS5,2023-08-31,0.032443370670080185,-0.25432896614074701,-0.25432896614074701,0.032443370670080102,0.33276686072349548,0.33276686072349548
GS5,2023-09-30,0.0086201466619968414,-0.29161351919174189,-0.29161351919174189,0.0086201466619967998,0.32708340883254999,0.32708340883254999
GS5,2023-10-31,0.033233758062124252,-0.27563080191612238,-0.27563080191612238,0.033233758062124197,0.35975602269172668,0.35975602269172668
GS5,2023-11-30,0.019082989543676376,-0.2938673198223114,-0.2938673198223114,0.0190829895436763,0.34863415360450739,0.34863415360450739
GS5,2023-12-31,0.010263232514262199,-0.29885405302047729,-0.29885405302047729,0.0102632343769073,0.34217783808708191,0.34217783808708191
GS5,2024-01-31,0.025230623781681061,-0.2850444614887237,-0.2850444614887237,0.025230623781680998,0.35521388053894037,0.35521388053894037
GS5,2024-02-29,0.02127973735332489,-0.29464519023895258,-0.29464519023895258,0.0212797373533248,0.35226920247077942,0.35226920247077942
GS5,2024-03-31,0.018887169659137726,-0.300697922706604,-0.300697922706604,0.018887169659137702,0.3517889678478241,0.3517889678478241
GS5,2024-04-30,0.017592456191778183,-0.30221101641654968,-0.30221101641654968,0.017592459917068402,0.35130724310874939,0.35130724310874939
GS5,2024-05-31,0.020806282758712769,-0.30113878846168518,-0.30113878846168518,0.020806282758712699,0.35750016570091248,0.35750016570091248
GS5,2024-06-30,0.023665625602006912,-0.29897508025169373,-0.29897508025169373,0.0236656293272972,0.3606717586517334,0.3606717586517334
GS5,2024-07-31,0.016398675739765167,-0.30580559372901911,-0.30580559372901911,0.016398675739765101,0.35346472263336182,0.35346472263336182
GS5,2024-08-31,0.012748474255204201,-0.30574321746826172,-0.30574321746826172,0.012748472392558999,0.35186097025871271,0.35186097025871271
GS5,2024-09-30,0.015951443463563919,-0.3097221851348877,-0.3097221851348877,0.015951443463563902,0.35697343945503229,0.35697343945503229
GS5,2024-10-31,0.016434725373983383,-0.30593851208686829,-0.30593851208686829,0.0164347253739833,0.35744726657867432,0.35744726657867432
GS5,2024-11-30,0.014492444694042206,-0.3095384538173675,-0.3095384538173675,0.014492448419332501,0.35735011100769037,0.35735011100769037
GS5,2024-12-31,0.011773722246289253,-0.30942893028259277,-0.30942893028259277,0.011773724108934401,0.34859782457351679,0.34859782457351679
GS5,2025-01-31,0.014228783547878265,-0.30676248669624329,-0.30676248669624329,0.014228783547878199,0.349305510520935,0.349305510520935
GS5,2025-02-28,0.015118177980184555,-0.3119397759437561,-0.3119397759437561,0.0151181779801845,0.35805127024650568,0.35805127024650568
GS5,2025-03-31,0.014785595238208771,-0.30921551585197449,-0.30921551585197449,0.0147855952382087,0.36077666282653809,0.36077666282653809
GS5,2025-04-30,0.014021355658769608,-0.30901670455932612,-0.30901670455932612,0.014021355658769601,0.35820072889327997,0.35820072889327997
GS5,2025-05-31,0.012196585536003113,-0.30878171324729919,-0.30878171324729919,0.012196585536003101,0.35139080882072449,0.35139080882072449
GS5,2025-06-30,0.013798743486404419,-0.30448263883590698,-0.30448263883590698,0.0137987434864044,0.35370311141014099,0.35370311141014099
GS5,2025-07-31,0.016205295920372009,-0.30800440907478333,-0.30800440907478333,0.016205295920371999,0.35643267631530762,0.35643267631530762
HOUST,2023-08-31,7.3012967109680176,7.2203445434570312,7.2203445434570312,7.3012967109680176,7.3909211158752441,7.3909211158752441
HOUST,2023-09-30,7.3115410804748535,7.225672721862793,7.225672721862793,7.3115410804748526,7.4056224822998047,7.4056224822998047
HOUST,2023-10-31,7.319796085357666,7.2312121391296387,7.2312121391296387,7.319796085357666,7.4177155494689941,7.4177155494689941
HOUST,2023-11-30,7.3203563690185547,7.2269716262817383,7.2269716262817383,7.3203563690185547,7.4220013618469238,7.4220013618469238
HOUST,2023-12-31,7.329777717590332,7.2336211204528809,7.2336211204528809,7.329777717590332,7.4235787391662598,7.4235787391662598
HOUST,2024-01-31,7.3295297622680664,7.233879566192627,7.233879566192627,7.3295297622680664,7.4263200759887695,7.4263200759887695
HOUST,2024-02-29,7.3379678726196289,7.2373847961425781,7.2373847961425781,7.3379678726196289,7.4366607666015634,7.4366607666015634
HOUST,2024-03-31,7.3424792289733887,7.2414016723632812,7.2414016723632812,7.3424792289733887,7.4416923522949219,7.4416923522949219
HOUST,2024-04-30,7.3496508598327637,7.2466039657592773,7.2466039657592773,7.3496508598327637,7.4459424018859863,7.4459424018859863
HOUST,2024-05-31,7.3507637977600098,7.244633674621582,7.244633674621582,7.3507637977600098,7.4522323608398438,7.4522323608398438
HOUST,2024-06-30,7.3517241477966309,7.2411956787109375,7.2411956787109375,7.3517241477966309,7.4462676048278809,7.4462676048278809
HOUST,2024-07-31,7.3562512397766113,7.2433047294616699,7.2433047294616699,7.3562512397766113,7.4622297286987314,7.4622297286987314
HOUST,2024-08-31,7.3579511642456055,7.246246337890625,7.246246337890625,7.3579511642456046,7.4505882263183594,7.4505882263183594
HOUST,2024-09-30,7.3590283393859863,7.2466597557067871,7.2466597557067871,7.3590283393859863,7.4635653495788574,7.4635653495788574
HOUST,2024-10-31,7.3619275093078613,7.2445659637451172,7.2445659637451172,7.3619275093078613,7.460294246673584,7.460294246673584
HOUST,2024-11-30,7.3580479621887207,7.2412939071655273,7.2412939071655273,7.3580479621887207,7.4614086151123047,7.4614086151123047
HOUST,2024-12-31,7.3563494682312012,7.2317919731140137,7.2317919731140137,7.3563494682312012,7.462712287902832,7.462712287902832
HOUST,2025-01-31,7.357306957244873,7.2312264442443848,7.2312264442443848,7.357306957244873,7.4645628929138184,7.4645628929138184
HOUST,2025-02-28,7.3606204986572266,7.2249698638916016,7.2249698638916016,7.3606204986572266,7.4676108360290527,7.4676108360290527
HOUST,2025-03-31,7.3604669570922852,7.2210512161254883,7.2210512161254883,7.3604669570922852,7.4678497314453116,7.4678497314453116
HOUST,2025-04-30,7.3570709228515625,7.2259230613708496,7.2259230613708496,7.3570709228515634,7.4670343399047852,7.4670343399047852
HOUST,2025-05-31,7.3607749938964844,7.2237348556518564,7.2237348556518564,7.3607749938964844,7.4768872261047363,7.4768872261047363
HOUST,2025-06-30,7.3594574928283691,7.221776008605957,7.221776008605957,7.3594574928283691,7.4714698791503906,7.4714698791503906
HOUST,2025-07-31,7.3568668365478516,7.2231841087341309,7.2231841087341309,7.3568668365478516,7.4710512161254883,7.4710512161254883
HOUSTMW,2023-08-31,5.2804403305053711,5.0492744445800781,5.0492744445800781,5.2804403305053711,5.4798054695129395,5.4798054695129395
HOUSTMW,2023-09-30,5.3182015419006348,5.0677437782287598,5.0677437782287598,5.3182015419006348,5.5289082527160645,5.5289082527160645
HOUSTMW,2023-10-31,5.3297314643859863,5.0670876502990723,5.0670876502990723,5.3297314643859863,5.5495457649230957,5.5495457649230957
HOUSTMW,2023-11-30,5.3278293609619141,5.0589284896850586,5.0589284896850586,5.3278293609619141,5.5501341819763184,5.5501341819763184
HOUSTMW,2023-12-31,5.3523035049438477,5.080744743347168,5.080744743347168,5.3523035049438477,5.5814080238342285,5.5814080238342285
HOUSTMW,2024-01-31,5.3497109413146973,5.0736250877380371,5.0736250877380371,5.3497109413146973,5.5748476982116699,5.5748476982116699
HOUSTMW,2024-02-29,5.3523068428039551,5.0715994834899902,5.0715994834899902,5.3523068428039551,5.5844755172729492,5.5844755172729492
HOUSTMW,2024-03-31,5.3753528594970703,5.0940084457397461,5.0940084457397461,5.3753528594970703,5.611152172088623,5.611152172088623
HOUSTMW,2024-04-30,5.389401912689209,5.1066336631774902,5.1066336631774902,5.389401912689209,5.6213712692260742,5.6213712692260742
HOUSTMW,2024-05-31,5.3783783912658691,5.0980186462402344,5.0980186462402344,5.3783783912658691,5.6179876327514648,5.6179876327514648
HOUSTMW,2024-06-30,5.3699874877929688,5.0923619270324707,5.0923619270324707,5.3699874877929688,5.6016912460327148,5.6016912460327148
HOUSTMW,2024-07-31,5.3993325233459473,5.1129899024963379,5.1129899024963379,5.3993325233459473,5.6344223022460938,5.6344223022460938
HOUSTMW,2024-08-31,5.4066882133483887,5.1267447471618652,5.1267447471618652,5.4066882133483887,5.6319403648376465,5.6319403648376465
HOUSTMW,2024-09-30,5.3940510749816895,5.112095832824707,5.112095832824707,5.3940510749816895,5.6290121078491211,5.6290121078491211
HOUSTMW,2024-10-31,5.4157543182373047,5.1316637992858887,5.1316637992858887,5.4157543182373047,5.6514935493469238,5.6514935493469238
HOUSTMW,2024-11-30,5.4214658737182617,5.1312131881713867,5.1312131881713867,5.4214658737182617,5.6530909538269043,5.6530909538269043
HOUSTMW,2024-12-31,5.4110593795776367,5.1102743148803711,5.1102743148803711,5.4110593795776367,5.6546192169189453,5.6546192169189453
HOUSTMW,2025-01-31,5.395383358001709,5.0965442657470703,5.0965442657470703,5.395383358001709,5.6416940689086914,5.6416940689086914
HOUSTMW,2025-02-28,5.4135146141052246,5.1109914779663086,5.1109914779663086,5.4135146141052246,5.6630291938781738,5.6630291938781738
HOUSTMW,2025-03-31,5.4102768898010254,5.1046781539916992,5.1046781539916992,5.4102768898010254,5.6537394523620605,5.6537394523620605
HOUSTMW,2025-04-30,5.4007415771484375,5.1030559539794922,5.1030559539794922,5.4007415771484375,5.6528282165527344,5.6528282165527344
HOUSTMW,2025-05-31,5.4235334396362305,5.1189260482788086,5.1189260482788086,5.4235334396362305,5.6872973442077637,5.6872973442077637
HOUSTMW,2025-06-30,5.4304389953613281,5.1245341300964355,5.1245341300964355,5.4304389953613281,5.6811623573303223,5.6811623573303223
HOUSTMW,2025-07-31,5.4309453964233398,5.1358757019042969,5.1358757019042969,5.4309453964233398,5.6809968948364258,5.6809968948364258
HOUSTNE,2023-08-31,4.7659645080566406,4.4564146995544434,4.4564146995544434,4.7659645080566406,5.066932201385498,5.066932201385498
HOUSTNE,2023-09-30,4.7580652236938477,4.4197068214416504,4.4197068214416504,4.7580652236938477,5.0754885673522949,5.0754885673522949
HOUSTNE,2023-10-31,4.7548298835754395,4.3960075378417969,4.3960075378417969,4.7548298835754395,5.0810108184814453,5.0810108184814453
HOUSTNE,2023-11-30,4.7543063163757324,4.385490894317627,4.385490894317627,4.7543063163757324,5.0855598449707031,5.0855598449707031
HOUSTNE,2023-12-31,4.7611818313598633,4.3833832740783691,4.3833832740783691,4.7611818313598633,5.1024923324584961,5.1024923324584961
HOUSTNE,2024-01-31,4.761754035949707,4.373326301574707,4.373326301574707,4.761754035949707,5.1098294258117676,5.1098294258117676
HOUSTNE,2024-02-29,4.7602448463439941,4.3571887016296387,4.3571887016296387,4.7602448463439941,5.1116557121276855,5.1116557121276855
HOUSTNE,2024-03-31,4.7659511566162109,4.3591403961181641,4.3591403961181641,4.7659511566162109,5.1246495246887207,5.1246495246887207
HOUSTNE,2024-04-30,4.7571601867675781,4.3505387306213379,4.3505387306213379,4.7571601867675781,5.1242227554321289,5.1242227554321289
HOUSTNE,2024-05-31,4.7479023933410645,4.3376827239990234,4.3376827239990234,4.7479023933410645,5.1176271438598633,5.1176271438598633
HOUSTNE,2024-06-30,4.7459487915039062,4.3221817016601562,4.3221817016601562,4.7459487915039062,5.1124348640441895,5.1124348640441895
HOUSTNE,2024-07-31,4.7452383041381836,4.3238582611083984,4.3238582611083984,4.7452383041381836,5.1158633232116699,5.1158633232116699
HOUSTNE,2024-08-31,4.7447304725646973,4.3251876831054688,4.3251876831054688,4.7447304725646973,5.1211309432983398,5.1211309432983398
HOUSTNE,2024-09-30,4.747291088104248,4.3240447044372559,4.3240447044372559,4.747291088104248,5.1328277587890625,5.1328277587890625
HOUSTNE,2024-10-31,4.7452449798583984,4.3119311332702637,4.3119311332702637,4.7452449798583984,5.1272749900817871,5.1272749900817871
HOUSTNE,2024-11-30,4.7403411865234375,4.3053812980651855,4.3053812980651855,4.7403411865234375,5.122894287109375,5.122894287109375
HOUSTNE,2024-12-31,4.7374534606933594,4.2983517646789551,4.2983517646789551,4.7374534606933594,5.1265978813171387,5.1265978813171387
HOUSTNE,2025-01-31,4.7415785789489746,4.3017978668212891,4.3017978668212891,4.7415785789489746,5.1293840408325195,5.1293840408325195
HOUSTNE,2025-02-28,4.738469123840332,4.2841944694519043,4.2841944694519043,4.738469123840332,5.1404271125793457,5.1404271125793457
HOUSTNE,2025-03-31,4.7347497940063477,4.2805476188659668,4.2805476188659668,4.7347497940063477,5.1409564018249512,5.1409564018249512
HOUSTNE,2025-04-30,4.7328777313232422,4.2767672538757324,4.2767672538757324,4.7328777313232422,5.1354789733886719,5.1354789733886719
HOUSTNE,2025-05-31,4.7324671745300293,4.2775716781616211,4.2775716781616211,4.7324671745300293,5.138545036315918,5.138545036315918
HOUSTNE,2025-06-30,4.733856201171875,4.2776427268981934,4.2776427268981934,4.733856201171875,5.1435589790344238,5.1435589790344238
HOUSTNE,2025-07-31,4.7286491394042969,4.275238037109375,4.275238037109375,4.7286491394042969,5.1380472183227539,5.1380472183227539
HOUSTS,2023-08-31,6.6981935501098633,6.5885944366455078,6.5885944366455078,6.6981935501098633,6.8210468292236328,6.8210468292236328
HOUSTS,2023-09-30,6.7014999389648438,6.5881838798522949,6.5881838798522949,6.7014999389648438,6.8279929161071777,6.8279929161071777
HOUSTS,2023-10-31,6.7029080390930176,6.5864152908325195,6.5864152908325195,6.7029080390930176,6.8295354843139648,6.8295354843139648
HOUSTS,2023-11-30,6.6957812309265137,6.5696067810058594,6.5696067810058594,6.6957812309265137,6.8250842094421387,6.8250842094421387
HOUSTS,2023-12-31,6.7014627456665039,6.5734624862670898,6.5734624862670898,6.7014627456665039,6.8251042366027832,6.8251042366027832
HOUSTS,2024-01-31,6.7015042304992676,6.572486400604248,6.572486400604248,6.7015042304992676,6.8260645866394043,6.8260645866394043
HOUSTS,2024-02-29,6.7038145065307617,6.568939208984375,6.568939208984375,6.7038145065307617,6.8298115730285645,6.8298115730285645
HOUSTS,2024-03-31,6.7023296356201172,6.5701112747192383,6.5701112747192383,6.7023296356201172,6.8291449546813965,6.8291449546813965
HOUSTS,2024-04-30,6.703117847442627,6.5718088150024414,6.5718088150024414,6.703117847442627,6.8254623413085938,6.8254623413085938
HOUSTS,2024-05-31,6.6980190277099609,6.5636558532714844,6.5636558532714844,6.6980190277099609,6.8281822204589844,6.8281822204589844
HOUSTS,2024-06-30,6.6899113655090332,6.5542311668395996,6.5542311668395996,6.6899113655090332,6.8156642913818359,6.8156642913818359
HOUSTS,2024-07-31,6.6966352462768555,6.5531220436096191,6.5531220436096191,6.6966352462768555,6.8294763565063477,6.8294763565063477
HOUSTS,2024-08-31,6.7010073661804199,6.5630073547363281,6.5630073547363281,6.7010073661804199,6.8218040466308594,6.8218040466308594
HOUSTS,2024-09-30,6.6936650276184082,6.5497698783874512,6.5497698783874512,6.6936650276184082,6.8242588043212891,6.8242588043212891
HOUSTS,2024-10-31,6.6973614692687988,6.5504312515258789,6.5504312515258789,6.6973614692687988,6.8248353004455566,6.8248353004455566
HOUSTS,2024-11-30,6.6974773406982422,6.5472860336303711,6.5472860336303711,6.6974773406982422,6.823143482208252,6.823143482208252
HOUSTS,2024-12-31,6.6940631866455078,6.5382213592529297,6.5382213592529297,6.6940631866455078,6.8260297775268555,6.8260297775268555
HOUSTS,2025-01-31,6.6931190490722656,6.5354108810424805,6.5354108810424805,6.6931190490722656,6.8259797096252441,6.8259797096252441
HOUSTS,2025-02-28,6.6968812942504883,6.532437801361084,6.532437801361084,6.6968812942504883,6.8301944732666016,6.8301944732666016
HOUSTS,2025-03-31,6.6980500221252441,6.5361599922180176,6.5361599922180176,6.6980500221252441,6.830289363861084,6.830289363861084
HOUSTS,2025-04-30,6.6980099678039551,6.5443882942199707,6.5443882942199707,6.6980099678039551,6.8358912467956543,6.8358912467956543
HOUSTS,2025-05-31,6.6966981887817383,6.5345134735107422,6.5345134735107422,6.6966981887817383,6.8418340682983398,6.8418340682983398
HOUSTS,2025-06-30,6.6962347030639648,6.5360317230224609,6.5360317230224609,6.6962347030639648,6.8414182662963867,6.8414182662963867
HOUSTS,2025-07-31,6.6966981887817383,6.5403556823730469,6.5403556823730469,6.6966981887817383,6.8415865898132324,6.8415865898132324
HOUSTW,2023-08-31,5.8872733116149902,5.7459750175476074,5.7459750175476074,5.8872733116149902,6.0253520011901855,6.0253520011901855
HOUSTW,2023-09-30,5.8998494148254395,5.7456622123718262,5.7456622123718262,5.8998494148254395,6.0459380149841309,6.0459380149841309
HOUSTW,2023-10-31,5.9135866165161133,5.7550039291381836,5.7550039291381836,5.9135866165161133,6.0706162452697754,6.0706162452697754
HOUSTW,2023-11-30,5.9165196418762207,5.7500677108764648,5.7500677108764648,5.9165196418762207,6.0809602737426758,6.0809602737426758
HOUSTW,2023-12-31,5.9220919609069824,5.7490739822387695,5.7490739822387695,5.9220919609069824,6.0781874656677246,6.0781874656677246
HOUSTW,2024-01-31,5.9235868453979492,5.7495126724243164,5.7495126724243164,5.9235868453979492,6.0822367668151855,6.0822367668151855
HOUSTW,2024-02-29,5.935267448425293,5.7552084922790527,5.7552084922790527,5.935267448425293,6.0976657867431641,6.0976657867431641
HOUSTW,2024-03-31,5.9435324668884277,5.7621655464172363,5.7621655464172363,5.9435324668884277,6.1126236915588379,6.1126236915588379
HOUSTW,2024-04-30,5.9503612518310547,5.76348876953125,5.76348876953125,5.9503612518310547,6.1127452850341797,6.1127452850341797
HOUSTW,2024-05-31,5.9516887664794922,5.7589812278747559,5.7589812278747559,5.9516887664794922,6.1213955879211426,6.1213955879211426
HOUSTW,2024-06-30,5.9487814903259277,5.7484498023986816,5.7484498023986816,5.9487814903259277,6.1119046211242676,6.1119046211242676
HOUSTW,2024-07-31,5.951746940612793,5.7471327781677246,5.7471327781677246,5.951746940612793,6.132176399230957,6.132176399230957
HOUSTW,2024-08-31,5.9522051811218262,5.7479910850524902,5.7479910850524902,5.9522051811218262,6.1150240898132324,6.1150240898132324
HOUSTW,2024-09-30,5.9561233520507812,5.7510762214660645,5.7510762214660645,5.9561233520507812,6.1346039772033691,6.1346039772033691
HOUSTW,2024-10-31,5.9624814987182617,5.7531881332397461,5.7531881332397461,5.9624814987182617,6.1319031715393066,6.1319031715393066
HOUSTW,2024-11-30,5.9605422019958496,5.7521843910217285,5.7521843910217285,5.9605422019958496,6.1350126266479492,6.1350126266479492
HOUSTW,2024-12-31,5.9612336158752441,5.7401456832885742,5.7401456832885742,5.9612336158752441,6.1365222930908203,6.1365222930908203
HOUSTW,2025-01-31,5.9639244079589844,5.7425556182861328,5.7425556182861328,5.9639244079589844,6.1374397277832031,6.1374397277832031
HOUSTW,2025-02-28,5.9673323631286621,5.7311849594116211,5.7311849594116211,5.9673323631286621,6.1399478912353516,6.1399478912353516
HOUSTW,2025-03-31,5.9665350914001465,5.7274718284606934,5.7274718284606934,5.9665350914001465,6.1431407928466797,6.1431407928466797
HOUSTW,2025-04-30,5.9661078453063965,5.7380499839782715,5.7380499839782715,5.9661078453063965,6.1487751007080078,6.1487751007080078
HOUSTW,2025-05-31,5.9697904586791992,5.7359490394592285,5.7359490394592285,5.9697904586791992,6.1588778495788574,6.1588778495788574
HOUSTW,2025-06-30,5.9768276214599609,5.740664005279541,5.740664005279541,5.9768276214599609,6.1599597930908203,6.1599597930908203
HOUSTW,2025-07-31,5.979273796081543,5.7491521835327148,5.7491521835327148,5.979273796081543,6.1628084182739258,6.1628084182739258
HWI,2023-08-31,-76.973976135253906,-620.6375732421875,-620.6375732421875,-76.973976135253906,440.4195556640625,440.4195556640625
HWI,2023-09-30,-60.027732849121094,-654.03204345703125,-654.03204345703125,-60.027732849121094,483.550537109375,483.550537109375
HWI,2023-10-31,-212.80136108398438,-823.75738525390625,-823.75738525390625,-212.8013610839844,352.76126098632812,352.76126098632812
HWI,2023-11-30,-87.971961975097656,-718.81585693359375,-718.81585693359375,-87.971961975097656,505.95831298828131,505.95831298828131
HWI,2023-12-31,-138.81585693359375,-781.944580078125,-781.944580078125,-138.81585693359375,452.28436279296869,452.28436279296869
HWI,2024-01-31,-90.273826599121094,-732.77325439453125,-732.77325439453125,-90.273826599121094,514.41888427734375,514.41888427734375
HWI,2024-02-29,-64.199859619140625,-724.1937255859375,-724.1937255859375,-64.199859619140625,547.42303466796875,547.42303466796875
HWI,2024-03-31,-38.400730133056641,-717.01141357421875,-717.01141357421875,-38.400726318359375,589.37225341796875,589.37225341796875
HWI,2024-04-30,-52.994327545166016,-712.63922119140625,-712.63922119140625,-52.99432373046875,560.18267822265625,560.18267822265625
HWI,2024-05-31,4.3705577850341797,-654.6009521484375,-654.6009521484375,4.3705596923828125,618.09527587890625,618.09527587890625
HWI,2024-06-30,2.8272604942321777,-650.63153076171875,-650.63153076171875,2.8272628784179688,617.47821044921875,617.47821044921875
HWI,2024-07-31,-8.1903724670410156,-671.88116455078125,-671.88116455078125,-8.19036865234375,628.23095703125,628.23095703125
HWI,2024-08-31,30.734579086303711,-624.17498779296875,-624.17498779296875,30.734580993652344,643.19207763671875,643.19207763671875
HWI,2024-09-30,34.720687866210938,-637.74346923828125,-637.74346923828125,34.720687866210938,670.180908203125,670.180908203125
HWI,2024-10-31,28.802934646606445,-650.75543212890625,-650.75543212890625,28.802932739257812,655.5821533203125,655.5821533203125
HWI,2024-11-30,23.452980041503906,-650.6458740234375,-650.6458740234375,23.452980041503903,667.9072265625,667.9072265625
HWI,2024-12-31,28.38441276550293,-652.06378173828125,-652.06378173828125,28.384414672851559,662.66497802734375,662.66497802734375
HWI,2025-01-31,41.065692901611328,-629.98675537109375,-629.98675537109375,41.065696716308594,679.35125732421875,679.35125732421875
HWI,2025-02-28,46.903846740722656,-637.83380126953125,-637.83380126953125,46.903846740722656,684.1180419921875,684.1180419921875
HWI,2025-03-31,43.916530609130859,-656.3814697265625,-656.3814697265625,43.916534423828125,692.63214111328125,692.63214111328125
HWI,2025-04-30,55.676353454589844,-627.84759521484375,-627.84759521484375,55.676353454589837,710.04193115234375,710.04193115234375
HWI,2025-05-31,59.564685821533203,-631.14715576171875,-631.14715576171875,59.564682006835938,703.8055419921875,703.8055419921875
HWI,2025-06-30,63.55975341796875,-619.8995361328125,-619.8995361328125,63.55975341796875,709.85516357421875,709.85516357421875
HWI,2025-07-31,62.469215393066406,-615.01666259765625,-615.01666259765625,62.469211578369141,705.439697265625,705.439697265625
HWIURATIO,2023-08-31,-0.017473561689257622,-0.1131992414593696,-0.1131992414593696,-0.017473561689257601,0.078075066208839403,0.078075066208839403
HWIURATIO,2023-09-30,-0.019653934985399246,-0.1231226772069931,-0.1231226772069931,-0.019653934985399201,0.082981601357459994,0.082981601357459994
HWIURATIO,2023-10-31,-0.011733395047485828,-0.1179888248443603,-0.1179888248443603,-0.0117333959788084,0.095129072666168199,0.095129072666168199
HWIURATIO,2023-11-30,-0.007360454648733139,-0.11597331613302229,-0.11597331613302229,-0.0073604546487331,0.1018402427434921,0.1018402427434921
HWIURATIO,2023-12-31,-0.0070091905072331429,-0.1159224808216095,-0.1159224808216095,-0.0070091914385557001,0.1034202352166175,0.1034202352166175
HWIURATIO,2024-01-31,-0.0048987055197358131,-0.115470565855503,-0.115470565855503,-0.0048987064510583002,0.10676604509353629,0.10676604509353629
HWIURATIO,2024-02-29,-0.004375973716378212,-0.11658376455307,-0.11658376455307,-0.0043759737163781998,0.1088366881012916,0.1088366881012916
HWIURATIO,2024-03-31,-0.00069665117189288139,-0.11542687565088269,-0.11542687565088269,-0.00069665163755409996,0.1149382293224334,0.1149382293224334
HWIURATIO,2024-04-30,-9.4917137175798416e-05,-0.11303411424159999,-0.11303411424159999,-9.4916671514511122e-05,0.1151648610830307,0.1151648610830307
HWIURATIO,2024-05-31,0.0023584698792546988,-0.1105870977044105,-0.1105870977044105,0.0023584701120852999,0.11846461892127989,0.11846461892127989
HWIURATIO,2024-06-30,0.0036398170050233603,-0.1091362312436103,-0.1091362312436103,0.003639817237854,0.12063396722078321,0.12063396722078321
HWIURATIO,2024-07-31,0.0030332589522004128,-0.10979752987623211,-0.10979752987623211,0.0030332598835229002,0.12131635844707481,0.12131635844707481
HWIURATIO,2024-08-31,0.0042668860405683517,-0.1056870371103286,-0.1056870371103286,0.0042668851092456999,0.12061967700719831,0.12061967700719831
HWIURATIO,2024-09-30,0.0053609083406627178,-0.10719653964042659,-0.10719653964042659,0.0053609078750014002,0.1220208704471588,0.1220208704471588
HWIURATIO,2024-10-31,0.005495274905115366,-0.10714661329984659,-0.10714661329984659,0.0054952753707766004,0.12290994822978971,0.12290994822978971
HWIURATIO,2024-11-30,0.0049272594042122364,-0.1073060631752014,-0.1073060631752014,0.0049272589385508997,0.1215218305587768,0.1215218305587768
HWIURATIO,2024-12-31,0.0052670384757220745,-0.10688025504350659,-0.10688025504350659,0.0052670380100606996,0.1213748157024383,0.1213748157024383
HWIURATIO,2025-01-31,0.0049556843005120754,-0.1064088717103004,-0.1064088717103004,0.0049556838348506996,0.1210339590907096,0.1210339590907096
HWIURATIO,2025-02-28,0.004827575758099556,-0.1066035851836204,-0.1066035851836204,0.0048275757580994996,0.1229708343744278,0.1229708343744278
HWIURATIO,2025-03-31,0.0047733141109347343,-0.1072095707058906,-0.1072095707058906,0.0047733141109346997,0.1234586089849472,0.1234586089849472
HWIURATIO,2025-04-30,0.0045178746804594994,-0.1058859974145889,-0.1058859974145889,0.0045178746804593996,0.1225469782948494,0.1225469782948494
HWIURATIO,2025-05-31,0.0050997957587242126,-0.1043201610445976,-0.1043201610445976,0.0050997966900466997,0.12272673845291129,0.12272673845291129
HWIURATIO,2025-06-30,0.0053806072100996971,-0.1022183746099472,-0.1022183746099472,0.0053806072100996,0.1217334046959877,0.1217334046959877
HWIURATIO,2025-07-31,0.0056911502033472061,-0.1021157279610633,-0.1021157279610633,0.0056911511346697001,0.1217145547270774,0.1217145547270774
INDPRO,2023-08-31,0.0019734073430299759,-0.0048839077353477001,-0.0048839077353477001,0.0019734072848222998,0.0092591391876338993,0.0092591391876338993
INDPRO,2023-09-30,0.0015841396525502205,-0.0058838604018091999,-0.0058838604018091999,0.0015841396525502001,0.0095653217285871003,0.0095653217285871003
INDPRO,2023-10-31,0.0014200794976204634,-0.0063119507394731001,-0.0063119507394731001,0.0014200794976204001,0.0098241223022341,0.0098241223022341
INDPRO,2023-11-30,0.0014228527434170246,-0.0063468920998275002,-0.0063468920998275002,0.0014228527434169999,0.0099068265408277009,0.0099068265408277009
INDPRO,2023-12-31,0.0014109406620264053,-0.0063606700859963001,-0.0063606700859963001,0.0014109406620263999,0.0100107137113809,0.0100107137113809
INDPRO,2024-01-31,0.0014068200252950191,-0.0064261979423462998,-0.0064261979423462998,0.0014068200252950001,0.010078354738652699,0.010078354738652699
INDPRO,2024-02-29,0.0014832292217761278,-0.0063353320583701004,-0.0063353320583701004,0.0014832292217761001,0.010064858011901301,0.010064858011901301
INDPRO,2024-03-31,0.0018360598478466272,-0.0060827471315860002,-0.0060827471315860002,0.0018360597896389,0.0104619106277823,0.0104619106277823
INDPRO,2024-04-30,0.0018851686036214232,-0.0060009164735673999,-0.0060009164735673999,0.0018851686036214,0.010451734997332001,0.010451734997332001
INDPRO,2024-05-31,0.0015578515594825149,-0.0063360445201395997,-0.0063360445201395997,0.0015578515594824999,0.0102700628340244,0.0102700628340244
INDPRO,2024-06-30,0.001533495495095849,-0.0063815768808125999,-0.0063815768808125999,0.0015334954950958,0.010200869292020701,0.010200869292020701
INDPRO,2024-07-31,0.0016505474923178554,-0.0062831365503369999,-0.0062831365503369999,0.0016505474923178001,0.010266076773405,0.010266076773405
INDPRO,2024-08-31,0.0015818719984963536,-0.0064587309025227998,-0.0064587309025227998,0.0015818719984963001,0.0103021617978811,0.0103021617978811
INDPRO,2024-09-30,0.0014551914064213634,-0.0066902362741528996,-0.0066902362741528996,0.0014551914064213,0.0101434411481022,0.0101434411481022
INDPRO,2024-10-31,0.0015446192119270563,-0.0067014959640799999,-0.0067014959640799999,0.0015446192119269999,0.010333806276321401,0.010333806276321401
INDPRO,2024-11-30,0.0015450469218194485,-0.0067952680401503996,-0.0067952680401503996,0.0015450469218193999,0.0104235224425792,0.0104235224425792
INDPRO,2024-12-31,0.0014637476997449994,-0.0069562378339468999,-0.0069562378339468999,0.0014637476997449001,0.0103834550827741,0.0103834550827741
INDPRO,2025-01-31,0.0013954263413324952,-0.0069489390589296002,-0.0069489390589296002,0.0013954263413324,0.010355219244956901,0.010355219244956901
INDPRO,2025-02-28,0.0014118739636614919,-0.0071086236275731997,-0.0071086236275731997,0.0014118739636613999,0.0105702150613069,0.0105702150613069
INDPRO,2025-03-31,0.0016062404029071331,-0.0070069762878119,-0.0070069762878119,0.0016062404029070999,0.010729762725531999,0.010729762725531999
INDPRO,2025-04-30,0.001629980280995369,-0.0067533268593251003,-0.0067533268593251003,0.0016299802809953,0.0106105897575616,0.0106105897575616
INDPRO,2025-05-31,0.001470398623496294,-0.0069487481378017997,-0.0069487481378017997,0.0014703986234961999,0.010353978723287501,0.010353978723287501
INDPRO,2025-06-30,0.0016336424741894007,-0.0067002936266361999,-0.0067002936266361999,0.0016336424741894,0.0104660214856266,0.0104660214856266
INDPRO,2025-07-31,0.0018580001778900623,-0.0066296556033193996,-0.0066296556033193996,0.0018580002360977,0.0107984021306037,0.0107984021306037
INVEST,2023-08-31,-0.00056035519810393453,-0.0089180720970033992,-0.0089180720970033992,-0.0005603551398962,0.0075539057143031996,0.0075539057143031996
INVEST,2023-09-30,-0.00014035418280400336,-0.0088755507022141994,-0.0088755507022141994,-0.00014035415370009999,0.0083301570266485006,0.0083301570266485006
INVEST,2023-10-31,-0.00052218104247003794,-0.0093387644737958006,-0.0093387644737958006,-0.00052218104246999999,0.0079364804551004999,0.0079364804551004999
INVEST,2023-11-30,-6.7455373937264085e-05,-0.0089658107608556002,-0.0089658107608556002,-6.7455344833433628e-05,0.0084457220509647993,0.0084457220509647993
INVEST,2023-12-31,8.8835629867389798e-05,-0.0089385630562900994,-0.0089385630562900994,8.8835600763559341e-05,0.0088045652955770007,0.0088045652955770007
INVEST,2024-01-31,-0.00053571915486827493,-0.0097866253927349992,-0.0097866253927349992,-0.00053571909666060003,0.0082906112074851001,0.0082906112074851001
INVEST,2024-02-29,6.9323868956416845e-05,-0.0091694183647631992,-0.0091694183647631992,6.9323810748755932e-05,0.0089037632569670001,0.0089037632569670001
INVEST,2024-03-31,0.00010177290823776275,-0.0090901320800184995,-0.0090901320800184995,0.0001017729518935,0.0089642014354466993,0.0089642014354466993
INVEST,2024-04-30,-0.00033870476181618869,-0.0097056347876786995,-0.0097056347876786995,-0.00033870479092000001,0.0086285946890711004,0.0086285946890711004
INVEST,2024-05-31,-0.00051555351819843054,-0.0099169686436652998,-0.0099169686436652998,-0.00051555351819839996,0.0085389073938131003,0.0085389073938131003
INVEST,2024-06-30,-8.6582476797048002e-06,-0.0095386970788239999,-0.0095386970788239999,-8.6582731455564499e-06,0.0090635679662227006,0.0090635679662227006
INVEST,2024-07-31,0.0002550939389038831,-0.0093000065535305994,-0.0093000065535305994,0.0002550939098,0.0094324732199310996,0.0094324732199310996
INVEST,2024-08-31,1.4470973837887868e-05,-0.0097412420436739002,-0.0097412420436739002,1.4471006579697132e-05,0.0093185547739267002,0.0093185547739267002
INVEST,2024-09-30,-5.2509425586322322e-05,-0.0098740505054593,-0.0098740505054593,-5.2509480156004429e-05,0.0093581844121216999,0.0093581844121216999
INVEST,2024-10-31,-7.9309276770800352e-05,-0.0099574578925967008,-0.0099574578925967008,-7.9309218563139439e-05,0.0092637361958621996,0.0092637361958621996
INVEST,2024-11-30,9.5303854322992265e-05,-0.0097633162513375005,-0.0097633162513375005,9.5303868874907494e-05,0.0094502046704292002,0.0094502046704292002
INVEST,2024-12-31,0.00023864174727350473,-0.0095492657274006999,-0.0095492657274006999,0.00023864174727349999,0.0094797546043992008,0.0094797546043992008
INVEST,2025-01-31,7.9856727097649127e-06,-0.0098102223128080004,-0.0098102223128080004,7.9856254160404205e-06,0.0092516411095856996,0.0092516411095856996
INVEST,2025-02-28,0.00011727777018677443,-0.0097923688590526008,-0.0097923688590526008,0.000117277726531,0.0094720209017395002,0.0094720209017395002
INVEST,2025-03-31,0.00022082001669332385,-0.0097947074100375002,-0.0097947074100375002,0.00022082007490090001,0.0095718810334800997,0.0095718810334800997
INVEST,2025-04-30,0.00026492172037251294,-0.0096988789737224006,-0.0096988789737224006,0.00026492169126860003,0.0096343923360109,0.0096343923360109
INVEST,2025-05-31,0.00012092413089703768,-0.0096800019964575004,-0.0096800019964575004,0.00012092408724120001,0.0093857171013951007,0.0093857171013951007
INVEST,2025-06-30,-0.00014040769019629806,-0.010000921785831399,-0.010000921785831399,-0.00014040770474820001,0.0092184245586395003,0.0092184245586395003
INVEST,2025-07-31,-0.00030513745150528848,-0.0102956146001815,-0.0102956146001815,-0.00030513748060910002,0.0092405397444963004,0.0092405397444963004
IPB51222S,2023-08-31,-0.0040384037420153618,-0.064604274928569794,-0.064604274928569794,-0.0040384037420153002,0.057108253240585299,0.057108253240585299
IPB51222S,2023-09-30,-0.0091373948380351067,-0.071223981678485801,-0.071223981678485801,-0.0091373948380350997,0.053607374429702703,0.053607374429702703
IPB51222S,2023-10-31,-0.0063343001529574394,-0.069095201790332794,-0.069095201790332794,-0.0063343001529574004,0.057568259537220001,0.057568259537220001
IPB51222S,2023-11-30,-0.003163044573739171,-0.067129872739315005,-0.067129872739315005,-0.0031630443409085001,0.061672683805227203,0.061672683805227203
IPB51222S,2023-12-31,0.0064706653356552124,-0.057851377874612801,-0.057851377874612801,0.0064706653356552003,0.071767158806324005,0.071767158806324005
IPB51222S,2024-01-31,0.0049648722633719444,-0.059894315898418399,-0.059894315898418399,0.0049648722633719002,0.070762008428573595,0.070762008428573595
IPB51222S,2024-02-29,-0.0074960486963391304,-0.073056265711784293,-0.073056265711784293,-0.0074960486963391,0.059114821255206999,0.059114821255206999
IPB51222S,2024-03-31,-0.0051627811044454575,-0.071216195821762002,-0.071216195821762002,-0.0051627811044454002,0.0614933706820011,0.0614933706820011
IPB51222S,2024-04-30,4.5200344175100327e-05,-0.065571561455726596,-0.065571561455726596,4.5200809836387634e-05,0.066890947520732796,0.066890947520732796
IPB51222S,2024-05-31,0.00058436754625290632,-0.065666832029819405,-0.065666832029819405,0.00058436766266819996,0.0672153159976005,0.0672153159976005
IPB51222S,2024-06-30,-5.2811694331467152e-05,-0.065866507589817005,-0.065866507589817005,-5.2811577916145325e-05,0.067017443478107397,0.067017443478107397
IPB51222S,2024-07-31,-0.0020925912540405989,-0.068187631666660295,-0.068187631666660295,-0.0020925914868712,0.064740911126136697,0.064740911126136697
IPB51222S,2024-08-31,-0.0011671420652419329,-0.066528670489788,-0.066528670489788,-0.0011671418324112001,0.064904049038886996,0.064904049038886996
IPB51222S,2024-09-30,-0.0006072227843105793,-0.067409552633762304,-0.067409552633762304,-0.00060722324997180004,0.066194102168083094,0.066194102168083094
IPB51222S,2024-10-31,0.00071442604530602694,-0.066412813961505807,-0.066412813961505807,0.00071442592889070001,0.067336961627006503,0.067336961627006503
IPB51222S,2024-11-30,0.00010275194654241204,-0.067292444407939897,-0.067292444407939897,0.0001027518883347,0.066672883927822099,0.066672883927822099
IPB51222S,2024-12-31,-0.00055557000450789928,-0.067748382687568595,-0.067748382687568595,-0.0005555702373385,0.065375417470932007,0.065375417470932007
IPB51222S,2025-01-31,-0.00071123533416539431,-0.068246014416217804,-0.068246014416217804,-0.00071123521774999995,0.065191186964511802,0.065191186964511802
IPB51222S,2025-02-28,-0.00034499319735914469,-0.068361058831214905,-0.068361058831214905,-0.00034499354660509998,0.066766642034053802,0.066766642034053802
IPB51222S,2025-03-31,-0.0012653251178562641,-0.0687847584486007,-0.0687847584486007,-0.0012653246521949,0.066012948751449502,0.066012948751449502
IPB51222S,2025-04-30,-0.0020916785579174757,-0.070034392178058597,-0.070034392178058597,-0.0020916787907480998,0.065179847180843298,0.065179847180843298
IPB51222S,2025-05-31,0.00079623865894973278,-0.066444307565689004,-0.066444307565689004,0.0007962388917803,0.067480020225047996,0.067480020225047996
IPB51222S,2025-06-30,-0.00053995789494365454,-0.067929513752460396,-0.067929513752460396,-0.00053995754569760004,0.065564773976802798,0.065564773976802798
IPB51222S,2025-07-31,-0.00064068508800119162,-0.067704744637012398,-0.067704744637012398,-0.00064068473875520001,0.065983928740024497,0.065983928740024497
IPBUSEQ,2023-08-31,0.0035723745822906494,-0.0086368862539529002,-0.0086368862539529002,0.0035723745822906,0.016007490456104199,0.016007490456104199
IPBUSEQ,2023-09-30,0.0029134240467101336,-0.0101730357855558,-0.0101730357855558,0.0029134239302948,0.016216490417718801,0.016216490417718801
IPBUSEQ,2023-10-31,0.003012870205566287,-0.0104436632245779,-0.0104436632245779,0.0030128703219816002,0.016745954751968301,0.016745954751968301
IPBUSEQ,2023-11-30,0.0031240982934832573,-0.0104617094621062,-0.0104617094621062,0.0031240982934832,0.016903627663850701,0.016903627663850701
IPBUSEQ,2023-12-31,0.0030085374601185322,-0.0105484090745449,-0.0105484090745449,0.0030085375765337998,0.016940239816903999,0.016940239816903999
IPBUSEQ,2024-01-31,0.0030245832167565823,-0.0107579352334141,-0.0107579352334141,0.0030245833331719002,0.017069760710000902,0.017069760710000902
IPBUSEQ,2024-02-29,0.0030962887685745955,-0.0107179237529635,-0.0107179237529635,0.0030962888849898999,0.017001643776893598,0.017001643776893598
IPBUSEQ,2024-03-31,0.0034127989783883095,-0.0107032898813486,-0.0107032898813486,0.0034127990948036001,0.017403785139322201,0.017403785139322201
IPBUSEQ,2024-04-30,0.0037023564800620079,-0.0104132629930973,-0.0104132629930973,0.0037023564800620001,0.017865264788269899,0.017865264788269899
IPBUSEQ,2024-05-31,0.0034675672650337219,-0.010850231163203701,-0.010850231163203701,0.0034675671486184001,0.017917634919285701,0.017917634919285701
IPBUSEQ,2024-06-30,0.0035682362504303455,-0.010730663314461699,-0.010730663314461699,0.0035682361340149999,0.0181541740894317,0.0181541740894317
IPBUSEQ,2024-07-31,0.0032961084507405758,-0.0111110229045152,-0.0111110229045152,0.0032961083343252002,0.017692957073449998,0.017692957073449998
IPBUSEQ,2024-08-31,0.0032052467577159405,-0.011107079684734299,-0.011107079684734299,0.0032052467577159001,0.017765585333108899,0.017765585333108899
IPBUSEQ,2024-09-30,0.002844671718776226,-0.011677552945911799,-0.011677552945911799,0.0028446717187762,0.017302565276622699,0.017302565276622699
IPBUSEQ,2024-10-31,0.0028753946535289288,-0.0118201822042465,-0.0118201822042465,0.0028753946535289001,0.0175405405461788,0.0175405405461788
IPBUSEQ,2024-11-30,0.0028695929795503616,-0.0120639586821198,-0.0120639586821198,0.0028695929795503001,0.017672851681709199,0.017672851681709199
IPBUSEQ,2024-12-31,0.0027676541358232498,-0.0121779134497046,-0.0121779134497046,0.0027676541358231999,0.017662554979324299,0.017662554979324299
IPBUSEQ,2025-01-31,0.0027037300169467926,-0.0122448187321424,-0.0122448187321424,0.0027037300169466998,0.0175341852009296,0.0175341852009296
IPBUSEQ,2025-02-28,0.0026296353898942471,-0.0125281633809208,-0.0125281633809208,0.0026296353898941998,0.017733976244926401,0.017733976244926401
IPBUSEQ,2025-03-31,0.002937049837782979,-0.0122987795621156,-0.0122987795621156,0.0029370498377829001,0.018066706135868998,0.018066706135868998
IPBUSEQ,2025-04-30,0.0027782567776739597,-0.012264386750757601,-0.012264386750757601,0.0027782567776738999,0.0177421197295188,0.0177421197295188
IPBUSEQ,2025-05-31,0.0027740257792174816,-0.0125432489439845,-0.0125432489439845,0.0027740257792174001,0.017635779455304101,0.017635779455304101
IPBUSEQ,2025-06-30,0.0030364906415343285,-0.012257372960448199,-0.012257372960448199,0.0030364906415342998,0.017961656674742699,0.017961656674742699
IPBUSEQ,2025-07-31,0.0031015141867101192,-0.0125421602278947,-0.0125421602278947,0.0031015141867101002,0.0181214027106761,0.0181214027106761
IPCONGD,2023-08-31,-0.00058353214990347624,-0.0103911310434341,-0.0103911310434341,-0.00058353214990340002,0.0093961134552955003,0.0093961134552955003
IPCONGD,2023-09-30,-3.4061726182699203e-05,-0.0103858597576618,-0.0103858597576618,-3.4061726182699203e-05,0.0103788319975137,0.0103788319975137
IPCONGD,2023-10-31,6.7917397245764732e-05,-0.010448927059769599,-0.010448927059769599,6.7917397245764732e-05,0.0106543730944395,0.0106543730944395
IPCONGD,2023-11-30,-0.00011450820602476597,-0.0106030106544494,-0.0106030106544494,-0.00011450820602469999,0.0104353707283735,0.0104353707283735
IPCONGD,2023-12-31,9.4508402980864048e-05,-0.0104814395308494,-0.0104814395308494,9.4508519396185875e-05,0.0106319729238748,0.0106319729238748
IPCONGD,2024-01-31,-0.00012626341776922345,-0.010680492967367099,-0.010680492967367099,-0.00012626335956150001,0.010429132729768699,0.010429132729768699
IPCONGD,2024-02-29,-0.00016696751117706299,-0.0106707531958818,-0.0106707531958818,-0.000166967511177,0.010295908898115101,0.010295908898115101
IPCONGD,2024-03-31,-9.7582407761365175e-05,-0.010734278708696299,-0.010734278708696299,-9.7582349553704262e-05,0.0103759169578552,0.0103759169578552
IPCONGD,2024-04-30,0.00020597066031768918,-0.0105082988739013,-0.0105082988739013,0.00020597060211,0.010731887072324701,0.010731887072324701
IPCONGD,2024-05-31,-6.043468602001667e-06,-0.010808097198605499,-0.010808097198605499,-6.043585017323494e-06,0.010684389621019299,0.010684389621019299
IPCONGD,2024-06-30,-5.572859663516283e-06,-0.010902572423219599,-0.010902572423219599,-5.5728014558553696e-06,0.010705694556236199,0.010705694556236199
IPCONGD,2024-07-31,-0.00022783759050071239,-0.011080881580710401,-0.011080881580710401,-0.00022783759050070001,0.010398941114544801,0.010398941114544801
IPCONGD,2024-08-31,-0.00030280859209597111,-0.011184072121977799,-0.011184072121977799,-0.00030280859209589998,0.0103786531835794,0.0103786531835794
IPCONGD,2024-09-30,-0.00027988466899842024,-0.011186450719833299,-0.011186450719833299,-0.00027988455258300002,0.010333321988582601,0.010333321988582601
IPCONGD,2024-10-31,-0.00021997361909598112,-0.0111989937722682,-0.0111989937722682,-0.0002199736190959,0.010493190959095899,0.010493190959095899
IPCONGD,2024-11-30,-0.00015939207514747977,-0.0111908353865146,-0.0111908353865146,-0.0001593921333551,0.010702313855290401,0.010702313855290401
IPCONGD,2024-12-31,-0.00025004346389323473,-0.0112768709659576,-0.0112768709659576,-0.00025004358030850002,0.010574204847216599,0.010574204847216599
IPCONGD,2025-01-31,-0.00028416712302714586,-0.0112259238958358,-0.0112259238958358,-0.00028416723944239998,0.0105369035154581,0.0105369035154581
IPCONGD,2025-02-28,-8.815334876999259e-05,-0.0111418012529611,-0.0111418012529611,-8.8153406977653503e-05,0.0107761528342962,0.0107761528342962
IPCONGD,2025-03-31,-0.0001520506339147687,-0.011072875931859001,-0.011072875931859001,-0.00015205063391470001,0.010716130957007399,0.010716130957007399
IPCONGD,2025-04-30,4.4039508793503046e-05,-0.0108201652765274,-0.0108201652765274,4.4039450585842133e-05,0.010842034593224499,0.010842034593224499
IPCONGD,2025-05-31,1.8541293684393167e-05,-0.0108047220855951,-0.0108047220855951,1.8541235476732257e-05,0.010725622996687801,0.010725622996687801
IPCONGD,2025-06-30,-5.6880235206335783e-05,-0.010822599753737399,-0.010822599753737399,-5.6880293413996696e-05,0.0107273999601602,0.0107273999601602
IPCONGD,2025-07-31,1.3546145055443048e-05,-0.0108364447951316,-0.0108364447951316,1.3546086847782137e-05,0.0108315553516149,0.0108315553516149
IPDCONGD,2023-08-31,0.0017953808419406414,-0.022114133462309799,-0.022114133462309799,0.0017953808419406,0.026343272998928999,0.026343272998928999
IPDCONGD,2023-09-30,0.0015176362358033657,-0.023647332563996301,-0.023647332563996301,0.0015176362358033,0.027151329442858599,0.027151329442858599
IPDCONGD,2023-10-31,0.0022749407216906548,-0.023066375404596301,-0.023066375404596301,0.0022749407216906001,0.0282519478350877,0.0282519478350877
IPDCONGD,2023-11-30,0.0014927564188838005,-0.023896291851997299,-0.023896291851997299,0.0014927564188838001,0.027344387024640999,0.027344387024640999
IPDCONGD,2023-12-31,0.0019120238721370697,-0.0233387257903814,-0.0233387257903814,0.0019120238721370001,0.027737993746995902,0.027737993746995902
IPDCONGD,2024-01-31,0.001621124567463994,-0.023513507097959501,-0.023513507097959501,0.0016211248002945999,0.0274933855980634,0.0274933855980634
IPDCONGD,2024-02-29,0.0019005932845175266,-0.023016933351755101,-0.023016933351755101,0.0019005932845175,0.027371030300855598,0.027371030300855598
IPDCONGD,2024-03-31,0.0023508211597800255,-0.022572055459022501,-0.022572055459022501,0.0023508211597799999,0.027877435088157598,0.027877435088157598
IPDCONGD,2024-04-30,0.0029102272819727659,-0.022218266502022702,-0.022218266502022702,0.0029102272819727,0.0286047216504812,0.0286047216504812
IPDCONGD,2024-05-31,0.0019648917950689793,-0.023201076313853201,-0.023201076313853201,0.0019648917950688999,0.0279462933540344,0.0279462933540344
IPDCONGD,2024-06-30,0.0013380090240389109,-0.024003496393561301,-0.024003496393561301,0.0013380092568695001,0.0272268783301115,0.0272268783301115
IPDCONGD,2024-07-31,0.00071079982444643974,-0.024482889100909198,-0.024482889100909198,0.00071079982444639995,0.026382846757769501,0.026382846757769501
IPDCONGD,2024-08-31,0.00014898856170475483,-0.025252278894185999,-0.025252278894185999,0.00014898879453530001,0.026224561035633,0.026224561035633
IPDCONGD,2024-09-30,8.027651347219944e-05,-0.025381989777088099,-0.025381989777088099,8.0276280641555786e-05,0.0260191280394792,0.0260191280394792
IPDCONGD,2024-10-31,0.00031906925141811371,-0.025569045916199601,-0.025569045916199601,0.00031906925141809999,0.026395443826913799,0.026395443826913799
IPDCONGD,2024-11-30,0.00014074856881052256,-0.025771105661988199,-0.025771105661988199,0.0001407484523952,0.0265638791024684,0.0265638791024684
IPDCONGD,2024-12-31,0.00092029263032600284,-0.024959303438663399,-0.024959303438663399,0.00092029245570300004,0.027083560824394198,0.027083560824394198
IPDCONGD,2025-01-31,0.00077060196781530976,-0.024968851357698399,-0.024968851357698399,0.00077060190960759995,0.026870625093579199,0.026870625093579199
IPDCONGD,2025-02-28,0.0010415558936074376,-0.024914715439081098,-0.024914715439081098,0.0010415557771921,0.027383234351873301,0.027383234351873301
IPDCONGD,2025-03-31,0.0010870232945308089,-0.024922616779804199,-0.024922616779804199,0.0010870234109461,0.027604734525084398,0.027604734525084398
IPDCONGD,2025-04-30,0.0015920172445476055,-0.023863330483436501,-0.023863330483436501,0.0015920172445476001,0.027784351259469899,0.027784351259469899
IPDCONGD,2025-05-31,0.0017049714224413037,-0.023727606981992701,-0.023727606981992701,0.0017049713060258999,0.027615508064627599,0.027615508064627599
IPDCONGD,2025-06-30,0.0019194716587662697,-0.023463862016797,-0.023463862016797,0.0019194716587662001,0.028041463345289199,0.028041463345289199
IPDCONGD,2025-07-31,0.0019752474036067724,-0.0237801671028137,-0.0237801671028137,0.0019752471707761001,0.028323054313659599,0.028323054313659599
IPDMAT,2023-08-31,0.0020337081514298916,-0.0093560833483934003,-0.0093560833483934003,0.0020337081514298001,0.013848304748535101,0.013848304748535101
IPDMAT,2023-09-30,0.0023272365797311068,-0.0097346995025872993,-0.0097346995025872993,0.0023272365797310998,0.015196070075035,0.015196070075035
IPDMAT,2023-10-31,0.0023447999265044928,-0.010342858731746601,-0.010342858731746601,0.0023447999265044,0.015815991908311799,0.015815991908311799
IPDMAT,2023-11-30,0.0027316482737660408,-0.0103235431015491,-0.0103235431015491,0.002731648273766,0.0164546985179185,0.0164546985179185
IPDMAT,2023-12-31,0.0029744990170001984,-0.0099876914173363997,-0.0099876914173363997,0.0029744990170000999,0.017110701650381002,0.017110701650381002
IPDMAT,2024-01-31,0.0032148403115570545,-0.010205438360571801,-0.010205438360571801,0.0032148401951417002,0.017596211284399001,0.017596211284399001
IPDMAT,2024-02-29,0.0033474541269242764,-0.0100701358169317,-0.0100701358169317,0.0033474541269242,0.017913565039634701,0.017913565039634701
IPDMAT,2024-03-31,0.0039265747182071209,-0.0096515435725449995,-0.0096515435725449995,0.0039265747182071001,0.018795564770698499,0.018795564770698499
IPDMAT,2024-04-30,0.0040270509198307991,-0.0093299876898527007,-0.0093299876898527007,0.0040270509198307002,0.018971027806401201,0.018971027806401201
IPDMAT,2024-05-31,0.0035862727090716362,-0.0099871084094047009,-0.0099871084094047009,0.0035862727090716002,0.0187668800354003,0.0187668800354003
IPDMAT,2024-06-30,0.0036775949411094189,-0.0096517987549304008,-0.0096517987549304008,0.0036775950575246999,0.019005328416824299,0.019005328416824299
IPDMAT,2024-07-31,0.0037013106048107147,-0.010162254795432001,-0.010162254795432001,0.0037013107212260001,0.019025065004825498,0.019025065004825498
IPDMAT,2024-08-31,0.0037921681068837643,-0.0098434798419475,-0.0098434798419475,0.0037921682232989998,0.018899131566286,0.018899131566286
IPDMAT,2024-09-30,0.0035642054863274097,-0.0104389730840921,-0.0104389730840921,0.0035642054863274002,0.018387630581855701,0.018387630581855701
IPDMAT,2024-10-31,0.0039511765353381634,-0.0099483691155910006,-0.0099483691155910006,0.0039511764189227999,0.019156871363520601,0.019156871363520601
IPDMAT,2024-11-30,0.0040729488246142864,-0.0098247472196816999,-0.0098247472196816999,0.0040729488246141997,0.0192198734730482,0.0192198734730482
IPDMAT,2024-12-31,0.0037320083938539028,-0.0106379352509975,-0.0106379352509975,0.0037320083938539002,0.019031148403882901,0.019031148403882901
IPDMAT,2025-01-31,0.0038014273159205914,-0.0102776326239109,-0.0102776326239109,0.0038014271995052001,0.019312808290123901,0.019312808290123901
IPDMAT,2025-02-28,0.0041466159746050835,-0.010172832757234501,-0.010172832757234501,0.0041466159746050002,0.0202119722962379,0.0202119722962379
IPDMAT,2025-03-31,0.0042345011606812477,-0.010485470294952301,-0.010485470294952301,0.0042345011606812,0.020349534228444099,0.020349534228444099
IPDMAT,2025-04-30,0.0039934222586452961,-0.0104809496551752,-0.0104809496551752,0.0039934221422298997,0.019752919673919601,0.019752919673919601
IPDMAT,2025-05-31,0.0039136423729360104,-0.0108526721596717,-0.0108526721596717,0.0039136424893513001,0.019728373736143098,0.019728373736143098
IPDMAT,2025-06-30,0.0041203116998076439,-0.0105541627854108,-0.0105541627854108,0.0041203116998075997,0.0199429877102375,0.0199429877102375
IPDMAT,2025-07-31,0.0040337070822715759,-0.0107368621975183,-0.0107368621975183,0.0040337070822714996,0.019733741879463099,0.019733741879463099
IPFINAL,2023-08-31,0.00031825021142140031,-0.0082135405391454003,-0.0082135405391454003,0.00031825026962900002,0.0097033372148871005,0.0097033372148871005
IPFINAL,2023-09-30,0.00054942700080573559,-0.0084587056189774999,-0.0084587056189774999,0.00054942700080570003,0.010528903454542099,0.010528903454542099
IPFINAL,2023-10-31,0.00059535232139751315,-0.0084709990769623999,-0.0084709990769623999,0.00059535226318979998,0.010838170535862401,0.010838170535862401
IPFINAL,2023-11-30,0.00065560388611629605,-0.0083064856007695007,-0.0083064856007695007,0.00065560394432390005,0.0108211860060691,0.0108211860060691
IPFINAL,2023-12-31,0.00061206321697682142,-0.0083275716751813004,-0.0083275716751813004,0.00061206321697679996,0.0108130108565092,0.0108130108565092
IPFINAL,2024-01-31,0.00062120542861521244,-0.0082479249686002003,-0.0082479249686002003,0.00062120542861519997,0.0108389956876635,0.0108389956876635
IPFINAL,2024-02-29,0.00059805624186992645,-0.0081823011860250993,-0.0081823011860250993,0.0005980562418699,0.010692008771002201,0.010692008771002201
IPFINAL,2024-03-31,0.0006536089931614697,-0.0082108834758399998,-0.0082108834758399998,0.00065360905136910004,0.01072958111763,0.01072958111763
IPFINAL,2024-04-30,0.00097492861095815897,-0.0079101882874965009,-0.0079101882874965009,0.00097492861095809999,0.0111373327672481,0.0111373327672481
IPFINAL,2024-05-31,0.00068095570895820856,-0.0082475561648606994,-0.0082475561648606994,0.0006809557089582,0.010985193774104099,0.010985193774104099
IPFINAL,2024-06-30,0.00070129404775798321,-0.0083201313391327008,-0.0083201313391327008,0.00070129404775790005,0.011030599474906901,0.011030599474906901
IPFINAL,2024-07-31,0.00054991303477436304,-0.0083957323804497008,-0.0083957323804497008,0.00054991303477430005,0.010794757865369301,0.010794757865369301
IPFINAL,2024-08-31,0.0004562638932839036,-0.0085553117096423999,-0.0085553117096423999,0.00045626389328390002,0.010864195413887501,0.010864195413887501
IPFINAL,2024-09-30,0.00037575868191197515,-0.0086793042719363993,-0.0086793042719363993,0.00037575874011960001,0.0106955068185925,0.0106955068185925
IPFINAL,2024-10-31,0.00046023831237107515,-0.0087202880531549003,-0.0087202880531549003,0.00046023831237100002,0.010888568125665099,0.010888568125665099
IPFINAL,2024-11-30,0.00047296105185523629,-0.0088147390633821002,-0.0088147390633821002,0.00047296111006280001,0.011055129580199699,0.011055129580199699
IPFINAL,2024-12-31,0.00041745859198272228,-0.0088909547775982995,-0.0088909547775982995,0.0004174585919827,0.011013114824891,0.011013114824891
IPFINAL,2025-01-31,0.00034237367799505591,-0.0089407814666628005,-0.0089407814666628005,0.00034237361978730002,0.0109342848882079,0.0109342848882079
IPFINAL,2025-02-28,0.00040399341378360987,-0.0089908819645642991,-0.0089908819645642991,0.0004039934137836,0.0111058065667748,0.0111058065667748
IPFINAL,2025-03-31,0.00043102464405819774,-0.0089087430387735003,-0.0089087430387735003,0.00043102458585050001,0.011117647401988499,0.011117647401988499
IPFINAL,2025-04-30,0.00043825944885611534,-0.0087650120258331004,-0.0087650120258331004,0.0004382594488561,0.011082469485700099,0.011082469485700099
IPFINAL,2025-05-31,0.00029878923669457436,-0.0089551024138926991,-0.0089551024138926991,0.00029878923669449998,0.0108678992837667,0.0108678992837667
IPFINAL,2025-06-30,0.00032944948179647326,-0.0089108897373079993,-0.0089108897373079993,0.00032944942358879999,0.011029470711946401,0.011029470711946401
IPFINAL,2025-07-31,0.00039883225690573454,-0.0089987143874167997,-0.0089987143874167997,0.00039883225690570001,0.0112029192969203,0.0112029192969203
IPFPNSS,2023-08-31,0.00067000504350289702,-0.0064530554227530002,-0.0064530554227530002,0.00067000498529520001,0.0086097130551933999,0.0086097130551933999
IPFPNSS,2023-09-30,0.00049796310486271977,-0.0071435295976698,-0.0071435295976698,0.00049796316307030002,0.0090515883639453992,0.0090515883639453992
IPFPNSS,2023-10-31,0.00047223176807165146,-0.007302199024707,-0.007302199024707,0.00047223176807160001,0.0093766516074538005,0.0093766516074538005
IPFPNSS,2023-11-30,0.00057544565061107278,-0.0071679358370602001,-0.0071679358370602001,0.00057544570881869997,0.0094710076227784001,0.0094710076227784001
IPFPNSS,2023-12-31,0.00054550485219806433,-0.0072242985479532996,-0.0072242985479532996,0.00054550485219800003,0.0095001589506863993,0.0095001589506863993
IPFPNSS,2024-01-31,0.00051538791740313172,-0.0072351288981735004,-0.0072351288981735004,0.00051538797561070005,0.0094922389835119005,0.0094922389835119005
IPFPNSS,2024-02-29,0.0005427467986010015,-0.0071174683980643003,-0.0071174683980643003,0.00054274674039330004,0.0094148553907871003,0.0094148553907871003
IPFPNSS,2024-03-31,0.00077088648686185479,-0.0069666733033955002,-0.0069666733033955002,0.00077088642865409999,0.0096047278493641992,0.0096047278493641992
IPFPNSS,2024-04-30,0.00096989225130528212,-0.0067658931948243999,-0.0067658931948243999,0.00096989225130520004,0.0098686870187519992,0.0098686870187519992
IPFPNSS,2024-05-31,0.00071814237162470818,-0.0070631192065775004,-0.0070631192065775004,0.00071814237162470004,0.0097595406696200006,0.0097595406696200006
IPFPNSS,2024-06-30,0.00066224829060956836,-0.0071926205419003001,-0.0071926205419003001,0.0006622483488172,0.0097448155283926998,0.0097448155283926998
IPFPNSS,2024-07-31,0.00056120031513273716,-0.0073060193099080996,-0.0073060193099080996,0.00056120031513269997,0.0095855016261338997,0.0095855016261338997
IPFPNSS,2024-08-31,0.00054916692897677422,-0.0073806722648441002,-0.0073806722648441002,0.00054916692897669995,0.0097247380763292,0.0097247380763292
IPFPNSS,2024-09-30,0.00037980132037773728,-0.0076422845013438996,-0.0076422845013438996,0.00037980137858530002,0.0094833783805370001,0.0094833783805370001
IPFPNSS,2024-10-31,0.0004439285839907825,-0.0077143558301031,-0.0077143558301031,0.00044392852578310001,0.0096823358908295007,0.0096823358908295007
IPFPNSS,2024-11-30,0.00046630704309791327,-0.0078322859480977006,-0.0078322859480977006,0.00046630704309789998,0.0098548363894223993,0.0098548363894223993
IPFPNSS,2024-12-31,0.00037649361183866858,-0.0079731224104762008,-0.0079731224104762008,0.00037649355363099997,0.0098358839750288998,0.0098358839750288998
IPFPNSS,2025-01-31,0.00033046741737052798,-0.0079818936064838999,-0.0079818936064838999,0.00033046735916280001,0.0098075391724705002,0.0098075391724705002
IPFPNSS,2025-02-28,0.00036216626176610589,-0.0080934660509227995,-0.0080934660509227995,0.00036216631997370002,0.0099854143336414996,0.0099854143336414996
IPFPNSS,2025-03-31,0.00043633132008835673,-0.0079948343336581993,-0.0079948343336581993,0.00043633126188059998,0.010019505396485299,0.010019505396485299
IPFPNSS,2025-04-30,0.00043153169099241495,-0.0078293690457939998,-0.0078293690457939998,0.00043153169099239999,0.0099674966186285002,0.0099674966186285002
IPFPNSS,2025-05-31,0.00039539928548038006,-0.0079456726089118992,-0.0079456726089118992,0.00039539928548029999,0.0098696099594235004,0.0098696099594235004
IPFPNSS,2025-06-30,0.00044760404853150249,-0.0078622540459035994,-0.0078622540459035994,0.00044760399032379999,0.010020864196121601,0.010020864196121601
IPFPNSS,2025-07-31,0.00061608490068465471,-0.0078663388267158994,-0.0078663388267158994,0.00061608490068459996,0.0103013012558221,0.0103013012558221
IPFUELS,2023-08-31,0.0022089048288762569,-0.015021910890936799,-0.015021910890936799,0.0022089048870839001,0.018426520749926501,0.018426520749926501
IPFUELS,2023-09-30,0.00083645671838894486,-0.017678357660770399,-0.017678357660770399,0.00083645666018120003,0.018071688711643202,0.018071688711643202
IPFUELS,2023-10-31,0.00058500212617218494,-0.018577400594949701,-0.018577400594949701,0.00058500212617210005,0.018127292394637999,0.018127292394637999
IPFUELS,2023-11-30,0.00069309299578890204,-0.0190916359424591,-0.0190916359424591,0.00069309305399649997,0.018400629982352201,0.018400629982352201
IPFUELS,2023-12-31,0.00027400359977036715,-0.019726110622286699,-0.019726110622286699,0.000274003483355,0.0183630157262086,0.0183630157262086
IPFUELS,2024-01-31,0.00065502023790031672,-0.0198299847543239,-0.0198299847543239,0.00065502012148490002,0.0191666670143604,0.0191666670143604
IPFUELS,2024-02-29,0.0012546873185783625,-0.019362937659025099,-0.019362937659025099,0.0012546873185783,0.019698262214660599,0.019698262214660599
IPFUELS,2024-03-31,0.00098193029407411814,-0.019795892760157498,-0.019795892760157498,0.00098193017765870003,0.0195366498082876,0.0195366498082876
IPFUELS,2024-04-30,0.00090422795619815588,-0.019981000572443001,-0.019981000572443001,0.00090422807261339997,0.019553862512111601,0.019553862512111601
IPFUELS,2024-05-31,0.0010932175209745765,-0.0199181754142045,-0.0199181754142045,0.0010932176373898001,0.019705390557646699,0.019705390557646699
IPFUELS,2024-06-30,0.0012817297829315066,-0.019898036494851098,-0.019898036494851098,0.0012817298993468001,0.019792947918176599,0.019792947918176599
IPFUELS,2024-07-31,0.0010482807410880923,-0.0201037749648094,-0.0201037749648094,0.0010482808575034001,0.0196167100220918,0.0196167100220918
IPFUELS,2024-08-31,0.0011071467306464911,-0.0203482378274202,-0.0203482378274202,0.0011071467306464,0.019983703270554501,0.019983703270554501
IPFUELS,2024-09-30,0.0013338937424123287,-0.020178537815809201,-0.020178537815809201,0.0013338937424123001,0.020316574722528399,0.020316574722528399
IPFUELS,2024-10-31,0.0016485436353832483,-0.019991867244243601,-0.019991867244243601,0.0016485436353832,0.020809650421142498,0.020809650421142498
IPFUELS,2024-11-30,0.0014542760327458382,-0.020509645342826802,-0.020509645342826802,0.0014542760327458,0.020857898518443101,0.020857898518443101
IPFUELS,2024-12-31,0.0011153607629239559,-0.020901765674352601,-0.020901765674352601,0.0011153607629239,0.020394159480929298,0.020394159480929298
IPFUELS,2025-01-31,0.0015731998719274998,-0.02045120857656,-0.02045120857656,0.0015731998719274,0.021037617698311799,0.021037617698311799
IPFUELS,2025-02-28,0.00123825971968472,-0.021015530452132201,-0.021015530452132201,0.0012382597196847001,0.020975163206458002,0.020975163206458002
IPFUELS,2025-03-31,0.0013581999810412526,-0.0210889782756567,-0.0210889782756567,0.0013581998646259,0.021039007231593101,0.021039007231593101
IPFUELS,2025-04-30,0.00131301733199507,-0.0209614261984825,-0.0209614261984825,0.0013130172155797,0.020854035392403599,0.020854035392403599
IPFUELS,2025-05-31,0.00096938357455655932,-0.021167553961277001,-0.021167553961277001,0.00096938363276419996,0.020582111552357601,0.020582111552357601
IPFUELS,2025-06-30,0.0010380741441622376,-0.0212049223482608,-0.0212049223482608,0.0010380740277469,0.020609380677342401,0.020609380677342401
IPFUELS,2025-07-31,0.0010919378837570548,-0.021505920216441099,-0.021505920216441099,0.0010919377673417,0.0210319589823484,0.0210319589823484
IPMANSICS,2023-08-31,0.00067019788548350334,-0.0070657953619955999,-0.0070657953619955999,0.00067019788548349998,0.0094582764431833995,0.0094582764431833995
IPMANSICS,2023-09-30,0.00062583020189777017,-0.0078638931736350007,-0.0078638931736350007,0.00062583026010539996,0.0103326123207807,0.0103326123207807
IPMANSICS,2023-10-31,0.00094274443108588457,-0.0078987665474413993,-0.0078987665474413993,0.0009427444310858,0.0112791173160076,0.0112791173160076
IPMANSICS,2023-11-30,0.0011099658440798521,-0.0078560980036853998,-0.0078560980036853998,0.0011099658440798001,0.011695988476276301,0.011695988476276301
IPMANSICS,2023-12-31,0.0012250317959114909,-0.0078525580465793002,-0.0078525580465793002,0.0012250317959114001,0.011936991475522501,0.011936991475522501
IPMANSICS,2024-01-31,0.001271324697881937,-0.0078871995210646993,-0.0078871995210646993,0.0012713246978818999,0.0121745839715003,0.0121745839715003
IPMANSICS,2024-02-29,0.001409532967954874,-0.007706144824624,-0.007706144824624,0.0014095329679548001,0.012311452999711,0.012311452999711
IPMANSICS,2024-03-31,0.0017564597073942423,-0.0075002899393438998,-0.0075002899393438998,0.0017564597073942,0.0127064734697341,0.0127064734697341
IPMANSICS,2024-04-30,0.0018778680823743343,-0.0074215913191437001,-0.0074215913191437001,0.0018778680823743001,0.012774392962455699,0.012774392962455699
IPMANSICS,2024-05-31,0.0016004582867026329,-0.0077082943171262004,-0.0077082943171262004,0.0016004582867025999,0.012689821422099999,0.012689821422099999
IPMANSICS,2024-06-30,0.0016545475227758288,-0.0076136281713842999,-0.0076136281713842999,0.0016545475227758,0.0127776553854346,0.0127776553854346
IPMANSICS,2024-07-31,0.0016808427171781659,-0.0076065268367527996,-0.0076065268367527996,0.0016808427171781,0.012751303613185799,0.012751303613185799
IPMANSICS,2024-08-31,0.0016584225231781602,-0.0076885651797055999,-0.0076885651797055999,0.0016584225231780999,0.012805178761482201,0.012805178761482201
IPMANSICS,2024-09-30,0.0015993233537301421,-0.0078926980495451996,-0.0078926980495451996,0.0015993233537301,0.0127403764054179,0.0127403764054179
IPMANSICS,2024-10-31,0.0017523879650980234,-0.0078911110758780999,-0.0078911110758780999,0.001752387965098,0.013058704324066601,0.013058704324066601
IPMANSICS,2024-11-30,0.0017713741399347782,-0.0079646958038210001,-0.0079646958038210001,0.0017713741399346999,0.0132028674706816,0.0132028674706816
IPMANSICS,2024-12-31,0.0017113408539444208,-0.0081484895199537,-0.0081484895199537,0.0017113408539444,0.013223307207226699,0.013223307207226699
IPMANSICS,2025-01-31,0.0017057971563190222,-0.0080956537276506008,-0.0080956537276506008,0.0017057971563190001,0.0132729541510343,0.0132729541510343
IPMANSICS,2025-02-28,0.0017088404856622219,-0.0083025796338914992,-0.0083025796338914992,0.0017088404856622,0.013521589338779399,0.013521589338779399
IPMANSICS,2025-03-31,0.0017992723733186722,-0.0083265220746397001,-0.0083265220746397001,0.0017992723733186,0.013613966293632899,0.013613966293632899
IPMANSICS,2025-04-30,0.0017974909860640764,-0.0081356847658752996,-0.0081356847658752996,0.0017974909860640001,0.013533472083508901,0.013533472083508901
IPMANSICS,2025-05-31,0.0016851135296747088,-0.0082525452598929006,-0.0082525452598929006,0.0016851135296747,0.0133802471682429,0.0133802471682429
IPMANSICS,2025-06-30,0.001794557087123394,-0.0080845383927225997,-0.0080845383927225997,0.0017945570871232999,0.0134502863511443,0.0134502863511443
IPMANSICS,2025-07-31,0.0019833517726510763,-0.0080551505088805996,-0.0080551505088805996,0.001983351772651,0.0137706855311989,0.0137706855311989
IPMAT,2023-08-31,0.0026107067242264748,-0.0054117133840918003,-0.0054117133840918003,0.0026107067242264002,0.0110054742544889,0.0110054742544889
IPMAT,2023-09-30,0.0020722055342048407,-0.0066160340793429999,-0.0066160340793429999,0.0020722055342047999,0.011361723765730801,0.011361723765730801
IPMAT,2023-10-31,0.0019665206782519817,-0.0070417807437479002,-0.0070417807437479002,0.0019665206782519002,0.011768758296966501,0.011768758296966501
IPMAT,2023-11-30,0.0018259843345731497,-0.0072670043446123002,-0.0072670043446123002,0.0018259843345731,0.0118140950798988,0.0118140950798988
IPMAT,2023-12-31,0.0017197714187204838,-0.0073508233763277002,-0.0073508233763277002,0.0017197714187204001,0.011908529326319601,0.011908529326319601
IPMAT,2024-01-31,0.0018091578967869282,-0.0073517574928699996,-0.0073517574928699996,0.0018091578967869,0.012212494388222601,0.012212494388222601
IPMAT,2024-02-29,0.0020918797235935926,-0.0071592158637939999,-0.0071592158637939999,0.0020918797235934998,0.012381687760353,0.012381687760353
IPMAT,2024-03-31,0.0024324029218405485,-0.0070026931352912998,-0.0070026931352912998,0.0024324029218404999,0.012813821434974599,0.012813821434974599
IPMAT,2024-04-30,0.0024545895867049694,-0.0069967159070074003,-0.0069967159070074003,0.0024545895867049,0.012814661487936901,0.012814661487936901
IPMAT,2024-05-31,0.0022280167322605848,-0.0073048458434640997,-0.0073048458434640997,0.0022280167322604998,0.0127256382256746,0.0127256382256746
IPMAT,2024-06-30,0.0022499044425785542,-0.0073508839122950996,-0.0073508839122950996,0.0022499044425784999,0.0126337930560112,0.0126337930560112
IPMAT,2024-07-31,0.002443128963932395,-0.0071885497309267,-0.0071885497309267,0.0024431289639323,0.012755226343870101,0.012755226343870101
IPMAT,2024-08-31,0.0022906023077666759,-0.0073831356130539998,-0.0073831356130539998,0.0022906023077666001,0.012595852836966501,0.012595852836966501
IPMAT,2024-09-30,0.0021128612570464611,-0.0077849174849688998,-0.0077849174849688998,0.0021128612570464,0.012438891455531099,0.012438891455531099
IPMAT,2024-10-31,0.0022635844070464373,-0.0077283545397221999,-0.0077283545397221999,0.0022635844070464,0.012664612382650301,0.012664612382650301
IPMAT,2024-11-30,0.0021539980079978704,-0.0079091172665357,-0.0079091172665357,0.0021539980079978002,0.012667639181017799,0.012667639181017799
IPMAT,2024-12-31,0.0019723942968994379,-0.0081329774111508994,-0.0081329774111508994,0.0019723942968994002,0.0124607495963573,0.0124607495963573
IPMAT,2025-01-31,0.0019138285424560308,-0.0080424658954143004,-0.0080424658954143004,0.0019138285424560001,0.0124407410621643,0.0124407410621643
IPMAT,2025-02-28,0.0020211578812450171,-0.0081670563668011995,-0.0081670563668011995,0.0020211578812450001,0.0126944929361343,0.0126944929361343
IPMAT,2025-03-31,0.0021827840246260166,-0.0081594139337538996,-0.0081594139337538996,0.0021827840246260001,0.0127966944128274,0.0127966944128274
IPMAT,2025-04-30,0.0021542350295931101,-0.0079133138060569,-0.0079133138060569,0.0021542350295931001,0.012598637491464599,0.012598637491464599
IPMAT,2025-05-31,0.0020065044518560171,-0.0081396158784626995,-0.0081396158784626995,0.0020065044518560002,0.0123708210885524,0.0123708210885524
IPMAT,2025-06-30,0.0021131034009158611,-0.0079284645617008001,-0.0079284645617008001,0.0021131034009158,0.0123471915721893,0.0123471915721893
IPMAT,2025-07-31,0.0023216824047267437,-0.0079062301665544007,-0.0079062301665544007,0.0023216824047266999,0.012744951993227,0.012744951993227
IPNCONGD,2023-08-31,-0.0015171009581536055,-0.0109278429299592,-0.0109278429299592,-0.0015171009581536,0.0079313702881336004,0.0079313702881336004
IPNCONGD,2023-09-30,-0.00053004076471552253,-0.0102306026965379,-0.0102306026965379,-0.00053004082292309996,0.0091690216213464008,0.0091690216213464008
IPNCONGD,2023-10-31,-4.5013090129941702e-05,-0.0098782675340770999,-0.0098782675340770999,-4.5013148337602615e-05,0.0097844935953616992,0.0097844935953616992
IPNCONGD,2023-11-30,-0.0012093351688235998,-0.0110780298709869,-0.0110780298709869,-0.0012093351688235001,0.0086195310577749998,0.0086195310577749998
IPNCONGD,2023-12-31,-4.2114348616451025e-05,-0.0099658975377678004,-0.0099658975377678004,-4.2114406824111938e-05,0.0097875790670514003,0.0097875790670514003
IPNCONGD,2024-01-31,-0.0001103729591704905,-0.0100742019712924,-0.0100742019712924,-0.0001103729009628,0.0097428401932119994,0.0097428401932119994
IPNCONGD,2024-02-29,-0.00082683813525363803,-0.0108071910217404,-0.0108071910217404,-0.00082683819346119995,0.0090658897534011997,0.0090658897534011997
IPNCONGD,2024-03-31,-0.0011167917400598526,-0.011129312217235499,-0.011129312217235499,-0.0011167917400597999,0.0087602762505411998,0.0087602762505411998
IPNCONGD,2024-04-30,-0.00059106404660269618,-0.010663074441254101,-0.010663074441254101,-0.00059106410481029996,0.0093178413808344997,0.0093178413808344997
IPNCONGD,2024-05-31,-0.00054232607362791896,-0.010647130198776699,-0.010647130198776699,-0.00054232613183549997,0.0094205811619757999,0.0094205811619757999
IPNCONGD,2024-06-30,-0.00011225475464016199,-0.0102425524964928,-0.0102425524964928,-0.0001122547546401,0.0098708793520926996,0.0098708793520926996
IPNCONGD,2024-07-31,-0.00036212085979059339,-0.0104586463421583,-0.0104586463421583,-0.0003621208015829,0.0095413615927100008,0.0095413615927100008
IPNCONGD,2024-08-31,-0.00026739423628896475,-0.0103367110714316,-0.0103367110714316,-0.00026739423628890002,0.0095854299142956005,0.0095854299142956005
IPNCONGD,2024-09-30,-0.00033110810909420252,-0.010504612699150999,-0.010504612699150999,-0.00033110799267880003,0.0096243629232048,0.0096243629232048
IPNCONGD,2024-10-31,-0.00033316964982077479,-0.010479349642992001,-0.010479349642992001,-0.00033316970802839998,0.0096392249688506005,0.0096392249688506005
IPNCONGD,2024-11-30,-0.00033999228617176414,-0.0104688545688986,-0.0104688545688986,-0.0003399923443794,0.0096191670745611,0.0096191670745611
IPNCONGD,2024-12-31,-0.00043664593249559402,-0.0105305621400475,-0.0105305621400475,-0.00043664593249550002,0.0094677461311221001,0.0094677461311221001
IPNCONGD,2025-01-31,-0.00041738140862435102,-0.0104683572426438,-0.0104683572426438,-0.00041738129220899998,0.0094638960435985998,0.0094638960435985998
IPNCONGD,2025-02-28,-0.00042608624789863825,-0.0105745997279882,-0.0105745997279882,-0.0004260861314833,0.0095594637095928001,0.0095594637095928001
IPNCONGD,2025-03-31,-0.00032103009289130569,-0.010443113744258801,-0.010443113744258801,-0.00032103015109889997,0.0096745761111377993,0.0096745761111377993
IPNCONGD,2025-04-30,-0.0004644357250072062,-0.010606370866298599,-0.010606370866298599,-0.00046443566679950002,0.0095518808811903,0.0095518808811903
IPNCONGD,2025-05-31,-0.00036285095848143101,-0.0103925066068768,-0.0103925066068768,-0.0003628509584814,0.0095270825549959998,0.0095270825549959998
IPNCONGD,2025-06-30,-0.00034130265703424811,-0.010336388833820801,-0.010336388833820801,-0.00034130271524189997,0.0095505127683280996,0.0095505127683280996
IPNCONGD,2025-07-31,-0.00031155487522482872,-0.010359146632254099,-0.010359146632254099,-0.00031155487522479999,0.0096160732209681996,0.0096160732209681996
IPNMAT,2023-08-31,0.0015088102081790566,-0.0083627020940184003,-0.0083627020940184003,0.001508810208179,0.011347443796694201,0.011347443796694201
IPNMAT,2023-09-30,0.00066839996725320816,-0.0099392356351016998,-0.0099392356351016998,0.00066839996725320003,0.0111585343256592,0.0111585343256592
IPNMAT,2023-10-31,0.00058416812680661678,-0.0102152964100241,-0.0102152964100241,0.00058416812680659998,0.011208117008209201,0.011208117008209201
IPNMAT,2023-11-30,0.00032148335594683886,-0.0105654466897249,-0.0105654466897249,0.00032148335594679999,0.011043569073080999,0.011043569073080999
IPNMAT,2023-12-31,-0.00012654485180974007,-0.0109654748812317,-0.0109654748812317,-0.00012654485180970001,0.0105564640834927,0.0105564640834927
IPNMAT,2024-01-31,-0.00011397170601412654,-0.010957327671349,-0.010957327671349,-0.0001139717642217,0.0106261866167187,0.0106261866167187
IPNMAT,2024-02-29,-9.9065568065270782e-05,-0.011154973879456499,-0.011154973879456499,-9.9065597169101238e-05,0.0107583180069923,0.0107583180069923
IPNMAT,2024-03-31,-0.00032054784242063761,-0.011454557999968499,-0.011454557999968499,-0.00032054784242059999,0.0105958506464958,0.0105958506464958
IPNMAT,2024-04-30,-0.00089248304720968008,-0.0120127899572253,-0.0120127899572253,-0.00089248304720959996,0.0099999336525796994,0.0099999336525796994
IPNMAT,2024-05-31,-0.0013871487462893128,-0.012321504764258801,-0.012321504764258801,-0.0013871487462893,0.0096117611974477005,0.0096117611974477005
IPNMAT,2024-06-30,-0.0015962142497301102,-0.0125848269090056,-0.0125848269090056,-0.0015962142497301,0.0092502795159815996,0.0092502795159815996
IPNMAT,2024-07-31,-0.0015982921468093991,-0.0127395531162619,-0.0127395531162619,-0.0015982920303940001,0.0093414625152944998,0.0093414625152944998
IPNMAT,2024-08-31,-0.0014252484543249011,-0.0125265046954154,-0.0125265046954154,-0.0014252484543249,0.0095401359722017999,0.0095401359722017999
IPNMAT,2024-09-30,-0.0014728435780853033,-0.012783653102815099,-0.012783653102815099,-0.0014728435780853001,0.0096612870693206006,0.0096612870693206006
IPNMAT,2024-10-31,-0.0014025772688910365,-0.012855255976319299,-0.012855255976319299,-0.0014025772688910001,0.0098358793184160995,0.0098358793184160995
IPNMAT,2024-11-30,-0.0012917689746245742,-0.012883608229458301,-0.012883608229458301,-0.0012917690910398,0.010018520988523899,0.010018520988523899
IPNMAT,2024-12-31,-0.0012229840504005551,-0.012861594557762099,-0.012861594557762099,-0.0012229839339851999,0.0101212812587618,0.0101212812587618
IPNMAT,2025-01-31,-0.0011874331394210458,-0.0128515232354402,-0.0128515232354402,-0.0011874330230057001,0.010250301100313599,0.010250301100313599
IPNMAT,2025-02-28,-0.0010500665521249175,-0.012804090045392499,-0.012804090045392499,-0.0010500666685402001,0.010651686228811699,0.010651686228811699
IPNMAT,2025-03-31,-0.00065613660262897611,-0.012492224574089,-0.012492224574089,-0.00065613654442130001,0.0111615490168333,0.0111615490168333
IPNMAT,2025-04-30,-0.00039564853068441153,-0.0123481675982475,-0.0123481675982475,-0.00039564864709970001,0.011453327722847399,0.011453327722847399
IPNMAT,2025-05-31,-9.488262003287673e-05,-0.0120881386101245,-0.0120881386101245,-9.4882678240537643e-05,0.0117448372766375,0.0117448372766375
IPNMAT,2025-06-30,0.00024926889454945922,-0.011763351969420899,-0.011763351969420899,0.00024926883634170002,0.0120742190629243,0.0120742190629243
IPNMAT,2025-07-31,0.00071229995228350163,-0.0114411395043134,-0.0114411395043134,0.0007122999522835,0.0128439646214246,0.0128439646214246
ISRATIOx,2023-08-31,0.00073950563091784716,-0.015782728791236801,-0.015782728791236801,0.00073950551450249996,0.016771107912063599,0.016771107912063599
ISRATIOx,2023-09-30,0.0015118799638003111,-0.015847384929656899,-0.015847384929656899,0.0015118798473848999,0.018283188343047999,0.018283188343047999
ISRATIOx,2023-10-31,0.0014857050264254212,-0.016239624470472301,-0.016239624470472301,0.0014857050264254,0.0184513870626688,0.0184513870626688
ISRATIOx,2023-11-30,0.0016376550775021315,-0.016282841563224699,-0.016282841563224699,0.0016376551939173999,0.0188663806766271,0.0188663806766271
ISRATIOx,2023-12-31,0.0019276328384876251,-0.016176780685782401,-0.016176780685782401,0.0019276328384876,0.019258350133895801,0.019258350133895801
ISRATIOx,2024-01-31,0.0018468357156962156,-0.016316294670104901,-0.016316294670104901,0.0018468357156962,0.019192779436707399,0.019192779436707399
ISRATIOx,2024-02-29,0.0013612878974527121,-0.016951316967606499,-0.016951316967606499,0.0013612877810373,0.018693944439291899,0.018693944439291899
ISRATIOx,2024-03-31,0.00074319273699074984,-0.017522789537906602,-0.017522789537906602,0.000743192853406,0.017985831946134501,0.017985831946134501
ISRATIOx,2024-04-30,0.0013425046345219016,-0.0169824138283729,-0.0169824138283729,0.0013425047509372,0.0186164416372776,0.0186164416372776
ISRATIOx,2024-05-31,0.0017233729595318437,-0.016919702291488599,-0.016919702291488599,0.0017233730759471,0.019059993326663902,0.019059993326663902
ISRATIOx,2024-06-30,0.00199708784930408,-0.0166440308094024,-0.0166440308094024,0.0019970878493040002,0.019409999251365599,0.019409999251365599
ISRATIOx,2024-07-31,0.0023738529998809099,-0.016387250274419701,-0.016387250274419701,0.0023738528834655001,0.019855111837387002,0.019855111837387002
ISRATIOx,2024-08-31,0.0026328733656555414,-0.016424972563981999,-0.016424972563981999,0.0026328733656554998,0.020167483016848502,0.020167483016848502
ISRATIOx,2024-09-30,0.0021622695494443178,-0.017120614647865198,-0.017120614647865198,0.0021622695494443,0.019924733787775002,0.019924733787775002
ISRATIOx,2024-10-31,0.0021368542220443487,-0.017346583306789301,-0.017346583306789301,0.0021368542220443001,0.020344827324151899,0.020344827324151899
ISRATIOx,2024-11-30,0.0018829898908734322,-0.0182159002870321,-0.0182159002870321,0.0018829897744580999,0.020386312156915599,0.020386312156915599
ISRATIOx,2024-12-31,0.0015399068361148238,-0.018756072968244501,-0.018756072968244501,0.0015399069525300999,0.020403042435646002,0.020403042435646002
ISRATIOx,2025-01-31,0.0010551894083619118,-0.0196303743869066,-0.0196303743869066,0.0010551894083619001,0.020085398107767102,0.020085398107767102
ISRATIOx,2025-02-28,0.00095976906595751643,-0.020059868693351701,-0.020059868693351701,0.00095976912416510004,0.0202593747526407,0.0202593747526407
ISRATIOx,2025-03-31,0.00063487834995612502,-0.020164212211966501,-0.020164212211966501,0.00063487840816369996,0.019930956885218599,0.019930956885218599
ISRATIOx,2025-04-30,0.00074770738137885928,-0.019959494471549901,-0.019959494471549901,0.00074770743958650003,0.019829079508781398,0.019829079508781398
ISRATIOx,2025-05-31,0.00054547714535146952,-0.019893288612365698,-0.019893288612365698,0.00054547702893609998,0.019541114568710299,0.019541114568710299
ISRATIOx,2025-06-30,0.00053315662080422044,-0.019986994564533199,-0.019986994564533199,0.0005331565625965,0.019444730132818201,0.019444730132818201
ISRATIOx,2025-07-31,0.0003188137779943645,-0.020495919510722101,-0.020495919510722101,0.00031881383620199999,0.019511850550770701,0.019511850550770701
M1SL,2023-08-31,0.00053589401068165898,-0.0078047337010502,-0.0078047337010502,0.00053589395247389995,0.0086952438578008998,0.0086952438578008998
M1SL,2023-09-30,-0.00067793374182656407,-0.0089936954900622004,-0.0089936954900622004,-0.00067793380003420005,0.0076428516767919003,0.0076428516767919003
M1SL,2023-10-31,-0.00096080586081370711,-0.009070917032659,-0.009070917032659,-0.00096080591902130005,0.0071492795832455002,0.0071492795832455002
M1SL,2023-11-30,-0.00016703421715646982,-0.0074814525432883999,-0.0074814525432883999,-0.0001670342171564,0.0070809070020914,0.0070809070020914
M1SL,2023-12-31,-0.00078607001341879368,-0.0080351205542682994,-0.0080351205542682994,-0.0007860700134187,0.0065074427984654001,0.0065074427984654001
M1SL,2024-01-31,-0.00065746862674131989,-0.0075358394533395004,-0.0075358394533395004,-0.0006574685685336,0.0060455533675849004,0.0060455533675849004
M1SL,2024-02-29,-0.00020021363161504269,-0.0069460384547710002,-0.0069460384547710002,-0.000200213631615,0.0063146320171653999,0.0063146320171653999
M1SL,2024-03-31,-3.706242932821624e-05,-0.0065840226598083001,-0.0065840226598083001,-3.7062447518110275e-05,0.0065517895855009001,0.0065517895855009001
M1SL,2024-04-30,-0.00058307597646489739,-0.0075043593533337003,-0.0075043593533337003,-0.00058307597646480003,0.0064190942794084003,0.0064190942794084003
M1SL,2024-05-31,-0.00077547639375552535,-0.0079622296616434999,-0.0079622296616434999,-0.00077547633554780004,0.0065839425660668997,0.0065839425660668997
M1SL,2024-06-30,-0.00050599948735907674,-0.0075558256357907997,-0.0075558256357907997,-0.00050599948735899998,0.0065752430818974,0.0065752430818974
M1SL,2024-07-31,-0.00029256584821268916,-0.0070980452001094003,-0.0070980452001094003,-0.000292565790005,0.0066076852381229002,0.0066076852381229002
M1SL,2024-08-31,-0.00024223071523010731,-0.0081346826627849995,-0.0081346826627849995,-0.00024223071523009999,0.0077595310285687004,0.0077595310285687004
M1SL,2024-09-30,-0.00024941956507973373,-0.0074794804677367002,-0.0074794804677367002,-0.0002494195941835,0.0070842211134730998,0.0070842211134730998
M1SL,2024-10-31,-0.00036876692320220172,-0.0077781644649802997,-0.0077781644649802997,-0.00036876695230599998,0.0070581017062066997,0.0070581017062066997
M1SL,2024-11-30,-9.1718415205832571e-05,-0.0078590391203760997,-0.0078590391203760997,-9.1718393377959715e-05,0.0079506256151944,0.0079506256151944
M1SL,2024-12-31,-0.00042137547279708087,-0.0077523514628410001,-0.0077523514628410001,-0.0004213755019009,0.0070616728626191,0.0070616728626191
M1SL,2025-01-31,-0.00019060635531786829,-0.0074945548549294003,-0.0074945548549294003,-0.00019060634076589999,0.0072738421149551001,0.0072738421149551001
M1SL,2025-02-28,-0.00041850280831567943,-0.0083121284842490994,-0.0083121284842490994,-0.00041850283741950002,0.0075770949479192001,0.0075770949479192001
M1SL,2025-03-31,-0.00027549703372642398,-0.0080853803083300001,-0.0080853803083300001,-0.00027549703372640002,0.0076498873531818,0.0076498873531818
M1SL,2025-04-30,-0.00023143348516896367,-0.0077594905160367003,-0.0077594905160367003,-0.0002314334851689,0.0070235980674624001,0.0070235980674624001
M1SL,2025-05-31,-3.5621018469100818e-05,-0.0069337156601249998,-0.0069337156601249998,-3.5620993003249168e-05,0.0070762159302830002,0.0070762159302830002
M1SL,2025-06-30,-0.00022721377899870276,-0.0072077140212059004,-0.0072077140212059004,-0.00022721383720630001,0.0069085275754331996,0.0069085275754331996
M1SL,2025-07-31,-0.00022230212925933301,-0.0082317609339952,-0.0082317609339952,-0.00022230210015550001,0.0078915702179073993,0.0078915702179073993
M2REAL,2023-08-31,-0.0025400458835065365,-0.0076358076184987996,-0.0076358076184987996,-0.0025400458835065001,0.0025340910069644,0.0025340910069644
M2REAL,2023-09-30,-0.0021962085738778114,-0.0079077929258346003,-0.0079077929258346003,-0.0021962085738778002,0.0033822783734648999,0.0033822783734648999
M2REAL,2023-10-31,-0.002223404124379158,-0.0083152549341320992,-0.0083152549341320992,-0.0022234041243790999,0.0037386474432423,0.0037386474432423
M2REAL,2023-11-30,-0.0022039972245693207,-0.0085891261696815005,-0.0085891261696815005,-0.0022039972245692999,0.0040319623658433001,0.0040319623658433001
M2REAL,2023-12-31,-0.0021100197918713093,-0.0086157852783798998,-0.0086157852783798998,-0.0021100197918713002,0.0042636553989723004,0.0042636553989723004
M2REAL,2024-01-31,-0.0021023787558078766,-0.0086900098249316007,-0.0086900098249316007,-0.0021023787558077998,0.0045648002997040003,0.0045648002997040003
M2REAL,2024-02-29,-0.0020198444835841656,-0.0087087880820034998,-0.0087087880820034998,-0.0020198444835841001,0.0046437019482254002,0.0046437019482254002
M2REAL,2024-03-31,-0.0018803221173584461,-0.0087065352126954997,-0.0087065352126954997,-0.0018803221173583999,0.0048057613894343003,0.0048057613894343003
M2REAL,2024-04-30,-0.0017390791326761246,-0.0086530642583965995,-0.0086530642583965995,-0.0017390791326761001,0.0049839545972644997,0.0049839545972644997
M2REAL,2024-05-31,-0.0018136026337742805,-0.0086918063461779993,-0.0086918063461779993,-0.0018136026337742001,0.0050718104466795002,0.0050718104466795002
M2REAL,2024-06-30,-0.0018317298963665962,-0.0088107241317628999,-0.0088107241317628999,-0.0018317298963664999,0.0049571124836801997,0.0049571124836801997
M2REAL,2024-07-31,-0.0017688018269836903,-0.0087438654154539004,-0.0087438654154539004,-0.0017688018269836001,0.0050441343337296997,0.0050441343337296997
M2REAL,2024-08-31,-0.0016311039216816425,-0.0085269939154386,-0.0085269939154386,-0.0016311039216816,0.0051927920430897999,0.0051927920430897999
M2REAL,2024-09-30,-0.0015992508269846439,-0.0086504714563488006,-0.0086504714563488006,-0.0015992508269845999,0.0052699400112031997,0.0052699400112031997
M2REAL,2024-10-31,-0.00154873076826334,-0.0085991444066165993,-0.0085991444066165993,-0.0015487307682633001,0.0053870547562837002,0.0053870547562837002
M2REAL,2024-11-30,-0.0013650984037667513,-0.0083844140172004006,-0.0083844140172004006,-0.0013650984037666999,0.0055698552168904998,0.0055698552168904998
M2REAL,2024-12-31,-0.0012935830745846033,-0.0082942470908164007,-0.0082942470908164007,-0.0012935830745846001,0.0056636454537509996,0.0056636454537509996
M2REAL,2025-01-31,-0.0011625466868281364,-0.0081818988546729001,-0.0081818988546729001,-0.0011625466868281,0.0058086542412637996,0.0058086542412637996
M2REAL,2025-02-28,-0.0010466247331351042,-0.0082605844363570005,-0.0082605844363570005,-0.0010466247331351001,0.0060217380523680999,0.0060217380523680999
M2REAL,2025-03-31,-0.001039380207657814,-0.0082601718604564008,-0.0082601718604564008,-0.0010393802076577999,0.0061901337467133999,0.0061901337467133999
M2REAL,2025-04-30,-0.00087316683493554592,-0.0080630928277968996,-0.0080630928277968996,-0.00087316683493549995,0.0062776864506304004,0.0062776864506304004
M2REAL,2025-05-31,-0.00082216761074960232,-0.0079871183261274997,-0.0079871183261274997,-0.00082216761074960004,0.0062607694417238001,0.0062607694417238001
M2REAL,2025-06-30,-0.00073937675915658474,-0.0077575631439684998,-0.0077575631439684998,-0.00073937675915649996,0.0062531810253858002,0.0062531810253858002
M2REAL,2025-07-31,-0.00056567392311990261,-0.0076037077233195001,-0.0076037077233195001,-0.00056567392311990001,0.0065784384496510003,0.0065784384496510003
M2SL,2023-08-31,0.00031156453769654036,-0.0044347420334814999,-0.0044347420334814999,0.00031156453769650002,0.0047572953626513004,0.0047572953626513004
M2SL,2023-09-30,-0.0012507932260632515,-0.0061469608917832002,-0.0061469608917832002,-0.0012507932260632001,0.0032998903188854001,0.0032998903188854001
M2SL,2023-10-31,0.00023435079492628574,-0.0046446607448159998,-0.0046446607448159998,0.00023435079492620001,0.0046763010323046996,0.0046763010323046996
M2SL,2023-11-30,0.00036187897785566747,-0.0045336387120186996,-0.0045336387120186996,0.00036187900695940003,0.0047462107613682001,0.0047462107613682001
M2SL,2023-12-31,-0.00020729599054902792,-0.0050224363803862996,-0.0050224363803862996,-0.000207295990549,0.0040761814452707004,0.0040761814452707004
M2SL,2024-01-31,0.00012424650776665658,-0.0046967193484305997,-0.0046967193484305997,0.0001242465223185,0.0043624667450785004,0.0043624667450785004
M2SL,2024-02-29,0.00045197288272902369,-0.0043828971683979,-0.0043828971683979,0.00045197288272900001,0.0046877525746822002,0.0046877525746822002
M2SL,2024-03-31,0.00015576998703181744,-0.0046814894303678998,-0.0046814894303678998,0.00015576998703180001,0.0043650772422551996,0.0043650772422551996
M2SL,2024-04-30,0.00022878458548802882,-0.0046310597099362997,-0.0046310597099362997,0.00022878457093609999,0.0044261803850530997,0.0044261803850530997
M2SL,2024-05-31,4.8656780563760549e-05,-0.0048372284509241,-0.0048372284509241,4.8656773287802935e-05,0.0042383857071399004,0.0042383857071399004
M2SL,2024-06-30,-9.3723218014929444e-05,-0.0049510942772029998,-0.0049510942772029998,-9.3723239842802286e-05,0.0040090442635117999,0.0040090442635117999
M2SL,2024-07-31,0.00034874689299613237,-0.0045126997865735999,-0.0045126997865735999,0.00034874686389230002,0.0044116941280662996,0.0044116941280662996
M2SL,2024-08-31,0.00037152189179323614,-0.0045136697590351001,-0.0045136697590351001,0.00037152192089700002,0.0044016805477440002,0.0044016805477440002
M2SL,2024-09-30,0.00025005894713103771,-0.0046538533642888,-0.0046538533642888,0.00025005894713099998,0.0043211872689425,0.0043211872689425
M2SL,2024-10-31,0.00038138346280902624,-0.0045406287536025004,-0.0045406287536025004,0.000381383462809,0.0044582732953130999,0.0044582732953130999
M2SL,2024-11-30,0.00046615974861197174,-0.0044537233188748004,-0.0044537233188748004,0.00046615971950810003,0.0045814793556928001,0.0045814793556928001
M2SL,2024-12-31,0.0002649425296112895,-0.0046280766837298003,-0.0046280766837298003,0.00026494250050740001,0.0043358844704925997,0.0043358844704925997
M2SL,2025-01-31,0.00022544247622136027,-0.0046998690813778998,-0.0046998690813778998,0.00022544246166939999,0.0043029696680605004,0.0043029696680605004
M2SL,2025-02-28,0.00016533442249055952,-0.0047699082642792996,-0.0047699082642792996,0.00016533443704239999,0.0042693726718424996,0.0042693726718424996
M2SL,2025-03-31,0.00016665991279296577,-0.0048201140016317003,-0.0048201140016317003,0.0001666599418967,0.0043188673444091996,0.0043188673444091996
M2SL,2025-04-30,0.00042538956040516496,-0.0045944256708025004,-0.0045944256708025004,0.00042538956040510001,0.0046052620746195004,0.0046052620746195004
M2SL,2025-05-31,0.00042280345223844051,-0.0046224980615079004,-0.0046224980615079004,0.00042280342313459997,0.0046195234172046002,0.0046195234172046002
M2SL,2025-06-30,0.00024169145035557449,-0.0048198327422142003,-0.0048198327422142003,0.00024169147945940001,0.0044154231436550001,0.0044154231436550001
M2SL,2025-07-31,0.00034778064582496881,-0.0047088470309972,-0.0047088470309972,0.00034778064582490002,0.0045986389741300999,0.0045986389741300999
MANEMP,2023-08-31,-0.00035062851384282112,-0.0025888932868837998,-0.0025888932868837998,-0.00035062851384279998,0.0017729087267071,0.0017729087267071
MANEMP,2023-09-30,-0.00012749928282573819,-0.0025343419983983001,-0.0025343419983983001,-0.0001274992828257,0.0021901703439652,0.0021901703439652
MANEMP,2023-10-31,5.0069473218172789e-05,-0.002496070228517,-0.002496070228517,5.0069473218172789e-05,0.0025864518247543998,0.0025864518247543998
MANEMP,2023-11-30,5.6415505241602659e-05,-0.002543069422245,-0.002543069422245,5.6415505241602659e-05,0.0026226686313748,0.0026226686313748
MANEMP,2023-12-31,0.00021199573529884219,-0.0024509900249539999,-0.0024509900249539999,0.00021199573529879999,0.0028336751274764,0.0028336751274764
MANEMP,2024-01-31,0.00028547015972435474,-0.0024905023165047,-0.0024905023165047,0.00028547015972429999,0.0029330400284379001,0.0029330400284379001
MANEMP,2024-02-29,0.00037415686529129744,-0.0024462579749523999,-0.0024462579749523999,0.00037415686529120002,0.0030208537355064999,0.0030208537355064999
MANEMP,2024-03-31,0.00044076493941247463,-0.0024999424349516001,-0.0024999424349516001,0.00044076493941239998,0.0031442798208444998,0.0031442798208444998
MANEMP,2024-04-30,0.00062537018675357103,-0.0024278492201119002,-0.0024278492201119002,0.00062537018675350002,0.0033450939226894998,0.0033450939226894998
MANEMP,2024-05-31,0.00049532530829310417,-0.0026888446882367,-0.0026888446882367,0.00049532530829310005,0.0032674411777405999,0.0032674411777405999
MANEMP,2024-06-30,0.00052714685443788767,-0.0027095142286269998,-0.0027095142286269998,0.00052714685443779996,0.0033714703749864999,0.0033714703749864999
MANEMP,2024-07-31,0.0004425697261467576,-0.0028336951509118002,-0.0028336951509118002,0.00044256972614669998,0.0032711683306842999,0.0032711683306842999
MANEMP,2024-08-31,0.00053568882867693901,-0.0028519362676888002,-0.0028519362676888002,0.00053568882867689998,0.0034651255700736999,0.0034651255700736999
MANEMP,2024-09-30,0.00053515471518039703,-0.0029318009037524002,-0.0029318009037524002,0.0005351547151803,0.0035381482448428002,0.0035381482448428002
MANEMP,2024-10-31,0.00056132301688194275,-0.0030613041017203998,-0.0030613041017203998,0.00056132301688190003,0.0036658702883869002,0.0036658702883869002
MANEMP,2024-11-30,0.00036348495632410049,-0.0033909673802554,-0.0033909673802554,0.00036348495632410001,0.0034963877405970998,0.0034963877405970998
MANEMP,2024-12-31,0.00033968023490160704,-0.0034438413567841001,-0.0034438413567841001,0.00033968020579769998,0.0035558624658732999,0.0035558624658732999
MANEMP,2025-01-31,0.00021846720483154058,-0.0036165823694318,-0.0036165823694318,0.00021846717572769999,0.0034712117630987999,0.0034712117630987999
MANEMP,2025-02-28,0.00030824402347207069,-0.0036397536750882001,-0.0036397536750882001,0.00030824399436820001,0.0038082746323198002,0.0038082746323198002
MANEMP,2025-03-31,0.00023667037021368742,-0.0037593438755719999,-0.0037593438755719999,0.00023667039931749999,0.0037853203248232,0.0037853203248232
MANEMP,2025-04-30,0.00035503599792718887,-0.0036310511641204002,-0.0036310511641204002,0.00035503599792710002,0.0038407200481742,0.0038407200481742
MANEMP,2025-05-31,0.00024556356947869062,-0.0037380119320005001,-0.0037380119320005001,0.00024556356947859998,0.0036975431721656998,0.0036975431721656998
MANEMP,2025-06-30,0.00027849781326949596,-0.0036918779369443,-0.0036918779369443,0.00027849781326940001,0.0036790466401725999,0.0036790466401725999
MANEMP,2025-07-31,0.00034966703969985247,-0.0037097097374497998,-0.0037097097374497998,0.00034966706880359998,0.0037791191134600999,0.0037791191134600999
NDMANEMP,2023-08-31,-0.0009590795380063355,-0.0035528361331670999,-0.0035528361331670999,-0.00095907953800630004,0.0016199087258427999,0.0016199087258427999
NDMANEMP,2023-09-30,-0.00070898415287956595,-0.0034990452695637,-0.0034990452695637,-0.00070898415287950003,0.0020552359055727,0.0020552359055727
NDMANEMP,2023-10-31,-0.00056429870892316103,-0.0034935746807605002,-0.0034935746807605002,-0.00056429870892309999,0.0024250729475170001,0.0024250729475170001
NDMANEMP,2023-11-30,-0.00039914599619805813,-0.0033694470766931,-0.0033694470766931,-0.00039914599619800002,0.0026380515191704,0.0026380515191704
NDMANEMP,2023-12-31,-0.00027831806801259518,-0.0033247647807001998,-0.0033247647807001998,-0.00027831806801249998,0.0027781990356743002,0.0027781990356743002
NDMANEMP,2024-01-31,-0.00010249332990497351,-0.0032325221691280001,-0.0032325221691280001,-0.0001024933299049,0.0029901217203586999,0.0029901217203586999
NDMANEMP,2024-02-29,-0.0001006360980682075,-0.0032165455631911,-0.0032165455631911,-0.00010063609806819999,0.0030401225667446002,0.0030401225667446002
NDMANEMP,2024-03-31,-6.1599654145538807e-05,-0.0032549179159104,-0.0032549179159104,-6.1599654145538807e-05,0.0031482779886572998,0.0031482779886572998
NDMANEMP,2024-04-30,-5.2778224926441908e-05,-0.0033790157176553999,-0.0033790157176553999,-5.2778224926441908e-05,0.0031382499728350999,0.0031382499728350999
NDMANEMP,2024-05-31,-5.2875489927828312e-05,-0.0034691726323217002,-0.0034691726323217002,-5.2875489927828312e-05,0.0031860643066465,0.0031860643066465
NDMANEMP,2024-06-30,1.0663352441042662e-05,-0.0034097677562385,-0.0034097677562385,1.0663352441042662e-05,0.0032773623242973999,0.0032773623242973999
NDMANEMP,2024-07-31,0.00012210040586069226,-0.0032736412249504999,-0.0032736412249504999,0.0001221004058606,0.003405571449548,0.003405571449548
NDMANEMP,2024-08-31,0.00010428240057080984,-0.0033728617709130001,-0.0033728617709130001,0.0001042824005708,0.0033931331709027,0.0033931331709027
NDMANEMP,2024-09-30,4.0958751924335957e-05,-0.0034309462644159,-0.0034309462644159,4.0958751924335963e-05,0.0033442620187996998,0.0033442620187996998
NDMANEMP,2024-10-31,5.9779908042401075e-05,-0.0035196682438254001,-0.0035196682438254001,5.9779908042401075e-05,0.0034194076433776998,0.0034194076433776998
NDMANEMP,2024-11-30,-5.6579767260700464e-05,-0.0036590842064470001,-0.0036590842064470001,-5.6579767260700464e-05,0.0033311210572719002,0.0033311210572719002
NDMANEMP,2024-12-31,-0.00014680746244266629,-0.0037635476328432001,-0.0037635476328432001,-0.00014680746244259999,0.0032891700975595998,0.0032891700975595998
NDMANEMP,2025-01-31,-4.1058112401515245e-05,-0.0036436561495065,-0.0036436561495065,-4.1058112401515245e-05,0.0034089735709130001,0.0034089735709130001
NDMANEMP,2025-02-28,-3.804708831012249e-05,-0.0037756680976599,-0.0037756680976599,-3.804708831012249e-05,0.0035800253972411,0.0035800253972411
NDMANEMP,2025-03-31,-4.3622334487736225e-05,-0.0038732863031327,-0.0038732863031327,-4.3622334487736225e-05,0.0035756556317209998,0.0035756556317209998
NDMANEMP,2025-04-30,-4.6217173803597689e-05,-0.0038252789527177,-0.0038252789527177,-4.6217173803597689e-05,0.0035938657820223999,0.0035938657820223999
NDMANEMP,2025-05-31,-0.00012850953498855233,-0.0038836395833641,-0.0038836395833641,-0.00012850953498849999,0.0035244883038102999,0.0035244883038102999
NDMANEMP,2025-06-30,-0.00025546253891661763,-0.0040162326768039998,-0.0040162326768039998,-0.00025546253891660001,0.0033918893896043001,0.0033918893896043001
NDMANEMP,2025-07-31,-0.00013740971917286515,-0.0039667082019149997,-0.0039667082019149997,-0.00013740971917279999,0.0035523367114365001,0.0035523367114365001
NONBORRES,2023-08-31,0.021263588219881058,-0.043062467128038399,-0.043062467128038399,0.021263588219880999,0.083467945456504794,0.083467945456504794
NONBORRES,2023-09-30,-0.026457695290446281,-0.085825040936470004,-0.085825040936470004,-0.026457695290446202,0.031371410004794598,0.031371410004794598
NONBORRES,2023-10-31,0.017190923914313316,-0.046261407434940303,-0.046261407434940303,0.0171909243799746,0.075688779354095403,0.075688779354095403
NONBORRES,2023-11-30,0.014461486600339413,-0.049954764544963802,-0.049954764544963802,0.0144614870660007,0.074365690350532504,0.074365690350532504
NONBORRES,2023-12-31,-0.020946867763996124,-0.083293810486793504,-0.083293810486793504,-0.0209468677639961,0.036333438940346199,0.036333438940346199
NONBORRES,2024-01-31,0.0025266425218433142,-0.060510013252496699,-0.060510013252496699,0.0025266427546739001,0.060851041227579103,0.060851041227579103
NONBORRES,2024-02-29,0.0038685470353811979,-0.056188043206930098,-0.056188043206930098,0.0038685468025505001,0.060813669115304898,0.060813669115304898
NONBORRES,2024-03-31,0.0057597565464675426,-0.062759652733802795,-0.062759652733802795,0.0057597567792981004,0.069926694035529993,0.069926694035529993
NONBORRES,2024-04-30,-0.0088316574692726135,-0.067606091499328599,-0.067606091499328599,-0.0088316574692725996,0.042117092758417102,0.042117092758417102
NONBORRES,2024-05-31,-0.015227305702865124,-0.077924430370330797,-0.077924430370330797,-0.015227305702865099,0.039840799756348098,0.039840799756348098
NONBORRES,2024-06-30,-0.0038347563240677118,-0.0647118389606475,-0.0647118389606475,-0.0038347560912370001,0.048215005546808201,0.048215005546808201
NONBORRES,2024-07-31,0.0083937076851725578,-0.060250896960496902,-0.060250896960496902,0.0083937076851725006,0.071372643113136194,0.071372643113136194
NONBORRES,2024-08-31,0.013781826943159103,-0.062954485416412298,-0.062954485416412298,0.0137818269431591,0.080394446849822998,0.080394446849822998
NONBORRES,2024-09-30,-0.031083352863788605,-0.097319483757019001,-0.097319483757019001,-0.031083352863788601,0.0275868624448776,0.0275868624448776
NONBORRES,2024-10-31,0.016207309439778328,-0.046008907258510499,-0.046008907258510499,0.0162073094397783,0.069292336702346802,0.069292336702346802
NONBORRES,2024-11-30,0.013205426745116711,-0.0605216361582279,-0.0605216361582279,0.013205426512285999,0.076335862278938293,0.076335862278938293
NONBORRES,2024-12-31,-0.023149909451603889,-0.085970267653465202,-0.085970267653465202,-0.023149909451603799,0.026873114984482499,0.026873114984482499
NONBORRES,2025-01-31,0.0011830038856714964,-0.063306570053100503,-0.063306570053100503,0.0011830036528408,0.055358063429593998,0.055358063429593998
NONBORRES,2025-02-28,-0.00032037735218182206,-0.076116859912872301,-0.076116859912872301,-0.00032037775963539999,0.065583484247326795,0.065583484247326795
NONBORRES,2025-03-31,0.0074263680726289749,-0.076494693756103502,-0.076494693756103502,0.0074263680726289003,0.083215713500976493,0.083215713500976493
NONBORRES,2025-04-30,-0.0042329444549977779,-0.073873132467269897,-0.073873132467269897,-0.0042329444549976999,0.061188364401459597,0.061188364401459597
NONBORRES,2025-05-31,-0.021340936422348022,-0.0830078870058059,-0.0830078870058059,-0.021340936422348002,0.035064741969108498,0.035064741969108498
NONBORRES,2025-06-30,-0.0060843233950436115,-0.067924216389655998,-0.067924216389655998,-0.0060843229293822999,0.0466974154114723,0.0466974154114723
NONBORRES,2025-07-31,0.0098726274445652962,-0.0636104345321655,-0.0636104345321655,0.0098726274445652008,0.0757933109998703,0.0757933109998703
NONREVSL,2023-08-31,0.00045570195652544498,-0.0026131158228963002,-0.0026131158228963002,0.00045570198562919998,0.0037722720298916002,0.0037722720298916002
NONREVSL,2023-09-30,0.0004409521643538028,-0.0027315227780491001,-0.0027315227780491001,0.00044095216435379998,0.0039116009138524003,0.0039116009138524003
NONREVSL,2023-10-31,-0.00014178208948578686,-0.0032350025139748998,-0.0032350025139748998,-0.0001417821040377,0.0033106836490332998,0.0033106836490332998
NONREVSL,2023-11-30,-0.00035858861519955099,-0.0033174722921103001,-0.0033174722921103001,-0.00035858858609569998,0.0030370643362402001,0.0030370643362402001
NONREVSL,2023-12-31,9.3897957412991673e-05,-0.0028245367575435998,-0.0028245367575435998,9.3897950137034059e-05,0.0034606810659169999,0.0034606810659169999
NONREVSL,2024-01-31,-5.9022589994128793e-05,-0.0029653590172528999,-0.0029653590172528999,-5.9022568166255951e-05,0.0033070447389036001,0.0033070447389036001
NONREVSL,2024-02-29,-0.00020611874060705304,-0.0031177878845483,-0.0031177878845483,-0.000206118740607,0.0031926282681523999,0.0031926282681523999
NONREVSL,2024-03-31,-0.00013551184383686632,-0.0030267105903476,-0.0030267105903476,-0.00013551185838869999,0.0032820217311381999,0.0032820217311381999
NONREVSL,2024-04-30,-0.00018325023120269179,-0.0031697282101958001,-0.0031697282101958001,-0.00018325023120259999,0.0033094147220252999,0.0033094147220252999
NONREVSL,2024-05-31,1.9843189875246026e-05,-0.0029663280583917999,-0.0029663280583917999,1.984316622838378e-05,0.0035168195609003002,0.0035168195609003002
NONREVSL,2024-06-30,-7.960391667438671e-05,-0.0030796367209404,-0.0030796367209404,-7.9603923950344324e-05,0.0033964742906391,0.0033964742906391
NONREVSL,2024-07-31,-9.7806987469084561e-05,-0.0030414173379540001,-0.0030414173379540001,-9.7806972917169319e-05,0.0033490059431641999,0.0033490059431641999
NONREVSL,2024-08-31,-0.00010184461280005053,-0.0031504277139902002,-0.0031504277139902002,-0.000101844605524,0.0034940126352012001,0.0034940126352012001
NONREVSL,2024-09-30,-0.00014680346066597849,-0.0031515860464423001,-0.0031515860464423001,-0.000146803446114,0.0034253385383635,0.0034253385383635
NONREVSL,2024-10-31,-0.00016925556701608002,-0.0031985479872673,-0.0031985479872673,-0.00016925556701600001,0.0034109465777873,0.0034109465777873
NONREVSL,2024-11-30,-0.00011349782289471477,-0.0031800158321857001,-0.0031800158321857001,-0.0001134978374466,0.0034938517492264002,0.0034938517492264002
NONREVSL,2024-12-31,-9.1730908025056124e-05,-0.0031222237739712,-0.0031222237739712,-9.1730908025056124e-05,0.0034805957693605999,0.0034805957693605999
NONREVSL,2025-01-31,-0.00012631340359803289,-0.0031783366575837001,-0.0031783366575837001,-0.00012631341814990001,0.0034808570053427999,0.0034808570053427999
NONREVSL,2025-02-28,-3.477378049865365e-05,-0.0032028488349168998,-0.0032028488349168998,-3.477378049865365e-05,0.0037121819332241999,0.0037121819332241999
NONREVSL,2025-03-31,-0.00010661274427548051,-0.0032879516948013999,-0.0032879516948013999,-0.00010661274427539999,0.0037067630328238002,0.0037067630328238002
NONREVSL,2025-04-30,-0.00020850016153417528,-0.0034050471149384,-0.0034050471149384,-0.00020850016153410001,0.0036275207530706999,0.0036275207530706999
NONREVSL,2025-05-31,-0.00012851854262407869,-0.0032890837173907999,-0.0032890837173907999,-0.0001285185571759,0.0036711895372718,0.0036711895372718
NONREVSL,2025-06-30,-6.6170032368972898e-05,-0.0033403527922927999,-0.0033403527922927999,-6.6170003265142441e-05,0.0038303174078464001,0.0038303174078464001
NONREVSL,2025-07-31,-9.4374423497356474e-05,-0.0034802649170159999,-0.0034802649170159999,-9.4374408945441246e-05,0.0039115892723202003,0.0039115892723202003
OILPRICEx,2023-08-31,-0.049902625381946564,-0.15541431307792661,-0.15541431307792661,-0.049902625381946501,0.066743412986397702,0.066743412986397702
OILPRICEx,2023-09-30,-0.011997105553746223,-0.1208638697862625,-0.1208638697862625,-0.011997105553746199,0.1110493913292884,0.1110493913292884
OILPRICEx,2023-10-31,0.0083590056747198105,-0.10231238603591911,-0.10231238603591911,0.0083590047433971994,0.1348067969083786,0.1348067969083786
OILPRICEx,2023-11-30,-0.012977778911590576,-0.1255540996789932,-0.1255540996789932,-0.0129777789115905,0.1175389438867569,0.1175389438867569
OILPRICEx,2023-12-31,-0.0027776597999036312,-0.1188158616423606,-0.1188158616423606,-0.0027776602655648999,0.13098849356174469,0.13098849356174469
OILPRICEx,2024-01-31,0.0042495289817452431,-0.1136665269732475,-0.1136665269732475,0.0042495280504225999,0.1421298086643219,0.1421298086643219
OILPRICEx,2024-02-29,-0.0051092971116304398,-0.12412358820438379,-0.12412358820438379,-0.0051092971116303999,0.13599479198455811,0.13599479198455811
OILPRICEx,2024-03-31,-0.0045049972832202911,-0.1239389106631279,-0.1239389106631279,-0.0045049972832202001,0.1381367743015289,0.1381367743015289
OILPRICEx,2024-04-30,-0.0066806850954890251,-0.12764255702495569,-0.12764255702495569,-0.0066806860268115997,0.13797228038310999,0.13797228038310999
OILPRICEx,2024-05-31,-0.017389547079801559,-0.13835529983043671,-0.13835529983043671,-0.0173895470798015,0.12874847650527951,0.12874847650527951
OILPRICEx,2024-06-30,-0.016195433214306831,-0.137865200638771,-0.137865200638771,-0.0161954332143068,0.12887236475944519,0.12887236475944519
OILPRICEx,2024-07-31,-0.0074311411008238792,-0.12803080677986139,-0.12803080677986139,-0.0074311420321464001,0.13828195631504059,0.13828195631504059
OILPRICEx,2024-08-31,-0.015161181800067425,-0.13643188774585721,-0.13643188774585721,-0.015161182731389999,0.1302918940782547,0.1302918940782547
OILPRICEx,2024-09-30,-0.014736942015588284,-0.1378537118434906,-0.1378537118434906,-0.014736942946910799,0.132139652967453,0.132139652967453
OILPRICEx,2024-10-31,-0.01028199028223753,-0.13320639729499811,-0.13320639729499811,-0.010281991213560099,0.1373980641365051,0.1373980641365051
OILPRICEx,2024-11-30,-0.014660893939435482,-0.13730387389659879,-0.13730387389659879,-0.014660894870757999,0.1330025643110275,0.1330025643110275
OILPRICEx,2024-12-31,-0.0068305348977446556,-0.12844541668891901,-0.12844541668891901,-0.0068305358290671999,0.1403903514146804,0.1403903514146804
OILPRICEx,2025-01-31,0.0017737144371494651,-0.120621345937252,-0.120621345937252,0.0017737150192260001,0.149869680404663,0.149869680404663
OILPRICEx,2025-02-28,-0.0069196019321680069,-0.13133634626865379,-0.13133634626865379,-0.006919601932168,0.14197130501270289,0.14197130501270289
OILPRICEx,2025-03-31,-0.0039853453636169434,-0.1287798136472702,-0.1287798136472702,-0.0039853453636169,0.14407472312450409,0.14407472312450409
OILPRICEx,2025-04-30,-0.0068506347015500069,-0.1311890035867691,-0.1311890035867691,-0.0068506337702274002,0.1402637511491775,0.1402637511491775
OILPRICEx,2025-05-31,-0.015565473586320877,-0.13681952655315399,-0.13681952655315399,-0.015565473586320801,0.12945431470870969,0.12945431470870969
OILPRICEx,2025-06-30,-0.012547838501632214,-0.13236223161220551,-0.13236223161220551,-0.0125478394329547,0.13373894989490509,0.13373894989490509
OILPRICEx,2025-07-31,-0.0078874845057725906,-0.12879820168018341,-0.12879820168018341,-0.0078874845057725004,0.13933631777763361,0.13933631777763361
PAYEMS,2023-08-31,0.0013085416285321116,-0.00019727193284769999,-0.00019727193284769999,0.0013085416285320999,0.0029078768566249999,0.0029078768566249999
PAYEMS,2023-09-30,0.0014236790593713522,-0.0002023626584559,-0.0002023626584559,0.0014236790593712999,0.0031606692355125999,0.0031606692355125999
PAYEMS,2023-10-31,0.001440702355466783,-0.0002649255329743,-0.0002649255329743,0.0014407023554667,0.0033484860323369,0.0033484860323369
PAYEMS,2023-11-30,0.0014173166127875447,-0.00026210083160540002,-0.00026210083160540002,0.0014173166127875001,0.0033132487442344002,0.0033132487442344002
PAYEMS,2023-12-31,0.0014646435156464577,-0.00028126896359019997,-0.00028126896359019997,0.0014646435156464,0.0033987748902290999,0.0033987748902290999
PAYEMS,2024-01-31,0.0015396997332572937,-0.00022602151148019999,-0.00022602151148019999,0.0015396997332572,0.0035244594328104999,0.0035244594328104999
PAYEMS,2024-02-29,0.0015677637420594692,-0.0001862510107457,-0.0001862510107457,0.0015677637420594001,0.0035339558962731998,0.0035339558962731998
PAYEMS,2024-03-31,0.0015971318352967501,-0.0002330509014427,-0.0002330509014427,0.0015971318352967,0.0035896655172109001,0.0035896655172109001
PAYEMS,2024-04-30,0.0015744476113468409,-0.00034251541364929998,-0.00034251541364929998,0.0015744476113468001,0.0035897633060812,0.0035897633060812
PAYEMS,2024-05-31,0.0015136501751840115,-0.00043426721822469998,-0.00043426721822469998,0.001513650175184,0.0035951808094977999,0.0035951808094977999
PAYEMS,2024-06-30,0.001520581659860909,-0.00047377613373099999,-0.00047377613373099999,0.0015205816598609001,0.0036277472972869001,0.0036277472972869001
PAYEMS,2024-07-31,0.0015589185059070587,-0.00039160961750889998,-0.00039160961750889998,0.001558918505907,0.0036440147086977,0.0036440147086977
PAYEMS,2024-08-31,0.0015187925891950727,-0.00061217381153249998,-0.00061217381153249998,0.001518792589195,0.0037643231917171998,0.0037643231917171998
PAYEMS,2024-09-30,0.0015012851217761636,-0.00058932020328929995,-0.00058932020328929995,0.0015012851217761,0.0037350060883909,0.0037350060883909
PAYEMS,2024-10-31,0.0015332794282585382,-0.00067295436747370004,-0.00067295436747370004,0.0015332794282585001,0.0038621905259788002,0.0038621905259788002
PAYEMS,2024-11-30,0.0014963942812755704,-0.00076824531424790003,-0.00076824531424790003,0.0014963942812754999,0.0038425098173319999,0.0038425098173319999
PAYEMS,2024-12-31,0.0013521007495000958,-0.0009032990783452,-0.0009032990783452,0.0013521007495,0.0037156860344111,0.0037156860344111
PAYEMS,2025-01-31,0.0013728921767324209,-0.00084737082943320003,-0.00084737082943320003,0.0013728921767324001,0.0037288414314388999,0.0037288414314388999
PAYEMS,2025-02-28,0.0014643083559349179,-0.00089810043573369997,-0.00089810043573369997,0.0014643083559348999,0.0039375424385070003,0.0039375424385070003
PAYEMS,2025-03-31,0.0014688269002363086,-0.00092979823239139998,-0.00092979823239139998,0.0014688269002362999,0.0039649507962167003,0.0039649507962167003
PAYEMS,2025-04-30,0.0014968365430831909,-0.0008522676071152,-0.0008522676071152,0.0014968365430831001,0.0039917165413498002,0.0039917165413498002
PAYEMS,2025-05-31,0.0015171805862337351,-0.00081498350482430001,-0.00081498350482430001,0.0015171805862337,0.0039637414738534996,0.0039637414738534996
PAYEMS,2025-06-30,0.0015469745267182589,-0.000830314704217,-0.000830314704217,0.0015469745267182001,0.0039948467165231002,0.0039948467165231002
PAYEMS,2025-07-31,0.0015857240650802851,-0.00093334191478779995,-0.00093334191478779995,0.0015857240650802001,0.0041300645098089998,0.0041300645098089998
PCEPI,2023-08-31,0.0023248440120369196,0.00047012139111749998,0.00047012139111749998,0.0023248440120369001,0.0043197916820645003,0.0043197916820645003
PCEPI,2023-09-30,0.0023524689022451639,0.00038053945172569997,0.00038053945172569997,0.0023524689022451002,0.0045250989496706997,0.0045250989496706997
PCEPI,2023-10-31,0.0024056194815784693,0.0003339163959026,0.0003339163959026,0.0024056194815783999,0.0047257160767911997,0.0047257160767911997
PCEPI,2023-11-30,0.0024171080440282822,0.00026155309751620001,0.00026155309751620001,0.0024171080440282002,0.0048367539420722996,0.0048367539420722996
PCEPI,2023-12-31,0.002419555326923728,0.00021899270359420001,0.00021899270359420001,0.0024195553269236998,0.0049513624981045003,0.0049513624981045003
PCEPI,2024-01-31,0.0024616762530058622,0.00015674158930770001,0.00015674158930770001,0.0024616762530057998,0.0050701918080449,0.0050701918080449
PCEPI,2024-02-29,0.0024882897268980742,0.00017084018327289999,0.00017084018327289999,0.002488289726898,0.0051574818789958,0.0051574818789958
PCEPI,2024-03-31,0.0025019238237291574,0.00016158539801829999,0.00016158539801829999,0.0025019238237291002,0.0052356431260703997,0.0052356431260703997
PCEPI,2024-04-30,0.0024392418563365936,0.0001168744638562,0.0001168744638562,0.0024392418563365,0.0051760217174886998,0.0051760217174886998
PCEPI,2024-05-31,0.0024444693699479103,0.0001166420988738,0.0001166420988738,0.0024444693699478999,0.0051905140280722999,0.0051905140280722999
PCEPI,2024-06-30,0.0025136840995401144,0.0001644361764192,0.0001644361764192,0.0025136840995401001,0.0052718343213199997,0.0052718343213199997
PCEPI,2024-07-31,0.0025438193697482347,0.00019504199735820001,0.00019504199735820001,0.0025438193697482001,0.0053415945731103004,0.0053415945731103004
PCEPI,2024-08-31,0.0025093329604715109,0.00021907605696459999,0.00021907605696459999,0.0025093329604715,0.0052905911579727996,0.0052905911579727996
PCEPI,2024-09-30,0.0025654698256403208,0.00021781690884380001,0.00021781690884380001,0.0025654698256403,0.0053861993364989003,0.0053861993364989003
PCEPI,2024-10-31,0.0025919373147189617,0.0002193799009546,0.0002193799009546,0.0025919373147189001,0.0054410393349825998,0.0054410393349825998
PCEPI,2024-11-30,0.0025598122738301754,0.0001842740457504,0.0001842740457504,0.0025598122738300999,0.0054361214861273002,0.0054361214861273002
PCEPI,2024-12-31,0.0025821425952017307,0.00018756114877760001,0.00018756114877760001,0.0025821425952016999,0.0055068410001695,0.0055068410001695
PCEPI,2025-01-31,0.0026638971175998449,0.0002262704074382,0.0002262704074382,0.0026638971175997998,0.0056447559036314002,0.0056447559036314002
PCEPI,2025-02-28,0.002684764564037323,0.00019629776943469999,0.00019629776943469999,0.0026847645640373,0.0058197914622724004,0.0058197914622724004
PCEPI,2025-03-31,0.0026798183098435402,0.00012960145249960001,0.00012960145249960001,0.0026798183098434999,0.0058467537164687998,0.0058467537164687998
PCEPI,2025-04-30,0.0026634684763848782,9.3129463493824005e-05,9.3129463493824005e-05,0.0026634684763848001,0.0058396235108375003,0.0058396235108375003
PCEPI,2025-05-31,0.0026985700242221355,0.00017633289098729999,0.00017633289098729999,0.0026985700242221,0.0059027890674769002,0.0059027890674769002
PCEPI,2025-06-30,0.0026931264437735081,0.00017018732614810001,0.00017018732614810001,0.0026931264437734998,0.0058968965895473003,0.0058968965895473003
PCEPI,2025-07-31,0.0027311870362609625,0.000186450430192,0.000186450430192,0.0027311870362609,0.0059750257059931,0.0059750257059931
PERMIT,2023-08-31,7.3220181465148926,7.2427077293395996,7.2427077293395996,7.3220181465148926,7.4205851554870605,7.4205851554870605
PERMIT,2023-09-30,7.3194212913513184,7.2220706939697266,7.2220706939697266,7.3194212913513184,7.4335155487060547,7.4335155487060547
PERMIT,2023-10-31,7.3177518844604492,7.2072749137878418,7.2072749137878418,7.3177518844604492,7.4521346092224121,7.4521346092224121
PERMIT,2023-11-30,7.3116192817687988,7.1791830062866211,7.1791830062866211,7.3116192817687988,7.4550318717956543,7.4550318717956543
PERMIT,2023-12-31,7.3124332427978516,7.1657247543334961,7.1657247543334961,7.3124332427978516,7.4621963500976562,7.4621963500976562
PERMIT,2024-01-31,7.3118529319763184,7.159062385559082,7.159062385559082,7.3118529319763184,7.4630618095397949,7.4630618095397949
PERMIT,2024-02-29,7.3167147636413574,7.1434612274169922,7.1434612274169922,7.3167147636413574,7.479468822479248,7.479468822479248
PERMIT,2024-03-31,7.317197322845459,7.1282444000244141,7.1282444000244141,7.317197322845459,7.4899811744689941,7.4899811744689941
PERMIT,2024-04-30,7.3126811981201172,7.1216764450073242,7.1216764450073242,7.3126811981201172,7.4922795295715332,7.4922795295715332
PERMIT,2024-05-31,7.3086819648742676,7.1074624061584473,7.1074624061584473,7.3086819648742676,7.5015630722045898,7.5015630722045898
PERMIT,2024-06-30,7.3052387237548828,7.0955476760864258,7.0955476760864258,7.3052387237548828,7.4969677925109863,7.4969677925109863
PERMIT,2024-07-31,7.3019089698791504,7.0793561935424805,7.0793561935424805,7.3019089698791504,7.5160255432128906,7.5160255432128906
PERMIT,2024-08-31,7.3042244911193848,7.0935535430908203,7.0935535430908203,7.3042244911193848,7.5052981376647949,7.5052981376647949
PERMIT,2024-09-30,7.3067703247070312,7.0849461555480957,7.0849461555480957,7.3067703247070312,7.5144872665405273,7.5144872665405273
PERMIT,2024-10-31,7.3060851097106934,7.0815396308898926,7.0815396308898926,7.3060851097106934,7.5174555778503418,7.5174555778503418
PERMIT,2024-11-30,7.3034415245056152,7.0805802345275879,7.0805802345275879,7.3034415245056152,7.515864372253418,7.515864372253418
PERMIT,2024-12-31,7.2995634078979492,7.0635299682617188,7.0635299682617188,7.2995634078979492,7.5258851051330566,7.5258851051330566
PERMIT,2025-01-31,7.3036823272705078,7.0750746726989746,7.0750746726989746,7.3036823272705078,7.5248560905456543,7.5248560905456543
PERMIT,2025-02-28,7.2951211929321289,7.0416784286499023,7.0416784286499023,7.2951211929321289,7.5218267440795898,7.5218267440795898
PERMIT,2025-03-31,7.2913813591003418,7.0373973846435547,7.0373973846435547,7.2913813591003418,7.5182952880859375,7.5182952880859375
PERMIT,2025-04-30,7.2841534614562988,7.028191089630127,7.028191089630127,7.2841534614562988,7.5128931999206543,7.5128931999206543
PERMIT,2025-05-31,7.2856688499450684,7.0223536491394043,7.0223536491394043,7.2856688499450684,7.526890754699707,7.526890754699707
PERMIT,2025-06-30,7.292750358581543,7.0298404693603516,7.0298404693603516,7.292750358581543,7.5327229499816895,7.5327229499816895
PERMIT,2025-07-31,7.2883915901184082,7.0298399925231934,7.0298399925231934,7.2883915901184082,7.520172119140625,7.520172119140625
PERMITMW,2023-08-31,5.3030524253845215,5.1943445205688477,5.1943445205688477,5.3030524253845215,5.4159445762634277,5.4159445762634277
PERMITMW,2023-09-30,5.3087272644042969,5.1798133850097656,5.1798133850097656,5.3087272644042969,5.4353690147399902,5.4353690147399902
PERMITMW,2023-10-31,5.313941478729248,5.1642060279846191,5.1642060279846191,5.313941478729248,5.4574675559997559,5.4574675559997559
PERMITMW,2023-11-30,5.3149218559265137,5.1520485877990723,5.1520485877990723,5.3149218559265137,5.4678630828857422,5.4678630828857422
PERMITMW,2023-12-31,5.3231573104858398,5.1469569206237793,5.1469569206237793,5.3231573104858398,5.4888863563537598,5.4888863563537598
PERMITMW,2024-01-31,5.3246312141418457,5.1383190155029297,5.1383190155029297,5.3246312141418457,5.5009880065917969,5.5009880065917969
PERMITMW,2024-02-29,5.3310456275939941,5.132594108581543,5.132594108581543,5.3310456275939941,5.516876220703125,5.516876220703125
PERMITMW,2024-03-31,5.3378543853759766,5.1312041282653809,5.1312041282653809,5.3378543853759766,5.5340414047241211,5.5340414047241211
PERMITMW,2024-04-30,5.3430876731872559,5.1270961761474609,5.1270961761474609,5.3430876731872559,5.5449051856994629,5.5449051856994629
PERMITMW,2024-05-31,5.3455820083618164,5.1195945739746094,5.1195945739746094,5.3455820083618164,5.5560173988342285,5.5560173988342285
PERMITMW,2024-06-30,5.3431487083435059,5.1122150421142578,5.1122150421142578,5.3431487083435059,5.5537858009338379,5.5537858009338379
PERMITMW,2024-07-31,5.3501462936401367,5.1170063018798828,5.1170063018798828,5.3501462936401367,5.5682511329650879,5.5682511329650879
PERMITMW,2024-08-31,5.3484597206115723,5.1135163307189941,5.1135163307189941,5.3484597206115723,5.567227840423584,5.567227840423584
PERMITMW,2024-09-30,5.3446245193481445,5.1045122146606445,5.1045122146606445,5.3446245193481445,5.5753703117370605,5.5753703117370605
PERMITMW,2024-10-31,5.3540973663330078,5.1031794548034668,5.1031794548034668,5.3540973663330078,5.5865488052368164,5.5865488052368164
PERMITMW,2024-11-30,5.3583178520202637,5.096341609954834,5.096341609954834,5.3583178520202637,5.5916662216186523,5.5916662216186523
PERMITMW,2024-12-31,5.367919921875,5.1016054153442383,5.1016054153442383,5.367919921875,5.608942985534668,5.608942985534668
PERMITMW,2025-01-31,5.3654265403747559,5.0961360931396484,5.0961360931396484,5.3654265403747559,5.6069483757019043,5.6069483757019043
PERMITMW,2025-02-28,5.3689193725585938,5.0860204696655273,5.0860204696655273,5.3689193725585938,5.6227593421936035,5.6227593421936035
PERMITMW,2025-03-31,5.3664069175720215,5.0763630867004395,5.0763630867004395,5.3664069175720215,5.6208810806274414,5.6208810806274414
PERMITMW,2025-04-30,5.3654689788818359,5.0770916938781738,5.0770916938781738,5.3654689788818359,5.6276893615722656,5.6276893615722656
PERMITMW,2025-05-31,5.3738689422607422,5.0816974639892578,5.0816974639892578,5.3738689422607422,5.6434316635131836,5.6434316635131836
PERMITMW,2025-06-30,5.3764348030090332,5.0788578987121582,5.0788578987121582,5.3764348030090332,5.6449346542358398,5.6449346542358398
PERMITMW,2025-07-31,5.3835701942443848,5.0838661193847656,5.0838661193847656,5.3835701942443848,5.6548080444335938,5.6548080444335938
PERMITNE,2023-08-31,4.9309477806091309,4.7388172149658203,4.7388172149658203,4.9309477806091309,5.129819393157959,5.129819393157959
PERMITNE,2023-09-30,4.935636043548584,4.7247419357299805,4.7247419357299805,4.935636043548584,5.1525263786315918,5.1525263786315918
PERMITNE,2023-10-31,4.9474782943725586,4.7147541046142578,4.7147541046142578,4.9474782943725586,5.1784486770629883,5.1784486770629883
PERMITNE,2023-11-30,4.9437723159790039,4.6946306228637695,4.6946306228637695,4.9437723159790039,5.1821184158325195,5.1821184158325195
PERMITNE,2023-12-31,4.9601736068725586,4.6959629058837891,4.6959629058837891,4.9601736068725586,5.2004241943359375,5.2004241943359375
PERMITNE,2024-01-31,4.9651999473571777,4.6940274238586426,4.6940274238586426,4.9651999473571777,5.2110624313354492,5.2110624313354492
PERMITNE,2024-02-29,4.971656322479248,4.6870040893554688,4.6870040893554688,4.971656322479248,5.2215332984924316,5.2215332984924316
PERMITNE,2024-03-31,4.9820127487182617,4.6932563781738281,4.6932563781738281,4.9820127487182617,5.2390446662902832,5.2390446662902832
PERMITNE,2024-04-30,4.9757957458496094,4.6829333305358887,4.6829333305358887,4.9757957458496094,5.239743709564209,5.239743709564209
PERMITNE,2024-05-31,4.9735455513000488,4.6679263114929199,4.6679263114929199,4.9735455513000488,5.2455368041992188,5.2455368041992188
PERMITNE,2024-06-30,4.977637767791748,4.6623053550720215,4.6623053550720215,4.977637767791748,5.24853515625,5.24853515625
PERMITNE,2024-07-31,4.9773387908935547,4.6624240875244141,4.6624240875244141,4.9773387908935547,5.2606902122497559,5.2606902122497559
PERMITNE,2024-08-31,4.9681167602539062,4.6544852256774902,4.6544852256774902,4.9681167602539062,5.2508559226989746,5.2508559226989746
PERMITNE,2024-09-30,4.9734644889831543,4.6494717597961426,4.6494717597961426,4.9734644889831543,5.2721290588378906,5.2721290588378906
PERMITNE,2024-10-31,4.9801821708679199,4.6468596458435059,4.6468596458435059,4.9801821708679199,5.2713861465454102,5.2713861465454102
PERMITNE,2024-11-30,4.9774513244628906,4.6390233039855957,4.6390233039855957,4.9774513244628906,5.2747721672058105,5.2747721672058105
PERMITNE,2024-12-31,4.9766955375671387,4.6322808265686035,4.6322808265686035,4.9766955375671387,5.2816920280456543,5.2816920280456543
PERMITNE,2025-01-31,4.9793252944946289,4.6262426376342773,4.6262426376342773,4.9793252944946289,5.281001091003418,5.281001091003418
PERMITNE,2025-02-28,4.9798426628112793,4.6068720817565918,4.6068720817565918,4.9798426628112793,5.297701358795166,5.297701358795166
PERMITNE,2025-03-31,4.9775872230529785,4.6065788269042969,4.6065788269042969,4.9775872230529785,5.3065752983093262,5.3065752983093262
PERMITNE,2025-04-30,4.9739956855773926,4.6004915237426758,4.6004915237426758,4.9739956855773926,5.3050589561462402,5.3050589561462402
PERMITNE,2025-05-31,4.9895205497741699,4.6086869239807129,4.6086869239807129,4.9895205497741699,5.3244829177856445,5.3244829177856445
PERMITNE,2025-06-30,4.9966297149658203,4.6122078895568848,4.6122078895568848,4.9966297149658203,5.3343138694763184,5.3343138694763184
PERMITNE,2025-07-31,4.9913125038146973,4.6079220771789551,4.6079220771789551,4.9913125038146973,5.334958553314209,5.334958553314209
PERMITS,2023-08-31,6.7312884330749512,6.6495628356933594,6.6495628356933594,6.7312884330749512,6.8261356353759766,6.8261356353759766
PERMITS,2023-09-30,6.7291693687438965,6.6344952583312988,6.6344952583312988,6.7291693687438965,6.8385205268859863,6.8385205268859863
PERMITS,2023-10-31,6.7310910224914551,6.6252822875976562,6.6252822875976562,6.7310910224914551,6.8502345085144043,6.8502345085144043
PERMITS,2023-11-30,6.7246174812316895,6.6055998802185059,6.6055998802185059,6.7246174812316895,6.8498759269714355,6.8498759269714355
PERMITS,2023-12-31,6.7243165969848633,6.5947227478027344,6.5947227478027344,6.7243165969848633,6.8498201370239258,6.8498201370239258
PERMITS,2024-01-31,6.7242393493652344,6.5874381065368652,6.5874381065368652,6.7242393493652344,6.8620443344116211,6.8620443344116211
PERMITS,2024-02-29,6.7233157157897949,6.5755214691162109,6.5755214691162109,6.7233157157897949,6.8667130470275879,6.8667130470275879
PERMITS,2024-03-31,6.7237029075622559,6.5622148513793945,6.5622148513793945,6.7237029075622559,6.8775625228881836,6.8775625228881836
PERMITS,2024-04-30,6.724945068359375,6.5614242553710938,6.5614242553710938,6.724945068359375,6.8817658424377441,6.8817658424377441
PERMITS,2024-05-31,6.7212457656860352,6.5460023880004883,6.5460023880004883,6.7212457656860352,6.891326904296875,6.891326904296875
PERMITS,2024-06-30,6.7205953598022461,6.5342588424682617,6.5342588424682617,6.7205953598022461,6.8877239227294922,6.8877239227294922
PERMITS,2024-07-31,6.7205171585083008,6.520296573638916,6.520296573638916,6.7205171585083008,6.9039878845214844,6.9039878845214844
PERMITS,2024-08-31,6.7208900451660156,6.5244026184082031,6.5244026184082031,6.7208900451660156,6.8976411819458008,6.8976411819458008
PERMITS,2024-09-30,6.7176828384399414,6.508148193359375,6.508148193359375,6.7176828384399414,6.9085211753845215,6.9085211753845215
PERMITS,2024-10-31,6.7227292060852051,6.4999585151672363,6.4999585151672363,6.7227292060852051,6.9219727516174316,6.9219727516174316
PERMITS,2024-11-30,6.7199373245239258,6.4883036613464355,6.4883036613464355,6.7199373245239258,6.926030158996582,6.926030158996582
PERMITS,2024-12-31,6.7167048454284668,6.4701695442199707,6.4701695442199707,6.7167048454284668,6.9287090301513672,6.9287090301513672
PERMITS,2025-01-31,6.7189054489135742,6.4730877876281738,6.4730877876281738,6.7189054489135742,6.9344472885131836,6.9344472885131836
PERMITS,2025-02-28,6.7173452377319336,6.4463748931884766,6.4463748931884766,6.7173452377319336,6.9424371719360352,6.9424371719360352
PERMITS,2025-03-31,6.7172374725341797,6.4402270317077637,6.4402270317077637,6.7172374725341797,6.9490771293640137,6.9490771293640137
PERMITS,2025-04-30,6.7197303771972656,6.4423141479492188,6.4423141479492188,6.7197303771972656,6.9595394134521484,6.9595394134521484
PERMITS,2025-05-31,6.7150192260742188,6.427828311920166,6.427828311920166,6.7150192260742188,6.9670743942260742,6.9670743942260742
PERMITS,2025-06-30,6.7194662094116211,6.4293031692504883,6.4293031692504883,6.7194662094116211,6.9712562561035156,6.9712562561035156
PERMITS,2025-07-31,6.7198991775512695,6.4313292503356934,6.4313292503356934,6.7198991775512695,6.9769806861877441,6.9769806861877441
PERMITW,2023-08-31,5.8598389625549316,5.7503829002380371,5.7503829002380371,5.8598389625549316,5.9892101287841797,5.9892101287841797
PERMITW,2023-09-30,5.8695006370544434,5.746673583984375,5.746673583984375,5.8695006370544434,6.0092005729675293,6.0092005729675293
PERMITW,2023-10-31,5.8709096908569336,5.7414951324462891,5.7414951324462891,5.8709096908569336,6.0236573219299316,6.0236573219299316
PERMITW,2023-11-30,5.8761978149414062,5.7307920455932617,5.7307920455932617,5.8761978149414062,6.0397896766662598,6.0397896766662598
PERMITW,2023-12-31,5.8852086067199707,5.7247004508972168,5.7247004508972168,5.8852086067199707,6.0378365516662598,6.0378365516662598
PERMITW,2024-01-31,5.8890933990478516,5.7276706695556641,5.7276706695556641,5.8890933990478516,6.0498676300048828,6.0498676300048828
PERMITW,2024-02-29,5.9006414413452148,5.722135066986084,5.722135066986084,5.9006414413452148,6.0654592514038086,6.0654592514038086
PERMITW,2024-03-31,5.9026761054992676,5.7118892669677734,5.7118892669677734,5.9026761054992676,6.0747208595275879,6.0747208595275879
PERMITW,2024-04-30,5.9089040756225586,5.7171311378479004,5.7171311378479004,5.9089040756225586,6.0806317329406738,6.0806317329406738
PERMITW,2024-05-31,5.9017901420593262,5.6972684860229492,5.6972684860229492,5.9017901420593262,6.0881037712097168,6.0881037712097168
PERMITW,2024-06-30,5.9022455215454102,5.6867170333862305,5.6867170333862305,5.9022455215454102,6.0756068229675293,6.0756068229675293
PERMITW,2024-07-31,5.8997631072998047,5.6758475303649902,5.6758475303649902,5.8997631072998047,6.097264289855957,6.097264289855957
PERMITW,2024-08-31,5.8996639251708984,5.6781721115112305,5.6781721115112305,5.8996639251708984,6.0781779289245605,6.0781779289245605
PERMITW,2024-09-30,5.9008822441101074,5.681185245513916,5.681185245513916,5.9008822441101074,6.0996608734130859,6.0996608734130859
PERMITW,2024-10-31,5.9001951217651367,5.6672525405883789,5.6672525405883789,5.9001951217651367,6.0904054641723633,6.0904054641723633
PERMITW,2024-11-30,5.8975396156311035,5.6706085205078125,5.6706085205078125,5.8975396156311035,6.095461368560791,6.095461368560791
PERMITW,2024-12-31,5.891535758972168,5.6443519592285156,5.6443519592285156,5.891535758972168,6.0980005264282227,6.0980005264282227
PERMITW,2025-01-31,5.8864521980285645,5.6461529731750488,5.6461529731750488,5.8864521980285645,6.0921549797058105,6.0921549797058105
PERMITW,2025-02-28,5.8872694969177246,5.622617244720459,5.622617244720459,5.8872694969177246,6.0860061645507812,6.0860061645507812
PERMITW,2025-03-31,5.8788318634033203,5.6088557243347168,5.6088557243347168,5.8788318634033203,6.0759158134460449,6.0759158134460449
PERMITW,2025-04-30,5.8802585601806641,5.6200566291809082,5.6200566291809082,5.8802585601806641,6.081641674041748,6.081641674041748
PERMITW,2025-05-31,5.8858737945556641,5.6201295852661133,5.6201295852661133,5.8858737945556641,6.0987186431884766,6.0987186431884766
PERMITW,2025-06-30,5.8921928405761719,5.6261534690856934,5.6261534690856934,5.8921928405761719,6.100090503692627,6.100090503692627
PERMITW,2025-07-31,5.8910765647888184,5.6268939971923828,5.6268939971923828,5.8910765647888184,6.1008768081665039,6.1008768081665039
PPICMM,2023-08-31,-0.013633862137794495,-0.055471405386924702,-0.055471405386924702,-0.013633862137794399,0.031590465456247302,0.031590465456247302
PPICMM,2023-09-30,0.00064524885965511203,-0.042948588728904703,-0.042948588728904703,0.00064524915069340001,0.048243697732686899,0.048243697732686899
PPICMM,2023-10-31,0.0041334382258355618,-0.040287896990776,-0.040287896990776,0.0041334377601741999,0.0529297329485416,0.0529297329485416
PPICMM,2023-11-30,-0.0025425269268453121,-0.047755166888237,-0.047755166888237,-0.0025425273925065001,0.047148033976554801,0.047148033976554801
PPICMM,2023-12-31,-0.0025948022957891226,-0.048349685966968502,-0.048349685966968502,-0.0025948025286196999,0.047905661165714201,0.047905661165714201
PPICMM,2024-01-31,-0.0015870537608861923,-0.047866500914096798,-0.047866500914096798,-0.0015870537608860999,0.049555752426385803,0.049555752426385803
PPICMM,2024-02-29,-0.00086479383753612638,-0.047064676880836397,-0.047064676880836397,-0.00086479354649780002,0.050877109169960001,0.050877109169960001
PPICMM,2024-03-31,-0.0020453254692256451,-0.047633919864892897,-0.047633919864892897,-0.0020453250035643001,0.050114929676055901,0.050114929676055901
PPICMM,2024-04-30,-0.001193624222651124,-0.047002993524074499,-0.047002993524074499,-0.0011936239898203999,0.051432803273200899,0.051432803273200899
PPICMM,2024-05-31,-0.0020051156170666218,-0.047919232398271498,-0.047919232398271498,-0.0020051151514053002,0.050438720732927302,0.050438720732927302
PPICMM,2024-06-30,-0.0014987790491431952,-0.047160062938928597,-0.047160062938928597,-0.0014987792819738,0.050832502543926197,0.050832502543926197
PPICMM,2024-07-31,-0.0014324546791613102,-0.046460863202810197,-0.046460863202810197,-0.0014324551448224999,0.0505373179912567,0.0505373179912567
PPICMM,2024-08-31,-0.0023965348955243826,-0.047109674662351601,-0.047109674662351601,-0.0023965351283549998,0.0494869910180568,0.0494869910180568
PPICMM,2024-09-30,-0.0014820876531302929,-0.046687163412570898,-0.046687163412570898,-0.0014820871874689999,0.050574939697980797,0.050574939697980797
PPICMM,2024-10-31,-0.0012359230313450098,-0.046389210969209602,-0.046389210969209602,-0.0012359227985143,0.0506148561835289,0.0506148561835289
PPICMM,2024-11-30,-0.0015382685232907534,-0.046452742069959599,-0.046452742069959599,-0.0015382682904601,0.050319571048021303,0.050319571048021303
PPICMM,2024-12-31,-0.00083489652024582028,-0.045350007712840999,-0.045350007712840999,-0.0008348962292075,0.050546552985906601,0.050546552985906601
PPICMM,2025-01-31,-0.00069483474362641573,-0.045280940830707501,-0.045280940830707501,-0.00069483462721100001,0.050797887146472903,0.050797887146472903
PPICMM,2025-02-28,-0.001386553980410099,-0.046322055160999298,-0.046322055160999298,-0.0013865539804099999,0.050395589321851703,0.050395589321851703
PPICMM,2025-03-31,-0.0014102507848292589,-0.0464659929275512,-0.0464659929275512,-0.0014102505519986001,0.050638444721698699,0.050638444721698699
PPICMM,2025-04-30,-0.0019903783686459064,-0.047378677874803501,-0.047378677874803501,-0.0019903788343071001,0.050053466111421502,0.050053466111421502
PPICMM,2025-05-31,-0.0031646699644625187,-0.047767728567123399,-0.047767728567123399,-0.0031646704301237999,0.048115167766809401,0.048115167766809401
PPICMM,2025-06-30,-0.0023986343294382095,-0.0470086634159088,-0.0470086634159088,-0.0023986343294382,0.048977356404066003,0.048977356404066003
PPICMM,2025-07-31,-0.0010992835741490126,-0.045947942882776198,-0.045947942882776198,-0.0010992838069796001,0.0503253228962421,0.0503253228962421
REALLN,2023-08-31,-0.00057473470224067569,-0.0042934119701385004,-0.0042934119701385004,-0.00057473470224060001,0.0030787561554461002,0.0030787561554461002
REALLN,2023-09-30,-0.00034169582067988813,-0.0041857026517390997,-0.0041857026517390997,-0.00034169584978369999,0.0034299725666641998,0.0034299725666641998
REALLN,2023-10-31,-5.6168184528360143e-05,-0.0038661898579448002,-0.0038661898579448002,-5.6168180890381336e-05,0.0036595913115888001,0.0036595913115888001
REALLN,2023-11-30,0.00027201086049899459,-0.0035385149531066001,-0.0035385149531066001,0.0002720108313951,0.0039538629353046001,0.0039538629353046001
REALLN,2023-12-31,-6.9518937380053103e-05,-0.0038164055440574,-0.0038164055440574,-6.9518922828137875e-05,0.0036070568021385999,0.0036070568021385999
REALLN,2024-01-31,2.3435248294845223e-05,-0.0037524658255278999,-0.0037524658255278999,2.3435219191014767e-05,0.0036963336169719002,0.0036963336169719002
REALLN,2024-02-29,0.00015963197802193463,-0.0035995983052998001,-0.0035995983052998001,0.00015963197802189999,0.0038067093119025001,0.0038067093119025001
REALLN,2024-03-31,5.9783618780784309e-05,-0.0036755364853888,-0.0036755364853888,5.9783633332699537e-05,0.0036847826559095998,0.0036847826559095998
REALLN,2024-04-30,0.00012724607950076461,-0.0036627040244638,-0.0036627040244638,0.00012724610860450001,0.0038582228589802,0.0038582228589802
REALLN,2024-05-31,-0.00014758562610950321,-0.0040035815909503997,-0.0040035815909503997,-0.00014758564066140001,0.0036001817788928001,0.0036001817788928001
REALLN,2024-06-30,-2.4816836230456829e-06,-0.0038336338475346001,-0.0038336338475346001,-2.4816836230456829e-06,0.0037341632414608999,0.0037341632414608999
REALLN,2024-07-31,0.00013967260019853711,-0.0036895028315483999,-0.0036895028315483999,0.0001396726001985,0.0038608280010521,0.0038608280010521
REALLN,2024-08-31,0.00014919154637027532,-0.0037310598418116001,-0.0037310598418116001,0.00014919156092209999,0.0039237877354024999,0.0039237877354024999
REALLN,2024-09-30,7.558080687886104e-05,-0.0038325702771544001,-0.0038325702771544001,7.5580785050988197e-05,0.0038483170792459999,0.0038483170792459999
REALLN,2024-10-31,0.00015526296920143068,-0.0037595788016915,-0.0037595788016915,0.0001552629692014,0.0039608078077434999,0.0039608078077434999
REALLN,2024-11-30,7.8308126830961555e-05,-0.003879070514813,-0.003879070514813,7.8308105003088713e-05,0.0039242580533026998,0.0039242580533026998
REALLN,2024-12-31,2.7149471861775964e-05,-0.0039059564005583,-0.0039059564005583,2.7149450033903119e-05,0.0038388192187993999,0.0038388192187993999
REALLN,2025-01-31,7.6942727901041508e-05,-0.0038745456840841999,-0.0038745456840841999,7.6942727901041508e-05,0.0039352662861346999,0.0039352662861346999
REALLN,2025-02-28,2.4614590074634179e-05,-0.0040071075782179,-0.0040071075782179,2.461456460878253e-05,0.004010765813291,0.004010765813291
REALLN,2025-03-31,4.0295046346727759e-05,-0.0040851999074219998,-0.0040851999074219998,4.0295068174600601e-05,0.0040822671726345999,0.0040822671726345999
REALLN,2025-04-30,0.00012814547517336905,-0.0040164124220608997,-0.0040164124220608997,0.00012814547517330001,0.0042095631361006997,0.0042095631361006997
REALLN,2025-05-31,0.00011861664825119078,-0.0040063578635453996,-0.0040063578635453996,0.0001186166191473,0.0041556973010301,0.0041556973010301
REALLN,2025-06-30,0.00011544271546881646,-0.0040429914370179003,-0.0040429914370179003,0.0001154427300207,0.0041746692731975997,0.0041746692731975997
REALLN,2025-07-31,0.00010334564285585657,-0.0040972391143441001,-0.0040972391143441001,0.00010334563557980001,0.0042158495634794001,0.0042158495634794001
RETAILx,2023-08-31,0.0031421196181327105,-0.0091288387775421004,-0.0091288387775421004,0.0031421196181327,0.015531184151768599,0.015531184151768599
RETAILx,2023-09-30,0.0022200867533683777,-0.0108486730605363,-0.0108486730605363,0.0022200867533683001,0.015379564836621199,0.015379564836621199
RETAILx,2023-10-31,0.0026714631821960211,-0.010637650266289701,-0.010637650266289701,0.0026714631821959998,0.015995651483535701,0.015995651483535701
RETAILx,2023-11-30,0.0029573028441518545,-0.010359788313508001,-0.010359788313508001,0.0029573028441517999,0.016275078058242701,0.016275078058242701
RETAILx,2023-12-31,0.0030788788571953773,-0.0102982949465513,-0.0102982949465513,0.0030788788571953002,0.016387218609452199,0.016387218609452199
RETAILx,2024-01-31,0.0033460110425949097,-0.010029518976807501,-0.010029518976807501,0.0033460110425949001,0.016628930345177598,0.016628930345177598
RETAILx,2024-02-29,0.0034898873418569565,-0.0099065918475388995,-0.0099065918475388995,0.0034898873418569001,0.0166596248745918,0.0166596248745918
RETAILx,2024-03-31,0.0038012485019862652,-0.0095274318009614008,-0.0095274318009614008,0.0038012485019862001,0.016919506713747898,0.016919506713747898
RETAILx,2024-04-30,0.0034290570765733719,-0.0099270828068255997,-0.0099270828068255997,0.0034290570765732999,0.016697827726602499,0.016697827726602499
RETAILx,2024-05-31,0.0033234134316444397,-0.0099774189293383997,-0.0099774189293383997,0.0033234134316443998,0.0166014563292264,0.0166014563292264
RETAILx,2024-06-30,0.0033273431472480297,-0.0099465437233447994,-0.0099465437233447994,0.0033273431472479998,0.016471371054649301,0.016471371054649301
RETAILx,2024-07-31,0.0034035835415124893,-0.0097172725945710997,-0.0097172725945710997,0.0034035835415124,0.016394115984439801,0.016394115984439801
RETAILx,2024-08-31,0.0032223945017904043,-0.0101634766906499,-0.0101634766906499,0.0032223945017904,0.016465770080685602,0.016465770080685602
RETAILx,2024-09-30,0.0035592443309724331,-0.0099013708531855999,-0.0099013708531855999,0.0035592443309724001,0.0167598873376846,0.0167598873376846
RETAILx,2024-10-31,0.0034041767939925194,-0.0102903116494417,-0.0102903116494417,0.0034041767939924999,0.0167223289608955,0.0167223289608955
RETAILx,2024-11-30,0.0033347655553370714,-0.0103425942361354,-0.0103425942361354,0.0033347655553369999,0.0168310571461915,0.0168310571461915
RETAILx,2024-12-31,0.0032261067535728216,-0.0104997623711824,-0.0104997623711824,0.0032261067535727999,0.0166820865124464,0.0166820865124464
RETAILx,2025-01-31,0.0036198240704834461,-0.0101435780525207,-0.0101435780525207,0.0036198240704834002,0.017082974314689602,0.017082974314689602
RETAILx,2025-02-28,0.0037425511982291937,-0.0101772062480449,-0.0101772062480449,0.0037425511982291,0.017439164221286701,0.017439164221286701
RETAILx,2025-03-31,0.0039896373637020588,-0.0099595580250023998,-0.0099595580250023998,0.0039896373637019998,0.017783027142286301,0.017783027142286301
RETAILx,2025-04-30,0.0038756190333515406,-0.0099920276552438007,-0.0099920276552438007,0.0038756190333514998,0.0176654960960149,0.0176654960960149
RETAILx,2025-05-31,0.0039148740470409393,-0.0099047888070344006,-0.0099047888070344006,0.0039148740470409003,0.0176248773932456,0.0176248773932456
RETAILx,2025-06-30,0.0038289173971861601,-0.0100634489208459,-0.0100634489208459,0.0038289173971860998,0.017701959237456301,0.017701959237456301
RETAILx,2025-07-31,0.0037009855732321739,-0.010414136573672199,-0.010414136573672199,0.0037009855732321002,0.0178525950759649,0.0178525950759649
RPI,2023-08-31,0.0013986020348966122,-0.0021005952730773999,-0.0021005952730773999,0.0013986020348966,0.0053283730521798004,0.0053283730521798004
RPI,2023-09-30,0.0013826724607497454,-0.0023021195083856002,-0.0023021195083856002,0.0013826724607497,0.0056193443015217,0.0056193443015217
RPI,2023-10-31,0.001621744129806757,-0.0021674209274350998,-0.0021674209274350998,0.0016217441298066999,0.0060316901654004999,0.0060316901654004999
RPI,2023-11-30,0.0018145287176594138,-0.0018074470572172999,-0.0018074470572172999,0.0018145287176593999,0.0061451927758752996,0.0061451927758752996
RPI,2023-12-31,0.0020663489121943712,-0.0018290188163517999,-0.0018290188163517999,0.0020663489121943001,0.0066075865179299996,0.0066075865179299996
RPI,2024-01-31,0.0019079416524618864,-0.0019995099864899999,-0.0019995099864899999,0.0019079416524618001,0.0065535884350538002,0.0065535884350538002
RPI,2024-02-29,0.0020049251616001129,-0.0020075715146958,-0.0020075715146958,0.0020049251616000999,0.0066530574113129997,0.0066530574113129997
RPI,2024-03-31,0.0022997872438281775,-0.00166941806674,-0.00166941806674,0.0022997872438280998,0.0071136113256215997,0.0071136113256215997
RPI,2024-04-30,0.0022551422007381916,-0.0021431925706564998,-0.0021431925706564998,0.0022551422007381001,0.0071117142215371002,0.0071117142215371002
RPI,2024-05-31,0.0018791998736560345,-0.0026063360273838,-0.0026063360273838,0.001879199873656,0.0068347807973622998,0.0068347807973622998
RPI,2024-06-30,0.001679151551797986,-0.0030667479149997,-0.0030667479149997,0.0016791515517978999,0.0066033047623931997,0.0066033047623931997
RPI,2024-07-31,0.0015424401499330997,-0.0028372202068566998,-0.0028372202068566998,0.001542440149933,0.0063950205221772003,0.0063950205221772003
RPI,2024-08-31,0.0014966357266530395,-0.0033271797001361001,-0.0033271797001361001,0.001496635726653,0.0066723665222524998,0.0066723665222524998
RPI,2024-09-30,0.0015101400204002857,-0.0030033621005712999,-0.0030033621005712999,0.0015101400204002001,0.0065233586356043,0.0065233586356043
RPI,2024-10-31,0.0015337229706346989,-0.0031868983060120998,-0.0031868983060120998,0.0015337229706346,0.0066250544041394997,0.0066250544041394997
RPI,2024-11-30,0.0017664399929344654,-0.0028983461670577001,-0.0028983461670577001,0.0017664399929343999,0.0069385208189486998,0.0069385208189486998
RPI,2024-12-31,0.0019816556014120579,-0.0026635332033038001,-0.0026635332033038001,0.0019816556014120002,0.0071546630933879999,0.0071546630933879999
RPI,2025-01-31,0.0017076148651540279,-0.0027119047008454002,-0.0027119047008454002,0.001707614865154,0.0068802712485193998,0.0068802712485193998
RPI,2025-02-28,0.0015540510648861527,-0.0031017092987894999,-0.0031017092987894999,0.0015540510648861001,0.0068552894517779003,0.0068552894517779003
RPI,2025-03-31,0.0016822170000523329,-0.0029804296791552999,-0.0029804296791552999,0.0016822170000522999,0.0069527137093245003,0.0069527137093245003
RPI,2025-04-30,0.0017473649932071567,-0.0028190012089908002,-0.0028190012089908002,0.0017473649932071001,0.0069269952364264999,0.0069269952364264999
RPI,2025-05-31,0.0016219295794144273,-0.0028695715591310999,-0.0028695715591310999,0.0016219295794144,0.0066789658740161999,0.0066789658740161999
RPI,2025-06-30,0.0017381043871864676,-0.0028691324405372,-0.0028691324405372,0.0017381043871864,0.0068610524758696001,0.0068610524758696001
RPI,2025-07-31,0.0018926330376416445,-0.0029220567084848,-0.0029220567084848,0.0018926330376416,0.0072321081534028001,0.0072321081534028001
S&P 500,2023-08-31,0.014462621882557869,-0.021000104025006201,-0.021000104025006201,0.0144626218825578,0.046396944671869202,0.046396944671869202
S&P 500,2023-09-30,0.012953784316778183,-0.024441337212920099,-0.024441337212920099,0.0129537843167781,0.046092461794614702,0.046092461794614702
S&P 500,2023-10-31,0.013048604130744934,-0.025591759011149399,-0.025591759011149399,0.013048604130744899,0.045892309397459002,0.045892309397459002
S&P 500,2023-11-30,0.013854803517460823,-0.025861056521534899,-0.025861056521534899,0.013854803517460801,0.047105908393859801,0.047105908393859801
S&P 500,2023-12-31,0.013654016889631748,-0.0271116215735673,-0.0271116215735673,0.0136540168896317,0.0474027097225189,0.0474027097225189
S&P 500,2024-01-31,0.012534266337752342,-0.029611485078930799,-0.029611485078930799,0.012534266337752301,0.0467370525002479,0.0467370525002479
S&P 500,2024-02-29,0.01069348119199276,-0.033043306320905602,-0.033043306320905602,0.010693481191992701,0.045868568122386898,0.045868568122386898
S&P 500,2024-03-31,0.010250285267829895,-0.0355227440595626,-0.0355227440595626,0.0102502852678298,0.046355150640010799,0.046355150640010799
S&P 500,2024-04-30,0.0086445631459355354,-0.038544949144124901,-0.038544949144124901,0.0086445631459355007,0.0461396537721157,0.0461396537721157
S&P 500,2024-05-31,0.0077429558150470257,-0.0409068092703819,-0.0409068092703819,0.0077429562807083,0.046632330864667802,0.046632330864667802
S&P 500,2024-06-30,0.0060187634080648422,-0.043256383389234501,-0.043256383389234501,0.0060187629424035003,0.045815523713827098,0.045815523713827098
S&P 500,2024-07-31,0.0065319775603711605,-0.044374831020831999,-0.044374831020831999,0.0065319775603710998,0.0466201864182949,0.0466201864182949
S&P 500,2024-08-31,0.008236343041062355,-0.042302392423152903,-0.042302392423152903,0.0082363430410622995,0.0484099648892879,0.0484099648892879
S&P 500,2024-09-30,0.0082635087892413139,-0.041710160672664601,-0.041710160672664601,0.0082635092549025995,0.0476571470499038,0.0476571470499038
S&P 500,2024-10-31,0.009619101881980896,-0.038345307111740098,-0.038345307111740098,0.0096191018819808006,0.047814399003982502,0.047814399003982502
S&P 500,2024-11-30,0.012255781330168247,-0.033899404108524302,-0.033899404108524302,0.0122557813301682,0.049090575426816899,0.049090575426816899
S&P 500,2024-12-31,0.013086486607789993,-0.030168710276484399,-0.030168710276484399,0.0130864866077899,0.048316914588212898,0.048316914588212898
S&P 500,2025-01-31,0.012782393023371696,-0.0286555159837007,-0.0286555159837007,0.012782393023371599,0.046717707067728001,0.046717707067728001
S&P 500,2025-02-28,0.012312263250350952,-0.0274879653006792,-0.0274879653006792,0.0123122632503509,0.045673418790101998,0.045673418790101998
S&P 500,2025-03-31,0.012289557605981827,-0.026641165837645499,-0.026641165837645499,0.012289557605981801,0.044982209801673799,0.044982209801673799
S&P 500,2025-04-30,0.013439971953630447,-0.024767311289906498,-0.024767311289906498,0.013439971953630401,0.045579176396131502,0.045579176396131502
S&P 500,2025-05-31,0.015454579144716263,-0.022172562777996001,-0.022172562777996001,0.0154545791447162,0.047107715159654603,0.047107715159654603
S&P 500,2025-06-30,0.014885392040014267,-0.022502059116959499,-0.022502059116959499,0.014885392040014199,0.046548884361982297,0.046548884361982297
S&P 500,2025-07-31,0.014356326311826706,-0.023947097361087799,-0.023947097361087799,0.014356326311826701,0.046928413212299298,0.046928413212299298
S&P PE ratio,2023-08-31,0.028780197724699974,-0.019042786210775299,-0.019042786210775299,0.028780197724699901,0.069429114460945102,0.069429114460945102
S&P PE ratio,2023-09-30,0.024564754217863083,-0.0285107158124446,-0.0285107158124446,0.024564754217863,0.069781377911567605,0.069781377911567605
S&P PE ratio,2023-10-31,0.021928261965513229,-0.034898422658443402,-0.034898422658443402,0.021928261965513202,0.069667302072048104,0.069667302072048104
S&P PE ratio,2023-11-30,0.019315486773848534,-0.040050256997346802,-0.040050256997346802,0.019315486773848499,0.068764328956604004,0.068764328956604004
S&P PE ratio,2023-12-31,0.015528073534369469,-0.0452094264328479,-0.0452094264328479,0.015528073534369399,0.066560067236423395,0.066560067236423395
S&P PE ratio,2024-01-31,0.012669280171394348,-0.049177803099155398,-0.049177803099155398,0.0126692801713943,0.065089926123618996,0.065089926123618996
S&P PE ratio,2024-02-29,0.010741254314780235,-0.052454765886068302,-0.052454765886068302,0.010741254314780201,0.064676232635974801,0.064676232635974801
S&P PE ratio,2024-03-31,0.0092821186408400536,-0.055547386407852103,-0.055547386407852103,0.0092821191065012992,0.064179226756095803,0.064179226756095803
S&P PE ratio,2024-04-30,0.0081531163305044174,-0.056828893721103599,-0.056828893721103599,0.0081531163305044001,0.064254201948642703,0.064254201948642703
S&P PE ratio,2024-05-31,0.0077806389890611172,-0.057677783071994698,-0.057677783071994698,0.0077806394547224001,0.064630709588527596,0.064630709588527596
S&P PE ratio,2024-06-30,0.0064020524732768536,-0.0587977766990661,-0.0587977766990661,0.0064020520076155003,0.063554577529430306,0.063554577529430306
S&P PE ratio,2024-07-31,0.0054172985255718231,-0.060290284454822499,-0.060290284454822499,0.0054172989912331,0.062377635389566401,0.062377635389566401
S&P PE ratio,2024-08-31,0.0050704972818493843,-0.059989418834447798,-0.059989418834447798,0.0050704977475105996,0.062330774962902,0.062330774962902
S&P PE ratio,2024-09-30,0.0056534805335104465,-0.060203719884157098,-0.060203719884157098,0.0056534805335103997,0.063205979764461503,0.063205979764461503
S&P PE ratio,2024-10-31,0.0058652264997363091,-0.059390652924776001,-0.059390652924776001,0.0058652264997363004,0.064252249896526295,0.064252249896526295
S&P PE ratio,2024-11-30,0.0068972422741353512,-0.057868048548698398,-0.057868048548698398,0.0068972418084739997,0.065695516765117604,0.065695516765117604
S&P PE ratio,2024-12-31,0.006218872033059597,-0.058135323226451797,-0.058135323226451797,0.0062188724987208002,0.065065957605838706,0.065065957605838706
S&P PE ratio,2025-01-31,0.0042141429148614407,-0.059887476265430402,-0.059887476265430402,0.0042141429148613999,0.062981590628623907,0.062981590628623907
S&P PE ratio,2025-02-28,0.002016453305259347,-0.062145959585904999,-0.062145959585904999,0.0020164530724286998,0.061597950756549801,0.061597950756549801
S&P PE ratio,2025-03-31,0.002373548224568367,-0.061819236725568702,-0.061819236725568702,0.0023735482245682998,0.062402345240116099,0.062402345240116099
S&P PE ratio,2025-04-30,0.0027903113514184952,-0.060994785279035499,-0.060994785279035499,0.0027903113514184002,0.062732055783271706,0.062732055783271706
S&P PE ratio,2025-05-31,0.003373411251232028,-0.060109399259090403,-0.060109399259090403,0.0033734110184012998,0.063215821981429998,0.063215821981429998
S&P PE ratio,2025-06-30,0.0025154578033834696,-0.060592871159315102,-0.060592871159315102,0.0025154575705527999,0.061992451548576299,0.061992451548576299
S&P PE ratio,2025-07-31,0.0020389144774526358,-0.061054874211549703,-0.061054874211549703,0.0020389147102832001,0.062029406428337097,0.062029406428337097
S&P div yield,2023-08-31,-0.017198512330651283,-0.084058672189712497,-0.084058672189712497,-0.0171985123306512,0.0546353757381439,0.0546353757381439
S&P div yield,2023-09-30,-0.012647939845919609,-0.082846321165561607,-0.082846321165561607,-0.0126479398459196,0.063704229891300201,0.063704229891300201
S&P div yield,2023-10-31,-0.010968911461532116,-0.081834562122821794,-0.081834562122821794,-0.0109689114615321,0.066830471158027593,0.066830471158027593
S&P div yield,2023-11-30,-0.013037970289587975,-0.084356009960174505,-0.084356009960174505,-0.0130379702895879,0.066377840936183902,0.066377840936183902
S&P div yield,2023-12-31,-0.012816919013857841,-0.085169427096843706,-0.085169427096843706,-0.0128169190138578,0.067074105143547003,0.067074105143547003
S&P div yield,2024-01-31,-0.011515423655509949,-0.083956159651279394,-0.083956159651279394,-0.0115154236555099,0.068562798202037797,0.068562798202037797
S&P div yield,2024-02-29,-0.0092899268493056297,-0.082667663693427998,-0.082667663693427998,-0.0092899268493056002,0.072153560817241599,0.072153560817241599
S&P div yield,2024-03-31,-0.0069904136471450329,-0.081183515489101396,-0.081183515489101396,-0.0069904141128063002,0.076627455651760101,0.076627455651760101
S&P div yield,2024-04-30,-0.0067832423374056816,-0.082306206226348794,-0.082306206226348794,-0.0067832423374056001,0.077302180230617495,0.077302180230617495
S&P div yield,2024-05-31,-0.0069686733186244965,-0.083907231688499395,-0.083907231688499395,-0.0069686733186244002,0.077798135578632299,0.077798135578632299
S&P div yield,2024-06-30,-0.0060338336043059826,-0.083226054906844996,-0.083226054906844996,-0.0060338340699671996,0.078612282872199998,0.078612282872199998
S&P div yield,2024-07-31,-0.0063233356922864914,-0.083593666553497301,-0.083593666553497301,-0.0063233356922864003,0.079378247261047294,0.079378247261047294
S&P div yield,2024-08-31,-0.0067168469540774822,-0.085303224623203194,-0.085303224623203194,-0.0067168474197387001,0.077939033508300698,0.077939033508300698
S&P div yield,2024-09-30,-0.0066766031086444855,-0.084628410637378595,-0.084628410637378595,-0.0066766031086443996,0.078791119158267905,0.078791119158267905
S&P div yield,2024-10-31,-0.0083420611917972565,-0.085900090634822804,-0.085900090634822804,-0.0083420611917971992,0.0761372074484825,0.0761372074484825
S&P div yield,2024-11-30,-0.011726139113306999,-0.089995466172695104,-0.089995466172695104,-0.011726139113306999,0.072255097329616505,0.072255097329616505
S&P div yield,2024-12-31,-0.013107289560139179,-0.090438112616539001,-0.090438112616539001,-0.013107289560139099,0.069748461246490395,0.069748461246490395
S&P div yield,2025-01-31,-0.012071946635842323,-0.089150421321392004,-0.089150421321392004,-0.012071946635842301,0.069399476051330497,0.069399476051330497
S&P div yield,2025-02-28,-0.012461910955607891,-0.090970329940319006,-0.090970329940319006,-0.012461910955607799,0.069811545312404605,0.069811545312404605
S&P div yield,2025-03-31,-0.011940028518438339,-0.0909702032804489,-0.0909702032804489,-0.011940028518438299,0.070184640586376107,0.070184640586376107
S&P div yield,2025-04-30,-0.012592773884534836,-0.091746881604194599,-0.091746881604194599,-0.012592773884534799,0.068524695932865101,0.068524695932865101
S&P div yield,2025-05-31,-0.014083914458751678,-0.092858374118804904,-0.092858374118804904,-0.0140839144587516,0.065876565873622894,0.065876565873622894
S&P div yield,2025-06-30,-0.013121563941240311,-0.092032112181186607,-0.092032112181186607,-0.0131215639412403,0.066991306841373402,0.066991306841373402
S&P div yield,2025-07-31,-0.012695686891674995,-0.093274518847465501,-0.093274518847465501,-0.0126956868916749,0.069406472146510995,0.069406472146510995
SRVPRD,2023-08-31,0.0013409333769232035,-0.0002188173821195,-0.0002188173821195,0.0013409333769232,0.0030379688832908001,0.0030379688832908001
SRVPRD,2023-09-30,0.001533756498247385,-0.00011433823965479999,-0.00011433823965479999,0.0015337564982473,0.0033525677863507999,0.0033525677863507999
SRVPRD,2023-10-31,0.0015359671087935567,-0.0001701258588582,-0.0001701258588582,0.0015359671087935001,0.0035171632189302999,0.0035171632189302999
SRVPRD,2023-11-30,0.0016254711663350463,-2.4303793907165527e-05,-2.4303793907165527e-05,0.0016254711663350001,0.0035686206538229999,0.0035686206538229999
SRVPRD,2023-12-31,0.0014946444425731897,-0.0002148190978914,-0.0002148190978914,0.0014946444425731,0.003489407710731,0.003489407710731
SRVPRD,2024-01-31,0.0016389747615903616,-7.8634358942508698e-05,-7.8634358942508698e-05,0.0016389747615903,0.0036970558576285002,0.0036970558576285002
SRVPRD,2024-02-29,0.0016229631146416068,-6.9612287916243076e-05,-6.9612287916243076e-05,0.0016229631146416001,0.0036757818888871999,0.0036757818888871999
SRVPRD,2024-03-31,0.0017224126495420933,-4.6977191232144833e-05,-4.6977191232144833e-05,0.001722412649542,0.003802896477282,0.003802896477282
SRVPRD,2024-04-30,0.0015425571473315358,-0.00032180547714229999,-0.00032180547714229999,0.0015425571473315,0.0036953096278011001,0.0036953096278011001
SRVPRD,2024-05-31,0.0016496721655130386,-0.00024742551613589998,-0.00024742551613589998,0.001649672165513,0.003867097897455,0.003867097897455
SRVPRD,2024-06-30,0.0016420264728367329,-0.000300568412058,-0.000300568412058,0.0016420264728366999,0.0039023214485496001,0.0039023214485496001
SRVPRD,2024-07-31,0.001787779270671308,-0.0001051732106134,-0.0001051732106134,0.0017877792706713,0.0040325219742952997,0.0040325219742952997
SRVPRD,2024-08-31,0.0015793927013874054,-0.00050610559992489998,-0.00050610559992489998,0.0015793927013874,0.0039957733824848999,0.0039957733824848999
SRVPRD,2024-09-30,0.0016962273512035608,-0.00035430910065769997,-0.00035430910065769997,0.0016962273512034999,0.0040975129231809997,0.0040975129231809997
SRVPRD,2024-10-31,0.0016994220204651356,-0.00046415266115209998,-0.00046415266115209998,0.0016994220204651,0.0041966456919908003,0.0041966456919908003
SRVPRD,2024-11-30,0.0017605787143111229,-0.00043062702752639999,-0.00043062702752639999,0.0017605787143110999,0.0042730905115604002,0.0042730905115604002
SRVPRD,2024-12-31,0.0014883049298077822,-0.00071652373299000002,-0.00071652373299000002,0.0014883049298077,0.0040111290290951,0.0040111290290951
SRVPRD,2025-01-31,0.0016171035822480917,-0.0005420777015388,-0.0005420777015388,0.001617103582248,0.0041177337989210996,0.0041177337989210996
SRVPRD,2025-02-28,0.0016332612140104175,-0.00066458107903590003,-0.00066458107903590003,0.0016332612140103999,0.0042598266154526996,0.0042598266154526996
SRVPRD,2025-03-31,0.0017440156079828739,-0.00059215980581930005,-0.00059215980581930005,0.0017440156079828,0.0043755080550908999,0.0043755080550908999
SRVPRD,2025-04-30,0.0016308946069329977,-0.00066047860309480005,-0.00066047860309480005,0.0016308946069328999,0.0042774342000483998,0.0042774342000483998
SRVPRD,2025-05-31,0.0017863051034510136,-0.00044981646351510002,-0.00044981646351510002,0.0017863051034509999,0.0043863896280527002,0.0043863896280527002
SRVPRD,2025-06-30,0.0017622411251068115,-0.00053629535250359999,-0.00053629535250359999,0.0017622411251068,0.0043876189738511996,0.0043876189738511996
SRVPRD,2025-07-31,0.0018955040723085403,-0.00056218844838439995,-0.00056218844838439995,0.0018955040723085,0.0046314648352563,0.0046314648352563
T10YFFM,2023-08-31,-1.0326697826385498,-1.4912252426147461,-1.4912252426147461,-1.0326697826385498,-0.4693914651870727,-0.4693914651870727
T10YFFM,2023-09-30,-0.84204196929931641,-1.432924747467041,-1.432924747467041,-0.84204196929931641,-0.13810694217681879,-0.13810694217681879
T10YFFM,2023-10-31,-0.68178319931030273,-1.366309642791748,-1.366309642791748,-0.68178319931030273,0.17233085632324219,0.17233085632324219
T10YFFM,2023-11-30,-0.54851233959197998,-1.3881380558013916,-1.3881380558013916,-0.54851233959197998,0.43933200836181641,0.43933200836181641
T10YFFM,2023-12-31,-0.41062891483306885,-1.3061227798461914,-1.3061227798461914,-0.41062891483306879,0.63946259021759033,0.63946259021759033
T10YFFM,2024-01-31,-0.27069270610809326,-1.2072792053222656,-1.2072792053222656,-0.27069270610809321,0.8336719274520874,0.8336719274520874
T10YFFM,2024-02-29,-0.088820219039916992,-1.111508846282959,-1.111508846282959,-0.088820219039916895,1.0650687217712402,1.0650687217712402
T10YFFM,2024-03-31,0.033426880836486816,-1.0393900871276855,-1.0393900871276855,0.033426880836486803,1.2115606069564819,1.2115606069564819
T10YFFM,2024-04-30,0.18233144283294678,-0.87763428688049316,-0.87763428688049316,0.18233144283294669,1.3348875045776367,1.3348875045776367
T10YFFM,2024-05-31,0.28611457347869873,-0.83357119560241699,-0.83357119560241699,0.28611457347869867,1.4427675008773804,1.4427675008773804
T10YFFM,2024-06-30,0.3450772762298584,-0.74206423759460449,-0.74206423759460449,0.3450772762298584,1.458172082901001,1.458172082901001
T10YFFM,2024-07-31,0.37276595830917358,-0.77999734878540039,-0.77999734878540039,0.37276595830917358,1.5075337886810305,1.5075337886810305
T10YFFM,2024-08-31,0.35823714733123779,-0.74416422843933105,-0.74416422843933105,0.35823714733123779,1.3862134218215942,1.3862134218215942
T10YFFM,2024-09-30,0.38572406768798828,-0.74512219429016113,-0.74512219429016113,0.38572406768798828,1.4534832239151001,1.4534832239151001
T10YFFM,2024-10-31,0.43181967735290527,-0.69457149505615234,-0.69457149505615234,0.43181967735290527,1.4698554277420044,1.4698554277420044
T10YFFM,2024-11-30,0.47803205251693726,-0.65326499938964844,-0.65326499938964844,0.4780320525169372,1.5243909358978271,1.5243909358978271
T10YFFM,2024-12-31,0.57718437910079956,-0.59168660640716553,-0.59168660640716553,0.57718437910079956,1.6337957382202148,1.6337957382202148
T10YFFM,2025-01-31,0.69690591096878052,-0.49632692337036127,-0.49632692337036127,0.69690591096878052,1.7178453207015991,1.7178453207015991
T10YFFM,2025-02-28,0.82926762104034424,-0.40898895263671869,-0.40898895263671869,0.82926762104034424,1.816161036491394,1.816161036491394
T10YFFM,2025-03-31,1.0085363388061523,-0.24816262722015381,-0.24816262722015381,1.0085363388061523,2.0108489990234375,2.0108489990234375
T10YFFM,2025-04-30,1.1435549259185791,-0.10595691204071039,-0.10595691204071039,1.1435549259185791,2.1255412101745605,2.1255412101745605
T10YFFM,2025-05-31,1.2739923000335693,-0.0445904731750488,-0.0445904731750488,1.2739923000335691,2.3224506378173828,2.3224506378173828
T10YFFM,2025-06-30,1.3277491331100464,0.0088036060333250999,0.0088036060333250999,1.3277491331100464,2.3872637748718262,2.3872637748718262
T10YFFM,2025-07-31,1.3571994304656982,0.043509244918823201,0.043509244918823201,1.3571994304656982,2.364126443862915,2.364126443862915
T1YFFM,2023-08-31,0.20593720674514771,-0.077680133283138206,-0.077680133283138206,0.20593720674514771,0.50222700834274292,0.50222700834274292
T1YFFM,2023-09-30,0.17989130318164825,-0.1614414751529693,-0.1614414751529693,0.1798913031816482,0.53817588090896606,0.53817588090896606
T1YFFM,2023-10-31,0.16996732354164124,-0.2331098318099975,-0.2331098318099975,0.16996732354164121,0.57606780529022217,0.57606780529022217
T1YFFM,2023-11-30,0.15075565874576569,-0.30756598711013788,-0.30756598711013788,0.1507556587457656,0.61976456642150879,0.61976456642150879
T1YFFM,2023-12-31,0.14563094079494476,-0.32023715972900391,-0.32023715972900391,0.14563094079494471,0.64129430055618286,0.64129430055618286
T1YFFM,2024-01-31,0.11361724883317947,-0.36963129043579102,-0.36963129043579102,0.1136172488331794,0.63120186328887939,0.63120186328887939
T1YFFM,2024-02-29,0.092574320733547211,-0.4305512011051178,-0.4305512011051178,0.092574320733547197,0.64815384149551392,0.64815384149551392
T1YFFM,2024-03-31,0.092907048761844635,-0.44082441926002502,-0.44082441926002502,0.092907048761844593,0.67333614826202393,0.67333614826202393
T1YFFM,2024-04-30,0.08093106746673584,-0.4400998055934906,-0.4400998055934906,0.080931067466735798,0.65643000602722168,0.65643000602722168
T1YFFM,2024-05-31,0.083612680435180664,-0.45169571042060852,-0.45169571042060852,0.083612680435180595,0.68669813871383667,0.68669813871383667
T1YFFM,2024-06-30,0.072896532714366913,-0.46495679020881647,-0.46495679020881647,0.072896532714366899,0.67881119251251221,0.67881119251251221
T1YFFM,2024-07-31,0.061460115015506744,-0.50692152976989746,-0.50692152976989746,0.061460115015506703,0.69606155157089233,0.69606155157089233
T1YFFM,2024-08-31,0.060323014855384827,-0.48089519143104548,-0.48089519143104548,0.060323014855384799,0.67761731147766113,0.67761731147766113
T1YFFM,2024-09-30,0.062079593539237976,-0.51065742969512939,-0.51065742969512939,0.0620795935392379,0.68242537975311279,0.68242537975311279
T1YFFM,2024-10-31,0.07754671573638916,-0.49401178956031799,-0.49401178956031799,0.077546715736389105,0.69996225833892822,0.69996225833892822
T1YFFM,2024-11-30,0.056503128260374069,-0.53234404325485229,-0.53234404325485229,0.056503124535083701,0.66550147533416748,0.66550147533416748
T1YFFM,2024-12-31,0.064531706273555756,-0.52167272567749023,-0.52167272567749023,0.0645317062735557,0.68360006809234619,0.68360006809234619
T1YFFM,2025-01-31,0.057604141533374786,-0.52750277519226074,-0.52750277519226074,0.057604141533374703,0.67639678716659546,0.67639678716659546
T1YFFM,2025-02-28,0.080332614481449127,-0.5243721604347229,-0.5243721604347229,0.080332614481449099,0.72838121652603149,0.72838121652603149
T1YFFM,2025-03-31,0.11580386757850647,-0.49876376986503601,-0.49876376986503601,0.1158038675785064,0.76454418897628784,0.76454418897628784
T1YFFM,2025-04-30,0.13947536051273346,-0.46847155690193171,-0.46847155690193171,0.1394753605127334,0.78338170051574707,0.78338170051574707
T1YFFM,2025-05-31,0.14884746074676514,-0.46304956078529358,-0.46304956078529358,0.14884746074676511,0.79092299938201904,0.79092299938201904
T1YFFM,2025-06-30,0.13929863274097443,-0.4665523469448089,-0.4665523469448089,0.1392986290156841,0.78506731986999512,0.78506731986999512
T1YFFM,2025-07-31,0.14019785821437836,-0.45474919676780701,-0.45474919676780701,0.1401978582143783,0.77710062265396118,0.77710062265396118
T5YFFM,2023-08-31,-0.79667884111404419,-1.2409436702728271,-1.2409436702728271,-0.79667884111404419,-0.309711754322052,-0.309711754322052
T5YFFM,2023-09-30,-0.61632996797561646,-1.1715152263641355,-1.1715152263641355,-0.61632996797561646,-0.0248233675956726,-0.0248233675956726
T5YFFM,2023-10-31,-0.50334995985031128,-1.1396138668060305,-1.1396138668060305,-0.50334995985031128,0.1875461935997009,0.1875461935997009
T5YFFM,2023-11-30,-0.39755493402481079,-1.1342034339904783,-1.1342034339904783,-0.39755493402481079,0.3946874737739563,0.3946874737739563
T5YFFM,2023-12-31,-0.30966395139694214,-1.0641000270843506,-1.0641000270843506,-0.30966395139694208,0.52077525854110718,0.52077525854110718
T5YFFM,2024-01-31,-0.2279323935508728,-1.0174527168273926,-1.0174527168273926,-0.2279323935508728,0.63618284463882446,0.63618284463882446
T5YFFM,2024-02-29,-0.077611386775970459,-0.91062718629837036,-0.91062718629837036,-0.077611386775970403,0.79510253667831421,0.79510253667831421
T5YFFM,2024-03-31,0.061071813106536865,-0.79334920644760132,-0.79334920644760132,0.061071813106536803,0.9601195454597472,0.9601195454597472
T5YFFM,2024-04-30,0.19575375318527222,-0.64286249876022339,-0.64286249876022339,0.19575375318527219,1.0677281618118286,1.0677281618118286
T5YFFM,2024-05-31,0.30393952131271362,-0.57448166608810425,-0.57448166608810425,0.30393952131271362,1.18790602684021,1.18790602684021
T5YFFM,2024-06-30,0.36554986238479614,-0.49909204244613647,-0.49909204244613647,0.36554986238479609,1.2201157808303833,1.2201157808303833
T5YFFM,2024-07-31,0.38717550039291382,-0.52318841218948364,-0.52318841218948364,0.38717550039291382,1.2642062902450562,1.2642062902450562
T5YFFM,2024-08-31,0.38457363843917847,-0.47637754678726191,-0.47637754678726191,0.38457363843917841,1.1869215965270996,1.1869215965270996
T5YFFM,2024-09-30,0.41385644674301147,-0.4643369317054748,-0.4643369317054748,0.41385644674301147,1.2564067840576172,1.2564067840576172
T5YFFM,2024-10-31,0.44316560029983521,-0.4573416113853454,-0.4573416113853454,0.44316560029983521,1.2451721429824829,1.2451721429824829
T5YFFM,2024-11-30,0.48985257744789124,-0.418895423412323,-0.418895423412323,0.48985257744789118,1.3098217248916626,1.3098217248916626
T5YFFM,2024-12-31,0.57613933086395264,-0.34637254476547241,-0.34637254476547241,0.57613933086395264,1.4047601222991943,1.4047601222991943
T5YFFM,2025-01-31,0.64960676431655884,-0.27828150987625122,-0.27828150987625122,0.64960676431655884,1.4697532653808594,1.4697532653808594
T5YFFM,2025-02-28,0.77353119850158691,-0.17718082666397089,-0.17718082666397089,0.77353119850158691,1.5805478096008301,1.5805478096008301
T5YFFM,2025-03-31,0.88025695085525513,-0.1050264239311218,-0.1050264239311218,0.88025695085525513,1.6921594142913818,1.6921594142913818
T5YFFM,2025-04-30,0.95063447952270508,-0.0133087038993835,-0.0133087038993835,0.95063447952270519,1.757046103477478,1.757046103477478
T5YFFM,2025-05-31,0.98833179473876953,-0.035765826702117899,-0.035765826702117899,0.98833179473876964,1.8288602828979492,1.8288602828979492
T5YFFM,2025-06-30,0.99282395839691162,-0.0337969064712524,-0.0337969064712524,0.99282395839691162,1.8450112342834473,1.8450112342834473
T5YFFM,2025-07-31,1.0192903280258179,0.0132049322128295,0.0132049322128295,1.0192903280258181,1.8435719013214111,1.8435719013214111
TB3MS,2023-08-31,0.084289103746414185,-0.067237071692943504,-0.067237071692943504,0.084289103746414101,0.2590315043926239,0.2590315043926239
TB3MS,2023-09-30,0.068348556756973267,-0.097693875432014396,-0.097693875432014396,0.068348556756973197,0.26354476809501648,0.26354476809501648
TB3MS,2023-10-31,0.058045115321874619,-0.12060396373271939,-0.12060396373271939,0.058045115321874598,0.26746907830238342,0.26746907830238342
TB3MS,2023-11-30,0.052439738065004349,-0.133519247174263,-0.133519247174263,0.0524397380650043,0.27195921540260309,0.27195921540260309
TB3MS,2023-12-31,0.050567183643579483,-0.14569948613643641,-0.14569948613643641,0.0505671836435794,0.27770456671714783,0.27770456671714783
TB3MS,2024-01-31,0.05272785946726799,-0.14806070923805231,-0.14806070923805231,0.0527278594672679,0.28619390726089478,0.28619390726089478
TB3MS,2024-02-29,0.055198807269334793,-0.1533876806497573,-0.1533876806497573,0.055198809131979901,0.2893902063369751,0.2893902063369751
TB3MS,2024-03-31,0.053890671581029892,-0.1558715999126434,-0.1558715999126434,0.053890671581029802,0.28728011250495911,0.28728011250495911
TB3MS,2024-04-30,0.044208414852619171,-0.1684914231300354,-0.1684914231300354,0.044208414852619102,0.27761527895927429,0.27761527895927429
TB3MS,2024-05-31,0.037905581295490265,-0.17114436626434321,-0.17114436626434321,0.037905579432845102,0.27106118202209473,0.27106118202209473
TB3MS,2024-06-30,0.024658076465129852,-0.1848461776971817,-0.1848461776971817,0.0246580764651298,0.25565007328987122,0.25565007328987122
TB3MS,2024-07-31,0.022102642804384232,-0.18360413610935211,-0.18360413610935211,0.022102640941738999,0.25245848298072809,0.25245848298072809
TB3MS,2024-08-31,0.016391497105360031,-0.1926655769348144,-0.1926655769348144,0.016391498968005101,0.24818830192089081,0.24818830192089081
TB3MS,2024-09-30,0.010699847713112831,-0.19235768914222709,-0.19235768914222709,0.0106998477131128,0.23865790665149689,0.23865790665149689
TB3MS,2024-10-31,0.0048485919833183289,-0.2017283290624618,-0.2017283290624618,0.0048485919833183002,0.232352539896965,0.232352539896965
TB3MS,2024-11-30,-0.0084999455139040947,-0.21365110576152799,-0.21365110576152799,-0.0084999464452265999,0.2174465060234069,0.2174465060234069
TB3MS,2024-12-31,-0.023804336786270142,-0.22515453398227689,-0.22515453398227689,-0.0238043367862701,0.20236249268054959,0.20236249268054959
TB3MS,2025-01-31,-0.028305778279900551,-0.22982817888259879,-0.22982817888259879,-0.028305776417255402,0.19292446970939631,0.19292446970939631
TB3MS,2025-02-28,-0.035262174904346466,-0.24334642291069031,-0.24334642291069031,-0.035262174904346397,0.19571632146835319,0.19571632146835319
TB3MS,2025-03-31,-0.049780100584030151,-0.25894498825073242,-0.25894498825073242,-0.049780100584030103,0.18044348061084739,0.18044348061084739
TB3MS,2025-04-30,-0.054047033190727234,-0.26263642311096191,-0.26263642311096191,-0.054047033190727199,0.17403219640254969,0.17403219640254969
TB3MS,2025-05-31,-0.049999531358480453,-0.25629964470863342,-0.25629964470863342,-0.049999531358480398,0.168758139014244,0.168758139014244
TB3MS,2025-06-30,-0.053437933325767517,-0.2578927874565124,-0.2578927874565124,-0.053437933325767503,0.1647180765867233,0.1647180765867233
TB3MS,2025-07-31,-0.049469217658042908,-0.25226879119873041,-0.25226879119873041,-0.049469217658042901,0.1736729145050048,0.1736729145050048
TB3SMFFM,2023-08-31,0.1110394299030304,0.0024974942207336001,0.0024974942207336001,0.1110394299030304,0.2420254647731781,0.2420254647731781
TB3SMFFM,2023-09-30,0.097086876630783081,-0.033860296010971,-0.033860296010971,0.097086876630782998,0.25166180729866028,0.25166180729866028
TB3SMFFM,2023-10-31,0.080467104911804199,-0.070389479398727403,-0.070389479398727403,0.080467104911804199,0.25443127751350397,0.25443127751350397
TB3SMFFM,2023-11-30,0.066425234079360962,-0.1025858521461486,-0.1025858521461486,0.066425234079360906,0.2488611042499542,0.2488611042499542
TB3SMFFM,2023-12-31,0.063810437917709351,-0.1105260848999023,-0.1105260848999023,0.063810437917709295,0.258925050497055,0.258925050497055
TB3SMFFM,2024-01-31,0.061315596103668213,-0.1243751496076583,-0.1243751496076583,0.061315596103668199,0.2574679553508758,0.2574679553508758
TB3SMFFM,2024-02-29,0.04684033989906311,-0.1578871607780456,-0.1578871607780456,0.046840339899063103,0.2439327538013458,0.2439327538013458
TB3SMFFM,2024-03-31,0.042591959238052368,-0.1742753982543945,-0.1742753982543945,0.042591959238052299,0.25787821412086481,0.25787821412086481
TB3SMFFM,2024-04-30,0.042582273483276367,-0.16677772998809809,-0.16677772998809809,0.042582273483276298,0.25665774941444391,0.25665774941444391
TB3SMFFM,2024-05-31,0.037146002054214478,-0.18287366628646851,-0.18287366628646851,0.037146002054214401,0.26398864388465881,0.26398864388465881
TB3SMFFM,2024-06-30,0.043803632259368896,-0.17806106805801389,-0.17806106805801389,0.043803632259368799,0.26397952437400818,0.26397952437400818
TB3SMFFM,2024-07-31,0.036602199077606201,-0.20984947681426999,-0.20984947681426999,0.036602199077606201,0.26720431447029108,0.26720431447029108
TB3SMFFM,2024-08-31,0.029453933238983154,-0.20334255695343009,-0.20334255695343009,0.029453933238983099,0.25439056754112238,0.25439056754112238
TB3SMFFM,2024-09-30,0.019432634115219116,-0.21083050966262809,-0.21083050966262809,0.019432634115219099,0.2453570663928985,0.2453570663928985
TB3SMFFM,2024-10-31,0.011456459760665894,-0.22668428719043729,-0.22668428719043729,0.0114564597606658,0.23195710778236389,0.23195710778236389
TB3SMFFM,2024-11-30,-0.0043766498565673828,-0.24760210514068601,-0.24760210514068601,-0.0043766498565673004,0.21538141369819641,0.21538141369819641
TB3SMFFM,2024-12-31,-0.010569393634796143,-0.25352105498313898,-0.25352105498313898,-0.010569393634796099,0.22116425633430481,0.22116425633430481
TB3SMFFM,2025-01-31,-0.024320155382156372,-0.27746888995170588,-0.27746888995170588,-0.024320155382156299,0.2050195038318634,0.2050195038318634
TB3SMFFM,2025-02-28,-0.034364044666290283,-0.30047711730003351,-0.30047711730003351,-0.0343640446662902,0.1996406018733978,0.1996406018733978
TB3SMFFM,2025-03-31,-0.043292105197906494,-0.33644917607307429,-0.33644917607307429,-0.043292105197906397,0.18602386116981501,0.18602386116981501
TB3SMFFM,2025-04-30,-0.050340354442596436,-0.3361208438873291,-0.3361208438873291,-0.050340354442596401,0.17963078618049619,0.17963078618049619
TB3SMFFM,2025-05-31,-0.053826272487640381,-0.35860830545425409,-0.35860830545425409,-0.053826272487640298,0.1911904513835907,0.1911904513835907
TB3SMFFM,2025-06-30,-0.060327887535095215,-0.36790692806243891,-0.36790692806243891,-0.060327887535095201,0.18300589919090271,0.18300589919090271
TB3SMFFM,2025-07-31,-0.065118521451950073,-0.37825620174407959,-0.37825620174407959,-0.065118521451950004,0.18310651183128351,0.18310651183128351
TB6MS,2023-08-31,0.07385709136724472,-0.102260984480381,-0.102260984480381,0.073857091367244707,0.27397891879081721,0.27397891879081721
TB6MS,2023-09-30,0.061969324946403503,-0.12905347347259519,-0.12905347347259519,0.061969326809048597,0.28334704041481018,0.28334704041481018
TB6MS,2023-10-31,0.052142232656478882,-0.1504990607500076,-0.1504990607500076,0.052142234519124003,0.28700646758079529,0.28700646758079529
TB6MS,2023-11-30,0.043168149888515472,-0.16541619598865509,-0.16541619598865509,0.043168149888515403,0.2873109877109527,0.2873109877109527
TB6MS,2023-12-31,0.041614286601543427,-0.17264965176582331,-0.17264965176582331,0.041614286601543399,0.2886350154876709,0.2886350154876709
TB6MS,2024-01-31,0.040692664682865143,-0.1716022193431854,-0.1716022193431854,0.040692666545510202,0.28904664516448969,0.28904664516448969
TB6MS,2024-02-29,0.041033409535884857,-0.17739664018154139,-0.17739664018154139,0.041033409535884802,0.28909790515899658,0.28909790515899658
TB6MS,2024-03-31,0.039692088961601257,-0.17872047424316401,-0.17872047424316401,0.039692088961601202,0.28475144505500788,0.28475144505500788
TB6MS,2024-04-30,0.034201927483081818,-0.18461497128009791,-0.18461497128009791,0.034201927483081797,0.27410674095153809,0.27410674095153809
TB6MS,2024-05-31,0.02675863541662693,-0.1876332610845565,-0.1876332610845565,0.0267586344853043,0.26744452118873591,0.26744452118873591
TB6MS,2024-06-30,0.015793411061167717,-0.20120659470558161,-0.20120659470558161,0.0157934129238128,0.25439029932022089,0.25439029932022089
TB6MS,2024-07-31,0.0093695316463708878,-0.2065160870552063,-0.2065160870552063,0.0093695297837257004,0.24915768206119529,0.24915768206119529
TB6MS,2024-08-31,0.0057697463780641556,-0.2100338488817215,-0.2100338488817215,0.0057697482407092996,0.24633876979351041,0.24633876979351041
TB6MS,2024-09-30,-0.00047222524881362915,-0.21133559942245481,-0.21133559942245481,-0.00047222524881359999,0.23679669201374051,0.23679669201374051
TB6MS,2024-10-31,-0.0094235353171825409,-0.22164067625999451,-0.22164067625999451,-0.0094235353171824993,0.22703450918197629,0.22703450918197629
TB6MS,2024-11-30,-0.021315015852451324,-0.23472154140472409,-0.23472154140472409,-0.0213150158524513,0.2130149900913238,0.2130149900913238
TB6MS,2024-12-31,-0.031245369464159012,-0.24188755452632901,-0.24188755452632901,-0.031245369464159001,0.20810481905937189,0.20810481905937189
TB6MS,2025-01-31,-0.033149827271699905,-0.24516142904758451,-0.24516142904758451,-0.033149827271699898,0.20148928463459009,0.20148928463459009
TB6MS,2025-02-28,-0.033994048833847046,-0.25778284668922419,-0.25778284668922419,-0.033994048833846997,0.21298053860664359,0.21298053860664359
TB6MS,2025-03-31,-0.040645509958267212,-0.26661020517349238,-0.26661020517349238,-0.040645509958267198,0.2069749236106872,0.2069749236106872
TB6MS,2025-04-30,-0.043928653001785278,-0.26794451475143433,-0.26794451475143433,-0.043928653001785202,0.20198436081409449,0.20198436081409449
TB6MS,2025-05-31,-0.04283113032579422,-0.26958703994750971,-0.26958703994750971,-0.042831130325794199,0.19408230483531949,0.19408230483531949
TB6MS,2025-06-30,-0.047505833208560944,-0.27358117699623108,-0.27358117699623108,-0.047505833208560902,0.18849970400333399,0.18849970400333399
TB6MS,2025-07-31,-0.045978028327226639,-0.27156242728233337,-0.27156242728233337,-0.045978028327226597,0.1956678032875061,0.1956678032875061
TB6SMFFM,2023-08-31,0.097186744213104248,-0.0443245023488998,-0.0443245023488998,0.097186744213104206,0.26834702491760248,0.26834702491760248
TB6SMFFM,2023-09-30,0.077706605195999146,-0.1025001406669616,-0.1025001406669616,0.077706605195999104,0.29158461093902588,0.29158461093902588
TB6SMFFM,2023-10-31,0.057403266429901123,-0.15808160603046409,-0.15808160603046409,0.057403266429901102,0.30785495042800898,0.30785495042800898
TB6SMFFM,2023-11-30,0.030908256769180298,-0.22238942980766291,-0.22238942980766291,0.030908256769180201,0.3095734715461731,0.3095734715461731
TB6SMFFM,2023-12-31,0.0063652098178863525,-0.2615320086479187,-0.2615320086479187,0.0063652098178862996,0.30822873115539551,0.30822873115539551
TB6SMFFM,2024-01-31,-0.031799957156181335,-0.31298229098320007,-0.31298229098320007,-0.031799957156181301,0.27961033582687378,0.27961033582687378
TB6SMFFM,2024-02-29,-0.073336035013198853,-0.38194414973258972,-0.38194414973258972,-0.073336035013198797,0.2588532567024231,0.2588532567024231
TB6SMFFM,2024-03-31,-0.10893362760543823,-0.43576741218566889,-0.43576741218566889,-0.1089336276054382,0.24974405765533439,0.24974405765533439
TB6SMFFM,2024-04-30,-0.14051875472068787,-0.46821248531341553,-0.46821248531341553,-0.14051875472068781,0.22480610013008109,0.22480610013008109
TB6SMFFM,2024-05-31,-0.17351323366165161,-0.51209521293640137,-0.51209521293640137,-0.17351323366165161,0.21496415138244629,0.21496415138244629
TB6SMFFM,2024-06-30,-0.20222523808479309,-0.55111336708068848,-0.55111336708068848,-0.20222523808479309,0.1830679178237915,0.1830679178237915
TB6SMFFM,2024-07-31,-0.23590068519115448,-0.60867422819137573,-0.60867422819137573,-0.2359006851911544,0.1654877364635467,0.1654877364635467
TB6SMFFM,2024-08-31,-0.25071379542350769,-0.60855329036712646,-0.60855329036712646,-0.25071379542350769,0.1425960958003997,0.1425960958003997
TB6SMFFM,2024-09-30,-0.24747571349143982,-0.60121357440948486,-0.60121357440948486,-0.24747571349143979,0.14971199631690979,0.14971199631690979
TB6SMFFM,2024-10-31,-0.24433837831020355,-0.60860693454742432,-0.60860693454742432,-0.2443383783102035,0.14921602606773371,0.14921602606773371
TB6SMFFM,2024-11-30,-0.23304541409015656,-0.61452770233154297,-0.61452770233154297,-0.2330454140901565,0.15748962759971619,0.15748962759971619
TB6SMFFM,2024-12-31,-0.2286260724067688,-0.60831797122955322,-0.60831797122955322,-0.2286260724067688,0.1684563159942627,0.1684563159942627
TB6SMFFM,2025-01-31,-0.23636762797832489,-0.6180574893951416,-0.6180574893951416,-0.23636762797832489,0.14517062902450559,0.14517062902450559
TB6SMFFM,2025-02-28,-0.23173773288726807,-0.61362439393997192,-0.61362439393997192,-0.23173773288726801,0.1468327641487121,0.1468327641487121
TB6SMFFM,2025-03-31,-0.20747925341129303,-0.59328353404998779,-0.59328353404998779,-0.207479253411293,0.16236349940299979,0.16236349940299979
TB6SMFFM,2025-04-30,-0.20255458354949951,-0.5748908519744873,-0.5748908519744873,-0.20255458354949951,0.1540093123912811,0.1540093123912811
TB6SMFFM,2025-05-31,-0.18579047918319702,-0.56992185115814209,-0.56992185115814209,-0.18579047918319699,0.18128642439842221,0.18128642439842221
TB6SMFFM,2025-06-30,-0.1692354679107666,-0.55170875787734985,-0.55170875787734985,-0.1692354679107666,0.18938174843788139,0.18938174843788139
TB6SMFFM,2025-07-31,-0.15430936217308044,-0.52958184480667114,-0.52958184480667114,-0.15430936217308039,0.1981815099716186,0.1981815099716186
TOTRESNS,2023-08-31,0.017363633960485458,-0.026531310752034101,-0.026531310752034101,0.017363633960485399,0.057603273540735203,0.057603273540735203
TOTRESNS,2023-09-30,-0.0089655127376317978,-0.0543560832738876,-0.0543560832738876,-0.0089655127376317006,0.031617335975170101,0.031617335975170101
TOTRESNS,2023-10-31,0.0027796165086328983,-0.044054646044969503,-0.044054646044969503,0.0027796169742941002,0.043869897723197902,0.043869897723197902
TOTRESNS,2023-11-30,0.022958502173423767,-0.023920176550745902,-0.023920176550745902,0.022958502173423701,0.064736843109130804,0.064736843109130804
TOTRESNS,2023-12-31,-0.002515007508918643,-0.051412411034107201,-0.051412411034107201,-0.0025150077417491999,0.041147630661725998,0.041147630661725998
TOTRESNS,2024-01-31,-0.016353489831089973,-0.065172046422958305,-0.065172046422958305,-0.016353489831089901,0.027811370790004699,0.027811370790004699
TOTRESNS,2024-02-29,0.015992728993296623,-0.0332400314509868,-0.0332400314509868,0.015992728993296599,0.060387615114450399,0.060387615114450399
TOTRESNS,2024-03-31,0.01584775373339653,-0.033256765455007498,-0.033256765455007498,0.015847753733396499,0.060232542455196297,0.060232542455196297
TOTRESNS,2024-04-30,-0.013460270129144192,-0.064507879316806793,-0.064507879316806793,-0.0134602701291441,0.032850023359060197,0.032850023359060197
TOTRESNS,2024-05-31,0.00045333238085731864,-0.0514807738363742,-0.0514807738363742,0.00045333243906490003,0.046856269240379299,0.046856269240379299
TOTRESNS,2024-06-30,0.0039141084998846054,-0.0491836629807949,-0.0491836629807949,0.0039141084998846002,0.050957657396793303,0.050957657396793303
TOTRESNS,2024-07-31,0.002406110055744648,-0.049017019569873803,-0.049017019569873803,0.0024061100557445998,0.048154126852750702,0.048154126852750702
TOTRESNS,2024-08-31,0.0042881332337856293,-0.049311306327581399,-0.049311306327581399,0.0042881336994469001,0.051396254450082703,0.051396254450082703
TOTRESNS,2024-09-30,-0.0032647592015564442,-0.055900923907756798,-0.055900923907756798,-0.0032647596672176998,0.043338384479284203,0.043338384479284203
TOTRESNS,2024-10-31,-0.00013407555525191128,-0.054242461919784497,-0.054242461919784497,-0.00013407599180929999,0.046820957213640199,0.046820957213640199
TOTRESNS,2024-11-30,0.010640334337949753,-0.043713305145502,-0.043713305145502,0.010640334570780299,0.057946827262639999,0.057946827262639999
TOTRESNS,2024-12-31,-0.0038787014782428741,-0.057489421218633603,-0.057489421218633603,-0.0038787014782428,0.042727384716272299,0.042727384716272299
TOTRESNS,2025-01-31,-0.0090116867795586586,-0.061847884207963902,-0.061847884207963902,-0.0090116867795585996,0.038004893809556899,0.038004893809556899
TOTRESNS,2025-02-28,0.0067709134891629219,-0.046953644603490802,-0.046953644603490802,0.0067709134891629002,0.055253610014915397,0.055253610014915397
TOTRESNS,2025-03-31,0.0087119089439511299,-0.044993024319410303,-0.044993024319410303,0.0087119088275357994,0.0575308129191398,0.0575308129191398
TOTRESNS,2025-04-30,-0.0044535677880048752,-0.058729588985443101,-0.058729588985443101,-0.0044535677880047997,0.044713355600833803,0.044713355600833803
TOTRESNS,2025-05-31,-0.0018086549825966358,-0.054233364760875702,-0.054233364760875702,-0.0018086554482578999,0.046482160687446497,0.046482160687446497
TOTRESNS,2025-06-30,0.002526541706174612,-0.050845164805650697,-0.050845164805650697,0.0025265421718358,0.050521496683359098,0.050521496683359098
TOTRESNS,2025-07-31,0.0041193803772330284,-0.049843821674585301,-0.049843821674585301,0.0041193803772329998,0.0525785870850086,0.0525785870850086
TWEXAFEGSMTHx,2023-08-31,-0.0045818444341421127,-0.022954486310482001,-0.022954486310482001,-0.0045818444341420997,0.013430457562208099,0.013430457562208099
TWEXAFEGSMTHx,2023-09-30,-0.0012343423441052437,-0.0208895783871412,-0.0208895783871412,-0.0012343423441052001,0.017733277752995401,0.017733277752995401
TWEXAFEGSMTHx,2023-10-31,-9.0776331489905715e-05,-0.020303109660744601,-0.020303109660744601,-9.0776244178414345e-05,0.019420238211750901,0.019420238211750901
TWEXAFEGSMTHx,2023-11-30,-0.00040372274816036224,-0.0208860132843256,-0.0208860132843256,-0.00040372274816030001,0.019264994189143101,0.019264994189143101
TWEXAFEGSMTHx,2023-12-31,-0.00028496663435362279,-0.020831385627388899,-0.020831385627388899,-0.00028496654704209998,0.019274098798632601,0.019274098798632601
TWEXAFEGSMTHx,2024-01-31,-0.00036088313208892941,-0.020989388227462699,-0.020989388227462699,-0.00036088330671190001,0.019118702039122502,0.019118702039122502
TWEXAFEGSMTHx,2024-02-29,-0.0002832123136613518,-0.020978046581149101,-0.020978046581149101,-0.00028321240097280002,0.019215399399399698,0.019215399399399698
TWEXAFEGSMTHx,2024-03-31,-0.00020322944328654557,-0.0208643935620784,-0.0208643935620784,-0.0002032294869422,0.019423307850956899,0.019423307850956899
TWEXAFEGSMTHx,2024-04-30,-0.00010575656779110432,-0.020834170281886999,-0.020834170281886999,-0.00010575680062169999,0.019578356295823999,0.019578356295823999
TWEXAFEGSMTHx,2024-05-31,-0.00022629275918006897,-0.021030407398939101,-0.021030407398939101,-0.00022629275917999999,0.019645554944872801,0.019645554944872801
TWEXAFEGSMTHx,2024-06-30,-3.5635592212202027e-05,-0.0209288522601127,-0.0209288522601127,-3.5635661333799362e-05,0.019787551835179301,0.019787551835179301
TWEXAFEGSMTHx,2024-07-31,-6.4594874856993556e-05,-0.020914155989885299,-0.020914155989885299,-6.4594671130180359e-05,0.019786451011896099,0.019786451011896099
TWEXAFEGSMTHx,2024-08-31,2.0275449060136452e-05,-0.020935114473104401,-0.020935114473104401,2.0275358110666275e-05,0.019945386797189699,0.019945386797189699
TWEXAFEGSMTHx,2024-09-30,-8.8751636212691665e-05,-0.021123217418789801,-0.021123217418789801,-8.8751781731843948e-05,0.0201027989387512,0.0201027989387512
TWEXAFEGSMTHx,2024-10-31,4.9855236284201965e-05,-0.020962798967957399,-0.020962798967957399,4.9855094403028488e-05,0.020021490752696901,0.020021490752696901
TWEXAFEGSMTHx,2024-11-30,1.4898605513735674e-05,-0.0210726782679557,-0.0210726782679557,1.4898832887411118e-05,0.020040683448314601,0.020040683448314601
TWEXAFEGSMTHx,2024-12-31,-5.044776844442822e-05,-0.020990932360291401,-0.020990932360291401,-5.044788122177124e-05,0.019819101318716999,0.019819101318716999
TWEXAFEGSMTHx,2025-01-31,-0.00013958613271825016,-0.021057114005088799,-0.021057114005088799,-0.000139586161822,0.019710110500454899,0.019710110500454899
TWEXAFEGSMTHx,2025-02-28,-7.4934076110366732e-05,-0.0212406441569328,-0.0212406441569328,-7.4934214353561401e-05,0.019946489483117998,0.019946489483117998
TWEXAFEGSMTHx,2025-03-31,-4.0721995901549235e-05,-0.021142384037375402,-0.021142384037375402,-4.0722079575061798e-05,0.019999729469418501,0.019999729469418501
TWEXAFEGSMTHx,2025-04-30,8.3835529949283227e-06,-0.020943503826856599,-0.020943503826856599,8.3837658166885376e-06,0.0200367346405982,0.0200367346405982
TWEXAFEGSMTHx,2025-05-31,0.0001875157468020916,-0.020607391372323001,-0.020607391372323001,0.00018751597963269999,0.019946562126278801,0.019946562126278801
TWEXAFEGSMTHx,2025-06-30,0.00016973240417428315,-0.020622510462999299,-0.020622510462999299,0.00016973260790100001,0.019922899082302999,0.019922899082302999
TWEXAFEGSMTHx,2025-07-31,7.3538903961889446e-05,-0.0209178775548934,-0.0209178775548934,7.3538860306143761e-05,0.019938701763749098,0.019938701763749098
UEMP15OV,2023-08-31,-0.0018925240729004145,-0.072191789746284402,-0.072191789746284402,-0.0018925238400696999,0.063754558563232394,0.063754558563232394
UEMP15OV,2023-09-30,0.0082832183688879013,-0.065666981041431399,-0.065666981041431399,0.0082832179032266001,0.0771840065717697,0.0771840065717697
UEMP15OV,2023-10-31,0.0040245852433145046,-0.072683826088905307,-0.072683826088905307,0.0040245847776532,0.073773555457591997,0.073773555457591997
UEMP15OV,2023-11-30,0.0040500820614397526,-0.073970198631286593,-0.073970198631286593,0.0040500815957784002,0.074100442230701405,0.074100442230701405
UEMP15OV,2023-12-31,4.7860477934591472e-05,-0.078234367072582203,-0.078234367072582203,4.7860667109489441e-05,0.070989020168781197,0.070989020168781197
UEMP15OV,2024-01-31,0.0015237354673445225,-0.077694512903690297,-0.077694512903690297,0.0015237350016832,0.073131248354911804,0.073131248354911804
UEMP15OV,2024-02-29,0.00089930969988927245,-0.079235121607780401,-0.079235121607780401,0.00089930929243559998,0.072462387382984106,0.072462387382984106
UEMP15OV,2024-03-31,-0.00056008144747465849,-0.082213684916496194,-0.082213684916496194,-0.00056008156388989998,0.0713912397623062,0.0713912397623062
UEMP15OV,2024-04-30,-0.00028796825790777802,-0.081617057323455797,-0.081617057323455797,-0.00028796866536139997,0.072932943701743996,0.072932943701743996
UEMP15OV,2024-05-31,0.00054030184401199222,-0.082085125148296301,-0.082085125148296301,0.00054030213505019996,0.074230656027793801,0.074230656027793801
UEMP15OV,2024-06-30,0.00056163506815209985,-0.081875577569007804,-0.081875577569007804,0.00056163500994440001,0.074856281280517495,0.074856281280517495
UEMP15OV,2024-07-31,0.00089993310393765569,-0.082187138497829396,-0.082187138497829396,0.00089993327856060005,0.0742451176047325,0.0742451176047325
UEMP15OV,2024-08-31,0.00026664807228371501,-0.0820836052298545,-0.0820836052298545,0.00026664789766070001,0.073975175619125297,0.073975175619125297
UEMP15OV,2024-09-30,-0.00049622490769252181,-0.083789899945259094,-0.083789899945259094,-0.00049622450023880001,0.073677495121955802,0.073677495121955802
UEMP15OV,2024-10-31,-0.0010071536526083946,-0.085047744214534704,-0.085047744214534704,-0.0010071536526083001,0.073477908968925407,0.073477908968925407
UEMP15OV,2024-11-30,-3.0182913178578019e-05,-0.083858847618103,-0.083858847618103,-3.0183233320713043e-05,0.074588231742381994,0.074588231742381994
UEMP15OV,2024-12-31,-0.00011013638140866533,-0.083374604582786505,-0.083374604582786505,-0.0001101363450288,0.074578605592250796,0.074578605592250796
UEMP15OV,2025-01-31,-0.00077917554881423712,-0.083914391696453094,-0.083914391696453094,-0.00077917519956819997,0.073774255812168094,0.073774255812168094
UEMP15OV,2025-02-28,-0.0012025865726172924,-0.084988035261630998,-0.084988035261630998,-0.0012025870382784999,0.074670657515525804,0.074670657515525804
UEMP15OV,2025-03-31,-0.00086026062490418553,-0.084448516368865897,-0.084448516368865897,-0.00086026079952709997,0.074937060475349399,0.074937060475349399
UEMP15OV,2025-04-30,-0.0013318790588527918,-0.084968812763690907,-0.084968812763690907,-0.0013318788260221,0.073971226811408997,0.073971226811408997
UEMP15OV,2025-05-31,-0.0010658346582204103,-0.084269292652606895,-0.084269292652606895,-0.0010658344253896999,0.073702089488506303,0.073702089488506303
UEMP15OV,2025-06-30,-0.0012962794862687588,-0.0837427303194999,-0.0837427303194999,-0.0012962799519299999,0.0727804824709892,0.0727804824709892
UEMP15OV,2025-07-31,-0.00094833760522305965,-0.083631858229637104,-0.083631858229637104,-0.00094833783805369995,0.074558742344379397,0.074558742344379397
UEMP15T26,2023-08-31,-0.012100644409656525,-0.1184957027435302,-0.1184957027435302,-0.0121006444096565,0.088913723826408303,0.088913723826408303
UEMP15T26,2023-09-30,0.00090153951896354556,-0.11011786013841619,-0.11011786013841619,0.00090153887867920005,0.1057745963335037,0.1057745963335037
UEMP15T26,2023-10-31,0.002182880649343133,-0.1106586456298828,-0.1106586456298828,0.0021828804165124,0.1070838794112205,0.1070838794112205
UEMP15T26,2023-11-30,0.0031504023354500532,-0.1097490787506103,-0.1097490787506103,0.0031504016369581001,0.1069319993257522,0.1069319993257522
UEMP15T26,2023-12-31,-0.00068149867001920938,-0.11387632787227631,-0.11387632787227631,-0.00068149901926509995,0.1033854037523269,0.1033854037523269
UEMP15T26,2024-01-31,-0.0025095238815993071,-0.116420678794384,-0.116420678794384,-0.0025095231831073002,0.1008274480700492,0.1008274480700492
UEMP15T26,2024-02-29,-0.0045128026977181435,-0.1187259703874588,-0.1187259703874588,-0.0045128017663955003,0.097370058298110906,0.097370058298110906
UEMP15T26,2024-03-31,-0.0071193566545844078,-0.1225861832499504,-0.1225861832499504,-0.0071193557232618002,0.095546625554561601,0.095546625554561601
UEMP15T26,2024-04-30,-0.0041447216644883156,-0.1192105114459991,-0.1192105114459991,-0.0041447225958108,0.099407047033309895,0.099407047033309895
UEMP15T26,2024-05-31,0.0038975456263870001,-0.11291201412677759,-0.11291201412677759,0.0038975458592175999,0.1082784533500671,0.1082784533500671
UEMP15T26,2024-06-30,0.003152540186420083,-0.11464245617389671,-0.11464245617389671,0.0031525399535893999,0.1086175367236137,0.1086175367236137
UEMP15T26,2024-07-31,0.0050109741277992725,-0.1141474321484565,-0.1141474321484565,0.0050109736621379002,0.11071342974901199,0.11071342974901199
UEMP15T26,2024-08-31,0.0036737855989485979,-0.1158868446946144,-0.1158868446946144,0.0036737862974404998,0.1102947518229484,0.1102947518229484
UEMP15T26,2024-09-30,-0.00010143429972231388,-0.1207460314035415,-0.1207460314035415,-0.0001014340668916,0.1079909279942512,0.1079909279942512
UEMP15T26,2024-10-31,-0.00040884647751227021,-0.1229119598865509,-0.1229119598865509,-0.0004088468849658,0.10788685083389279,0.10788685083389279
UEMP15T26,2024-11-30,-0.0034047714434564114,-0.12544621527194971,-0.12544621527194971,-0.0034047719091175998,0.1066395938396453,0.1066395938396453
UEMP15T26,2024-12-31,-0.0022998580243438482,-0.1239029169082641,-0.1239029169082641,-0.0022998582571743999,0.1068096235394477,0.1068096235394477
UEMP15T26,2025-01-31,-0.0034761829301714897,-0.1239594593644142,-0.1239594593644142,-0.0034761838614940001,0.10531251132488249,0.10531251132488249
UEMP15T26,2025-02-28,-0.0025255859363824129,-0.1228842511773109,-0.1228842511773109,-0.0025255866348743001,0.1059730872511863,0.1059730872511863
UEMP15T26,2025-03-31,-0.00059026834787800908,-0.1200283393263816,-0.1200283393263816,-0.00059026852250089999,0.1059091165661811,0.1059091165661811
UEMP15T26,2025-04-30,0.0023356692399829626,-0.1154766455292701,-0.1154766455292701,0.0023356694728136002,0.1083659380674362,0.1083659380674362
UEMP15T26,2025-05-31,0.002848415169864893,-0.1141942515969276,-0.1141942515969276,0.0028484147042036,0.1087783575057983,0.1087783575057983
UEMP15T26,2025-06-30,0.00096095394110307097,-0.11606269329786301,-0.11606269329786301,0.00096095353364940002,0.1068675145506858,0.1068675145506858
UEMP15T26,2025-07-31,0.001070012804120779,-0.1182290837168693,-0.1182290837168693,0.001070013269782,0.1092608794569969,0.1092608794569969
UEMP27OV,2023-08-31,0.0038240011781454086,-0.068381540477275807,-0.068381540477275807,0.0038240011781454,0.071092247962951605,0.071092247962951605
UEMP27OV,2023-09-30,0.008149745874106884,-0.068574190139770494,-0.068574190139770494,0.0081497454084454996,0.079466752707958194,0.079466752707958194
UEMP27OV,2023-10-31,0.0049993991851806641,-0.075324751436710302,-0.075324751436710302,0.0049993991851805999,0.078083626925945199,0.078083626925945199
UEMP27OV,2023-11-30,0.0044777081348001957,-0.077509932219982106,-0.077509932219982106,0.0044777086004613997,0.0783717036247253,0.0783717036247253
UEMP27OV,2023-12-31,0.0047445963136851788,-0.078153342008590698,-0.078153342008590698,0.0047445967793464001,0.080532029271125793,0.080532029271125793
UEMP27OV,2024-01-31,0.0030194073915481567,-0.081045538187026894,-0.081045538187026894,0.0030194073915480999,0.0807336345314979,0.0807336345314979
UEMP27OV,2024-02-29,0.0029742000624537468,-0.081507906317710793,-0.081507906317710793,0.0029742000624537,0.081601917743682806,0.081601917743682806
UEMP27OV,2024-03-31,0.0021999538876116276,-0.084606997668743106,-0.084606997668743106,0.0021999534219502999,0.081404775381088201,0.081404775381088201
UEMP27OV,2024-04-30,0.0029255168046802282,-0.083591945469379397,-0.083591945469379397,0.0029255161061882001,0.083161890506744301,0.083161890506744301
UEMP27OV,2024-05-31,0.0035225816536694765,-0.083736009895801503,-0.083736009895801503,0.0035225814208387999,0.0847296342253685,0.0847296342253685
UEMP27OV,2024-06-30,0.0031869432423263788,-0.084358461201190907,-0.084358461201190907,0.0031869430094957,0.085479758679866694,0.085479758679866694
UEMP27OV,2024-07-31,0.0016001309268176556,-0.086009263992309501,-0.086009263992309501,0.0016001313924788999,0.082257129251956898,0.082257129251956898
UEMP27OV,2024-08-31,0.0007181506953202188,-0.086967751383781405,-0.086967751383781405,0.00071815028786650003,0.082394115626811898,0.082394115626811898
UEMP27OV,2024-09-30,0.00050237542018294334,-0.087963096797466195,-0.087963096797466195,0.00050237588584419997,0.082762673497199998,0.082762673497199998
UEMP27OV,2024-10-31,0.00061899359570816159,-0.087696507573127705,-0.087696507573127705,0.0006189933046698,0.084693923592567402,0.084693923592567402
UEMP27OV,2024-11-30,0.001255374401807785,-0.087283104658126803,-0.087283104658126803,0.0012553744018077,0.084949992597103105,0.084949992597103105
UEMP27OV,2024-12-31,0.00037529339897446334,-0.0877091139554977,-0.0877091139554977,0.0003752931952476,0.084374919533729498,0.084374919533729498
UEMP27OV,2025-01-31,-0.00049541256157681346,-0.088564410805702196,-0.088564410805702196,-0.00049541238695380004,0.0830535888671875,0.0830535888671875
UEMP27OV,2025-02-28,-0.00010540008952375501,-0.089314714074134799,-0.089314714074134799,-0.00010539963841430001,0.084774971008300698,0.084774971008300698
UEMP27OV,2025-03-31,-0.00037031725514680147,-0.089781187474727603,-0.089781187474727603,-0.00037031713873140001,0.084589205682277596,0.084589205682277596
UEMP27OV,2025-04-30,-0.0016393533442169428,-0.091772064566612202,-0.091772064566612202,-0.0016393531113862,0.082781434059142997,0.082781434059142997
UEMP27OV,2025-05-31,-0.0014862273819744587,-0.090469606220722198,-0.090469606220722198,-0.0014862269163131,0.082414485514163902,0.082414485514163902
UEMP27OV,2025-06-30,-0.00075159315019845963,-0.088876016438007299,-0.088876016438007299,-0.00075159408152099998,0.083277024328708593,0.083277024328708593
UEMP27OV,2025-07-31,-0.0021439155098050833,-0.090535230934619904,-0.090535230934619904,-0.0021439157426357,0.083160296082496601,0.083160296082496601
UEMP5TO14,2023-08-31,-0.014577219262719154,-0.094008877873420701,-0.094008877873420701,-0.014577219262719101,0.069864846765994998,0.069864846765994998
UEMP5TO14,2023-09-30,-0.001086518750526011,-0.084202460944652502,-0.084202460944652502,-0.0010865181684493999,0.0886404514312744,0.0886404514312744
UEMP5TO14,2023-10-31,-0.0014001987874507904,-0.085137516260147095,-0.085137516260147095,-0.0014001987874507,0.090263895690441104,0.090263895690441104
UEMP5TO14,2023-11-30,-0.013903096318244934,-0.096835270524024894,-0.096835270524024894,-0.013903096318244899,0.078192085027694702,0.078192085027694702
UEMP5TO14,2023-12-31,-0.008242669515311718,-0.0919922664761543,-0.0919922664761543,-0.0082426685839891,0.08378566801548,0.08378566801548
UEMP5TO14,2024-01-31,-0.005687355063855648,-0.089058436453342396,-0.089058436453342396,-0.0056873559951782001,0.086200140416622106,0.086200140416622106
UEMP5TO14,2024-02-29,-0.0094150956720113754,-0.091850809752941104,-0.091850809752941104,-0.0094150956720113008,0.083029955625534002,0.083029955625534002
UEMP5TO14,2024-03-31,-0.0065040076151490211,-0.089551225304603493,-0.089551225304603493,-0.0065040076151490003,0.0869632288813591,0.0869632288813591
UEMP5TO14,2024-04-30,-0.0056754471734166145,-0.090131253004074097,-0.090131253004074097,-0.0056754481047390998,0.087725728750228799,0.087725728750228799
UEMP5TO14,2024-05-31,-0.0080948425456881523,-0.093338996171951294,-0.093338996171951294,-0.0080948434770106992,0.086165904998779297,0.086165904998779297
UEMP5TO14,2024-06-30,-0.0060298284515738487,-0.091359578073024694,-0.091359578073024694,-0.0060298275202512004,0.0881990566849708,0.0881990566849708
UEMP5TO14,2024-07-31,-0.0035178440157324076,-0.088152825832366902,-0.088152825832366902,-0.0035178437829017002,0.089406199753284399,0.089406199753284399
UEMP5TO14,2024-08-31,-0.0056163156405091286,-0.090961858630180303,-0.090961858630180303,-0.0056163147091865002,0.087329663336276994,0.087329663336276994
UEMP5TO14,2024-09-30,-0.0063954377546906471,-0.091187238693237305,-0.091187238693237305,-0.0063954368233679997,0.086634777486324296,0.086634777486324296
UEMP5TO14,2024-10-31,-0.0077969590201973915,-0.093214750289916895,-0.093214750289916895,-0.0077969580888748004,0.085147477686405099,0.085147477686405099
UEMP5TO14,2024-11-30,-0.0078162001445889473,-0.093494847416877705,-0.093494847416877705,-0.0078162010759114994,0.085011862218379905,0.085011862218379905
UEMP5TO14,2024-12-31,-0.0063756508752703667,-0.090828098356723702,-0.090828098356723702,-0.0063756518065928997,0.085998035967350006,0.085998035967350006
UEMP5TO14,2025-01-31,-0.0048578716814517975,-0.089439257979393005,-0.089439257979393005,-0.0048578716814517003,0.086964085698127705,0.086964085698127705
UEMP5TO14,2025-02-28,-0.0058792214840650558,-0.091297842562198597,-0.091297842562198597,-0.0058792214840650003,0.086034134030342102,0.086034134030342102
UEMP5TO14,2025-03-31,-0.0059753758832812309,-0.091681435704231207,-0.091681435704231207,-0.0059753758832811997,0.085881568491458796,0.085881568491458796
UEMP5TO14,2025-04-30,-0.006250457838177681,-0.091388061642646706,-0.091388061642646706,-0.0062504578381776003,0.084772512316703796,0.084772512316703796
UEMP5TO14,2025-05-31,-0.0068463310599327087,-0.091429486870765603,-0.091429486870765603,-0.0068463310599327001,0.083564318716526004,0.083564318716526004
UEMP5TO14,2025-06-30,-0.0059831272810697556,-0.090549632906913702,-0.090549632906913702,-0.0059831272810697,0.083921082317829104,0.083921082317829104
UEMP5TO14,2025-07-31,-0.0057189902290701866,-0.091029241681098896,-0.091029241681098896,-0.0057189902290700999,0.084995031356811496,0.084995031356811496
UEMPLT5,2023-08-31,0.0311297457665205,-0.086752533912658594,-0.086752533912658594,0.031129746697842998,0.1458812803030014,0.1458812803030014
UEMPLT5,2023-09-30,-0.013865800574421883,-0.13960523903369901,-0.13960523903369901,-0.013865800574421799,0.1079201996326446,0.1079201996326446
UEMPLT5,2023-10-31,-0.0065964171662926674,-0.1378682851791381,-0.1378682851791381,-0.00659641623497,0.11999243497848509,0.11999243497848509
UEMPLT5,2023-11-30,0.0095778154209256172,-0.124197244644165,-0.124197244644165,0.0095778154209255999,0.1395723819732666,0.1395723819732666
UEMPLT5,2023-12-31,-0.0027864468283951283,-0.13924235105514521,-0.13924235105514521,-0.0027864463627338002,0.1297958046197891,0.1297958046197891
UEMPLT5,2024-01-31,-0.00458489079028368,-0.14303779602050781,-0.14303779602050781,-0.0045848898589611001,0.1297584921121597,0.1297584921121597
UEMPLT5,2024-02-29,0.0096104713156819344,-0.1300900131464004,-0.1300900131464004,0.0096104703843593008,0.14619617164134979,0.14619617164134979
UEMPLT5,2024-03-31,-0.0020086222793906927,-0.142914593219757,-0.142914593219757,-0.0020086225122212999,0.13695237040519709,0.13695237040519709
UEMPLT5,2024-04-30,-0.0019558407366275787,-0.14530330896377561,-0.14530330896377561,-0.0019558407366274998,0.1384018212556839,0.1384018212556839
UEMPLT5,2024-05-31,5.9952260926365852e-05,-0.1445555090904235,-0.1445555090904235,5.9952959418296814e-05,0.14107568562030789,0.14107568562030789
UEMPLT5,2024-06-30,-0.0030670501291751862,-0.14894329011440269,-0.14894329011440269,-0.0030670501291750999,0.13864168524742121,0.13864168524742121
UEMPLT5,2024-07-31,-0.0012388569302856922,-0.14548186957836151,-0.14548186957836151,-0.0012388564646243999,0.13922680914402,0.13922680914402
UEMPLT5,2024-08-31,-0.0014011387247592211,-0.1458818912506103,-0.1458818912506103,-0.0014011394232511,0.1371867209672927,0.1371867209672927
UEMPLT5,2024-09-30,-0.0034530060365796089,-0.14830243587493891,-0.14830243587493891,-0.003453005105257,0.1372903883457183,0.1372903883457183
UEMPLT5,2024-10-31,-0.0013468436663970351,-0.14734207093715659,-0.14734207093715659,-0.001346843317151,0.1405090987682342,0.1405090987682342
UEMPLT5,2024-11-30,0.0022062398493289948,-0.1430991142988205,-0.1430991142988205,0.0022062398493289002,0.1434161812067031,0.1434161812067031
UEMPLT5,2024-12-31,-0.0032907505519688129,-0.1482608765363693,-0.1482608765363693,-0.0032907500863075,0.13739433884620661,0.13739433884620661
UEMPLT5,2025-01-31,-0.00065251241903752089,-0.14508210122585291,-0.14508210122585291,-0.00065251253545279999,0.139923021197319,0.139923021197319
UEMPLT5,2025-02-28,0.0015569952083751559,-0.14476585388183591,-0.14476585388183591,0.0015569943934679001,0.14419391751289359,0.14419391751289359
UEMPLT5,2025-03-31,-0.00048803683603182435,-0.14732253551483149,-0.14732253551483149,-0.0004880372434854,0.1422337144613266,0.1422337144613266
UEMPLT5,2025-04-30,-0.00040821731090545654,-0.14711982011795041,-0.14711982011795041,-0.0004082173109054,0.14209854602813721,0.14209854602813721
UEMPLT5,2025-05-31,0.00043479446321725845,-0.14447447657585141,-0.14447447657585141,0.00043479353189459997,0.1416115909814834,0.1416115909814834
UEMPLT5,2025-06-30,-0.0012099109590053558,-0.14641028642654419,-0.14641028642654419,-0.0012099109590053001,0.1395021378993988,0.1395021378993988
UEMPLT5,2025-07-31,-0.0023978534154593945,-0.1469226330518722,-0.1469226330518722,-0.0023978538811205998,0.13824547827243799,0.13824547827243799
UEMPMEAN,2023-08-31,-0.00183096993714571,-1.5129165649414062,-1.5129165649414062,-0.0018309652805328001,1.4160579442977903,1.4160579442977903
UEMPMEAN,2023-09-30,-0.079043403267860413,-1.6776700019836426,-1.6776700019836426,-0.079043388366699205,1.407179594039917,1.407179594039917
UEMPMEAN,2023-10-31,-0.04121948778629303,-1.6848723888397217,-1.6848723888397217,-0.041219472885131801,1.4742830991744995,1.4742830991744995
UEMPMEAN,2023-11-30,-0.048469197005033493,-1.7149696350097656,-1.7149696350097656,-0.048469185829162598,1.4707067012786863,1.4707067012786863
UEMPMEAN,2023-12-31,-0.10293695330619812,-1.7621408700942991,-1.7621408700942991,-0.10293695330619811,1.433897852897644,1.433897852897644
UEMPMEAN,2024-01-31,-0.051947448402643204,-1.7187083959579468,-1.7187083959579468,-0.051947444677352898,1.4955239295959473,1.4955239295959473
UEMPMEAN,2024-02-29,-0.083113402128219604,-1.7644640207290649,-1.7644640207290649,-0.083113402128219604,1.4622510671615601,1.4622510671615601
UEMPMEAN,2024-03-31,-0.072310492396354675,-1.776418924331665,-1.776418924331665,-0.0723105072975158,1.4710832834243774,1.4710832834243774
UEMPMEAN,2024-04-30,-0.079392507672309875,-1.756953239440918,-1.756953239440918,-0.079392492771148598,1.4577096700668335,1.4577096700668335
UEMPMEAN,2024-05-31,-0.056983496993780136,-1.7357208728790283,-1.7357208728790283,-0.0569835007190704,1.4758845567703247,1.4758845567703247
UEMPMEAN,2024-06-30,-0.047079633921384811,-1.7321432828903198,-1.7321432828903198,-0.047079622745513902,1.4934873580932615,1.4934873580932615
UEMPMEAN,2024-07-31,-0.080740988254547119,-1.7593072652816772,-1.7593072652816772,-0.080740988254547105,1.4576160907745359,1.4576160907745359
UEMPMEAN,2024-08-31,-0.0938616544008255,-1.7368083000183103,-1.7368083000183103,-0.093861639499664307,1.4454919099807739,1.4454919099807739
UEMPMEAN,2024-09-30,-0.086500242352485657,-1.7507319450378418,-1.7507319450378418,-0.086500227451324394,1.4439141750335691,1.4439141750335691
UEMPMEAN,2024-10-31,-0.081001594662666321,-1.7466768026351929,-1.7466768026351929,-0.081001579761505099,1.4677032232284546,1.4677032232284546
UEMPMEAN,2024-11-30,-0.077221959829330444,-1.7403757572174072,-1.7403757572174072,-0.077221959829330403,1.4614863395690918,1.4614863395690918
UEMPMEAN,2024-12-31,-0.036642413586378098,-1.7090797424316406,-1.7090797424316406,-0.036642402410507202,1.4983537197113037,1.4983537197113037
UEMPMEAN,2025-01-31,-0.037642952054738998,-1.7108199596405029,-1.7108199596405029,-0.037642955780029297,1.491938591003418,1.491938591003418
UEMPMEAN,2025-02-28,-0.058595921844244003,-1.7460753917694092,-1.7460753917694092,-0.058595925569534302,1.4896215200424194,1.4896215200424194
UEMPMEAN,2025-03-31,-0.019424870610237122,-1.7075968980789185,-1.7075968980789185,-0.0194248557090759,1.5255913734436035,1.5255913734436035
UEMPMEAN,2025-04-30,0.00045949220657348633,-1.67911696434021,-1.67911696434021,0.00045949220657340003,1.5390026569366455,1.5390026569366455
UEMPMEAN,2025-05-31,-0.020018517971038818,-1.6922153234481812,-1.6922153234481812,-0.020018517971038801,1.5176869630813601,1.5176869630813601
UEMPMEAN,2025-06-30,-0.037408687174320221,-1.6952378749847412,-1.6952378749847412,-0.037408679723739603,1.4908511638641355,1.4908511638641355
UEMPMEAN,2025-07-31,-0.032861705869436264,-1.6926190853118896,-1.6926190853118896,-0.0328617095947265,1.4916019439697266,1.4916019439697266
UMCSENTx,2023-08-31,-0.30710890889167786,-5.529599666595459,-5.529599666595459,-0.30710887908935541,4.7293038368225098,4.7293038368225098
UMCSENTx,2023-09-30,-0.46303090453147888,-5.7469582557678223,-5.7469582557678223,-0.46303093433380121,4.6574192047119141,4.6574192047119141
UMCSENTx,2023-10-31,-0.15510882437229156,-5.4075603485107422,-5.4075603485107422,-0.15510880947113029,4.8754897117614746,4.8754897117614746
UMCSENTx,2023-11-30,0.11781507730484009,-5.0570988655090332,-5.0570988655090332,0.11781507730484,5.0204572677612305,5.0204572677612305
UMCSENTx,2023-12-31,0.55608439445495605,-4.4845561981201172,-4.4845561981201172,0.55608442425727844,5.4143514633178711,5.4143514633178711
UMCSENTx,2024-01-31,0.39015692472457886,-4.6413354873657227,-4.6413354873657227,0.3901569247245788,5.2231216430664062,5.2231216430664062
UMCSENTx,2024-02-29,0.016175184398889542,-5.1160292625427246,-5.1160292625427246,0.0161752104759216,4.8570194244384766,4.8570194244384766
UMCSENTx,2024-03-31,-0.050564315170049667,-5.2510085105895996,-5.2510085105895996,-0.050564289093017502,4.8285427093505859,4.8285427093505859
UMCSENTx,2024-04-30,-0.17268753051757812,-5.399986743927002,-5.399986743927002,-0.1726875305175781,4.749943733215332,4.749943733215332
UMCSENTx,2024-05-31,-0.13485004007816315,-5.383002758026123,-5.383002758026123,-0.1348500251770019,4.8110294342041016,4.8110294342041016
UMCSENTx,2024-06-30,0.039724316447973251,-5.1949458122253418,-5.1949458122253418,0.0397242903709411,4.9415240287780762,4.9415240287780762
UMCSENTx,2024-07-31,0.079374149441719055,-5.1137781143188477,-5.1137781143188477,0.079374134540557806,4.9475631713867188,4.9475631713867188
UMCSENTx,2024-08-31,0.23015877604484558,-4.9132146835327148,-4.9132146835327148,0.23015880584716791,5.147925853729248,5.147925853729248
UMCSENTx,2024-09-30,0.28200069069862366,-4.9765243530273438,-4.9765243530273438,0.28200066089630121,5.2303428649902344,5.2303428649902344
UMCSENTx,2024-10-31,0.062958464026451111,-5.1622037887573242,-5.1622037887573242,0.062958478927612305,4.9887676239013672,4.9887676239013672
UMCSENTx,2024-11-30,0.14484795928001404,-5.0660200119018555,-5.0660200119018555,0.14484792947769159,5.0453047752380371,5.0453047752380371
UMCSENTx,2024-12-31,0.27406242489814758,-4.8818774223327637,-4.8818774223327637,0.2740623950958252,5.1496052742004395,5.1496052742004395
UMCSENTx,2025-01-31,0.19001671671867371,-4.9943828582763672,-4.9943828582763672,0.19001674652099609,5.1034655570983887,5.1034655570983887
UMCSENTx,2025-02-28,-0.009974159300327301,-5.2581572532653809,-5.2581572532653809,-0.0099741816520689999,5.0068259239196777,5.0068259239196777
UMCSENTx,2025-03-31,0.055886905640363693,-5.264556884765625,-5.264556884765625,0.055886924266815102,5.1082630157470703,5.1082630157470703
UMCSENTx,2025-04-30,0.20449176430702209,-5.1135435104370117,-5.1135435104370117,0.20449173450469971,5.278386116027832,5.278386116027832
UMCSENTx,2025-05-31,0.22462108731269836,-5.0272998809814453,-5.0272998809814453,0.22462105751037589,5.2608742713928223,5.2608742713928223
UMCSENTx,2025-06-30,0.14924448728561401,-5.0834536552429199,-5.0834536552429199,0.14924448728561401,5.1714587211608887,5.1714587211608887
UMCSENTx,2025-07-31,0.0011007031425833702,-5.3251509666442871,-5.3251509666442871,0.0011007189750671001,5.0952181816101074,5.0952181816101074
UNRATE,2023-08-31,-0.044539615511894226,-0.26205235719680781,-0.26205235719680781,-0.044539615511894198,0.1570001542568206,0.1570001542568206
UNRATE,2023-09-30,-0.035325191915035248,-0.26839989423751831,-0.26839989423751831,-0.035325191915035199,0.17823043465614319,0.17823043465614319
UNRATE,2023-10-31,-0.035875819623470306,-0.28322634100914001,-0.28322634100914001,-0.035875819623470299,0.186623215675354,0.186623215675354
UNRATE,2023-11-30,-0.039642356336116791,-0.28778725862503052,-0.28778725862503052,-0.039642356336116701,0.1808475106954574,0.1808475106954574
UNRATE,2023-12-31,-0.037852384150028229,-0.29181200265884399,-0.29181200265884399,-0.037852384150028201,0.184460774064064,0.184460774064064
UNRATE,2024-01-31,-0.043897096067667007,-0.29974257946014399,-0.29974257946014399,-0.043897096067667001,0.1766142845153808,0.1766142845153808
UNRATE,2024-02-29,-0.044923577457666397,-0.3004916906356811,-0.3004916906356811,-0.044923577457666397,0.17565114796161649,0.17565114796161649
UNRATE,2024-03-31,-0.052856288850307465,-0.31122004985809321,-0.31122004985809321,-0.052856288850307402,0.1685316711664199,0.1685316711664199
UNRATE,2024-04-30,-0.045654114335775375,-0.30571302771568298,-0.30571302771568298,-0.045654114335775299,0.1771774888038635,0.1771774888038635
UNRATE,2024-05-31,-0.042917113751173019,-0.30367958545684809,-0.30367958545684809,-0.042917113751172999,0.18039378523826599,0.18039378523826599
UNRATE,2024-06-30,-0.041904032230377197,-0.3053536713123321,-0.3053536713123321,-0.041904032230377197,0.18651382625102991,0.18651382625102991
UNRATE,2024-07-31,-0.048471815884113312,-0.30976134538650513,-0.30976134538650513,-0.048471815884113298,0.17498625814914701,0.17498625814914701
UNRATE,2024-08-31,-0.046801816672086716,-0.31438770890235901,-0.31438770890235901,-0.046801816672086702,0.1873563081026077,0.1873563081026077
UNRATE,2024-09-30,-0.054593268781900406,-0.31618109345436091,-0.31618109345436091,-0.054593268781900399,0.17575183510780329,0.17575183510780329
UNRATE,2024-10-31,-0.053157567977905273,-0.31867298483848572,-0.31867298483848572,-0.053157567977905197,0.18578043580055231,0.18578043580055231
UNRATE,2024-11-30,-0.04872111976146698,-0.31926485896110529,-0.31926485896110529,-0.048721119761466897,0.18996311724185941,0.18996311724185941
UNRATE,2024-12-31,-0.044875752180814743,-0.31473502516746521,-0.31473502516746521,-0.044875752180814701,0.1963748037815094,0.1963748037815094
UNRATE,2025-01-31,-0.051460061222314835,-0.32065868377685541,-0.32065868377685541,-0.0514600612223148,0.1895476281642913,0.1895476281642913
UNRATE,2025-02-28,-0.055114593356847763,-0.3377463817596435,-0.3377463817596435,-0.055114593356847701,0.19733190536499021,0.19733190536499021
UNRATE,2025-03-31,-0.05756647139787674,-0.3383727073669433,-0.3383727073669433,-0.057566471397876698,0.19989880919456479,0.19989880919456479
UNRATE,2025-04-30,-0.059234220534563065,-0.33904674649238581,-0.33904674649238581,-0.059234220534563002,0.19332940876483909,0.19332940876483909
UNRATE,2025-05-31,-0.056530896574258804,-0.33316975831985468,-0.33316975831985468,-0.056530896574258797,0.19030030071735379,0.19030030071735379
UNRATE,2025-06-30,-0.054176308214664459,-0.33186155557632441,-0.33186155557632441,-0.054176308214664397,0.19234766066074371,0.19234766066074371
UNRATE,2025-07-31,-0.05739249661564827,-0.33996063470840449,-0.33996063470840449,-0.0573924966156482,0.19526565074920649,0.19526565074920649
USCONS,2023-08-31,0.0024732905440032482,-0.0010300545254721999,-0.0010300545254721999,0.0024732905440032001,0.0061463359743356002,0.0061463359743356002
USCONS,2023-09-30,0.0024258187040686607,-0.0013212909689173,-0.0013212909689173,0.0024258187040686,0.0064288536086678002,0.0064288536086678002
USCONS,2023-10-31,0.0023904030676931143,-0.0014615553664042999,-0.0014615553664042999,0.0023904030676931,0.0065653589554130996,0.0065653589554130996
USCONS,2023-11-30,0.0025192082393914461,-0.0013324482133612,-0.0013324482133612,0.0025192082393914001,0.0067270272411405997,0.0067270272411405997
USCONS,2023-12-31,0.0026360379997640848,-0.0012843351578339,-0.0012843351578339,0.0026360379997639998,0.0068439273163676002,0.0068439273163676002
USCONS,2024-01-31,0.0027734013274312019,-0.0012793793575838,-0.0012793793575838,0.0027734013274312002,0.0070771449245512,0.0070771449245512
USCONS,2024-02-29,0.0028154687024652958,-0.0012276662746444,-0.0012276662746444,0.0028154687024651999,0.0071430406533180999,0.0071430406533180999
USCONS,2024-03-31,0.0028413506224751472,-0.0013547240523621,-0.0013547240523621,0.0028413506224751,0.0073048877529799001,0.0073048877529799001
USCONS,2024-04-30,0.0028719292022287846,-0.0014441612875088999,-0.0014441612875088999,0.0028719292022287,0.0073505737818776997,0.0073505737818776997
USCONS,2024-05-31,0.0028110486455261707,-0.0016382812755181999,-0.0016382812755181999,0.0028110486455261,0.0074125877581535998,0.0074125877581535998
USCONS,2024-06-30,0.0028480973560363054,-0.0017152255168184001,-0.0017152255168184001,0.0028480973560362998,0.0075005586259066998,0.0075005586259066998
USCONS,2024-07-31,0.0028782633598893881,-0.0017151591600849999,-0.0017151591600849999,0.0028782633598893,0.0074990955181418999,0.0074990955181418999
USCONS,2024-08-31,0.0028246543370187283,-0.0019588125869631,-0.0019588125869631,0.0028246543370187001,0.0075895022600888998,0.0075895022600888998
USCONS,2024-09-30,0.0027490609791129827,-0.0020102299749851001,-0.0020102299749851001,0.0027490609791128999,0.0075800186023115999,0.0075800186023115999
USCONS,2024-10-31,0.0027580107562243938,-0.0021930215880274001,-0.0021930215880274001,0.0027580107562243002,0.0077185481786727003,0.0077185481786727003
USCONS,2024-11-30,0.0026636975817382336,-0.0025025531649589001,-0.0025025531649589001,0.0026636975817382002,0.0077543398365377998,0.0077543398365377998
USCONS,2024-12-31,0.0026563403662294149,-0.0025656879879534002,-0.0025656879879534002,0.0026563403662294002,0.0078014335595071004,0.0078014335595071004
USCONS,2025-01-31,0.0026511773467063904,-0.0026116138324140999,-0.0026116138324140999,0.0026511773467063002,0.0078183999285101006,0.0078183999285101006
USCONS,2025-02-28,0.0027275444008409977,-0.0027495622634887001,-0.0027495622634887001,0.0027275444008409001,0.0080551849678157997,0.0080551849678157997
USCONS,2025-03-31,0.0027287919074296951,-0.0028562829829751999,-0.0028562829829751999,0.0027287919074296002,0.0080788256600498997,0.0080788256600498997
USCONS,2025-04-30,0.0027384893037378788,-0.002793519757688,-0.002793519757688,0.0027384893037377999,0.0080225868150591,0.0080225868150591
USCONS,2025-05-31,0.0027657882310450077,-0.002879804931581,-0.002879804931581,0.0027657882310449999,0.0080609507858752996,0.0080609507858752996
USCONS,2025-06-30,0.0027494109235703945,-0.0029724743217229002,-0.0029724743217229002,0.0027494109235703,0.0081428671255706995,0.0081428671255706995
USCONS,2025-07-31,0.002772246953099966,-0.0031217760406433998,-0.0031217760406433998,0.0027722469530999001,0.0082571236416696999,0.0082571236416696999
USFIRE,2023-08-31,0.0011425805278122425,-0.0005150563083589,-0.0005150563083589,0.0011425805278122,0.0026834523305296,0.0026834523305296
USFIRE,2023-09-30,0.0011080275289714336,-0.00069427886046459996,-0.00069427886046459996,0.0011080275289714,0.0027660443447530001,0.0027660443447530001
USFIRE,2023-10-31,0.0011564365122467279,-0.00077485083602359995,-0.00077485083602359995,0.0011564365122467,0.0028918513562530002,0.0028918513562530002
USFIRE,2023-11-30,0.0011787833645939827,-0.00083420809824009999,-0.00083420809824009999,0.0011787833645939001,0.0029892197344452,0.0029892197344452
USFIRE,2023-12-31,0.0012066300259903073,-0.00087109056767069998,-0.00087109056767069998,0.0012066300259903,0.0030247848480939002,0.0030247848480939002
USFIRE,2024-01-31,0.0011832558084279299,-0.00098116474691770008,-0.00098116474691770008,0.0011832558084279,0.0030663823708891001,0.0030663823708891001
USFIRE,2024-02-29,0.0012123998021706939,-0.0010092478478327001,-0.0010092478478327001,0.0012123998021706,0.0031438297592103,0.0031438297592103
USFIRE,2024-03-31,0.0012326603755354881,-0.0010716078104450999,-0.0010716078104450999,0.0012326603755354001,0.0032302225008606,0.0032302225008606
USFIRE,2024-04-30,0.0012219265336170793,-0.0011447445722295999,-0.0011447445722295999,0.0012219265336169999,0.0032466980628669002,0.0032466980628669002
USFIRE,2024-05-31,0.0012166453525424004,-0.0012269873404875001,-0.0012269873404875001,0.0012166453525423999,0.0033304430544376,0.0033304430544376
USFIRE,2024-06-30,0.0012387533206492662,-0.0012490920489653,-0.0012490920489653,0.0012387533206492001,0.0033683520741760002,0.0033683520741760002
USFIRE,2024-07-31,0.0012063536560162902,-0.0013214611681178,-0.0013214611681178,0.0012063536560162,0.0033931224606931001,0.0033931224606931001
USFIRE,2024-08-31,0.0012277927016839385,-0.0013083639787510001,-0.0013083639787510001,0.0012277927016838999,0.0034116329625247998,0.0034116329625247998
USFIRE,2024-09-30,0.0012135448632761836,-0.0013672084314748001,-0.0013672084314748001,0.0012135448632760999,0.0034485869109629999,0.0034485869109629999
USFIRE,2024-10-31,0.0012679668143391609,-0.0013632114278152,-0.0013632114278152,0.0012679668143391,0.0035446519032120002,0.0035446519032120002
USFIRE,2024-11-30,0.001246068044565618,-0.0014005395350977,-0.0014005395350977,0.0012460680445656,0.0035527003929017999,0.0035527003929017999
USFIRE,2024-12-31,0.0012530515668913722,-0.0014632534002884999,-0.0014632534002884999,0.0012530515668913,0.0035785599611699,0.0035785599611699
USFIRE,2025-01-31,0.0012746343854814768,-0.0014529697364195999,-0.0014529697364195999,0.0012746343854814,0.0036093960516153998,0.0036093960516153998
USFIRE,2025-02-28,0.0012895081890746951,-0.0015503343893215,-0.0015503343893215,0.0012895081890745999,0.0036842431873083002,0.0036842431873083002
USFIRE,2025-03-31,0.0013047881657257676,-0.0015760824317111999,-0.0015760824317111999,0.0013047881657257,0.0037077167071401999,0.0037077167071401999
USFIRE,2025-04-30,0.0013378852745518088,-0.0015638541663065,-0.0015638541663065,0.0013378852745517999,0.003762764390558,0.003762764390558
USFIRE,2025-05-31,0.0013240778353065252,-0.0015989238163456,-0.0015989238163456,0.0013240778353065001,0.0037352745421229999,0.0037352745421229999
USFIRE,2025-06-30,0.00135106744710356,-0.0015973484842106,-0.0015973484842106,0.0013510674471034999,0.003771468065679,0.003771468065679
USFIRE,2025-07-31,0.0013754648389294744,-0.0016045988304540001,-0.0016045988304540001,0.0013754648389294,0.0037981653586030002,0.0037981653586030002
USGOOD,2023-08-31,0.00085205095820128918,-0.0015338796656578001,-0.0015338796656578001,0.00085205095820119995,0.0031171878799796,0.0031171878799796
USGOOD,2023-09-30,0.00098767282906919718,-0.0016392455436289,-0.0016392455436289,0.00098767282906910003,0.0034899660386145002,0.0034899660386145002
USGOOD,2023-10-31,0.0010039068292826414,-0.0018176666926592001,-0.0018176666926592001,0.0010039068292826,0.0037174914032219999,0.0037174914032219999
USGOOD,2023-11-30,0.0010470794513821602,-0.0018140150932594999,-0.0018140150932594999,0.0010470794513820999,0.0038149594329297,0.0038149594329297
USGOOD,2023-12-31,0.0011585940374061465,-0.0017527086893096,-0.0017527086893096,0.0011585940374060999,0.0039915894158183999,0.0039915894158183999
USGOOD,2024-01-31,0.0012160749174654484,-0.0018342054681852,-0.0018342054681852,0.0012160749174654,0.0040962011553346998,0.0040962011553346998
USGOOD,2024-02-29,0.0012864158488810062,-0.0018355238717049,-0.0018355238717049,0.001286415848881,0.004185720346868,0.004185720346868
USGOOD,2024-03-31,0.0013249149778857827,-0.0019219042733311,-0.0019219042733311,0.0013249149778857001,0.0043369662016629999,0.0043369662016629999
USGOOD,2024-04-30,0.0014908240409567952,-0.0018348131561651,-0.0018348131561651,0.0014908240409567,0.0044782375916838004,0.0044782375916838004
USGOOD,2024-05-31,0.0014131735078990459,-0.0020267730578780001,-0.0020267730578780001,0.001413173507899,0.0045013506896793001,0.0045013506896793001
USGOOD,2024-06-30,0.0014325097436085343,-0.0020686583593486998,-0.0020686583593486998,0.0014325097436085001,0.0045729177072644,0.0045729177072644
USGOOD,2024-07-31,0.0014135089004412293,-0.0021437108516692998,-0.0021437108516692998,0.0014135089004412001,0.0046093049459159001,0.0046093049459159001
USGOOD,2024-08-31,0.0014828398125246167,-0.0021743634715676,-0.0021743634715676,0.0014828398125246,0.0047336965799330997,0.0047336965799330997
USGOOD,2024-09-30,0.001450941083021462,-0.0022497749887406002,-0.0022497749887406002,0.0014509410830213999,0.0047739390283822996,0.0047739390283822996
USGOOD,2024-10-31,0.0014483713312074542,-0.0024308003485202,-0.0024308003485202,0.0014483713312074,0.0049001853913067999,0.0049001853913067999
USGOOD,2024-11-30,0.0013338400749489665,-0.0027127186767755998,-0.0027127186767755998,0.0013338400749488999,0.0048177144490182001,0.0048177144490182001
USGOOD,2024-12-31,0.0012495811097323895,-0.0029183812439441,-0.0029183812439441,0.0012495811097322999,0.0048438240773974999,0.0048438240773974999
USGOOD,2025-01-31,0.0011647503124549985,-0.0030549643561243998,-0.0030549643561243998,0.0011647503124549,0.0048336833715438001,0.0048336833715438001
USGOOD,2025-02-28,0.0012523793848231435,-0.0031102569773792999,-0.0031102569773792999,0.0012523793848230999,0.0051345941610633997,0.0051345941610633997
USGOOD,2025-03-31,0.0012019446585327387,-0.0032747313380240999,-0.0032747313380240999,0.0012019446585327001,0.0051247761584817999,0.0051247761584817999
USGOOD,2025-04-30,0.0013278189580887556,-0.0031393840909003999,-0.0031393840909003999,0.0013278189580887001,0.0052187093533574997,0.0052187093533574997
USGOOD,2025-05-31,0.0012623406946659088,-0.0032618935219942999,-0.0032618935219942999,0.0012623406946658999,0.0051260255277155997,0.0051260255277155997
USGOOD,2025-06-30,0.0012928707292303443,-0.0032463762909172998,-0.0032463762909172998,0.0012928707292303001,0.0051587666384875002,0.0051587666384875002
USGOOD,2025-07-31,0.0013227219460532069,-0.0033309068530797,-0.0033309068530797,0.0013227219460532,0.0052668335847556001,0.0052668335847556001
USGOVT,2023-08-31,0.001778953243046999,-0.00036785216070710003,-0.00036785216070710003,0.0017789532430469001,0.0039791967719792999,0.0039791967719792999
USGOVT,2023-09-30,0.0016556988703086972,-0.00063783279620110002,-0.00063783279620110002,0.0016556988703086001,0.0040389886125922004,0.0040389886125922004
USGOVT,2023-10-31,0.0016000849427655339,-0.00076413783244779995,-0.00076413783244779995,0.0016000849427655001,0.0040701106190680998,0.0040701106190680998
USGOVT,2023-11-30,0.0014948199968785048,-0.00089538330212229997,-0.00089538330212229997,0.0014948199968785,0.0040099718607962001,0.0040099718607962001
USGOVT,2023-12-31,0.0014948442112654448,-0.00092648330610240002,-0.00092648330610240002,0.0014948442112654001,0.0040628169663250004,0.0040628169663250004
USGOVT,2024-01-31,0.0015303188702091575,-0.00092105485964559997,-0.00092105485964559997,0.0015303188702091,0.0041480348445474997,0.0041480348445474997
USGOVT,2024-02-29,0.0015536805149167776,-0.00088335527107109998,-0.00088335527107109998,0.0015536805149167,0.004157718271017,0.004157718271017
USGOVT,2024-03-31,0.0016017381567507982,-0.00083774840459220005,-0.00083774840459220005,0.0016017381567507,0.0042477506212890001,0.0042477506212890001
USGOVT,2024-04-30,0.0015265395632013679,-0.00095460354350499995,-0.00095460354350499995,0.0015265395632013,0.0042198942974208996,0.0042198942974208996
USGOVT,2024-05-31,0.0014806189574301243,-0.0010376898571848,-0.0010376898571848,0.0014806189574301,0.0042204563505947,0.0042204563505947
USGOVT,2024-06-30,0.0015023634769022465,-0.0010284644085913001,-0.0010284644085913001,0.0015023634769022001,0.0042802873067556996,0.0042802873067556996
USGOVT,2024-07-31,0.0014820813667029142,-0.0010135846678167,-0.0010135846678167,0.0014820813667028999,0.0042226421646773,0.0042226421646773
USGOVT,2024-08-31,0.0013736961409449577,-0.0011369846761225999,-0.0011369846761225999,0.0013736961409449001,0.0041828746907412997,0.0041828746907412997
USGOVT,2024-09-30,0.0013380295131355524,-0.0011611885856837,-0.0011611885856837,0.0013380295131354999,0.0041180774569510997,0.0041180774569510997
USGOVT,2024-10-31,0.0013265518937259912,-0.0011902533005923,-0.0011902533005923,0.0013265518937259,0.0041327727958559001,0.0041327727958559001
USGOVT,2024-11-30,0.0012968883384019136,-0.0012430142378434001,-0.0012430142378434001,0.0012968883384019,0.0040998696349560998,0.0040998696349560998
USGOVT,2024-12-31,0.0013218256644904613,-0.0012010205537079999,-0.0012010205537079999,0.0013218256644904,0.0041001839563250004,0.0041001839563250004
USGOVT,2025-01-31,0.0012879758141934872,-0.0011961122509091999,-0.0011961122509091999,0.0012879758141934,0.0040454133413732,0.0040454133413732
USGOVT,2025-02-28,0.001273120054975152,-0.0012466477928682999,-0.0012466477928682999,0.0012731200549751,0.0040467632934450999,0.0040467632934450999
USGOVT,2025-03-31,0.0013572473544627428,-0.0011572800576686,-0.0011572800576686,0.0013572473544627001,0.0041206832975148999,0.0041206832975148999
USGOVT,2025-04-30,0.001317756250500679,-0.0011615093098953,-0.0011615093098953,0.0013177562505006001,0.0040498138405382,0.0040498138405382
USGOVT,2025-05-31,0.0012474374379962683,-0.0012260449584573,-0.0012260449584573,0.0012474374379962,0.0039804801344871001,0.0039804801344871001
USGOVT,2025-06-30,0.0012451198417693377,-0.0012578706955537,-0.0012578706955537,0.0012451198417692999,0.0039664045907557002,0.0039664045907557002
USGOVT,2025-07-31,0.0011669155210256577,-0.0013725032331421,-0.0013725032331421,0.0011669155210256,0.0039492398500442002,0.0039492398500442002
USTPU,2023-08-31,0.000458838592749089,-0.0015947890933603001,-0.0015947890933603001,0.00045883859274899999,0.0026830513961613,0.0026830513961613
USTPU,2023-09-30,0.00051903026178479195,-0.0017407168634235,-0.0017407168634235,0.00051903026178470001,0.0030043101869523,0.0030043101869523
USTPU,2023-10-31,0.00055034621618688107,-0.0018581000622361001,-0.0018581000622361001,0.00055034621618679997,0.0032840012572705,0.0032840012572705
USTPU,2023-11-30,0.00057445385027676821,-0.0018400626722723001,-0.0018400626722723001,0.00057445385027670001,0.0033664726652204002,0.0033664726652204002
USTPU,2023-12-31,0.00064960547024384141,-0.0018593803979456,-0.0018593803979456,0.00064960547024379999,0.0034871939569711,0.0034871939569711
USTPU,2024-01-31,0.00080386915942654014,-0.0017418751958756999,-0.0017418751958756999,0.00080386915942650002,0.0037611327134072,0.0037611327134072
USTPU,2024-02-29,0.0008818364585749805,-0.0016860344912856,-0.0016860344912856,0.00088183645857490005,0.0038520393427461,0.0038520393427461
USTPU,2024-03-31,0.00090677250409498811,-0.0017538790125399,-0.0017538790125399,0.00090677247499109997,0.0038941102102398001,0.0038941102102398001
USTPU,2024-04-30,0.00080240069655701518,-0.0019464732613413999,-0.0019464732613413999,0.000802400696557,0.0038230845239013,0.0038230845239013
USTPU,2024-05-31,0.00078053917968645692,-0.0020032329484820002,-0.0020032329484820002,0.0007805391796864,0.0038726059719919998,0.0038726059719919998
USTPU,2024-06-30,0.0008385483524762094,-0.0019988219719380002,-0.0019988219719380002,0.00083854835247619997,0.0039821737445890001,0.0039821737445890001
USTPU,2024-07-31,0.00082914053928107023,-0.0019712327048182002,-0.0019712327048182002,0.00082914053928099998,0.0039872205816209004,0.0039872205816209004
USTPU,2024-08-31,0.0007817622390575707,-0.0021998237352817999,-0.0021998237352817999,0.00078176223905750001,0.0040777102112770003,0.0040777102112770003
USTPU,2024-09-30,0.0008526129531674087,-0.0021541595924644999,-0.0021541595924644999,0.00085261295316740003,0.0041832206770777,0.0041832206770777
USTPU,2024-10-31,0.0009461953304708004,-0.002172990469262,-0.002172990469262,0.00094619533047079997,0.0043801809661090001,0.0043801809661090001
USTPU,2024-11-30,0.00091126770712435246,-0.0022625781130045002,-0.0022625781130045002,0.00091126770712429998,0.0043522836640476998,0.0043522836640476998
USTPU,2024-12-31,0.00080276653170585632,-0.0023960995022207,-0.0023960995022207,0.00080276653170580005,0.0042398236691950997,0.0042398236691950997
USTPU,2025-01-31,0.00089421914890408516,-0.0022963145747780002,-0.0022963145747780002,0.00089421914890400005,0.0043340120464562997,0.0043340120464562997
USTPU,2025-02-28,0.00099050358403474092,-0.0023534081410615999,-0.0023534081410615999,0.00099050358403469994,0.0045281159691512004,0.0045281159691512004
USTPU,2025-03-31,0.0010127283167093992,-0.0023523552808910001,-0.0023523552808910001,0.0010127282876055,0.0046049291267990997,0.0046049291267990997
USTPU,2025-04-30,0.001027894439175725,-0.0022906097583472,-0.0022906097583472,0.0010278944100718,0.0046257097274065,0.0046257097274065
USTPU,2025-05-31,0.0010636759689077735,-0.0022524893283843001,-0.0022524893283843001,0.0010636759980116,0.0046168509870767004,0.0046168509870767004
USTPU,2025-06-30,0.0010901323985308409,-0.0022567959968,-0.0022567959968,0.0010901323985308001,0.0046144830994306997,0.0046144830994306997
USTPU,2025-07-31,0.0011285791406407952,-0.0023293122649191999,-0.0023293122649191999,0.0011285791406407,0.0047564911656081,0.0047564911656081
USTRADE,2023-08-31,0.00035028424463234842,-0.0025445488281548002,-0.0025445488281548002,0.0003502842737361,0.0033815093338488999,0.0033815093338488999
USTRADE,2023-09-30,0.00036868345341645181,-0.0028050267137587001,-0.0028050267137587001,0.00036868348252019998,0.0036881649866699999,0.0036881649866699999
USTRADE,2023-10-31,0.00037201048689894378,-0.0029591172933578001,-0.0029591172933578001,0.00037201051600270002,0.0039414805360138,0.0039414805360138
USTRADE,2023-11-30,0.00036529896897263825,-0.0029532690532505,-0.0029532690532505,0.00036529893986879999,0.0039354204200207996,0.0039354204200207996
USTRADE,2023-12-31,0.00039161142194643617,-0.0030108597129582999,-0.0030108597129582999,0.00039161142194640001,0.0039409012533723996,0.0039409012533723996
USTRADE,2024-01-31,0.00058336247457191348,-0.0028469786047935,-0.0028469786047935,0.00058336247457190004,0.0041999993845820002,0.0041999993845820002
USTRADE,2024-02-29,0.00073764845728874207,-0.0026576155796646998,-0.0026576155796646998,0.0007376484572887,0.0043382812291382997,0.0043382812291382997
USTRADE,2024-03-31,0.00073913997039198875,-0.0027397871017455998,-0.0027397871017455998,0.00073913997039189996,0.0043904436752199997,0.0043904436752199997
USTRADE,2024-04-30,0.00062704563606530428,-0.0029628472402691,-0.0029628472402691,0.00062704563606530005,0.0043143811635673003,0.0043143811635673003
USTRADE,2024-05-31,0.00065075996099039912,-0.0029588481411336998,-0.0029588481411336998,0.00065075996099030003,0.0044249170459806,0.0044249170459806
USTRADE,2024-06-30,0.00076754874316975474,-0.0028609833680092998,-0.0028609833680092998,0.00076754874316969999,0.0045858188532292002,0.0045858188532292002
USTRADE,2024-07-31,0.00074757204856723547,-0.0028897118754684001,-0.0028897118754684001,0.00074757204856720002,0.0045427014119923002,0.0045427014119923002
USTRADE,2024-08-31,0.00065209122840315104,-0.0032006977126001999,-0.0032006977126001999,0.00065209122840309997,0.0045723896473645999,0.0045723896473645999
USTRADE,2024-09-30,0.00074405543273314834,-0.0030834912322460998,-0.0030834912322460998,0.00074405543273309998,0.0046790759079158003,0.0046790759079158003
USTRADE,2024-10-31,0.00085952971130609512,-0.0030640321783721,-0.0030640321783721,0.00085952971130600004,0.0049247099086641996,0.0049247099086641996
USTRADE,2024-11-30,0.00077931134728714824,-0.0031558764167129,-0.0031558764167129,0.00077931134728709999,0.0048778639174997,0.0048778639174997
USTRADE,2024-12-31,0.00059518055059015751,-0.0033886493183671999,-0.0033886493183671999,0.00059518055059010005,0.0046942853368817997,0.0046942853368817997
USTRADE,2025-01-31,0.00071991444565355778,-0.0031963260844348998,-0.0031963260844348998,0.00071991444565349999,0.0048033837229013001,0.0048033837229013001
USTRADE,2025-02-28,0.00084433128358796239,-0.0032348320819437001,-0.0032348320819437001,0.00084433128358790005,0.0050547947175800002,0.0050547947175800002
USTRADE,2025-03-31,0.00083778653061017394,-0.003271450754255,-0.003271450754255,0.0008377865306101,0.0050672083161771003,0.0050672083161771003
USTRADE,2025-04-30,0.00079233100404962897,-0.0032378993928432001,-0.0032378993928432001,0.00079233100404960002,0.0050259619019924996,0.0050259619019924996
USTRADE,2025-05-31,0.0007448808173649013,-0.0032536815851926001,-0.0032536815851926001,0.0007448808173649,0.0049107572995125996,0.0049107572995125996
USTRADE,2025-06-30,0.00080880598397925496,-0.0032030474394559002,-0.0032030474394559002,0.00080880598397919999,0.0049612764269113003,0.0049612764269113003
USTRADE,2025-07-31,0.00083255325444042683,-0.0033168355002999002,-0.0033168355002999002,0.00083255325444040005,0.0051254299469291999,0.0051254299469291999
USWTRADE,2023-08-31,0.001220915000885725,-0.00017884373664849999,-0.00017884373664849999,0.0012209150008857001,0.0026780557818710002,0.0026780557818710002
USWTRADE,2023-09-30,0.001138408319093287,-0.0004098722711205,-0.0004098722711205,0.0011384083190932,0.0027268300764262,0.0027268300764262
USWTRADE,2023-10-31,0.0011260901810601354,-0.00053522968664760002,-0.00053522968664760002,0.0011260901810601,0.0028345817700027999,0.0028345817700027999
USWTRADE,2023-11-30,0.0010771367233246565,-0.00068789080251,-0.00068789080251,0.0010771367233246001,0.0028642532415687999,0.0028642532415687999
USWTRADE,2023-12-31,0.0010857759043574333,-0.00079322198871519998,-0.00079322198871519998,0.0010857759043573999,0.0029820413328707001,0.0029820413328707001
USWTRADE,2024-01-31,0.0010748965432867408,-0.00096265273168679995,-0.00096265273168679995,0.0010748965432867,0.0030215829610823999,0.0030215829610823999
USWTRADE,2024-02-29,0.0010776182170957327,-0.0010711411014199001,-0.0010711411014199001,0.0010776182170956999,0.0030611623078583999,0.0030611623078583999
USWTRADE,2024-03-31,0.0010783154284581542,-0.0011260252213105,-0.0011260252213105,0.0010783154284581,0.0030955525580792999,0.0030955525580792999
USWTRADE,2024-04-30,0.0010992726311087608,-0.0011753898579627,-0.0011753898579627,0.0010992726311086999,0.0031480623874813002,0.0031480623874813002
USWTRADE,2024-05-31,0.0010353251127526164,-0.001315512927249,-0.001315512927249,0.0010353251127525999,0.0031455538701265998,0.0031455538701265998
USWTRADE,2024-06-30,0.001084875431843102,-0.0013233519857749,-0.0013233519857749,0.0010848754318431,0.0032627275213599001,0.0032627275213599001
USWTRADE,2024-07-31,0.0010005419608205557,-0.0014233146794140001,-0.0014233146794140001,0.0010005419608205,0.0031727021560072001,0.0031727021560072001
USWTRADE,2024-08-31,0.00091894937213510275,-0.0015726697165518999,-0.0015726697165518999,0.00091894937213510004,0.0031426297500729001,0.0031426297500729001
USWTRADE,2024-09-30,0.00085440365364775062,-0.0016615046188235001,-0.0016615046188235001,0.00085440365364769998,0.0031574331223964002,0.0031574331223964002
USWTRADE,2024-10-31,0.00086177967023104429,-0.0017169916536659,-0.0017169916536659,0.00086177967023099995,0.0032023079693317001,0.0032023079693317001
USWTRADE,2024-11-30,0.00078901159577071667,-0.0018514469265937001,-0.0018514469265937001,0.00078901159577069997,0.0031878815498203,0.0031878815498203
USWTRADE,2024-12-31,0.00073237740434706211,-0.0019738334231078,-0.0019738334231078,0.00073237740434699999,0.0031377316918224001,0.0031377316918224001
USWTRADE,2025-01-31,0.00070053484523668885,-0.0020515187643467998,-0.0020515187643467998,0.00070053484523659995,0.0031776146497576999,0.0031776146497576999
USWTRADE,2025-02-28,0.0007158997468650341,-0.0021634122822432999,-0.0021634122822432999,0.00071589971776119996,0.0032688686624168998,0.0032688686624168998
USWTRADE,2025-03-31,0.00065019039902836084,-0.0023403130471706,-0.0023403130471706,0.00065019039902830002,0.0032027619890868,0.0032027619890868
USWTRADE,2025-04-30,0.00077957822941243649,-0.0022020062897354,-0.0022020062897354,0.00077957822941239995,0.0033662156201899,0.0033662156201899
USWTRADE,2025-05-31,0.00074513570871204138,-0.0022571922745555002,-0.0022571922745555002,0.00074513573781579995,0.0033100133296101999,0.0033100133296101999
USWTRADE,2025-06-30,0.00074207328725606203,-0.0023001884110270998,-0.0023001884110270998,0.00074207325815220002,0.0033068705815821001,0.0033068705815821001
USWTRADE,2025-07-31,0.00079759053187444806,-0.0023393428418785,-0.0023393428418785,0.00079759053187440003,0.0034140518400818001,0.0034140518400818001
VIXCLSx,2023-08-31,14.486200332641602,12.01566219329834,12.01566219329834,14.486200332641602,19.039033889770508,19.039033889770508
VIXCLSx,2023-09-30,14.829795837402344,12.050569534301758,12.050569534301758,14.829795837402344,20.149358749389648,20.149358749389648
VIXCLSx,2023-10-31,15.010744094848633,11.94033908843994,11.94033908843994,15.010744094848633,21.04121208190918,21.04121208190918
VIXCLSx,2023-11-30,14.978338241577148,11.660935401916504,11.660935401916504,14.978338241577148,21.546712875366211,21.546712875366211
VIXCLSx,2023-12-31,14.943241119384766,11.356253623962402,11.356253623962402,14.943241119384766,21.922235488891602,21.922235488891602
VIXCLSx,2024-01-31,15.149782180786133,11.30870532989502,11.30870532989502,15.149782180786133,22.492748260498047,22.492748260498047
VIXCLSx,2024-02-29,15.108362197875977,11.246766090393066,11.246766090393066,15.108362197875977,22.901727676391602,22.901727676391602
VIXCLSx,2024-03-31,15.187341690063477,11.296869277954102,11.296869277954102,15.187341690063477,23.21040153503418,23.21040153503418
VIXCLSx,2024-04-30,15.062417984008789,11.088558197021484,11.088558197021484,15.062417984008787,23.201566696166992,23.201566696166992
VIXCLSx,2024-05-31,14.954696655273438,10.90777587890625,10.90777587890625,14.954696655273438,23.221590042114254,23.221590042114254
VIXCLSx,2024-06-30,14.912803649902344,10.730260848999023,10.730260848999023,14.912803649902344,23.252952575683594,23.252952575683594
VIXCLSx,2024-07-31,14.90761661529541,10.727176666259766,10.727176666259766,14.90761661529541,23.509559631347656,23.509559631347656
VIXCLSx,2024-08-31,15.001933097839355,10.714871406555176,10.714871406555176,15.001933097839355,23.590181350708008,23.590181350708008
VIXCLSx,2024-09-30,15.163623809814453,10.839676856994627,10.839676856994627,15.163623809814451,23.952796936035156,23.952796936035156
VIXCLSx,2024-10-31,15.248454093933105,10.890590667724609,10.890590667724609,15.248454093933104,24.121448516845703,24.121448516845703
VIXCLSx,2024-11-30,15.085124969482422,10.830099105834959,10.830099105834959,15.085124969482422,23.945638656616211,23.945638656616211
VIXCLSx,2024-12-31,14.727774620056152,10.485437393188477,10.485437393188477,14.727774620056152,23.597438812255859,23.597438812255859
VIXCLSx,2025-01-31,14.705453872680664,10.498421669006348,10.498421669006348,14.705453872680664,23.637020111083984,23.637020111083984
VIXCLSx,2025-02-28,14.660187721252441,10.221643447875977,10.221643447875977,14.66018772125244,23.786520004272461,23.786520004272461
VIXCLSx,2025-03-31,14.702012062072754,10.199666976928713,10.199666976928713,14.702012062072754,23.828119277954102,23.828119277954102
VIXCLSx,2025-04-30,14.565851211547852,10.071999549865724,10.071999549865724,14.565851211547852,23.66375732421875,23.66375732421875
VIXCLSx,2025-05-31,14.405889511108398,10.017097473144531,10.017097473144531,14.405889511108398,23.499385833740231,23.499385833740231
VIXCLSx,2025-06-30,14.219654083251953,9.9613590240478516,9.9613590240478516,14.219654083251951,23.284624099731445,23.284624099731445
VIXCLSx,2025-07-31,14.062366485595703,9.8245983123779297,9.8245983123779297,14.062366485595703,23.315670013427734,23.315670013427734
W875RX1,2023-08-31,0.0033878968097269535,-0.00033459160476920002,-0.00033459160476920002,0.0033878968097269002,0.0072504151612520001,0.0072504151612520001
W875RX1,2023-09-30,0.0029922081157565117,-0.0011196755804121,-0.0011196755804121,0.0029922081157565,0.0072269020602106996,0.0072269020602106996
W875RX1,2023-10-31,0.0028258468955755234,-0.0014868066646157999,-0.0014868066646157999,0.0028258468955755,0.0072981594130396002,0.0072981594130396002
W875RX1,2023-11-30,0.0028684870339930058,-0.0015690503641963001,-0.0015690503641963001,0.0028684870339930001,0.0074749058112502003,0.0074749058112502003
W875RX1,2023-12-31,0.0027320585213601589,-0.0019310016650706001,-0.0019310016650706001,0.0027320585213600999,0.0074630351737141002,0.0074630351737141002
W875RX1,2024-01-31,0.0024850929621607065,-0.0022998333442956001,-0.0022998333442956001,0.0024850929621607,0.0073729734867811004,0.0073729734867811004
W875RX1,2024-02-29,0.0025678640231490135,-0.0022784660104662002,-0.0022784660104662002,0.0025678640231490001,0.0074894372373819004,0.0074894372373819004
W875RX1,2024-03-31,0.0026659669820219278,-0.0023344273213296999,-0.0023344273213296999,0.0026659669820219001,0.0075890114530920002,0.0075890114530920002
W875RX1,2024-04-30,0.0026091360487043858,-0.0025325620081274999,-0.0025325620081274999,0.0026091360487042999,0.0076904194429516003,0.0076904194429516003
W875RX1,2024-05-31,0.002496710978448391,-0.0027358599472789998,-0.0027358599472789998,0.0024967109784482999,0.0077309664338827003,0.0077309664338827003
W875RX1,2024-06-30,0.0025813153479248285,-0.0026885743718594,-0.0026885743718594,0.0025813153479247999,0.0078435037285089007,0.0078435037285089007
W875RX1,2024-07-31,0.0026739349123090506,-0.0026359751354901998,-0.0026359751354901998,0.0026739349123089998,0.0078629227355121994,0.0078629227355121994
W875RX1,2024-08-31,0.0027645661029964685,-0.0025939519982784002,-0.0025939519982784002,0.0027645661029964,0.0080508952960371,0.0080508952960371
W875RX1,2024-09-30,0.0026713914703577757,-0.0027739687357097001,-0.0027739687357097001,0.0026713914703576998,0.0079623265191911992,0.0079623265191911992
W875RX1,2024-10-31,0.0027397605590522289,-0.0027474046219140001,-0.0027474046219140001,0.0027397605590521999,0.0081183630973100003,0.0081183630973100003
W875RX1,2024-11-30,0.0028207642026245594,-0.0027553017716854,-0.0027553017716854,0.0028207642026245,0.0082072690129280004,0.0082072690129280004
W875RX1,2024-12-31,0.0026988093741238117,-0.0028318052645772002,-0.0028318052645772002,0.0026988093741238,0.0080427490174770008,0.0080427490174770008
W875RX1,2025-01-31,0.0024571463000029325,-0.0030682219658045998,-0.0030682219658045998,0.0024571463000029,0.0077914418652653,0.0077914418652653
W875RX1,2025-02-28,0.0024703666567802429,-0.0032187902834265999,-0.0032187902834265999,0.0024703666567802,0.0079209096729755003,0.0079209096729755003
W875RX1,2025-03-31,0.0025475674774497747,-0.0031290857587009,-0.0031290857587009,0.0025475674774497001,0.0081043466925620998,0.0081043466925620998
W875RX1,2025-04-30,0.002545512281358242,-0.0031854521948843999,-0.0031854521948843999,0.0025455122813582,0.0080381678417325002,0.0080381678417325002
W875RX1,2025-05-31,0.0025697872042655945,-0.0031236244831234,-0.0031236244831234,0.0025697872042654999,0.0080215847119687999,0.0080215847119687999
W875RX1,2025-06-30,0.0026731668040156364,-0.0029997888486831999,-0.0029997888486831999,0.0026731668040156,0.0081520043313503005,0.0081520043313503005
W875RX1,2025-07-31,0.0027190539985895157,-0.0030991530511528002,-0.0030991530511528002,0.0027190539985895001,0.0083340592682360996,0.0083340592682360996
WPSFD49207,2023-08-31,-0.00010572728933766484,-0.0095809791237114993,-0.0095809791237114993,-0.00010572723113,0.0091665638610719993,0.0091665638610719993
WPSFD49207,2023-09-30,-9.5909621450118721e-05,-0.0099275270476936999,-0.0099275270476936999,-9.5909577794373035e-05,0.0095994779840111004,0.0095994779840111004
WPSFD49207,2023-10-31,-0.00015201981295831501,-0.0101545117795467,-0.0101545117795467,-0.00015201978385439999,0.0096490271389484007,0.0096490271389484007
WPSFD49207,2023-11-30,0.00048142412560991943,-0.0095469467341899004,-0.0095469467341899004,0.00048142415471370001,0.010458476841449699,0.010458476841449699
WPSFD49207,2023-12-31,-0.00013089503045193851,-0.010250788182020101,-0.010250788182020101,-0.00013089505955570001,0.0099539887160061992,0.0099539887160061992
WPSFD49207,2024-01-31,0.00049737747758626938,-0.0097029004245996007,-0.0097029004245996007,0.00049737747758619999,0.010745996609330099,0.010745996609330099
WPSFD49207,2024-02-29,-0.00043167779222130775,-0.010742727667093201,-0.010742727667093201,-0.0004316777922213,0.010006045922636901,0.010006045922636901
WPSFD49207,2024-03-31,-7.0293099270202219e-05,-0.010412282310426201,-0.010412282310426201,-7.0293084718286991e-05,0.0104692885652184,0.0104692885652184
WPSFD49207,2024-04-30,-0.0001346748904325068,-0.010560196824371801,-0.010560196824371801,-0.0001346748322248,0.010563321411609599,0.010563321411609599
WPSFD49207,2024-05-31,0.00014482843107543886,-0.010321712121367401,-0.010321712121367401,0.00014482846017920001,0.010803805664181701,0.010803805664181701
WPSFD49207,2024-06-30,0.00032083445694297552,-0.010078075341880301,-0.010078075341880301,0.00032083445694290001,0.0110246753320097,0.0110246753320097
WPSFD49207,2024-07-31,-0.00026246771449223161,-0.0105286920443177,-0.0105286920443177,-0.0002624676562845,0.010399993509054101,0.010399993509054101
WPSFD49207,2024-08-31,4.439559779711999e-05,-0.0101919872686266,-0.0101919872686266,4.4395565055310726e-05,0.010773846879601401,0.010773846879601401
WPSFD49207,2024-09-30,-2.9626622563228011e-05,-0.0104112168774008,-0.0104112168774008,-2.9626651667058468e-05,0.0106959547847509,0.0106959547847509
WPSFD49207,2024-10-31,3.50578484358266e-05,-0.010298686102032601,-0.010298686102032601,3.5057892091572285e-05,0.0109042581170797,0.0109042581170797
WPSFD49207,2024-11-30,-0.00026060792151838541,-0.010539033450186201,-0.010539033450186201,-0.00026060792151829998,0.010559915564954199,0.010559915564954199
WPSFD49207,2024-12-31,-8.3852552052121609e-05,-0.010293326340615701,-0.010293326340615701,-8.3852559328079224e-05,0.010619531385600499,0.010619531385600499
WPSFD49207,2025-01-31,7.2222057497128844e-05,-0.010157398879528001,-0.010157398879528001,7.2222086600959301e-05,0.0107561219483613,0.0107561219483613
WPSFD49207,2025-02-28,-0.00023460840748157352,-0.0104788960888981,-0.0104788960888981,-0.00023460842203340001,0.0105729484930634,0.0105729484930634
WPSFD49207,2025-03-31,-0.00016721623251214623,-0.0103658139705657,-0.0103658139705657,-0.00016721629071979999,0.010627665556967199,0.010627665556967199
WPSFD49207,2025-04-30,-0.00017594562086742371,-0.010464734397828499,-0.010464734397828499,-0.00017594557721159999,0.0105533702298998,0.0105533702298998
WPSFD49207,2025-05-31,-0.00029032761813141406,-0.0103991786018013,-0.0103991786018013,-0.00029032758902750001,0.0102612599730491,0.0102612599730491
WPSFD49207,2025-06-30,-0.00021144903439562768,-0.010304664261639101,-0.010304664261639101,-0.0002114489907398,0.010365485213696899,0.010365485213696899
WPSFD49207,2025-07-31,-9.8471413366496563e-05,-0.010357283055782301,-0.010357283055782301,-9.8471413366496563e-05,0.010492198169231399,0.010492198169231399
WPSFD49502,2023-08-31,-0.00023181413416750729,-0.0131242098286747,-0.0131242098286747,-0.00023181410506359999,0.012391328811645499,0.012391328811645499
WPSFD49502,2023-09-30,0.00021296205522958189,-0.013136489316820999,-0.013136489316820999,0.00021296204067760001,0.0134042045101523,0.0134042045101523
WPSFD49502,2023-10-31,-0.00039465245208702981,-0.0139340599998831,-0.0139340599998831,-0.00039465236477550001,0.0129328416660428,0.0129328416660428
WPSFD49502,2023-11-30,0.00043486824142746627,-0.0131488898769021,-0.0131488898769021,0.00043486827053120002,0.0140270208939909,0.0140270208939909
WPSFD49502,2023-12-31,-0.00025411287788301706,-0.0139461737126111,-0.0139461737126111,-0.00025411299429830002,0.013484607450664,0.013484607450664
WPSFD49502,2024-01-31,0.00067716266494244337,-0.013114971108734601,-0.013114971108734601,0.0006771626649424,0.014676953665912099,0.014676953665912099
WPSFD49502,2024-02-29,-0.00077357213012874126,-0.014688791707158,-0.014688791707158,-0.00077357213012869996,0.013522133231163001,0.013522133231163001
WPSFD49502,2024-03-31,-0.00022593756148125976,-0.014214768074452801,-0.014214768074452801,-0.00022593745961780001,0.014216463081538599,0.014216463081538599
WPSFD49502,2024-04-30,-0.00032758712768554688,-0.0143773471936583,-0.0143773471936583,-0.00032758712768549998,0.0143106905743479,0.0143106905743479
WPSFD49502,2024-05-31,6.2452090787701309e-05,-0.014040004462003699,-0.014040004462003699,6.2452163547277451e-05,0.014664118178188801,0.014664118178188801
WPSFD49502,2024-06-30,0.00030494981911033392,-0.013651615940034299,-0.013651615940034299,0.00030494993552560002,0.0149566298350691,0.0149566298350691
WPSFD49502,2024-07-31,-0.00045367528218775988,-0.014278875663876501,-0.014278875663876501,-0.00045367539860300001,0.014166409149765901,0.014166409149765901
WPSFD49502,2024-08-31,-3.0974893888924271e-05,-0.013795843347907,-0.013795843347907,-3.09748575091362e-05,0.014618426561355501,0.014618426561355501
WPSFD49502,2024-09-30,-0.00011224683112232015,-0.014097858220338801,-0.014097858220338801,-0.0001122467219829,0.0145672485232353,0.0145672485232353
WPSFD49502,2024-10-31,-5.375651380745694e-05,-0.013949523679912,-0.013949523679912,-5.3756404668092728e-05,0.014830292202532199,0.014830292202532199
WPSFD49502,2024-11-30,-0.00044143447303213179,-0.014262225478887501,-0.014262225478887501,-0.00044143456034360001,0.0143803805112838,0.0143803805112838
WPSFD49502,2024-12-31,-0.00012559462629724294,-0.0138397999107837,-0.0138397999107837,-0.00012559466995289999,0.014503844082355499,0.014503844082355499
WPSFD49502,2025-01-31,5.9520367358345538e-05,-0.013704523444175699,-0.013704523444175699,5.9520360082387917e-05,0.014664827845990601,0.014664827845990601
WPSFD49502,2025-02-28,-0.000371909438399598,-0.014138605445623301,-0.014138605445623301,-0.0003719094675034,0.0143791390582919,0.0143791390582919
WPSFD49502,2025-03-31,-0.0003244294784963131,-0.014060192741453601,-0.014060192741453601,-0.00032442947849629998,0.014415176585316601,0.014415176585316601
WPSFD49502,2025-04-30,-0.00032912899041548371,-0.0141876908019185,-0.0141876908019185,-0.00032912893220779998,0.0143283307552337,0.0143283307552337
WPSFD49502,2025-05-31,-0.00043959109461866319,-0.014081716537475499,-0.014081716537475499,-0.00043959100730709999,0.013991666026413401,0.013991666026413401
WPSFD49502,2025-06-30,-0.00030549784423783422,-0.0139077622443437,-0.0139077622443437,-0.00030549778603010001,0.014160800725221599,0.014160800725221599
WPSFD49502,2025-07-31,-0.00018001107673626393,-0.014012556523084601,-0.014012556523084601,-0.00018001114949580001,0.014313237741589499,0.014313237741589499
WPSID61,2023-08-31,0.00032359542092308402,-0.0079734018072485004,-0.0079734018072485004,0.00032359547913069999,0.0085094729438424006,0.0085094729438424006
WPSID61,2023-09-30,-0.00024394872889388353,-0.0088458424434065003,-0.0088458424434065003,-0.00024394877254959999,0.0083309458568691999,0.0083309458568691999
WPSID61,2023-10-31,4.7512694436591119e-05,-0.0086200758814810995,-0.0086200758814810995,4.7512701712548733e-05,0.0087310262024401994,0.0087310262024401994
WPSID61,2023-11-30,0.00022878163144923747,-0.0084776701405644,-0.0084776701405644,0.00022878160234539999,0.0091460747644305004,0.0091460747644305004
WPSID61,2023-12-31,-0.00034190408769063652,-0.0091313533484934997,-0.0091313533484934997,-0.00034190411679440002,0.0087132742628455006,0.0087132742628455006
WPSID61,2024-01-31,0.00018462288426235318,-0.0086773540824651007,-0.0086773540824651007,0.0001846228260546,0.0093690007925032997,0.0093690007925032997
WPSID61,2024-02-29,-0.00017556865350343287,-0.0090755391865967993,-0.0090755391865967993,-0.0001755686243996,0.0091734947636722998,0.0091734947636722998
WPSID61,2024-03-31,-0.00030631717527285218,-0.0092989513650535999,-0.0092989513650535999,-0.00030631723348049998,0.0090990811586380005,0.0090990811586380005
WPSID61,2024-04-30,-0.00026931741740554571,-0.009331920184195,-0.009331920184195,-0.00026931741740550001,0.0092062335461377993,0.0092062335461377993
WPSID61,2024-05-31,0.00043097062734887004,-0.0086035057902335999,-0.0086035057902335999,0.0004309706855565,0.0099857226014137008,0.0099857226014137008
WPSID61,2024-06-30,0.00030149330268613994,-0.0086392741650342005,-0.0086392741650342005,0.00030149333178989998,0.0099259400740264996,0.0099259400740264996
WPSID61,2024-07-31,-0.00013160974776837975,-0.0090580880641936996,-0.0090580880641936996,-0.00013160973321640001,0.0094850109890102993,0.0094850109890102993
WPSID61,2024-08-31,-8.0654855992179364e-05,-0.0089601324871182008,-0.0089601324871182008,-8.0654863268136978e-05,0.0095934411510825001,0.0095934411510825001
WPSID61,2024-09-30,5.0616443331819028e-05,-0.0089591508731245995,-0.0089591508731245995,5.0616450607776642e-05,0.0096795586869120008,0.0096795586869120008
WPSID61,2024-10-31,-0.00026142463320866227,-0.0092082545161246993,-0.0092082545161246993,-0.00026142469141629998,0.0094350827857850993,0.0094350827857850993
WPSID61,2024-11-30,-0.00047686730977147818,-0.0093767037615179998,-0.0093767037615179998,-0.00047686730977140001,0.0091737434267996996,0.0091737434267996996
WPSID61,2024-12-31,-0.00010696390381781384,-0.0089759267866610995,-0.0089759267866610995,-0.0001069639110937,0.0094285830855368995,0.0094285830855368995
WPSID61,2025-01-31,0.00045953880180604756,-0.0084901237860321999,-0.0084901237860321999,0.00045953877270220003,0.0099474312737583993,0.0099474312737583993
WPSID61,2025-02-28,-4.1467734263278544e-05,-0.0089804651215672007,-0.0089804651215672007,-4.1467719711363309e-05,0.0096295624971389007,0.0096295624971389007
WPSID61,2025-03-31,-0.00010295667016180232,-0.0090358899906276997,-0.0090358899906276997,-0.0001029566628858,0.0095916287973523001,0.0095916287973523001
WPSID61,2025-04-30,-0.00016886851517483592,-0.0091127287596464001,-0.0091127287596464001,-0.00016886845696710001,0.0094678336754441001,0.0094678336754441001
WPSID61,2025-05-31,-4.1202813008567318e-05,-0.0087709929794073001,-0.0087709929794073001,-4.1202758438885212e-05,0.0093851387500762003,0.0093851387500762003
WPSID61,2025-06-30,-0.00033532117959111929,-0.0090173101052641001,-0.0090173101052641001,-0.00033532117959109999,0.0090842070057987993,0.0090842070057987993
WPSID61,2025-07-31,-0.00011828530841739848,-0.0089732399210332991,-0.0089732399210332991,-0.00011828530114139999,0.0093551110476255001,0.0093551110476255001
WPSID62,2023-08-31,-0.014382235705852509,-0.064725488424301106,-0.064725488424301106,-0.0143822357058525,0.034700050950050298,0.034700050950050298
WPSID62,2023-09-30,-0.00010175873467233032,-0.052743133157491601,-0.052743133157491601,-0.0001017590984702,0.051104739308357197,0.051104739308357197
WPSID62,2023-10-31,0.0066429446451365948,-0.047170650213956798,-0.047170650213956798,0.0066429446451365002,0.058547619730234098,0.058547619730234098
WPSID62,2023-11-30,0.0021735448390245438,-0.052102979272603898,-0.052102979272603898,0.0021735443733632001,0.055130954831838601,0.055130954831838601
WPSID62,2023-12-31,-0.00035280824522487819,-0.055353704839944798,-0.055353704839944798,-0.00035280827432869998,0.053567491471767398,0.053567491471767398
WPSID62,2024-01-31,0.0037131141871213913,-0.051733739674091297,-0.051733739674091297,0.0037131146527826001,0.0587305948138237,0.0587305948138237
WPSID62,2024-02-29,0.0012157720047980547,-0.055025879293680101,-0.055025879293680101,0.0012157717719674,0.057240035384893397,0.057240035384893397
WPSID62,2024-03-31,-0.0010091518051922321,-0.057112809270620297,-0.057112809270620297,-0.0010091522708534999,0.055451944470405502,0.055451944470405502
WPSID62,2024-04-30,1.2500834600359667e-05,-0.056838121265172903,-0.056838121265172903,1.2501142919063568e-05,0.057521816343069,0.057521816343069
WPSID62,2024-05-31,0.0026180651038885117,-0.053794875741004902,-0.053794875741004902,0.0026180646382272001,0.060458380728960003,0.060458380728960003
WPSID62,2024-06-30,0.0015607057139277458,-0.054731328040361397,-0.054731328040361397,0.0015607057139277001,0.059543747454881599,0.059543747454881599
WPSID62,2024-07-31,0.0015529938973486423,-0.054166965186595903,-0.054166965186595903,0.0015529943630098999,0.058871615678071899,0.058871615678071899
WPSID62,2024-08-31,0.0009430790669284761,-0.0552667826414108,-0.0552667826414108,0.00094307865947480004,0.058654557913541697,0.058654557913541697
WPSID62,2024-09-30,0.0018576494185253978,-0.055017903447151101,-0.055017903447151101,0.0018576495349407001,0.059711702167987803,0.059711702167987803
WPSID62,2024-10-31,0.0030718515627086163,-0.054056867957115097,-0.054056867957115097,0.0030718515627086002,0.062152255326509399,0.062152255326509399
WPSID62,2024-11-30,0.0022127493284642696,-0.054744735360145499,-0.054744735360145499,0.0022127488628028999,0.061004728078842101,0.061004728078842101
WPSID62,2024-12-31,0.00049424602184444666,-0.056399427354335702,-0.056399427354335702,0.0004942463710904,0.058811359107494299,0.058811359107494299
WPSID62,2025-01-31,0.00077659246744588017,-0.055989403277635498,-0.055989403277635498,0.00077659264206880003,0.058951064944267197,0.058951064944267197
WPSID62,2025-02-28,1.4761962120246608e-05,-0.056989502161741201,-0.056989502161741201,1.476239413022995e-05,0.058919467031955698,0.058919467031955698
WPSID62,2025-03-31,0.0025548515841364861,-0.054831162095069802,-0.054831162095069802,0.0025548515841364002,0.060690645128488499,0.060690645128488499
WPSID62,2025-04-30,0.0023080687969923019,-0.0555320866405963,-0.0555320866405963,0.0023080687969923002,0.0602539852261543,0.0602539852261543
WPSID62,2025-05-31,0.00090846925741061568,-0.055349942296743303,-0.055349942296743303,0.00090846884995689995,0.057732254266738801,0.057732254266738801
WPSID62,2025-06-30,0.00039410823956131935,-0.055642757564782999,-0.055642757564782999,0.00039410777390000001,0.057462632656097398,0.057462632656097398
WPSID62,2025-07-31,0.00077426229836419225,-0.055751711130142198,-0.055751711130142198,0.00077426247298709996,0.058086134493350899,0.058086134493350899
