unique_id,ds,Toto-q-5,Toto-q-10,Toto-q-50,Toto-q-90,Toto-q-95
AAA,2005-05-31,-0.30197787284851074,-0.22107049822807312,-0.058936070650815964,0.1637851893901825,0.24651886522769928
AAA,2005-06-30,-0.38667201995849609,-0.28138577938079834,-0.042241580784320831,0.20698100328445435,0.27783232927322388
AAA,2005-07-31,-0.26818138360977173,-0.23065128922462463,-0.012238596566021442,0.2959839403629303,0.39342686533927917
AAA,2005-08-31,-0.25772935152053833,-0.18415665626525879,-0.016384771093726158,0.17372483015060425,0.25616848468780518
AAA,2005-09-30,-0.27688521146774292,-0.239798903465271,-0.018050134181976318,0.24196930229663849,0.31046074628829956
AAA,2005-10-31,-0.30098071694374084,-0.26096212863922119,-0.025357428938150406,0.17522457242012024,0.24152745306491852
AAA,2005-11-30,-0.32163578271865845,-0.26194041967391968,-0.0035951011814177036,0.26191601157188416,0.34350189566612244
AAA,2005-12-31,-0.3366926908493042,-0.24439610540866852,-0.05220542848110199,0.2018197625875473,0.28033486008644104
AAA,2006-01-31,-0.28180813789367676,-0.22702553868293762,-0.022860664874315262,0.20819555222988129,0.28934940695762634
AAA,2006-02-28,-0.29170507192611694,-0.21722549200057983,-0.01780223473906517,0.1685016006231308,0.25908589363098145
AAA,2006-03-31,-0.26465082168579102,-0.21512787044048309,-0.047774657607078552,0.22123713791370392,0.29130327701568604
AAA,2006-04-30,-0.34919881820678711,-0.26358175277709961,-0.031611531972885132,0.16084526479244232,0.24473081529140472
AAA,2006-05-31,-0.33783027529716492,-0.27254101634025574,0.0085216425359249115,0.20123034715652466,0.36516618728637695
AAA,2006-06-30,-0.22214421629905701,-0.15957780182361603,-0.0039909109473228455,0.22058784961700439,0.26925238966941833
AAA,2006-07-31,-0.2550889253616333,-0.21503670513629913,0.026143394410610199,0.23781080543994904,0.3285096287727356
AAA,2006-08-31,-0.31199526786804199,-0.22289450466632843,-0.020964208990335464,0.25933742523193359,0.32631915807723999
AAA,2006-09-30,-0.34787309169769287,-0.22837160527706146,-0.0022304658778011799,0.28446033596992493,0.40376091003417969
AAA,2006-10-31,-0.30421903729438782,-0.21958833932876587,-0.020651564002037048,0.22770178318023682,0.32432934641838074
AAA,2006-11-30,-0.33072292804718018,-0.23214446008205414,-0.022873435169458389,0.21312673389911652,0.29049751162528992
AAA,2006-12-31,-0.25193789601325989,-0.16875486075878143,-0.026743672788143158,0.24142999947071075,0.27544280886650085
AAA,2007-01-31,-0.2961488664150238,-0.21913726627826691,-0.0031506647355854511,0.15272080898284912,0.2091953307390213
AAA,2007-02-28,-0.29320529103279114,-0.20972307026386261,0.001153948251157999,0.18476298451423645,0.22745382785797119
AAA,2007-03-31,-0.35513085126876831,-0.24710759520530701,-0.01769571378827095,0.22928953170776367,0.30332678556442261
AAA,2007-04-30,-0.31400871276855469,-0.25648388266563416,-0.0061950092203915119,0.21887464821338654,0.30500340461730957
AAAFFM,2005-05-31,2.0214004516601562,2.1256210803985596,2.4166221618652344,2.6750328540802002,2.7617177963256836
AAAFFM,2005-06-30,1.5596338510513306,1.8448739051818848,2.2664299011230469,2.7479488849639893,2.8319821357727051
AAAFFM,2005-07-31,1.4473850727081299,1.5821309089660645,2.1891632080078125,2.6872189044952393,2.8730344772338867
AAAFFM,2005-08-31,1.0565990209579468,1.3082391023635864,2.1336841583251953,2.7746319770812988,3.0031020641326904
AAAFFM,2005-09-30,0.7291719913482666,1.0610651969909668,2.1811008453369141,2.9904501438140869,3.4415817260742188
AAAFFM,2005-10-31,0.65108674764633179,1.1282081604003906,2.0190062522888184,3.0680537223815918,3.3069636821746826
AAAFFM,2005-11-30,0.71088683605194092,1.1191961765289307,2.094383716583252,3.2105226516723633,3.5092709064483643
AAAFFM,2005-12-31,0.54259401559829712,1.0473182201385498,2.0825252532958984,3.5432960987091064,4.0774431228637695
AAAFFM,2006-01-31,0.049103628844022751,0.64117914438247681,1.9299838542938232,3.1150665283203125,3.3734080791473389
AAAFFM,2006-02-28,0.1120796799659729,0.62281286716461182,2.130535364151001,3.6280765533447266,4.1118650436401367
AAAFFM,2006-03-31,0.14088986814022064,0.70800286531448364,1.9622352123260498,3.5635049343109131,3.9854931831359863
AAAFFM,2006-04-30,0.52081596851348877,0.89632761478424072,2.0124764442443848,3.7132487297058105,3.9368441104888916
AAAFFM,2006-05-31,0.071880131959915161,0.79744219779968262,1.9596667289733887,3.4005703926086426,3.9680993556976318
AAAFFM,2006-06-30,-1.4111969470977783,0.067585773766040802,1.9808592796325684,3.7308351993560791,4.4941034317016602
AAAFFM,2006-07-31,-0.44099554419517517,0.29879584908485413,2.0219542980194092,3.3969876766204834,3.6856682300567627
AAAFFM,2006-08-31,-0.1248369887471199,0.35817956924438477,2.2907137870788574,4.0053458213806152,4.3528695106506348
AAAFFM,2006-09-30,-0.28175437450408936,0.33167839050292969,2.1492953300476074,3.6170589923858643,4.0076785087585449
AAAFFM,2006-10-31,-0.73725587129592896,0.034266781061887741,2.1899566650390625,3.8310244083404541,4.5503783226013184
AAAFFM,2006-11-30,-0.96390914916992188,-0.20840944349765778,2.0480227470397949,3.5675036907196045,4.066554069519043
AAAFFM,2006-12-31,-0.84483271837234497,-0.25272035598754883,2.0213260650634766,3.9036691188812256,4.3378181457519531
AAAFFM,2007-01-31,-1.0534592866897583,-0.42483639717102051,1.9609068632125854,3.9233500957489014,4.2544593811035156
AAAFFM,2007-02-28,-0.79491090774536133,0.045902125537395477,1.895878791809082,3.5229547023773193,4.1343364715576172
AAAFFM,2007-03-31,-1.4210282564163208,-0.05890360102057457,1.9162702560424805,3.5362286567687988,3.9598596096038818
AAAFFM,2007-04-30,-0.72064286470413208,0.358091801404953,2.5428175926208496,4.3018703460693359,5.002049446105957
ACOGNO,2005-05-31,-0.026793835684657097,-0.019227217882871628,0.00019167433492839336,0.017751088365912437,0.02054242417216301
ACOGNO,2005-06-30,-0.019960938021540642,-0.013010876253247261,0.0053302156738936901,0.020311938598752022,0.023844160139560699
ACOGNO,2005-07-31,-0.022629210725426674,-0.014244523830711842,0.0051742978394031525,0.022706035524606705,0.02917526476085186
ACOGNO,2005-08-31,-0.020237362012267113,-0.017074890434741974,0.0015236008912324905,0.019162429496645927,0.024356149137020111
ACOGNO,2005-09-30,-0.018046161159873009,-0.012773344293236732,0.0058020679280161858,0.02728576585650444,0.031234033405780792
ACOGNO,2005-10-31,-0.021391162648797035,-0.014151371084153652,0.0029873913154006004,0.021957535296678543,0.028778960928320885
ACOGNO,2005-11-30,-0.025093773379921913,-0.018849138170480728,0.0055119083262979984,0.020321136340498924,0.025484599173069
ACOGNO,2005-12-31,-0.019953174516558647,-0.015202778391540051,0.0046182982623577118,0.021492116153240204,0.032520364969968796
ACOGNO,2006-01-31,-0.02050313912332058,-0.0099639939144253731,0.0061078970320522785,0.024738382548093796,0.03732675313949585
ACOGNO,2006-02-28,-0.019288636744022369,-0.014189235866069794,0.0033388901501893997,0.026055550202727318,0.031653400510549545
ACOGNO,2006-03-31,-0.025739507749676704,-0.016846513375639915,0.0033933781087398529,0.017037751153111458,0.022477546706795692
ACOGNO,2006-04-30,-0.019528081640601158,-0.011652394197881222,0.004250659141689539,0.023682737722992897,0.031353127211332321
ACOGNO,2006-05-31,-0.016986342146992683,-0.012372910045087337,0.0060339313931763172,0.027981327846646309,0.031041663140058517
ACOGNO,2006-06-30,-0.023177379742264748,-0.014429253526031971,0.0041442317888140678,0.022419886663556099,0.025820238515734673
ACOGNO,2006-07-31,-0.016170965507626534,-0.0096176201477646828,0.0062011503614485264,0.025812553241848946,0.030209319666028023
ACOGNO,2006-08-31,-0.025789303705096245,-0.015731839463114738,0.0056199068203568459,0.022494504228234291,0.030880158767104149
ACOGNO,2006-09-30,-0.024135494604706764,-0.016954217106103897,0.0015177818713709712,0.022530050948262215,0.029518941417336464
ACOGNO,2006-10-31,-0.021900322288274765,-0.016117839142680168,0.0056328969076275826,0.024871017783880234,0.030886953696608543
ACOGNO,2006-11-30,-0.018788160756230354,-0.016047725453972816,0.0043826354667544365,0.021134939044713974,0.026468461379408836
ACOGNO,2006-12-31,-0.017963258549571037,-0.015442055650055408,0.0062062181532382965,0.027665141969919205,0.032405313104391098
ACOGNO,2007-01-31,-0.023955525830388069,-0.017927078530192375,0.0034299455583095551,0.025145407766103745,0.031996119767427444
ACOGNO,2007-02-28,-0.018975446000695229,-0.011762515641748905,0.0044455220922827721,0.020082857459783554,0.025409618392586708
ACOGNO,2007-03-31,-0.020624043419957161,-0.016315901651978493,0.0027229450643062592,0.020957410335540771,0.025101030245423317
ACOGNO,2007-04-30,-0.019796624779701233,-0.013541708700358868,0.002926199696958065,0.022868687286973,0.025854973122477531
AMDMNOx,2005-05-31,-0.068764969706535339,-0.049789026379585266,-0.0032704127952456474,0.031097181141376495,0.041580915451049805
AMDMNOx,2005-06-30,-0.041308190673589706,-0.033186718821525574,0.0048921927809715271,0.048265855759382248,0.063512429594993591
AMDMNOx,2005-07-31,-0.050371110439300537,-0.038152683526277542,0.011078680865466595,0.058449409902095795,0.073434039950370789
AMDMNOx,2005-08-31,-0.059510737657546997,-0.048029318451881409,0.0068666916340589523,0.041408978402614594,0.051558416336774826
AMDMNOx,2005-09-30,-0.048629488795995712,-0.032990172505378723,0.0083983615040779114,0.053003333508968353,0.067011095583438873
AMDMNOx,2005-10-31,-0.051344472914934158,-0.040638837963342667,0.0050841467455029488,0.042554624378681183,0.056019134819507599
AMDMNOx,2005-11-30,-0.06104578822851181,-0.037737306207418442,0.0013480166671797633,0.035851676017045975,0.048489723354578018
AMDMNOx,2005-12-31,-0.043208003044128418,-0.032998416572809219,0.0076307402923703194,0.044754974544048309,0.057533901184797287
AMDMNOx,2006-01-31,-0.062517829239368439,-0.046151328831911087,0.0027737757191061974,0.042754720896482468,0.053534992039203644
AMDMNOx,2006-02-28,-0.051652137190103531,-0.046531666070222855,0.0029355376027524471,0.052013576030731201,0.062435910105705261
AMDMNOx,2006-03-31,-0.050796519964933395,-0.038291078060865402,0.0026733463164418936,0.037263136357069016,0.047584716230630875
AMDMNOx,2006-04-30,-0.046696685254573822,-0.0306842140853405,0.0061140991747379303,0.040528800338506699,0.051084183156490326
AMDMNOx,2006-05-31,-0.056427158415317535,-0.043475482612848282,0.0028687689919024706,0.045930322259664536,0.062375299632549286
AMDMNOx,2006-06-30,-0.043157719075679779,-0.028792703524231911,0.0066567030735313892,0.04568193107843399,0.054973945021629333
AMDMNOx,2006-07-31,-0.04598994180560112,-0.035335324704647064,0.0067642834037542343,0.044354908168315887,0.054878637194633484
AMDMNOx,2006-08-31,-0.057131439447402954,-0.045236658304929733,0.0042949654161930084,0.041883375495672226,0.055934004485607147
AMDMNOx,2006-09-30,-0.059523791074752808,-0.042407002300024033,0.0051102563738822937,0.039542831480503082,0.048681899905204773
AMDMNOx,2006-10-31,-0.053575653582811356,-0.039364330470561981,0.0067125130444765091,0.048502359539270401,0.063325978815555573
AMDMNOx,2006-11-30,-0.037097405642271042,-0.027250418439507484,0.0085402894765138626,0.048884943127632141,0.054904412478208542
AMDMNOx,2006-12-31,-0.034818027168512344,-0.023731762543320656,0.009726949967443943,0.051767971366643906,0.073330715298652649
AMDMNOx,2007-01-31,-0.04139324277639389,-0.035814389586448669,0.006785521749407053,0.049095124006271362,0.062258385121822357
AMDMNOx,2007-02-28,-0.059334304183721542,-0.047281090170145035,0.0029365564696490765,0.038374688476324081,0.057027440518140793
AMDMNOx,2007-03-31,-0.038193017244338989,-0.0289432592689991,0.0040638577193021774,0.053196948021650314,0.062402445822954178
AMDMNOx,2007-04-30,-0.038752902299165726,-0.02763759158551693,0.011640269309282303,0.050403077155351639,0.070454895496368408
AMDMUOx,2005-05-31,-0.0062833065167069435,-0.0054823332466185093,0.00038677174597978592,0.0083658993244171143,0.011500956490635872
AMDMUOx,2005-06-30,-0.0094584580510854721,-0.0063823121599853039,0.0019255796214565635,0.0087169976904988289,0.011333446018397808
AMDMUOx,2005-07-31,-0.0083622448146343231,-0.0071986280381679535,0.0015753181651234627,0.0097437985241413116,0.013187741860747337
AMDMUOx,2005-08-31,-0.011794336140155792,-0.0073764501139521599,0.0011047176085412502,0.010923250578343868,0.012821818701922894
AMDMUOx,2005-09-30,-0.0098042851313948631,-0.0082080531865358353,-0.0010474082082509995,0.0091680977493524551,0.0126691535115242
AMDMUOx,2005-10-31,-0.010575150139629841,-0.007631523534655571,0.00090084411203861237,0.010276269167661667,0.017723679542541504
AMDMUOx,2005-11-30,-0.0083307996392250061,-0.0069869514554738998,0.0028853111434727907,0.010885694064199924,0.012784520164132118
AMDMUOx,2005-12-31,-0.013889618217945099,-0.008190453052520752,0.0021977820433676243,0.014209269545972347,0.016607329249382019
AMDMUOx,2006-01-31,-0.0095374267548322678,-0.0065322243608534336,0.0029465034604072571,0.01102286484092474,0.01342464704066515
AMDMUOx,2006-02-28,-0.010470960289239883,-0.0082068061456084251,0.00039823655970394611,0.011753624305129051,0.016196615993976593
AMDMUOx,2006-03-31,-0.0094580752775073051,-0.0069086505100131035,0.0024032392539083958,0.010541185736656189,0.014544873498380184
AMDMUOx,2006-04-30,-0.0085529210045933723,-0.0063753463327884674,0.0035392632707953453,0.012584660202264786,0.018167560920119286
AMDMUOx,2006-05-31,-0.0094079822301864624,-0.0063346438109874725,0.0029222830198705196,0.011963835917413235,0.01562312338501215
AMDMUOx,2006-06-30,-0.012483554892241955,-0.0085098147392272949,0.0022278495598584414,0.015541700646281242,0.017593227326869965
AMDMUOx,2006-07-31,-0.01195563655346632,-0.0093184616416692734,0.0022205188870429993,0.015909217298030853,0.019981686025857925
AMDMUOx,2006-08-31,-0.013717470690608025,-0.0099371345713734627,0.0017652350943535566,0.011803202331066132,0.014385247603058815
AMDMUOx,2006-09-30,-0.0084249190986156464,-0.0066660712473094463,0.0026638633571565151,0.015420172363519669,0.019700063392519951
AMDMUOx,2006-10-31,-0.011325132101774216,-0.0096637718379497528,0.0024324012920260429,0.012932438403367996,0.015620749443769455
AMDMUOx,2006-11-30,-0.0070055499672889709,-0.0053940713405609131,0.0022861179895699024,0.012442799285054207,0.01561540924012661
AMDMUOx,2006-12-31,-0.01144715677946806,-0.007991504855453968,0.0026246523484587669,0.012188032269477844,0.016196137294173241
AMDMUOx,2007-01-31,-0.01043291948735714,-0.0092307878658175468,0.003905158955603838,0.017370730638504028,0.020572442561388016
AMDMUOx,2007-02-28,-0.010521483607590199,-0.0080012157559394836,0.0022946549579501152,0.011819461360573769,0.015864405781030655
AMDMUOx,2007-03-31,-0.010171639733016491,-0.0074943080544471741,0.0024051489308476448,0.01446009986102581,0.019762715324759483
AMDMUOx,2007-04-30,-0.010365129448473454,-0.0077112321741878986,0.0031510004773736,0.015781892463564873,0.018388420343399048
ANDENOx,2005-05-31,-0.082066804170608521,-0.058725018054246902,0.0060959877446293831,0.076457060873508453,0.094317436218261719
ANDENOx,2005-06-30,-0.10857320576906204,-0.08377278596162796,-0.00047562574036419392,0.059478789567947388,0.084374994039535522
ANDENOx,2005-07-31,-0.079462386667728424,-0.070466578006744385,0.0005774045130237937,0.080672681331634521,0.095087088644504547
ANDENOx,2005-08-31,-0.12482380121946335,-0.079357795417308807,0.0048987064510583878,0.091778397560119629,0.10921385139226913
ANDENOx,2005-09-30,-0.08684297651052475,-0.061990652233362198,0.013521855697035789,0.091649346053600311,0.11543367803096771
ANDENOx,2005-10-31,-0.077909313142299652,-0.058012086898088455,0.0011428574798628688,0.078096672892570496,0.1100214496254921
ANDENOx,2005-11-30,-0.099314890801906586,-0.086100369691848755,0.01041803602129221,0.085810355842113495,0.099345535039901733
ANDENOx,2005-12-31,-0.088598668575286865,-0.073569528758525848,0.013807624578475952,0.078009620308876038,0.089509680867195129
ANDENOx,2006-01-31,-0.10610172897577286,-0.078875064849853516,0.0044277133420109749,0.085507504642009735,0.097707509994506836
ANDENOx,2006-02-28,-0.093901947140693665,-0.076396100223064423,0.011928003281354904,0.084563083946704865,0.12192316353321075
ANDENOx,2006-03-31,-0.094654254615306854,-0.07550588995218277,0.013176395557820797,0.082104824483394623,0.10443012416362762
ANDENOx,2006-04-30,-0.10464464873075485,-0.075031958520412445,0.0043673692271113396,0.087403841316699982,0.11783873289823532
ANDENOx,2006-05-31,-0.098420500755310059,-0.069106310606002808,0.0029334090650081635,0.069341734051704407,0.10248931497335434
ANDENOx,2006-06-30,-0.12140636891126633,-0.087037652730941772,0.0053557278588414192,0.090250454843044281,0.12440021336078644
ANDENOx,2006-07-31,-0.092671819031238556,-0.077240593731403351,0.0064090583473443985,0.076115787029266357,0.10144740343093872
ANDENOx,2006-08-31,-0.10588455200195312,-0.084357626736164093,0.0096292123198509216,0.084632627665996552,0.10591577738523483
ANDENOx,2006-09-30,-0.084337666630744934,-0.053676605224609375,0.0098662609234452248,0.092392109334468842,0.12717053294181824
ANDENOx,2006-10-31,-0.11218862980604172,-0.074622057378292084,0.016606561839580536,0.085950002074241638,0.12152127176523209
ANDENOx,2006-11-30,-0.10535555332899094,-0.076710298657417297,0.01046376209706068,0.083399742841720581,0.10210569947957993
ANDENOx,2006-12-31,-0.10555744916200638,-0.071919634938240051,0.0093622338026762009,0.081889696419239044,0.10332989692687988
ANDENOx,2007-01-31,-0.089557498693466187,-0.078078150749206543,0.0057284417562186718,0.081242270767688751,0.10669194906949997
ANDENOx,2007-02-28,-0.085598111152648926,-0.078411400318145752,0.015092517249286175,0.083172261714935303,0.10688524693250656
ANDENOx,2007-03-31,-0.073741048574447632,-0.050771232694387436,0.014418017119169235,0.090127624571323395,0.12799397110939026
ANDENOx,2007-04-30,-0.093505017459392548,-0.078005991876125336,0.003821059362962842,0.073666557669639587,0.10356088727712631
AWHMAN,2005-05-31,40.161834716796875,40.230026245117188,40.445503234863281,40.757965087890625,40.893577575683594
AWHMAN,2005-06-30,40.058357238769531,40.207126617431641,40.503292083740234,40.805210113525391,40.927627563476562
AWHMAN,2005-07-31,39.989650726318359,40.116436004638672,40.482398986816406,40.837146759033203,40.887458801269531
AWHMAN,2005-08-31,39.9786376953125,40.137657165527344,40.436653137207031,40.769630432128906,40.876873016357422
AWHMAN,2005-09-30,39.848968505859375,40.071102142333984,40.475761413574219,40.881336212158203,40.945510864257812
AWHMAN,2005-10-31,39.982048034667969,40.146755218505859,40.507858276367188,40.883312225341797,41.082370758056641
AWHMAN,2005-11-30,39.933536529541016,40.073360443115234,40.555683135986328,40.910587310791016,41.025955200195312
AWHMAN,2005-12-31,39.862464904785156,39.939136505126953,40.504776000976562,40.933353424072266,41.130233764648438
AWHMAN,2006-01-31,39.681610107421875,39.879627227783203,40.525432586669922,40.968048095703125,41.103683471679688
AWHMAN,2006-02-28,39.590385437011719,39.904930114746094,40.506595611572266,40.959308624267578,41.13079833984375
AWHMAN,2006-03-31,39.911525726318359,40.088844299316406,40.521461486816406,41.053955078125,41.186912536621094
AWHMAN,2006-04-30,39.927154541015625,40.047637939453125,40.590076446533203,41.115367889404297,41.394161224365234
AWHMAN,2006-05-31,39.950271606445312,40.093936920166016,40.546112060546875,41.044704437255859,41.096366882324219
AWHMAN,2006-06-30,39.471019744873047,39.913421630859375,40.518440246582031,41.112636566162109,41.368362426757812
AWHMAN,2006-07-31,39.357387542724609,39.588394165039062,40.485572814941406,41.016899108886719,41.189834594726562
AWHMAN,2006-08-31,39.594062805175781,39.830585479736328,40.446842193603516,40.969326019287109,41.257785797119141
AWHMAN,2006-09-30,39.87786865234375,40.075160980224609,40.563591003417969,41.152488708496094,41.224483489990234
AWHMAN,2006-10-31,39.831962585449219,40.068840026855469,40.693138122558594,41.293434143066406,41.40673828125
AWHMAN,2006-11-30,39.621910095214844,39.936855316162109,40.493064880371094,41.118732452392578,41.347259521484375
AWHMAN,2006-12-31,39.659984588623047,39.956130981445312,40.529052734375,41.082386016845703,41.204658508300781
AWHMAN,2007-01-31,39.653327941894531,39.931621551513672,40.524742126464844,41.2076416015625,41.380878448486328
AWHMAN,2007-02-28,39.599750518798828,39.852645874023438,40.562400817871094,41.299285888671875,41.633193969726562
AWHMAN,2007-03-31,39.603897094726562,39.821701049804688,40.559333801269531,41.241630554199219,41.346282958984375
AWHMAN,2007-04-30,39.799667358398438,40.025333404541016,40.702423095703125,41.379768371582031,41.486946105957031
AWOTMAN,2005-05-31,-0.19901219010353088,-0.10254806280136108,-0.00073052407242357731,0.099392957985401154,0.14074085652828217
AWOTMAN,2005-06-30,-0.20178708434104919,-0.10290034115314484,-0.00072032795287668705,0.1006433293223381,0.10191889852285385
AWOTMAN,2005-07-31,-0.10522806644439697,-0.10238772630691528,-0.00047043967060744762,0.19358512759208679,0.20085237920284271
AWOTMAN,2005-08-31,-0.10368450731039047,-0.10191617161035538,-0.00046956888400018215,0.19666850566864014,0.20282076299190521
AWOTMAN,2005-09-30,-0.20348598062992096,-0.10447794198989868,-0.0010405099019408226,0.10247271507978439,0.20134717226028442
AWOTMAN,2005-10-31,-0.10592613369226456,-0.10133904218673706,-0.00036550022196024656,0.10102701187133789,0.10489559918642044
AWOTMAN,2005-11-30,-0.26620933413505554,-0.10352867841720581,-0.0007036400493234396,0.10182583332061768,0.20330619812011719
AWOTMAN,2005-12-31,-0.19778060913085938,-0.1027902364730835,-0.00058368034660816193,0.13288004696369171,0.20133008062839508
AWOTMAN,2006-01-31,-0.20252415537834167,-0.10416658967733383,0.00079322373494505882,0.19840064644813538,0.2028353214263916
AWOTMAN,2006-02-28,-0.19904699921607971,-0.10360118746757507,-0.00072645209729671478,0.19747550785541534,0.20093031227588654
AWOTMAN,2006-03-31,-0.16359288990497589,-0.10323134809732437,-0.00082338391803205013,0.10213375091552734,0.19898112118244171
AWOTMAN,2006-04-30,-0.20191717147827148,-0.10443396121263504,-0.00087105855345726013,0.19361123442649841,0.19883552193641663
AWOTMAN,2006-05-31,-0.23529762029647827,-0.15043933689594269,-0.0014012209139764309,0.1309162974357605,0.20025494694709778
AWOTMAN,2006-06-30,-0.10441795736551285,-0.10115679353475571,-0.00063916807994246483,0.10056344419717789,0.20033326745033264
AWOTMAN,2006-07-31,-0.17666047811508179,-0.10249863564968109,-0.00030995893757790327,0.10230168700218201,0.20085614919662476
AWOTMAN,2006-08-31,-0.2980228066444397,-0.19676670432090759,-0.00059897312894463539,0.099598035216331482,0.10190297663211823
AWOTMAN,2006-09-30,-0.19987617433071136,-0.10248073935508728,-0.00015887105837464333,0.19719165563583374,0.26347777247428894
AWOTMAN,2006-10-31,-0.20089922845363617,-0.10406532138586044,-0.00096050766296684742,0.10327410697937012,0.20147110521793365
AWOTMAN,2006-11-30,-0.20184941589832306,-0.10256361216306686,-0.00012571399565786123,0.10196363180875778,0.20026645064353943
AWOTMAN,2006-12-31,-0.20118623971939087,-0.1040438711643219,-0.00088576041162014008,0.10155916213989258,0.19348296523094177
AWOTMAN,2007-01-31,-0.20316651463508606,-0.10194581747055054,-0.00049467594362795353,0.10715115070343018,0.19874736666679382
AWOTMAN,2007-02-28,-0.1051088348031044,-0.10258117318153381,-0.00071902875788509846,0.10175597667694092,0.19945685565471649
AWOTMAN,2007-03-31,-0.10496202111244202,-0.1022198274731636,0.00080397119745612144,0.19717235863208771,0.20471876859664917
AWOTMAN,2007-04-30,-0.164859339594841,-0.10314345359802246,-0.00066101434640586376,0.2009211927652359,0.29445677995681763
BAA,2005-05-31,-0.25309920310974121,-0.2086612731218338,-0.053196083754301071,0.17388471961021423,0.24732209742069244
BAA,2005-06-30,-0.27078068256378174,-0.23921620845794678,-0.03436051681637764,0.18570415675640106,0.27270025014877319
BAA,2005-07-31,-0.26514646410942078,-0.19895762205123901,-0.011277740821242332,0.18307411670684814,0.26223158836364746
BAA,2005-08-31,-0.33700808882713318,-0.26425763964653015,-0.0018990306416526437,0.23812355101108551,0.28391256928443909
BAA,2005-09-30,-0.31158134341239929,-0.22938284277915955,-0.022636648267507553,0.25618994235992432,0.34842559695243835
BAA,2005-10-31,-0.25378599762916565,-0.22255346179008484,-0.033714607357978821,0.23754002153873444,0.28679165244102478
BAA,2005-11-30,-0.31431436538696289,-0.28092065453529358,-0.04504084587097168,0.20197728276252747,0.24908062815666199
BAA,2005-12-31,-0.34981915354728699,-0.26283150911331177,-0.027273107320070267,0.17466326057910919,0.23331671953201294
BAA,2006-01-31,-0.23707424104213715,-0.17520973086357117,0.0016406972426921129,0.20170095562934875,0.2681395411491394
BAA,2006-02-28,-0.38507571816444397,-0.26125586032867432,-0.0023878631182014942,0.20665478706359863,0.36857134103775024
BAA,2006-03-31,-0.40641707181930542,-0.23408232629299164,-0.019682560116052628,0.22427883744239807,0.26858717203140259
BAA,2006-04-30,-0.31103551387786865,-0.25561094284057617,-0.038274578750133514,0.16524098813533783,0.3126227855682373
BAA,2006-05-31,-0.27961558103561401,-0.19035860896110535,-0.013199685141444206,0.22561930119991302,0.37138554453849792
BAA,2006-06-30,-0.38496044278144836,-0.25946825742721558,-0.0068136826157569885,0.34364414215087891,0.45434755086898804
BAA,2006-07-31,-0.2897581160068512,-0.20599867403507233,0.01035752147436142,0.18516317009925842,0.32125815749168396
BAA,2006-08-31,-0.3193390965461731,-0.22965878248214722,0.0033117486163973808,0.21824364364147186,0.28370898962020874
BAA,2006-09-30,-0.34944459795951843,-0.26431229710578918,-0.03428090363740921,0.22280387580394745,0.26927733421325684
BAA,2006-10-31,-0.33555871248245239,-0.22449007630348206,-0.032609894871711731,0.1985747218132019,0.27118024230003357
BAA,2006-11-30,-0.28491690754890442,-0.23864081501960754,-0.0069304420612752438,0.20432500541210175,0.2813359797000885
BAA,2006-12-31,-0.28971654176712036,-0.20446804165840149,-0.017298635095357895,0.19737781584262848,0.2735438346862793
BAA,2007-01-31,-0.29177716374397278,-0.23087078332901001,-0.013368876650929451,0.22395819425582886,0.29308667778968811
BAA,2007-02-28,-0.36246281862258911,-0.21587672829627991,-0.031323492527008057,0.23416505753993988,0.35800057649612427
BAA,2007-03-31,-0.39223688840866089,-0.22994162142276764,-0.016745725646615028,0.23472459614276886,0.32221516966819763
BAA,2007-04-30,-0.26642197370529175,-0.16733306646347046,0.00074329599738121033,0.27163565158843994,0.36799827218055725
BAAFFM,2005-05-31,2.8194873332977295,2.8823213577270508,3.1375665664672852,3.4963090419769287,3.5903754234313965
BAAFFM,2005-06-30,2.3403999805450439,2.5159356594085693,2.9285602569580078,3.5344290733337402,3.6537067890167236
BAAFFM,2005-07-31,2.0848050117492676,2.2501177787780762,2.8704719543457031,3.6638658046722412,3.7929320335388184
BAAFFM,2005-08-31,1.7176343202590942,2.1678030490875244,2.9547286033630371,3.7969939708709717,4.1375546455383301
BAAFFM,2005-09-30,1.5814622640609741,2.0423240661621094,2.8398938179016113,3.8912875652313232,4.1106162071228027
BAAFFM,2005-10-31,1.7197130918502808,1.9400604963302612,2.8226971626281738,4.0686016082763672,4.4138431549072266
BAAFFM,2005-11-30,1.1265008449554443,1.6132794618606567,2.7215158939361572,3.8314330577850342,4.2501864433288574
BAAFFM,2005-12-31,1.4435089826583862,1.9487298727035522,3.0258762836456299,4.3382053375244141,4.6973867416381836
BAAFFM,2006-01-31,0.91111588478088379,1.2710645198822021,2.6925148963928223,4.2183079719543457,4.7702879905700684
BAAFFM,2006-02-28,0.83893895149230957,1.4913101196289062,2.9982116222381592,4.3998985290527344,5.1006650924682617
BAAFFM,2006-03-31,0.61944800615310669,1.3526237010955811,2.7745265960693359,4.4671010971069336,4.8038396835327148
BAAFFM,2006-04-30,0.60737669467926025,0.9956963062286377,2.6757149696350098,4.8358116149902344,5.5274248123168945
BAAFFM,2006-05-31,0.56338530778884888,0.94902586936950684,2.9577159881591797,4.8183732032775879,5.2667341232299805
BAAFFM,2006-06-30,0.26070636510848999,0.72561162710189819,2.7670812606811523,4.3347334861755371,4.7177462577819824
BAAFFM,2006-07-31,-0.60498136281967163,0.78409135341644287,3.180504322052002,4.7404780387878418,5.0845737457275391
BAAFFM,2006-08-31,-0.67859107255935669,-0.032968122512102127,2.780113697052002,4.364870548248291,5.1371273994445801
BAAFFM,2006-09-30,-0.0010242578573524952,0.83333826065063477,3.1550197601318359,4.6705760955810547,5.6028594970703125
BAAFFM,2006-10-31,0.46367073059082031,0.99351716041564941,2.8824925422668457,4.584043025970459,5.8004612922668457
BAAFFM,2006-11-30,-0.18988709151744843,0.60954266786575317,2.9057886600494385,5.1587433815002441,5.7959275245666504
BAAFFM,2006-12-31,-1.2525633573532104,0.2384757399559021,2.869504451751709,4.9695572853088379,5.4568719863891602
BAAFFM,2007-01-31,-0.32055103778839111,0.75518888235092163,2.8686463832855225,5.02545166015625,5.4880561828613281
BAAFFM,2007-02-28,-0.55501776933670044,0.10287591069936752,2.6249752044677734,5.0810894966125488,5.8480353355407715
BAAFFM,2007-03-31,-0.19808955490589142,0.73768991231918335,3.1515207290649414,5.4150176048278809,5.8015813827514648
BAAFFM,2007-04-30,-0.46922236680984497,0.50607019662857056,3.0233211517333984,4.9643669128417969,5.7248349189758301
BOGMBASE,2005-05-31,-0.012763761915266514,-0.0099013764411211014,-0.0028854415286332369,0.0050456942990422249,0.0064787175506353378
BOGMBASE,2005-06-30,-0.006579425185918808,-0.0041951560415327549,0.0022861275356262922,0.0092155812308192253,0.010689412243664265
BOGMBASE,2005-07-31,-0.011541602201759815,-0.0063366121612489223,0.00072041526436805725,0.0082183629274368286,0.010599645785987377
BOGMBASE,2005-08-31,-0.015090236440300941,-0.010457022115588188,-0.0028389608487486839,0.0041113942861557007,0.0058901128359138966
BOGMBASE,2005-09-30,-0.013896274380385876,-0.010672073811292648,-0.0010055182501673698,0.010559413582086563,0.012672562152147293
BOGMBASE,2005-10-31,-0.013178545981645584,-0.0098361717537045479,-0.0019395765848457813,0.0062848404049873352,0.0087194573134183884
BOGMBASE,2005-11-30,-0.0048804460093379021,-0.0024960548616945744,0.0054307514801621437,0.013921823352575302,0.0166940838098526
BOGMBASE,2005-12-31,-0.0082640945911407471,-0.005104446318000555,0.00065703177824616432,0.0086411638185381889,0.0099282888695597649
BOGMBASE,2006-01-31,-0.025103449821472168,-0.022615283727645874,-0.012840216979384422,-0.0019677749369293451,0.00035929534351453185
BOGMBASE,2006-02-28,-0.012585606426000595,-0.0090490309521555901,-0.0011986321769654751,0.0055259843356907368,0.0086060473695397377
BOGMBASE,2006-03-31,-0.0042897770181298256,-0.0014181871665641665,0.0066295722499489784,0.014377365820109844,0.016367804259061813
BOGMBASE,2006-04-30,-0.0091636441648006439,-0.007120741531252861,-7.8998789831530303e-05,0.0094375880435109138,0.011983631178736687
BOGMBASE,2006-05-31,-0.010640195570886135,-0.0087150121107697487,4.0585076931165531e-05,0.0087597332894802094,0.010765695944428444
BOGMBASE,2006-06-30,-0.0073504075407981873,-0.0036199942696839571,0.0029394037555903196,0.011990435421466827,0.014253054745495319
BOGMBASE,2006-07-31,-0.010320845060050488,-0.0075775673612952232,0.0014936510706320405,0.011051013134419918,0.013681198470294476
BOGMBASE,2006-08-31,-0.011730121448636055,-0.011126360855996609,-0.0027748565189540386,0.0037895848508924246,0.0087294718250632286
BOGMBASE,2006-09-30,-0.0081472760066390038,-0.006337375845760107,0.001886856509372592,0.0089358063414692879,0.011138424277305603
BOGMBASE,2006-10-31,-0.011740810237824917,-0.0092439884319901466,-0.0016060287598520517,0.0036906001623719931,0.0051867756992578506
BOGMBASE,2006-11-30,-0.0031448407098650932,-0.0011899681994691491,0.0067522884346544743,0.015985021367669106,0.020055776461958885
BOGMBASE,2006-12-31,-0.006375875324010849,-0.004731335211545229,0.0022966170217841864,0.011399416252970695,0.014534336514770985
BOGMBASE,2007-01-31,-0.029955619946122169,-0.022893860936164856,-0.013018859550356865,-0.00074972480069845915,0.0012772628106176853
BOGMBASE,2007-02-28,-0.010666485875844955,-0.008956477977335453,-0.00036074774106964469,0.010447691194713116,0.014137532562017441
BOGMBASE,2007-03-31,-0.0041410475969314575,-0.0013813909608870745,0.0054356744512915611,0.014369138516485691,0.017248140648007393
BOGMBASE,2007-04-30,-0.012271907180547714,-0.0085380654782056808,0.00073943403549492359,0.0095967687666416168,0.011943270452320576
BUSINVx,2005-05-31,0.00011087570601375774,0.00073743169195950031,0.0047205775044858456,0.0084251994267106056,0.0097148530185222626
BUSINVx,2005-06-30,-0.0019808593206107616,0.00024560079327784479,0.0043164556846022606,0.0085624372586607933,0.011452875100076199
BUSINVx,2005-07-31,-0.0024300315417349339,-0.00096924538956955075,0.0043671866878867149,0.0089025674387812614,0.010034263134002686
BUSINVx,2005-08-31,-0.002968325512483716,-0.00026341344346292317,0.004324933048337698,0.0091255158185958862,0.010459965094923973
BUSINVx,2005-09-30,-0.0022402901668101549,-0.00092512351693585515,0.0047027310356497765,0.009072447195649147,0.011065823957324028
BUSINVx,2005-10-31,-0.0020755561999976635,-0.00075860816286876798,0.0037856737617403269,0.0090689631178975105,0.010811977088451385
BUSINVx,2005-11-30,-0.0027236372698098421,-0.0016322009032592177,0.0033303536474704742,0.0098017556592822075,0.011615226045250893
BUSINVx,2005-12-31,-0.0035018199123442173,-0.0013923636870458722,0.003671145997941494,0.0099713569507002831,0.012790347449481487
BUSINVx,2006-01-31,-0.0030463766306638718,-0.0010066779796034098,0.0049262000247836113,0.009525722824037075,0.011311650276184082
BUSINVx,2006-02-28,-0.0031097084283828735,-0.00099503318779170513,0.0047217309474945068,0.010006317868828773,0.011310987174510956
BUSINVx,2006-03-31,-0.002932828851044178,-0.0003318607050459832,0.0042509008198976517,0.0097893774509429932,0.011441742070019245
BUSINVx,2006-04-30,-0.0025799162685871124,-0.0018573558190837502,0.0045743873342871666,0.010519464500248432,0.011786424554884434
BUSINVx,2006-05-31,-0.0044758268631994724,-0.0025401802267879248,0.0045588556677103043,0.01075015589594841,0.012095517478883266
BUSINVx,2006-06-30,-0.0038232414517551661,-0.0017742667114362121,0.0040451567620038986,0.010072033852338791,0.011327356100082397
BUSINVx,2006-07-31,-0.0037547643296420574,-0.0021729175932705402,0.0040320390835404396,0.0092703532427549362,0.011676295660436153
BUSINVx,2006-08-31,-0.0042865853756666183,-0.0015815510414540768,0.00417369045317173,0.0095688849687576294,0.011319871991872787
BUSINVx,2006-09-30,-0.0033564672339707613,-0.0013269137125462294,0.0036729178391396999,0.0087271956726908684,0.010743672959506512
BUSINVx,2006-10-31,-0.0014365895185619593,-0.00092626840341836214,0.0040565826930105686,0.0085947923362255096,0.011842170730233192
BUSINVx,2006-11-30,-0.0031534275040030479,-2.1164123609196395e-06,0.0044745504856109619,0.010332845151424408,0.011787262745201588
BUSINVx,2006-12-31,-0.0036949941422790289,-0.0019456407753750682,0.0038404425140470266,0.0089088240638375282,0.011511754244565964
BUSINVx,2007-01-31,-0.0045925118029117584,-0.0027066769544035196,0.0037764371372759342,0.010192384012043476,0.012896999716758728
BUSINVx,2007-02-28,-0.0033356384374201298,-0.001093552797101438,0.0045492989011108875,0.0099045140668749809,0.014168484136462212
BUSINVx,2007-03-31,-0.0025741024874150753,-0.001729319803416729,0.0036860518157482147,0.0090801017358899117,0.011805903166532516
BUSINVx,2007-04-30,-0.003458079881966114,-0.0018338870722800493,0.0038649975322186947,0.0091808447614312172,0.011922918260097504
BUSLOANS,2005-05-31,-0.010959954001009464,-0.0081062344834208488,-0.0011099083349108696,0.0069632628001272678,0.0092153660953044891
BUSLOANS,2005-06-30,-0.0096675623208284378,-0.007204914465546608,0.00054072530474513769,0.0075321276672184467,0.0092216329649090767
BUSLOANS,2005-07-31,-0.015500482171773911,-0.0077417655847966671,-0.00065290706697851419,0.0057227103970944881,0.0074541871435940266
BUSLOANS,2005-08-31,-0.0070680687204003334,-0.0054626292549073696,0.00088014040375128388,0.0070173563435673714,0.0093325274065136909
BUSLOANS,2005-09-30,-0.0066590281203389168,-0.0052782269194722176,0.00087782950140535831,0.0081022605299949646,0.0094356639310717583
BUSLOANS,2005-10-31,-0.008328109048306942,-0.0063129677437245846,0.00068810459924861789,0.0077677909284830093,0.011631032451987267
BUSLOANS,2005-11-30,-0.012732157483696938,-0.0075184735469520092,0.00050473178271204233,0.011695710942149162,0.01481854822486639
BUSLOANS,2005-12-31,-0.008958832360804081,-0.0052755274809896946,0.0011056178482249379,0.0085576353594660759,0.011411148123443127
BUSLOANS,2006-01-31,-0.013195548206567764,-0.0089201238006353378,0.00042514922097325325,0.0077745136804878712,0.010230970568954945
BUSLOANS,2006-02-28,-0.01131812110543251,-0.009079894982278347,0.00058441981673240662,0.0068239551037549973,0.0089857093989849091
BUSLOANS,2006-03-31,-0.0098044881597161293,-0.0073407771997153759,-0.00059575325576588511,0.0071887909434735775,0.0088678784668445587
BUSLOANS,2006-04-30,-0.013926415704190731,-0.0074122757650911808,6.3136474636849016e-05,0.0098142791539430618,0.011354462243616581
BUSLOANS,2006-05-31,-0.0092233447358012199,-0.0064252186566591263,-0.00077436992432922125,0.011081700213253498,0.013184682466089725
BUSLOANS,2006-06-30,-0.0077177551575005054,-0.0069736773148179054,0.00093414681032299995,0.009066031314432621,0.010846034623682499
BUSLOANS,2006-07-31,-0.010782626457512379,-0.0078279292210936546,-0.00097894342616200447,0.0068798772990703583,0.0088039413094520569
BUSLOANS,2006-08-31,-0.0095322979614138603,-0.0072361021302640438,0.00072195060783997178,0.0084317503497004509,0.012530283071100712
BUSLOANS,2006-09-30,-0.0094588585197925568,-0.007230683695524931,0.00046296694199554622,0.0088990554213523865,0.011027008295059204
BUSLOANS,2006-10-31,-0.012282418087124825,-0.0076086870394647121,-0.00066591124050319195,0.0069095180369913578,0.0092714261263608932
BUSLOANS,2006-11-30,-0.011120481416583061,-0.008715764619410038,-0.00089395296527072787,0.004907586146146059,0.0070347944274544716
BUSLOANS,2006-12-31,-0.010030321776866913,-0.0073285633698105812,0.0008026856230571866,0.0087949903681874275,0.011391439475119114
BUSLOANS,2007-01-31,-0.0073353415355086327,-0.0061537045985460281,0.00073771073948591948,0.0059713060036301613,0.0089895669370889664
BUSLOANS,2007-02-28,-0.012572549283504486,-0.0078978985548019409,0.0006266831187531352,0.0088430829346179962,0.0098557071760296822
BUSLOANS,2007-03-31,-0.0088328234851360321,-0.0062368353828787804,-0.00021806357835885137,0.008652903139591217,0.0094279935583472252
BUSLOANS,2007-04-30,-0.010622928850352764,-0.0083241388201713562,-0.0003794353106059134,0.0075713396072387695,0.0099302111193537712
CE16OV,2005-05-31,-0.0018500776495784521,-0.00094296858878806233,0.0012129388051107526,0.0035564471036195755,0.0040424643084406853
CE16OV,2005-06-30,-0.0024045796599239111,-0.0016296929679811001,0.0010161243844777346,0.0031041083857417107,0.0037129663396626711
CE16OV,2005-07-31,-0.0016759494319558144,-0.0011185656767338514,0.0012993051204830408,0.0039099892601370811,0.0044607454910874367
CE16OV,2005-08-31,-0.0029203991871327162,-0.0021052779629826546,0.00096189230680465698,0.0034947015810757875,0.0045124455355107784
CE16OV,2005-09-30,-0.0026510786265134811,-0.0020111498888581991,0.00079739978536963463,0.0035212708171457052,0.0041856272146105766
CE16OV,2005-10-31,-0.0020084145944565535,-0.0012461997102946043,0.0016544200479984283,0.0035653254017233849,0.0043460330925881863
CE16OV,2005-11-30,-0.001909322920255363,-0.00082554231630638242,0.001256345072761178,0.003875010646879673,0.0045266924425959587
CE16OV,2005-12-31,-0.0016819101292639971,-0.0010138073703274131,0.0013904562219977379,0.0039928844198584557,0.004991898313164711
CE16OV,2006-01-31,-0.0019439324969425797,-0.00098584592342376709,0.0016528675332665443,0.0041156322695314884,0.0050074360333383083
CE16OV,2006-02-28,-0.0022778541315346956,-0.0012638375628739595,0.0010292503284290433,0.0032739352900534868,0.0045457407832145691
CE16OV,2006-03-31,-0.0024936399422585964,-0.0017655404517427087,0.00098049710504710674,0.0033752156887203455,0.0042104939930140972
CE16OV,2006-04-30,-0.0013694210210815072,-0.00052746926667168736,0.0014942331472411752,0.0037033380940556526,0.0044219242408871651
CE16OV,2006-05-31,-0.0014984769513830543,-0.00085664616199210286,0.0010824906639754772,0.0034961274359375238,0.0045401845127344131
CE16OV,2006-06-30,-0.0018435789970681071,-0.0013164858100935817,0.00059667561436071992,0.0031063512433320284,0.0035520647652447224
CE16OV,2006-07-31,-0.0020629102364182472,-0.0015329301822930574,0.0011364871170371771,0.0039475765079259872,0.0045437850058078766
CE16OV,2006-08-31,-0.0018701758235692978,-0.0014120251871645451,0.0012897234410047531,0.0041333390399813652,0.0046840091235935688
CE16OV,2006-09-30,-0.002170708030462265,-0.0016651666956022382,0.001072893850505352,0.0034358429256826639,0.003963015042245388
CE16OV,2006-10-31,-0.0023283392656594515,-0.0015797452069818974,0.0012005995959043503,0.0034823801834136248,0.004755393136292696
CE16OV,2006-11-30,-0.0021837225649505854,-0.0012752704787999392,0.0012484404724091291,0.0034246358554810286,0.0039133504033088684
CE16OV,2006-12-31,-0.0018457542173564434,-0.0012011786457151175,0.0012921567540615797,0.0034726683516055346,0.0039150053635239601
CE16OV,2007-01-31,-0.0020140595734119415,-0.0015954079572111368,0.0011856163619086146,0.0031018045265227556,0.0035683459136635065
CE16OV,2007-02-28,-0.0018829312175512314,-0.0012730888556689024,0.00086570478742942214,0.0026719165034592152,0.0038597786333411932
CE16OV,2007-03-31,-0.0020317102316766977,-0.0010315160034224391,0.0012189797125756741,0.0035391224082559347,0.0045153708197176456
CE16OV,2007-04-30,-0.0025268194731324911,-0.0019416173454374075,0.0017732208361849189,0.0042641363106667995,0.0050102183595299721
CES0600000007,2005-05-31,39.567790985107422,39.675880432128906,39.903900146484375,40.139656066894531,40.228706359863281
CES0600000007,2005-06-30,39.640682220458984,39.681491851806641,39.919963836669922,40.192329406738281,40.285503387451172
CES0600000007,2005-07-31,39.536663055419922,39.649261474609375,39.958747863769531,40.240493774414062,40.393165588378906
CES0600000007,2005-08-31,39.439971923828125,39.588943481445312,39.903373718261719,40.138095855712891,40.213726043701172
CES0600000007,2005-09-30,39.466682434082031,39.610980987548828,39.992507934570312,40.242259979248047,40.347343444824219
CES0600000007,2005-10-31,39.446071624755859,39.555377960205078,39.922687530517578,40.303787231445312,40.545619964599609
CES0600000007,2005-11-30,39.405162811279297,39.551280975341797,39.895011901855469,40.29583740234375,40.41900634765625
CES0600000007,2005-12-31,39.267017364501953,39.493900299072266,39.976955413818359,40.4224853515625,40.569808959960938
CES0600000007,2006-01-31,39.353309631347656,39.466396331787109,39.992790222167969,40.377960205078125,40.472061157226562
CES0600000007,2006-02-28,39.476722717285156,39.556449890136719,39.940925598144531,40.306877136230469,40.395145416259766
CES0600000007,2006-03-31,39.380912780761719,39.516647338867188,40.001785278320312,40.565261840820312,40.690746307373047
CES0600000007,2006-04-30,39.33673095703125,39.573696136474609,40.080581665039062,40.474418640136719,40.604812622070312
CES0600000007,2006-05-31,39.149623870849609,39.488410949707031,39.938995361328125,40.425704956054688,40.536617279052734
CES0600000007,2006-06-30,39.338237762451172,39.466300964355469,39.930473327636719,40.517822265625,40.968845367431641
CES0600000007,2006-07-31,39.364048004150391,39.483783721923828,40.041656494140625,40.471424102783203,40.558574676513672
CES0600000007,2006-08-31,39.25335693359375,39.46148681640625,40.003215789794922,40.616695404052734,40.829647064208984
CES0600000007,2006-09-30,39.332210540771484,39.513084411621094,39.997928619384766,40.4803466796875,40.707309722900391
CES0600000007,2006-10-31,39.460365295410156,39.630443572998047,40.013835906982422,40.59173583984375,40.888629913330078
CES0600000007,2006-11-30,39.149337768554688,39.374332427978516,39.998126983642578,40.521690368652344,40.809101104736328
CES0600000007,2006-12-31,39.300430297851562,39.454265594482422,40.067573547363281,40.674625396728516,40.770626068115234
CES0600000007,2007-01-31,39.253868103027344,39.5008544921875,40.067436218261719,40.775974273681641,41.212368011474609
CES0600000007,2007-02-28,39.209129333496094,39.488704681396484,39.981708526611328,40.712722778320312,40.927261352539062
CES0600000007,2007-03-31,39.148181915283203,39.513904571533203,39.956748962402344,40.557273864746094,40.822002410888672
CES0600000007,2007-04-30,39.13458251953125,39.484447479248047,40.043312072753906,40.573375701904297,40.779838562011719
CES0600000008,2005-05-31,-0.0040770089253783226,-0.0031087556853890419,-0.00041604696889407933,0.0023272959515452385,0.0038095812778919935
CES0600000008,2005-06-30,-0.0034617169294506311,-0.0029377732425928116,-0.00017679933807812631,0.0029132752679288387,0.0037695777136832476
CES0600000008,2005-07-31,-0.0043012159876525402,-0.0025733003858476877,-0.00013053152360953391,0.0029467332642525434,0.0034851976670324802
CES0600000008,2005-08-31,-0.0049037942662835121,-0.0036987240891903639,6.0761678469134495e-05,0.0029719795566052198,0.0037556516472250223
CES0600000008,2005-09-30,-0.0035079061053693295,-0.0030589674133807421,-0.00071734184166416526,0.0022876975126564503,0.0032286099158227444
CES0600000008,2005-10-31,-0.0033509158529341221,-0.0026476383209228516,0.00023539288667961955,0.0029905431438237429,0.0039407210424542427
CES0600000008,2005-11-30,-0.0051968689076602459,-0.0031669610179960728,0.00025080525665543973,0.0027763284742832184,0.0037294533103704453
CES0600000008,2005-12-31,-0.0033387960866093636,-0.0028859663289040327,-9.7817828645929694e-05,0.0032304162159562111,0.0051429467275738716
CES0600000008,2006-01-31,-0.0040060277096927166,-0.0031339011620730162,0.00040720560355111957,0.0033873305656015873,0.0043002031743526459
CES0600000008,2006-02-28,-0.0035879451315850019,-0.0028190093580633402,-0.00054726755479350686,0.0029420079663395882,0.003506119130179286
CES0600000008,2006-03-31,-0.0038380362093448639,-0.003370166989043355,-0.0003236378834117204,0.0023118150420486927,0.0034847413189709187
CES0600000008,2006-04-30,-0.0038017593324184418,-0.0027711340226233006,5.8607929531717673e-05,0.0032022693194448948,0.0037562528159469366
CES0600000008,2006-05-31,-0.0045300852507352829,-0.0031955947633832693,-0.0001896892354125157,0.0030915499664843082,0.0038811641279608011
CES0600000008,2006-06-30,-0.0047517870552837849,-0.0030483757145702839,-6.8427623773459345e-05,0.0032799688633531332,0.0037541151978075504
CES0600000008,2006-07-31,-0.0052826669998466969,-0.0036825183779001236,-0.0003129115211777389,0.0030652002897113562,0.0037325660232454538
CES0600000008,2006-08-31,-0.003793130861595273,-0.0021753329783678055,0.0001234927331097424,0.0033107313793152571,0.004074691329151392
CES0600000008,2006-09-30,-0.0040911422111093998,-0.0030743360985070467,-0.00029332772828638554,0.0024809096939861774,0.0026471782475709915
CES0600000008,2006-10-31,-0.0047153816558420658,-0.0036383620463311672,-0.00067480059806257486,0.0035499148070812225,0.004500390961766243
CES0600000008,2006-11-30,-0.0033454305958002806,-0.0025763805024325848,-0.00017833118909038603,0.0027360247913748026,0.0041429591365158558
CES0600000008,2006-12-31,-0.0030322717502713203,-0.0025724859442561865,0.00018633945728652179,0.0026269229128956795,0.0037447237409651279
CES0600000008,2007-01-31,-0.0041886428371071815,-0.0031722837593406439,-0.00014820831711404026,0.0027916764374822378,0.0033226776868104935
CES0600000008,2007-02-28,-0.0040954905562102795,-0.0034516933374106884,0.00010095551988342777,0.0034141652286052704,0.0040547614917159081
CES0600000008,2007-03-31,-0.0038120534736663103,-0.0028608660213649273,-0.00034922407940030098,0.0025436554569751024,0.0030730778817087412
CES0600000008,2007-04-30,-0.004767917562276125,-0.0039497264660894871,9.4215865829028189e-06,0.0029274981934577227,0.0035811294801533222
CES1021000001,2005-05-31,-0.010737382806837559,-0.0028970406856387854,0.0064424099400639534,0.015252317301928997,0.020931793376803398
CES1021000001,2005-06-30,-0.0048085171729326248,-0.0033361520618200302,0.005634235218167305,0.014863066375255585,0.019388012588024139
CES1021000001,2005-07-31,-0.0064547383226454258,-0.0037066128570586443,0.0053864903748035431,0.014004879631102085,0.015827618539333344
CES1021000001,2005-08-31,-0.0082556959241628647,-0.0054831928573548794,0.0050812242552638054,0.012886219657957554,0.015077135525643826
CES1021000001,2005-09-30,-0.0085080396384000778,-0.0047776638530194759,0.0059762466698884964,0.016139937564730644,0.022802788764238358
CES1021000001,2005-10-31,-0.0091237341985106468,-0.005176568403840065,0.0034843627363443375,0.01302033569663763,0.020786240696907043
CES1021000001,2005-11-30,-0.0095820268616080284,-0.0042069242335855961,0.0051430519670248032,0.014216355979442596,0.018307548016309738
CES1021000001,2005-12-31,-0.011072237975895405,-0.0084862420335412025,0.00088818382937461138,0.010076671838760376,0.016993287950754166
CES1021000001,2006-01-31,-0.011403786018490791,-0.0062610199674963951,0.001809776877053082,0.01226863544434309,0.017782401293516159
CES1021000001,2006-02-28,-0.015024927444756031,-0.0095861423760652542,0.00041840135236270726,0.012576457113027573,0.019610343500971794
CES1021000001,2006-03-31,-0.0093295397236943245,-0.0067415256053209305,0.002315436489880085,0.01382105890661478,0.017485259100794792
CES1021000001,2006-04-30,-0.011533703655004501,-0.0095440540462732315,0.00077050924301147461,0.010992364957928658,0.01587413065135479
CES1021000001,2006-05-31,-0.010797063820064068,-0.0060780537314713001,0.0012013197410851717,0.010786186903715134,0.016220608726143837
CES1021000001,2006-06-30,-0.010369046591222286,-0.0078739840537309647,0.0014686827780678868,0.01044085156172514,0.016802025958895683
CES1021000001,2006-07-31,-0.015511006116867065,-0.0082250526174902916,-7.0816531660966575e-05,0.011013109236955643,0.013032970018684864
CES1021000001,2006-08-31,-0.014221727848052979,-0.009345334954559803,8.1157806562259793e-05,0.0077857198193669319,0.011309879831969738
CES1021000001,2006-09-30,-0.015434958972036839,-0.0094489008188247681,0.001039416529238224,0.0096484897658228874,0.013571782968938351
CES1021000001,2006-10-31,-0.011670890264213085,-0.0074170874431729317,0.00010592411854304373,0.0095898546278476715,0.018717223778367043
CES1021000001,2006-11-30,-0.012536314316093922,-0.0080564916133880615,0.0016934443265199661,0.012063849717378616,0.016031235456466675
CES1021000001,2006-12-31,-0.0068442914634943008,-0.005705531220883131,0.0013233192730695009,0.0099234096705913544,0.016418673098087311
CES1021000001,2007-01-31,-0.011092538014054298,-0.0081586772575974464,0.00050058693159371614,0.009455239400267601,0.013777510263025761
CES1021000001,2007-02-28,-0.011874325573444366,-0.0069599519483745098,0.00038347221561707556,0.0091216862201690674,0.013389070518314838
CES1021000001,2007-03-31,-0.0093015851452946663,-0.0068778987042605877,-0.00036072751390747726,0.012178253382444382,0.015385940670967102
CES1021000001,2007-04-30,-0.0096986321732401848,-0.0087093925103545189,-0.00087981869000941515,0.0088991643860936165,0.014083684422075748
CES2000000008,2005-05-31,-0.0042834901250898838,-0.0031508463434875011,0.00069560942938551307,0.0048307082615792751,0.0062102805823087692
CES2000000008,2005-06-30,-0.0075638554990291595,-0.0055359830148518085,7.1065333031583577e-05,0.0040501127950847149,0.0051598683930933475
CES2000000008,2005-07-31,-0.0060442523099482059,-0.0044245924800634384,-0.00016050468548201025,0.0043978607282042503,0.0062308167107403278
CES2000000008,2005-08-31,-0.0056091374717652798,-0.0041906130500137806,4.2969328205799684e-05,0.0045661847107112408,0.0055882553569972515
CES2000000008,2005-09-30,-0.0050665782764554024,-0.0044455118477344513,-0.00014566068421117961,0.0035621826536953449,0.0059904870577156544
CES2000000008,2005-10-31,-0.007837710902094841,-0.0050898585468530655,8.5307845438364893e-05,0.003185709472745657,0.005265482235699892
CES2000000008,2005-11-30,-0.0067633283324539661,-0.0040437863208353519,0.00046201940858736634,0.0050334990955889225,0.0071506178937852383
CES2000000008,2005-12-31,-0.0068282522261142731,-0.0044832220301032066,-4.1935702029149979e-05,0.005011008121073246,0.0055177505128085613
CES2000000008,2006-01-31,-0.0065690474584698677,-0.0043826168403029442,0.00039752532029524446,0.0046584182418882847,0.0059252157807350159
CES2000000008,2006-02-28,-0.0069721355102956295,-0.0044743833132088184,0.00025621894747018814,0.0047545107081532478,0.0058277873322367668
CES2000000008,2006-03-31,-0.0050684353336691856,-0.0038057956844568253,-4.5049629989080131e-05,0.0045483489520847797,0.0059381211176514626
CES2000000008,2006-04-30,-0.005246743094176054,-0.0036252655554562807,0.00058555608848109841,0.0050393585115671158,0.0070133456028997898
CES2000000008,2006-05-31,-0.0060610994696617126,-0.004015541635453701,0.00031494541326537728,0.0050325323827564716,0.0062192841432988644
CES2000000008,2006-06-30,-0.0073322039097547531,-0.0048776920884847641,0.0003051373059861362,0.0042199748568236828,0.005789570976048708
CES2000000008,2006-07-31,-0.0066935303620994091,-0.0035934040788561106,0.00049080338794738054,0.0044470876455307007,0.0062303920276463032
CES2000000008,2006-08-31,-0.0081810075789690018,-0.0055605750530958176,0.00020689847588073462,0.004215986467897892,0.0069548594765365124
CES2000000008,2006-09-30,-0.0074396156705915928,-0.0046859676949679852,0.00020929842139594257,0.0044582672417163849,0.0067119365558028221
CES2000000008,2006-10-31,-0.005101171787828207,-0.00312184845097363,3.3166579669341445e-05,0.0044942265376448631,0.0057711880654096603
CES2000000008,2006-11-30,-0.0052188979461789131,-0.00429527647793293,0.00044782267650589347,0.0039017526432871819,0.0058158030733466148
CES2000000008,2006-12-31,-0.0057487585581839085,-0.0043898746371269226,-0.00039416097570210695,0.0042298762127757072,0.0051985862664878368
CES2000000008,2007-01-31,-0.006440943107008934,-0.0042581087909638882,1.0074923920910805e-05,0.0040042856708168983,0.0052251904271543026
CES2000000008,2007-02-28,-0.0063074128702282906,-0.0047519952058792114,-0.00021409077453427017,0.0045171827077865601,0.0052572437562048435
CES2000000008,2007-03-31,-0.0054217809811234474,-0.0032309496309608221,0.00072943628765642643,0.0053620887920260429,0.0078809000551700592
CES2000000008,2007-04-30,-0.0046863793395459652,-0.0037988508120179176,2.5264236683142371e-05,0.0043494817800819874,0.005344003438949585
CES3000000008,2005-05-31,-0.0029145947191864252,-0.0019670107867568731,0.00051649392116814852,0.0037615932524204254,0.0046799355186522007
CES3000000008,2005-06-30,-0.0035360467154532671,-0.0026429726276546717,-0.00029462773818522692,0.0027505075559020042,0.0030128022190183401
CES3000000008,2005-07-31,-0.0044362735934555531,-0.0034468695521354675,0.00021756788191851228,0.0035256943665444851,0.0049801873974502087
CES3000000008,2005-08-31,-0.0042582270689308643,-0.0032484147232025862,0.0001127978612203151,0.0033255259040743113,0.0040690177120268345
CES3000000008,2005-09-30,-0.004027951043099165,-0.0026493177283555269,3.7286896258592606e-05,0.002862926572561264,0.0040754671208560467
CES3000000008,2005-10-31,-0.0037663602270185947,-0.002942477585747838,0.00020412224694155157,0.0040371348150074482,0.005390689242631197
CES3000000008,2005-11-30,-0.0054080500267446041,-0.0037196557968854904,5.6752713135210797e-05,0.0031428851652890444,0.0038699484430253506
CES3000000008,2005-12-31,-0.003452058183029294,-0.0024889162741601467,0.00031347002368420362,0.0031522430945187807,0.0039312555454671383
CES3000000008,2006-01-31,-0.0042411056347191334,-0.0037038808222860098,9.4541959697380662e-05,0.0032763935159891844,0.0040685152634978294
CES3000000008,2006-02-28,-0.0040866853669285774,-0.0027601199690252542,-0.0001550509623484686,0.0036058833356946707,0.0042029423639178276
CES3000000008,2006-03-31,-0.0041280770674347878,-0.0031831937376409769,-2.3286967916646972e-05,0.0034165866672992706,0.0042423438280820847
CES3000000008,2006-04-30,-0.0054708491079509258,-0.0038168774917721748,-0.00018013271619565785,0.0031469129025936127,0.0041174395009875298
CES3000000008,2006-05-31,-0.0037147921975702047,-0.0024421238340437412,0.00023540880647487938,0.0028036038856953382,0.0035464281681925058
CES3000000008,2006-06-30,-0.0032221823930740356,-0.0023965351283550262,0.00014552121865563095,0.0029293422121554613,0.003405717434361577
CES3000000008,2006-07-31,-0.0040903682820498943,-0.0035007891710847616,-0.00058213819283992052,0.0030835256911814213,0.0042816777713596821
CES3000000008,2006-08-31,-0.0038837753236293793,-0.0027755978517234325,0.00056660798145458102,0.0034960445482283831,0.0043412693776190281
CES3000000008,2006-09-30,-0.0049835597164928913,-0.0035865688696503639,-0.00029571470804512501,0.0034536847379058599,0.0043848594650626183
CES3000000008,2006-10-31,-0.0047323275357484818,-0.0033382840920239687,-0.00015156956214923412,0.0031639558728784323,0.0039333365857601166
CES3000000008,2006-11-30,-0.0032543267589062452,-0.0025747900363057852,0.00029797677416354418,0.0032331044785678387,0.004328983835875988
CES3000000008,2006-12-31,-0.0046349624171853065,-0.0034534188453108072,0.00039518202538602054,0.0026874544564634562,0.0036031566560268402
CES3000000008,2007-01-31,-0.0028999692294746637,-0.0020617367699742317,0.0008096394594758749,0.003593189874663949,0.0043890136294066906
CES3000000008,2007-02-28,-0.0045137964189052582,-0.0036437506787478924,-1.1779171472880989e-05,0.0024388146121054888,0.0035461254883557558
CES3000000008,2007-03-31,-0.0049537774175405502,-0.0041509079746901989,-7.1740694693289697e-05,0.0022787817288190126,0.0043541709892451763
CES3000000008,2007-04-30,-0.0042874841019511223,-0.0028253754135221243,-8.1985126598738134e-05,0.003654066938906908,0.0046825814060866833
CLAIMSx,2005-05-31,-0.089380800724029541,-0.068407632410526276,-0.0128535320982337,0.038979757577180862,0.060785811394453049
CLAIMSx,2005-06-30,-0.06801922619342804,-0.055295757949352264,-3.0369905289262533e-05,0.057352490723133087,0.073354057967662811
CLAIMSx,2005-07-31,-0.069224640727043152,-0.048862364143133163,-0.0032067988067865372,0.054450884461402893,0.07003011554479599
CLAIMSx,2005-08-31,-0.066522136330604553,-0.05468451976776123,-0.0060106748715043068,0.045039840042591095,0.066702574491500854
CLAIMSx,2005-09-30,-0.075269371271133423,-0.054878182709217072,-0.013080466538667679,0.045997988432645798,0.07170414924621582
CLAIMSx,2005-10-31,-0.079018831253051758,-0.060349263250827789,-0.0048975758254528046,0.040601421147584915,0.058294709771871567
CLAIMSx,2005-11-30,-0.075999796390533447,-0.056324444711208344,-0.0040899491868913174,0.032784216105937958,0.044833187013864517
CLAIMSx,2005-12-31,-0.05770125612616539,-0.050446052104234695,-0.0071821864694356918,0.047844767570495605,0.066193319857120514
CLAIMSx,2006-01-31,-0.072206452488899231,-0.055669862776994705,-0.00047233165241777897,0.043603688478469849,0.04936116561293602
CLAIMSx,2006-02-28,-0.052527487277984619,-0.038395900279283524,0.0019361965823918581,0.056755151599645615,0.087975800037384033
CLAIMSx,2006-03-31,-0.068287305533885956,-0.04740992933511734,-0.0044977320358157158,0.047378972172737122,0.068414010107517242
CLAIMSx,2006-04-30,-0.062345147132873535,-0.053123723715543747,-0.0090971104800701141,0.045787286013364792,0.060307856649160385
CLAIMSx,2006-05-31,-0.051275245845317841,-0.038810953497886658,-0.0010638008825480938,0.052923906594514847,0.080941088497638702
CLAIMSx,2006-06-30,-0.065210610628128052,-0.056239660829305649,-0.0072307512164115906,0.038761038333177567,0.060745839029550552
CLAIMSx,2006-07-31,-0.058950271457433701,-0.050333574414253235,-0.0018794505158439279,0.035483192652463913,0.052024301141500473
CLAIMSx,2006-08-31,-0.068998813629150391,-0.055207245051860809,-0.0059581142850220203,0.038372069597244263,0.055801276117563248
CLAIMSx,2006-09-30,-0.067938335239887238,-0.053997036069631577,0.0014505811268463731,0.047529798001050949,0.070255696773529053
CLAIMSx,2006-10-31,-0.075272388756275177,-0.053501192480325699,-0.0020132544450461864,0.04665641114115715,0.066660985350608826
CLAIMSx,2006-11-30,-0.066861212253570557,-0.047716360539197922,-0.0086910361424088478,0.047859858721494675,0.061364110559225082
CLAIMSx,2006-12-31,-0.063108287751674652,-0.05476679652929306,-0.0023277928121387959,0.058064568787813187,0.073411427438259125
CLAIMSx,2007-01-31,-0.063929662108421326,-0.048303920775651932,-0.0050021782517433167,0.047972884029150009,0.070475302636623383
CLAIMSx,2007-02-28,-0.076682418584823608,-0.055889952927827835,-0.0067544560879468918,0.041137441992759705,0.054130502045154572
CLAIMSx,2007-03-31,-0.084682613611221313,-0.064839363098144531,-0.0074203284457325935,0.043088119477033615,0.058864183723926544
CLAIMSx,2007-04-30,-0.064148940145969391,-0.054069060832262039,-0.004680979996919632,0.040909726172685623,0.059993971139192581
CLF16OV,2005-05-31,-0.0016045183874666691,-0.00092965312069281936,0.00088957312982529402,0.0028939235489815474,0.0034298549871891737
CLF16OV,2005-06-30,-0.0017250804230570793,-0.0011722501367330551,0.00061103125335648656,0.0027048536576330662,0.0032329489476978779
CLF16OV,2005-07-31,-0.0014958268729969859,-0.00063315290026366711,0.0009138188324868679,0.0030607176013290882,0.0036087827757000923
CLF16OV,2005-08-31,-0.0017662810860201716,-0.0012650002026930451,0.00088822480756789446,0.003056251909583807,0.0039515676908195019
CLF16OV,2005-09-30,-0.0013833825942128897,-0.00091621332103386521,0.0010550512233749032,0.0031227616127580404,0.003643570002168417
CLF16OV,2005-10-31,-0.0012859103735536337,-0.00089057651348412037,0.00099397939629852772,0.0030132418032735586,0.0038013502489775419
CLF16OV,2005-11-30,-0.00093810906400904059,-0.00061027408810332417,0.0011063544079661369,0.003075258107855916,0.0034700997639447451
CLF16OV,2005-12-31,-0.0013465932570397854,-0.0011681013274937868,0.00078262441093102098,0.002985676284879446,0.0032566881272941828
CLF16OV,2006-01-31,-0.0026002631057053804,-0.0011438234942033887,0.0008374293684028089,0.002757510868832469,0.0031614741310477257
CLF16OV,2006-02-28,-0.0017231814563274384,-0.00095929129747673869,0.0011033574119210243,0.0030336624477058649,0.0032907535787671804
CLF16OV,2006-03-31,-0.0014933218481019139,-0.0012296350905671716,0.0010883893119171262,0.0025786615442484617,0.0028981775976717472
CLF16OV,2006-04-30,-0.0021387091837823391,-0.0014519625110551715,0.00090557261137291789,0.0030248106922954321,0.003619504626840353
CLF16OV,2006-05-31,-0.0017981646815314889,-0.0012688125716522336,0.0010530331637710333,0.0030103004537522793,0.0036577016580849886
CLF16OV,2006-06-30,-0.0013883959036320448,-0.0010396527359262109,0.0010488675907254219,0.0028226745780557394,0.0030129204969853163
CLF16OV,2006-07-31,-0.0014926887815818191,-0.0010463201906532049,0.00086957437451928854,0.0028728663455694914,0.004015621729195118
CLF16OV,2006-08-31,-0.0023631835356354713,-0.0019252867205068469,0.00057781691430136561,0.0026412608567625284,0.0034398338757455349
CLF16OV,2006-09-30,-0.0018520870944485068,-0.0013859610771760345,0.001000374904833734,0.0029985324945300817,0.0038259604480117559
CLF16OV,2006-10-31,-0.0015395589871332049,-0.0008883373811841011,0.0012490460649132729,0.003228368004783988,0.0038924994878470898
CLF16OV,2006-11-30,-0.0021481052972376347,-0.0016739927232265472,0.00086584739619866014,0.0029729462694376707,0.0039176875725388527
CLF16OV,2006-12-31,-0.0014328741235658526,-0.00099996046628803015,0.0011067233281210065,0.0036318011116236448,0.0041801757179200649
CLF16OV,2007-01-31,-0.0020078788511455059,-0.0010847356170415878,0.0012680639047175646,0.0034166169352829456,0.0039984574541449547
CLF16OV,2007-02-28,-0.001787886954843998,-0.0013671832857653499,0.0011636696290224791,0.0028683899436146021,0.0030595231801271439
CLF16OV,2007-03-31,-0.0018015027744695544,-0.0009751560864970088,0.0010229977779090405,0.0031559006310999393,0.0038028871640563011
CLF16OV,2007-04-30,-0.001867727842181921,-0.0010966288391500711,0.00074845569906756282,0.0028461739420890808,0.003397609107196331
CMRMTSPLx,2005-05-31,-0.013092158362269402,-0.0098094334825873375,0.00038080173544585705,0.0087434202432632446,0.012072103098034859
CMRMTSPLx,2005-06-30,-0.0084761874750256538,-0.0054916813969612122,0.0042038736864924431,0.012656664475798607,0.015281369909644127
CMRMTSPLx,2005-07-31,-0.010910260491073132,-0.0068286359310150146,0.0013839895837008953,0.0094250282272696495,0.014428901486098766
CMRMTSPLx,2005-08-31,-0.009005427360534668,-0.006814117543399334,0.0029505121055990458,0.01122090220451355,0.01454449724406004
CMRMTSPLx,2005-09-30,-0.01091388426721096,-0.0084002427756786346,0.0022620805539190769,0.013823602348566055,0.015752339735627174
CMRMTSPLx,2005-10-31,-0.0089137768372893333,-0.0065321763977408409,0.0020134309306740761,0.013103998266160488,0.015084142796695232
CMRMTSPLx,2005-11-30,-0.011595001444220543,-0.0077530285343527794,0.0027752467431128025,0.013296911492943764,0.015140841715037823
CMRMTSPLx,2005-12-31,-0.0080833407118916512,-0.0058926763013005257,0.0015774678904563189,0.012023876421153545,0.016092792153358459
CMRMTSPLx,2006-01-31,-0.0085931913927197456,-0.0062781637534499168,0.0025964020751416683,0.011875360272824764,0.014352747239172459
CMRMTSPLx,2006-02-28,-0.010736408643424511,-0.0086884424090385437,0.0016038953326642513,0.011351590044796467,0.013649904169142246
CMRMTSPLx,2006-03-31,-0.0084750643000006676,-0.0064731389284133911,0.0038277560379356146,0.012373789213597775,0.014984456822276115
CMRMTSPLx,2006-04-30,-0.0075406748801469803,-0.0055905990302562714,0.0026579741388559341,0.011890139430761337,0.014435443095862865
CMRMTSPLx,2006-05-31,-0.0087936073541641235,-0.0050046332180500031,0.0046660946682095528,0.01309678703546524,0.017248500138521194
CMRMTSPLx,2006-06-30,-0.0092980777844786644,-0.0067962068133056164,0.00087148300372064114,0.011272678151726723,0.014683296903967857
CMRMTSPLx,2006-07-31,-0.0088301282376050949,-0.0065374099649488926,0.00081126636359840631,0.011599821969866753,0.01401959266513586
CMRMTSPLx,2006-08-31,-0.012177633121609688,-0.0069053340703248978,0.0043573025614023209,0.015789633616805077,0.017413105815649033
CMRMTSPLx,2006-09-30,-0.01029500924050808,-0.0073130158707499504,0.0025749984197318554,0.011318404227495193,0.013016383163630962
CMRMTSPLx,2006-10-31,-0.011559016071259975,-0.006323487963527441,0.0030906288884580135,0.012268150225281715,0.01540816854685545
CMRMTSPLx,2006-11-30,-0.011651873588562012,-0.0068116914480924606,0.0030066762119531631,0.012759478762745857,0.01622367650270462
CMRMTSPLx,2006-12-31,-0.011242751963436604,-0.0076179774478077888,0.0033901305869221687,0.013206493109464645,0.01472349651157856
CMRMTSPLx,2007-01-31,-0.007817855104804039,-0.006315465085208416,0.0020706821233034134,0.013049314729869366,0.016072932630777359
CMRMTSPLx,2007-02-28,-0.0096594821661710739,-0.006825767457485199,0.0034666857682168484,0.015023194253444672,0.019279327243566513
CMRMTSPLx,2007-03-31,-0.010957738384604454,-0.0071258768439292908,0.0032441730145365,0.013406853191554546,0.015570099465548992
CMRMTSPLx,2007-04-30,-0.0099531635642051697,-0.0068860622122883797,0.0033008423633873463,0.012255667708814144,0.014070030301809311
COMPAPFFx,2005-05-31,0.071640588343143463,0.10268865525722504,0.22166518867015839,0.32956847548484802,0.36795738339424133
COMPAPFFx,2005-06-30,0.012328589335083961,0.056070595979690552,0.21635168790817261,0.34489172697067261,0.37939509749412537
COMPAPFFx,2005-07-31,0.019587015733122826,0.067078471183776855,0.22526061534881592,0.37722021341323853,0.46676784753799438
COMPAPFFx,2005-08-31,-0.003284144215285778,0.052274309098720551,0.23888084292411804,0.41955757141113281,0.47326129674911499
COMPAPFFx,2005-09-30,-0.070020265877246857,0.014647678472101688,0.17415013909339905,0.36334714293479919,0.42694026231765747
COMPAPFFx,2005-10-31,-0.057795006781816483,0.030630623921751976,0.20134252309799194,0.41190546751022339,0.58801233768463135
COMPAPFFx,2005-11-30,-0.032716132700443268,0.031134597957134247,0.2452264279127121,0.42815142869949341,0.53706413507461548
COMPAPFFx,2005-12-31,2.1440122509375215e-05,0.092500016093254089,0.26655936241149902,0.52265971899032593,0.62307274341583252
COMPAPFFx,2006-01-31,-0.25822228193283081,-0.049039687961339951,0.1760823130607605,0.36601060628890991,0.42223712801933289
COMPAPFFx,2006-02-28,-0.25460422039031982,-0.12904264032840729,0.15973460674285889,0.3832184374332428,0.45664355158805847
COMPAPFFx,2006-03-31,-0.16625078022480011,-0.085563942790031433,0.19341707229614258,0.45716068148612976,0.64870297908782959
COMPAPFFx,2006-04-30,-0.20133002102375031,-0.066644720733165741,0.18277284502983093,0.41668295860290527,0.54280006885528564
COMPAPFFx,2006-05-31,-0.14875747263431549,-0.032263152301311493,0.20432068407535553,0.51557236909866333,0.58639168739318848
COMPAPFFx,2006-06-30,-0.18101079761981964,-0.07546011358499527,0.2122308611869812,0.47691342234611511,0.64657574892044067
COMPAPFFx,2006-07-31,-0.2425292581319809,-0.1329902857542038,0.16886717081069946,0.53067821264266968,0.64877820014953613
COMPAPFFx,2006-08-31,-0.30505469441413879,-0.14751420915126801,0.18321433663368225,0.50227963924407959,0.64760088920593262
COMPAPFFx,2006-09-30,-0.3206540048122406,-0.24044822156429291,0.13552609086036682,0.47074195742607117,0.58607381582260132
COMPAPFFx,2006-10-31,-0.24325847625732422,-0.12378794699907303,0.18103168904781342,0.60311609506607056,0.71705424785614014
COMPAPFFx,2006-11-30,-0.19416351616382599,-0.064067915081977844,0.16249994933605194,0.39332234859466553,0.56129848957061768
COMPAPFFx,2006-12-31,-0.27298974990844727,-0.030781833454966545,0.27093654870986938,0.5189400315284729,0.6670108437538147
COMPAPFFx,2007-01-31,-0.26645573973655701,-0.11219245195388794,0.20411059260368347,0.52465075254440308,0.72810137271881104
COMPAPFFx,2007-02-28,-0.42398452758789062,-0.15599259734153748,0.16158191859722137,0.43254244327545166,0.51550978422164917
COMPAPFFx,2007-03-31,-0.3174586296081543,-0.16409356892108917,0.16997696459293365,0.55043685436248779,0.6291433572769165
COMPAPFFx,2007-04-30,-0.36372596025466919,-0.10226922482252121,0.20019277930259705,0.67097532749176025,0.84241116046905518
CONSPI,2005-05-31,-1.2040503025054932,-0.86586129665374756,-0.018298931419849396,0.75319111347198486,0.96733516454696655
CONSPI,2005-06-30,-1.4817501306533813,-0.9399682879447937,0.0026093297637999058,0.72912997007369995,0.89497917890548706
CONSPI,2005-07-31,-1.0962376594543457,-0.71987789869308472,0.08010806143283844,1.1069669723510742,1.3555908203125
CONSPI,2005-08-31,-0.73385143280029297,-0.49918660521507263,0.20169702172279358,0.960612952709198,1.2458038330078125
CONSPI,2005-09-30,-1.4219133853912354,-0.88203251361846924,0.089668586850166321,0.97812545299530029,1.3238894939422607
CONSPI,2005-10-31,-0.81774628162384033,-0.69328713417053223,0.045149900019168854,0.97815263271331787,1.470788836479187
CONSPI,2005-11-30,-0.73800641298294067,-0.46510323882102966,0.20284897089004517,0.99765640497207642,1.2713459730148315
CONSPI,2005-12-31,-0.66517174243927002,-0.49777784943580627,0.22060677409172058,0.92346692085266113,1.1551907062530518
CONSPI,2006-01-31,-1.2319779396057129,-0.74488270282745361,0.13907572627067566,1.0756137371063232,1.4533965587615967
CONSPI,2006-02-28,-1.0530573129653931,-0.76776307821273804,0.17317770421504974,1.3151769638061523,1.5853625535964966
CONSPI,2006-03-31,-1.4156702756881714,-1.0221148729324341,0.020250877365469933,0.93885511159896851,1.2153352499008179
CONSPI,2006-04-30,-1.3342299461364746,-0.81160402297973633,0.11304360628128052,1.3357162475585938,1.6248017549514771
CONSPI,2006-05-31,-0.89136326313018799,-0.5908241868019104,0.15960231423377991,1.0217103958129883,1.230893611907959
CONSPI,2006-06-30,-1.3735301494598389,-0.95472806692123413,0.094227150082588196,1.0133310556411743,1.3568676710128784
CONSPI,2006-07-31,-1.3906623125076294,-0.89480412006378174,0.18073470890522003,1.1878300905227661,1.6884399652481079
CONSPI,2006-08-31,-1.3500673770904541,-0.8847956657409668,0.10292529314756393,1.0090506076812744,1.1765424013137817
CONSPI,2006-09-30,-1.1410888433456421,-0.75714027881622314,0.044467367231845856,1.4209433794021606,1.814502477645874
CONSPI,2006-10-31,-1.1457555294036865,-0.92561131715774536,0.19544109702110291,1.4287232160568237,1.7002925872802734
CONSPI,2006-11-30,-1.2797497510910034,-0.88762176036834717,0.13822171092033386,1.1016935110092163,1.3084336519241333
CONSPI,2006-12-31,-1.6384272575378418,-1.2158845663070679,0.20674793422222137,1.185164213180542,1.4281133413314819
CONSPI,2007-01-31,-1.1818729639053345,-0.9146999716758728,0.048304274678230286,1.2900644540786743,1.3780813217163086
CONSPI,2007-02-28,-0.93127930164337158,-0.60611581802368164,0.27084136009216309,1.2733503580093384,1.4808719158172607
CONSPI,2007-03-31,-1.706764817237854,-0.96108454465866089,0.12164187431335449,1.2956032752990723,1.6649332046508789
CONSPI,2007-04-30,-1.3031589984893799,-0.87398016452789307,0.17426152527332306,1.2761803865432739,1.8905584812164307
CP3Mx,2005-05-31,-0.093970954418182373,-0.02523205429315567,0.13097274303436279,0.26700428128242493,0.31915226578712463
CP3Mx,2005-06-30,-0.074723541736602783,-0.026819802820682526,0.11836282908916473,0.3200736939907074,0.33976653218269348
CP3Mx,2005-07-31,-0.19366608560085297,-0.075166136026382446,0.10868008434772491,0.25424140691757202,0.33386719226837158
CP3Mx,2005-08-31,-0.1379358321428299,-0.0831756591796875,0.089458517730236053,0.33632835745811462,0.38278132677078247
CP3Mx,2005-09-30,-0.15167996287345886,-0.080119021236896515,0.098631761968135834,0.35109475255012512,0.39306771755218506
CP3Mx,2005-10-31,-0.23896229267120361,-0.17291449010372162,0.069053888320922852,0.29818883538246155,0.42287835478782654
CP3Mx,2005-11-30,-0.2629675567150116,-0.13430477678775787,0.10018185526132584,0.24328917264938354,0.31973665952682495
CP3Mx,2005-12-31,-0.17636175453662872,-0.12105616182088852,0.10518650710582733,0.33782109618186951,0.40971490740776062
CP3Mx,2006-01-31,-0.30731785297393799,-0.2111433744430542,0.037871375679969788,0.28403505682945251,0.42120817303657532
CP3Mx,2006-02-28,-0.36527737975120544,-0.21060685813426971,0.051123552024364471,0.29370647668838501,0.43590262532234192
CP3Mx,2006-03-31,-0.27435386180877686,-0.16332870721817017,0.049761198461055756,0.28782039880752563,0.37285277247428894
CP3Mx,2006-04-30,-0.3044075071811676,-0.20086975395679474,0.068240389227867126,0.32910612225532532,0.39070668816566467
CP3Mx,2006-05-31,-0.34050911664962769,-0.20020155608654022,0.09728512167930603,0.38411226868629456,0.51705306768417358
CP3Mx,2006-06-30,-0.19311341643333435,-0.12020225822925568,0.091143593192100525,0.32331091165542603,0.45288202166557312
CP3Mx,2006-07-31,-0.44621586799621582,-0.23967298865318298,0.068900704383850098,0.36050119996070862,0.4547690749168396
CP3Mx,2006-08-31,-0.37682870030403137,-0.21349716186523438,0.055264055728912354,0.34987583756446838,0.42320558428764343
CP3Mx,2006-09-30,-0.20375740528106689,-0.14364719390869141,0.060267962515354156,0.27086639404296875,0.37069234251976013
CP3Mx,2006-10-31,-0.37508201599121094,-0.2335527241230011,0.056349985301494598,0.31745535135269165,0.49202314019203186
CP3Mx,2006-11-30,-0.34391322731971741,-0.25967547297477722,0.029604226350784302,0.32513904571533203,0.41589891910552979
CP3Mx,2006-12-31,-0.3443756103515625,-0.21915227174758911,0.03857700526714325,0.30278956890106201,0.35583406686782837
CP3Mx,2007-01-31,-0.32376965880393982,-0.19691780209541321,0.038197673857212067,0.34508448839187622,0.45345014333724976
CP3Mx,2007-02-28,-0.35240486264228821,-0.21631094813346863,0.061662755906581879,0.34614160656929016,0.41640225052833557
CP3Mx,2007-03-31,-0.30557131767272949,-0.22859726846218109,0.065332785248756409,0.36291638016700745,0.49475952982902527
CP3Mx,2007-04-30,-0.34033095836639404,-0.25536808371543884,0.052275467664003372,0.42981737852096558,0.58788174390792847
CPIAPPSL,2005-05-31,-0.0044262520968914032,-0.0022526385728269815,0.0036715026944875717,0.0084280278533697128,0.0094874957576394081
CPIAPPSL,2005-06-30,-0.0089198518544435501,-0.0078010265715420246,0.0010623058769851923,0.0067762481048703194,0.0084139350801706314
CPIAPPSL,2005-07-31,-0.0093928351998329163,-0.0076385433785617352,-0.0018377995584160089,0.0064652631990611553,0.007380377035588026
CPIAPPSL,2005-08-31,-0.0079025542363524437,-0.0062517975457012653,0.00091755727771669626,0.0089203566312789917,0.011210542172193527
CPIAPPSL,2005-09-30,-0.0094504924491047859,-0.0084333745762705803,-0.0010557800997048616,0.0079687349498271942,0.0092407520860433578
CPIAPPSL,2005-10-31,-0.0078790700063109398,-0.0063660899177193642,-0.0007922546355985105,0.007718229666352272,0.009760761633515358
CPIAPPSL,2005-11-30,-0.0099337231367826462,-0.0084047811105847359,0.0001651559432502836,0.0066405786201357841,0.007321598008275032
CPIAPPSL,2005-12-31,-0.012065203860402107,-0.0098066059872508049,0.00018223351798951626,0.0074549699202179909,0.0098665505647659302
CPIAPPSL,2006-01-31,-0.0087847393006086349,-0.0074146175757050514,0.00041038246126845479,0.0079046674072742462,0.0091970451176166534
CPIAPPSL,2006-02-28,-0.0094216875731945038,-0.0081277592107653618,-0.00091230310499668121,0.0061146756634116173,0.0084293587133288383
CPIAPPSL,2006-03-31,-0.008030792698264122,-0.006438134703785181,0.00022838568838778883,0.0080085908994078636,0.010102678090333939
CPIAPPSL,2006-04-30,-0.009294574148952961,-0.0079542165622115135,-0.0021747066639363766,0.0063701462931931019,0.0083891469985246658
CPIAPPSL,2006-05-31,-0.0093663847073912621,-0.007852090522646904,0.00067419558763504028,0.0075388015247881413,0.0092486105859279633
CPIAPPSL,2006-06-30,-0.011500670574605465,-0.0091436095535755157,0.00041611451888456941,0.0067127090878784657,0.0076254764571785927
CPIAPPSL,2006-07-31,-0.0089544849470257759,-0.0077918004244565964,-0.00026703428011387587,0.007906867191195488,0.009533194825053215
CPIAPPSL,2006-08-31,-0.009954819455742836,-0.0081603862345218658,-0.00061672966694459319,0.0060047870501875877,0.0085899950936436653
CPIAPPSL,2006-09-30,-0.0091326087713241577,-0.0072821727953851223,-9.2050118837505579e-05,0.0083380443975329399,0.010824811644852161
CPIAPPSL,2006-10-31,-0.0080388784408569336,-0.0056669176556169987,-0.00025186291895806789,0.007682399358600378,0.01047010812908411
CPIAPPSL,2006-11-30,-0.010927191935479641,-0.0070283873938024044,0.00023780555056873709,0.0063164453022181988,0.0086717391386628151
CPIAPPSL,2006-12-31,-0.0088649634271860123,-0.0070246169343590736,0.00034208458964712918,0.0075903791002929211,0.0090104704722762108
CPIAPPSL,2007-01-31,-0.0097372066229581833,-0.0079805096611380577,-0.00047805235954001546,0.0081352163106203079,0.0098523059859871864
CPIAPPSL,2007-02-28,-0.0094740735366940498,-0.0070491563528776169,-0.00018812352209351957,0.0066156149841845036,0.0079108038917183876
CPIAPPSL,2007-03-31,-0.010904431343078613,-0.008465498685836792,-0.00080667703878134489,0.0057934094220399857,0.006700505968183279
CPIAPPSL,2007-04-30,-0.0092307776212692261,-0.0074698477983474731,-0.0008959511760622263,0.0061469729989767075,0.0089938631281256676
CPIAUCSL,2005-05-31,-0.00012179707846371457,0.00041588983731344342,0.0021217567846179008,0.0041593341156840324,0.0045982701703906059
CPIAUCSL,2005-06-30,-0.00086405698675662279,0.0002587305789347738,0.0026347506791353226,0.0048179617151618004,0.0054118768312036991
CPIAUCSL,2005-07-31,-0.00058358488604426384,0.00011182411253685132,0.0025682300329208374,0.004473087377846241,0.0050145834684371948
CPIAUCSL,2005-08-31,-0.00032779245520941913,0.00036996134440414608,0.0022048009559512138,0.0047819321043789387,0.0055552101694047451
CPIAUCSL,2005-09-30,0.00022040192561689764,0.00077491102274507284,0.0024843420833349228,0.0044392365962266922,0.0048888218589127064
CPIAUCSL,2005-10-31,-1.1498855201352853e-05,0.0009044562466442585,0.002661173464730382,0.004594417754560709,0.0049199964851140976
CPIAUCSL,2005-11-30,0.00012474977120291442,0.00070366996806114912,0.0023894603364169598,0.0049210861325263977,0.0058743329718708992
CPIAUCSL,2005-12-31,-0.00026383830117993057,0.00035800004843622446,0.0022963173687458038,0.0040948353707790375,0.0047468226402997971
CPIAUCSL,2006-01-31,0.00019012333359569311,0.0010506935650482774,0.002750949002802372,0.0047963378019630909,0.0055373855866491795
CPIAUCSL,2006-02-28,1.0565233878878644e-06,0.00062660151161253452,0.0024365419521927834,0.0041840844787657261,0.0045313253067433834
CPIAUCSL,2006-03-31,-0.00047674350207671523,0.00016802037134766579,0.0021932697854936123,0.0044945888221263885,0.0050608362071216106
CPIAUCSL,2006-04-30,-0.00023770147527102381,0.000327291403664276,0.0023448790889233351,0.0041846102103590965,0.0050474503077566624
CPIAUCSL,2006-05-31,-0.00023857157793827355,0.00043600858771242201,0.0026759516913443804,0.0044597568921744823,0.0049124979414045811
CPIAUCSL,2006-06-30,-0.00019596770289354026,3.0910872737877071e-05,0.0020800873171538115,0.0045277569442987442,0.0054734209552407265
CPIAUCSL,2006-07-31,-0.00084680609870702028,0.00039984897011891007,0.002747200895100832,0.0048132771626114845,0.0053146975114941597
CPIAUCSL,2006-08-31,-0.00084409420378506184,-6.9000983785372227e-05,0.0023390650749206543,0.0044813696295022964,0.0053643793798983097
CPIAUCSL,2006-09-30,-0.00062916433671489358,-8.9688117441255599e-05,0.002348798792809248,0.0043657459318637848,0.0049623362720012665
CPIAUCSL,2006-10-31,-0.00025100359926000237,0.00025517633184790611,0.0023643309250473976,0.004872902762144804,0.0054824706166982651
CPIAUCSL,2006-11-30,-0.001010121195577085,0.00015704045654274523,0.0023563189897686243,0.0048288288526237011,0.0055323089472949505
CPIAUCSL,2006-12-31,-0.0005638758884742856,-7.9820893006399274e-05,0.002438368508592248,0.0045211203396320343,0.0049851010553538799
CPIAUCSL,2007-01-31,-0.00060578389093279839,-6.6957682065549307e-06,0.0026848707348108292,0.0049948124215006828,0.0054358378984034061
CPIAUCSL,2007-02-28,-0.00024612309061922133,0.00011286672815913334,0.0024066693149507046,0.004702860489487648,0.0052000232972204685
CPIAUCSL,2007-03-31,-0.00056866009254008532,5.5343903113680426e-06,0.0024903099983930588,0.0045917872339487076,0.005613663699477911
CPIAUCSL,2007-04-30,-0.00040144397644326091,9.5816809334792197e-05,0.0022636586800217628,0.0046097161248326302,0.0053562736138701439
CPIMEDSL,2005-05-31,-0.0017689722590148449,-0.0013119326904416084,-6.4705956901889294e-05,0.0015035119140520692,0.0019990059081465006
CPIMEDSL,2005-06-30,-0.001695074955932796,-0.0014030986931174994,-3.7750774026790168e-06,0.0012513594701886177,0.0015736003406345844
CPIMEDSL,2005-07-31,-0.0016873715212568641,-0.0010922659421339631,0.0002432232431601733,0.0014754688600078225,0.0019721987191587687
CPIMEDSL,2005-08-31,-0.0022703181020915508,-0.0017691691173240542,-1.3277573088998906e-05,0.0017567501636222005,0.0021397944074124098
CPIMEDSL,2005-09-30,-0.0022826502099633217,-0.0018119309097528458,-0.00016230900655500591,0.0016307354671880603,0.0017065861029550433
CPIMEDSL,2005-10-31,-0.0016737201949581504,-0.0012735649943351746,-6.6628723288886249e-05,0.0015462921001017094,0.0018564591882750392
CPIMEDSL,2005-11-30,-0.0022558940108865499,-0.0016949984710663557,-0.00015976607392076403,0.0015052352100610733,0.0020030117593705654
CPIMEDSL,2005-12-31,-0.0023289618548005819,-0.0017460709204897285,-0.00011963403085246682,0.0015490790829062462,0.0017993692308664322
CPIMEDSL,2006-01-31,-0.0018177671590819955,-0.0015264116227626801,0.00018005436868406832,0.0016957256011664867,0.0020933584310114384
CPIMEDSL,2006-02-28,-0.0019776700064539909,-0.001725449226796627,0.00011232810356887057,0.0018846412422135472,0.0022370018996298313
CPIMEDSL,2006-03-31,-0.0023881872184574604,-0.0015604374930262566,-0.00011735360749298707,0.001837255316786468,0.0022256858646869659
CPIMEDSL,2006-04-30,-0.0019724136218428612,-0.0015919916331768036,-7.0879432314541191e-05,0.0015189069090411067,0.0018192287534475327
CPIMEDSL,2006-05-31,-0.0020124921575188637,-0.0013674445217475295,9.1341891675256193e-05,0.0015596874291077256,0.0018230044515803456
CPIMEDSL,2006-06-30,-0.0020323498174548149,-0.001822534017264843,7.2852642915677279e-05,0.0015310492599382997,0.0019535399042069912
CPIMEDSL,2006-07-31,-0.0021113278344273567,-0.0019170996965840459,-6.2263163272291422e-05,0.0014356791507452726,0.0019478792091831565
CPIMEDSL,2006-08-31,-0.0021556040737777948,-0.0015405737794935703,-6.4981149989762343e-06,0.0016697457758709788,0.0021233959123492241
CPIMEDSL,2006-09-30,-0.0021269854623824358,-0.0015043171588331461,0.00015253297169692814,0.0018355184001848102,0.0027276682667434216
CPIMEDSL,2006-10-31,-0.0021169062238186598,-0.0016789118526503444,0.00025747145991772413,0.0017018242506310344,0.002031874842941761
CPIMEDSL,2006-11-30,-0.0018621725030243397,-0.0014178331475704908,7.955014007166028e-05,0.0019542509689927101,0.0022825524210929871
CPIMEDSL,2006-12-31,-0.0019521547947078943,-0.0013983682729303837,6.2896528106648475e-05,0.0013272477081045508,0.002061542822048068
CPIMEDSL,2007-01-31,-0.0025449790991842747,-0.0017788725672289729,-3.2437081245006993e-05,0.0017611074727028608,0.0022966328542679548
CPIMEDSL,2007-02-28,-0.0021149504464119673,-0.0017126030288636684,0.00014857586938887835,0.0014596363762393594,0.0018813208444043994
CPIMEDSL,2007-03-31,-0.0021437651012092829,-0.0017209290526807308,-0.00019271994824521244,0.0014479832025244832,0.0016244082944467664
CPIMEDSL,2007-04-30,-0.0021778717637062073,-0.0015829631593078375,-7.9101359006017447e-05,0.0019659691024571657,0.0023835718166083097
CPITRNSL,2005-05-31,-0.026360560208559036,-0.020175250247120857,-0.0058159129694104195,0.0066417981870472431,0.010393981821835041
CPITRNSL,2005-06-30,-0.021471081301569939,-0.01805378682911396,-0.005418325774371624,0.011936042457818985,0.017962155863642693
CPITRNSL,2005-07-31,-0.012395035475492477,-0.0089249992743134499,0.0078783184289932251,0.024260807782411575,0.031972330063581467
CPITRNSL,2005-08-31,-0.013714494183659554,-0.0095749245956540108,0.0031465084757655859,0.017700377851724625,0.021679036319255829
CPITRNSL,2005-09-30,-0.022730151191353798,-0.017010649666190147,0.0015402700519189239,0.019218048080801964,0.023623233661055565
CPITRNSL,2005-10-31,-0.026447735726833344,-0.021778594702482224,-0.00645401980727911,0.0099923638626933098,0.015815826132893562
CPITRNSL,2005-11-30,-0.021968675777316093,-0.01718604564666748,-0.0031593488529324532,0.0090519627556204796,0.01364477351307869
CPITRNSL,2005-12-31,-0.01552730705589056,-0.012533064931631088,3.8018140912754461e-05,0.01807006448507309,0.021722126752138138
CPITRNSL,2006-01-31,-0.01722276397049427,-0.015319908037781715,0.00090788782108575106,0.015149794518947601,0.018979843705892563
CPITRNSL,2006-02-28,-0.021273007616400719,-0.016233673319220543,-0.0018923149909824133,0.013507229276001453,0.017973924055695534
CPITRNSL,2006-03-31,-0.025294430553913116,-0.019028395414352417,-0.0019967167172580957,0.013717601075768471,0.019496727734804153
CPITRNSL,2006-04-30,-0.021642541512846947,-0.017164185643196106,-0.0028673352207988501,0.0070785372518002987,0.011107055470347404
CPITRNSL,2006-05-31,-0.018313398584723473,-0.014598874375224113,0.0020119892433285713,0.014476285316050053,0.01875428669154644
CPITRNSL,2006-06-30,-0.018269574269652367,-0.013095708563923836,0.0017551166238263249,0.015373813919723034,0.021241215988993645
CPITRNSL,2006-07-31,-0.01955273374915123,-0.014944636262953281,0.00013590593880508095,0.016887679696083069,0.023227646946907043
CPITRNSL,2006-08-31,-0.025305606424808502,-0.019290696829557419,-0.0028500421904027462,0.01167495921254158,0.018154086545109749
CPITRNSL,2006-09-30,-0.01962018758058548,-0.015703523531556129,-0.0036958782002329826,0.013977090828120708,0.017640326172113419
CPITRNSL,2006-10-31,-0.019622132182121277,-0.016325103119015694,-0.0014328751713037491,0.015865398570895195,0.020321032032370567
CPITRNSL,2006-11-30,-0.01399699691683054,-0.0098277013748884201,0.0039189755916595459,0.019123371690511703,0.022225204855203629
CPITRNSL,2006-12-31,-0.021931882947683334,-0.016065564006567001,-0.0045393100008368492,0.013090434484183788,0.01794210821390152
CPITRNSL,2007-01-31,-0.020309390500187874,-0.016370570287108421,-0.001755656092427671,0.014707985334098339,0.018776705488562584
CPITRNSL,2007-02-28,-0.021479640156030655,-0.017082704231142998,-0.0013067865511402488,0.013337871991097927,0.016791410744190216
CPITRNSL,2007-03-31,-0.020748190581798553,-0.01684771291911602,-0.00013001442130189389,0.017067138105630875,0.019985496997833252
CPITRNSL,2007-04-30,-0.015080510638654232,-0.012941346503794193,0.004093752708286047,0.015075127594172955,0.020983550697565079
CPIULFSL,2005-05-31,-0.00330963428132236,-0.0028699638787657022,-0.00057980493875220418,0.0020133531652390957,0.0026859885547310114
CPIULFSL,2005-06-30,-0.0032130086328834295,-0.0025020369794219732,-0.0001634741056477651,0.002405812731012702,0.0033008798491209745
CPIULFSL,2005-07-31,-0.003133345628157258,-0.0026902249082922935,-1.7855885744211264e-05,0.0028850720264017582,0.0034580291248857975
CPIULFSL,2005-08-31,-0.0040532872080802917,-0.0029047972057014704,-2.6135854568565264e-05,0.0026665844488888979,0.0036777774803340435
CPIULFSL,2005-09-30,-0.0036396945361047983,-0.0031834943220019341,-9.0859000920318067e-05,0.0020506943110376596,0.0030759500805288553
CPIULFSL,2005-10-31,-0.0031228475272655487,-0.0024592832196503878,-0.00043447234202176332,0.0025281209964305162,0.0035513879265636206
CPIULFSL,2005-11-30,-0.0037118643522262573,-0.0028523982036858797,-0.00040272972546517849,0.0020658913999795914,0.0026528246235102415
CPIULFSL,2005-12-31,-0.0033818457741290331,-0.0025249996688216925,2.0352868887130171e-05,0.0026597867254167795,0.0034679765813052654
CPIULFSL,2006-01-31,-0.0030233990401029587,-0.0025734668597579002,-0.00010578930232441053,0.0023107219021767378,0.0027299383655190468
CPIULFSL,2006-02-28,-0.0044077453203499317,-0.0035145038273185492,-0.00031857274007052183,0.0025557749904692173,0.0034033211413770914
CPIULFSL,2006-03-31,-0.0029338803142309189,-0.0021010525524616241,0.00013836982543580234,0.0027513634413480759,0.0031011560931801796
CPIULFSL,2006-04-30,-0.0038465999532490969,-0.0031397580169141293,-0.00071514520095661283,0.0026704028714448214,0.0034519429318606853
CPIULFSL,2006-05-31,-0.003482453990727663,-0.002757966285571456,-4.9962636694544926e-05,0.0022712328936904669,0.0029896185733377934
CPIULFSL,2006-06-30,-0.0035864291712641716,-0.0026962810661643744,-0.00016653392231091857,0.0028171003796160221,0.0033778478391468525
CPIULFSL,2006-07-31,-0.0046845558099448681,-0.0034707593731582165,-0.0003706527641043067,0.0027266084216535091,0.0035993773490190506
CPIULFSL,2006-08-31,-0.0033371048048138618,-0.0028142896480858326,-0.00065603188704699278,0.0016172535251826048,0.0020439811050891876
CPIULFSL,2006-09-30,-0.0028209974989295006,-0.0022125360555946827,0.00056459486950188875,0.0028741925489157438,0.0032732663676142693
CPIULFSL,2006-10-31,-0.0034145512618124485,-0.0028344942256808281,-0.00019775729742832482,0.0019970338325947523,0.0029487316496670246
CPIULFSL,2006-11-30,-0.0034502013586461544,-0.0027499906718730927,0.00029961508698761463,0.0026702433824539185,0.0037120440974831581
CPIULFSL,2006-12-31,-0.0031218181829899549,-0.0021499632857739925,0.00015146538498811424,0.0023394033778458834,0.0031432237010449171
CPIULFSL,2007-01-31,-0.0031368774361908436,-0.0026296190917491913,-0.0001435488520655781,0.002962957601994276,0.0038420245982706547
CPIULFSL,2007-02-28,-0.0035202766302973032,-0.0028736649546772242,-0.00031451164977625012,0.0023975691292434931,0.0034188572317361832
CPIULFSL,2007-03-31,-0.0048063099384307861,-0.0033564979676157236,-0.0002231239341199398,0.0021014118101447821,0.0024651575367897749
CPIULFSL,2007-04-30,-0.0034375551622360945,-0.0026837808545678854,-0.00020572186622302979,0.0023104005958884954,0.0033002216368913651
CUMFNS,2005-05-31,-0.68758046627044678,-0.54502540826797485,0.00032447814010083675,0.60609495639801025,0.79718267917633057
CUMFNS,2005-06-30,-0.80630701780319214,-0.61950695514678955,0.094644181430339813,0.65885305404663086,0.75999164581298828
CUMFNS,2005-07-31,-0.85110580921173096,-0.69524073600769043,0.01023199874907732,0.56190723180770874,0.69189149141311646
CUMFNS,2005-08-31,-1.2483013868331909,-0.60181248188018799,0.0092339171096682549,0.48935556411743164,0.53884011507034302
CUMFNS,2005-09-30,-1.0186712741851807,-0.62367033958435059,-0.035726055502891541,0.62622684240341187,0.76955616474151611
CUMFNS,2005-10-31,-0.9039270281791687,-0.69002252817153931,0.073068439960479736,0.72147470712661743,0.86385238170623779
CUMFNS,2005-11-30,-0.85099685192108154,-0.71093171834945679,-0.0057469257153570652,0.55847668647766113,0.71178668737411499
CUMFNS,2005-12-31,-0.85102993249893188,-0.72789561748504639,0.063530907034873962,0.78126376867294312,0.94536620378494263
CUMFNS,2006-01-31,-0.86821329593658447,-0.69203031063079834,-0.025128811597824097,0.77142328023910522,0.98397946357727051
CUMFNS,2006-02-28,-0.85174894332885742,-0.7158697247505188,-0.051299843937158585,0.60824894905090332,0.91706007719039917
CUMFNS,2006-03-31,-1.0435436964035034,-0.79758149385452271,-0.032285828143358231,0.61691266298294067,0.76989537477493286
CUMFNS,2006-04-30,-1.0102022886276245,-0.81021755933761597,-0.043624062091112137,0.69784951210021973,0.96789366006851196
CUMFNS,2006-05-31,-0.81153911352157593,-0.66977840662002563,0.005513408686965704,0.76863652467727661,0.95812100172042847
CUMFNS,2006-06-30,-1.0297285318374634,-0.6808619499206543,0.084876731038093567,0.79644304513931274,1.0515260696411133
CUMFNS,2006-07-31,-0.93254762887954712,-0.60906028747558594,0.058890417218208313,0.71920442581176758,0.87564349174499512
CUMFNS,2006-08-31,-0.83735215663909912,-0.62835681438446045,-0.037189144641160965,0.73563110828399658,1.0404374599456787
CUMFNS,2006-09-30,-0.81954574584960938,-0.61850392818450928,-0.015861945226788521,0.66990768909454346,0.77075165510177612
CUMFNS,2006-10-31,-0.84535253047943115,-0.65176475048065186,0.035003397613763809,0.6886972188949585,1.0055056810379028
CUMFNS,2006-11-30,-0.95313417911529541,-0.6711542010307312,0.047268401831388474,0.65846371650695801,0.86893159151077271
CUMFNS,2006-12-31,-0.77600526809692383,-0.60181707143783569,0.0081341667100787163,0.60882860422134399,0.83658528327941895
CUMFNS,2007-01-31,-0.99415063858032227,-0.68253570795059204,0.0019211482722312212,0.56456989049911499,0.73492330312728882
CUMFNS,2007-02-28,-0.6755337119102478,-0.49859631061553955,0.010645662434399128,0.73598021268844604,0.87713027000427246
CUMFNS,2007-03-31,-1.0367143154144287,-0.6985124945640564,0.077060937881469727,0.74551099538803101,1.0021930932998657
CUMFNS,2007-04-30,-0.97198379039764404,-0.64983761310577393,0.16596749424934387,0.69161373376846313,0.97679311037063599
CUSR0000SA0L2,2005-05-31,-0.0080207781866192818,-0.0071831042878329754,-0.003114697989076376,0.0023956720251590014,0.003287074388936162
CUSR0000SA0L2,2005-06-30,-0.0047592977061867714,-0.0036642614286392927,-0.0004562455287668854,0.0033487528562545776,0.004401293583214283
CUSR0000SA0L2,2005-07-31,-0.0042788591235876083,-0.0025136091280728579,0.0014015181222930551,0.00536319799721241,0.0068540354259312153
CUSR0000SA0L2,2005-08-31,-0.0038749733939766884,-0.0032510131131857634,0.00014188842033036053,0.0045715183950960636,0.0059932316653430462
CUSR0000SA0L2,2005-09-30,-0.0051299398764967918,-0.0032537693623453379,0.00099362176842987537,0.0049629290588200092,0.0060699796304106712
CUSR0000SA0L2,2005-10-31,-0.00732432771474123,-0.006294845137745142,-0.0012961105676367879,0.0032904844265431166,0.0040729469619691372
CUSR0000SA0L2,2005-11-30,-0.0054568531922996044,-0.0041789929382503033,-9.3208116595633328e-05,0.0037395854014903307,0.004983413964509964
CUSR0000SA0L2,2005-12-31,-0.0056501873768866062,-0.004497988149523735,-0.00010161053796764463,0.003610231913626194,0.0049110958352684975
CUSR0000SA0L2,2006-01-31,-0.0046712555922567844,-0.003885393962264061,0.00027365889400243759,0.0039975764229893684,0.0055564921349287033
CUSR0000SA0L2,2006-02-28,-0.0041320533491671085,-0.0034372205846011639,-0.00024703249800950289,0.003690092358738184,0.0052281306125223637
CUSR0000SA0L2,2006-03-31,-0.0061769289895892143,-0.0047743269242346287,-0.00068097061011940241,0.0028484892100095749,0.0037908984813839197
CUSR0000SA0L2,2006-04-30,-0.0060708019882440567,-0.0048146909102797508,-0.00041317456634715199,0.0032363554928451777,0.0050335838459432125
CUSR0000SA0L2,2006-05-31,-0.0052633490413427353,-0.0044960426166653633,-0.00011780775093939155,0.0034093637950718403,0.005234268493950367
CUSR0000SA0L2,2006-06-30,-0.0046793990768492222,-0.0034584146924316883,0.00045485427835956216,0.0043013086542487144,0.0056143780238926411
CUSR0000SA0L2,2006-07-31,-0.0052853296510875225,-0.0046389978379011154,-6.0075006331317127e-05,0.0038265697658061981,0.005041695199906826
CUSR0000SA0L2,2006-08-31,-0.0064450441859662533,-0.0053506991825997829,-8.2941063737962395e-05,0.0032523679547011852,0.0047396249137818813
CUSR0000SA0L2,2006-09-30,-0.0056077488698065281,-0.0043856231495738029,-4.755090776598081e-05,0.0038275639526546001,0.0049472362734377384
CUSR0000SA0L2,2006-10-31,-0.0052652792073786259,-0.0040062582120299339,0.00010713704978115857,0.0034265848807990551,0.0042390022426843643
CUSR0000SA0L2,2006-11-30,-0.0058853877708315849,-0.0038774718996137381,-9.5672243332955986e-05,0.004156727809458971,0.005736425518989563
CUSR0000SA0L2,2006-12-31,-0.004217430017888546,-0.0031001653987914324,0.00070755212800577283,0.0042866943404078484,0.0054158987477421761
CUSR0000SA0L2,2007-01-31,-0.0039846529252827168,-0.0034187228884547949,0.00021793486666865647,0.0039238091558218002,0.0051400084048509598
CUSR0000SA0L2,2007-02-28,-0.0059729986824095249,-0.0044005573727190495,-0.00040910157258622348,0.0033435062505304813,0.0043424991890788078
CUSR0000SA0L2,2007-03-31,-0.0051878979429602623,-0.0042899413965642452,-0.00053287006448954344,0.0025018767919391394,0.0039790328592061996
CUSR0000SA0L2,2007-04-30,-0.0052634468302130699,-0.0036375154741108418,0.00021064202883280814,0.0041294763796031475,0.0049184951931238174
CUSR0000SA0L5,2005-05-31,-0.0031967617105692625,-0.002509470097720623,-0.00052257900824770331,0.0016463528154417872,0.0023080036044120789
CUSR0000SA0L5,2005-06-30,-0.003272398142144084,-0.0025574250612407923,-0.00018346690922044218,0.0022537838667631149,0.0029045490082353354
CUSR0000SA0L5,2005-07-31,-0.0029613585211336613,-0.0021675683092325926,-1.28201363622793e-05,0.0021891787182539701,0.0029504660051316023
CUSR0000SA0L5,2005-08-31,-0.0028950262349098921,-0.0019949791021645069,0.00012396377860568464,0.002231010003015399,0.0027816263027489185
CUSR0000SA0L5,2005-09-30,-0.0027667095419019461,-0.0018796557560563087,-0.00014978231047280133,0.0025438852608203888,0.0033043571747839451
CUSR0000SA0L5,2005-10-31,-0.0034507701639086008,-0.0024051705840975046,-0.00017421886150259525,0.0024675512686371803,0.0031916250009089708
CUSR0000SA0L5,2005-11-30,-0.0024905868340283632,-0.0020307868253439665,-8.5373685578815639e-05,0.0023410378489643335,0.002624184126034379
CUSR0000SA0L5,2005-12-31,-0.0027802633121609688,-0.0024000939447432756,8.750885899644345e-05,0.0024422153364866972,0.0033230148255825043
CUSR0000SA0L5,2006-01-31,-0.0026407002005726099,-0.0021647911053150892,-0.00038575820508413017,0.002211923711001873,0.0028803586028516293
CUSR0000SA0L5,2006-02-28,-0.0028408779762685299,-0.0023278845474123955,-0.0001531855232315138,0.0021322013344615698,0.0031108185648918152
CUSR0000SA0L5,2006-03-31,-0.0032605004962533712,-0.0023468888830393553,-0.0004627954913303256,0.002284123795107007,0.002908801194280386
CUSR0000SA0L5,2006-04-30,-0.0025374013930559158,-0.0022713865619152784,0.00016013481945265085,0.0025800678413361311,0.003030222374945879
CUSR0000SA0L5,2006-05-31,-0.0031156553886830807,-0.0023204432800412178,0.00015124300261959434,0.0023422217927873135,0.002905016764998436
CUSR0000SA0L5,2006-06-30,-0.0027549134101718664,-0.0021952942479401827,0.00037163126398809254,0.0026029366999864578,0.0038626384921371937
CUSR0000SA0L5,2006-07-31,-0.0033117078710347414,-0.0024319014046341181,-0.00011974428343819454,0.0024706732947379351,0.0030033255461603403
CUSR0000SA0L5,2006-08-31,-0.0029660905711352825,-0.0024542729370296001,-0.00057152088265866041,0.002128212945535779,0.0031717645470052958
CUSR0000SA0L5,2006-09-30,-0.0032728388905525208,-0.0025838934816420078,-0.00027538399444893003,0.0022017890587449074,0.003017025301232934
CUSR0000SA0L5,2006-10-31,-0.002448508283123374,-0.0021021305583417416,0.00030648376559838653,0.0028666278813034296,0.0033422757405787706
CUSR0000SA0L5,2006-11-30,-0.0026117262896150351,-0.0019696403760462999,-0.00028969621052965522,0.0023693887051194906,0.0030050273053348064
CUSR0000SA0L5,2006-12-31,-0.0024853909853845835,-0.0019838085863739252,0.00029012945014983416,0.00296184909529984,0.0034624682739377022
CUSR0000SA0L5,2007-01-31,-0.0036016211379319429,-0.0022491358686238527,-0.00022745301248505712,0.002191140316426754,0.0032745685894042253
CUSR0000SA0L5,2007-02-28,-0.0029148110188543797,-0.0024358020164072514,-1.8808052118401974e-05,0.0022223037667572498,0.0025619752705097198
CUSR0000SA0L5,2007-03-31,-0.0029760717879980803,-0.0024738155771046877,8.0339450505562127e-05,0.0025708398316055536,0.0028589041903614998
CUSR0000SA0L5,2007-04-30,-0.0024977887514978647,-0.001921737683005631,0.00030476789106614888,0.00227386225014925,0.0024451578501611948
CUSR0000SAC,2005-05-31,-0.0093647297471761703,-0.008308853954076767,-0.0030304377432912588,0.0036654078867286444,0.0052633499726653099
CUSR0000SAC,2005-06-30,-0.0085544409230351448,-0.0068000764586031437,-0.00014651512901764363,0.0061205727979540825,0.0074134804308414459
CUSR0000SAC,2005-07-31,-0.0071370173245668411,-0.0059608598239719868,0.00036651082336902618,0.0063723581843078136,0.0078770443797111511
CUSR0000SAC,2005-08-31,-0.0058561703190207481,-0.0040225423872470856,0.0013092285953462124,0.0084944646805524826,0.010379563085734844
CUSR0000SAC,2005-09-30,-0.0079229753464460373,-0.0069795772433280945,-0.0008695702999830246,0.0062350998632609844,0.0083775892853736877
CUSR0000SAC,2005-10-31,-0.01117195188999176,-0.0090940240770578384,-0.0022825805936008692,0.002115350216627121,0.0041051087900996208
CUSR0000SAC,2005-11-30,-0.0087661705911159515,-0.0066014379262924194,0.0001985783310374245,0.006562638096511364,0.0076444819569587708
CUSR0000SAC,2005-12-31,-0.0070406189188361168,-0.0052182208746671677,0.00085953105008229613,0.0063238269649446011,0.0081930337473750114
CUSR0000SAC,2006-01-31,-0.007939985953271389,-0.0047799698077142239,0.0010492790024727583,0.0073676477186381817,0.0092205079272389412
CUSR0000SAC,2006-02-28,-0.0067714834585785866,-0.0060225706547498703,0.00017973489593714476,0.0061580175533890724,0.0071205687709152699
CUSR0000SAC,2006-03-31,-0.010970435105264187,-0.0089834714308381081,-0.0011158520355820656,0.0065131336450576782,0.0074096289463341236
CUSR0000SAC,2006-04-30,-0.0083386776968836784,-0.0074166469275951385,-0.0012455274118110538,0.0054451185278594494,0.0086775766685605049
CUSR0000SAC,2006-05-31,-0.0074980482459068298,-0.00615735724568367,-0.00087728496873751283,0.0056708534248173237,0.0077944491058588028
CUSR0000SAC,2006-06-30,-0.0066744266077876091,-0.004421488381922245,0.001835291157476604,0.0084378225728869438,0.0094211362302303314
CUSR0000SAC,2006-07-31,-0.0086296768859028816,-0.005827820859849453,-0.00047595310024917126,0.0060913949273526669,0.0091023547574877739
CUSR0000SAC,2006-08-31,-0.010876844637095928,-0.0089045735076069832,-0.0011262145126238465,0.0048125674948096275,0.0056502083316445351
CUSR0000SAC,2006-09-30,-0.0092597492039203644,-0.007276361808180809,0.00031838231370784342,0.0068439366295933723,0.0084030963480472565
CUSR0000SAC,2006-10-31,-0.010780899785459042,-0.0074481610208749771,-0.00093489524442702532,0.0052495524287223816,0.0076790894381701946
CUSR0000SAC,2006-11-30,-0.0072353319264948368,-0.0064397123642265797,0.0004180343821644783,0.0077724810689687729,0.0091189518570899963
CUSR0000SAC,2006-12-31,-0.0091298101469874382,-0.0076790275052189827,0.00014314503641799092,0.0062413797713816166,0.0091758668422698975
CUSR0000SAC,2007-01-31,-0.0093179699033498764,-0.0074622123502194881,-0.00067826418671756983,0.0048868069425225258,0.0073903915472328663
CUSR0000SAC,2007-02-28,-0.0080336136743426323,-0.0065286792814731598,-0.00020048272563144565,0.0052230083383619785,0.0063263918273150921
CUSR0000SAC,2007-03-31,-0.010500432923436165,-0.0078823044896125793,-0.0012045504990965128,0.005517090205103159,0.006623782217502594
CUSR0000SAC,2007-04-30,-0.0096686175093054771,-0.0060381018556654453,0.00010095884499605745,0.0071102562360465527,0.009806973859667778
CUSR0000SAD,2005-05-31,-0.0036398656666278839,-0.0028308536857366562,-0.00035595567896962166,0.0020423552487045527,0.0026364272926002741
CUSR0000SAD,2005-06-30,-0.0027980743907392025,-0.0023447093553841114,-8.0123121733777225e-05,0.002722067991271615,0.003458366496488452
CUSR0000SAD,2005-07-31,-0.0027165599167346954,-0.001840718206949532,-3.4206863347208127e-05,0.0022796988487243652,0.0028197369538247585
CUSR0000SAD,2005-08-31,-0.0024580960161983967,-0.002043640473857522,0.00026672543026506901,0.0028283293358981609,0.0033672838471829891
CUSR0000SAD,2005-09-30,-0.0029919520020484924,-0.0025195060297846794,6.5487649408169091e-05,0.002581530949100852,0.0031796705443412066
CUSR0000SAD,2005-10-31,-0.0024206694215536118,-0.0020663435570895672,-0.00024951444356702268,0.0022878672461956739,0.0028960658237338066
CUSR0000SAD,2005-11-30,-0.0028589691501110792,-0.0022295142989605665,-4.28005114372354e-05,0.0024102036841213703,0.0030707549303770065
CUSR0000SAD,2005-12-31,-0.0030923807062208652,-0.0024831441696733236,-6.3122679421212524e-05,0.0027120918966829777,0.0032658635172992945
CUSR0000SAD,2006-01-31,-0.0035022783558815718,-0.002847590483725071,-0.00027195079019293189,0.0025272779166698456,0.0030947967898100615
CUSR0000SAD,2006-02-28,-0.003737657330930233,-0.0027616573497653008,-1.921562034112867e-05,0.0023522845003753901,0.0029028553981333971
CUSR0000SAD,2006-03-31,-0.0027867269236594439,-0.0024218794424086809,0.00030339055228978395,0.0025193721521645784,0.0036760491784662008
CUSR0000SAD,2006-04-30,-0.0033526297193020582,-0.002245286712422967,3.3983254979830235e-05,0.0028358267154544592,0.0033079681452363729
CUSR0000SAD,2006-05-31,-0.0036366516724228859,-0.0025067164096981287,0.00018894394452217966,0.0027069244533777237,0.0033224360086023808
CUSR0000SAD,2006-06-30,-0.0030956249684095383,-0.0023416127078235149,-0.00015434017404913902,0.0030149244703352451,0.0034710324835032225
CUSR0000SAD,2006-07-31,-0.0032795094884932041,-0.0021466859616339207,7.5983269198331982e-05,0.0028715033549815416,0.0033459658734500408
CUSR0000SAD,2006-08-31,-0.0033163721673190594,-0.0029239126015454531,-0.00017039477825164795,0.0022014512214809656,0.0032590327318757772
CUSR0000SAD,2006-09-30,-0.0029877661727368832,-0.00214801961556077,3.4312004572711885e-05,0.0023497920483350754,0.0028909207321703434
CUSR0000SAD,2006-10-31,-0.0033452799543738365,-0.0025619207881391048,-0.00026159081608057022,0.002335952827706933,0.0028074460569769144
CUSR0000SAD,2006-11-30,-0.0035463995300233364,-0.0029195267707109451,0.00021653782459907234,0.0026845347601920366,0.0033696419559419155
CUSR0000SAD,2006-12-31,-0.0031968336552381516,-0.0025844078045338392,0.00014385522808879614,0.002579214982688427,0.0033152184914797544
CUSR0000SAD,2007-01-31,-0.0029800324700772762,-0.0024400569964200258,0.0001252803485840559,0.0022577089257538319,0.0033170802053064108
CUSR0000SAD,2007-02-28,-0.0030203359201550484,-0.0023921292740851641,0.00041776892612688243,0.0026696410495787859,0.0034153254237025976
CUSR0000SAD,2007-03-31,-0.0035070036537945271,-0.0027159028686583042,0.00015738554066047072,0.0026088901795446873,0.0039710742421448231
CUSR0000SAD,2007-04-30,-0.0032934467308223248,-0.0026243389584124088,-4.8337853513658047e-05,0.0029866080731153488,0.0038890070281922817
CUSR0000SAS,2005-05-31,-0.0018441122956573963,-0.0013842590851709247,0.00024075144028756768,0.001971773337572813,0.0023517506197094917
CUSR0000SAS,2005-06-30,-0.0020259718876332045,-0.0017295341240242124,0.00017376019968651235,0.0016435529105365276,0.0022619485389441252
CUSR0000SAS,2005-07-31,-0.0018342597177252173,-0.0015838041435927153,-2.2285263185040094e-05,0.0015891516814008355,0.002131731016561389
CUSR0000SAS,2005-08-31,-0.0021339475642889738,-0.0015582710038870573,0.00021647574612870812,0.0017191567458212376,0.002271292032673955
CUSR0000SAS,2005-09-30,-0.0023774525616317987,-0.0017722228076308966,0.00012635643361136317,0.0015187348471954465,0.0020376779139041901
CUSR0000SAS,2005-10-31,-0.0021246194373816252,-0.0016671504126861691,-0.00016096248873509467,0.0017433338798582554,0.0021130489185452461
CUSR0000SAS,2005-11-30,-0.0018032666994258761,-0.0012764103012159467,7.6108044595457613e-05,0.0020048597361892462,0.0030449742916971445
CUSR0000SAS,2005-12-31,-0.0021662162616848946,-0.0016707249451428652,-0.00015100932796485722,0.0015677983174100518,0.0019870279356837273
CUSR0000SAS,2006-01-31,-0.0020074902568012476,-0.0015727914869785309,-6.3759791373740882e-05,0.0016856107395142317,0.002041797386482358
CUSR0000SAS,2006-02-28,-0.0022645678836852312,-0.0016125605907291174,-4.2384679545648396e-05,0.0015815169317647815,0.0020940115209668875
CUSR0000SAS,2006-03-31,-0.0021621678024530411,-0.0015548539813607931,3.9710328564979136e-05,0.0014899646630510688,0.0020550834015011787
CUSR0000SAS,2006-04-30,-0.0017172230873256922,-0.001579303527250886,0.00018140484462492168,0.0017484488198533654,0.0021528559736907482
CUSR0000SAS,2006-05-31,-0.0021463700104504824,-0.0015015833778306842,2.6761515982798301e-05,0.0013146057026460767,0.0019540432840585709
CUSR0000SAS,2006-06-30,-0.0022281012497842312,-0.0017539673717692494,-9.5142440841300413e-06,0.0014665777562186122,0.0021119597367942333
CUSR0000SAS,2006-07-31,-0.0019562607631087303,-0.0014465320855379105,-4.029690899187699e-05,0.001520757912658155,0.0017942246049642563
CUSR0000SAS,2006-08-31,-0.0024870806373655796,-0.0020288636442273855,2.3881822926341556e-05,0.0016787383938208222,0.0019811894744634628
CUSR0000SAS,2006-09-30,-0.0020429857540875673,-0.0018922975286841393,-8.4331870311871171e-05,0.0020303812343627214,0.0026638007257133722
CUSR0000SAS,2006-10-31,-0.0025163737591356039,-0.0017048558220267296,0.00030540343141183257,0.0019718259572982788,0.0024558156728744507
CUSR0000SAS,2006-11-30,-0.0024880224373191595,-0.0020542868878692389,9.0547488071024418e-05,0.0016153256874531507,0.0019171237945556641
CUSR0000SAS,2006-12-31,-0.0024580834433436394,-0.0019365937914699316,0.00026605534367263317,0.0017327058594673872,0.0021015992388129234
CUSR0000SAS,2007-01-31,-0.0021066432818770409,-0.001584218698553741,1.7972048226511106e-05,0.0015883310697972775,0.0019002578919753432
CUSR0000SAS,2007-02-28,-0.0022218201775103807,-0.0016219941899180412,3.805630694841966e-05,0.0016125051770359278,0.0019100740319117904
CUSR0000SAS,2007-03-31,-0.001787300338037312,-0.0013033217983320355,0.00031498508178628981,0.0016746101900935173,0.0024023267906159163
CUSR0000SAS,2007-04-30,-0.0022199854720383883,-0.0016222926788032055,-3.014517278643325e-05,0.0017992728389799595,0.0025712670758366585
DDURRG3M086SBEA,2005-05-31,-0.0039631929248571396,-0.0031746029853820801,-0.00069184141466394067,0.0014335726154968143,0.0023521871771663427
DDURRG3M086SBEA,2005-06-30,-0.0038186023011803627,-0.0029999641701579094,-0.00031258031958714128,0.0027778900694102049,0.0032121671829372644
DDURRG3M086SBEA,2005-07-31,-0.0030869003385305405,-0.0024766968563199043,0.00073422910645604134,0.0049115186557173729,0.0065546254627406597
DDURRG3M086SBEA,2005-08-31,-0.0039660702459514141,-0.00344235566444695,-0.00019443075871095061,0.0017445341218262911,0.0029346342198550701
DDURRG3M086SBEA,2005-09-30,-0.0031515788286924362,-0.002393670380115509,6.3538536778651178e-05,0.0029640416614711285,0.003421729663386941
DDURRG3M086SBEA,2005-10-31,-0.002878144383430481,-0.0022213084157556295,0.00044587458251044154,0.003154069185256958,0.0037994401063770056
DDURRG3M086SBEA,2005-11-30,-0.0042856205254793167,-0.0037115109153091908,-0.00065534235909581184,0.0022855901625007391,0.0031157757621258497
DDURRG3M086SBEA,2005-12-31,-0.0026213324163109064,-0.0022496625315397978,0.00032155073131434619,0.0035816659219563007,0.0040916423313319683
DDURRG3M086SBEA,2006-01-31,-0.0030226097442209721,-0.0026675013359636068,0.00099302001763135195,0.0039342483505606651,0.0047853980213403702
DDURRG3M086SBEA,2006-02-28,-0.0041274391114711761,-0.0034638550132513046,-0.00069035892374813557,0.0021799909882247448,0.0027887537144124508
DDURRG3M086SBEA,2006-03-31,-0.0030634657014161348,-0.001977807842195034,0.00029089511372148991,0.0035638634581118822,0.0040744971483945847
DDURRG3M086SBEA,2006-04-30,-0.0024159797467291355,-0.0021893298253417015,0.00087065401021391153,0.003396444721147418,0.004187410231679678
DDURRG3M086SBEA,2006-05-31,-0.0047163101844489574,-0.0041295853443443775,-0.00081550725735723972,0.0018675841856747866,0.0024018886033445597
DDURRG3M086SBEA,2006-06-30,-0.0033590777311474085,-0.0025548965204507113,-0.00030597942532040179,0.002814337145537138,0.0033659103792160749
DDURRG3M086SBEA,2006-07-31,-0.0032496722415089607,-0.0025370602961629629,0.00053215434309095144,0.0040793516673147678,0.0055160997435450554
DDURRG3M086SBEA,2006-08-31,-0.0042366939596831799,-0.0037322628777474165,-0.00075075641507282853,0.0019075846066698432,0.0027822640258818865
DDURRG3M086SBEA,2006-09-30,-0.003447638126090169,-0.0029837253969162703,-0.00012928474461659789,0.002942229388281703,0.0038165976293385029
DDURRG3M086SBEA,2006-10-31,-0.0024569218512624502,-0.0019856670405715704,0.00047294545220211148,0.0034891660325229168,0.0045082648284733295
DDURRG3M086SBEA,2006-11-30,-0.0040372712537646294,-0.0035214540548622608,-0.00048779248027130961,0.0024185290094465017,0.0034849147778004408
DDURRG3M086SBEA,2006-12-31,-0.0031918182503432035,-0.0024160712491720915,-0.00014654827828053385,0.0027098020073026419,0.0032733713742345572
DDURRG3M086SBEA,2007-01-31,-0.0030375933274626732,-0.0023775156587362289,0.0012450863141566515,0.0050051389262080193,0.0064730108715593815
DDURRG3M086SBEA,2007-02-28,-0.0039695422165095806,-0.0033629881218075752,-0.0002565705799497664,0.0020535697694867849,0.0025317836552858353
DDURRG3M086SBEA,2007-03-31,-0.0036657806485891342,-0.0029505670536309481,-6.7332788603380322e-05,0.0028482414782047272,0.0035537995863705873
DDURRG3M086SBEA,2007-04-30,-0.0026042547542601824,-0.0021800792310386896,0.00028629123698920012,0.0030509005300700665,0.0035593090578913689
DMANEMP,2005-05-31,-0.0037131276912987232,-0.0029954034835100174,3.1350675271824002e-05,0.0031673109624534845,0.0035782402846962214
DMANEMP,2005-06-30,-0.003685374278575182,-0.0030941392760723829,-0.00023870707082096487,0.0026235829573124647,0.0035248405765742064
DMANEMP,2005-07-31,-0.004298909567296505,-0.0033543282188475132,-0.00063801556825637817,0.0029595070518553257,0.0032220017164945602
DMANEMP,2005-08-31,-0.0053742802701890469,-0.0028255349025130272,3.2397809263784438e-05,0.0035701959859579802,0.0044260118156671524
DMANEMP,2005-09-30,-0.0045655323192477226,-0.0039439494721591473,-0.0001059518035617657,0.0035881667863577604,0.0043842247687280178
DMANEMP,2005-10-31,-0.0080761918798089027,-0.0047913882881402969,-0.00022123506641946733,0.0030441374983638525,0.0045530977658927441
DMANEMP,2005-11-30,-0.0053512468002736568,-0.0038427128456532955,4.1157123632729053e-05,0.0033088051714003086,0.0048097348771989346
DMANEMP,2005-12-31,-0.004853853490203619,-0.0039273942820727825,9.923981997417286e-05,0.0038716956041753292,0.0059991623274981976
DMANEMP,2006-01-31,-0.0064061675220727921,-0.0043238922953605652,-1.4549823390552774e-06,0.0037181403022259474,0.0049382611177861691
DMANEMP,2006-02-28,-0.0060482732951641083,-0.0049478788860142231,-0.00010016025044023991,0.0034069388639181852,0.0043153632432222366
DMANEMP,2006-03-31,-0.0063987732864916325,-0.0039099357090890408,0.00044514285400509834,0.0042524891905486584,0.0052723102271556854
DMANEMP,2006-04-30,-0.0063934125937521458,-0.0048944242298603058,-0.00018450917559675872,0.0053949207067489624,0.0068073105067014694
DMANEMP,2006-05-31,-0.008017243817448616,-0.0039587640203535557,0.00031278410460799932,0.0056700510904192924,0.006552073173224926
DMANEMP,2006-06-30,-0.0057596992701292038,-0.0044374293647706509,0.000711604836396873,0.0040980447083711624,0.0057946331799030304
DMANEMP,2006-07-31,-0.0075162765569984913,-0.0042144004255533218,0.00026279673329554498,0.0042162137106060982,0.0053298389539122581
DMANEMP,2006-08-31,-0.0078150033950805664,-0.0060100266709923744,0.0003642856318037957,0.0043706009164452553,0.0064281448721885681
DMANEMP,2006-09-30,-0.0080989077687263489,-0.0047817504964768887,0.0006820917478762567,0.0064369235187768936,0.0071389786899089813
DMANEMP,2006-10-31,-0.0080155422911047935,-0.0060933101922273636,-0.00023388685076497495,0.0052339173853397369,0.0067521305754780769
DMANEMP,2006-11-30,-0.0075235674157738686,-0.0053596682846546173,-0.00035159755498170853,0.0039779213257133961,0.0051471255719661713
DMANEMP,2006-12-31,-0.0077916453592479229,-0.0057744164951145649,0.00036829942837357521,0.0042909006588160992,0.0058644805103540421
DMANEMP,2007-01-31,-0.007569675799459219,-0.0056181293912231922,0.00038313091499730945,0.0049655935727059841,0.0062485495582222939
DMANEMP,2007-02-28,-0.0069840890355408192,-0.00511516397818923,-9.4808547146385536e-06,0.0061385743319988251,0.0076327500864863396
DMANEMP,2007-03-31,-0.0092814918607473373,-0.006956079974770546,0.00041121698450297117,0.0054010367020964622,0.0077185863628983498
DMANEMP,2007-04-30,-0.011644789017736912,-0.0073438193649053574,0.00032034897594712675,0.0057212738320231438,0.0070964344777166843
DNDGRG3M086SBEA,2005-05-31,-0.012649031355977058,-0.010767211206257343,-0.003195643424987793,0.0037659697700291872,0.0073552434332668781
DNDGRG3M086SBEA,2005-06-30,-0.010952605865895748,-0.0087137296795845032,-0.00033393193734809756,0.0080427629873156548,0.0099525135010480881
DNDGRG3M086SBEA,2005-07-31,-0.0094252908602356911,-0.0062080780044198036,0.0023997998796403408,0.0094919512048363686,0.012840465642511845
DNDGRG3M086SBEA,2005-08-31,-0.01079997792840004,-0.0068973200395703316,0.001720840809866786,0.00960557721555233,0.010421219281852245
DNDGRG3M086SBEA,2005-09-30,-0.0093126669526100159,-0.0069691459648311138,-0.00020141832646913826,0.0059999353252351284,0.0075669637881219387
DNDGRG3M086SBEA,2005-10-31,-0.012215598486363888,-0.010224089957773685,-0.0027321276720613241,0.0042285434901714325,0.0085071856155991554
DNDGRG3M086SBEA,2005-11-30,-0.0095138894394040108,-0.0085243238136172295,-0.00033803895348683,0.0063833808526396751,0.010055058635771275
DNDGRG3M086SBEA,2005-12-31,-0.010338210500776768,-0.0069951866753399372,0.0011168395867571235,0.0098742004483938217,0.0119656166061759
DNDGRG3M086SBEA,2006-01-31,-0.011855052784085274,-0.0091317752376198769,-0.00021517289860639721,0.010538095608353615,0.012490683235228062
DNDGRG3M086SBEA,2006-02-28,-0.0090613039210438728,-0.0071391919627785683,-0.0004139609809499234,0.0072773359715938568,0.0092408442869782448
DNDGRG3M086SBEA,2006-03-31,-0.011159825138747692,-0.0091498838737607002,-0.0011122635332867503,0.0075438870117068291,0.008714308962225914
DNDGRG3M086SBEA,2006-04-30,-0.011134088039398193,-0.0096460524946451187,-0.00097760092467069626,0.0057751904241740704,0.0081168180331587791
DNDGRG3M086SBEA,2006-05-31,-0.01023823581635952,-0.0086516765877604485,-0.0002687308588065207,0.0058504869230091572,0.010764128528535366
DNDGRG3M086SBEA,2006-06-30,-0.010045243427157402,-0.0069166906177997589,0.00046860059956088662,0.009804820641875267,0.012006070464849472
DNDGRG3M086SBEA,2006-07-31,-0.010923618450760841,-0.0088341310620307922,-0.00060434953775256872,0.0077128112316131592,0.0094844810664653778
DNDGRG3M086SBEA,2006-08-31,-0.014040681533515453,-0.011001458391547203,-0.0019016421865671873,0.00600416399538517,0.0072638057172298431
DNDGRG3M086SBEA,2006-09-30,-0.0099770613014698029,-0.0079674115404486656,0.00043602313962765038,0.0072403382509946823,0.0097796786576509476
DNDGRG3M086SBEA,2006-10-31,-0.010975866578519344,-0.0085144909098744392,-0.0006432234076783061,0.0077109783887863159,0.010074584744870663
DNDGRG3M086SBEA,2006-11-30,-0.0091643510386347771,-0.0068343658931553364,0.00038907336420379579,0.0081309285014867783,0.010898938402533531
DNDGRG3M086SBEA,2006-12-31,-0.012319702655076981,-0.009309389628469944,-0.00038606853922829032,0.0068786405026912689,0.0089556099846959114
DNDGRG3M086SBEA,2007-01-31,-0.013229287229478359,-0.0096238413825631142,-0.00073979125590994954,0.0073601296171545982,0.0083850184455513954
DNDGRG3M086SBEA,2007-02-28,-0.012872879393398762,-0.0097422143444418907,-0.00079710804857313633,0.0065372581593692303,0.00876593217253685
DNDGRG3M086SBEA,2007-03-31,-0.012223544530570507,-0.0096873315051198006,-0.0017814806196838617,0.008618135005235672,0.010743323713541031
DNDGRG3M086SBEA,2007-04-30,-0.0085993092507123947,-0.0062134959734976292,0.00065493595320731401,0.0081697367131710052,0.0097811231389641762
DPCERA3M086SBEA,2005-05-31,-0.0030888454057276249,-0.0016071097925305367,0.0032087750732898712,0.0073985857889056206,0.0087288953363895416
DPCERA3M086SBEA,2005-06-30,-0.0047383229248225689,-0.0026583485305309296,0.0027439715340733528,0.0084011433646082878,0.0089451894164085388
DPCERA3M086SBEA,2005-07-31,-0.0020485254935920238,-0.00058139074826613069,0.0032922010868787766,0.0074987341649830341,0.0087373675778508186
DPCERA3M086SBEA,2005-08-31,-0.0024263761006295681,-0.00076856202213093638,0.0030288989655673504,0.007936457172036171,0.0095495022833347321
DPCERA3M086SBEA,2005-09-30,-0.0018668133998289704,-0.0010859082685783505,0.0033717900514602661,0.0088424757122993469,0.010386921465396881
DPCERA3M086SBEA,2005-10-31,-0.0055608227849006653,-0.0035425808746367693,0.0031991361174732447,0.0077885044738650322,0.008447485975921154
DPCERA3M086SBEA,2005-11-30,-0.0027937428094446659,-0.001235108938999474,0.0033353152684867382,0.0085176145657896996,0.010101680643856525
DPCERA3M086SBEA,2005-12-31,-0.0024078439455479383,-0.00086353416554629803,0.0036377788055688143,0.0078227538615465164,0.0089209973812103271
DPCERA3M086SBEA,2006-01-31,-0.0030176034197211266,-0.001485364162363112,0.0040586022660136223,0.0082295350730419159,0.0098296590149402618
DPCERA3M086SBEA,2006-02-28,-0.004617725033313036,-0.0015058245044201612,0.003051169216632843,0.0077903014607727528,0.0088359545916318893
DPCERA3M086SBEA,2006-03-31,-0.0053740176372230053,-0.0027518109418451786,0.0019471331033855677,0.0069280937314033508,0.0088197272270917892
DPCERA3M086SBEA,2006-04-30,-0.0043859248980879784,-0.0034057404845952988,0.0028518594335764647,0.0077864779159426689,0.0088198240846395493
DPCERA3M086SBEA,2006-05-31,-0.0021959356963634491,-0.0013761090813204646,0.0026333285495638847,0.0076780705712735653,0.0086468691006302834
DPCERA3M086SBEA,2006-06-30,-0.0033781819511204958,-0.0017374466406181455,0.0034100105985999107,0.0072519010864198208,0.0090039903298020363
DPCERA3M086SBEA,2006-07-31,-0.006087164394557476,-0.0031645137351006269,0.0035575130023062229,0.0070855100639164448,0.0085957245901226997
DPCERA3M086SBEA,2006-08-31,-0.0039079687558114529,-0.0026539340615272522,0.0025343555025756359,0.0074059232138097286,0.0092751989141106606
DPCERA3M086SBEA,2006-09-30,-0.0051983771845698357,-0.0025072402786463499,0.0030875038355588913,0.0078993039205670357,0.010346086695790291
DPCERA3M086SBEA,2006-10-31,-0.0055164191871881485,-0.0025900811888277531,0.0022524287924170494,0.0070353830233216286,0.0088639892637729645
DPCERA3M086SBEA,2006-11-30,-0.0023659530561417341,-0.0015767056029289961,0.00349808344617486,0.0074766329489648342,0.0081989513710141182
DPCERA3M086SBEA,2006-12-31,-0.0039643933996558189,-0.0021977820433676243,0.0033293403685092926,0.0088760266080498695,0.011462685652077198
DPCERA3M086SBEA,2007-01-31,-0.0070456452667713165,-0.0025854066479951143,0.0028867293149232864,0.0076537765562534332,0.0086215604096651077
DPCERA3M086SBEA,2007-02-28,-0.0031181827653199434,-0.0023269371595233679,0.0025073487777262926,0.0089233517646789551,0.010311235673725605
DPCERA3M086SBEA,2007-03-31,-0.0034267809242010117,-0.0012902362504974008,0.00338008813560009,0.0081404857337474823,0.01027633436024189
DPCERA3M086SBEA,2007-04-30,-0.0041408184915781021,-0.0033252241555601358,0.0029687583446502686,0.0083647072315216064,0.01072744932025671
DSERRG3M086SBEA,2005-05-31,-0.0018060570582747459,-0.0015956853749230504,-0.00029801734490320086,0.0012545521603897214,0.0016946556279435754
DSERRG3M086SBEA,2005-06-30,-0.0017443307442590594,-0.0014796191826462746,-6.8911876951460727e-06,0.0015610589180141687,0.0018908026395365596
DSERRG3M086SBEA,2005-07-31,-0.0016825987258926034,-0.0013496957253664732,5.3215117077343166e-05,0.0012805603910237551,0.001509016496129334
DSERRG3M086SBEA,2005-08-31,-0.0018527178326621652,-0.0014679854502901435,-0.00029393576551228762,0.0014448865549638867,0.0019442220218479633
DSERRG3M086SBEA,2005-09-30,-0.0017671685200184584,-0.001141357934102416,2.6042782337754034e-05,0.0015244251117110252,0.0016648186137899756
DSERRG3M086SBEA,2005-10-31,-0.0017263592453673482,-0.0014063481939956546,7.5407217082101852e-05,0.0015544880880042911,0.0017663211328908801
DSERRG3M086SBEA,2005-11-30,-0.0017675651470199227,-0.001385964103974402,-6.048438444850035e-05,0.0015007902402430773,0.0018319234950467944
DSERRG3M086SBEA,2005-12-31,-0.0017413705354556441,-0.0014991718344390392,-0.00011567579349502921,0.0013168604345992208,0.0015934244729578495
DSERRG3M086SBEA,2006-01-31,-0.0017541745910421014,-0.0014255184214562178,5.6287884945049882e-05,0.0016342068556696177,0.0020356711465865374
DSERRG3M086SBEA,2006-02-28,-0.002137607429176569,-0.0013964268146082759,-0.00023902225075289607,0.0012325937859714031,0.0014394797617569566
DSERRG3M086SBEA,2006-03-31,-0.0021543148905038834,-0.0014008613070473075,-0.00014083911082707345,0.0012756374198943377,0.0018137469887733459
DSERRG3M086SBEA,2006-04-30,-0.0019483519718050957,-0.0015685255639255047,-0.00011606334010139108,0.0014685107162222266,0.0020585036836564541
DSERRG3M086SBEA,2006-05-31,-0.0020139191765338182,-0.0013710320927202702,4.9212183512281626e-05,0.0014006012352183461,0.0018045874312520027
DSERRG3M086SBEA,2006-06-30,-0.0019828493241220713,-0.0013959561474621296,-2.8427202778402716e-05,0.0014206778723746538,0.0017134763766080141
DSERRG3M086SBEA,2006-07-31,-0.0017382146324962378,-0.0013453953433781862,-5.0741240556817502e-05,0.0015638570766896009,0.0020785457454621792
DSERRG3M086SBEA,2006-08-31,-0.0018371754558756948,-0.0011430864688009024,0.00011884421110153198,0.0012966549256816506,0.0016944496892392635
DSERRG3M086SBEA,2006-09-30,-0.0020286759827286005,-0.0015510934172198176,0.00018018439004663378,0.0016329149948433042,0.001964666647836566
DSERRG3M086SBEA,2006-10-31,-0.001490849768742919,-0.0011412525782361627,8.6170417489483953e-05,0.001381611218675971,0.0019565040711313486
DSERRG3M086SBEA,2006-11-30,-0.0018190963892266154,-0.0014683570479974151,-0.00023835724277887493,0.0013660261174663901,0.0020192142110317945
DSERRG3M086SBEA,2006-12-31,-0.0017170879291370511,-0.0014717829180881381,-7.0944835897535086e-05,0.0011219372972846031,0.001659106113947928
DSERRG3M086SBEA,2007-01-31,-0.0018902161391451955,-0.0016193800838664174,2.2186097339726985e-05,0.0012714512413367629,0.0016457897145301104
DSERRG3M086SBEA,2007-02-28,-0.0023382753133773804,-0.001994796097278595,-8.1341248005628586e-05,0.00118504639249295,0.0017709736712276936
DSERRG3M086SBEA,2007-03-31,-0.0018640876514837146,-0.0014326440868899226,-1.8936239939648658e-05,0.001688471413217485,0.0022517028264701366
DSERRG3M086SBEA,2007-04-30,-0.0012953552650287747,-0.0010674711083993316,0.00019306983449496329,0.001319576520472765,0.0020023146644234657
DTCOLNVHFNM,2005-05-31,-0.046591870486736298,-0.030557051301002502,-0.0028989342972636223,0.038594711571931839,0.049495074898004532
DTCOLNVHFNM,2005-06-30,-0.041850000619888306,-0.034934226423501968,0.00028796051628887653,0.030075693503022194,0.034228555858135223
DTCOLNVHFNM,2005-07-31,-0.048749584704637527,-0.0368613600730896,0.0028867507353425026,0.033546015620231628,0.054390646517276764
DTCOLNVHFNM,2005-08-31,-0.043800517916679382,-0.032350413501262665,-0.0051960782147943974,0.025772621855139732,0.039084937423467636
DTCOLNVHFNM,2005-09-30,-0.056820616126060486,-0.033544700592756271,-0.0033248125109821558,0.030499892309308052,0.051808688789606094
DTCOLNVHFNM,2005-10-31,-0.039884582161903381,-0.030008934438228607,-0.0011609198991209269,0.026813996955752373,0.037519991397857666
DTCOLNVHFNM,2005-11-30,-0.040137406438589096,-0.03131813183426857,-0.0010502359364181757,0.035859405994415283,0.047887843102216721
DTCOLNVHFNM,2005-12-31,-0.036788322031497955,-0.028855375945568085,0.0020010967273265123,0.029628150165081024,0.035231307148933411
DTCOLNVHFNM,2006-01-31,-0.040130399167537689,-0.032472241669893265,-0.0026345173828303814,0.022594690322875977,0.031351182609796524
DTCOLNVHFNM,2006-02-28,-0.035211354494094849,-0.026792872697114944,0.0016633691266179085,0.036650437861680984,0.052110295742750168
DTCOLNVHFNM,2006-03-31,-0.043112460523843765,-0.031271345913410187,0.00017527920135762542,0.040653947740793228,0.05366809293627739
DTCOLNVHFNM,2006-04-30,-0.035605333745479584,-0.028499525040388107,0.0021749716252088547,0.039811607450246811,0.050884667783975601
DTCOLNVHFNM,2006-05-31,-0.041683390736579895,-0.033926863223314285,-0.00073516013799235225,0.034069053828716278,0.044367969036102295
DTCOLNVHFNM,2006-06-30,-0.0447843037545681,-0.034065846353769302,0.0029593752697110176,0.035699456930160522,0.042836494743824005
DTCOLNVHFNM,2006-07-31,-0.033651232719421387,-0.024487758055329323,0.0019534598104655743,0.035090073943138123,0.054854791611433029
DTCOLNVHFNM,2006-08-31,-0.049520213156938553,-0.038331873714923859,-0.0031358951237052679,0.027207331731915474,0.041087251156568527
DTCOLNVHFNM,2006-09-30,-0.035210531204938889,-0.025560945272445679,0.00073719414649531245,0.031603358685970306,0.0379151850938797
DTCOLNVHFNM,2006-10-31,-0.04442843422293663,-0.03475387766957283,-0.006089238915592432,0.024098353460431099,0.031237941235303879
DTCOLNVHFNM,2006-11-30,-0.04880908876657486,-0.034621018916368484,0.00069893797626718879,0.031021842733025551,0.041497401893138885
DTCOLNVHFNM,2006-12-31,-0.039174646139144897,-0.032526850700378418,0.00046275055501610041,0.034526471048593521,0.04060450941324234
DTCOLNVHFNM,2007-01-31,-0.053109362721443176,-0.036422532051801682,-0.0022264816798269749,0.029824629426002502,0.04092898964881897
DTCOLNVHFNM,2007-02-28,-0.043948188424110413,-0.033702347427606583,-0.00057807407574728131,0.034069392830133438,0.042544044554233551
DTCOLNVHFNM,2007-03-31,-0.039765246212482452,-0.029639149084687233,0.00093315355479717255,0.03634999692440033,0.042892981320619583
DTCOLNVHFNM,2007-04-30,-0.035149533301591873,-0.023938117548823357,0.0033000768162310123,0.033796899020671844,0.042062565684318542
DTCTHFNM,2005-05-31,-0.011627686209976673,-0.0097236111760139465,0.0011004292173311114,0.0093193529173731804,0.013982866890728474
DTCTHFNM,2005-06-30,-0.011278111487627029,-0.0072719845920801163,0.0019820001907646656,0.012568806298077106,0.0156144630163908
DTCTHFNM,2005-07-31,-0.024499738588929176,-0.019706085324287415,-0.0049620652571320534,0.0073336097411811352,0.0154216093942523
DTCTHFNM,2005-08-31,-0.01002747006714344,-0.0065162540413439274,0.00044339167652651668,0.0095297917723655701,0.013547292910516262
DTCTHFNM,2005-09-30,-0.013397077098488808,-0.010305393487215042,0.00016075506573542953,0.0096925916150212288,0.012949629686772823
DTCTHFNM,2005-10-31,-0.019526407122612,-0.015422733500599861,-0.002207903191447258,0.006035239901393652,0.013933357782661915
DTCTHFNM,2005-11-30,-0.017793910577893257,-0.011657620780169964,-0.0015482374001294374,0.0083193732425570488,0.012300326488912106
DTCTHFNM,2005-12-31,-0.010214214213192463,-0.0069929915480315685,0.0017122426070272923,0.012090128846466541,0.014492359012365341
DTCTHFNM,2006-01-31,-0.028723360970616341,-0.016576375812292099,-0.0041288244538009167,0.0044638845138251781,0.0088293058797717094
DTCTHFNM,2006-02-28,-0.012205211445689201,-0.0088934116065502167,-0.0010419050231575966,0.0066153397783637047,0.0096678063273429871
DTCTHFNM,2006-03-31,-0.010705609805881977,-0.007214822806417942,0.0011839768849313259,0.010001407936215401,0.01467607356607914
DTCTHFNM,2006-04-30,-0.013846582733094692,-0.010990861803293228,-0.00059730676002800465,0.0114775151014328,0.013902626931667328
DTCTHFNM,2006-05-31,-0.012987462803721428,-0.0062587810680270195,0.0018613837892189622,0.011026813648641109,0.014075500890612602
DTCTHFNM,2006-06-30,-0.011434366926550865,-0.0067189387045800686,0.0029859144706279039,0.015157302841544151,0.019776018336415291
DTCTHFNM,2006-07-31,-0.031032595783472061,-0.019829079508781433,-0.0024513290263712406,0.0082087991759181023,0.012487873435020447
DTCTHFNM,2006-08-31,-0.011620541103184223,-0.00697339978069067,0.0013760167639702559,0.0094280503690242767,0.011919141747057438
DTCTHFNM,2006-09-30,-0.0094242990016937256,-0.0059198783710598946,0.0019851101096719503,0.010014578700065613,0.020139820873737335
DTCTHFNM,2006-10-31,-0.021923450753092766,-0.015293230302631855,-0.0030321036465466022,0.0055084861814975739,0.009149894118309021
DTCTHFNM,2006-11-30,-0.018249448388814926,-0.01237974502146244,-0.001536995405331254,0.0079167652875185013,0.010247062891721725
DTCTHFNM,2006-12-31,-0.0108224768191576,-0.0081881582736968994,0.0013030054979026318,0.010864430107176304,0.016910826787352562
DTCTHFNM,2007-01-31,-0.024021701887249947,-0.015405821613967419,-0.0033564225304871798,0.010536154732108116,0.012386593036353588
DTCTHFNM,2007-02-28,-0.012958201579749584,-0.0084314970299601555,-0.00070512242382392287,0.0083025647327303886,0.012278060428798199
DTCTHFNM,2007-03-31,-0.014396212995052338,-0.009065466932952404,0.0019382892642170191,0.01135176420211792,0.016148863360285759
DTCTHFNM,2007-04-30,-0.016746174544095993,-0.011932607740163803,-0.0020257998257875443,0.0086641479283571243,0.011671441607177258
EXCAUSx,2005-05-31,-0.031088002026081085,-0.022284265607595444,0.001301359967328608,0.023180553689599037,0.032351698726415634
EXCAUSx,2005-06-30,-0.031850866973400116,-0.023719307035207748,-0.00086938345339149237,0.020874446257948875,0.029643867164850235
EXCAUSx,2005-07-31,-0.030754275619983673,-0.021868251264095306,-0.0023229261860251427,0.021216586232185364,0.025351321324706078
EXCAUSx,2005-08-31,-0.026447020471096039,-0.023451525717973709,-0.00057929649483412504,0.019656674936413765,0.022586042061448097
EXCAUSx,2005-09-30,-0.026695182546973228,-0.021514251828193665,0.0021029459312558174,0.024461599066853523,0.030816555023193359
EXCAUSx,2005-10-31,-0.030369305983185768,-0.024465341120958328,0.0017011463642120361,0.02090795710682869,0.025614773854613304
EXCAUSx,2005-11-30,-0.030057264491915703,-0.020758574828505516,0.00017709594976622611,0.020240278914570808,0.026456031948328018
EXCAUSx,2005-12-31,-0.031516134738922119,-0.019444866105914116,-0.0013344259932637215,0.020276520401239395,0.023325968533754349
EXCAUSx,2006-01-31,-0.030905934050679207,-0.024690365418791771,-0.0014861021190881729,0.017820537090301514,0.0236192736774683
EXCAUSx,2006-02-28,-0.023017536848783493,-0.017921224236488342,0.00058031233493238688,0.024198861792683601,0.032021448016166687
EXCAUSx,2006-03-31,-0.02222779393196106,-0.019120544195175171,0.00049538468010723591,0.021870901808142662,0.028942028060555458
EXCAUSx,2006-04-30,-0.033190477639436722,-0.021442422643303871,-0.00092592567671090364,0.018710693344473839,0.024116834625601768
EXCAUSx,2006-05-31,-0.032330170273780823,-0.023283235728740692,0.00012727241846732795,0.020213630050420761,0.029300883412361145
EXCAUSx,2006-06-30,-0.02860604040324688,-0.021957412362098694,0.0008800419163890183,0.023196274414658546,0.036570459604263306
EXCAUSx,2006-07-31,-0.024848049506545067,-0.021411292254924774,-0.00083589588757604361,0.016497494652867317,0.02133895643055439
EXCAUSx,2006-08-31,-0.033680714666843414,-0.029043175280094147,-0.0019177233334630728,0.019935807213187218,0.028086891397833824
EXCAUSx,2006-09-30,-0.028190493583679199,-0.023203698918223381,0.00014571061183232814,0.02139902301132679,0.030057741329073906
EXCAUSx,2006-10-31,-0.024846930056810379,-0.019895581528544426,0.0019768774509429932,0.018788343295454979,0.022039869800209999
EXCAUSx,2006-11-30,-0.027916666120290756,-0.021601960062980652,-0.00044500420335680246,0.020585119724273682,0.027228033170104027
EXCAUSx,2006-12-31,-0.033460874110460281,-0.022696152329444885,3.1488329113926739e-05,0.017254702746868134,0.024624515324831009
EXCAUSx,2007-01-31,-0.02571321465075016,-0.019800381734967232,0.0023225569166243076,0.021765684708952904,0.035214807838201523
EXCAUSx,2007-02-28,-0.025918742641806602,-0.020716466009616852,0.0014673039549961686,0.021983137354254723,0.030350273475050926
EXCAUSx,2007-03-31,-0.025002291426062584,-0.018227837979793549,0.0057434462942183018,0.02159448154270649,0.026744065806269646
EXCAUSx,2007-04-30,-0.024257920682430267,-0.020983282476663589,0.0011559562990441918,0.018406467512249947,0.025649409741163254
EXJPUSx,2005-05-31,-0.028355421498417854,-0.025368312373757362,0.0038027584087103605,0.034168973565101624,0.0468621626496315
EXJPUSx,2005-06-30,-0.049808401614427567,-0.030595140531659126,-4.1031860746443272e-05,0.026523871347308159,0.032618053257465363
EXJPUSx,2005-07-31,-0.03847065195441246,-0.031128095462918282,-0.0018646077951416373,0.027207184582948685,0.031544961035251617
EXJPUSx,2005-08-31,-0.045680820941925049,-0.030728034675121307,0.00036902946885675192,0.029517371207475662,0.034972123801708221
EXJPUSx,2005-09-30,-0.03200194239616394,-0.025405429303646088,0.00061535392887890339,0.021128218621015549,0.030661135911941528
EXJPUSx,2005-10-31,-0.048213198781013489,-0.034874141216278076,-0.0018791392212733626,0.019441757351160049,0.025965113192796707
EXJPUSx,2005-11-30,-0.040932133793830872,-0.031962770968675613,-0.0010123967658728361,0.025060087442398071,0.040708713233470917
EXJPUSx,2005-12-31,-0.042619284242391586,-0.029578646644949913,0.00087201467249542475,0.029177729040384293,0.036664649844169617
EXJPUSx,2006-01-31,-0.041676484048366547,-0.029930485412478447,0.0032639801502227783,0.02910512313246727,0.034836184233427048
EXJPUSx,2006-02-28,-0.047424770891666412,-0.032049883157014847,0.00059178704395890236,0.022157972678542137,0.038270134478807449
EXJPUSx,2006-03-31,-0.041743621230125427,-0.035295527428388596,-0.0045199012383818626,0.022422417998313904,0.030132310464978218
EXJPUSx,2006-04-30,-0.038231704384088516,-0.026324525475502014,0.00015879794955253601,0.025145778432488441,0.038264568895101547
EXJPUSx,2006-05-31,-0.046127423644065857,-0.03152923658490181,0.0034108899999409914,0.033831585198640823,0.039809998124837875
EXJPUSx,2006-06-30,-0.046326767653226852,-0.031134312972426414,2.4445820599794388e-05,0.026432162150740623,0.033703934401273727
EXJPUSx,2006-07-31,-0.045324292033910751,-0.033742249011993408,-0.00090964836999773979,0.022942887619137764,0.027075245976448059
EXJPUSx,2006-08-31,-0.051468547433614731,-0.033721912652254105,0.0001340918242931366,0.0258649792522192,0.030318507924675941
EXJPUSx,2006-09-30,-0.04954741895198822,-0.03291761502623558,0.00016145920380949974,0.024778593331575394,0.033171907067298889
EXJPUSx,2006-10-31,-0.03919517993927002,-0.026764251291751862,0.00017282646149396896,0.026804365217685699,0.034141361713409424
EXJPUSx,2006-11-30,-0.037641126662492752,-0.029802639037370682,-0.0034004221670329571,0.026336202397942543,0.037041731178760529
EXJPUSx,2006-12-31,-0.037415582686662674,-0.030205147340893745,0.0033309012651443481,0.024442210793495178,0.036643762141466141
EXJPUSx,2007-01-31,-0.046377994120121002,-0.032724499702453613,0.0051896143704652786,0.030708407983183861,0.039558518677949905
EXJPUSx,2007-02-28,-0.03314715251326561,-0.029166426509618759,-0.00023484497796744108,0.032639939337968826,0.038030441850423813
EXJPUSx,2007-03-31,-0.0439651720225811,-0.032984793186187744,-0.00086747575551271439,0.026677921414375305,0.029950955882668495
EXJPUSx,2007-04-30,-0.045540016144514084,-0.033289678394794464,-0.0046243462711572647,0.025065263733267784,0.030612295493483543
EXSZUSx,2005-05-31,-0.041674297302961349,-0.027841756120324135,0.0053811795078217983,0.031474664807319641,0.040036827325820923
EXSZUSx,2005-06-30,-0.052689820528030396,-0.039905775338411331,-0.0024876503739506006,0.028958432376384735,0.036845516413450241
EXSZUSx,2005-07-31,-0.044193282723426819,-0.036648128181695938,-0.0063902297988533974,0.027048822492361069,0.033349789679050446
EXSZUSx,2005-08-31,-0.042095538228750229,-0.035649113357067108,0.00011261645704507828,0.029575534164905548,0.037684068083763123
EXSZUSx,2005-09-30,-0.046134430915117264,-0.035596687346696854,-0.0080893849954009056,0.021777831017971039,0.028589915484189987
EXSZUSx,2005-10-31,-0.039446227252483368,-0.031979024410247803,-0.0053064557723701,0.022656014189124107,0.026842478662729263
EXSZUSx,2005-11-30,-0.045594878494739532,-0.032763775438070297,-0.0038892729207873344,0.032198790460824966,0.041291669011116028
EXSZUSx,2005-12-31,-0.045144207775592804,-0.037073817104101181,-0.0040383283048868179,0.020654754713177681,0.026258392259478569
EXSZUSx,2006-01-31,-0.047528266906738281,-0.036653533577919006,-0.0073635797016322613,0.024162838235497475,0.030797302722930908
EXSZUSx,2006-02-28,-0.041166998445987701,-0.030352463945746422,-0.0013645186554640532,0.028173966333270073,0.038018632680177689
EXSZUSx,2006-03-31,-0.042259994894266129,-0.034016847610473633,-0.0038832698483020067,0.024721767753362656,0.036508698016405106
EXSZUSx,2006-04-30,-0.04185095801949501,-0.034480657428503036,0.00013357494026422501,0.034131567925214767,0.045403871685266495
EXSZUSx,2006-05-31,-0.039115875959396362,-0.034303780645132065,-0.0018682566005736589,0.022431723773479462,0.031446810811758041
EXSZUSx,2006-06-30,-0.042479291558265686,-0.034755881875753403,-0.004127290565520525,0.022243509069085121,0.031334802508354187
EXSZUSx,2006-07-31,-0.045727085322141647,-0.032954219728708267,-0.0084239766001701355,0.022620351985096931,0.027188867330551147
EXSZUSx,2006-08-31,-0.044799983501434326,-0.032606657594442368,-0.0033127071801573038,0.024800529703497887,0.032091077417135239
EXSZUSx,2006-09-30,-0.035263370722532272,-0.026945501565933228,0.0019702841527760029,0.027205761522054672,0.040903311222791672
EXSZUSx,2006-10-31,-0.047221608459949493,-0.036038946360349655,-0.0017808881821110845,0.020615680143237114,0.026778886094689369
EXSZUSx,2006-11-30,-0.03966011106967926,-0.029913714155554771,-0.00049846549518406391,0.022201193496584892,0.034867599606513977
EXSZUSx,2006-12-31,-0.036846239119768143,-0.031668957322835922,-0.00078843254595994949,0.025749746710062027,0.033946242183446884
EXSZUSx,2007-01-31,-0.039517533034086227,-0.030748456716537476,-0.0020855576731264591,0.024550197646021843,0.031870368868112564
EXSZUSx,2007-02-28,-0.047344308346509933,-0.035734735429286957,-0.0051322998479008675,0.023711223155260086,0.029533857479691505
EXSZUSx,2007-03-31,-0.04400109127163887,-0.035423103719949722,0.0012019261484965682,0.027993325144052505,0.038646150380373001
EXSZUSx,2007-04-30,-0.038564030081033707,-0.02539331465959549,-0.00079645175719633698,0.025249702855944633,0.034844037145376205
EXUSUKx,2005-05-31,-0.031788546591997147,-0.026557117700576782,-0.0042136083357036114,0.016623783856630325,0.02584279328584671
EXUSUKx,2005-06-30,-0.034995011985301971,-0.028083654120564461,-0.0052718878723680973,0.017729019746184349,0.029725708067417145
EXUSUKx,2005-07-31,-0.027851825580000877,-0.021970245987176895,0.0012168493121862411,0.021233795210719109,0.033542539924383163
EXUSUKx,2005-08-31,-0.035400189459323883,-0.024182597175240517,-0.00083041738253086805,0.02525796927511692,0.033989757299423218
EXUSUKx,2005-09-30,-0.033126756548881531,-0.027405301108956337,-0.0020576107781380415,0.019987838342785835,0.025569537654519081
EXUSUKx,2005-10-31,-0.034077484160661697,-0.022930590435862541,0.0020495085045695305,0.025383591651916504,0.03425685316324234
EXUSUKx,2005-11-30,-0.040090803056955338,-0.03180352970957756,-0.0032553381752222776,0.020759826526045799,0.028765641152858734
EXUSUKx,2005-12-31,-0.036123938858509064,-0.028104690834879875,-0.00020295380090828985,0.023433351889252663,0.030101867392659187
EXUSUKx,2006-01-31,-0.038488540798425674,-0.027135225012898445,0.0026309923268854618,0.025495095178484917,0.036428805440664291
EXUSUKx,2006-02-28,-0.03212597593665123,-0.028693174943327904,0.0015139288734644651,0.029255663976073265,0.03847571462392807
EXUSUKx,2006-03-31,-0.042025256901979446,-0.034253433346748352,-0.0026261515449732542,0.027425613254308701,0.035012401640415192
EXUSUKx,2006-04-30,-0.030271874740719795,-0.021761571988463402,0.00067213515285402536,0.023287465795874596,0.028557164594531059
EXUSUKx,2006-05-31,-0.030498730018734932,-0.027152495458722115,-0.001381356967613101,0.028105694800615311,0.038761001080274582
EXUSUKx,2006-06-30,-0.031200708821415901,-0.022967938333749771,-0.0043521178886294365,0.028028575703501701,0.039609305560588837
EXUSUKx,2006-07-31,-0.036682944744825363,-0.024050112813711166,0.0017473764019086957,0.034825120121240616,0.043915987014770508
EXUSUKx,2006-08-31,-0.032123614102602005,-0.024665128439664841,0.0011666844366118312,0.021678932011127472,0.030389439314603806
EXUSUKx,2006-09-30,-0.040159188210964203,-0.028507214039564133,-0.00069599179551005363,0.025993656367063522,0.032302170991897583
EXUSUKx,2006-10-31,-0.028928551822900772,-0.026217292994260788,-0.0010695873061195016,0.027424653992056847,0.033672016113996506
EXUSUKx,2006-11-30,-0.032434843480587006,-0.022380618378520012,0.0010664230212569237,0.022045286372303963,0.028329400345683098
EXUSUKx,2006-12-31,-0.020182423293590546,-0.017203973606228828,0.0015075745759531856,0.026346450671553612,0.030727386474609375
EXUSUKx,2007-01-31,-0.031019257381558418,-0.023197749629616737,-0.00084102997789159417,0.026237022131681442,0.037482336163520813
EXUSUKx,2007-02-28,-0.037344597280025482,-0.029642878100275993,0.00094663293566554785,0.029000867158174515,0.036157950758934021
EXUSUKx,2007-03-31,-0.029390782117843628,-0.019333766773343086,0.0015544237103313208,0.022719608619809151,0.034273739904165268
EXUSUKx,2007-04-30,-0.032705593854188919,-0.025652986019849777,-0.00016333206440322101,0.028510347008705139,0.041518989950418472
FEDFUNDS,2005-05-31,-0.090921513736248016,-0.049731910228729248,0.13409924507141113,0.27237722277641296,0.33058455586433411
FEDFUNDS,2005-06-30,-0.1809317022562027,-0.046773180365562439,0.12319505959749222,0.36783730983734131,0.43756470084190369
FEDFUNDS,2005-07-31,-0.1845211535692215,-0.10281630605459213,0.083465978503227234,0.31010603904724121,0.38833838701248169
FEDFUNDS,2005-08-31,-0.1095871776342392,-0.039369426667690277,0.12644731998443604,0.29809436202049255,0.35412502288818359
FEDFUNDS,2005-09-30,-0.17012414336204529,-0.075617007911205292,0.11362023651599884,0.32689139246940613,0.41517594456672668
FEDFUNDS,2005-10-31,-0.22670139372348785,-0.13970685005187988,0.07136969268321991,0.3094656765460968,0.46345579624176025
FEDFUNDS,2005-11-30,-0.19323642551898956,-0.13286012411117554,0.10549356043338776,0.32712796330451965,0.43106710910797119
FEDFUNDS,2005-12-31,-0.35294118523597717,-0.25086396932601929,0.10363486409187317,0.38480585813522339,0.50475835800170898
FEDFUNDS,2006-01-31,-0.45012405514717102,-0.23437853157520294,0.063315577805042267,0.30023419857025146,0.42858770489692688
FEDFUNDS,2006-02-28,-0.40367278456687927,-0.2650296688079834,0.068766191601753235,0.33485904335975647,0.52321887016296387
FEDFUNDS,2006-03-31,-0.45515289902687073,-0.24904248118400574,0.072034150362014771,0.37143790721893311,0.44623824954032898
FEDFUNDS,2006-04-30,-0.475007563829422,-0.27745547890663147,0.0050578229129314423,0.3071247935295105,0.44827693700790405
FEDFUNDS,2006-05-31,-0.23253832757472992,-0.17637278139591217,0.068742752075195312,0.39515507221221924,0.58630096912384033
FEDFUNDS,2006-06-30,-0.25907328724861145,-0.17646819353103638,0.056657277047634125,0.33497309684753418,0.43507993221282959
FEDFUNDS,2006-07-31,-0.32531377673149109,-0.21635495126247406,0.079104989767074585,0.31694594025611877,0.48815634846687317
FEDFUNDS,2006-08-31,-0.41802811622619629,-0.23253980278968811,0.048388704657554626,0.33093050122261047,0.39502745866775513
FEDFUNDS,2006-09-30,-0.39996218681335449,-0.29334923624992371,0.030647844076156616,0.28430628776550293,0.42660197615623474
FEDFUNDS,2006-10-31,-0.52855908870697021,-0.31522977352142334,0.042951259762048721,0.25636479258537292,0.3200608491897583
FEDFUNDS,2006-11-30,-0.37501972913742065,-0.27959582209587097,0.01325109601020813,0.2844388484954834,0.52865695953369141
FEDFUNDS,2006-12-31,-0.38139942288398743,-0.27963519096374512,0.023720435798168182,0.25187146663665771,0.37021774053573608
FEDFUNDS,2007-01-31,-0.4269159734249115,-0.25383555889129639,0.011976795271039009,0.35652342438697815,0.45361083745956421
FEDFUNDS,2007-02-28,-0.31379121541976929,-0.21452084183692932,0.076402515172958374,0.38196206092834473,0.45032444596290588
FEDFUNDS,2007-03-31,-0.34276586771011353,-0.19889652729034424,0.069586299359798431,0.386699378490448,0.50875896215438843
FEDFUNDS,2007-04-30,-0.42675274610519409,-0.26450446248054504,0.02894166111946106,0.43498745560646057,0.48757964372634888
GS1,2005-05-31,-0.39024907350540161,-0.2950151264667511,-0.0016518605407327414,0.28032216429710388,0.38512048125267029
GS1,2005-06-30,-0.38328889012336731,-0.24341382086277008,0.0097858086228370667,0.23389264941215515,0.2873348593711853
GS1,2005-07-31,-0.37385624647140503,-0.30216673016548157,-0.0038374473806470633,0.37923291325569153,0.63726413249969482
GS1,2005-08-31,-0.2783660888671875,-0.18384557962417603,0.046389121562242508,0.31862929463386536,0.40542882680892944
GS1,2005-09-30,-0.28746342658996582,-0.22975334525108337,-0.015559988096356392,0.25036007165908813,0.38110679388046265
GS1,2005-10-31,-0.46926987171173096,-0.31285977363586426,-0.015383649617433548,0.27499717473983765,0.38715741038322449
GS1,2005-11-30,-0.50133925676345825,-0.37562310695648193,0.020369946956634521,0.31958910822868347,0.44156107306480408
GS1,2005-12-31,-0.41758748888969421,-0.29671159386634827,0.0022438447922468185,0.2455812394618988,0.35279369354248047
GS1,2006-01-31,-0.35568684339523315,-0.27673202753067017,0.022594278678297997,0.36162158846855164,0.46282777190208435
GS1,2006-02-28,-0.45652788877487183,-0.31320065259933472,0.051102492958307266,0.30660316348075867,0.46784064173698425
GS1,2006-03-31,-0.40979009866714478,-0.31452137231826782,0.027777235954999924,0.36859887838363647,0.4464440643787384
GS1,2006-04-30,-0.30427494645118713,-0.2549075186252594,0.0081699658185243607,0.30772393941879272,0.40033167600631714
GS1,2006-05-31,-0.26012590527534485,-0.21460647881031036,0.03171120211482048,0.31667584180831909,0.46930152177810669
GS1,2006-06-30,-0.4987107515335083,-0.34904834628105164,-0.00097124767489731312,0.28766468167304993,0.35573643445968628
GS1,2006-07-31,-0.4586988091468811,-0.3291308581829071,0.026305371895432472,0.38958320021629333,0.57541841268539429
GS1,2006-08-31,-0.3389226496219635,-0.26232257485389709,0.022210411727428436,0.26793357729911804,0.37262940406799316
GS1,2006-09-30,-0.39994099736213684,-0.34090232849121094,-0.017771122977137566,0.42026183009147644,0.52827060222625732
GS1,2006-10-31,-0.41491878032684326,-0.32037216424942017,0.0061943205073475838,0.32713207602500916,0.43728569149971008
GS1,2006-11-30,-0.35850119590759277,-0.22638528048992157,0.051242765039205551,0.3414740264415741,0.50595402717590332
GS1,2006-12-31,-0.40982472896575928,-0.27095356583595276,0.036904111504554749,0.34062197804450989,0.44093894958496094
GS1,2007-01-31,-0.35487747192382812,-0.27919143438339233,-0.013807069510221481,0.25496542453765869,0.43489572405815125
GS1,2007-02-28,-0.51580536365509033,-0.23834541440010071,0.015913378447294235,0.34007835388183594,0.52219051122665405
GS1,2007-03-31,-0.52440917491912842,-0.33971855044364929,0.025160036981105804,0.37926992774009705,0.46590971946716309
GS1,2007-04-30,-0.38969817757606506,-0.27851077914237976,-0.011064276099205017,0.33437374234199524,0.3952522873878479
GS10,2005-05-31,-0.34696316719055176,-0.29863184690475464,-0.022710591554641724,0.24635720252990723,0.33934330940246582
GS10,2005-06-30,-0.3985503613948822,-0.29995208978652954,-0.048027954995632172,0.25886139273643494,0.36729329824447632
GS10,2005-07-31,-0.35753017663955688,-0.31693190336227417,-0.0097855934873223305,0.31602960824966431,0.41815730929374695
GS10,2005-08-31,-0.48391973972320557,-0.3331773579120636,-0.04223385825753212,0.22043319046497345,0.32877129316329956
GS10,2005-09-30,-0.3368910551071167,-0.25994905829429626,0.018836000934243202,0.32073491811752319,0.41041961312294006
GS10,2005-10-31,-0.41580542922019958,-0.31473922729492188,-0.021112548187375069,0.2552553117275238,0.37432181835174561
GS10,2005-11-30,-0.40708515048027039,-0.28066372871398926,-0.0053012426942586899,0.32684099674224854,0.40335077047348022
GS10,2005-12-31,-0.35935938358306885,-0.27700266242027283,-0.010095801204442978,0.30274531245231628,0.40456724166870117
GS10,2006-01-31,-0.32622754573822021,-0.2715924084186554,-0.010453006252646446,0.43539741635322571,0.55805510282516479
GS10,2006-02-28,-0.36067900061607361,-0.28985196352005005,-0.018204305320978165,0.24836669862270355,0.3329697847366333
GS10,2006-03-31,-0.40059292316436768,-0.25895527005195618,0.027086829766631126,0.25219336152076721,0.31593731045722961
GS10,2006-04-30,-0.38994747400283813,-0.27207490801811218,-0.0065669859759509563,0.29367390275001526,0.38782867789268494
GS10,2006-05-31,-0.43660840392112732,-0.31861317157745361,-0.025520196184515953,0.30467474460601807,0.35245102643966675
GS10,2006-06-30,-0.32025459408760071,-0.26262623071670532,0.015963735058903694,0.38381639122962952,0.44033455848693848
GS10,2006-07-31,-0.33572834730148315,-0.25342151522636414,-0.009917035698890686,0.22544676065444946,0.2830069363117218
GS10,2006-08-31,-0.35594123601913452,-0.27177804708480835,-0.027807280421257019,0.22618547081947327,0.2899957001209259
GS10,2006-09-30,-0.40834158658981323,-0.28635469079017639,-0.03967946395277977,0.29746347665786743,0.43266239762306213
GS10,2006-10-31,-0.51835674047470093,-0.34285956621170044,-0.056323867291212082,0.17725421488285065,0.3294026255607605
GS10,2006-11-30,-0.45005145668983459,-0.26845666766166687,0.0042084450833499432,0.22832415997982025,0.30405208468437195
GS10,2006-12-31,-0.32445359230041504,-0.2522352933883667,-0.017645321786403656,0.30124834179878235,0.44490799307823181
GS10,2007-01-31,-0.37998121976852417,-0.28425592184066772,-0.0039265211671590805,0.32557070255279541,0.45915147662162781
GS10,2007-02-28,-0.34265550971031189,-0.25894129276275635,0.0059466236270964146,0.27633202075958252,0.39144107699394226
GS10,2007-03-31,-0.27350899577140808,-0.20969225466251373,-0.0026657166890799999,0.28882825374603271,0.38605156540870667
GS10,2007-04-30,-0.40933352708816528,-0.25307661294937134,-0.010692251846194267,0.28336495161056519,0.31174683570861816
GS5,2005-05-31,-0.47828486561775208,-0.35235589742660522,-0.048845589160919189,0.24597834050655365,0.36595737934112549
GS5,2005-06-30,-0.41809022426605225,-0.38563883304595947,-0.032072234898805618,0.37557286024093628,0.41186961531639099
GS5,2005-07-31,-0.36789733171463013,-0.28871667385101318,0.016198037192225456,0.34870868921279907,0.41584795713424683
GS5,2005-08-31,-0.44552001357078552,-0.39667034149169922,-0.054489172995090485,0.26569047570228577,0.44335317611694336
GS5,2005-09-30,-0.41741141676902771,-0.30304929614067078,-0.017373669892549515,0.31849414110183716,0.46386831998825073
GS5,2005-10-31,-0.45690584182739258,-0.33525523543357849,-0.032129429280757904,0.31611686944961548,0.43127539753913879
GS5,2005-11-30,-0.42479968070983887,-0.35438400506973267,-0.036491319537162781,0.34031450748443604,0.44089701771736145
GS5,2005-12-31,-0.48306277394294739,-0.41486376523971558,-0.034573815762996674,0.29952958226203918,0.38303729891777039
GS5,2006-01-31,-0.39241352677345276,-0.30440303683280945,-0.00018717814236879349,0.25411954522132874,0.28385117650032043
GS5,2006-02-28,-0.39476823806762695,-0.28795915842056274,-0.042486835271120071,0.27313685417175293,0.38913795351982117
GS5,2006-03-31,-0.38535681366920471,-0.28711462020874023,0.013239666819572449,0.37113663554191589,0.52995020151138306
GS5,2006-04-30,-0.44099053740501404,-0.34393516182899475,-0.016252294182777405,0.3493923544883728,0.38633847236633301
GS5,2006-05-31,-0.36689096689224243,-0.26858082413673401,0.025869589298963547,0.36747950315475464,0.47587403655052185
GS5,2006-06-30,-0.37752297520637512,-0.2883790135383606,-0.02067682147026062,0.43536576628684998,0.52423363924026489
GS5,2006-07-31,-0.56405097246170044,-0.35313713550567627,-0.011433009058237076,0.29809680581092834,0.37555378675460815
GS5,2006-08-31,-0.42273139953613281,-0.31674987077713013,-0.024723872542381287,0.22484526038169861,0.31951802968978882
GS5,2006-09-30,-0.42757585644721985,-0.31254211068153381,-0.037159956991672516,0.26162061095237732,0.32559597492218018
GS5,2006-10-31,-0.53901320695877075,-0.39654046297073364,0.0066642407327890396,0.26268404722213745,0.45273363590240479
GS5,2006-11-30,-0.39955070614814758,-0.26315110921859741,0.0012991530820727348,0.33198228478431702,0.41773879528045654
GS5,2006-12-31,-0.40738371014595032,-0.29544499516487122,0.0062649110332131386,0.2768365740776062,0.35471320152282715
GS5,2007-01-31,-0.37215885519981384,-0.26709875464439392,0.029252823442220688,0.3447536826133728,0.3933911919593811
GS5,2007-02-28,-0.4268258810043335,-0.29843959212303162,-0.0025224513374269009,0.26108399033546448,0.39804613590240479
GS5,2007-03-31,-0.42946919798851013,-0.33064872026443481,-0.015455741435289383,0.4324907660484314,0.51980644464492798
GS5,2007-04-30,-0.36386513710021973,-0.27359649538993835,-0.01269181165844202,0.3880513608455658,0.51443201303482056
HOUST,2005-05-31,7.5084176063537598,7.5339474678039551,7.6232089996337891,7.7029271125793457,7.7483906745910645
HOUST,2005-06-30,7.4672679901123047,7.5395164489746094,7.6156454086303711,7.7131752967834473,7.7413425445556641
HOUST,2005-07-31,7.4901618957519531,7.5135765075683594,7.5979223251342773,7.718839168548584,7.7441878318786621
HOUST,2005-08-31,7.4074139595031738,7.4860787391662598,7.6081275939941406,7.72015380859375,7.7384309768676758
HOUST,2005-09-30,7.4779877662658691,7.4923720359802246,7.6095800399780273,7.7310571670532227,7.7920346260070801
HOUST,2005-10-31,7.3933463096618652,7.4899735450744629,7.6021413803100586,7.7393631935119629,7.7669410705566406
HOUST,2005-11-30,7.4610533714294434,7.5076289176940918,7.6248874664306641,7.747948169708252,7.8070316314697266
HOUST,2005-12-31,7.3405332565307617,7.4408526420593262,7.5977754592895508,7.7314848899841309,7.8194484710693359
HOUST,2006-01-31,7.3955020904541016,7.4418835639953613,7.6063165664672852,7.7559418678283691,7.788543701171875
HOUST,2006-02-28,7.2543187141418457,7.3916845321655273,7.5669198036193848,7.7515640258789062,7.8036031723022461
HOUST,2006-03-31,7.3352532386779785,7.3985228538513184,7.5942516326904297,7.7645926475524902,7.8299102783203125
HOUST,2006-04-30,7.3236856460571289,7.4039363861083984,7.5810031890869141,7.733302116394043,7.7973074913024902
HOUST,2006-05-31,7.421013355255127,7.461463451385498,7.5979652404785156,7.7648448944091797,7.7993760108947754
HOUST,2006-06-30,7.3202128410339355,7.3893532752990723,7.5978045463562012,7.7753219604492188,7.8152475357055664
HOUST,2006-07-31,7.2825789451599121,7.3796701431274414,7.6170649528503418,7.7691965103149414,7.8151102066040039
HOUST,2006-08-31,7.367164134979248,7.3947224617004395,7.5703611373901367,7.8011312484741211,7.8490705490112305
HOUST,2006-09-30,7.3314557075500488,7.4160232543945312,7.6044979095458984,7.7891731262207031,7.8653345108032227
HOUST,2006-10-31,7.2956585884094238,7.3588714599609375,7.5992798805236816,7.755528450012207,7.8246846199035645
HOUST,2006-11-30,7.2705535888671875,7.3364529609680176,7.6085424423217773,7.7844595909118652,7.8147087097167969
HOUST,2006-12-31,7.2413821220397949,7.3334712982177734,7.5653433799743652,7.8097972869873047,7.9123249053955078
HOUST,2007-01-31,7.2896385192871094,7.3532519340515137,7.6020364761352539,7.7821750640869141,7.8878970146179199
HOUST,2007-02-28,7.3066673278808594,7.3844146728515625,7.5964574813842773,7.8018698692321777,7.8762602806091309
HOUST,2007-03-31,7.2934379577636719,7.3904500007629395,7.585594654083252,7.8042869567871094,7.8938117027282715
HOUST,2007-04-30,7.2765393257141113,7.3390264511108398,7.5819730758666992,7.8137526512145996,7.875999927520752
HOUSTMW,2005-05-31,5.6450405120849609,5.6767816543579102,5.8335170745849609,5.9592471122741699,6.0101914405822754
HOUSTMW,2005-06-30,5.6613912582397461,5.706575870513916,5.8628239631652832,5.9898195266723633,6.017092227935791
HOUSTMW,2005-07-31,5.6292223930358887,5.6612963676452637,5.8287019729614258,5.9885730743408203,6.040947437286377
HOUSTMW,2005-08-31,5.6245646476745605,5.6653485298156738,5.8277988433837891,5.9871354103088379,6.0559272766113281
HOUSTMW,2005-09-30,5.6201543807983398,5.6512947082519531,5.8351192474365234,6.0168771743774414,6.0542435646057129
HOUSTMW,2005-10-31,5.6676349639892578,5.6852083206176758,5.8791923522949219,6.0343461036682129,6.0442056655883789
HOUSTMW,2005-11-30,5.5723085403442383,5.6543145179748535,5.8745689392089844,6.0384378433227539,6.0840606689453125
HOUSTMW,2005-12-31,5.5844149589538574,5.6541023254394531,5.8567705154418945,5.9932394027709961,6.0550036430358887
HOUSTMW,2006-01-31,5.5246906280517578,5.6371932029724121,5.8325252532958984,6.0017838478088379,6.0677685737609863
HOUSTMW,2006-02-28,5.6455411911010742,5.6790933609008789,5.8713960647583008,6.049410343170166,6.112637996673584
HOUSTMW,2006-03-31,5.5377030372619629,5.6142067909240723,5.836277961730957,6.0352206230163574,6.1201810836791992
HOUSTMW,2006-04-30,5.6142830848693848,5.6904878616333008,5.8695468902587891,6.024993896484375,6.0762572288513184
HOUSTMW,2006-05-31,5.5674519538879395,5.6443696022033691,5.8707194328308105,6.051307201385498,6.0933794975280762
HOUSTMW,2006-06-30,5.5594420433044434,5.6247963905334473,5.8260536193847656,6.0178160667419434,6.0711579322814941
HOUSTMW,2006-07-31,5.5158686637878418,5.6434130668640137,5.8854160308837891,6.0690398216247559,6.1556344032287598
HOUSTMW,2006-08-31,5.5596733093261719,5.6229391098022461,5.8589191436767578,6.0574002265930176,6.0967154502868652
HOUSTMW,2006-09-30,5.5822162628173828,5.6305303573608398,5.8400797843933105,6.034395694732666,6.1499805450439453
HOUSTMW,2006-10-31,5.5165367126464844,5.6132869720458984,5.8538632392883301,6.1010589599609375,6.1759567260742188
HOUSTMW,2006-11-30,5.6282148361206055,5.6831979751586914,5.8590312004089355,6.060305118560791,6.1592330932617188
HOUSTMW,2006-12-31,5.5370979309082031,5.5783185958862305,5.8717498779296875,6.0954179763793945,6.1584067344665527
HOUSTMW,2007-01-31,5.474027156829834,5.574709415435791,5.8259501457214355,6.0304875373840332,6.0840048789978027
HOUSTMW,2007-02-28,5.4216251373291016,5.6086583137512207,5.8624100685119629,6.079953670501709,6.1640372276306152
HOUSTMW,2007-03-31,5.5073370933532715,5.6158576011657715,5.8577418327331543,6.0630288124084473,6.1235737800598145
HOUSTMW,2007-04-30,5.3157858848571777,5.6012215614318848,5.8479709625244141,6.1186399459838867,6.2204499244689941
HOUSTNE,2005-05-31,5.0685200691223145,5.1139159202575684,5.2541370391845703,5.3713598251342773,5.4036068916320801
HOUSTNE,2005-06-30,5.0580554008483887,5.1054425239562988,5.2396211624145508,5.3834986686706543,5.4783697128295898
HOUSTNE,2005-07-31,5.0823326110839844,5.1281623840332031,5.2672662734985352,5.4221377372741699,5.4666266441345215
HOUSTNE,2005-08-31,5.0433621406555176,5.0848321914672852,5.2440729141235352,5.4365711212158203,5.512671947479248
HOUSTNE,2005-09-30,4.9470396041870117,5.0295004844665527,5.2385115623474121,5.4008603096008301,5.4484748840332031
HOUSTNE,2005-10-31,4.9596695899963379,5.0876917839050293,5.2650971412658691,5.4451699256896973,5.4798345565795898
HOUSTNE,2005-11-30,5.0594730377197266,5.1270923614501953,5.2670049667358398,5.435084342956543,5.4749636650085449
HOUSTNE,2005-12-31,5.024235725402832,5.0979757308959961,5.26507568359375,5.4116005897521973,5.5014266967773438
HOUSTNE,2006-01-31,5.0304899215698242,5.0752701759338379,5.2549352645874023,5.4517030715942383,5.5629973411560059
HOUSTNE,2006-02-28,5.0379500389099121,5.0887770652770996,5.2872285842895508,5.4791913032531738,5.5067844390869141
HOUSTNE,2006-03-31,4.9229946136474609,5.0032753944396973,5.2751669883728027,5.4506998062133789,5.5071415901184082
HOUSTNE,2006-04-30,5.0068016052246094,5.0427360534667969,5.2678108215332031,5.4144086837768555,5.4847288131713867
HOUSTNE,2006-05-31,4.8934812545776367,5.0118803977966309,5.2724237442016602,5.4850382804870605,5.5950570106506348
HOUSTNE,2006-06-30,4.9355688095092773,5.0457863807678223,5.2511682510375977,5.4594926834106445,5.5411734580993652
HOUSTNE,2006-07-31,4.9500594139099121,5.0023236274719238,5.255190372467041,5.523681640625,5.5676283836364746
HOUSTNE,2006-08-31,4.8698968887329102,4.9548506736755371,5.253026008605957,5.4962868690490723,5.5581049919128418
HOUSTNE,2006-09-30,4.871516227722168,4.9330086708068848,5.2864995002746582,5.6050019264221191,5.7335391044616699
HOUSTNE,2006-10-31,4.9041604995727539,4.9769983291625977,5.2867307662963867,5.5276751518249512,5.6184730529785156
HOUSTNE,2006-11-30,4.8911781311035156,4.992213249206543,5.2440567016601562,5.5214080810546875,5.6632728576660156
HOUSTNE,2006-12-31,4.7919678688049316,4.9753460884094238,5.2803831100463867,5.6081585884094238,5.6978578567504883
HOUSTNE,2007-01-31,4.9880566596984863,5.037989616394043,5.2845587730407715,5.5499634742736816,5.6077771186828613
HOUSTNE,2007-02-28,4.9409127235412598,5.0518918037414551,5.2971267700195312,5.5516233444213867,5.5844101905822754
HOUSTNE,2007-03-31,4.9445490837097168,4.9926095008850098,5.2473783493041992,5.537628173828125,5.6546144485473633
HOUSTNE,2007-04-30,4.8906612396240234,4.969205379486084,5.1936497688293457,5.5036892890930176,5.6423282623291016
HOUSTS,2005-05-31,6.7300496101379395,6.7580642700195312,6.8643875122070312,6.9759798049926758,6.9929909706115723
HOUSTS,2005-06-30,6.7069225311279297,6.753608226776123,6.896026611328125,7.0031394958496094,7.0406217575073242
HOUSTS,2005-07-31,6.7070646286010742,6.7520480155944824,6.8698606491088867,7.0018243789672852,7.0491399765014648
HOUSTS,2005-08-31,6.6395206451416016,6.7201271057128906,6.8873157501220703,7.0170726776123047,7.0621747970581055
HOUSTS,2005-09-30,6.6644244194030762,6.6917085647583008,6.8420548439025879,7.0169863700866699,7.054140567779541
HOUSTS,2005-10-31,6.6349983215332031,6.6935343742370605,6.8785648345947266,7.0115466117858887,7.0360689163208008
HOUSTS,2005-11-30,6.672980785369873,6.7117547988891602,6.8942022323608398,7.0467209815979004,7.0605969429016113
HOUSTS,2005-12-31,6.5422601699829102,6.6607542037963867,6.8367719650268555,7.0309710502624512,7.1184086799621582
HOUSTS,2006-01-31,6.508509635925293,6.653937816619873,6.8595867156982422,7.0689229965209961,7.1433663368225098
HOUSTS,2006-02-28,6.5512738227844238,6.6866989135742188,6.8878564834594727,7.0973448753356934,7.1614542007446289
HOUSTS,2006-03-31,6.6130304336547852,6.6647191047668457,6.8432803153991699,7.0607171058654785,7.078648567199707
HOUSTS,2006-04-30,6.550633430480957,6.6465182304382324,6.8503808975219727,7.0585126876831055,7.120417594909668
HOUSTS,2006-05-31,6.6145477294921875,6.6665468215942383,6.86944580078125,7.0363283157348633,7.0758476257324219
HOUSTS,2006-06-30,6.5286335945129395,6.6592426300048828,6.8484411239624023,7.1222901344299316,7.1459560394287109
HOUSTS,2006-07-31,6.4850449562072754,6.6196112632751465,6.8231887817382812,7.0711503028869629,7.1591119766235352
HOUSTS,2006-08-31,6.5380945205688477,6.6071200370788574,6.8607630729675293,7.0983996391296387,7.1515274047851562
HOUSTS,2006-09-30,6.5547986030578613,6.6321239471435547,6.8674449920654297,7.1087946891784668,7.2174901962280273
HOUSTS,2006-10-31,6.4842267036437988,6.5560135841369629,6.8576879501342773,7.1207637786865234,7.1587252616882324
HOUSTS,2006-11-30,6.3853044509887695,6.5689620971679688,6.8903956413269043,7.080935001373291,7.1192216873168945
HOUSTS,2006-12-31,6.4474062919616699,6.6045088768005371,6.885075569152832,7.1295590400695801,7.2035679817199707
HOUSTS,2007-01-31,6.4290971755981445,6.5539975166320801,6.8524665832519531,7.1761679649353027,7.2824921607971191
HOUSTS,2007-02-28,6.3462276458740234,6.5181951522827148,6.8520631790161133,7.1445016860961914,7.2061605453491211
HOUSTS,2007-03-31,6.4193191528320312,6.5472478866577148,6.8238620758056641,7.094395637512207,7.29388427734375
HOUSTS,2007-04-30,6.4418706893920898,6.5388884544372559,6.8656425476074219,7.135826587677002,7.1943669319152832
HOUSTW,2005-05-31,6.1181674003601074,6.1337800025939941,6.2475028038024902,6.3661723136901855,6.3851318359375
HOUSTW,2005-06-30,6.0951356887817383,6.126121997833252,6.2405776977539062,6.3737192153930664,6.4418778419494629
HOUSTW,2005-07-31,6.0298590660095215,6.1270179748535156,6.2547397613525391,6.3965878486633301,6.4359912872314453
HOUSTW,2005-08-31,6.0967645645141602,6.1528630256652832,6.2459030151367188,6.4024500846862793,6.4327635765075684
HOUSTW,2005-09-30,6.009221076965332,6.0899286270141602,6.2276706695556641,6.3661255836486816,6.4003009796142578
HOUSTW,2005-10-31,6.047731876373291,6.0729513168334961,6.2278890609741211,6.3455114364624023,6.411198616027832
HOUSTW,2005-11-30,6.0239334106445312,6.0753049850463867,6.2157211303710938,6.3792519569396973,6.430056095123291
HOUSTW,2005-12-31,6.0054779052734375,6.0836448669433594,6.2367949485778809,6.4307646751403809,6.4922633171081543
HOUSTW,2006-01-31,6.0050797462463379,6.0844025611877441,6.2440676689147949,6.4506773948669434,6.4807353019714355
HOUSTW,2006-02-28,5.8509407043457031,5.992894172668457,6.233830451965332,6.374298095703125,6.4050440788269043
HOUSTW,2006-03-31,5.8929872512817383,6.0049476623535156,6.2321405410766602,6.432654857635498,6.4752020835876465
HOUSTW,2006-04-30,5.8199267387390137,5.9686455726623535,6.2035512924194336,6.3975844383239746,6.4725170135498047
HOUSTW,2006-05-31,5.9268670082092285,6.0090713500976562,6.2373137474060059,6.4289579391479492,6.4572486877441406
HOUSTW,2006-06-30,5.9035806655883789,5.9906210899353027,6.2100481986999512,6.388542652130127,6.4573769569396973
HOUSTW,2006-07-31,5.9181489944458008,6.0177664756774902,6.2472701072692871,6.4949884414672852,6.5508208274841309
HOUSTW,2006-08-31,5.8047122955322266,5.9049167633056641,6.193089485168457,6.408355712890625,6.5068039894104004
HOUSTW,2006-09-30,5.8839812278747559,6.019554615020752,6.2154293060302734,6.4291467666625977,6.4916462898254395
HOUSTW,2006-10-31,5.8805947303771973,6.0148487091064453,6.2230930328369141,6.4642949104309082,6.5411462783813477
HOUSTW,2006-11-30,5.8625998497009277,5.9976387023925781,6.2173676490783691,6.4615874290466309,6.5657076835632324
HOUSTW,2006-12-31,5.6357979774475098,5.8655548095703125,6.2301359176635742,6.4527273178100586,6.538630485534668
HOUSTW,2007-01-31,5.7152705192565918,5.8705458641052246,6.1937851905822754,6.4410858154296875,6.5488829612731934
HOUSTW,2007-02-28,5.7693753242492676,5.8587746620178223,6.2048630714416504,6.4533214569091797,6.5018901824951172
HOUSTW,2007-03-31,5.7081313133239746,5.9101996421813965,6.2184514999389648,6.4493803977966309,6.5286135673522949
HOUSTW,2007-04-30,5.8512063026428223,5.9405593872070312,6.1903109550476074,6.4249677658081055,6.5297389030456543
HWI,2005-05-31,-342.16015625,-268.14022827148438,-23.083938598632812,240.0374755859375,326.78985595703125
HWI,2005-06-30,-282.90182495117188,-218.83877563476562,60.32196044921875,316.62957763671875,368.01254272460938
HWI,2005-07-31,-400.608642578125,-254.4637451171875,20.972156524658203,243.56015014648438,330.90087890625
HWI,2005-08-31,-316.97531127929688,-235.08842468261719,47.421600341796875,256.36798095703125,342.10806274414062
HWI,2005-09-30,-379.20291137695312,-270.8668212890625,12.323888778686523,278.44781494140625,311.47210693359375
HWI,2005-10-31,-306.08261108398438,-241.88803100585938,24.053237915039062,318.01565551757812,397.46087646484375
HWI,2005-11-30,-337.74655151367188,-262.59234619140625,-12.379350662231445,274.71005249023438,312.8590087890625
HWI,2005-12-31,-249.57363891601562,-210.96697998046875,13.38599681854248,240.28546142578125,310.88113403320312
HWI,2006-01-31,-314.74853515625,-259.809814453125,-2.3157784938812256,254.07931518554688,356.58078002929688
HWI,2006-02-28,-303.61001586914062,-229.73539733886719,16.046886444091797,236.97137451171875,345.93612670898438
HWI,2006-03-31,-327.97308349609375,-276.15188598632812,54.25897216796875,314.47286987304688,380.22833251953125
HWI,2006-04-30,-261.0396728515625,-226.99298095703125,22.228412628173828,264.7689208984375,351.56283569335938
HWI,2006-05-31,-311.072998046875,-234.08317565917969,1.1481316089630127,243.14872741699219,336.06329345703125
HWI,2006-06-30,-294.56509399414062,-223.39215087890625,55.941505432128906,287.54791259765625,358.80398559570312
HWI,2006-07-31,-431.40777587890625,-362.17434692382812,-24.312511444091797,285.04248046875,398.88619995117188
HWI,2006-08-31,-276.84063720703125,-247.14106750488281,7.0188426971435547,211.11505126953125,289.01968383789062
HWI,2006-09-30,-279.75445556640625,-228.88847351074219,7.5259900093078613,227.52827453613281,368.95318603515625
HWI,2006-10-31,-260.93801879882812,-206.29254150390625,17.266838073730469,242.84385681152344,382.1690673828125
HWI,2006-11-30,-372.08074951171875,-260.67169189453125,-46.674755096435547,277.81240844726562,379.31607055664062
HWI,2006-12-31,-363.02349853515625,-256.48971557617188,2.2271933555603027,256.47088623046875,311.01528930664062
HWI,2007-01-31,-339.13427734375,-236.1722412109375,2.120872974395752,255.49891662597656,359.22793579101562
HWI,2007-02-28,-350.50820922851562,-203.77413940429688,30.350248336791992,237.34364318847656,307.8944091796875
HWI,2007-03-31,-291.1802978515625,-209.02862548828125,8.2924690246582031,266.81961059570312,365.9727783203125
HWI,2007-04-30,-298.51791381835938,-219.42306518554688,12.215753555297852,236.51861572265625,287.93069458007812
HWIURATIO,2005-05-31,-0.060421764850616455,-0.04711763933300972,0.0012511304812505841,0.040857050567865372,0.057765413075685501
HWIURATIO,2005-06-30,-0.045151945203542709,-0.032111138105392456,0.013163876719772816,0.040505167096853256,0.056768998503684998
HWIURATIO,2005-07-31,-0.04603823646903038,-0.03513089194893837,0.0070551000535488129,0.065117910504341125,0.093466639518737793
HWIURATIO,2005-08-31,-0.05002676323056221,-0.037518225610256195,0.0089024323970079422,0.051821578294038773,0.063995003700256348
HWIURATIO,2005-09-30,-0.057061363011598587,-0.039538417011499405,0.0056750336661934853,0.039891995489597321,0.047604087740182877
HWIURATIO,2005-10-31,-0.04831216111779213,-0.035504162311553955,0.006990023422986269,0.046259276568889618,0.065448515117168427
HWIURATIO,2005-11-30,-0.04921853169798851,-0.036116547882556915,0.0083589516580104828,0.047604776918888092,0.052666526287794113
HWIURATIO,2005-12-31,-0.049410272389650345,-0.041930843144655228,0.0047015100717544556,0.04720204696059227,0.059660512953996658
HWIURATIO,2006-01-31,-0.060373689979314804,-0.044377487152814865,-0.00051384186372160912,0.047594230622053146,0.062780082225799561
HWIURATIO,2006-02-28,-0.073118142783641815,-0.035273950546979904,0.0040432997047901154,0.033349759876728058,0.051454178988933563
HWIURATIO,2006-03-31,-0.051249407231807709,-0.042195096611976624,0.0035498044453561306,0.043569363653659821,0.062497947365045547
HWIURATIO,2006-04-30,-0.059404388070106506,-0.046587478369474411,0.0048836134374141693,0.042885053902864456,0.054832156747579575
HWIURATIO,2006-05-31,-0.053996376693248749,-0.038739688694477081,0.0042856433428823948,0.05322549119591713,0.059842165559530258
HWIURATIO,2006-06-30,-0.041773494333028793,-0.034326881170272827,0.0038062459789216518,0.038952428847551346,0.050786830484867096
HWIURATIO,2006-07-31,-0.054482892155647278,-0.042294256389141083,0.0025960211642086506,0.044269073754549026,0.057423382997512817
HWIURATIO,2006-08-31,-0.057161428034305573,-0.038114108145236969,-9.913833491737023e-05,0.037657905369997025,0.072448968887329102
HWIURATIO,2006-09-30,-0.054036367684602737,-0.033268064260482788,0.0042359530925750732,0.042557500302791595,0.050031602382659912
HWIURATIO,2006-10-31,-0.066025890409946442,-0.041969414800405502,-0.001618002075701952,0.036854270845651627,0.05369928851723671
HWIURATIO,2006-11-30,-0.056648533791303635,-0.0433058962225914,0.0040952237322926521,0.040244530886411667,0.056073788553476334
HWIURATIO,2006-12-31,-0.052395734935998917,-0.040900547057390213,0.0029643159359693527,0.055904917418956757,0.071430176496505737
HWIURATIO,2007-01-31,-0.050528209656476974,-0.038948960602283478,0.0034023663029074669,0.042336918413639069,0.054059583693742752
HWIURATIO,2007-02-28,-0.046906039118766785,-0.037666782736778259,0.0039572473615407944,0.049920413643121719,0.069778800010681152
HWIURATIO,2007-03-31,-0.04059784859418869,-0.030238494277000427,0.0034570225980132818,0.041451506316661835,0.054935529828071594
HWIURATIO,2007-04-30,-0.061696965247392654,-0.039311259984970093,0.00097860000096261501,0.045007560402154922,0.059597499668598175
INDPRO,2005-05-31,-0.0046397373080253601,-0.0030067590996623039,0.0020396022591739893,0.0081160087138414383,0.008795982226729393
INDPRO,2005-06-30,-0.0053030308336019516,-0.0041422261856496334,0.0028395820409059525,0.0082241836935281754,0.0095020178705453873
INDPRO,2005-07-31,-0.005794283002614975,-0.0036304290406405926,0.0015182795468717813,0.0074740247800946236,0.0088199218735098839
INDPRO,2005-08-31,-0.0054415934719145298,-0.0045081744901835918,0.0018689634744077921,0.0082273855805397034,0.0093436390161514282
INDPRO,2005-09-30,-0.0064843669533729553,-0.0048991176299750805,0.0030914826784282923,0.0087238466367125511,0.0095158834010362625
INDPRO,2005-10-31,-0.0050168922170996666,-0.0036622474435716867,0.0035177716054022312,0.0075986385345458984,0.0088883200660347939
INDPRO,2005-11-30,-0.0061280881054699421,-0.0040463763289153576,0.0027053072117269039,0.0091502461582422256,0.010438984259963036
INDPRO,2005-12-31,-0.0057083270512521267,-0.0040135742165148258,0.002073473297059536,0.0081786541268229485,0.010099850594997406
INDPRO,2006-01-31,-0.0094959493726491928,-0.0056300242431461811,0.0017524799332022667,0.0085421837866306305,0.010815261863172054
INDPRO,2006-02-28,-0.0070030461065471172,-0.0052725947462022305,0.0015836849343031645,0.0072173364460468292,0.0085849948227405548
INDPRO,2006-03-31,-0.0057241911999881268,-0.0033349371515214443,0.0020727308001369238,0.0087142642587423325,0.011391212232410908
INDPRO,2006-04-30,-0.0052350321784615517,-0.0037608847487717867,0.0032417015172541142,0.0083373002707958221,0.01010524295270443
INDPRO,2006-05-31,-0.004632728174328804,-0.0027193774003535509,0.0031221490353345871,0.0098428735509514809,0.011847942136228085
INDPRO,2006-06-30,-0.0049336128868162632,-0.0038886384572833776,0.0026669111102819443,0.0082235783338546753,0.011302021332085133
INDPRO,2006-07-31,-0.0052969884127378464,-0.0036723564844578505,0.0024181338958442211,0.0084071159362792969,0.012307258322834969
INDPRO,2006-08-31,-0.0037526763044297695,-0.0030210705008357763,0.0028770370408892632,0.0082294568419456482,0.010896985419094563
INDPRO,2006-09-30,-0.0085867783054709435,-0.0067643118090927601,0.0016028555110096931,0.010551420971751213,0.01361444778740406
INDPRO,2006-10-31,-0.0036753437016159296,-0.0023584947921335697,0.0032595847733318806,0.0082622300833463669,0.0098577849566936493
INDPRO,2006-11-30,-0.0079219546169042587,-0.0048879394307732582,0.0018550010863691568,0.0092556560412049294,0.011975177563726902
INDPRO,2006-12-31,-0.008666585199534893,-0.0055833566002547741,0.0023245704360306263,0.0075911609455943108,0.010678008198738098
INDPRO,2007-01-31,-0.0077179428189992905,-0.0035526829306036234,0.00171836675144732,0.010389599949121475,0.013018375262618065
INDPRO,2007-02-28,-0.0074239736422896385,-0.004190320149064064,0.0028776994440704584,0.0093419346958398819,0.011897087097167969
INDPRO,2007-03-31,-0.0061526843346655369,-0.004226811695843935,0.0034490805119276047,0.0079498291015625,0.0088749025017023087
INDPRO,2007-04-30,-0.0076041887514293194,-0.0049477890133857727,0.0025972432922571898,0.0093741919845342636,0.010952355340123177
INVEST,2005-05-31,-0.0036977683193981647,-0.0011814981698989868,0.01271537784487009,0.026771599426865578,0.030768081545829773
INVEST,2005-06-30,-0.011465958319604397,-0.0072864941321313381,0.0062633538618683815,0.017629159614443779,0.018672415986657143
INVEST,2005-07-31,-0.022199343889951706,-0.01714414544403553,-0.0044890893623232841,0.0085906200110912323,0.0099282450973987579
INVEST,2005-08-31,-0.020826973021030426,-0.017011541873216629,-0.0024951060768216848,0.013417128473520279,0.019631985574960709
INVEST,2005-09-30,-0.021204924210906029,-0.01566159725189209,0.0026132867205888033,0.017658865079283714,0.020319068804383278
INVEST,2005-10-31,-0.017534259706735611,-0.015729960054159164,-0.0016114815371111035,0.012591326609253883,0.01927495002746582
INVEST,2005-11-30,-0.016460221260786057,-0.012848968617618084,0.001509455032646656,0.014281188137829304,0.020132575184106827
INVEST,2005-12-31,-0.017030281946063042,-0.013204404152929783,0.00098318140953779221,0.016761822625994682,0.023118823766708374
INVEST,2006-01-31,-0.023693300783634186,-0.020046822726726532,-0.0052162045612931252,0.010935884900391102,0.01377414632588625
INVEST,2006-02-28,-0.023199619725346565,-0.020656095817685127,-0.0033175456337630749,0.012496995739638805,0.015462348237633705
INVEST,2006-03-31,-0.017837226390838623,-0.01375856064260006,0.003697145264595747,0.017233541235327721,0.02142670750617981
INVEST,2006-04-30,-0.02125309593975544,-0.017135299742221832,-0.0028384299948811531,0.012186704203486443,0.016861606389284134
INVEST,2006-05-31,-0.021319082006812096,-0.016427399590611458,0.0018487523775547743,0.016485737636685371,0.019385999068617821
INVEST,2006-06-30,-0.01714627631008625,-0.014561054296791553,-0.0014570273924618959,0.018055688589811325,0.02240888774394989
INVEST,2006-07-31,-0.024219846352934837,-0.019851561635732651,-0.0037263371050357819,0.011319402605295181,0.015918273478746414
INVEST,2006-08-31,-0.018491778522729874,-0.015066118910908699,-0.00088663387577980757,0.013520145788788795,0.0210870411247015
INVEST,2006-09-30,-0.017234409227967262,-0.014254748821258545,0.002168287755921483,0.014450540766119957,0.020757595077157021
INVEST,2006-10-31,-0.023644531145691872,-0.018212331458926201,-0.0033334405161440372,0.010366174392402172,0.013427605852484703
INVEST,2006-11-30,-0.017258590087294579,-0.014104132540524006,0.00029219104908406734,0.016919353976845741,0.024112502112984657
INVEST,2006-12-31,-0.015202559530735016,-0.012758791446685791,0.0013215483631938696,0.013914324343204498,0.017735159024596214
INVEST,2007-01-31,-0.026914214715361595,-0.020533341914415359,-0.0032898965291678905,0.010517066344618797,0.014207839034497738
INVEST,2007-02-28,-0.023607397451996803,-0.019888469949364662,-0.0023401007056236267,0.015278218314051628,0.017417768016457558
INVEST,2007-03-31,-0.015620781108736992,-0.011861212551593781,0.0022205980494618416,0.017205459997057915,0.022298859432339668
INVEST,2007-04-30,-0.023030549287796021,-0.016486633569002151,-0.0028761806897819042,0.010506445541977882,0.015596442855894566
IPB51222S,2005-05-31,-0.070699296891689301,-0.049916118383407593,-0.00064358569215983152,0.040921449661254883,0.053958486765623093
IPB51222S,2005-06-30,-0.05437108501791954,-0.038054399192333221,0.008113369345664978,0.038519646972417831,0.05697181448340416
IPB51222S,2005-07-31,-0.058548763394355774,-0.049297668039798737,-0.0011584705207496881,0.059873789548873901,0.07139413058757782
IPB51222S,2005-08-31,-0.07503538578748703,-0.053537763655185699,0.0017965123988687992,0.055686011910438538,0.062028992921113968
IPB51222S,2005-09-30,-0.052543453872203827,-0.036333724856376648,0.002746297512203455,0.046006359159946442,0.052699610590934753
IPB51222S,2005-10-31,-0.062647290527820587,-0.043053332716226578,0.006113066803663969,0.04486456885933876,0.058027312159538269
IPB51222S,2005-11-30,-0.05491376668214798,-0.040314864367246628,0.0096330521628260612,0.04919520765542984,0.05818958580493927
IPB51222S,2005-12-31,-0.052072096616029739,-0.040242951363325119,0.00041319988667964935,0.042262434959411621,0.051310595124959946
IPB51222S,2006-01-31,-0.059942770749330521,-0.039731580764055252,0.0012243965175002813,0.049956042319536209,0.061332210898399353
IPB51222S,2006-02-28,-0.063482321798801422,-0.045402072370052338,0.0057568317279219627,0.048554807901382446,0.05845409631729126
IPB51222S,2006-03-31,-0.066415250301361084,-0.054975427687168121,-0.0056205610744655132,0.036686532199382782,0.043828278779983521
IPB51222S,2006-04-30,-0.063894845545291901,-0.046853553503751755,0.0032276860438287258,0.042128387838602066,0.066231630742549896
IPB51222S,2006-05-31,-0.058667782694101334,-0.039483636617660522,0.0013186001451686025,0.054005704820156097,0.072982937097549438
IPB51222S,2006-06-30,-0.060382582247257233,-0.04976804181933403,0.010866653174161911,0.056552432477474213,0.070087134838104248
IPB51222S,2006-07-31,-0.057500582188367844,-0.046787794679403305,0.00058110919781029224,0.050306878983974457,0.059807084500789642
IPB51222S,2006-08-31,-0.059194885194301605,-0.040074791759252548,0.010483704507350922,0.057920418679714203,0.071469493210315704
IPB51222S,2006-09-30,-0.055150449275970459,-0.045053869485855103,0.00063292623963207006,0.0450785793364048,0.056975614279508591
IPB51222S,2006-10-31,-0.04171936959028244,-0.033626798540353775,0.009336383081972599,0.045721661299467087,0.055946808308362961
IPB51222S,2006-11-30,-0.061060938984155655,-0.051204904913902283,0.006467670202255249,0.040743131190538406,0.053803596645593643
IPB51222S,2006-12-31,-0.04523676261305809,-0.035887155681848526,0.0073228897526860237,0.047442372888326645,0.069688558578491211
IPB51222S,2007-01-31,-0.063237987458705902,-0.03985842689871788,0.0081404969096183777,0.051333528012037277,0.070003360509872437
IPB51222S,2007-02-28,-0.038274548947811127,-0.02929161861538887,0.0060317832976579666,0.04763692244887352,0.059582352638244629
IPB51222S,2007-03-31,-0.052801471203565598,-0.033266335725784302,0.0092408601194620132,0.052556693553924561,0.067339800298213959
IPB51222S,2007-04-30,-0.054696358740329742,-0.038315612822771072,0.0051040546968579292,0.043989613652229309,0.047627817839384079
IPBUSEQ,2005-05-31,-0.0054175471886992455,-0.0028267321176826954,0.0057068057358264923,0.015294366516172886,0.017729777842760086
IPBUSEQ,2005-06-30,-0.0076565039344131947,-0.0038021677173674107,0.0064868992194533348,0.015713434666395187,0.019292835146188736
IPBUSEQ,2005-07-31,-0.0069818519987165928,-0.0046989363618195057,0.0071339807473123074,0.016732856631278992,0.022676212713122368
IPBUSEQ,2005-08-31,-0.0092280060052871704,-0.0055796853266656399,0.0058134756982326508,0.015864524990320206,0.018666351214051247
IPBUSEQ,2005-09-30,-0.0097050825133919716,-0.0037475817371159792,0.0057647367939352989,0.017324037849903107,0.019775459542870522
IPBUSEQ,2005-10-31,-0.011635475791990757,-0.0083668362349271774,0.0057302969507873058,0.015243119560182095,0.018105208873748779
IPBUSEQ,2005-11-30,-0.0097991451621055603,-0.0055270609445869923,0.0045316955074667931,0.015417621470987797,0.018741384148597717
IPBUSEQ,2005-12-31,-0.01238522119820118,-0.0065002813935279846,0.005616338923573494,0.017472522333264351,0.021402888000011444
IPBUSEQ,2006-01-31,-0.013360700570046902,-0.010132336989045143,0.0050760442391037941,0.017814602702856064,0.019653437659144402
IPBUSEQ,2006-02-28,-0.01565573550760746,-0.006865247618407011,0.0041712019592523575,0.01522897370159626,0.017720300704240799
IPBUSEQ,2006-03-31,-0.015316600911319256,-0.010586025193333626,0.0037576719187200069,0.014822227880358696,0.018227275460958481
IPBUSEQ,2006-04-30,-0.01341049000620842,-0.0098396353423595428,0.0039114635437726974,0.015781519934535027,0.017698517069220543
IPBUSEQ,2006-05-31,-0.013050416484475136,-0.0078313760459423065,0.0050168531015515327,0.019216269254684448,0.022700345143675804
IPBUSEQ,2006-06-30,-0.010394584387540817,-0.0050205281004309654,0.0063807116821408272,0.017800122499465942,0.021157169714570045
IPBUSEQ,2006-07-31,-0.014152807183563709,-0.01044743973761797,0.003752571064978838,0.016152618452906609,0.019076269119977951
IPBUSEQ,2006-08-31,-0.0084030469879508018,-0.0055191665887832642,0.0060731880366802216,0.017754284664988518,0.022656010463833809
IPBUSEQ,2006-09-30,-0.019284050911664963,-0.01024430338293314,0.0042189438827335835,0.019316798076033592,0.022579947486519814
IPBUSEQ,2006-10-31,-0.016689460724592209,-0.011311737820506096,0.0042252698913216591,0.016925210133194923,0.020726369693875313
IPBUSEQ,2006-11-30,-0.01530853658914566,-0.010595970787107944,0.0039499485865235329,0.015607346780598164,0.017803212627768517
IPBUSEQ,2006-12-31,-0.014376665465533733,-0.0084416233003139496,0.0028835362754762173,0.015145209617912769,0.019837206229567528
IPBUSEQ,2007-01-31,-0.010575318709015846,-0.0061886440962553024,0.0056634088978171349,0.016349868848919868,0.018449984490871429
IPBUSEQ,2007-02-28,-0.020070616155862808,-0.009563785046339035,0.0057918489910662174,0.015536588616669178,0.018310952931642532
IPBUSEQ,2007-03-31,-0.014855722896754742,-0.010199204087257385,0.0050291595980525017,0.017766693606972694,0.020266745239496231
IPBUSEQ,2007-04-30,-0.01251432579010725,-0.0092118559405207634,0.0048627825453877449,0.016424909234046936,0.017368849366903305
IPCONGD,2005-05-31,-0.0096259703859686852,-0.0057496470399200916,0.0031221681274473667,0.011670948006212711,0.013305534608662128
IPCONGD,2005-06-30,-0.011002844199538231,-0.0079338783398270607,0.0011003706604242325,0.010373511351644993,0.011940630152821541
IPCONGD,2005-07-31,-0.010254430584609509,-0.0063195298425853252,0.0015080507146194577,0.011128105223178864,0.013573449105024338
IPCONGD,2005-08-31,-0.0091499174013733864,-0.0067785335704684258,0.0024894378148019314,0.0097882281988859177,0.011849695816636086
IPCONGD,2005-09-30,-0.0098754959180951118,-0.007355597335845232,0.0021878199186176062,0.010711840353906155,0.012425234541296959
IPCONGD,2005-10-31,-0.0081142643466591835,-0.0052105882205069065,0.0017747178208082914,0.011434013955295086,0.013719039037823677
IPCONGD,2005-11-30,-0.01165741216391325,-0.0074863987974822521,0.0019483189098536968,0.010827552527189255,0.013098092749714851
IPCONGD,2005-12-31,-0.010834130458533764,-0.0068771578371524811,0.00076549529330804944,0.012061909772455692,0.01528592873364687
IPCONGD,2006-01-31,-0.0094270836561918259,-0.0060525275766849518,0.0021628083195537329,0.0089517086744308472,0.012363757938146591
IPCONGD,2006-02-28,-0.0087842242792248726,-0.00750306760892272,0.0014381727669388056,0.0087062278762459755,0.011566110886633396
IPCONGD,2006-03-31,-0.0092059895396232605,-0.0074238614179193974,0.00097681954503059387,0.010996467433869839,0.013425406068563461
IPCONGD,2006-04-30,-0.0098547041416168213,-0.0069727362133562565,0.0016578478971496224,0.0090278564020991325,0.011676738038659096
IPCONGD,2006-05-31,-0.0073495768010616302,-0.0053891553543508053,0.0020489799790084362,0.011358931660652161,0.014035889878869057
IPCONGD,2006-06-30,-0.011747837066650391,-0.0097844172269105911,0.0002922470448538661,0.0099151870235800743,0.01161727961152792
IPCONGD,2006-07-31,-0.006712836679071188,-0.0058800969272851944,0.0018779778620228171,0.0092686712741851807,0.01243631262332201
IPCONGD,2006-08-31,-0.010849877260625362,-0.0090281898155808449,0.0019931420683860779,0.0092011503875255585,0.011356683447957039
IPCONGD,2006-09-30,-0.014137036167085171,-0.0078185349702835083,0.00090288376668468118,0.0084095820784568787,0.01058463379740715
IPCONGD,2006-10-31,-0.010151764377951622,-0.007486916147172451,0.0019633942283689976,0.011525651440024376,0.013439781032502651
IPCONGD,2006-11-30,-0.0088839996606111526,-0.0061731301248073578,0.0013534269528463483,0.0098320953547954559,0.011604404076933861
IPCONGD,2006-12-31,-0.0098519008606672287,-0.0074068820104002953,0.0020328562241047621,0.0095916697755455971,0.011212505400180817
IPCONGD,2007-01-31,-0.01138327457010746,-0.0080315219238400459,0.0016817450523376465,0.011328321881592274,0.012782817706465721
IPCONGD,2007-02-28,-0.0097117321565747261,-0.0073291435837745667,0.0019865299109369516,0.010270710103213787,0.012046526186168194
IPCONGD,2007-03-31,-0.0083672478795051575,-0.0058314534835517406,0.0021142279729247093,0.0099531905725598335,0.012362056411802769
IPCONGD,2007-04-30,-0.0099446559324860573,-0.0069338544271886349,0.0015309371519833803,0.010424432344734669,0.01380991842597723
IPDCONGD,2005-05-31,-0.030369535088539124,-0.022101297974586487,0.0041991807520389557,0.025291861966252327,0.031182032078504562
IPDCONGD,2005-06-30,-0.036378141492605209,-0.0237272959202528,0.0020269276574254036,0.01878851093351841,0.022828219458460808
IPDCONGD,2005-07-31,-0.034124195575714111,-0.020054327324032784,0.0043209157884120941,0.024637946859002113,0.03017633780837059
IPDCONGD,2005-08-31,-0.024873951449990273,-0.020056901499629021,0.0040593678131699562,0.02291964553296566,0.026207791641354561
IPDCONGD,2005-09-30,-0.027407277375459671,-0.017509918659925461,0.0037440464366227388,0.02149655856192112,0.027983784675598145
IPDCONGD,2005-10-31,-0.023915207013487816,-0.01784396730363369,-0.00015925825573503971,0.022594902664422989,0.026748720556497574
IPDCONGD,2005-11-30,-0.021734524518251419,-0.017440540716052055,0.0041184797883033752,0.025818992406129837,0.030628124251961708
IPDCONGD,2005-12-31,-0.023779099807143211,-0.017335031181573868,0.0035433247685432434,0.020646119490265846,0.022334752604365349
IPDCONGD,2006-01-31,-0.025698009878396988,-0.018921179696917534,0.0048118364065885544,0.024294301867485046,0.028964996337890625
IPDCONGD,2006-02-28,-0.014747289009392262,-0.010226204060018063,0.0045679239556193352,0.02136201411485672,0.024047035723924637
IPDCONGD,2006-03-31,-0.019248129799962044,-0.011155178770422935,0.005581448320299387,0.021024312824010849,0.031560022383928299
IPDCONGD,2006-04-30,-0.031085344031453133,-0.020857237279415131,0.0035349149256944656,0.023214457556605339,0.028929563239216805
IPDCONGD,2006-05-31,-0.022816775366663933,-0.018350988626480103,0.0056956326588988304,0.023153053596615791,0.038110483437776566
IPDCONGD,2006-06-30,-0.016128517687320709,-0.013315874151885509,0.0034454958513379097,0.020997839048504829,0.027231143787503242
IPDCONGD,2006-07-31,-0.023640353232622147,-0.017045989632606506,0.0032530408352613449,0.021542442962527275,0.027756070718169212
IPDCONGD,2006-08-31,-0.023322504013776779,-0.019425062462687492,0.0026865764521062374,0.021864801645278931,0.026637682691216469
IPDCONGD,2006-09-30,-0.020996147766709328,-0.01791054755449295,0.0051527265459299088,0.022759499028325081,0.027360182255506516
IPDCONGD,2006-10-31,-0.02190065011382103,-0.013848683796823025,0.0040804119780659676,0.020015742629766464,0.025176519528031349
IPDCONGD,2006-11-30,-0.018052838742733002,-0.0094154570251703262,0.003957824781537056,0.02140248566865921,0.024249406531453133
IPDCONGD,2006-12-31,-0.024266421794891357,-0.017731552943587303,0.0046622888185083866,0.024909062311053276,0.030897378921508789
IPDCONGD,2007-01-31,-0.023634064942598343,-0.014604608528316021,0.0069908564910292625,0.022013219073414803,0.025481114163994789
IPDCONGD,2007-02-28,-0.018306268379092216,-0.011698486283421516,0.0035372416023164988,0.023161360993981361,0.032100372016429901
IPDCONGD,2007-03-31,-0.022414589300751686,-0.012876206077635288,0.0036831325851380825,0.019582027569413185,0.024421028792858124
IPDCONGD,2007-04-30,-0.021778497844934464,-0.012733455747365952,0.0046562282368540764,0.024091627448797226,0.032985929399728775
IPDMAT,2005-05-31,-0.0121412118896842,-0.0067645595408976078,0.0040036905556917191,0.014448346570134163,0.018887834623456001
IPDMAT,2005-06-30,-0.013635131530463696,-0.0090445810928940773,0.0031655039638280869,0.011955664493143559,0.016141911968588829
IPDMAT,2005-07-31,-0.0095435651019215584,-0.0075410967692732811,0.0040812748484313488,0.014681258238852024,0.018316173925995827
IPDMAT,2005-08-31,-0.012181735597550869,-0.0071130311116576195,0.0050744148902595043,0.01622064970433712,0.020776117220520973
IPDMAT,2005-09-30,-0.012399297207593918,-0.0054750582203269005,0.004771851934492588,0.013648846186697483,0.017854157835245132
IPDMAT,2005-10-31,-0.015860319137573242,-0.009948008693754673,0.0050118151120841503,0.01498063001781702,0.019812542945146561
IPDMAT,2005-11-30,-0.016787165775895119,-0.010832207277417183,0.0040864739567041397,0.017927605658769608,0.022116763517260551
IPDMAT,2005-12-31,-0.010681306011974812,-0.0063407174311578274,0.0047270460054278374,0.015001927502453327,0.017096761614084244
IPDMAT,2006-01-31,-0.010039524175226688,-0.005257811862975359,0.0065816370770335197,0.018127456307411194,0.020589279010891914
IPDMAT,2006-02-28,-0.013420582748949528,-0.0077372137457132339,0.0050520952790975571,0.015639433637261391,0.018495131283998489
IPDMAT,2006-03-31,-0.011604106985032558,-0.0081693669781088829,0.0050051324069499969,0.016434695571660995,0.018738672137260437
IPDMAT,2006-04-30,-0.0069067049771547318,-0.0044392975978553295,0.0053620487451553345,0.014555055648088455,0.017350779846310616
IPDMAT,2006-05-31,-0.011500591412186623,-0.0068294284865260124,0.0044640759006142616,0.014935081824660301,0.018375851213932037
IPDMAT,2006-06-30,-0.012781555764377117,-0.0069368686527013779,0.005187629722058773,0.016823373734951019,0.02011597529053688
IPDMAT,2006-07-31,-0.0092252520844340324,-0.0057607553899288177,0.0047526499256491661,0.014056061394512653,0.018389072269201279
IPDMAT,2006-08-31,-0.0083151450380682945,-0.0052773659117519855,0.0057418220676481724,0.011934901587665081,0.015663031488656998
IPDMAT,2006-09-30,-0.013207078911364079,-0.0082081174477934837,0.0038416509050875902,0.016660492867231369,0.019767982885241508
IPDMAT,2006-10-31,-0.014498247765004635,-0.0094957342371344566,0.0025852634571492672,0.013577142730355263,0.01722177118062973
IPDMAT,2006-11-30,-0.011153342202305794,-0.005699582863599062,0.0052974307909607887,0.01724674180150032,0.02010570652782917
IPDMAT,2006-12-31,-0.013617347925901413,-0.0091176806017756462,0.0043890234082937241,0.014576143585145473,0.016724707558751106
IPDMAT,2007-01-31,-0.019126851111650467,-0.0081661036238074303,0.0058611221611499786,0.016538681462407112,0.020354097709059715
IPDMAT,2007-02-28,-0.016247086226940155,-0.0079014617949724197,0.0056637702509760857,0.014248517341911793,0.020517874509096146
IPDMAT,2007-03-31,-0.008151298388838768,-0.0051060612313449383,0.0057115992531180382,0.016871914267539978,0.019018560647964478
IPDMAT,2007-04-30,-0.012816703878343105,-0.0073782172985374928,0.0052666971459984779,0.016715431585907936,0.022041836753487587
IPFINAL,2005-05-31,-0.0064147836528718472,-0.0046033980324864388,0.0027181804180145264,0.0090717561542987823,0.013237776234745979
IPFINAL,2005-06-30,-0.0048662158660590649,-0.0031297393143177032,0.003182530403137207,0.0087307468056678772,0.010420766659080982
IPFINAL,2005-07-31,-0.0068794367834925652,-0.0034172646701335907,0.002724324818700552,0.010797293856739998,0.012984740547835827
IPFINAL,2005-08-31,-0.0054763644002377987,-0.0034505412913858891,0.0025135921314358711,0.0087179960682988167,0.010043244808912277
IPFINAL,2005-09-30,-0.011057776398956776,-0.0063200271688401699,0.0016407500952482224,0.0080394400283694267,0.009906446561217308
IPFINAL,2005-10-31,-0.0072894715704023838,-0.0056522805243730545,0.0019519184716045856,0.0084948688745498657,0.010024001821875572
IPFINAL,2005-11-30,-0.0074571012519299984,-0.0049756551161408424,0.002753858920186758,0.0095527302473783493,0.011585435830056667
IPFINAL,2005-12-31,-0.0073959901928901672,-0.0057264668866991997,0.0023434702306985855,0.0093020424246788025,0.010442749597132206
IPFINAL,2006-01-31,-0.0066438275389373302,-0.0039967834018170834,0.0036164103075861931,0.010713094845414162,0.012654948979616165
IPFINAL,2006-02-28,-0.0078362440690398216,-0.0054147946648299694,0.0026163645088672638,0.010627088136970997,0.013326377607882023
IPFINAL,2006-03-31,-0.0070733828470110893,-0.0046220086514949799,0.0023297825828194618,0.0095516731962561607,0.011631693691015244
IPFINAL,2006-04-30,-0.0074387770146131516,-0.0042064068838953972,0.0037640971131622791,0.010917146690189838,0.013878882862627506
IPFINAL,2006-05-31,-0.0062571205198764801,-0.0037855408154428005,0.0039259754121303558,0.011802418157458305,0.01533901784569025
IPFINAL,2006-06-30,-0.0087483217939734459,-0.004555433988571167,0.0031427734065800905,0.0088954651728272438,0.011028917506337166
IPFINAL,2006-07-31,-0.0075572645291686058,-0.0041488064453005791,0.0019653148483484983,0.01007610559463501,0.011834513396024704
IPFINAL,2006-08-31,-0.0069520352408289909,-0.0031593297608196735,0.0030461321584880352,0.011236072517931461,0.013619884848594666
IPFINAL,2006-09-30,-0.007201287429779768,-0.005514560267329216,0.0022848751395940781,0.010806174948811531,0.013727608136832714
IPFINAL,2006-10-31,-0.0069419653154909611,-0.0048959814012050629,0.0027163093909621239,0.011698468588292599,0.015240410342812538
IPFINAL,2006-11-30,-0.0068494859151542187,-0.0054923668503761292,0.0027126925997436047,0.011334091424942017,0.013739093206822872
IPFINAL,2006-12-31,-0.0070907818153500557,-0.0049942312762141228,0.0024252398870885372,0.012309185229241848,0.013266820460557938
IPFINAL,2007-01-31,-0.009653155691921711,-0.0063463086262345314,0.0032459020148962736,0.010637401603162289,0.012473342940211296
IPFINAL,2007-02-28,-0.0071648112498223782,-0.0047425674274563789,0.0022177831269800663,0.011436204425990582,0.012492723762989044
IPFINAL,2007-03-31,-0.0082249529659748077,-0.0047104065306484699,0.0031452763359993696,0.0093832230195403099,0.01299902331084013
IPFINAL,2007-04-30,-0.0086646722629666328,-0.0055208555422723293,0.002037272322922945,0.009528077207505703,0.011783886700868607
IPFPNSS,2005-05-31,-0.0068671656772494316,-0.0045799748040735722,0.0028485669754445553,0.0090517867356538773,0.011912324465811253
IPFPNSS,2005-06-30,-0.0047815069556236267,-0.0035667133051902056,0.0027215303853154182,0.0077328928746283054,0.0092806881293654442
IPFPNSS,2005-07-31,-0.0066039580851793289,-0.0030644822400063276,0.0031617800705134869,0.0082422923296689987,0.010251851752400398
IPFPNSS,2005-08-31,-0.0047990651801228523,-0.0027806907892227173,0.0033279205672442913,0.0085605373606085777,0.01110551506280899
IPFPNSS,2005-09-30,-0.0060091465711593628,-0.0043895929120481014,0.002664211206138134,0.0094338459894061089,0.011495928280055523
IPFPNSS,2005-10-31,-0.0070150271058082581,-0.0042927716858685017,0.0026067951694130898,0.008833778090775013,0.011649971827864647
IPFPNSS,2005-11-30,-0.008022909052670002,-0.0058226841501891613,0.002725094323977828,0.0084728151559829712,0.010211973451077938
IPFPNSS,2005-12-31,-0.0085454164072871208,-0.0059055062010884285,0.0020052636973559856,0.0086048776283860207,0.010152202099561691
IPFPNSS,2006-01-31,-0.0072821197099983692,-0.0045156120322644711,0.0031676618382334709,0.010253634303808212,0.011407257057726383
IPFPNSS,2006-02-28,-0.0080708479508757591,-0.0045401393435895443,0.0018190450500696898,0.0092916013672947884,0.012260807678103447
IPFPNSS,2006-03-31,-0.0063175149261951447,-0.0042321053333580494,0.0029644460882991552,0.0085178585723042488,0.010056547820568085
IPFPNSS,2006-04-30,-0.0068088071420788765,-0.0032050639856606722,0.0023673104587942362,0.0089416606351733208,0.010098383761942387
IPFPNSS,2006-05-31,-0.0062376745045185089,-0.0045714117586612701,0.0023967537563294172,0.010141009464859962,0.011225685477256775
IPFPNSS,2006-06-30,-0.006305755116045475,-0.004148552194237709,0.0023446483537554741,0.0099646737799048424,0.011656963266432285
IPFPNSS,2006-07-31,-0.0070206294767558575,-0.0050858850590884686,0.0026456466875970364,0.0092081129550933838,0.011682623066008091
IPFPNSS,2006-08-31,-0.0073889158666133881,-0.0038951465394347906,0.0024988709483295679,0.008325633592903614,0.010082916356623173
IPFPNSS,2006-09-30,-0.0068300091661512852,-0.0051703881472349167,0.0020573269575834274,0.0094853583723306656,0.010930324904620647
IPFPNSS,2006-10-31,-0.0070305587723851204,-0.0031958357430994511,0.0019002382177859545,0.0091866105794906616,0.010645011439919472
IPFPNSS,2006-11-30,-0.0045214579440653324,-0.0034162867814302444,0.0021671876311302185,0.0087056402117013931,0.010432345792651176
IPFPNSS,2006-12-31,-0.0058231274597346783,-0.0039005489088594913,0.0030770152807235718,0.0083589488640427589,0.0097547136247158051
IPFPNSS,2007-01-31,-0.0062217409722507,-0.0043029682710766792,0.0021954197436571121,0.0087350504472851753,0.010287035256624222
IPFPNSS,2007-02-28,-0.0085427528247237206,-0.0061174929141998291,0.0014732078416272998,0.0086190579459071159,0.010148223489522934
IPFPNSS,2007-03-31,-0.0070351068861782551,-0.0051995576359331608,0.001777858124114573,0.0075040413066744804,0.012355400249361992
IPFPNSS,2007-04-30,-0.0064303786493837833,-0.0052393237128853798,0.0024371291510760784,0.01023672241717577,0.012038123793900013
IPFUELS,2005-05-31,-0.033646624535322189,-0.02231152355670929,-0.0040315091609954834,0.019462382420897484,0.023358521983027458
IPFUELS,2005-06-30,-0.028056126087903976,-0.016027403995394707,-0.00083891535177826881,0.017705095931887627,0.023103024810552597
IPFUELS,2005-07-31,-0.029826873913407326,-0.023418238386511803,0.001105154980905354,0.015358287841081619,0.018005736172199249
IPFUELS,2005-08-31,-0.022943863645195961,-0.015104829333722591,0.0023047891445457935,0.021770250052213669,0.024625619873404503
IPFUELS,2005-09-30,-0.025736168026924133,-0.01837117038667202,0.0022244672290980816,0.019395779818296432,0.022514784708619118
IPFUELS,2005-10-31,-0.024868624284863472,-0.019938649609684944,0.0015173733700066805,0.024003351107239723,0.028095453977584839
IPFUELS,2005-11-30,-0.02968486025929451,-0.021581236273050308,0.00029512896435335279,0.018200848251581192,0.026120288297533989
IPFUELS,2005-12-31,-0.027712805196642876,-0.014946757815778255,0.0025381555315107107,0.022268570959568024,0.025829114019870758
IPFUELS,2006-01-31,-0.024091280996799469,-0.016743974760174751,0.0021027966868132353,0.017130233347415924,0.02318611741065979
IPFUELS,2006-02-28,-0.020720621570944786,-0.015558957122266293,0.0022165505215525627,0.020242270082235336,0.024816012009978294
IPFUELS,2006-03-31,-0.029237717390060425,-0.023613071069121361,0.0014846064150333405,0.022434066981077194,0.030460603535175323
IPFUELS,2006-04-30,-0.023801196366548538,-0.01543473731726408,0.001637460314668715,0.022544827312231064,0.027249673381447792
IPFUELS,2006-05-31,-0.015545000322163105,-0.012822273187339306,0.0038481282535940409,0.020922612398862839,0.028579086065292358
IPFUELS,2006-06-30,-0.018844399601221085,-0.016281962394714355,0.00068409409141167998,0.019273234531283379,0.029021868482232094
IPFUELS,2006-07-31,-0.024140242487192154,-0.017578959465026855,0.0024079454597085714,0.02356916107237339,0.028940750285983086
IPFUELS,2006-08-31,-0.020975001156330109,-0.01463048905134201,0.0017172133084386587,0.019987007603049278,0.024628588929772377
IPFUELS,2006-09-30,-0.021955333650112152,-0.016612527891993523,0.0016980768414214253,0.021430181339383125,0.026694932952523232
IPFUELS,2006-10-31,-0.027990307658910751,-0.019312743097543716,0.0020987899042665958,0.020389517769217491,0.027361955493688583
IPFUELS,2006-11-30,-0.025281546637415886,-0.016786791384220123,0.0027735056355595589,0.019970813766121864,0.029444357380270958
IPFUELS,2006-12-31,-0.019896587356925011,-0.015214175917208195,0.0024574638810008764,0.021393075585365295,0.026281429454684258
IPFUELS,2007-01-31,-0.02963588573038578,-0.017922243103384972,0.0025552273727953434,0.020465804263949394,0.028275497257709503
IPFUELS,2007-02-28,-0.024598978459835052,-0.015780080109834671,0.0036463323049247265,0.020867360755801201,0.024678293615579605
IPFUELS,2007-03-31,-0.024433907121419907,-0.019488226622343063,0.001343367388471961,0.023789083585143089,0.026492930948734283
IPFUELS,2007-04-30,-0.0286260936409235,-0.026167741045355797,0.0023941313847899437,0.022694919258356094,0.030939491465687752
IPMANSICS,2005-05-31,-0.0084501272067427635,-0.0046797809191048145,0.0022335380781441927,0.0098195457831025124,0.011835906654596329
IPMANSICS,2005-06-30,-0.0078099383972585201,-0.0053105638362467289,0.0022002519108355045,0.0076041524298489094,0.0094990907236933708
IPMANSICS,2005-07-31,-0.0059162378311157227,-0.002281146589666605,0.0030506150797009468,0.009035695344209671,0.011910559609532356
IPMANSICS,2005-08-31,-0.0065837400034070015,-0.0029858131892979145,0.002801806665956974,0.0089882323518395424,0.011457135900855064
IPMANSICS,2005-09-30,-0.0057611428201198578,-0.004453019704669714,0.0033264379017055035,0.0099122226238250732,0.01170704048126936
IPMANSICS,2005-10-31,-0.010762798599898815,-0.0061512053944170475,0.0026178387925028801,0.010582655668258667,0.01287560723721981
IPMANSICS,2005-11-30,-0.008440130390226841,-0.0056914119049906731,0.0017915464704856277,0.010533584281802177,0.013596773147583008
IPMANSICS,2005-12-31,-0.0068790502846240997,-0.0052915308624505997,0.0017479241359978914,0.0086187552660703659,0.012213931418955326
IPMANSICS,2006-01-31,-0.007658087182790041,-0.004683957900851965,0.0031763191800564528,0.011251169256865978,0.012750165536999702
IPMANSICS,2006-02-28,-0.0058905687183141708,-0.0044960211962461472,0.002629813039675355,0.0099295591935515404,0.011335128918290138
IPMANSICS,2006-03-31,-0.0056618819944560528,-0.0044799251481890678,0.0028569456189870834,0.010419496335089207,0.013124185614287853
IPMANSICS,2006-04-30,-0.009480692446231842,-0.0058518466539680958,0.0015054835239425302,0.010804970748722553,0.012756428681313992
IPMANSICS,2006-05-31,-0.0076028755865991116,-0.0029745313804596663,0.0026006386615335941,0.010360619053244591,0.013476443476974964
IPMANSICS,2006-06-30,-0.0085567506030201912,-0.0056824539788067341,0.0024131708778440952,0.0082442164421081543,0.010601616464555264
IPMANSICS,2006-07-31,-0.0085564656183123589,-0.0065944371744990349,0.0037887049838900566,0.011336079798638821,0.013648022897541523
IPMANSICS,2006-08-31,-0.0082628298550844193,-0.0051706931553781033,0.0029225545004010201,0.010711775161325932,0.016088990494608879
IPMANSICS,2006-09-30,-0.010327998548746109,-0.0075751785188913345,0.0042147273197770119,0.011711077764630318,0.014305270276963711
IPMANSICS,2006-10-31,-0.0075193797238171101,-0.0049241706728935242,0.0027121501043438911,0.011365239508450031,0.013312704861164093
IPMANSICS,2006-11-30,-0.0081157311797142029,-0.0057656615972518921,0.0015661080833524466,0.0095298439264297485,0.012362414970993996
IPMANSICS,2006-12-31,-0.0080699892714619637,-0.0044996975921094418,0.0031507245730608702,0.0093346284702420235,0.010846086777746677
IPMANSICS,2007-01-31,-0.0093223145231604576,-0.0059662037529051304,0.0037649932783097029,0.010272026993334293,0.013999097049236298
IPMANSICS,2007-02-28,-0.0088899638503789902,-0.0054400712251663208,0.0031752714421600103,0.010391850955784321,0.012331602163612843
IPMANSICS,2007-03-31,-0.0083409491926431656,-0.0049318620003759861,0.0027546968776732683,0.010323468595743179,0.011683392338454723
IPMANSICS,2007-04-30,-0.00695783831179142,-0.0036900811828672886,0.0038721105083823204,0.010653657838702202,0.013242674060165882
IPMAT,2005-05-31,-0.0095949945971369743,-0.0052395262755453587,0.0017227181233465672,0.0082145798951387405,0.010598544031381607
IPMAT,2005-06-30,-0.009699719026684761,-0.0060736224986612797,0.0015867642359808087,0.0080869290977716446,0.010533874854445457
IPMAT,2005-07-31,-0.0082299709320068359,-0.0043372008949518204,0.0014025431592017412,0.0069827237166464329,0.010483126156032085
IPMAT,2005-08-31,-0.0099117094650864601,-0.0075895995832979679,0.0012713110772892833,0.0093744872137904167,0.012255043722689152
IPMAT,2005-09-30,-0.0068466686643660069,-0.0045059067197144032,0.0024546964559704065,0.010633081197738647,0.014287754893302917
IPMAT,2005-10-31,-0.0077950647100806236,-0.004525741096585989,0.0023574689403176308,0.009323623962700367,0.012352697551250458
IPMAT,2005-11-30,-0.0066898735240101814,-0.0036572578828781843,0.0033760694786906242,0.0089683076366782188,0.010177663527429104
IPMAT,2005-12-31,-0.0086803901940584183,-0.0052206525579094887,0.0016723190201446414,0.0087593896314501762,0.010588568635284901
IPMAT,2006-01-31,-0.0080954441800713539,-0.0058911680243909359,0.0031038564629852772,0.0097155319526791573,0.011556481011211872
IPMAT,2006-02-28,-0.0099702123552560806,-0.0070847622118890285,0.0016727643087506294,0.0098101664334535599,0.011705136857926846
IPMAT,2006-03-31,-0.0091756246984004974,-0.0050843921490013599,0.0029070384334772825,0.010549316182732582,0.012846151366829872
IPMAT,2006-04-30,-0.0070797777734696865,-0.0062961061485111713,0.0017761681228876114,0.0091594019904732704,0.010236498899757862
IPMAT,2006-05-31,-0.010472288355231285,-0.0071838670410215855,0.0034079293254762888,0.010461621917784214,0.013089850544929504
IPMAT,2006-06-30,-0.010534090921282768,-0.0066256360150873661,0.0024654679000377655,0.0090675419196486473,0.010346266441047192
IPMAT,2006-07-31,-0.0041373856365680695,-0.0026787340175360441,0.0037082834169268608,0.009331967681646347,0.011564668267965317
IPMAT,2006-08-31,-0.0079594971612095833,-0.0066658859141170979,0.0030609313398599625,0.009335782378911972,0.010869041085243225
IPMAT,2006-09-30,-0.0096373138949275017,-0.0068155364133417606,0.0026431174483150244,0.010787832550704479,0.013037590309977531
IPMAT,2006-10-31,-0.00994859728962183,-0.0054255379363894463,0.0027554498519748449,0.01059812493622303,0.013208662159740925
IPMAT,2006-11-30,-0.013038149103522301,-0.0079192342236638069,0.0018670608988031745,0.011969337239861488,0.015614882111549377
IPMAT,2006-12-31,-0.007894366979598999,-0.0055330181494355202,0.0037063187919557095,0.011715507134795189,0.014152487739920616
IPMAT,2007-01-31,-0.01025674119591713,-0.0069062341935932636,0.0016891148407012224,0.0094625959172844887,0.010624882765114307
IPMAT,2007-02-28,-0.0089774755761027336,-0.005351231899112463,0.0021461285650730133,0.010496976785361767,0.016449697315692902
IPMAT,2007-03-31,-0.0064675719477236271,-0.0041358829475939274,0.0037566237151622772,0.011589590460062027,0.01304954756051302
IPMAT,2007-04-30,-0.0061368187889456749,-0.0048895380459725857,0.0028319591656327248,0.011056350544095039,0.013260895386338234
IPNCONGD,2005-05-31,-0.012837248854339123,-0.0079246554523706436,0.0025436459109187126,0.0094079561531543732,0.010152728296816349
IPNCONGD,2005-06-30,-0.0097178500145673752,-0.0056702694855630398,0.001061570830643177,0.0091153634712100029,0.012259962037205696
IPNCONGD,2005-07-31,-0.013114768080413342,-0.010508383624255657,0.0011216795537620783,0.0098150279372930527,0.011110765859484673
IPNCONGD,2005-08-31,-0.0088215768337249756,-0.0081466939300298691,0.0024269493296742439,0.0095295822247862816,0.012300888076424599
IPNCONGD,2005-09-30,-0.0088028311729431152,-0.0051537281833589077,0.0018897508271038532,0.008688892237842083,0.011797526851296425
IPNCONGD,2005-10-31,-0.010179871693253517,-0.0065640914253890514,0.0019110997673124075,0.0080883381888270378,0.012192127294838428
IPNCONGD,2005-11-30,-0.0086789419874548912,-0.0067410063929855824,0.0011485442519187927,0.0093253869563341141,0.011679636314511299
IPNCONGD,2005-12-31,-0.011731095612049103,-0.0067501934245228767,0.0014699256280437112,0.010082904249429703,0.01233924925327301
IPNCONGD,2006-01-31,-0.0088061951100826263,-0.0060580382123589516,0.0033492289949208498,0.0099047040566802025,0.011347220279276371
IPNCONGD,2006-02-28,-0.010907392017543316,-0.0072083650156855583,0.0014464790001511574,0.0092233149334788322,0.011373098008334637
IPNCONGD,2006-03-31,-0.0096416240558028221,-0.0081182988360524178,0.0014613931998610497,0.0096076279878616333,0.011321831494569778
IPNCONGD,2006-04-30,-0.013685014098882675,-0.0093239471316337585,0.0015929393703117967,0.0095063513144850731,0.011824320070445538
IPNCONGD,2006-05-31,-0.0087254364043474197,-0.0069110561162233353,0.0017957193776965141,0.011081391014158726,0.013214425183832645
IPNCONGD,2006-06-30,-0.010886508971452713,-0.0082182716578245163,0.0024381165858358145,0.01066911406815052,0.011374086141586304
IPNCONGD,2006-07-31,-0.012150602415204048,-0.0097145708277821541,0.0016927693504840136,0.0088047804310917854,0.011506971903145313
IPNCONGD,2006-08-31,-0.010502615012228489,-0.0078028277494013309,0.0023480714298784733,0.010493829846382141,0.012481530196964741
IPNCONGD,2006-09-30,-0.0091282827779650688,-0.0069037554785609245,0.0016681882552802563,0.010136405937373638,0.012169912457466125
IPNCONGD,2006-10-31,-0.01035369373857975,-0.0085055744275450706,0.0011418734211474657,0.0093023618683218956,0.011016038246452808
IPNCONGD,2006-11-30,-0.0096684079617261887,-0.006571777630597353,0.0015770273748785257,0.010327615775167942,0.012505330145359039
IPNCONGD,2006-12-31,-0.010967162437736988,-0.0084575992077589035,0.00057210674276575446,0.011086711660027504,0.013321856968104839
IPNCONGD,2007-01-31,-0.0094351228326559067,-0.0072066439315676689,0.0027150660753250122,0.010963025502860546,0.012880352325737476
IPNCONGD,2007-02-28,-0.012230159714818001,-0.0098576759919524193,0.00056773022515699267,0.0097687048837542534,0.012322774156928062
IPNCONGD,2007-03-31,-0.010678826831281185,-0.0077565754763782024,0.0011751531856134534,0.0093589862808585167,0.012250123545527458
IPNCONGD,2007-04-30,-0.010703939013183117,-0.0080825397744774818,0.00029631401412189007,0.0082714864984154701,0.01006622239947319
IPNMAT,2005-05-31,-0.010233691893517971,-0.007594631053507328,0.00055494823027402163,0.0073109869845211506,0.0094909192994236946
IPNMAT,2005-06-30,-0.010498696938157082,-0.0065868054516613483,0.00092504062922671437,0.0091955587267875671,0.010892302729189396
IPNMAT,2005-07-31,-0.0088403485715389252,-0.0069439569488167763,0.00021880015265196562,0.0080184713006019592,0.012733823619782925
IPNMAT,2005-08-31,-0.012174415402114391,-0.0089910868555307388,0.00029781827470287681,0.0073958360590040684,0.0096309790387749672
IPNMAT,2005-09-30,-0.010682710446417332,-0.0088659096509218216,-0.00053886859677731991,0.0068483552895486355,0.0091676032170653343
IPNMAT,2005-10-31,-0.0087268929928541183,-0.007108775433152914,0.0013941377401351929,0.0077388035133481026,0.0092253107577562332
IPNMAT,2005-11-30,-0.011371755972504616,-0.009250350296497345,0.00035370379919186234,0.008358493447303772,0.01055540144443512
IPNMAT,2005-12-31,-0.013715512119233608,-0.0095683261752128601,-0.0012685403926298022,0.0068293693475425243,0.0086721088737249374
IPNMAT,2006-01-31,-0.011035134084522724,-0.0092851538211107254,-0.0002904391149058938,0.0062732980586588383,0.0085929417982697487
IPNMAT,2006-02-28,-0.010824104771018028,-0.0091066248714923859,-0.00097492721397429705,0.0070423446595668793,0.0099258879199624062
IPNMAT,2006-03-31,-0.010372880846261978,-0.0092295072972774506,-0.00085518986452370882,0.0078561501577496529,0.011080522090196609
IPNMAT,2006-04-30,-0.013789943419396877,-0.0091598853468894958,3.4257885999977589e-05,0.0078266942873597145,0.0088483076542615891
IPNMAT,2006-05-31,-0.010171921923756599,-0.0070514180697500706,0.00019580271327868104,0.0080736326053738594,0.01084374263882637
IPNMAT,2006-06-30,-0.0088461078703403473,-0.0076282094232738018,-9.3957642093300819e-05,0.0088151004165410995,0.011737455613911152
IPNMAT,2006-07-31,-0.0097432127222418785,-0.0073196748271584511,0.000833699363283813,0.0096545368432998657,0.011030782014131546
IPNMAT,2006-08-31,-0.0092687094584107399,-0.0066297170706093311,0.00105521478690207,0.0090768393129110336,0.012222536839544773
IPNMAT,2006-09-30,-0.010244789533317089,-0.0081411777064204216,0.0011808434501290321,0.0097400257363915443,0.012635617516934872
IPNMAT,2006-10-31,-0.011880870908498764,-0.0071143386885523796,0.0022677523083984852,0.010533109307289124,0.012601355090737343
IPNMAT,2006-11-30,-0.010606936179101467,-0.0085251349955797195,0.00026433321181684732,0.009469752199947834,0.013188343495130539
IPNMAT,2006-12-31,-0.0092742182314395905,-0.0066501377150416374,0.0022264332510530949,0.0092744957655668259,0.013207240030169487
IPNMAT,2007-01-31,-0.0095484349876642227,-0.0063385730609297752,0.0022040214389562607,0.011593613773584366,0.013621004298329353
IPNMAT,2007-02-28,-0.0067494381219148636,-0.0052549680694937706,0.0025369315408170223,0.01134321466088295,0.015984496101737022
IPNMAT,2007-03-31,-0.0076972735114395618,-0.004987968597561121,0.0027871034108102322,0.010954882018268108,0.014054808765649796
IPNMAT,2007-04-30,-0.0083718318492174149,-0.0063080894760787487,0.0027726022526621819,0.013447068631649017,0.016135765239596367
ISRATIOx,2005-05-31,-0.01929779164493084,-0.0121229263022542,3.3673015423119068e-05,0.011502325534820557,0.018193520605564117
ISRATIOx,2005-06-30,-0.016186540946364403,-0.010901743546128273,-3.9083941373974085e-05,0.011083247140049934,0.015926504507660866
ISRATIOx,2005-07-31,-0.020993961021304131,-0.014689040370285511,2.2786000045016408e-05,0.010679521597921848,0.015731478109955788
ISRATIOx,2005-08-31,-0.02097151055932045,-0.018117133527994156,-4.5266817323863506e-05,0.011185131035745144,0.012882704846560955
ISRATIOx,2005-09-30,-0.018938163295388222,-0.013914182782173157,0.00080071267439052463,0.017639344558119774,0.021192824468016624
ISRATIOx,2005-10-31,-0.021786367520689964,-0.018164696171879768,-0.0002937386161647737,0.010905901901423931,0.012941829860210419
ISRATIOx,2005-11-30,-0.020641878247261047,-0.016814453527331352,7.2569673648104072e-05,0.0120450584217906,0.01982029527425766
ISRATIOx,2005-12-31,-0.020383499562740326,-0.015652680769562721,-0.00012933100515510887,0.010413315147161484,0.0178572628647089
ISRATIOx,2006-01-31,-0.021436965093016624,-0.019599681720137596,0.0005315265734679997,0.012107131071388721,0.014888525009155273
ISRATIOx,2006-02-28,-0.020992925390601158,-0.012763046659529209,0.00061550579266622663,0.010856283828616142,0.012312703765928745
ISRATIOx,2006-03-31,-0.022458288818597794,-0.018769495189189911,-0.00018176071171183139,0.011442641727626324,0.020139705389738083
ISRATIOx,2006-04-30,-0.021851034834980965,-0.019498242065310478,-0.00065748393535614014,0.0099677480757236481,0.011281182058155537
ISRATIOx,2006-05-31,-0.03073621541261673,-0.020375549793243408,-6.1437589465640485e-05,0.010521317832171917,0.021773584187030792
ISRATIOx,2006-06-30,-0.025584720075130463,-0.019058378413319588,-0.00071932037826627493,0.010813582688570023,0.013806262984871864
ISRATIOx,2006-07-31,-0.017725838348269463,-0.011278093792498112,-0.00023273106489796191,0.011827086098492146,0.020841533318161964
ISRATIOx,2006-08-31,-0.029223695397377014,-0.013945220969617367,-0.00024462313740514219,0.015057090669870377,0.01901320181787014
ISRATIOx,2006-09-30,-0.019800812005996704,-0.011595234274864197,0.00021644175285473466,0.010822450742125511,0.014309858903288841
ISRATIOx,2006-10-31,-0.027360189706087112,-0.016913961619138718,-0.00039352764724753797,0.010715083219110966,0.019230283796787262
ISRATIOx,2006-11-30,-0.032466445118188858,-0.018676595762372017,0.00039473138167522848,0.010869820602238178,0.013933443464338779
ISRATIOx,2006-12-31,-0.023600602522492409,-0.020642593502998352,-0.00032111204927787185,0.011458649300038815,0.019879654049873352
ISRATIOx,2007-01-31,-0.020393507555127144,-0.017235541716217995,0.00017571539501659572,0.01164083369076252,0.01584174856543541
ISRATIOx,2007-02-28,-0.031565681099891663,-0.019224114716053009,-0.00032623601146042347,0.0122635867446661,0.019311403855681419
ISRATIOx,2007-03-31,-0.021520268172025681,-0.016136206686496735,-0.00019915726443286985,0.0096201291307806969,0.011516395956277847
ISRATIOx,2007-04-30,-0.019988972693681717,-0.013927366584539413,-0.00029558106325566769,0.012370890937745571,0.015938656404614449
M1SL,2005-05-31,-0.0034641004167497158,-0.0010679574916139245,0.006798415444791317,0.014899039641022682,0.017184220254421234
M1SL,2005-06-30,-0.010620920918881893,-0.0079963468015193939,-0.00035520060919225216,0.0073577831499278545,0.010278971865773201
M1SL,2005-07-31,-0.0078633064404129982,-0.0064296908676624298,0.0013033149298280478,0.0096208462491631508,0.013958729803562164
M1SL,2005-08-31,-0.012471540831029415,-0.0095005221664905548,-0.00057046947767958045,0.0086118392646312714,0.011572174727916718
M1SL,2005-09-30,-0.012547194957733154,-0.010743167251348495,-0.0002885900903493166,0.0071171470917761326,0.013359148986637592
M1SL,2005-10-31,-0.012912270613014698,-0.0099819879978895187,-0.00033842655830085278,0.0084575321525335312,0.010514127090573311
M1SL,2005-11-30,-0.012335126288235188,-0.010416268371045589,-0.00043685318087227643,0.0089394878596067429,0.010738433338701725
M1SL,2005-12-31,-0.01063920184969902,-0.0077449553646147251,0.00065868336241692305,0.0089747076854109764,0.011981882154941559
M1SL,2006-01-31,-0.013382982462644577,-0.010173508897423744,-0.0013369247317314148,0.0077969115227460861,0.012679498642683029
M1SL,2006-02-28,-0.012919040396809578,-0.01077259611338377,-0.0024145746137946844,0.0076306965202093124,0.0095833400264382362
M1SL,2006-03-31,-0.012420305050909519,-0.010652513243257999,0.001140889129601419,0.0093603860586881638,0.011829415336251259
M1SL,2006-04-30,-0.01337023638188839,-0.010331708006560802,-0.0015675453469157219,0.0068012685514986515,0.011362950317561626
M1SL,2006-05-31,-0.0099069979041814804,-0.0089126508682966232,3.5945056879427284e-05,0.0074149188585579395,0.010402202606201172
M1SL,2006-06-30,-0.011346376501023769,-0.0094614364206790924,-0.00062461226480081677,0.009701811708509922,0.011998308822512627
M1SL,2006-07-31,-0.011725414544343948,-0.0095483986660838127,-0.0014748529065400362,0.0084802685305476189,0.010505415499210358
M1SL,2006-08-31,-0.010760689154267311,-0.0076135853305459023,-0.00078312854748219252,0.0083174165338277817,0.011261279694736004
M1SL,2006-09-30,-0.012077474966645241,-0.010619379580020905,-0.00076883938163518906,0.010042838752269745,0.011707790195941925
M1SL,2006-10-31,-0.0094782570376992226,-0.006299472413957119,0.00014879571972414851,0.0099134799093008041,0.012619498185813427
M1SL,2006-11-30,-0.0097766490653157234,-0.008162153884768486,-0.001112666679546237,0.0086530605331063271,0.010661346837878227
M1SL,2006-12-31,-0.011121704243123531,-0.0075770984403789043,-0.00035286135971546173,0.007761229295283556,0.0094340937212109566
M1SL,2007-01-31,-0.012214379385113716,-0.0095673985779285431,0.00050706526963040233,0.0093460595235228539,0.011415621265769005
M1SL,2007-02-28,-0.01051201019436121,-0.0088604232296347618,1.17126419354463e-05,0.0074295513331890106,0.010450900532305241
M1SL,2007-03-31,-0.0099053662270307541,-0.0080808773636817932,0.00037018448347225785,0.0084328316152095795,0.010790855623781681
M1SL,2007-04-30,-0.013241391628980637,-0.0095295403152704239,0.00023314433929044753,0.0085691623389720917,0.011324101127684116
M2REAL,2005-05-31,-0.0040225679986178875,-0.0031840645242482424,7.9410732723772526e-05,0.0034741377457976341,0.0037538777105510235
M2REAL,2005-06-30,-0.0046816975809633732,-0.003530607558786869,0.00037385104224085808,0.0040314239449799061,0.0049021234735846519
M2REAL,2005-07-31,-0.0033638668246567249,-0.0024888557381927967,0.00078086258145049214,0.0054724854417145252,0.0062405108474195004
M2REAL,2005-08-31,-0.004476495087146759,-0.0033425572328269482,0.00065174931660294533,0.0045088352635502815,0.0055694896727800369
M2REAL,2005-09-30,-0.0046182391233742237,-0.0031780428253114223,0.00057154265232384205,0.0053027900867164135,0.0067040841095149517
M2REAL,2005-10-31,-0.004150688648223877,-0.0032345824874937534,0.0013311959337443113,0.0052791121415793896,0.0062400153838098049
M2REAL,2005-11-30,-0.0056901350617408752,-0.0039605922065675259,0.00093205430312082171,0.0050218063406646252,0.0065736202523112297
M2REAL,2005-12-31,-0.0044246111065149307,-0.0032276466954499483,0.00080964696826413274,0.0052530919201672077,0.0065378765575587749
M2REAL,2006-01-31,-0.0041565713472664356,-0.0032240003347396851,0.0016102315858006477,0.0050157606601715088,0.0072973985224962234
M2REAL,2006-02-28,-0.0046317437663674355,-0.0032885945402085781,0.0013244167203083634,0.0062093557789921761,0.0070806308649480343
M2REAL,2006-03-31,-0.004842730239033699,-0.003849599277600646,0.0013104883255437016,0.0058821244165301323,0.0070253172889351845
M2REAL,2006-04-30,-0.0045355167239904404,-0.0037704578135162592,0.0015035792021080852,0.006698906421661377,0.0080992244184017181
M2REAL,2006-05-31,-0.0041333404369652271,-0.0030456427484750748,0.0016632006736472249,0.0063779791817069054,0.0088507384061813354
M2REAL,2006-06-30,-0.0039498903788626194,-0.0030116667039692402,0.0012716591591015458,0.0055976938456296921,0.0075796707533299923
M2REAL,2006-07-31,-0.0048592393286526203,-0.0032265752088278532,0.0012720287777483463,0.0061234119348227978,0.0071907173842191696
M2REAL,2006-08-31,-0.0046032369136810303,-0.003260498633608222,0.0013783685863018036,0.0061048227362334728,0.0069796815514564514
M2REAL,2006-09-30,-0.0046083210036158562,-0.0027275735046714544,0.0018329808954149485,0.0072787930257618427,0.0089135197922587395
M2REAL,2006-10-31,-0.0053952326998114586,-0.0036305075045675039,0.0012389621697366238,0.0070410184562206268,0.008807620033621788
M2REAL,2006-11-30,-0.005411144345998764,-0.0039333365857601166,0.0012717577628791332,0.0081766927614808083,0.0091557400301098824
M2REAL,2006-12-31,-0.0055542662739753723,-0.0036528448108583689,0.00097285769879817963,0.0065099513158202171,0.0075789862312376499
M2REAL,2007-01-31,-0.0053224293515086174,-0.0041086631827056408,0.0013374723494052887,0.0065758069977164268,0.010372700169682503
M2REAL,2007-02-28,-0.003827214241027832,-0.0029128666501492262,0.0012056843843311071,0.0071800784207880497,0.0082098944112658501
M2REAL,2007-03-31,-0.0064742960967123508,-0.0044415658339858055,0.00072538404492661357,0.0062518282793462276,0.0078040193766355515
M2REAL,2007-04-30,-0.0038735533598810434,-0.0030258700717240572,0.00071311555802822113,0.0052824360318481922,0.0077282628044486046
M2SL,2005-05-31,-0.0026919140946120024,-0.0022925110533833504,-0.00015477009583264589,0.0030048070475459099,0.0037533368449658155
M2SL,2005-06-30,-0.0031238035298883915,-0.0024779841769486666,-1.6839701856952161e-05,0.0024210948031395674,0.0029121115803718567
M2SL,2005-07-31,-0.0040353038348257542,-0.0026278509758412838,-0.00020175348618067801,0.0027716010808944702,0.0034674378111958504
M2SL,2005-08-31,-0.0030222907662391663,-0.0024815269280225039,6.9525893195532262e-05,0.0024277800694108009,0.0028613761533051729
M2SL,2005-09-30,-0.0042521976865828037,-0.0024806756991893053,-2.7894424420082942e-05,0.0027016222011297941,0.0033566625788807869
M2SL,2005-10-31,-0.0035542403347790241,-0.0023666722699999809,-8.8978456915356219e-05,0.0024951964151114225,0.0031004601623862982
M2SL,2005-11-30,-0.0039554070681333542,-0.0030867145396769047,0.00033016901579685509,0.0024495648685842752,0.0034747691825032234
M2SL,2005-12-31,-0.0036868029274046421,-0.0026791722048074007,-0.00047620947589166462,0.0021776314824819565,0.0028573665767908096
M2SL,2006-01-31,-0.0035252927336841822,-0.0029896113555878401,-0.00019859647727571428,0.0028752537909895182,0.0051193954423069954
M2SL,2006-02-28,-0.0035220582503825426,-0.0030462932772934437,-0.00013482710346579552,0.0018063816241919994,0.0024434786755591631
M2SL,2006-03-31,-0.0031254722271114588,-0.002531369449570775,-6.1875645769760013e-05,0.0023477876093238592,0.0032787676900625229
M2SL,2006-04-30,-0.0039397976361215115,-0.002814864506945014,-0.00013863403000868857,0.0027153838891535997,0.0036516082473099232
M2SL,2006-05-31,-0.0033051413483917713,-0.0024692274164408445,0.00014250719686970115,0.0029995860531926155,0.0038627972826361656
M2SL,2006-06-30,-0.0032056751661002636,-0.0025944716762751341,7.8868151831557043e-06,0.0024883241858333349,0.0028100856579840183
M2SL,2006-07-31,-0.0034247136209160089,-0.0023758145980536938,-1.1264968634350225e-05,0.0029836525209248066,0.0038923444226384163
M2SL,2006-08-31,-0.0033934481907635927,-0.0024284592363983393,1.3036287782597356e-05,0.0029218648560345173,0.0039000923279672861
M2SL,2006-09-30,-0.0030913210939615965,-0.0022428005468100309,-3.4281052649021149e-05,0.0030615872237831354,0.0045198164880275726
M2SL,2006-10-31,-0.0048008887097239494,-0.003773826640099287,-7.7101838542148471e-05,0.0037359173875302076,0.0044518583454191685
M2SL,2006-11-30,-0.0033873820211738348,-0.0027097971178591251,-0.00012532182154245675,0.0028876198921352625,0.0037555200979113579
M2SL,2006-12-31,-0.0034132171422243118,-0.0027048441115766764,-0.00040764472214505076,0.002716277027502656,0.0042018829844892025
M2SL,2007-01-31,-0.0033984086476266384,-0.0026457787025719881,0.00012217169569339603,0.0029572907369583845,0.0034785633906722069
M2SL,2007-02-28,-0.0030531375668942928,-0.0022874467540532351,-0.00010490762360859662,0.002416449598968029,0.0028414682019501925
M2SL,2007-03-31,-0.0038340478204190731,-0.0033264311496168375,-0.000277273531537503,0.002530326135456562,0.0039130044169723988
M2SL,2007-04-30,-0.0036818969529122114,-0.0026967995800077915,-8.7113039626274258e-05,0.0030438806861639023,0.0045554391108453274
MANEMP,2005-05-31,-0.0049052946269512177,-0.0037643625400960445,-0.0010347366333007812,0.0012370742624625564,0.0017002727836370468
MANEMP,2005-06-30,-0.0038018799386918545,-0.0035974325146526098,-0.0010443761711940169,0.0015658701304346323,0.0025259549729526043
MANEMP,2005-07-31,-0.0046466183848679066,-0.0043710488826036453,-0.0013940990902483463,0.0017093216301873326,0.0031676031649112701
MANEMP,2005-08-31,-0.0045985700562596321,-0.0037808183114975691,-0.00048862164840102196,0.0017749455291777849,0.0035402644425630569
MANEMP,2005-09-30,-0.0041290167719125748,-0.0031114383600652218,-0.00032742874464020133,0.0025919037871062756,0.0032631501089781523
MANEMP,2005-10-31,-0.0048682135529816151,-0.0042062653228640556,-0.00099108321592211723,0.0019866314250975847,0.0031087945681065321
MANEMP,2005-11-30,-0.0045930198393762112,-0.0036997389979660511,-0.00049563520587980747,0.0033533649984747171,0.0041167251765727997
MANEMP,2005-12-31,-0.0045206495560705662,-0.0037250637542456388,-0.00040461777825839818,0.0030064696911722422,0.003909100778400898
MANEMP,2006-01-31,-0.0063602779991924763,-0.0049221105873584747,-0.0010300611611455679,0.0020611654035747051,0.0033735672477632761
MANEMP,2006-02-28,-0.0048729409463703632,-0.004128175787627697,-0.00066717260051518679,0.0032950055319815874,0.0048441030085086823
MANEMP,2006-03-31,-0.0054245763458311558,-0.0044901291839778423,-0.00082287448458373547,0.0031884182244539261,0.0042547709308564663
MANEMP,2006-04-30,-0.0059930612333118916,-0.0046958313323557377,-0.00070936285192146897,0.0028698921669274569,0.0038052459713071585
MANEMP,2006-05-31,-0.0068959486670792103,-0.0043150410056114197,-0.00040667134453542531,0.0024706674739718437,0.0034609525464475155
MANEMP,2006-06-30,-0.005527927540242672,-0.0045029595494270325,-0.00033267951221205294,0.0024776600766927004,0.0033435837831348181
MANEMP,2006-07-31,-0.006255145650357008,-0.0042769457213580608,-0.00014840773656032979,0.0036386256106197834,0.0043131639249622822
MANEMP,2006-08-31,-0.0056138783693313599,-0.0046242764219641685,-0.00055461470037698746,0.0039951913058757782,0.0048526376485824585
MANEMP,2006-09-30,-0.0053872745484113693,-0.0045652533881366253,-0.00053468695841729641,0.0030246025417000055,0.0043508433736860752
MANEMP,2006-10-31,-0.0071066999807953835,-0.0057026101276278496,-0.000745526107493788,0.0029322113841772079,0.0045655341818928719
MANEMP,2006-11-30,-0.0087455641478300095,-0.0059498688206076622,-0.0010422816267237067,0.0032489043660461903,0.0050689005292952061
MANEMP,2006-12-31,-0.0053761792369186878,-0.00362049276009202,-0.00066053238697350025,0.0026033595204353333,0.0030570733360946178
MANEMP,2007-01-31,-0.0079627921804785728,-0.0049060555174946785,-0.00054604193428531289,0.0032231940422207117,0.0052501889877021313
MANEMP,2007-02-28,-0.0068766986951231956,-0.0049147950485348701,-0.00097006600117310882,0.0028620564844459295,0.0040264646522700787
MANEMP,2007-03-31,-0.0044838357716798782,-0.0032330108806490898,1.7453705368097872e-05,0.0034350729547441006,0.0041340445168316364
MANEMP,2007-04-30,-0.0087157413363456726,-0.0055400244891643524,-0.001123598194681108,0.0026439360808581114,0.0040519894100725651
NDMANEMP,2005-05-31,-0.005454640369862318,-0.0045623001642525196,-0.0022026982624083757,-0.00029066341812722385,0.00046526675578206778
NDMANEMP,2005-06-30,-0.0049351956695318222,-0.0044180601835250854,-0.002157118171453476,-0.00035675635444931686,0.00024056040274444968
NDMANEMP,2005-07-31,-0.0048874979838728905,-0.0040160142816603184,-0.0021266983821988106,-4.1490162402624264e-05,0.00040506914956495166
NDMANEMP,2005-08-31,-0.004647010937333107,-0.0040636612102389336,-0.0016766967019066215,0.00032098210067488253,0.00077846902422606945
NDMANEMP,2005-09-30,-0.0047943196259438992,-0.0041937809437513351,-0.001821872079744935,0.00060227472567930818,0.0011126709869131446
NDMANEMP,2005-10-31,-0.0048387106508016586,-0.0041034771129488945,-0.0022347690537571907,0.00076477299444377422,0.0011628424981608987
NDMANEMP,2005-11-30,-0.0048055117949843407,-0.0044465325772762299,-0.0018048472702503204,0.00063665112247690558,0.0011413448955863714
NDMANEMP,2005-12-31,-0.0045125815086066723,-0.0040594600141048431,-0.0018684302922338247,0.00035192293580621481,0.0011974186636507511
NDMANEMP,2006-01-31,-0.0047913473099470139,-0.0041837706230580807,-0.0018991590477526188,0.00080623780377209187,0.001760428654961288
NDMANEMP,2006-02-28,-0.0045564449392259121,-0.0039232252165675163,-0.0016869727987796068,0.00082602177280932665,0.0019810551311820745
NDMANEMP,2006-03-31,-0.0055222967639565468,-0.0047712619416415691,-0.0018630964914336801,0.0005314868176355958,0.0014667270006611943
NDMANEMP,2006-04-30,-0.0061450144276022911,-0.0042707263492047787,-0.0020806002430617809,0.0004509485443122685,0.00094625249039381742
NDMANEMP,2006-05-31,-0.0063357464969158173,-0.0045648445375263691,-0.0016585795674473047,0.00015051163791213185,0.0012889038771390915
NDMANEMP,2006-06-30,-0.005099473986774683,-0.0045138252899050713,-0.0015657867770642042,0.00060166261391714215,0.00098668306600302458
NDMANEMP,2006-07-31,-0.0059100189246237278,-0.004733063280582428,-0.0021801521070301533,0.00093231652863323689,0.001640340662561357
NDMANEMP,2006-08-31,-0.005592533852905035,-0.0046630189754068851,-0.0018766990397125483,0.00051060889381915331,0.0013599552912637591
NDMANEMP,2006-09-30,-0.0068274964578449726,-0.0054363422095775604,-0.0015561281470581889,0.0012486394261941314,0.0018113767728209496
NDMANEMP,2006-10-31,-0.0050197308883070946,-0.0043628104031085968,-0.0017100124387070537,0.00056068605044856668,0.0012405127054080367
NDMANEMP,2006-11-30,-0.004978695884346962,-0.0045859194360673428,-0.0020084045827388763,0.00075715087587013841,0.0015466418117284775
NDMANEMP,2006-12-31,-0.0049410839565098286,-0.004456148948520422,-0.0017567649483680725,0.00075358489993959665,0.0011322104837745428
NDMANEMP,2007-01-31,-0.0055522308684885502,-0.004777347669005394,-0.0016289264895021915,0.0012298906221985817,0.0016974916215986013
NDMANEMP,2007-02-28,-0.0062397876754403114,-0.0043541272170841694,-0.0016088234260678291,0.0015287230489775538,0.0025719092227518559
NDMANEMP,2007-03-31,-0.0047167828306555748,-0.0040228827856481075,-0.0015614390140399337,0.0005861524841748178,0.0010654150974005461
NDMANEMP,2007-04-30,-0.0044830492697656155,-0.00396317383274436,-0.0016790255904197693,0.0013629354070872068,0.0017865600530058146
NONBORRES,2005-05-31,-0.084524564445018768,-0.058092325925827026,-0.02476758137345314,0.01742144487798214,0.026121729984879494
NONBORRES,2005-06-30,-0.051271952688694,-0.039596721529960632,-7.4729236075654626e-05,0.042174719274044037,0.0514976866543293
NONBORRES,2005-07-31,-0.051515541970729828,-0.02287677489221096,0.022737186402082443,0.063263803720474243,0.081017673015594482
NONBORRES,2005-08-31,-0.082732990384101868,-0.063087254762649536,-0.0098633170127868652,0.031446158885955811,0.040569014847278595
NONBORRES,2005-09-30,-0.052114605903625488,-0.044553879648447037,0.00069620250724256039,0.039769697934389114,0.055541966110467911
NONBORRES,2005-10-31,-0.055808715522289276,-0.039725065231323242,0.0092257559299468994,0.043389491736888885,0.056381646543741226
NONBORRES,2005-11-30,-0.048855666071176529,-0.040092531591653824,0.0070064435712993145,0.040235016494989395,0.059771887958049774
NONBORRES,2005-12-31,-0.041792280972003937,-0.023276509717106819,0.015360688790678978,0.060724988579750061,0.078019455075263977
NONBORRES,2006-01-31,-0.05036843940615654,-0.034767802804708481,0.0082610789686441422,0.04464351013302803,0.061388850212097168
NONBORRES,2006-02-28,-0.11419150233268738,-0.10241872817277908,-0.043483756482601166,-0.002509500365704298,0.016331471502780914
NONBORRES,2006-03-31,-0.041597303003072739,-0.019567152485251427,0.020953666418790817,0.066088326275348663,0.092250190675258636
NONBORRES,2006-04-30,-0.028128176927566528,-0.008873574435710907,0.028035521507263184,0.063836544752120972,0.072184301912784576
NONBORRES,2006-05-31,-0.063871175050735474,-0.052908848971128464,-0.01939726248383522,0.014717430807650089,0.026567254215478897
NONBORRES,2006-06-30,-0.049610070884227753,-0.040706705302000046,0.00016007083468139172,0.035857703536748886,0.058698024600744247
NONBORRES,2006-07-31,-0.026719242334365845,-0.014884529635310173,0.029718164354562759,0.069182559847831726,0.10935892909765244
NONBORRES,2006-08-31,-0.076368384063243866,-0.063363812863826752,-0.0095918057486414909,0.029391271993517876,0.039338346570730209
NONBORRES,2006-09-30,-0.074386149644851685,-0.046699471771717072,-0.0047903913073241711,0.037705864757299423,0.047708712518215179
NONBORRES,2006-10-31,-0.054548967629671097,-0.03731854259967804,0.0055070528760552406,0.046877048909664154,0.062087513506412506
NONBORRES,2006-11-30,-0.066576391458511353,-0.046832922846078873,0.0093216206878423691,0.058294340968132019,0.067266546189785004
NONBORRES,2006-12-31,-0.042470525950193405,-0.02695908397436142,0.011277996003627777,0.05336390808224678,0.063408248126506805
NONBORRES,2007-01-31,-0.055678240954875946,-0.044518206268548965,0.0052598463371396065,0.049300581216812134,0.059466395527124405
NONBORRES,2007-02-28,-0.12975497543811798,-0.11523579061031342,-0.0416143499314785,-0.001884394558146596,0.0072414069436490536
NONBORRES,2007-03-31,-0.052103523164987564,-0.042205478996038437,0.010513607412576675,0.058637205511331558,0.07994561642408371
NONBORRES,2007-04-30,-0.022074537351727486,0.0024859285913407803,0.032409418374300003,0.05872228741645813,0.073900520801544189
NONREVSL,2005-05-31,-0.0039270115084946156,-0.0029394787270575762,0.00069350388366729021,0.0044679604470729828,0.0065550105646252632
NONREVSL,2005-06-30,-0.0064691775478422642,-0.0050508524291217327,-7.3147442890331149e-05,0.0042254459112882614,0.0054477197118103504
NONREVSL,2005-07-31,-0.0063311024568974972,-0.0042166006751358509,0.0011552484938874841,0.0059493677690625191,0.0074534676969051361
NONREVSL,2005-08-31,-0.0057534226216375828,-0.0041820094920694828,-0.0001082329181372188,0.0051095606759190559,0.0067154210992157459
NONREVSL,2005-09-30,-0.007536307442933321,-0.0048645730130374432,-0.00012572892592288554,0.0042362557724118233,0.0053996364586055279
NONREVSL,2005-10-31,-0.0051271123811602592,-0.0042148735374212265,-0.00045218053855933249,0.0041164830327033997,0.0064190351404249668
NONREVSL,2005-11-30,-0.0062298579141497612,-0.0050822021439671516,-2.4578283046139404e-05,0.0048339236527681351,0.0068160011433064938
NONREVSL,2005-12-31,-0.0052526569925248623,-0.0031207934953272343,0.00059867004165425897,0.0054708085954189301,0.0075376997701823711
NONREVSL,2006-01-31,-0.0052231075242161751,-0.0042249555699527264,0.00052774755749851465,0.0042711184360086918,0.0058559365570545197
NONREVSL,2006-02-28,-0.0075487066060304642,-0.0047366372309625149,-0.00037788093322888017,0.003640847047790885,0.0058389152400195599
NONREVSL,2006-03-31,-0.0062836487777531147,-0.0049182618968188763,0.00051732058636844158,0.0049436343833804131,0.0059742853045463562
NONREVSL,2006-04-30,-0.0067514763213694096,-0.0054822126403450966,-0.00074088794644922018,0.0041726059280335903,0.0059996270574629307
NONREVSL,2006-05-31,-0.0057603232562541962,-0.004796608816832304,0.00028483540518209338,0.0044960193336009979,0.0057587558403611183
NONREVSL,2006-06-30,-0.0044882670044898987,-0.003506228793412447,0.00025715166702866554,0.0046619484201073647,0.0068754195235669613
NONREVSL,2006-07-31,-0.0081382486969232559,-0.0067346054129302502,-2.1702719095628709e-05,0.004015729296952486,0.0053275893442332745
NONREVSL,2006-08-31,-0.0046112248674035072,-0.0032016087789088488,0.00054027547594159842,0.0042814784683287144,0.0054846913553774357
NONREVSL,2006-09-30,-0.0059690931811928749,-0.0050137285143136978,-0.00015161017654463649,0.0054365210235118866,0.0078017557971179485
NONREVSL,2006-10-31,-0.0061579016037285328,-0.0046224049292504787,-0.00046505354112014174,0.0040956516750156879,0.0053746369667351246
NONREVSL,2006-11-30,-0.0073930127546191216,-0.0051562809385359287,-8.3160033682361245e-05,0.0051865321584045887,0.0062751583755016327
NONREVSL,2006-12-31,-0.0062317484989762306,-0.0041313618421554565,-0.00027063541347160935,0.0048163346946239471,0.0054635959677398205
NONREVSL,2007-01-31,-0.0063831447623670101,-0.0036957240663468838,0.0006931295501999557,0.0044700228609144688,0.005980850663036108
NONREVSL,2007-02-28,-0.0060682869516313076,-0.0044011916033923626,0.00029876630287617445,0.0042630694806575775,0.0059814034029841423
NONREVSL,2007-03-31,-0.0064343190751969814,-0.0053034108132123947,0.00034461481845937669,0.0046718530356884003,0.0060032745823264122
NONREVSL,2007-04-30,-0.0047615906223654747,-0.0038711938541382551,0.00026001170044764876,0.0056782267056405544,0.0085290912538766861
OILPRICEx,2005-05-31,-0.088655583560466766,-0.06029236689209938,0.028565581887960434,0.15783843398094177,0.18406307697296143
OILPRICEx,2005-06-30,-0.17278109490871429,-0.12191221863031387,-0.0024282534141093493,0.10863520205020905,0.14990425109863281
OILPRICEx,2005-07-31,-0.15385065972805023,-0.11431989818811417,0.0049884496256709099,0.12711110711097717,0.20183427631855011
OILPRICEx,2005-08-31,-0.19578517973423004,-0.12330479919910431,0.0056568463332951069,0.13257946074008942,0.15601739287376404
OILPRICEx,2005-09-30,-0.16634906828403473,-0.11438015103340149,-0.014642989262938499,0.098260588943958282,0.12824518978595734
OILPRICEx,2005-10-31,-0.14612925052642822,-0.088705778121948242,0.016786109656095505,0.11638394743204117,0.13490194082260132
OILPRICEx,2005-11-30,-0.13503094017505646,-0.10010480135679245,-0.018707960844039917,0.10340911149978638,0.15724749863147736
OILPRICEx,2005-12-31,-0.14412330090999603,-0.096612952649593353,0.00014444960106629878,0.13319757580757141,0.18134117126464844
OILPRICEx,2006-01-31,-0.1555020809173584,-0.11827997118234634,0.0059535442851483822,0.13953125476837158,0.18050292134284973
OILPRICEx,2006-02-28,-0.17967766523361206,-0.13139964640140533,-0.010622531175613403,0.078082509338855743,0.11145734786987305
OILPRICEx,2006-03-31,-0.19242052733898163,-0.15051193535327911,-0.0088809262961149216,0.1114322692155838,0.18517868220806122
OILPRICEx,2006-04-30,-0.13628427684307098,-0.095766954123973846,0.013701507821679115,0.10002496838569641,0.14150549471378326
OILPRICEx,2006-05-31,-0.19104461371898651,-0.13691325485706329,-0.0021588355302810669,0.11025027185678482,0.13904140889644623
OILPRICEx,2006-06-30,-0.20291493833065033,-0.14542357623577118,-0.0097678191959857941,0.10845229774713516,0.13819895684719086
OILPRICEx,2006-07-31,-0.16271965205669403,-0.12536093592643738,0.0057758172042667866,0.11837169528007507,0.156467005610466
OILPRICEx,2006-08-31,-0.16348846256732941,-0.096225745975971222,-0.0030500544235110283,0.12408313155174255,0.19169852137565613
OILPRICEx,2006-09-30,-0.13251061737537384,-0.094108559191226959,0.0062559316866099834,0.1212453618645668,0.19026955962181091
OILPRICEx,2006-10-31,-0.16405649483203888,-0.13614414632320404,0.0075348624959588051,0.12255880236625671,0.1703694611787796
OILPRICEx,2006-11-30,-0.1617170125246048,-0.11023465543985367,-0.00020240187586750835,0.12015789002180099,0.14703752100467682
OILPRICEx,2006-12-31,-0.19625456631183624,-0.10619419813156128,-0.0035344278439879417,0.12560535967350006,0.14241677522659302
OILPRICEx,2007-01-31,-0.16033628582954407,-0.10916265845298767,-0.0021312553435564041,0.10821302980184555,0.1391284316778183
OILPRICEx,2007-02-28,-0.19181384146213531,-0.13797600567340851,-0.0035741149913519621,0.11399064213037491,0.14191487431526184
OILPRICEx,2007-03-31,-0.14378367364406586,-0.11386045068502426,-0.016292233020067215,0.12243158370256424,0.14215800166130066
OILPRICEx,2007-04-30,-0.13244163990020752,-0.099655397236347198,5.1605806220322847e-05,0.13331390917301178,0.19917221367359161
PAYEMS,2005-05-31,-0.00058617698960006237,4.8634352424414828e-05,0.0016547348350286484,0.0034217415377497673,0.0039325752295553684
PAYEMS,2005-06-30,-0.0007365892524830997,-0.00027330403099767864,0.0013390353415161371,0.0032000825740396976,0.0035211616195738316
PAYEMS,2005-07-31,-0.00040905654896050692,0.00016167528519872576,0.0016025956720113754,0.0032497502397745848,0.0035887318663299084
PAYEMS,2005-08-31,-0.00073208357207477093,-2.1513274987228215e-05,0.0018052142113447189,0.0036571619566529989,0.0039572375826537609
PAYEMS,2005-09-30,-0.00059995544143021107,-0.00013048203254584223,0.0016218551900237799,0.003184690373018384,0.0036192005500197411
PAYEMS,2005-10-31,-0.00095468427753075957,-0.00027789556770585477,0.0014025503769516945,0.002897192956879735,0.0036153765395283699
PAYEMS,2005-11-30,-0.00084596365923061967,-0.00052277225768193603,0.0016215608920902014,0.0035787888336926699,0.0040297256782650948
PAYEMS,2005-12-31,-0.00057768600527197123,-0.00017444994591642171,0.0013450549449771643,0.0035456630866974592,0.004060021135956049
PAYEMS,2006-01-31,-0.00083933287533000112,-0.00033964967587962747,0.0017645801417529583,0.0036486131139099598,0.0041601569391787052
PAYEMS,2006-02-28,-0.0011788974516093731,-0.00026728821103461087,0.0015061531448736787,0.0031075878068804741,0.0039399047382175922
PAYEMS,2006-03-31,-0.0007823777268640697,-0.00041114119812846184,0.0015288894064724445,0.003300381125882268,0.0035730828531086445
PAYEMS,2006-04-30,-0.0010695628589019179,-0.00025434064446017146,0.0015009591588750482,0.0033255855087190866,0.0038234908133745193
PAYEMS,2006-05-31,-0.00065751356305554509,-0.00027477889670990407,0.0015350389294326305,0.0033336239866912365,0.0040039652958512306
PAYEMS,2006-06-30,-0.0011744797229766846,-6.368468893924728e-05,0.0016382758039981127,0.0033959043212234974,0.0039627393707633018
PAYEMS,2006-07-31,-0.00054542702855542302,-8.6868902144487947e-05,0.0014886315912008286,0.0035587840247899294,0.0042681917548179626
PAYEMS,2006-08-31,-0.00078474509064108133,-5.5596621677977964e-05,0.0014064013957977295,0.0035803120117634535,0.0040943748317658901
PAYEMS,2006-09-30,-0.0009359130053780973,-0.00036453979555517435,0.0015687958803027868,0.0035131217446178198,0.0043989550322294235
PAYEMS,2006-10-31,-0.00090144405839964747,-0.00050617736997082829,0.0015658626798540354,0.0036806357093155384,0.0043462147004902363
PAYEMS,2006-11-30,-0.0013250283664092422,-0.00068502413341775537,0.0015911927912384272,0.0038731382228434086,0.0042827078141272068
PAYEMS,2006-12-31,-0.001427880022674799,-0.00080655008787289262,0.0012763999402523041,0.0034466402139514685,0.0037554383743554354
PAYEMS,2007-01-31,-0.0006416981341317296,-0.00022805108164902776,0.0012733885087072849,0.0037456185091286898,0.0048126564361155033
PAYEMS,2007-02-28,-0.0012919638538733125,-0.00043639587238430977,0.0014317336026579142,0.0035770379472523928,0.0040857144631445408
PAYEMS,2007-03-31,-0.0011147999903187156,-0.0005287803360261023,0.0017335754819214344,0.0037480921018868685,0.0041949981823563576
PAYEMS,2007-04-30,-0.0013330206274986267,-0.00082421844126656651,0.0015880789142102003,0.0036238869652152061,0.0048770606517791748
PCEPI,2005-05-31,-0.00032708904473111033,0.00029549328610301018,0.0019091450376436114,0.0033327648416161537,0.0036506038159132004
PCEPI,2005-06-30,0.00011399845971027389,0.0005075475201010704,0.0021079517900943756,0.0036531772930175066,0.004212609026581049
PCEPI,2005-07-31,-1.9862440240103751e-05,0.00050722534069791436,0.0021605812944471836,0.0039527607150375843,0.0044221486896276474
PCEPI,2005-08-31,-0.00012091529060853645,0.00054263696074485779,0.0022519296035170555,0.0037823645398020744,0.004278773907572031
PCEPI,2005-09-30,-0.00035894865868613124,0.0001135588317993097,0.0019626503344625235,0.0036863062996417284,0.004216022789478302
PCEPI,2005-10-31,0.00021087913773953915,0.00071927264798432589,0.0023042201064527035,0.0038043118547648191,0.0042967330664396286
PCEPI,2005-11-30,-0.0003358539252076298,0.00012481174780987203,0.0018837713869288564,0.0038537122309207916,0.0043268674053251743
PCEPI,2005-12-31,-0.00021832555648870766,0.00012426533794496208,0.0021170387044548988,0.0034545473754405975,0.0041357995942234993
PCEPI,2006-01-31,-0.00069337250897660851,-0.00010073563316836953,0.0022748205810785294,0.0037378445267677307,0.0041570360772311687
PCEPI,2006-02-28,-0.00023124506697058678,0.00032477299100719392,0.001803848659619689,0.0034209834411740303,0.0039243991486728191
PCEPI,2006-03-31,9.6210489573422819e-05,0.00056861509801819921,0.0021663566585630178,0.0037967695388942957,0.0043800324201583862
PCEPI,2006-04-30,1.3000803846807685e-05,0.00028280363767407835,0.0019613462500274181,0.0033372575417160988,0.0039593186229467392
PCEPI,2006-05-31,-0.00017346421373076737,0.00059097283519804478,0.0019692247733473778,0.0035987801384180784,0.0044885245151817799
PCEPI,2006-06-30,-0.00035231938818469644,-0.00018863825243897736,0.0016373727703467011,0.003962936345487833,0.0042522242292761803
PCEPI,2006-07-31,-0.0001622454437892884,0.00019189156591892242,0.0021085771732032299,0.0040085101500153542,0.0044930353760719299
PCEPI,2006-08-31,-0.00047926322440616786,0.00011434378393460065,0.0021606362424790859,0.0036969929933547974,0.0045730103738605976
PCEPI,2006-09-30,-0.00058797129895538092,0.00010967579146381468,0.0023469631560146809,0.0041183126159012318,0.0047241640277206898
PCEPI,2006-10-31,0.00010965952969854698,0.00049593456787988544,0.0022471991833299398,0.0037940505426377058,0.004153453279286623
PCEPI,2006-11-30,-0.00085212645353749394,-0.00015850976342335343,0.0019128513522446156,0.0040207528509199619,0.0044472157023847103
PCEPI,2006-12-31,-0.00068020820617675781,-0.00021688806009478867,0.0020268105436116457,0.0040947063826024532,0.004380387719720602
PCEPI,2007-01-31,-0.00064449553610756993,-0.00033726147376000881,0.0022723090369254351,0.0040878904983401299,0.0045962589792907238
PCEPI,2007-02-28,-0.00061102880863472819,0.00045777935883961618,0.0023584300652146339,0.0041446322575211525,0.00461152708157897
PCEPI,2007-03-31,-0.00074363738531246781,0.00011521487613208592,0.0018768302397802472,0.0037743079010397196,0.005153954029083252
PCEPI,2007-04-30,-0.00034815605613403022,0.00015567395894322544,0.0020111359190195799,0.004358380101621151,0.0049279485829174519
PERMIT,2005-05-31,7.6089363098144531,7.6186509132385254,7.6545724868774414,7.6812839508056641,7.6970968246459961
PERMIT,2005-06-30,7.6090359687805176,7.6249418258666992,7.6707558631896973,7.7105674743652344,7.7225890159606934
PERMIT,2005-07-31,7.5572757720947266,7.5757265090942383,7.6593127250671387,7.7224478721618652,7.7281756401062012
PERMIT,2005-08-31,7.5658693313598633,7.5903310775756836,7.6615543365478516,7.7178592681884766,7.7386350631713867
PERMIT,2005-09-30,7.5067100524902344,7.5496029853820801,7.6569232940673828,7.7251811027526855,7.757896900177002
PERMIT,2005-10-31,7.49853515625,7.5391945838928223,7.6552739143371582,7.7179455757141113,7.7456340789794922
PERMIT,2005-11-30,7.5060520172119141,7.5662193298339844,7.6657476425170898,7.7397127151489258,7.7834963798522949
PERMIT,2005-12-31,7.5440354347229004,7.5684671401977539,7.641024112701416,7.7270827293395996,7.7448930740356445
PERMIT,2006-01-31,7.4108362197875977,7.4841113090515137,7.6445598602294922,7.7533559799194336,7.7918262481689453
PERMIT,2006-02-28,7.4673457145690918,7.4949021339416504,7.652069091796875,7.7469286918640137,7.7786965370178223
PERMIT,2006-03-31,7.3151359558105469,7.4420032501220703,7.6312961578369141,7.7637495994567871,7.8212451934814453
PERMIT,2006-04-30,7.4248256683349609,7.5242433547973633,7.652531623840332,7.7618889808654785,7.8172173500061035
PERMIT,2006-05-31,7.3104047775268555,7.4213247299194336,7.6492257118225098,7.790520191192627,7.8253078460693359
PERMIT,2006-06-30,7.2749691009521484,7.4416961669921875,7.6468658447265625,7.7676467895507812,7.812004566192627
PERMIT,2006-07-31,7.4357724189758301,7.4877915382385254,7.6551828384399414,7.7904353141784668,7.8490090370178223
PERMIT,2006-08-31,7.3417654037475586,7.4232840538024902,7.6148195266723633,7.7503170967102051,7.7852401733398438
PERMIT,2006-09-30,7.3777379989624023,7.4411473274230957,7.6538114547729492,7.812647819519043,7.8400487899780273
PERMIT,2006-10-31,7.2805948257446289,7.3948020935058594,7.6312961578369141,7.7810220718383789,7.811617374420166
PERMIT,2006-11-30,7.3361058235168457,7.4152641296386719,7.6196184158325195,7.782407283782959,7.8556070327758789
PERMIT,2006-12-31,7.2225232124328613,7.4057412147521973,7.6301288604736328,7.8154420852661133,7.8477468490600586
PERMIT,2007-01-31,7.2306418418884277,7.4013094902038574,7.6012606620788574,7.7838602066040039,7.8074245452880859
PERMIT,2007-02-28,7.2177038192749023,7.3542885780334473,7.6094770431518555,7.8314399719238281,7.8888072967529297
PERMIT,2007-03-31,7.2126178741455078,7.3557820320129395,7.6241140365600586,7.7832942008972168,7.8839197158813477
PERMIT,2007-04-30,7.2137885093688965,7.3378534317016602,7.6208505630493164,7.8182635307312012,7.8953680992126465
PERMITMW,2005-05-31,5.7839937210083008,5.808903694152832,5.8868465423583984,5.9695487022399902,6.0140385627746582
PERMITMW,2005-06-30,5.7747020721435547,5.8108925819396973,5.8814425468444824,5.9781622886657715,6.021458625793457
PERMITMW,2005-07-31,5.750391960144043,5.7924299240112305,5.884007453918457,5.982140064239502,6.0066585540771484
PERMITMW,2005-08-31,5.7117419242858887,5.7906703948974609,5.8915243148803711,6.0025444030761719,6.0421113967895508
PERMITMW,2005-09-30,5.7274932861328125,5.7711553573608398,5.8928489685058594,5.980311393737793,5.9950981140136719
PERMITMW,2005-10-31,5.7167444229125977,5.7588720321655273,5.8860554695129395,5.9857077598571777,6.0271339416503906
PERMITMW,2005-11-30,5.7306022644042969,5.7715888023376465,5.8766250610351562,6.014042854309082,6.0743308067321777
PERMITMW,2005-12-31,5.5931715965270996,5.6649813652038574,5.8568630218505859,5.9610228538513184,6.0229697227478027
PERMITMW,2006-01-31,5.7413811683654785,5.7685389518737793,5.8850970268249512,6.0450358390808105,6.1169281005859375
PERMITMW,2006-02-28,5.5928492546081543,5.7043557167053223,5.8983707427978516,6.0066847801208496,6.0212388038635254
PERMITMW,2006-03-31,5.6175198554992676,5.7208590507507324,5.887819766998291,6.0284585952758789,6.1030869483947754
PERMITMW,2006-04-30,5.7053899765014648,5.761171817779541,5.8945980072021484,6.0300865173339844,6.0737080574035645
PERMITMW,2006-05-31,5.6089992523193359,5.6697115898132324,5.9017658233642578,6.0115752220153809,6.0561404228210449
PERMITMW,2006-06-30,5.5972676277160645,5.7117996215820312,5.8876595497131348,6.014441967010498,6.0313024520874023
PERMITMW,2006-07-31,5.5375833511352539,5.6501498222351074,5.8572707176208496,5.985621452331543,6.0375223159790039
PERMITMW,2006-08-31,5.6148877143859863,5.6985969543457031,5.8673725128173828,6.0093703269958496,6.0423669815063477
PERMITMW,2006-09-30,5.4936041831970215,5.6430697441101074,5.856389045715332,6.0004987716674805,6.0847392082214355
PERMITMW,2006-10-31,5.5734896659851074,5.7059164047241211,5.8726997375488281,6.0535883903503418,6.1625175476074219
PERMITMW,2006-11-30,5.5417399406433105,5.6189384460449219,5.8722071647644043,6.0327610969543457,6.144442081451416
PERMITMW,2006-12-31,5.5218439102172852,5.6309127807617188,5.9011139869689941,6.0775961875915527,6.1092238426208496
PERMITMW,2007-01-31,5.4800920486450195,5.6114563941955566,5.8414955139160156,5.981877326965332,6.0550851821899414
PERMITMW,2007-02-28,5.525352954864502,5.6462831497192383,5.8753814697265625,6.0309720039367676,6.0576772689819336
PERMITMW,2007-03-31,5.5133819580078125,5.6284232139587402,5.8521137237548828,6.0388412475585938,6.0851731300354004
PERMITMW,2007-04-30,5.4774422645568848,5.6216497421264648,5.8646869659423828,6.0131111145019531,6.0540523529052734
PERMITNE,2005-05-31,5.1754727363586426,5.2020940780639648,5.2765426635742188,5.369269847869873,5.3858866691589355
PERMITNE,2005-06-30,5.120002269744873,5.1854047775268555,5.2921867370605469,5.386929988861084,5.4134488105773926
PERMITNE,2005-07-31,5.1235389709472656,5.1687154769897461,5.2987308502197266,5.3841996192932129,5.4066300392150879
PERMITNE,2005-08-31,5.1509113311767578,5.1905603408813477,5.2892293930053711,5.3940262794494629,5.4303302764892578
PERMITNE,2005-09-30,5.0806035995483398,5.1441640853881836,5.2850050926208496,5.4181184768676758,5.4604930877685547
PERMITNE,2005-10-31,5.1458382606506348,5.1975760459899902,5.2962064743041992,5.4332332611083984,5.4683785438537598
PERMITNE,2005-11-30,5.0740923881530762,5.1417121887207031,5.2786941528320312,5.4454255104064941,5.508173942565918
PERMITNE,2005-12-31,5.1080417633056641,5.1652536392211914,5.2986955642700195,5.447847843170166,5.5084328651428223
PERMITNE,2006-01-31,4.9671602249145508,5.0812039375305176,5.2801485061645508,5.417327880859375,5.4355630874633789
PERMITNE,2006-02-28,5.0882201194763184,5.1454477310180664,5.2780885696411133,5.4542150497436523,5.5300464630126953
PERMITNE,2006-03-31,5.0002079010009766,5.1138691902160645,5.2912001609802246,5.4758529663085938,5.5689005851745605
PERMITNE,2006-04-30,5.0200538635253906,5.1290726661682129,5.3083701133728027,5.4661550521850586,5.5250120162963867
PERMITNE,2006-05-31,5.0397801399230957,5.1087841987609863,5.285499095916748,5.4696736335754395,5.5068607330322266
PERMITNE,2006-06-30,5.0007824897766113,5.0844583511352539,5.2946314811706543,5.5534834861755371,5.6407294273376465
PERMITNE,2006-07-31,5.0886402130126953,5.1211156845092773,5.2896003723144531,5.5507535934448242,5.6492700576782227
PERMITNE,2006-08-31,4.9580979347229004,5.0672526359558105,5.2942829132080078,5.5509243011474609,5.8258743286132812
PERMITNE,2006-09-30,4.9598226547241211,5.0213003158569336,5.2711782455444336,5.459312915802002,5.5876226425170898
PERMITNE,2006-10-31,4.9538302421569824,5.0306954383850098,5.2715435028076172,5.4603219032287598,5.5180492401123047
PERMITNE,2006-11-30,5.0037803649902344,5.0429491996765137,5.2735261917114258,5.5099935531616211,5.5624499320983887
PERMITNE,2006-12-31,4.9994845390319824,5.0735077857971191,5.2944507598876953,5.5335783958435059,5.6733255386352539
PERMITNE,2007-01-31,4.8938846588134766,5.0320577621459961,5.2683925628662109,5.5579352378845215,5.6520867347717285
PERMITNE,2007-02-28,4.8578281402587891,5.0136971473693848,5.292424201965332,5.5747809410095215,5.6789398193359375
PERMITNE,2007-03-31,4.9043684005737305,5.0376377105712891,5.3018922805786133,5.594733715057373,5.688408374786377
PERMITNE,2007-04-30,4.7817306518554688,4.9642324447631836,5.2590885162353516,5.553985595703125,5.5974617004394531
PERMITS,2005-05-31,6.8105692863464355,6.8389840126037598,6.9072942733764648,6.9603366851806641,6.9822907447814941
PERMITS,2005-06-30,6.8601651191711426,6.8812136650085449,6.9271817207336426,6.9929451942443848,7.0102224349975586
PERMITS,2005-07-31,6.7832741737365723,6.8413362503051758,6.9185447692871094,6.9817628860473633,7.0458555221557617
PERMITS,2005-08-31,6.7902646064758301,6.8277630805969238,6.9181661605834961,7.0143222808837891,7.0423665046691895
PERMITS,2005-09-30,6.7975764274597168,6.825798511505127,6.9166445732116699,6.9970059394836426,7.0366878509521484
PERMITS,2005-10-31,6.7504820823669434,6.8122811317443848,6.9256415367126465,7.0114235877990723,7.0329747200012207
PERMITS,2005-11-30,6.7800040245056152,6.8098950386047363,6.9269061088562012,7.0329294204711914,7.0856823921203613
PERMITS,2005-12-31,6.7404446601867676,6.7957425117492676,6.9184179306030273,7.0120620727539062,7.0417728424072266
PERMITS,2006-01-31,6.6310887336730957,6.7652273178100586,6.9116582870483398,7.0289754867553711,7.0741028785705566
PERMITS,2006-02-28,6.6946759223937988,6.7557740211486816,6.9303851127624512,7.0450863838195801,7.1128754615783691
PERMITS,2006-03-31,6.6579136848449707,6.739445686340332,6.9163813591003418,7.0564641952514648,7.1086344718933105
PERMITS,2006-04-30,6.5739083290100098,6.6698455810546875,6.9224791526794434,7.0625700950622559,7.1120309829711914
PERMITS,2006-05-31,6.5750207901000977,6.6796379089355469,6.9103927612304688,7.0431628227233887,7.0715045928955078
PERMITS,2006-06-30,6.5015344619750977,6.658665657043457,6.9247188568115234,7.0645713806152344,7.1409201622009277
PERMITS,2006-07-31,6.607177734375,6.6844272613525391,6.9057927131652832,7.086432933807373,7.1794881820678711
PERMITS,2006-08-31,6.3909664154052734,6.5587096214294434,6.8839311599731445,7.0710258483886719,7.1384615898132324
PERMITS,2006-09-30,6.5546274185180664,6.7010374069213867,6.9076681137084961,7.0894618034362793,7.138608455657959
PERMITS,2006-10-31,6.3986296653747559,6.6441841125488281,6.8827600479125977,7.0772275924682617,7.1215534210205078
PERMITS,2006-11-30,6.5183625221252441,6.5865578651428223,6.8907451629638672,7.0723857879638672,7.177342414855957
PERMITS,2006-12-31,6.4173622131347656,6.6348114013671875,6.9033927917480469,7.0959200859069824,7.1576991081237793
PERMITS,2007-01-31,6.3556780815124512,6.4743766784667969,6.9109926223754883,7.089653491973877,7.1613030433654785
PERMITS,2007-02-28,6.2378139495849609,6.4952878952026367,6.8762412071228027,7.138068675994873,7.1977968215942383
PERMITS,2007-03-31,6.3712282180786133,6.453554630279541,6.8864850997924805,7.1415214538574219,7.2459535598754883
PERMITS,2007-04-30,6.3899598121643066,6.5963878631591797,6.9256715774536133,7.1825466156005859,7.3476924896240234
PERMITW,2005-05-31,6.2254247665405273,6.2567892074584961,6.3103532791137695,6.3481364250183105,6.3655176162719727
PERMITW,2005-06-30,6.2101273536682129,6.2432494163513184,6.3161230087280273,6.3713746070861816,6.3931975364685059
PERMITW,2005-07-31,6.1744813919067383,6.1997385025024414,6.3101263046264648,6.411078929901123,6.4519433975219727
PERMITW,2005-08-31,6.1087808609008789,6.1968441009521484,6.3065633773803711,6.4252734184265137,6.4700441360473633
PERMITW,2005-09-30,6.1129894256591797,6.1778774261474609,6.3117752075195312,6.399601936340332,6.4397048950195312
PERMITW,2005-10-31,6.1530976295471191,6.1933121681213379,6.2978734970092773,6.4169840812683105,6.4586400985717773
PERMITW,2005-11-30,6.0483903884887695,6.1445960998535156,6.3076882362365723,6.4515419006347656,6.5073513984680176
PERMITW,2005-12-31,6.0903019905090332,6.1454343795776367,6.3141851425170898,6.427192211151123,6.4680590629577637
PERMITW,2006-01-31,5.9489960670471191,6.0888075828552246,6.277888298034668,6.4295344352722168,6.5062365531921387
PERMITW,2006-02-28,6.1165881156921387,6.1591024398803711,6.3063926696777344,6.4532175064086914,6.5065255165100098
PERMITW,2006-03-31,5.9240021705627441,6.1046576499938965,6.3121366500854492,6.4535036087036133,6.4921150207519531
PERMITW,2006-04-30,5.8425874710083008,6.0828518867492676,6.281578540802002,6.436286449432373,6.4721560478210449
PERMITW,2006-05-31,5.9640307426452637,6.0732865333557129,6.2970333099365234,6.462590217590332,6.5191736221313477
PERMITW,2006-06-30,5.9011330604553223,5.9753913879394531,6.2746315002441406,6.4564309120178223,6.4778380393981934
PERMITW,2006-07-31,5.8443202972412109,6.0220546722412109,6.2877292633056641,6.4719858169555664,6.559664249420166
PERMITW,2006-08-31,5.8540205955505371,5.9836945533752441,6.2877631187438965,6.5055727958679199,6.5497703552246094
PERMITW,2006-09-30,5.870734691619873,5.9842376708984375,6.2701730728149414,6.5104570388793945,6.6548590660095215
PERMITW,2006-10-31,5.8905129432678223,6.0022420883178711,6.2340431213378906,6.4461474418640137,6.5226616859436035
PERMITW,2006-11-30,5.8320302963256836,5.9998345375061035,6.2978315353393555,6.4778966903686523,6.5585856437683105
PERMITW,2006-12-31,5.6401114463806152,5.9097986221313477,6.2435998916625977,6.4997291564941406,6.550628662109375
PERMITW,2007-01-31,5.774878978729248,5.903719425201416,6.2906374931335449,6.5777688026428223,6.7533655166625977
PERMITW,2007-02-28,5.8711938858032227,5.9932918548583984,6.2671957015991211,6.4548840522766113,6.501065731048584
PERMITW,2007-03-31,5.7786159515380859,5.9788198471069336,6.2570128440856934,6.4476923942565918,6.5160083770751953
PERMITW,2007-04-30,5.7563834190368652,5.8194541931152344,6.2218647003173828,6.4684023857116699,6.5306944847106934
PPICMM,2005-05-31,-0.028646238148212433,-0.020551994442939758,0.0094621246680617332,0.045283336192369461,0.057641506195068359
PPICMM,2005-06-30,-0.048047129064798355,-0.030601274222135544,-0.0011454862542450428,0.031228352338075638,0.049306970089673996
PPICMM,2005-07-31,-0.063070140779018402,-0.05178418755531311,-0.0033227489329874516,0.032486438751220703,0.041514553129673004
PPICMM,2005-08-31,-0.048963598906993866,-0.036126598715782166,0.00053982867393642664,0.0348491370677948,0.047750029712915421
PPICMM,2005-09-30,-0.051111113280057907,-0.038139831274747849,-0.0016935346648097038,0.033039156347513199,0.039725068956613541
PPICMM,2005-10-31,-0.06057903915643692,-0.04422837495803833,-0.0021644234657287598,0.037444699555635452,0.048590168356895447
PPICMM,2005-11-30,-0.059086136519908905,-0.038146365433931351,-0.002974803326651454,0.030007138848304749,0.04508010670542717
PPICMM,2005-12-31,-0.054305661469697952,-0.038369029760360718,0.0025318441912531853,0.036811385303735733,0.052695911377668381
PPICMM,2006-01-31,-0.044764991849660873,-0.037195485085248947,0.0021291133016347885,0.041179481893777847,0.050507660955190659
PPICMM,2006-02-28,-0.054771889001131058,-0.039637420326471329,-0.00019993989553768188,0.031070336699485779,0.038136929273605347
PPICMM,2006-03-31,-0.046147685497999191,-0.032476350665092468,-0.0015531054232269526,0.037377990782260895,0.050569619983434677
PPICMM,2006-04-30,-0.066608816385269165,-0.04960276186466217,-0.0023520640097558498,0.029752500355243683,0.048259098082780838
PPICMM,2006-05-31,-0.050919484347105026,-0.036701519042253494,0.0020093300845474005,0.03931359201669693,0.046342708170413971
PPICMM,2006-06-30,-0.036350447684526443,-0.029533728957176208,0.0016715658130124211,0.036559585481882095,0.043720204383134842
PPICMM,2006-07-31,-0.053137000650167465,-0.040786474943161011,-0.0015603149076923728,0.030631009489297867,0.041604597121477127
PPICMM,2006-08-31,-0.036008276045322418,-0.029084047302603722,0.0025484652724117041,0.03773113340139389,0.045180503278970718
PPICMM,2006-09-30,-0.042153112590312958,-0.027560632675886154,0.0074166613630950451,0.040133826434612274,0.050514101982116699
PPICMM,2006-10-31,-0.036760672926902771,-0.028607845306396484,0.00048898690147325397,0.03134608268737793,0.035428877919912338
PPICMM,2006-11-30,-0.050255566835403442,-0.033138062804937363,-0.0037387870252132416,0.031982157379388809,0.050833664834499359
PPICMM,2006-12-31,-0.044748943299055099,-0.031484805047512054,0.0034658059012144804,0.036393459886312485,0.044609036296606064
PPICMM,2007-01-31,-0.051148839294910431,-0.030290763825178146,0.0055476780980825424,0.041351065039634705,0.053949430584907532
PPICMM,2007-02-28,-0.04750492051243782,-0.033319275826215744,0.0055030658841133118,0.038087829947471619,0.054432839155197144
PPICMM,2007-03-31,-0.044040776789188385,-0.031890083104372025,0.0015697439666837454,0.034064661711454391,0.064481489360332489
PPICMM,2007-04-30,-0.060182496905326843,-0.037835244089365005,0.002065989188849926,0.038588065654039383,0.053903780877590179
REALLN,2005-05-31,-0.0082483375445008278,-0.0052466131746768951,0.00011797966726589948,0.0052216071635484695,0.0073668835684657097
REALLN,2005-06-30,-0.0077690603211522102,-0.0064096162095665932,-0.00011924987484235317,0.0054875602945685387,0.0086806947365403175
REALLN,2005-07-31,-0.008826068602502346,-0.0060859471559524536,0.00061417091637849808,0.006760832853615284,0.009812316857278347
REALLN,2005-08-31,-0.0095162354409694672,-0.0057859458029270172,0.00039901959826238453,0.0071322876028716564,0.010705112479627132
REALLN,2005-09-30,-0.010292808525264263,-0.0083287572488188744,6.7237611801829189e-05,0.0063124820590019226,0.0088872285559773445
REALLN,2005-10-31,-0.0085809621959924698,-0.0067481123842298985,-0.00037343904841691256,0.0067048259079456329,0.0091635342687368393
REALLN,2005-11-30,-0.007802408654242754,-0.0054686646908521652,2.3698505174252205e-05,0.0060444576665759087,0.0097751803696155548
REALLN,2005-12-31,-0.0075094415806233883,-0.0055055515840649605,0.0004528323479462415,0.0065190601162612438,0.0087206251919269562
REALLN,2006-01-31,-0.011685712262988091,-0.0079470062628388405,-0.00033491163048893213,0.0050152167677879333,0.0080073736608028412
REALLN,2006-02-28,-0.0096975388005375862,-0.0082338331267237663,0.00013906434469390661,0.0058729290030896664,0.0086806043982505798
REALLN,2006-03-31,-0.010699820704758167,-0.0075829937122762203,0.00053836539154872298,0.0069582881405949593,0.0093565667048096657
REALLN,2006-04-30,-0.0090299677103757858,-0.0075018405914306641,-0.00023735810827929527,0.0059162937104701996,0.0078044626861810684
REALLN,2006-05-31,-0.0080478107556700706,-0.0067813815549015999,-0.00064495834521949291,0.0050316392444074154,0.0098509229719638824
REALLN,2006-06-30,-0.0081677520647644997,-0.0064876214601099491,-0.00042101164581254125,0.0067505533806979656,0.0080669224262237549
REALLN,2006-07-31,-0.013053754344582558,-0.01034791674464941,-0.0006231592851690948,0.006033437792211771,0.0083463434129953384
REALLN,2006-08-31,-0.0098933475092053413,-0.0056222295388579369,-0.00053412897977977991,0.0058674062602221966,0.0078273927792906761
REALLN,2006-09-30,-0.011270610615611076,-0.0077344183810055256,0.00024064647732302547,0.0060730115510523319,0.0088288318365812302
REALLN,2006-10-31,-0.0088825291022658348,-0.0074145998805761337,6.8936868046876043e-05,0.0072399359196424484,0.0097974278032779694
REALLN,2006-11-30,-0.008995802141726017,-0.0069757229648530483,-0.0002168085629818961,0.0058151842094957829,0.0082827601581811905
REALLN,2006-12-31,-0.00826244056224823,-0.0061351750046014786,-0.00011159881978528574,0.0060110324993729591,0.0096744764596223831
REALLN,2007-01-31,-0.01051651407033205,-0.0079660322517156601,-0.00043835164979100227,0.0068940720520913601,0.0080216247588396072
REALLN,2007-02-28,-0.0090883364900946617,-0.006303698755800724,0.0004749592044390738,0.0056754820980131626,0.0091823292896151543
REALLN,2007-03-31,-0.0063621518202126026,-0.0047396812587976456,0.00018527786596678197,0.0055474527180194855,0.0082895597442984581
REALLN,2007-04-30,-0.008512251079082489,-0.007313478272408247,-0.00069218548014760017,0.0060077402740716934,0.0086719244718551636
RETAILx,2005-05-31,-0.017822451889514923,-0.013694019056856632,3.3008400350809097e-06,0.012166707776486874,0.014265485107898712
RETAILx,2005-06-30,-0.011124961078166962,-0.0064869490452110767,0.0053506782278418541,0.015410593710839748,0.018531162291765213
RETAILx,2005-07-31,-0.014412378892302513,-0.0077879377640783787,0.0083313006907701492,0.018767219036817551,0.024595048278570175
RETAILx,2005-08-31,-0.013627687469124794,-0.0089213866740465164,0.0039411559700965881,0.014787527732551098,0.017543334513902664
RETAILx,2005-09-30,-0.010276844725012779,-0.0061098793521523476,0.0077378125861287117,0.016665473580360413,0.019693640992045403
RETAILx,2005-10-31,-0.0087128672748804092,-0.0056469463743269444,0.0062613841146230698,0.015067886561155319,0.016717799007892609
RETAILx,2005-11-30,-0.0098079200834035873,-0.0065342835150659084,0.0049410350620746613,0.016034718602895737,0.019131744280457497
RETAILx,2005-12-31,-0.01627880334854126,-0.0090259695425629616,0.0047941999509930611,0.015905069187283516,0.02107076533138752
RETAILx,2006-01-31,-0.0094287190586328506,-0.0077891191467642784,0.0049417950212955475,0.017805188894271851,0.021056218072772026
RETAILx,2006-02-28,-0.014627674594521523,-0.010299914516508579,0.0048562795855104923,0.014373055659234524,0.017376229166984558
RETAILx,2006-03-31,-0.011247584596276283,-0.0069812554866075516,0.0058455462567508221,0.014576773159205914,0.021809535101056099
RETAILx,2006-04-30,-0.015135382302105427,-0.0081596085801720619,0.0048751384019851685,0.015247203409671783,0.020661506801843643
RETAILx,2006-05-31,-0.013805536553263664,-0.0095734484493732452,0.0025522429496049881,0.017852526158094406,0.023935161530971527
RETAILx,2006-06-30,-0.010542355477809906,-0.0071101486682891846,0.0042139152064919472,0.018154004588723183,0.020730290561914444
RETAILx,2006-07-31,-0.0088045056909322739,-0.0056586028076708317,0.0045688990503549576,0.017706397920846939,0.022212961688637733
RETAILx,2006-08-31,-0.011743093840777874,-0.0063347592949867249,0.0069029396399855614,0.020436359569430351,0.022293927147984505
RETAILx,2006-09-30,-0.0092168282717466354,-0.0048371069133281708,0.0060152383521199226,0.018549742177128792,0.022416012361645699
RETAILx,2006-10-31,-0.017701990902423859,-0.0086887367069721222,0.0055962679907679558,0.015692960470914841,0.017744060605764389
RETAILx,2006-11-30,-0.013277766294777393,-0.010320249013602734,0.0034186444245278835,0.016228564083576202,0.019894570112228394
RETAILx,2006-12-31,-0.015676785260438919,-0.011526212096214294,0.003253099275752902,0.014760653488337994,0.021279262378811836
RETAILx,2007-01-31,-0.010466317646205425,-0.0066344672814011574,0.0044794501736760139,0.015330034308135509,0.01648283563554287
RETAILx,2007-02-28,-0.014214379712939262,-0.0096806557849049568,0.0061469781212508678,0.019243203103542328,0.023164050653576851
RETAILx,2007-03-31,-0.01225491426885128,-0.0082882558926939964,0.0063466266728937626,0.017237769439816475,0.020777100697159767
RETAILx,2007-04-30,-0.014878209680318832,-0.010123440064489841,0.0035350816324353218,0.015285325236618519,0.016869163140654564
RPI,2005-05-31,-0.0025735970120877028,-0.0011568462941795588,0.0028903316706418991,0.0065031386911869049,0.0071853892877697945
RPI,2005-06-30,-0.0036835393402725458,-0.0016888945829123259,0.0023453873582184315,0.0059542008675634861,0.0085043786093592644
RPI,2005-07-31,-0.0023737887386232615,-0.0011284067295491695,0.002293985802680254,0.0063598700799047947,0.0070916414260864258
RPI,2005-08-31,-0.0029667399358004332,-0.001558343879878521,0.002440769923850894,0.0068848594091832638,0.0074801165610551834
RPI,2005-09-30,-0.0049339001998305321,-0.0024541544262319803,0.0021556939464062452,0.0070756268687546253,0.0085436208173632622
RPI,2005-10-31,-0.0024005959276109934,-0.0010973104508593678,0.0031029405072331429,0.0064820009283721447,0.0073354188352823257
RPI,2005-11-30,-0.0022175379563122988,-0.00098233576864004135,0.0025529919657856226,0.0076342136599123478,0.0094449296593666077
RPI,2005-12-31,-0.0027140486054122448,-0.0011060424149036407,0.0028195176273584366,0.0070926733314990997,0.010467654094099998
RPI,2006-01-31,-0.0066243419423699379,-0.0020552452187985182,0.0027738809585571289,0.0071124415844678879,0.0098009398207068443
RPI,2006-02-28,-0.0022048740647733212,-0.001557746552862227,0.0024930022191256285,0.006846308708190918,0.0087039433419704437
RPI,2006-03-31,-0.003201149869710207,-0.001351715880446136,0.0026828632690012455,0.0063731968402862549,0.0083443159237504005
RPI,2006-04-30,-0.0048575829714536667,-0.0023069742601364851,0.0026009760331362486,0.0069719129242002964,0.0082554426044225693
RPI,2006-05-31,-0.0037380002904683352,-0.002194548724219203,0.0024518519639968872,0.007080503273755312,0.0097498707473278046
RPI,2006-06-30,-0.0029445549007505178,-0.0015621186466887593,0.0024212889838963747,0.0076217204332351685,0.010496257804334164
RPI,2006-07-31,-0.0044409092515707016,-0.0012762978440150619,0.0022208192385733128,0.0078151421621441841,0.01130980346351862
RPI,2006-08-31,-0.0039467252790927887,-0.0023239532019942999,0.0026568095199763775,0.005757954902946949,0.0072080707177519798
RPI,2006-09-30,-0.0029477449133992195,-0.0020874501205980778,0.0019873266573995352,0.0065480759367346764,0.0070180227048695087
RPI,2006-10-31,-0.0035808268003165722,-0.0024088060017675161,0.0025064139626920223,0.0062207304872572422,0.0072358045727014542
RPI,2006-11-30,-0.0026299438904970884,-0.0014581618597730994,0.0033900663256645203,0.0075296936556696892,0.0079469336196780205
RPI,2006-12-31,-0.0042733936570584774,-0.0016191477188840508,0.0025542536750435829,0.0071650706231594086,0.0098304329439997673
RPI,2007-01-31,-0.0038778246380388737,-0.0015117664588615298,0.0026226597838103771,0.0065526710823178291,0.0085411518812179565
RPI,2007-02-28,-0.002923059044405818,-0.00048995850374922156,0.002624571556225419,0.0065719615668058395,0.0090549075976014137
RPI,2007-03-31,-0.0026015567127615213,-0.0010339604923501611,0.0028167804703116417,0.0072546130977571011,0.011898747645318508
RPI,2007-04-30,-0.0020748036913573742,-0.0010577200446277857,0.002550097880885005,0.0062179397791624069,0.0083563011139631271
S&P 500,2005-05-31,-0.043337821960449219,-0.024867812171578407,0.0064388774335384369,0.043288901448249817,0.055713381618261337
S&P 500,2005-06-30,-0.041026558727025986,-0.029585476964712143,0.0027670944109559059,0.035258140414953232,0.050688289105892181
S&P 500,2005-07-31,-0.053021643310785294,-0.042367074638605118,0.008837665431201458,0.039112184196710587,0.048802562057971954
S&P 500,2005-08-31,-0.048702094703912735,-0.0253639817237854,0.012023882009088993,0.050012066960334778,0.060814876109361649
S&P 500,2005-09-30,-0.047774378210306168,-0.035421140491962433,0.0061605814844369888,0.042982220649719238,0.054932016879320145
S&P 500,2005-10-31,-0.042895987629890442,-0.03216153010725975,0.0056933313608169556,0.047786131501197815,0.067135043442249298
S&P 500,2005-11-30,-0.042341023683547974,-0.027745625004172325,0.0075816744938492775,0.051962491124868393,0.06426229327917099
S&P 500,2005-12-31,-0.035092584788799286,-0.027913399040699005,0.0066941902041435242,0.037660043686628342,0.047186210751533508
S&P 500,2006-01-31,-0.038164302706718445,-0.024640519171953201,0.0053933444432914257,0.039791814982891083,0.045136913657188416
S&P 500,2006-02-28,-0.063844040036201477,-0.035184577107429504,0.0031659398227930069,0.03866799920797348,0.050188947468996048
S&P 500,2006-03-31,-0.04292580857872963,-0.033565107733011246,0.0088923173025250435,0.043869860470294952,0.057770881801843643
S&P 500,2006-04-30,-0.04678952693939209,-0.032289884984493256,0.0072761536575853825,0.05092964693903923,0.060437265783548355
S&P 500,2006-05-31,-0.06179935485124588,-0.040098734200000763,0.0047311452217400074,0.045148815959692001,0.058267731219530106
S&P 500,2006-06-30,-0.057991534471511841,-0.0358254574239254,0.00057145650498569012,0.038279648870229721,0.0471343994140625
S&P 500,2006-07-31,-0.041009016335010529,-0.024157771840691566,0.0067861229181289673,0.036890491843223572,0.055890839546918869
S&P 500,2006-08-31,-0.05151650682091713,-0.028719352558255196,0.013845773413777351,0.046865604817867279,0.053880494087934494
S&P 500,2006-09-30,-0.053930412977933884,-0.027933590114116669,0.012418400496244431,0.048078551888465881,0.062205035239458084
S&P 500,2006-10-31,-0.042751606553792953,-0.021846054121851921,0.0065851053223013878,0.041874106973409653,0.060898594558238983
S&P 500,2006-11-30,-0.045978065580129623,-0.026308327913284302,0.0097609972581267357,0.043029867112636566,0.05275576189160347
S&P 500,2006-12-31,-0.04705384373664856,-0.02925015427172184,0.012656757608056068,0.051339346915483475,0.064033672213554382
S&P 500,2007-01-31,-0.045464888215065002,-0.034361664205789566,0.0073717222549021244,0.045494049787521362,0.065106756985187531
S&P 500,2007-02-28,-0.050712015479803085,-0.034365911036729813,0.012610392645001411,0.042092353105545044,0.055563032627105713
S&P 500,2007-03-31,-0.037639420479536057,-0.022160269320011139,0.011612771078944206,0.041417621076107025,0.055857270956039429
S&P 500,2007-04-30,-0.06421390175819397,-0.045350372791290283,0.010114081203937531,0.04754866287112236,0.072034239768981934
S&P PE ratio,2005-05-31,-0.054368484765291214,-0.044322852045297623,-3.3329910365864635e-05,0.049009986221790314,0.074631728231906891
S&P PE ratio,2005-06-30,-0.052796106785535812,-0.048853874206542969,-0.0054866839200258255,0.043859634548425674,0.052063796669244766
S&P PE ratio,2005-07-31,-0.057527270168066025,-0.040835779160261154,-0.0066929357126355171,0.052815791219472885,0.068112947046756744
S&P PE ratio,2005-08-31,-0.050008781254291534,-0.04510122537612915,0.0038975998759269714,0.04870450496673584,0.064865134656429291
S&P PE ratio,2005-09-30,-0.058975353837013245,-0.044804424047470093,0.00062666594749316573,0.048632487654685974,0.064248457551002502
S&P PE ratio,2005-10-31,-0.060983527451753616,-0.041024081408977509,0.0047999112866818905,0.047735657542943954,0.061338029801845551
S&P PE ratio,2005-11-30,-0.061624243855476379,-0.049330044537782669,0.0023488132283091545,0.055166624486446381,0.068171970546245575
S&P PE ratio,2005-12-31,-0.064630061388015747,-0.042450454086065292,0.0013150388840585947,0.041852653026580811,0.056162510067224503
S&P PE ratio,2006-01-31,-0.061883959919214249,-0.047813266515731812,-0.0042162835597991943,0.043676726520061493,0.058972489088773727
S&P PE ratio,2006-02-28,-0.071250230073928833,-0.044088840484619141,0.0049638655036687851,0.053828451782464981,0.080789171159267426
S&P PE ratio,2006-03-31,-0.056303553283214569,-0.042578551918268204,-0.00058275554329156876,0.038955681025981903,0.050030559301376343
S&P PE ratio,2006-04-30,-0.068304732441902161,-0.050161562860012054,0.002939992118626833,0.05838969349861145,0.065528243780136108
S&P PE ratio,2006-05-31,-0.046916000545024872,-0.035716477781534195,0.01052518468350172,0.063081361353397369,0.075627483427524567
S&P PE ratio,2006-06-30,-0.047206144779920578,-0.038930702954530716,0.0028185532428324223,0.046904481947422028,0.054826505482196808
S&P PE ratio,2006-07-31,-0.054457973688840866,-0.044361185282468796,0.00059536169283092022,0.053564149886369705,0.072690151631832123
S&P PE ratio,2006-08-31,-0.055076673626899719,-0.037004455924034119,-0.00080730882473289967,0.049113821238279343,0.069601379334926605
S&P PE ratio,2006-09-30,-0.057453874498605728,-0.03718852624297142,0.00049108045641332865,0.051355268806219101,0.067294865846633911
S&P PE ratio,2006-10-31,-0.063239842653274536,-0.048729997128248215,-0.0013485855888575315,0.040124844759702682,0.046979691833257675
S&P PE ratio,2006-11-30,-0.065114818513393402,-0.052958499640226364,-0.0027171636465936899,0.052881538867950439,0.067941494286060333
S&P PE ratio,2006-12-31,-0.0488143190741539,-0.039953980594873428,0.0065227001905441284,0.045903045684099197,0.060622472316026688
S&P PE ratio,2007-01-31,-0.053213451057672501,-0.049680985510349274,0.0011611483059823513,0.040803808718919754,0.054449137300252914
S&P PE ratio,2007-02-28,-0.074838168919086456,-0.05967327207326889,-0.0040728696621954441,0.057932432740926743,0.072533480823040009
S&P PE ratio,2007-03-31,-0.058035623282194138,-0.042324524372816086,-0.0010816808789968491,0.036973476409912109,0.056136377155780792
S&P PE ratio,2007-04-30,-0.049742422997951508,-0.037371620535850525,0.0060251690447330475,0.044082570821046829,0.055212363600730896
S&P div yield,2005-05-31,-0.12211815267801285,-0.098798163235187531,0.0030174802523106337,0.088368535041809082,0.1430215984582901
S&P div yield,2005-06-30,-0.12171304225921631,-0.086436599493026733,-0.0065103061497211456,0.092060483992099762,0.14209991693496704
S&P div yield,2005-07-31,-0.097939833998680115,-0.07812761515378952,0.001422997796908021,0.081504099071025848,0.11552480608224869
S&P div yield,2005-08-31,-0.11961697041988373,-0.10060952603816986,-0.0055739758536219597,0.11175547540187836,0.12971937656402588
S&P div yield,2005-09-30,-0.12031932175159454,-0.096797540783882141,0.0052400948479771614,0.10087572038173676,0.14087757468223572
S&P div yield,2005-10-31,-0.12690906226634979,-0.10546336323022842,-0.01977413147687912,0.080328822135925293,0.11429634690284729
S&P div yield,2005-11-30,-0.15956081449985504,-0.10144189745187759,-0.0077123679220676422,0.10910710692405701,0.17596423625946045
S&P div yield,2005-12-31,-0.11885099112987518,-0.093005284667015076,-0.01147481519728899,0.082903601229190826,0.1230815052986145
S&P div yield,2006-01-31,-0.12579038739204407,-0.10275677591562271,-0.0065805111080408096,0.086856439709663391,0.098483160138130188
S&P div yield,2006-02-28,-0.15887802839279175,-0.12779076397418976,-0.00557365408167243,0.099569357931613922,0.13448114693164825
S&P div yield,2006-03-31,-0.13483788073062897,-0.11102712899446487,-0.0027488889172673225,0.084473460912704468,0.10416722297668457
S&P div yield,2006-04-30,-0.15119728446006775,-0.11270182579755783,0.0005233387928456068,0.076265238225460052,0.1040598526597023
S&P div yield,2006-05-31,-0.11779500544071198,-0.085761517286300659,-0.00065374549012631178,0.10096829384565353,0.13320469856262207
S&P div yield,2006-06-30,-0.11018791049718857,-0.088411711156368256,-0.010109782218933105,0.10129771381616592,0.1268930584192276
S&P div yield,2006-07-31,-0.1319737583398819,-0.099392987787723541,-0.014797926880419254,0.073337890207767487,0.1177254244685173
S&P div yield,2006-08-31,-0.15147089958190918,-0.11976546049118042,-0.024716272950172424,0.062897048890590668,0.11164555698633194
S&P div yield,2006-09-30,-0.1402139812707901,-0.12301217764616013,-0.020164087414741516,0.08050970733165741,0.12153110653162003
S&P div yield,2006-10-31,-0.13901896774768829,-0.091636814177036285,-0.0036642104387283325,0.11359734088182449,0.14753766357898712
S&P div yield,2006-11-30,-0.11124390363693237,-0.087469860911369324,-0.0097576500847935677,0.076961860060691833,0.10220993310213089
S&P div yield,2006-12-31,-0.18025766313076019,-0.13909158110618591,-0.013248346745967865,0.081918738782405853,0.12004007399082184
S&P div yield,2007-01-31,-0.1461607962846756,-0.10462775081396103,-0.0092184329405426979,0.1052326112985611,0.125629723072052
S&P div yield,2007-02-28,-0.15544158220291138,-0.08911953866481781,0.011251260526478291,0.094622433185577393,0.16618210077285767
S&P div yield,2007-03-31,-0.153572678565979,-0.10676027089357376,-0.011520283296704292,0.074595563113689423,0.10581598430871964
S&P div yield,2007-04-30,-0.14539629220962524,-0.1036585196852684,-0.0024675405584275723,0.1020432710647583,0.1279170960187912
SRVPRD,2005-05-31,-0.00072204461321234703,-0.00035929970908910036,0.0011883022962138057,0.0031523928046226501,0.0034581352956593037
SRVPRD,2005-06-30,-0.00056002131896093488,-0.00015743020048830658,0.001524020335637033,0.0031028215307742357,0.0035585626028478146
SRVPRD,2005-07-31,-0.00032552939956076443,0.00014553173969034106,0.0016820491291582584,0.0035369682591408491,0.0039152489043772221
SRVPRD,2005-08-31,-0.00086143775843083858,-0.0003918265865650028,0.0015966168139129877,0.0029621729627251625,0.0034428054932504892
SRVPRD,2005-09-30,-0.00094337225891649723,-0.00041432483703829348,0.0016727925976738334,0.0032546299044042826,0.0035188845358788967
SRVPRD,2005-10-31,-0.0009124750504270196,-0.00023870126460678875,0.0016995855839923024,0.0032289337832480669,0.0039411252364516258
SRVPRD,2005-11-30,-0.00087432062719017267,-0.0004154186462983489,0.0016138029750436544,0.0033079092390835285,0.0038931067101657391
SRVPRD,2005-12-31,-0.00069188920315355062,-3.2108702725963667e-05,0.0016382480971515179,0.0034958722535520792,0.0040506822988390923
SRVPRD,2006-01-31,-0.00052840856369584799,-6.4094572735484689e-05,0.001777379191480577,0.003510660957545042,0.00400951923802495
SRVPRD,2006-02-28,-0.00059393455740064383,-0.00028488039970397949,0.0013949384447187185,0.0031063617207109928,0.0037534402217715979
SRVPRD,2006-03-31,-0.00099631806369870901,-0.00020551779016386718,0.0017834943719208241,0.0034558416809886694,0.004132899921387434
SRVPRD,2006-04-30,-0.00093655084492638707,-0.0002922390413004905,0.0017388485139235854,0.0035230843350291252,0.0038766679354012012
SRVPRD,2006-05-31,-0.0010511036962270737,-9.1998153948225081e-05,0.0017846941482275724,0.003616157453507185,0.0040847924537956715
SRVPRD,2006-06-30,-0.00066528632305562496,-2.9827935577486642e-05,0.0018188597168773413,0.0036108875647187233,0.0042098704725503922
SRVPRD,2006-07-31,-0.00097510899649932981,-0.00026586142485029995,0.0016322144074365497,0.0035352201666682959,0.0039713890291750431
SRVPRD,2006-08-31,-0.0010904548689723015,-0.00047020195052027702,0.0016235816292464733,0.0037244567647576332,0.0046513141132891178
SRVPRD,2006-09-30,-0.0013582900865003467,-0.00066465773852542043,0.0015900514554232359,0.0035884189419448376,0.0043014008551836014
SRVPRD,2006-10-31,-0.00028173488681204617,4.0304890717379749e-05,0.0016849390231072903,0.0034710976760834455,0.0036482422146946192
SRVPRD,2006-11-30,-0.00046493639820255339,-3.3432435884606093e-05,0.0016094223828986287,0.0036784845869988203,0.0041298512369394302
SRVPRD,2006-12-31,-0.00025980075588449836,7.2443042881786823e-05,0.001503833569586277,0.0036505735479295254,0.0039482400752604008
SRVPRD,2007-01-31,-0.00093910912983119488,-7.890187407610938e-05,0.0017548846080899239,0.0038046920672059059,0.0041906731203198433
SRVPRD,2007-02-28,-0.00040055016870610416,5.0540569645818323e-05,0.0019854421261698008,0.0038000685162842274,0.0041991421021521091
SRVPRD,2007-03-31,0.00022348602942656726,0.00051007611909881234,0.0018896535038948059,0.0037156983744353056,0.0041745374910533428
SRVPRD,2007-04-30,-0.0010515180183574557,-0.00015793465718161315,0.0019156249472871423,0.0036496082320809364,0.0040846639312803745
T10YFFM,2005-05-31,0.88934493064880371,1.123969554901123,1.4234352111816406,1.8232647180557251,1.8650321960449219
T10YFFM,2005-06-30,0.68770575523376465,0.79071784019470215,1.3183557987213135,1.7368128299713135,1.9384984970092773
T10YFFM,2005-07-31,0.039791371673345566,0.39333045482635498,1.228100061416626,1.9625816345214844,2.3685171604156494
T10YFFM,2005-08-31,0.09724552184343338,0.54196268320083618,1.1861038208007812,1.9461290836334229,2.1424622535705566
T10YFFM,2005-09-30,-0.12246750295162201,0.26799741387367249,1.138450026512146,2.1070556640625,2.2800121307373047
T10YFFM,2005-10-31,-0.37640556693077087,-0.13208383321762085,1.1975212097167969,2.1541929244995117,2.8118574619293213
T10YFFM,2005-11-30,-1.1816103458404541,-0.44331669807434082,0.95428836345672607,2.0451672077178955,2.4611024856567383
T10YFFM,2005-12-31,-0.99321037530899048,-0.27995434403419495,1.1543309688568115,2.1919629573822021,2.3881790637969971
T10YFFM,2006-01-31,-0.18761351704597473,0.067976608872413635,1.2218790054321289,2.1200423240661621,2.5451624393463135
T10YFFM,2006-02-28,-1.031165599822998,-0.1229877695441246,0.8473508358001709,2.0068216323852539,2.2587556838989258
T10YFFM,2006-03-31,-1.2659931182861328,-0.39620622992515564,1.2472951412200928,2.8001832962036133,3.1221683025360107
T10YFFM,2006-04-30,-1.2830840349197388,-0.51861715316772461,1.1611676216125488,2.5719935894012451,2.9592323303222656
T10YFFM,2006-05-31,-1.6599458456039429,-0.77844393253326416,0.99683070182800293,2.9816992282867432,3.5220401287078857
T10YFFM,2006-06-30,-2.1726984977722168,-0.9218253493309021,1.1806236505508423,2.4775581359863281,2.8901519775390625
T10YFFM,2006-07-31,-1.8837788105010986,-0.6575164794921875,1.1325658559799194,2.7335317134857178,3.2005603313446045
T10YFFM,2006-08-31,-1.7958413362503052,-1.1592046022415161,1.0440599918365479,2.7115232944488525,2.9403767585754395
T10YFFM,2006-09-30,-1.1048855781555176,-0.51858502626419067,1.1634044647216797,2.6513073444366455,3.2486312389373779
T10YFFM,2006-10-31,-1.271761417388916,-0.93551349639892578,1.1113418340682983,2.6839287281036377,3.0569007396697998
T10YFFM,2006-11-30,-1.6740365028381348,-0.81011098623275757,1.1792075634002686,2.9020328521728516,3.2785389423370361
T10YFFM,2006-12-31,-2.4936666488647461,-1.5308742523193359,0.81071770191192627,2.900202751159668,3.3189139366149902
T10YFFM,2007-01-31,-3.5277247428894043,-1.8853453397750854,0.78989136219024658,2.8144195079803467,3.2682876586914062
T10YFFM,2007-02-28,-2.0782558917999268,-0.7915613055229187,0.95997536182403564,2.8298804759979248,3.2274143695831299
T10YFFM,2007-03-31,-2.1037774085998535,-1.3581355810165405,0.76302957534790039,2.4892840385437012,2.9180386066436768
T10YFFM,2007-04-30,-1.0514750480651855,-0.65412825345993042,0.71420764923095703,3.1752209663391113,3.6103975772857666
T1YFFM,2005-05-31,0.17525655031204224,0.28322112560272217,0.47286960482597351,0.67704355716705322,0.77402526140213013
T1YFFM,2005-06-30,-0.041051428765058517,0.14826677739620209,0.43903571367263794,0.77262169122695923,0.89251285791397095
T1YFFM,2005-07-31,-0.24225383996963501,-0.012879726476967335,0.39400696754455566,0.79793339967727661,1.0240796804428101
T1YFFM,2005-08-31,-0.25407740473747253,-0.13752506673336029,0.39194649457931519,0.78371328115463257,0.92796468734741211
T1YFFM,2005-09-30,-0.29622921347618103,-0.14120711386203766,0.39053556323051453,0.76407212018966675,0.91973119974136353
T1YFFM,2005-10-31,-0.55262899398803711,-0.18639214336872101,0.39316326379776001,0.8601229190826416,1.0195844173431396
T1YFFM,2005-11-30,-0.58138734102249146,-0.22293555736541748,0.34668749570846558,0.8659852147102356,0.99821674823760986
T1YFFM,2005-12-31,-0.67008954286575317,-0.21861265599727631,0.40110042691230774,0.99330484867095947,1.1119527816772461
T1YFFM,2006-01-31,-0.4610590934753418,-0.13805125653743744,0.33072447776794434,0.87287205457687378,1.0021598339080811
T1YFFM,2006-02-28,-0.57974720001220703,-0.32247674465179443,0.22809401154518127,0.92247527837753296,1.0315325260162354
T1YFFM,2006-03-31,-0.8829990029335022,-0.33213609457015991,0.31663450598716736,0.91923952102661133,1.0264104604721069
T1YFFM,2006-04-30,-0.72591871023178101,-0.43352439999580383,0.32089340686798096,0.94927006959915161,1.0994858741760254
T1YFFM,2006-05-31,-0.96742361783981323,-0.58872181177139282,0.38351684808731079,1.0406366586685181,1.2380626201629639
T1YFFM,2006-06-30,-0.80173027515411377,-0.30878585577011108,0.34714540839195251,0.96416258811950684,1.243327260017395
T1YFFM,2006-07-31,-0.69861483573913574,-0.31629359722137451,0.26182135939598083,0.94633227586746216,1.1914941072463989
T1YFFM,2006-08-31,-0.61233413219451904,-0.38478264212608337,0.25321334600448608,0.72046107053756714,0.93993878364562988
T1YFFM,2006-09-30,-1.4512397050857544,-0.61170399188995361,0.21102932095527649,0.93274176120758057,1.2248531579971313
T1YFFM,2006-10-31,-0.90678101778030396,-0.5423620343208313,0.22210913896560669,1.077089786529541,1.4342774152755737
T1YFFM,2006-11-30,-1.1932530403137207,-0.60797798633575439,0.20454452931880951,0.97090518474578857,1.2437998056411743
T1YFFM,2006-12-31,-2.4377541542053223,-0.88930982351303101,0.35975518822669983,1.0076656341552734,1.3886165618896484
T1YFFM,2007-01-31,-0.86668688058853149,-0.48163425922393799,0.2545514702796936,1.1391972303390503,1.2208926677703857
T1YFFM,2007-02-28,-1.1678828001022339,-0.80261772871017456,0.16379094123840332,0.98491424322128296,1.1456171274185181
T1YFFM,2007-03-31,-0.83052700757980347,-0.62783056497573853,0.27986535429954529,1.1746115684509277,1.5551575422286987
T1YFFM,2007-04-30,-1.1589078903198242,-0.7857024073600769,0.20502933859825134,1.1614993810653687,1.4136003255844116
T5YFFM,2005-05-31,0.63795757293701172,0.67928504943847656,1.1092915534973145,1.4477767944335938,1.5485470294952393
T5YFFM,2005-06-30,0.25059807300567627,0.3544515073299408,0.90428078174591064,1.4951657056808472,1.6309473514556885
T5YFFM,2005-07-31,-0.16274429857730865,0.12873952090740204,0.88181447982788086,1.4511709213256836,1.6702601909637451
T5YFFM,2005-08-31,0.036921039223670959,0.23426994681358337,0.8462146520614624,1.524233341217041,1.7479250431060791
T5YFFM,2005-09-30,-0.41533210873603821,-0.085965275764465332,0.79239606857299805,1.5662010908126831,1.7281478643417358
T5YFFM,2005-10-31,-0.85618346929550171,-0.52103471755981445,0.69041985273361206,1.4912459850311279,1.6204206943511963
T5YFFM,2005-11-30,-0.61178827285766602,-0.17541812360286713,0.82172209024429321,2.0251772403717041,2.2695672512054443
T5YFFM,2005-12-31,-1.7701998949050903,-0.59646755456924438,0.79092925786972046,1.8308976888656616,2.0165989398956299
T5YFFM,2006-01-31,-0.64470052719116211,-0.20143826305866241,0.93639230728149414,1.9699364900588989,2.5690457820892334
T5YFFM,2006-02-28,-0.86436283588409424,-0.29459166526794434,0.80567175149917603,1.991870641708374,2.3228282928466797
T5YFFM,2006-03-31,-2.4393343925476074,-1.0162665843963623,0.68065845966339111,2.0273241996765137,2.4511628150939941
T5YFFM,2006-04-30,-1.6869912147521973,-0.7072824239730835,0.80502843856811523,2.2934195995330811,2.568922758102417
T5YFFM,2006-05-31,-1.8696422576904297,-0.6659349799156189,0.72413647174835205,2.0507252216339111,2.6194124221801758
T5YFFM,2006-06-30,-1.5008282661437988,-1.0632460117340088,0.72981137037277222,2.1600522994995117,2.9100029468536377
T5YFFM,2006-07-31,-1.0405009984970093,-0.33978086709976196,1.0419094562530518,2.6459500789642334,2.8667294979095459
T5YFFM,2006-08-31,-2.0687716007232666,-1.0023277997970581,0.61111879348754883,2.0836367607116699,2.5398993492126465
T5YFFM,2006-09-30,-1.8745638132095337,-0.83119481801986694,0.75972199440002441,2.1319577693939209,2.647336483001709
T5YFFM,2006-10-31,-1.7423893213272095,-1.0892398357391357,0.80175322294235229,2.5272586345672607,2.8914830684661865
T5YFFM,2006-11-30,-1.5978249311447144,-0.81746619939804077,0.78945016860961914,2.0280435085296631,2.3159732818603516
T5YFFM,2006-12-31,-2.512620210647583,-1.6699419021606445,0.65470039844512939,2.1585140228271484,2.4361417293548584
T5YFFM,2007-01-31,-1.6107158660888672,-1.129796028137207,0.67766815423965454,2.120750904083252,2.5512945652008057
T5YFFM,2007-02-28,-1.0848366022109985,-0.83070296049118042,0.73875415325164795,2.6063923835754395,3.4190776348114014
T5YFFM,2007-03-31,-1.8779128789901733,-0.94910377264022827,0.91004490852355957,2.7022960186004639,3.3610422611236572
T5YFFM,2007-04-30,-1.7338812351226807,-1.0912872552871704,0.58366769552230835,2.1148197650909424,2.6183860301971436
TB3MS,2005-05-31,-0.089700549840927124,-0.058002956211566925,0.10106052458286285,0.28633776307106018,0.34205767512321472
TB3MS,2005-06-30,-0.13658717274665833,-0.075001448392868042,0.10350508987903595,0.29321721196174622,0.33703592419624329
TB3MS,2005-07-31,-0.20285391807556152,-0.16544102132320404,0.054270289838314056,0.26886510848999023,0.3234284520149231
TB3MS,2005-08-31,-0.15679702162742615,-0.068664334714412689,0.12462469935417175,0.34281587600708008,0.42147436738014221
TB3MS,2005-09-30,-0.15421909093856812,-0.087882883846759796,0.086432270705699921,0.25560259819030762,0.29073941707611084
TB3MS,2005-10-31,-0.31566086411476135,-0.23187384009361267,0.041044846177101135,0.23269194364547729,0.29428842663764954
TB3MS,2005-11-30,-0.1435105949640274,-0.099703729152679443,0.10622449964284897,0.31189602613449097,0.48794949054718018
TB3MS,2005-12-31,-0.3735278844833374,-0.18022549152374268,0.044079765677452087,0.25732269883155823,0.35643801093101501
TB3MS,2006-01-31,-0.35849031805992126,-0.21072006225585938,0.031416367739439011,0.27011358737945557,0.34810075163841248
TB3MS,2006-02-28,-0.28888195753097534,-0.20108368992805481,0.080674238502979279,0.36482596397399902,0.51297116279602051
TB3MS,2006-03-31,-0.51453977823257446,-0.32628780603408813,0.054508157074451447,0.29957512021064758,0.34507253766059875
TB3MS,2006-04-30,-0.33432534337043762,-0.23353447020053864,0.0058172568678855896,0.25270086526870728,0.32977095246315002
TB3MS,2006-05-31,-0.34385436773300171,-0.19485484063625336,0.07386123389005661,0.35465672612190247,0.43159574270248413
TB3MS,2006-06-30,-0.58286017179489136,-0.40748605132102966,0.020227417349815369,0.29206988215446472,0.40777108073234558
TB3MS,2006-07-31,-0.3098757266998291,-0.19619184732437134,0.029978219419717789,0.25942054390907288,0.34102421998977661
TB3MS,2006-08-31,-0.44686707854270935,-0.24594596028327942,0.017789751291275024,0.31713956594467163,0.41234835982322693
TB3MS,2006-09-30,-0.44008862972259521,-0.33655574917793274,0.0022232367191463709,0.35965022444725037,0.4959070086479187
TB3MS,2006-10-31,-0.65930658578872681,-0.34336274862289429,0.014667446725070477,0.25924420356750488,0.34507691860198975
TB3MS,2006-11-30,-0.44031605124473572,-0.21651537716388702,0.11943702399730682,0.44414991140365601,0.53456586599349976
TB3MS,2006-12-31,-0.37771162390708923,-0.27553397417068481,0.0075476765632629395,0.23906353116035461,0.32924121618270874
TB3MS,2007-01-31,-0.44863283634185791,-0.29086652398109436,-0.0051250928081572056,0.32991361618041992,0.41970384120941162
TB3MS,2007-02-28,-0.452513188123703,-0.33606964349746704,0.021949324756860733,0.33307000994682312,0.48552396893501282
TB3MS,2007-03-31,-0.3736913800239563,-0.17950989305973053,0.097533941268920898,0.34627765417098999,0.47730273008346558
TB3MS,2007-04-30,-0.78561335802078247,-0.31984162330627441,0.0066475118510425091,0.22485856711864471,0.36881598830223083
TB3SMFFM,2005-05-31,-0.20519821345806122,-0.15882836282253265,-0.016689419746398926,0.11756140738725662,0.16921618580818176
TB3SMFFM,2005-06-30,-0.25691390037536621,-0.19114618003368378,-0.018162786960601807,0.14466120302677155,0.20074738562107086
TB3SMFFM,2005-07-31,-0.35862717032432556,-0.22400593757629395,-0.021236002445220947,0.12396913766860962,0.19981232285499573
TB3SMFFM,2005-08-31,-0.52435851097106934,-0.27295368909835815,-0.036945879459381104,0.15136761963367462,0.27245575189590454
TB3SMFFM,2005-09-30,-0.46211028099060059,-0.34353795647621155,-0.03386157751083374,0.12945094704627991,0.18506409227848053
TB3SMFFM,2005-10-31,-0.64269864559173584,-0.39376929402351379,-0.091074943542480469,0.10466454923152924,0.1548270583152771
TB3SMFFM,2005-11-30,-0.70604568719863892,-0.43866276741027832,-0.049180001020431519,0.13608458638191223,0.19381871819496155
TB3SMFFM,2005-12-31,-0.70989304780960083,-0.48880821466445923,-0.081822305917739868,0.12725056707859039,0.2193705290555954
TB3SMFFM,2006-01-31,-0.60485643148422241,-0.38320428133010864,-0.078083395957946777,0.19415761530399323,0.24987830221652985
TB3SMFFM,2006-02-28,-0.40924766659736633,-0.28471073508262634,-0.062087744474411011,0.18231233954429626,0.26574596762657166
TB3SMFFM,2006-03-31,-0.55044776201248169,-0.42923334240913391,-0.046862006187438965,0.16373699903488159,0.23152230679988861
TB3SMFFM,2006-04-30,-0.73348522186279297,-0.57170009613037109,-0.1211095005273819,0.15085458755493164,0.2209746390581131
TB3SMFFM,2006-05-31,-0.57565999031066895,-0.45977506041526794,-0.13439002633094788,0.10902568697929382,0.15087632834911346
TB3SMFFM,2006-06-30,-1.1198757886886597,-0.88270395994186401,-0.17449940741062164,0.11795064061880112,0.16549369692802429
TB3SMFFM,2006-07-31,-0.91090536117553711,-0.72552996873855591,-0.12934334576129913,0.16765038669109344,0.21508614718914032
TB3SMFFM,2006-08-31,-0.77643245458602905,-0.57083767652511597,-0.11959712207317352,0.11584667861461639,0.13629637658596039
TB3SMFFM,2006-09-30,-1.0637739896774292,-0.68468654155731201,-0.13127821683883667,0.10676704347133636,0.14982803165912628
TB3SMFFM,2006-10-31,-1.2780448198318481,-0.81858515739440918,-0.16394287347793579,0.12709628045558929,0.2003961056470871
TB3SMFFM,2006-11-30,-0.75789415836334229,-0.60793161392211914,-0.13725988566875458,0.18265271186828613,0.22365322709083557
TB3SMFFM,2006-12-31,-0.93003791570663452,-0.6231999397277832,-0.080381959676742554,0.19417642056941986,0.35862967371940613
TB3SMFFM,2007-01-31,-0.89290696382522583,-0.68780487775802612,-0.14804030954837799,0.18680539727210999,0.28897765278816223
TB3SMFFM,2007-02-28,-0.81369173526763916,-0.59327971935272217,-0.10308746993541718,0.21019591391086578,0.30953490734100342
TB3SMFFM,2007-03-31,-1.0720796585083008,-0.72595077753067017,-0.064869582653045654,0.18778206408023834,0.32118609547615051
TB3SMFFM,2007-04-30,-1.1044496297836304,-0.76363867521286011,-0.17103192210197449,0.08481954038143158,0.12344343215227127
TB6MS,2005-05-31,-0.14988324046134949,-0.088488280773162842,0.11000870168209076,0.32920709252357483,0.42354792356491089
TB6MS,2005-06-30,-0.33821117877960205,-0.20945797860622406,0.068546772003173828,0.35159569978713989,0.43148553371429443
TB6MS,2005-07-31,-0.38506144285202026,-0.22419761121273041,0.032530002295970917,0.27151897549629211,0.36521825194358826
TB6MS,2005-08-31,-0.24254195392131805,-0.14512123167514801,0.071723014116287231,0.39075818657875061,0.5142521858215332
TB6MS,2005-09-30,-0.2730599045753479,-0.20712140202522278,0.10606564581394196,0.33485904335975647,0.39277961850166321
TB6MS,2005-10-31,-0.31972941756248474,-0.27515825629234314,0.063566744327545166,0.34424126148223877,0.43145322799682617
TB6MS,2005-11-30,-0.35504060983657837,-0.22527661919593811,0.063371762633323669,0.31103208661079407,0.3747631311416626
TB6MS,2005-12-31,-0.36012136936187744,-0.26480758190155029,0.064493149518966675,0.31008300185203552,0.3810444176197052
TB6MS,2006-01-31,-0.30762317776679993,-0.25824898481369019,0.050699822604656219,0.34277355670928955,0.4181787371635437
TB6MS,2006-02-28,-0.42655244469642639,-0.29048755764961243,0.060417644679546356,0.33144015073776245,0.41061019897460938
TB6MS,2006-03-31,-0.50244218111038208,-0.31865900754928589,0.052701216191053391,0.29274073243141174,0.42438217997550964
TB6MS,2006-04-30,-0.32244080305099487,-0.25658774375915527,0.032449223101139069,0.24709481000900269,0.3669029176235199
TB6MS,2006-05-31,-0.45033073425292969,-0.27464300394058228,0.037456028163433075,0.33639270067214966,0.50432509183883667
TB6MS,2006-06-30,-0.46287912130355835,-0.27178663015365601,0.039287678897380829,0.32566210627555847,0.54082584381103516
TB6MS,2006-07-31,-0.54634130001068115,-0.33677363395690918,0.017587944865226746,0.34910890460014343,0.54835736751556396
TB6MS,2006-08-31,-0.28450313210487366,-0.15086856484413147,0.041165366768836975,0.31543153524398804,0.45328062772750854
TB6MS,2006-09-30,-0.59473991394042969,-0.34721377491950989,-0.0041916938498616219,0.28504374623298645,0.34811139106750488
TB6MS,2006-10-31,-0.29488503932952881,-0.23763552308082581,-0.0030139158479869366,0.34369781613349915,0.44655466079711914
TB6MS,2006-11-30,-0.44069540500640869,-0.34533894062042236,0.038199450820684433,0.33843392133712769,0.41274917125701904
TB6MS,2006-12-31,-0.46073228120803833,-0.33354213833808899,-0.00402871984988451,0.34372502565383911,0.4994300901889801
TB6MS,2007-01-31,-0.48879972100257874,-0.31879597902297974,0.037997022271156311,0.40939256548881531,0.45890921354293823
TB6MS,2007-02-28,-0.58094298839569092,-0.38437008857727051,0.0167254488915205,0.38032433390617371,0.55363422632217407
TB6MS,2007-03-31,-0.3584991991519928,-0.23380251228809357,0.066278532147407532,0.4627569317817688,0.51904153823852539
TB6MS,2007-04-30,-0.34021881222724915,-0.25559979677200317,0.018176030367612839,0.28491136431694031,0.38957184553146362
TB6SMFFM,2005-05-31,-0.04743005707859993,0.019601371139287949,0.218128502368927,0.41735073924064636,0.44486516714096069
TB6SMFFM,2005-06-30,-0.20314721763134003,-0.039551511406898499,0.18481311202049255,0.40712657570838928,0.47613066434860229
TB6SMFFM,2005-07-31,-0.12218599766492844,-0.071152761578559875,0.2017558217048645,0.40564507246017456,0.55191236734390259
TB6SMFFM,2005-08-31,-0.2364274263381958,-0.19295863807201385,0.13211691379547119,0.47861102223396301,0.53340750932693481
TB6SMFFM,2005-09-30,-0.29329377412796021,-0.1639045774936676,0.1429782509803772,0.50524294376373291,0.59812396764755249
TB6SMFFM,2005-10-31,-0.65557569265365601,-0.28751948475837708,0.12090453505516052,0.4647858738899231,0.52541351318359375
TB6SMFFM,2005-11-30,-0.46717792749404907,-0.37251335382461548,0.078551590442657471,0.52074474096298218,0.66348809003829956
TB6SMFFM,2005-12-31,-0.67833656072616577,-0.38299021124839783,0.093425065279006958,0.56147688627243042,0.71196413040161133
TB6SMFFM,2006-01-31,-0.57692885398864746,-0.4320218563079834,0.050673484802246094,0.45129629969596863,0.63639378547668457
TB6SMFFM,2006-02-28,-0.49268612265586853,-0.31095403432846069,0.021529719233512878,0.51134407520294189,0.64555001258850098
TB6SMFFM,2006-03-31,-0.74683374166488647,-0.47100120782852173,0.066994011402130127,0.46213260293006897,0.67410647869110107
TB6SMFFM,2006-04-30,-0.92576909065246582,-0.66715103387832642,0.055011957883834839,0.50218695402145386,0.72375959157943726
TB6SMFFM,2006-05-31,-0.88808739185333252,-0.45779764652252197,0.051378488540649414,0.4616018533706665,0.60232603549957275
TB6SMFFM,2006-06-30,-1.1547544002532959,-0.63883644342422485,0.031818538904190063,0.43589717149734497,0.67680752277374268
TB6SMFFM,2006-07-31,-0.89355236291885376,-0.46738949418067932,0.044340938329696655,0.51365047693252563,0.66556656360626221
TB6SMFFM,2006-08-31,-0.8967931866645813,-0.55512881278991699,0.0063651204109191895,0.61297392845153809,0.73831045627593994
TB6SMFFM,2006-09-30,-1.2563626766204834,-0.58995085954666138,-0.032546058297157288,0.47503626346588135,0.67146718502044678
TB6SMFFM,2006-10-31,-1.2267783880233765,-0.70413553714752197,-0.025709629058837891,0.44286832213401794,0.84495586156845093
TB6SMFFM,2006-11-30,-1.1509484052658081,-0.88368302583694458,-0.066657751798629761,0.4463297426700592,0.52593421936035156
TB6SMFFM,2006-12-31,-0.94050562381744385,-0.60354405641555786,0.027022585272789001,0.43143248558044434,0.64645636081695557
TB6SMFFM,2007-01-31,-0.94509768486022949,-0.64959633350372314,0.046502798795700073,0.53948974609375,0.85193705558776855
TB6SMFFM,2007-02-28,-0.87073975801467896,-0.63851243257522583,0.025525093078613281,0.55523937940597534,0.67405831813812256
TB6SMFFM,2007-03-31,-1.1588977575302124,-0.76878547668457031,-0.03033699095249176,0.39906436204910278,0.58258748054504395
TB6SMFFM,2007-04-30,-0.84877938032150269,-0.64824819564819336,0.024020805954933167,0.62287223339080811,0.80783814191818237
TOTRESNS,2005-05-31,-0.075248777866363525,-0.063646711409091949,-0.020996183156967163,0.01847701333463192,0.028151743113994598
TOTRESNS,2005-06-30,-0.033366788178682327,-0.027736801654100418,0.0015860085841268301,0.035152453929185867,0.048899669200181961
TOTRESNS,2005-07-31,-0.016912763938307762,-0.0044134426862001419,0.031516574323177338,0.069165706634521484,0.077238231897354126
TOTRESNS,2005-08-31,-0.077059507369995117,-0.057093963027000427,-0.014824861660599709,0.029364254325628281,0.04416651651263237
TOTRESNS,2005-09-30,-0.057876244187355042,-0.046501964330673218,-0.0067756939679384232,0.032392337918281555,0.043679546564817429
TOTRESNS,2005-10-31,-0.032694794237613678,-0.02453901618719101,0.010639436542987823,0.047670822590589523,0.062344785779714584
TOTRESNS,2005-11-30,-0.052660644054412842,-0.037512868642807007,0.0047559118829667568,0.041870590299367905,0.054889872670173645
TOTRESNS,2005-12-31,-0.033101737499237061,-0.017383361235260963,0.014047732576727867,0.043141257017850876,0.05259956419467926
TOTRESNS,2006-01-31,-0.035513881593942642,-0.026847880333662033,0.020186226814985275,0.062587417662143707,0.068092338740825653
TOTRESNS,2006-02-28,-0.11456619203090668,-0.10563182085752487,-0.057214442640542984,-0.012302236631512642,0.0049442597664892673
TOTRESNS,2006-03-31,-0.053053781390190125,-0.033252418041229248,0.01437093410640955,0.053251095116138458,0.059847388416528702
TOTRESNS,2006-04-30,-0.021148938685655594,-0.0053334073163568974,0.034131132066249847,0.066838532686233521,0.07184312492609024
TOTRESNS,2006-05-31,-0.094048582017421722,-0.068205453455448151,-0.022069808095693588,0.021965328603982925,0.039933282881975174
TOTRESNS,2006-06-30,-0.055478479713201523,-0.037649564445018768,0.0039259800687432289,0.040980607271194458,0.049823015928268433
TOTRESNS,2006-07-31,-0.025047320872545242,-0.017182417213916779,0.025215227156877518,0.062396269291639328,0.068307332694530487
TOTRESNS,2006-08-31,-0.074867412447929382,-0.060392517596483231,-0.015566722489893436,0.022331932559609413,0.039196871221065521
TOTRESNS,2006-09-30,-0.061048075556755066,-0.048374608159065247,-0.0031605139374732971,0.033783327788114548,0.052685827016830444
TOTRESNS,2006-10-31,-0.037888258695602417,-0.024562221020460129,0.012901736423373222,0.048904940485954285,0.058159910142421722
TOTRESNS,2006-11-30,-0.044544946402311325,-0.0265777837485075,0.0087013999000191689,0.04062030091881752,0.056508541107177734
TOTRESNS,2006-12-31,-0.024836668744683266,-0.017332280054688454,0.015624349936842918,0.049770854413509369,0.05858616903424263
TOTRESNS,2007-01-31,-0.05095764622092247,-0.030301671475172043,0.014857714995741844,0.055334668606519699,0.07066027820110321
TOTRESNS,2007-02-28,-0.10787202417850494,-0.099329590797424316,-0.060548312962055206,0.001573610701598227,0.023744607344269753
TOTRESNS,2007-03-31,-0.031983494758605957,-0.025716118514537811,0.016775280237197876,0.054443541914224625,0.073939278721809387
TOTRESNS,2007-04-30,-0.0060754977166652679,-0.0025620204396545887,0.031318269670009613,0.065860092639923096,0.078578509390354156
TWEXAFEGSMTHx,2005-05-31,-0.024896059185266495,-0.017928468063473701,0.0052056936547160149,0.019780123606324196,0.026369348168373108
TWEXAFEGSMTHx,2005-06-30,-0.03012949600815773,-0.026897702366113663,-0.0026231089141219854,0.017342334613204002,0.021364178508520126
TWEXAFEGSMTHx,2005-07-31,-0.031358595937490463,-0.025993276387453079,-0.0018441088031977415,0.0164028350263834,0.020058391615748405
TWEXAFEGSMTHx,2005-08-31,-0.030092362314462662,-0.0244472436606884,-0.0048796441406011581,0.014282688498497009,0.019304860383272171
TWEXAFEGSMTHx,2005-09-30,-0.030827386304736137,-0.022770890966057777,0.00053338793804869056,0.017532683908939362,0.021343633532524109
TWEXAFEGSMTHx,2005-10-31,-0.030183166265487671,-0.024923929944634438,-0.0021253295708447695,0.018017375841736794,0.019879026338458061
TWEXAFEGSMTHx,2005-11-30,-0.032736226916313171,-0.024508010596036911,-0.0011787633411586285,0.017709529027342796,0.019687024876475334
TWEXAFEGSMTHx,2005-12-31,-0.028731990605592728,-0.024534506723284721,-0.0010316893458366394,0.02152588963508606,0.024931231513619423
TWEXAFEGSMTHx,2006-01-31,-0.031219150871038437,-0.024551555514335632,-0.0025892925914376974,0.022708168253302574,0.024393258616328239
TWEXAFEGSMTHx,2006-02-28,-0.029974633827805519,-0.023436393588781357,0.00081042369129136205,0.020580371841788292,0.02458987757563591
TWEXAFEGSMTHx,2006-03-31,-0.033518362790346146,-0.027400081977248192,-0.0026193186640739441,0.015637308359146118,0.019984493032097816
TWEXAFEGSMTHx,2006-04-30,-0.036971107125282288,-0.027720032259821892,-0.0045984298922121525,0.019647331908345222,0.024804404005408287
TWEXAFEGSMTHx,2006-05-31,-0.034749146550893784,-0.026251723989844322,0.00090097833890467882,0.01545366458594799,0.019084358587861061
TWEXAFEGSMTHx,2006-06-30,-0.026131598278880119,-0.022033484652638435,0.00022101216018199921,0.019415115937590599,0.02300523966550827
TWEXAFEGSMTHx,2006-07-31,-0.030467497184872627,-0.026376839727163315,-0.0020244151819497347,0.017717909067869186,0.019963541999459267
TWEXAFEGSMTHx,2006-08-31,-0.03130282461643219,-0.025193870067596436,-0.0027698941994458437,0.015212235040962696,0.020430471748113632
TWEXAFEGSMTHx,2006-09-30,-0.038894001394510269,-0.0241689532995224,0.00041549775050953031,0.016799410805106163,0.021510174497961998
TWEXAFEGSMTHx,2006-10-31,-0.024447191506624222,-0.018821675330400467,-0.00079425727017223835,0.014292796142399311,0.020657915621995926
TWEXAFEGSMTHx,2006-11-30,-0.040114320814609528,-0.027559814974665642,-0.002863678615540266,0.017170688137412071,0.023433912545442581
TWEXAFEGSMTHx,2006-12-31,-0.031275466084480286,-0.024530265480279922,-0.0023590247146785259,0.017521943897008896,0.020425302907824516
TWEXAFEGSMTHx,2007-01-31,-0.033271882683038712,-0.024588586762547493,0.00085606961511075497,0.019205136224627495,0.022608719766139984
TWEXAFEGSMTHx,2007-02-28,-0.035403955727815628,-0.027445947751402855,-0.0017808359116315842,0.018494380638003349,0.029297694563865662
TWEXAFEGSMTHx,2007-03-31,-0.030799861997365952,-0.025160003453493118,-0.00041134638013318181,0.020733790472149849,0.027030445635318756
TWEXAFEGSMTHx,2007-04-30,-0.024785337969660759,-0.022215018048882484,0.00064773979829624295,0.018452582880854607,0.022429287433624268
UEMP15OV,2005-05-31,-0.076017953455448151,-0.062697835266590118,-0.011614959686994553,0.042737420648336411,0.067566081881523132
UEMP15OV,2005-06-30,-0.094999797642230988,-0.070448286831378937,-0.012950722128152847,0.047019243240356445,0.054917208850383759
UEMP15OV,2005-07-31,-0.072864286601543427,-0.066816225647926331,-0.0098554482683539391,0.059726644307374954,0.090527728199958801
UEMP15OV,2005-08-31,-0.083603814244270325,-0.068590231239795685,-0.0014994066441431642,0.052021175622940063,0.081693649291992188
UEMP15OV,2005-09-30,-0.06844773143529892,-0.053912647068500519,-0.0070413299836218357,0.044144533574581146,0.066240549087524414
UEMP15OV,2005-10-31,-0.10409938544034958,-0.080947175621986389,-0.016588956117630005,0.050850026309490204,0.07145952433347702
UEMP15OV,2005-11-30,-0.07770160585641861,-0.059511031955480576,-0.0061104004271328449,0.057046990841627121,0.078427091240882874
UEMP15OV,2005-12-31,-0.10193699598312378,-0.075024351477622986,0.0031031954567879438,0.066412493586540222,0.087266817688941956
UEMP15OV,2006-01-31,-0.094956196844577789,-0.076962098479270935,-0.01388870645314455,0.0541512630879879,0.070201784372329712
UEMP15OV,2006-02-28,-0.084829762578010559,-0.062652222812175751,-0.0024034776724874973,0.050197288393974304,0.068555243313312531
UEMP15OV,2006-03-31,-0.0840907022356987,-0.053971383720636368,-0.0031490672845393419,0.046517502516508102,0.072392046451568604
UEMP15OV,2006-04-30,-0.070549957454204559,-0.055129289627075195,-0.005271559115499258,0.057253267616033554,0.083435587584972382
UEMP15OV,2006-05-31,-0.089697152376174927,-0.070799477398395538,-0.0095687611028552055,0.037854518741369247,0.058974418789148331
UEMP15OV,2006-06-30,-0.07440485805273056,-0.051477536559104919,0.0082917222753167152,0.072349980473518372,0.096062958240509033
UEMP15OV,2006-07-31,-0.077861763536930084,-0.061834502965211868,0.00020299339666962624,0.059216056019067764,0.086485303938388824
UEMP15OV,2006-08-31,-0.076971299946308136,-0.059975948184728622,-0.0048081064596772194,0.060058202594518661,0.075932197272777557
UEMP15OV,2006-09-30,-0.064983382821083069,-0.05579930916428566,-0.0022394147235900164,0.0662703737616539,0.085627973079681396
UEMP15OV,2006-10-31,-0.076115712523460388,-0.059174969792366028,-0.0075569469481706619,0.039349295198917389,0.068940900266170502
UEMP15OV,2006-11-30,-0.06410294771194458,-0.050752278417348862,-0.0026145009323954582,0.053600307554006577,0.068045198917388916
UEMP15OV,2006-12-31,-0.06749243289232254,-0.059108879417181015,-0.0075560808181762695,0.050506357103586197,0.066005036234855652
UEMP15OV,2007-01-31,-0.078168608248233795,-0.05351666733622551,-0.0011379190254956484,0.057269930839538574,0.081061631441116333
UEMP15OV,2007-02-28,-0.098863765597343445,-0.075775593519210815,-0.0085230302065610886,0.056119110435247421,0.080718591809272766
UEMP15OV,2007-03-31,-0.085795268416404724,-0.050414275377988815,0.0043096323497593403,0.061880934983491898,0.078846745193004608
UEMP15OV,2007-04-30,-0.076610200107097626,-0.05682990700006485,-0.0048433728516101837,0.073196403682231903,0.08996979147195816
UEMP15T26,2005-05-31,-0.093103528022766113,-0.074205756187438965,0.010968009009957314,0.093253210186958313,0.12558965384960175
UEMP15T26,2005-06-30,-0.14101788401603699,-0.10178540647029877,-0.0045046149753034115,0.086142353713512421,0.11720234155654907
UEMP15T26,2005-07-31,-0.12281418591737747,-0.091452956199645996,-0.0084810620173811913,0.077325128018856049,0.10703170299530029
UEMP15T26,2005-08-31,-0.12969297170639038,-0.093017406761646271,-0.003800881328061223,0.097486034035682678,0.1198820173740387
UEMP15T26,2005-09-30,-0.10760305821895599,-0.086500704288482666,0.0022802890744060278,0.07726963609457016,0.10313477367162704
UEMP15T26,2005-10-31,-0.13095994293689728,-0.11060431599617004,0.00089813087834045291,0.096275940537452698,0.15493643283843994
UEMP15T26,2005-11-30,-0.13931591808795929,-0.089419439435005188,-0.0037899883463978767,0.080526083707809448,0.09672083705663681
UEMP15T26,2005-12-31,-0.11973010003566742,-0.089559048414230347,-0.00397480558604002,0.096723385155200958,0.12561427056789398
UEMP15T26,2006-01-31,-0.1119859516620636,-0.083573967218399048,-0.0075201918371021748,0.07947733998298645,0.11613849550485611
UEMP15T26,2006-02-28,-0.13234008848667145,-0.10028843581676483,-0.0034428171347826719,0.10315795242786407,0.13171985745429993
UEMP15T26,2006-03-31,-0.14798100292682648,-0.11736486852169037,-0.00010224094148725271,0.097531802952289581,0.12786027789115906
UEMP15T26,2006-04-30,-0.10338360816240311,-0.086448349058628082,-0.010195095092058182,0.084612376987934113,0.11598704755306244
UEMP15T26,2006-05-31,-0.11907058209180832,-0.091329120099544525,-0.0058481292799115181,0.08035065233707428,0.11675315350294113
UEMP15T26,2006-06-30,-0.12930485606193542,-0.093732595443725586,0.00096381554612889886,0.090440310537815094,0.11315970867872238
UEMP15T26,2006-07-31,-0.1294531375169754,-0.099127478897571564,-0.0038269995711743832,0.091276250779628754,0.10979953408241272
UEMP15T26,2006-08-31,-0.12331149727106094,-0.090057328343391418,-0.0017477645305916667,0.075893118977546692,0.10027150064706802
UEMP15T26,2006-09-30,-0.10198115557432175,-0.084904678165912628,-0.0033842409029603004,0.08336947113275528,0.12629657983779907
UEMP15T26,2006-10-31,-0.098076514899730682,-0.083972588181495667,-0.0076509704813361168,0.092480748891830444,0.11407149583101273
UEMP15T26,2006-11-30,-0.13756361603736877,-0.097355544567108154,-0.0023545841686427593,0.089623421430587769,0.12400928139686584
UEMP15T26,2006-12-31,-0.073178395628929138,-0.059720620512962341,0.0099071022123098373,0.090512685477733612,0.10543040931224823
UEMP15T26,2007-01-31,-0.12982356548309326,-0.088855423033237457,-0.00033912586513906717,0.099290557205677032,0.1118488609790802
UEMP15T26,2007-02-28,-0.10707236081361771,-0.075756721198558807,0.011410236358642578,0.074850887060165405,0.11685539782047272
UEMP15T26,2007-03-31,-0.11089209467172623,-0.095017269253730774,0.0069645955227315426,0.075173228979110718,0.093330524861812592
UEMP15T26,2007-04-30,-0.091757677495479584,-0.08254571259021759,0.0060524977743625641,0.089568525552749634,0.11704591661691666
UEMP27OV,2005-05-31,-0.091336645185947418,-0.066214174032211304,0.0028886159416288137,0.050963498651981354,0.077026747167110443
UEMP27OV,2005-06-30,-0.10620049387216568,-0.082712948322296143,-0.01261373795568943,0.062647558748722076,0.082276634871959686
UEMP27OV,2005-07-31,-0.084055520594120026,-0.063100367784500122,-0.0088174939155578613,0.063580743968486786,0.085249841213226318
UEMP27OV,2005-08-31,-0.082180261611938477,-0.069787263870239258,-0.003660799702629447,0.063644327223300934,0.094640336930751801
UEMP27OV,2005-09-30,-0.097054570913314819,-0.064139671623706818,-0.0056215128861367702,0.065587855875492096,0.086537055671215057
UEMP27OV,2005-10-31,-0.091966502368450165,-0.071817822754383087,-0.010084408335387707,0.057383593171834946,0.089435942471027374
UEMP27OV,2005-11-30,-0.11354462802410126,-0.079672262072563171,0.000734409608412534,0.060059260576963425,0.070250846445560455
UEMP27OV,2005-12-31,-0.10254938155412674,-0.069634407758712769,-0.0013314735842868686,0.060596078634262085,0.078465484082698822
UEMP27OV,2006-01-31,-0.12692594528198242,-0.089868739247322083,-0.0059302090667188168,0.057750381529331207,0.074091032147407532
UEMP27OV,2006-02-28,-0.1051466092467308,-0.085293672978878021,-0.0090420674532651901,0.065789341926574707,0.097098998725414276
UEMP27OV,2006-03-31,-0.084676936268806458,-0.06366952508687973,0.0034507226664572954,0.07691580057144165,0.10438886284828186
UEMP27OV,2006-04-30,-0.098434537649154663,-0.077496401965618134,-0.014664806425571442,0.057803642004728317,0.076373949646949768
UEMP27OV,2006-05-31,-0.092718325555324554,-0.083928965032100677,-0.011604219675064087,0.063589364290237427,0.095428228378295898
UEMP27OV,2006-06-30,-0.082978442311286926,-0.073077194392681122,-0.0065154451876878738,0.061337459832429886,0.091572411358356476
UEMP27OV,2006-07-31,-0.10252232104539871,-0.076023221015930176,-0.010583325289189816,0.073453277349472046,0.084105610847473145
UEMP27OV,2006-08-31,-0.095229722559452057,-0.077861547470092773,-0.0034521964844316244,0.067238576710224152,0.097587421536445618
UEMP27OV,2006-09-30,-0.10345685482025146,-0.070924550294876099,0.00073030171915888786,0.069540560245513916,0.097530059516429901
UEMP27OV,2006-10-31,-0.10908889025449753,-0.083814181387424469,-0.014787294901907444,0.050610784441232681,0.080603882670402527
UEMP27OV,2006-11-30,-0.09619738906621933,-0.07530626654624939,-0.0096288546919822693,0.053277041763067245,0.081087671220302582
UEMP27OV,2006-12-31,-0.089334212243556976,-0.068516470491886139,-0.0060426872223615646,0.070028752088546753,0.11208079010248184
UEMP27OV,2007-01-31,-0.10147202014923096,-0.07914278656244278,-0.014726145192980766,0.061820391565561295,0.082449197769165039
UEMP27OV,2007-02-28,-0.080192022025585175,-0.054858062416315079,-0.0044955238699913025,0.076620817184448242,0.11179686337709427
UEMP27OV,2007-03-31,-0.092367462813854218,-0.076243035495281219,-0.009677451103925705,0.075724177062511444,0.089407190680503845
UEMP27OV,2007-04-30,-0.09335656464099884,-0.077765360474586487,-0.0069484664127230644,0.07916635274887085,0.09893268346786499
UEMP5TO14,2005-05-31,-0.066852100193500519,-0.049611553549766541,0.011864364147186279,0.057686597108840942,0.078767083585262299
UEMP5TO14,2005-06-30,-0.07884594053030014,-0.060119416564702988,-0.0058452673256397247,0.058641962707042694,0.081071808934211731
UEMP5TO14,2005-07-31,-0.082101829349994659,-0.064904280006885529,-0.0016856350703164935,0.047283429652452469,0.069507107138633728
UEMP5TO14,2005-08-31,-0.073542594909667969,-0.064068049192428589,-0.012388540431857109,0.063832230865955353,0.083583846688270569
UEMP5TO14,2005-09-30,-0.074874646961688995,-0.048109401017427444,-0.0083317020907998085,0.071208111941814423,0.096069402992725372
UEMP5TO14,2005-10-31,-0.079251207411289215,-0.058829206973314285,-0.00096295488765463233,0.064121603965759277,0.088332667946815491
UEMP5TO14,2005-11-30,-0.097215555608272552,-0.059867650270462036,-0.0060378983616828918,0.078499071300029755,0.098980240523815155
UEMP5TO14,2005-12-31,-0.10425611585378647,-0.072872191667556763,0.0090519748628139496,0.072173237800598145,0.10154517740011215
UEMP5TO14,2006-01-31,-0.080309122800827026,-0.063754081726074219,-0.0064097894355654716,0.07182861864566803,0.096917837858200073
UEMP5TO14,2006-02-28,-0.074820414185523987,-0.05298905074596405,0.0094720227643847466,0.067003808915615082,0.073957391083240509
UEMP5TO14,2006-03-31,-0.077784627676010132,-0.053970761597156525,0.0052686147391796112,0.066561184823513031,0.089965812861919403
UEMP5TO14,2006-04-30,-0.07377827912569046,-0.05629228800535202,-0.0051667122170329094,0.052092190831899643,0.063599720597267151
UEMP5TO14,2006-05-31,-0.074234582483768463,-0.058806680142879486,-0.0042692301794886589,0.065493024885654449,0.1001252681016922
UEMP5TO14,2006-06-30,-0.091947585344314575,-0.073506824672222137,-0.011170464567840099,0.069793656468391418,0.10783492028713226
UEMP5TO14,2006-07-31,-0.087439514696598053,-0.065823785960674286,-0.0054542431607842445,0.047185774892568588,0.077802613377571106
UEMP5TO14,2006-08-31,-0.079982459545135498,-0.055157978087663651,-0.00060205301269888878,0.058893598616123199,0.098242476582527161
UEMP5TO14,2006-09-30,-0.082916364073753357,-0.074359796941280365,-0.0042968946509063244,0.055204987525939941,0.076646693050861359
UEMP5TO14,2006-10-31,-0.063709273934364319,-0.051344990730285645,-0.0040189046412706375,0.058109074831008911,0.062204912304878235
UEMP5TO14,2006-11-30,-0.06265886127948761,-0.053818758577108383,-0.0036916998215019703,0.064742229878902435,0.086885958909988403
UEMP5TO14,2006-12-31,-0.088662073016166687,-0.072746790945529938,-0.0018918109126389027,0.062008682638406754,0.076965838670730591
UEMP5TO14,2007-01-31,-0.09893239289522171,-0.073486447334289551,-0.011802476830780506,0.072941295802593231,0.09410259872674942
UEMP5TO14,2007-02-28,-0.074738398194313049,-0.06426827609539032,0.0088876839727163315,0.064630873501300812,0.078851394355297089
UEMP5TO14,2007-03-31,-0.078565105795860291,-0.060323178768157959,-0.001460383995436132,0.077909871935844421,0.095112331211566925
UEMP5TO14,2007-04-30,-0.073002435266971588,-0.058632891625165939,0.0022596437484025955,0.064769990742206573,0.090901263058185577
UEMPLT5,2005-05-31,-0.086036048829555511,-0.06831716001033783,-0.022855378687381744,0.03690614178776741,0.057337593287229538
UEMPLT5,2005-06-30,-0.082292161881923676,-0.051684111356735229,0.0027680625207722187,0.067143067717552185,0.080438792705535889
UEMPLT5,2005-07-31,-0.06345483660697937,-0.047132156789302826,0.0016065789386630058,0.075000002980232239,0.10074391216039658
UEMPLT5,2005-08-31,-0.09806138277053833,-0.07716948539018631,-0.0078891543671488762,0.052136030048131943,0.080149613320827484
UEMPLT5,2005-09-30,-0.080682471394538879,-0.062598042190074921,-0.0070321690291166306,0.054204098880290985,0.066276475787162781
UEMPLT5,2005-10-31,-0.07589346170425415,-0.054039515554904938,0.0022770087234675884,0.057779904454946518,0.079647280275821686
UEMPLT5,2005-11-30,-0.083344019949436188,-0.067146755754947662,-0.00090565549908205867,0.058774553239345551,0.070284314453601837
UEMPLT5,2005-12-31,-0.087632261216640472,-0.071089401841163635,-0.0067476625554263592,0.04966161772608757,0.077626839280128479
UEMPLT5,2006-01-31,-0.083009518682956696,-0.054557282477617264,-0.00039848394226282835,0.054134324193000793,0.067739278078079224
UEMPLT5,2006-02-28,-0.076648369431495667,-0.059690486639738083,-0.0050696395337581635,0.061982564628124237,0.088775485754013062
UEMPLT5,2006-03-31,-0.067288614809513092,-0.057333189994096756,0.001952857943251729,0.068947099149227142,0.089294463396072388
UEMPLT5,2006-04-30,-0.082187071442604065,-0.064846113324165344,0.0010585043346509337,0.064610496163368225,0.099678441882133484
UEMPLT5,2006-05-31,-0.083271697163581848,-0.061531785875558853,-0.0013895633164793253,0.059861604124307632,0.083153299987316132
UEMPLT5,2006-06-30,-0.098776340484619141,-0.07595459371805191,-0.0017529926262795925,0.062509804964065552,0.098774746060371399
UEMPLT5,2006-07-31,-0.087690360844135284,-0.070045806467533112,-0.00584069499745965,0.06773703545331955,0.086623840034008026
UEMPLT5,2006-08-31,-0.080160625278949738,-0.055807750672101974,-0.0061867134645581245,0.062089599668979645,0.076452702283859253
UEMPLT5,2006-09-30,-0.08148849755525589,-0.061935622245073318,0.0060413270257413387,0.057836912572383881,0.087592378258705139
UEMPLT5,2006-10-31,-0.076782234013080597,-0.062765412032604218,-0.0026539869140833616,0.07296830415725708,0.089212030172348022
UEMPLT5,2006-11-30,-0.069368250668048859,-0.056300267577171326,0.0048880549147725105,0.082373455166816711,0.10252721607685089
UEMPLT5,2006-12-31,-0.083498187363147736,-0.059866849333047867,0.00010176474461331964,0.070753030478954315,0.094135463237762451
UEMPLT5,2007-01-31,-0.077293843030929565,-0.06356385350227356,-5.2047951612621546e-05,0.068084992468357086,0.075702644884586334
UEMPLT5,2007-02-28,-0.10491723567247391,-0.073416575789451599,-0.0070478874258697033,0.066789083182811737,0.082586675882339478
UEMPLT5,2007-03-31,-0.069269225001335144,-0.060020472854375839,0.011976205743849277,0.087947823107242584,0.10324642807245255
UEMPLT5,2007-04-30,-0.093352138996124268,-0.060696601867675781,-0.010552850551903248,0.054282147437334061,0.071273751556873322
UEMPMEAN,2005-05-31,-0.83484345674514771,-0.60140746831893921,-0.002814889419823885,0.4591238796710968,0.58596587181091309
UEMPMEAN,2005-06-30,-0.91434121131896973,-0.74462264776229858,0.00065985321998596191,0.5075497031211853,0.82748270034790039
UEMPMEAN,2005-07-31,-0.82310831546783447,-0.55918943881988525,0.094615787267684937,0.55347710847854614,0.78473901748657227
UEMPMEAN,2005-08-31,-0.86627054214477539,-0.64157956838607788,0.00023385835811495781,0.59073197841644287,0.6911017894744873
UEMPMEAN,2005-09-30,-0.68669503927230835,-0.54998648166656494,0.093677043914794922,0.65464597940444946,0.76514625549316406
UEMPMEAN,2005-10-31,-0.8299407958984375,-0.67819219827651978,0.04003472626209259,0.54381996393203735,0.84995651245117188
UEMPMEAN,2005-11-30,-0.66286450624465942,-0.45349642634391785,0.10279543697834015,0.67054373025894165,0.82262015342712402
UEMPMEAN,2005-12-31,-0.99312615394592285,-0.57980853319168091,0.031235884875059128,0.53838825225830078,0.66673827171325684
UEMPMEAN,2006-01-31,-0.83515447378158569,-0.51534676551818848,0.12482017278671265,0.72817641496658325,0.95398545265197754
UEMPMEAN,2006-02-28,-0.89992332458496094,-0.74953234195709229,-0.0037820478901267052,0.54323989152908325,0.75810474157333374
UEMPMEAN,2006-03-31,-0.84860444068908691,-0.76709461212158203,0.0030159708112478256,0.65672099590301514,0.83664345741271973
UEMPMEAN,2006-04-30,-0.55613100528717041,-0.39830362796783447,0.1077875941991806,0.79447662830352783,1.0464246273040771
UEMPMEAN,2006-05-31,-0.96198856830596924,-0.8187255859375,0.037257570773363113,0.5809711217880249,0.67364710569381714
UEMPMEAN,2006-06-30,-0.8107675313949585,-0.56924080848693848,0.10542552173137665,0.57886320352554321,0.6897316575050354
UEMPMEAN,2006-07-31,-0.71045482158660889,-0.58506757020950317,-0.0034202542155981064,0.52207928895950317,0.74504566192626953
UEMPMEAN,2006-08-31,-0.86628752946853638,-0.72578191757202148,-0.088687345385551453,0.59682965278625488,0.7368614673614502
UEMPMEAN,2006-09-30,-0.93953573703765869,-0.72733509540557861,0.0091794691979885101,0.51912921667098999,0.71378856897354126
UEMPMEAN,2006-10-31,-0.70212066173553467,-0.54512101411819458,0.097070842981338501,0.64035934209823608,0.77166777849197388
UEMPMEAN,2006-11-30,-0.94551485776901245,-0.76675772666931152,0.096066668629646301,0.60656511783599854,0.75350004434585571
UEMPMEAN,2006-12-31,-0.79076844453811646,-0.53279900550842285,-0.02227448858320713,0.69974124431610107,0.9388808012008667
UEMPMEAN,2007-01-31,-0.76550102233886719,-0.50653129816055298,0.086535967886447906,0.68135702610015869,0.80762588977813721
UEMPMEAN,2007-02-28,-0.93289816379547119,-0.51627969741821289,0.087025955319404602,0.62438297271728516,0.86424481868743896
UEMPMEAN,2007-03-31,-1.0782110691070557,-0.72433978319168091,0.040116313844919205,0.59880173206329346,0.78383207321166992
UEMPMEAN,2007-04-30,-0.75872355699539185,-0.62852567434310913,0.010183330625295639,0.51223814487457275,0.667746901512146
UMCSENTx,2005-05-31,-3.9754493236541748,-2.9782810211181641,0.54861879348754883,5.1625890731811523,6.2095608711242676
UMCSENTx,2005-06-30,-5.587897777557373,-4.8632311820983887,0.41224688291549683,5.0529055595397949,6.3977713584899902
UMCSENTx,2005-07-31,-4.9617466926574707,-4.3058500289916992,-0.42156097292900085,4.3809494972229004,5.6035995483398438
UMCSENTx,2005-08-31,-6.0483708381652832,-4.7208085060119629,-0.1544804573059082,5.0147209167480469,6.0070028305053711
UMCSENTx,2005-09-30,-5.2787570953369141,-3.963141918182373,-0.29490435123443604,3.6463265419006348,4.9031233787536621
UMCSENTx,2005-10-31,-5.9269819259643555,-5.032325267791748,-0.036746498197317123,3.986004114151001,5.3597545623779297
UMCSENTx,2005-11-30,-6.9811162948608398,-4.118100643157959,0.058625541627407074,4.2254390716552734,5.6252994537353516
UMCSENTx,2005-12-31,-7.0060553550720215,-5.2584710121154785,0.1617458164691925,5.0877842903137207,6.3119139671325684
UMCSENTx,2006-01-31,-4.4574003219604492,-3.4043455123901367,0.32451462745666504,5.3546080589294434,7.7839112281799316
UMCSENTx,2006-02-28,-5.3490653038024902,-4.545438289642334,-0.44869148731231689,3.8476636409759521,5.03436279296875
UMCSENTx,2006-03-31,-4.5104427337646484,-3.6605942249298096,0.033973120152950287,5.0951557159423828,5.8776631355285645
UMCSENTx,2006-04-30,-5.4774951934814453,-4.382178783416748,0.15269574522972107,4.2749357223510742,5.4171023368835449
UMCSENTx,2006-05-31,-5.938504695892334,-4.6932740211486816,-0.10988813638687134,4.9462728500366211,5.8505663871765137
UMCSENTx,2006-06-30,-5.867009162902832,-4.2170095443725586,-0.1419990062713623,3.1847348213195801,4.4719171524047852
UMCSENTx,2006-07-31,-5.9389657974243164,-4.4864497184753418,-0.027885641902685165,3.8684978485107422,6.1764535903930664
UMCSENTx,2006-08-31,-5.7410306930541992,-4.6008305549621582,-0.026417374610900879,4.8872065544128418,5.663264274597168
UMCSENTx,2006-09-30,-5.1410865783691406,-3.9292635917663574,0.17815105617046356,4.0810918807983398,5.3684053421020508
UMCSENTx,2006-10-31,-6.6446676254272461,-5.0909032821655273,0.10613571107387543,4.8018798828125,5.2855291366577148
UMCSENTx,2006-11-30,-6.4090619087219238,-5.057365894317627,0.34218931198120117,3.854255199432373,5.8334407806396484
UMCSENTx,2006-12-31,-6.5300889015197754,-4.2733054161071777,0.29212766885757446,4.3280706405639648,6.1900529861450195
UMCSENTx,2007-01-31,-5.1121854782104492,-4.1714482307434082,0.52595639228820801,5.3125333786010742,6.2188305854797363
UMCSENTx,2007-02-28,-5.7823553085327148,-4.6894631385803223,-0.0014632344245910645,5.0183753967285156,7.0886478424072266
UMCSENTx,2007-03-31,-5.4463610649108887,-3.9692747592926025,0.67582333087921143,4.4344229698181152,6.3639030456542969
UMCSENTx,2007-04-30,-6.5373892784118652,-4.2800583839416504,-0.26188364624977112,3.6852090358734131,5.6007275581359863
UNRATE,2005-05-31,-0.30143406987190247,-0.20136287808418274,-0.0018619518959894776,0.19868621230125427,0.24479703605175018
UNRATE,2005-06-30,-0.284513920545578,-0.20269489288330078,-0.0027511375956237316,0.18702393770217896,0.20390984416007996
UNRATE,2005-07-31,-0.20223192870616913,-0.19908344745635986,-0.00042018186650238931,0.2015046626329422,0.29955309629440308
UNRATE,2005-08-31,-0.26329246163368225,-0.19865493476390839,-0.00071346311597153544,0.19919514656066895,0.30167374014854431
UNRATE,2005-09-30,-0.29514789581298828,-0.20148162543773651,0.00051729526603594422,0.20163726806640625,0.29793357849121094
UNRATE,2005-10-31,-0.30290597677230835,-0.204859659075737,-0.00021416012896224856,0.20287652313709259,0.30467256903648376
UNRATE,2005-11-30,-0.20489956438541412,-0.20115756988525391,-0.00063474150374531746,0.19817201793193817,0.20244625210762024
UNRATE,2005-12-31,-0.20289736986160278,-0.19838036596775055,0.00080276327207684517,0.20405536890029907,0.30424016714096069
UNRATE,2006-01-31,-0.30460220575332642,-0.20424488186836243,-0.000120989338029176,0.23058247566223145,0.30458450317382812
UNRATE,2006-02-28,-0.29871004819869995,-0.20246218144893646,-0.00064598082099109888,0.20115610957145691,0.29954934120178223
UNRATE,2006-03-31,-0.30395263433456421,-0.20179204642772675,-0.00057948991889134049,0.19748830795288086,0.20450679957866669
UNRATE,2006-04-30,-0.30418035387992859,-0.20492252707481384,-0.0016833862755447626,0.20284615457057953,0.30259948968887329
UNRATE,2006-05-31,-0.30375969409942627,-0.22347341477870941,-0.0083757229149341583,0.19717477262020111,0.2951415479183197
UNRATE,2006-06-30,-0.30073070526123047,-0.20306538045406342,-0.0030093039385974407,0.20036053657531738,0.29816016554832458
UNRATE,2006-07-31,-0.29785007238388062,-0.19899430871009827,-0.0012117328587919474,0.20583911240100861,0.3008115291595459
UNRATE,2006-08-31,-0.30124476552009583,-0.20394536852836609,-0.0016142785316333175,0.2014029324054718,0.29046809673309326
UNRATE,2006-09-30,-0.26725950837135315,-0.19858220219612122,-0.0015135323628783226,0.20035865902900696,0.29808354377746582
UNRATE,2006-10-31,-0.20445443689823151,-0.19986481964588165,0.0013967297272756696,0.20529632270336151,0.30228924751281738
UNRATE,2006-11-30,-0.20331215858459473,-0.1974031925201416,-3.7021003663539886e-05,0.20359116792678833,0.30619457364082336
UNRATE,2006-12-31,-0.26395368576049805,-0.20016650855541229,0.0015848925104364753,0.20299333333969116,0.29771921038627625
UNRATE,2007-01-31,-0.20360760390758514,-0.19742117822170258,-5.0766568165272474e-05,0.20116919279098511,0.26503109931945801
UNRATE,2007-02-28,-0.29861724376678467,-0.19613328576087952,-0.00040219826041720808,0.19616489112377167,0.2020222395658493
UNRATE,2007-03-31,-0.29768666625022888,-0.20246320962905884,-0.0028288811445236206,0.20080466568470001,0.21252167224884033
UNRATE,2007-04-30,-0.35465368628501892,-0.20118273794651031,-0.0011265141656622291,0.14660921692848206,0.2644965648651123
USCONS,2005-05-31,-0.0050310348160564899,-0.0037371923681348562,0.0036106337793171406,0.010311753489077091,0.012323382310569286
USCONS,2005-06-30,-0.0047281878069043159,-0.0014838845236226916,0.003509284695610404,0.0082015609368681908,0.0093105761334300041
USCONS,2005-07-31,-0.0046952595002949238,-0.0021510461810976267,0.0035334818530827761,0.010936575010418892,0.014236248098313808
USCONS,2005-08-31,-0.00063554599182680249,0.0008281783084385097,0.0051918122917413712,0.012250055558979511,0.013588255271315575
USCONS,2005-09-30,-0.0047471709549427032,-0.0019374922849237919,0.004135472234338522,0.011170526966452599,0.012451834045350552
USCONS,2005-10-31,-0.0086344238370656967,-0.0022999923676252365,0.0044792080298066139,0.010630321688950062,0.013605319894850254
USCONS,2005-11-30,-0.0049050301313400269,-0.002654259791597724,0.0043512172996997833,0.012478425167500973,0.013755722902715206
USCONS,2005-12-31,-0.0080510275438427925,-0.0033599862363189459,0.0043135690502822399,0.01084359735250473,0.012272214516997337
USCONS,2006-01-31,-0.0043397434055805206,-0.0021389343310147524,0.0043139075860381126,0.0128813236951828,0.014688947238028049
USCONS,2006-02-28,-0.0051120626740157604,-0.0026837785262614489,0.0035930024459958076,0.0096771642565727234,0.011808904819190502
USCONS,2006-03-31,-0.0061300680972635746,-0.0030372587498277426,0.0033270576968789101,0.010394003242254257,0.011869245208799839
USCONS,2006-04-30,-0.0056356773711740971,-0.0025123197119683027,0.0036278695333749056,0.0093831196427345276,0.014524430967867374
USCONS,2006-05-31,-0.0045818225480616093,-0.0033652717247605324,0.0029209773056209087,0.010117173194885254,0.012916303239762783
USCONS,2006-06-30,-0.0042708525434136391,-0.002221045084297657,0.0032672947272658348,0.0081230662763118744,0.010329197160899639
USCONS,2006-07-31,-0.008149588480591774,-0.0053941821679472923,0.0018188660033047199,0.010632225312292576,0.01576511561870575
USCONS,2006-08-31,-0.0086269229650497437,-0.0053383917547762394,0.00210585817694664,0.0093992101028561592,0.01479838602244854
USCONS,2006-09-30,-0.0068635996431112289,-0.0051685208454728127,0.0019585136324167252,0.0084183644503355026,0.011174488812685013
USCONS,2006-10-31,-0.0077070808038115501,-0.0038573879282921553,0.0033776676282286644,0.010763302445411682,0.014662660658359528
USCONS,2006-11-30,-0.006010112352669239,-0.0035737515427172184,0.0019579697400331497,0.010323955677449703,0.013885955326259136
USCONS,2006-12-31,-0.0062459488399326801,-0.0041419188492000103,0.0033639983739703894,0.011871729977428913,0.014783053658902645
USCONS,2007-01-31,-0.0088430242612957954,-0.005067956168204546,0.0016781450249254704,0.0090407654643058777,0.011717251501977444
USCONS,2007-02-28,-0.0059761703014373779,-0.0047310153022408485,0.0020872631575912237,0.011829965747892857,0.014009849168360233
USCONS,2007-03-31,-0.0053736008703708649,-0.0035094250924885273,0.0031607453711330891,0.0087746735662221909,0.010420548729598522
USCONS,2007-04-30,-0.0065994663164019585,-0.0046150293201208115,0.0014496445655822754,0.0094586610794067383,0.013394054025411606
USFIRE,2005-05-31,-0.001448915689252317,-0.00097481941338628531,0.0012234807945787907,0.0025277088861912489,0.0030101670417934656
USFIRE,2005-06-30,-0.001225093612447381,-0.00088453898206353188,0.0011491796467453241,0.0026478487998247147,0.0034742215648293495
USFIRE,2005-07-31,-0.0016032580751925707,-0.001207496621645987,0.0011625280603766441,0.0027527252677828074,0.0033028568141162395
USFIRE,2005-08-31,-0.0011466477299109101,-0.00023307264200411737,0.0013542737578973174,0.0034122879151254892,0.0038082413375377655
USFIRE,2005-09-30,-0.0010966603877022862,-0.00084074941696599126,0.0011383038945496082,0.0028715124353766441,0.0033641969785094261
USFIRE,2005-10-31,-0.00089084194041788578,-0.00055017333943396807,0.0015072476817294955,0.0032696451526135206,0.0038066809065639973
USFIRE,2005-11-30,-0.0012075799750164151,-0.00041079745278693736,0.00148057471960783,0.003794678021222353,0.0041514341719448566
USFIRE,2005-12-31,-0.001065274584107101,-0.0004676167736761272,0.0014622415183112025,0.0035501155070960522,0.0040214131586253643
USFIRE,2006-01-31,-0.0013666907325387001,-0.00052732042968273163,0.0015358338132500648,0.0037107865791767836,0.004277949221432209
USFIRE,2006-02-28,-0.0011162814917042851,-0.00035642311559058726,0.0015898161800578237,0.0039202310144901276,0.0044005890376865864
USFIRE,2006-03-31,-0.0014708328526467085,-0.00066209846409037709,0.0013858310412615538,0.0035334797576069832,0.0038681318983435631
USFIRE,2006-04-30,-0.0014396567130461335,-0.00096611445769667625,0.0012599097099155188,0.0032879523932933807,0.0036167993675917387
USFIRE,2006-05-31,-0.0010095536708831787,-0.00041685529868118465,0.0017927575390785933,0.0037231224123388529,0.0043125157244503498
USFIRE,2006-06-30,-0.0014983477303758264,-0.00038121259422041476,0.0015780974645167589,0.0035627584438771009,0.0037832921370863914
USFIRE,2006-07-31,-0.0011453598272055387,-0.00055965484352782369,0.0014230766100808978,0.0037464869674295187,0.0041121961548924446
USFIRE,2006-08-31,-0.0009869131026789546,-0.00073734426405280828,0.0017916022334247828,0.0043095406144857407,0.0048951585777103901
USFIRE,2006-09-30,-0.0013466869713738561,-0.0005457139341160655,0.0014766772510483861,0.0038428071420639753,0.0041833226568996906
USFIRE,2006-10-31,-0.001283414545468986,-0.00070381321711465716,0.0013868014793843031,0.0032332907430827618,0.0038377491291612387
USFIRE,2006-11-30,-0.0011872694594785571,-0.00060155033133924007,0.0017286408692598343,0.0039938739500939846,0.0045931539498269558
USFIRE,2006-12-31,-0.00095849274657666683,-0.00050177506636828184,0.0016096555627882481,0.0039495346136391163,0.0047216154634952545
USFIRE,2007-01-31,-0.0017063983250409365,-0.0011563224252313375,0.0018133686389774084,0.0039524217136204243,0.0049118739552795887
USFIRE,2007-02-28,-0.0006106454529799521,-0.00040492703556083143,0.0017091797199100256,0.0039292555302381516,0.004272939171642065
USFIRE,2007-03-31,-0.00077530817361548543,-0.00041286990744993091,0.0017458400689065456,0.0036331601440906525,0.0040908507071435452
USFIRE,2007-04-30,-0.00060348352417349815,-0.00027210963889956474,0.001800459111109376,0.0037975094746798277,0.0049017802812159061
USGOOD,2005-05-31,-0.0013382642064243555,-0.00040142441866919398,0.0015420418931171298,0.0037204597610980272,0.0046524102799594402
USGOOD,2005-06-30,-0.0018341633258387446,-0.0011432023020461202,0.001538014505058527,0.003242898266762495,0.0035187529865652323
USGOOD,2005-07-31,-0.0013456076849251986,-0.00037061879993416369,0.0016029032412916422,0.0042452644556760788,0.0048617660067975521
USGOOD,2005-08-31,-0.0016360856825485826,-0.0010531124426051974,0.0014147381298243999,0.0041926144622266293,0.0047445711679756641
USGOOD,2005-09-30,-0.0022569515276700258,-0.0010551516897976398,0.0015739428345113993,0.0036893377546221018,0.0040650567971169949
USGOOD,2005-10-31,-0.0022874046117067337,-0.0013483880320563912,0.0011771190911531448,0.0036901209969073534,0.0039673545397818089
USGOOD,2005-11-30,-0.003562083700671792,-0.0020432246383279562,0.0010483134537935257,0.0036398221272975206,0.0041326647624373436
USGOOD,2005-12-31,-0.0030733135063201189,-0.0017538878601044416,0.0012841784628108144,0.0033505961764603853,0.0042534167878329754
USGOOD,2006-01-31,-0.0027133915573358536,-0.0018037992995232344,0.0012338231317698956,0.0040546855889260769,0.0047633005306124687
USGOOD,2006-02-28,-0.0027224135119467974,-0.0017461655661463737,0.00092305277939885855,0.0040551922284066677,0.0046003465540707111
USGOOD,2006-03-31,-0.0030623301863670349,-0.0021975887939333916,0.00094832584727555513,0.0040582343935966492,0.0057360059581696987
USGOOD,2006-04-30,-0.0035885507240891457,-0.0018961378373205662,0.0012342962436378002,0.0039099766872823238,0.0045316466130316257
USGOOD,2006-05-31,-0.0023887022398412228,-0.0014557167887687683,0.0015576154692098498,0.0044539645314216614,0.0049794330261647701
USGOOD,2006-06-30,-0.0032151569612324238,-0.0017141187563538551,0.00095729384338483214,0.0032821912318468094,0.0044446429237723351
USGOOD,2006-07-31,-0.0038997007068246603,-0.002402653219178319,0.00068506592651829123,0.0037795186508446932,0.0061249332502484322
USGOOD,2006-08-31,-0.0060851168818771839,-0.0030443314462900162,0.00060703896451741457,0.0037137097679078579,0.0044668996706604958
USGOOD,2006-09-30,-0.0036970959044992924,-0.0032197113614529371,0.00086052389815449715,0.0035848475527018309,0.0045784609392285347
USGOOD,2006-10-31,-0.0057240012101829052,-0.0023096329532563686,0.00074105302337557077,0.0038927118293941021,0.0047929226420819759
USGOOD,2006-11-30,-0.0066580837592482567,-0.0029698626603931189,0.00095650414004921913,0.0045898300595581532,0.005730796605348587
USGOOD,2006-12-31,-0.0033834408968687057,-0.0024235043674707413,0.00073536823038011789,0.0037938733585178852,0.0045298635959625244
USGOOD,2007-01-31,-0.0051289484836161137,-0.0031896585132926702,0.00068154558539390564,0.0039094542153179646,0.004427389707416296
USGOOD,2007-02-28,-0.0071478751488029957,-0.0032272434327751398,0.0010492191649973392,0.0050026504322886467,0.0058815949596464634
USGOOD,2007-03-31,-0.0045297211036086082,-0.0024581840261816978,0.00055731722386553884,0.0038625760935246944,0.0050141108222305775
USGOOD,2007-04-30,-0.0037045138888061047,-0.0026710713282227516,0.00091566215269267559,0.0045065763406455517,0.0058034579269587994
USGOVT,2005-05-31,-0.0014782929793000221,-0.0012531168758869171,0.000493217958137393,0.0023092017509043217,0.0024967810604721308
USGOVT,2005-06-30,-0.0020526843145489693,-0.0013041397323831916,0.00049920764286071062,0.002211104379966855,0.0030394659843295813
USGOVT,2005-07-31,-0.0012679890496656299,-0.0010176886571571231,0.00067576649598777294,0.0025000371970236301,0.0030981153249740601
USGOVT,2005-08-31,-0.0022958212066441774,-0.0015481883892789483,0.00034616608172655106,0.0020615169778466225,0.0027113400865346193
USGOVT,2005-09-30,-0.0025494147557765245,-0.001530657522380352,0.000539144326467067,0.002510318998247385,0.003016164293512702
USGOVT,2005-10-31,-0.0013993518659844995,-0.00097308057593181729,0.00094773992896080017,0.0028918769676238298,0.0033849047031253576
USGOVT,2005-11-30,-0.0017884263070300221,-0.0011805429821833968,0.00067995354766026139,0.0027620766777545214,0.0031783478334546089
USGOVT,2005-12-31,-0.0016649831086397171,-0.0012360324617475271,0.00074710359331220388,0.0021870380733162165,0.0029338353779166937
USGOVT,2006-01-31,-0.0019658759701997042,-0.0014369147829711437,0.0012525254860520363,0.0031078439205884933,0.0035562464036047459
USGOVT,2006-02-28,-0.0016856495058164001,-0.0013021256309002638,0.0005731567507609725,0.0021230983547866344,0.0023899516090750694
USGOVT,2006-03-31,-0.0021137248259037733,-0.0012284491676837206,0.00050974951591342688,0.0027709794230759144,0.0036501011345535517
USGOVT,2006-04-30,-0.0014306111261248589,-0.0010407550726085901,0.00077858148142695427,0.0028136908076703548,0.0035446933470666409
USGOVT,2006-05-31,-0.0015076650306582451,-0.0010436013108119369,0.0010679007973521948,0.0031277830712497234,0.0033406889997422695
USGOVT,2006-06-30,-0.0020830549765378237,-0.0013704196317121387,0.00070128618972375989,0.0023988718166947365,0.0031766986940056086
USGOVT,2006-07-31,-0.0013376480201259255,-0.00070222170324996114,0.00083481334149837494,0.0027416800148785114,0.0032373522408306599
USGOVT,2006-08-31,-0.0019433487905189395,-0.0011559439590200782,0.00088525284081697464,0.0024185269139707088,0.0033491344656795263
USGOVT,2006-09-30,-0.0020912764593958855,-0.0016635957872495055,0.00045755720930173993,0.0026535356882959604,0.003574359230697155
USGOVT,2006-10-31,-0.0017045756103470922,-0.0011599244317039847,0.0007498175255022943,0.0026904467958956957,0.0034495634026825428
USGOVT,2006-11-30,-0.0016197097720578313,-0.0010085578542202711,0.00096406089141964912,0.0032889945432543755,0.0036236813757568598
USGOVT,2006-12-31,-0.0017085548024624586,-0.0012306782882660627,0.00081832893192768097,0.0023410795256495476,0.0031049619428813457
USGOVT,2007-01-31,-0.0019699097611010075,-0.0014537109527736902,0.00075435335747897625,0.0027304056566208601,0.0032870816066861153
USGOVT,2007-02-28,-0.0023872226011008024,-0.0016338991699740291,0.00056435255100950599,0.0025372973177582026,0.0029544683638960123
USGOVT,2007-03-31,-0.0013671413762494922,-0.0011101289419457316,0.00070971198147162795,0.0027863041032105684,0.0033209840767085552
USGOVT,2007-04-30,-0.0015462733572348952,-0.0012032890226691961,0.00064092135289683938,0.0029528508894145489,0.003431340679526329
USTPU,2005-05-31,-0.00055957143194973469,-0.00029228950734250247,0.0016909780679270625,0.0033988482318818569,0.0039936243556439877
USTPU,2005-06-30,-0.00057734723668545485,-7.6858370448462665e-05,0.0015047737397253513,0.0036459935363382101,0.0040239542722702026
USTPU,2005-07-31,-0.0011532827047631145,-0.00025220424868166447,0.0017313642892986536,0.0034885015338659286,0.0037909389939159155
USTPU,2005-08-31,-0.0015083199832588434,-0.00019181235984433442,0.0015475573018193245,0.0033997823484241962,0.0038669188506901264
USTPU,2005-09-30,-0.00094767799600958824,-0.00055230181897059083,0.0012258547358214855,0.0034376641269773245,0.0040913806296885014
USTPU,2005-10-31,-0.0012570024700835347,-0.00044941515079699457,0.001667003845795989,0.0034771349746733904,0.0039290012791752815
USTPU,2005-11-30,-0.00093275395920500159,-0.00040080942562781274,0.0013756784610450268,0.0036818182561546564,0.0041365115903317928
USTPU,2005-12-31,-0.0016223064158111811,-0.0005445422139018774,0.0015157964080572128,0.0033245356753468513,0.0035547250881791115
USTPU,2006-01-31,-0.0012054506223648787,-0.0008115597884170711,0.0014843702083453536,0.0033980943262577057,0.0039436365477740765
USTPU,2006-02-28,-0.0010419392492622137,-0.00055397982941940427,0.0014865095727145672,0.0039601479656994343,0.0045836367644369602
USTPU,2006-03-31,-0.0013625029241666198,-0.00060386268887668848,0.0017283139750361443,0.0037045048084110022,0.0045230453833937645
USTPU,2006-04-30,-0.001266239327378571,-0.00081067800056189299,0.0015174192376434803,0.0033507442567497492,0.0040367031469941139
USTPU,2006-05-31,-0.0014904320705682039,-0.00075439241481944919,0.0016040150076150894,0.0034100688062608242,0.0041560111567378044
USTPU,2006-06-30,-0.0015600180486217141,-0.00091230584075674415,0.0012145922519266605,0.0034093924332410097,0.0038409307599067688
USTPU,2006-07-31,-0.00095710897585377097,-0.00076349149458110332,0.0015977136790752411,0.0040101394988596439,0.0043651633895933628
USTPU,2006-08-31,-0.0015746612334623933,-0.00088435824727639556,0.0014957917155697942,0.0037892751861363649,0.0041574174538254738
USTPU,2006-09-30,-0.0016410164535045624,-0.00090708909556269646,0.0013493886217474937,0.0032732263207435608,0.0044146794825792313
USTPU,2006-10-31,-0.0013924275990575552,-0.00060072523774579167,0.0015661974903196096,0.0037908307276666164,0.0043408507481217384
USTPU,2006-11-30,-0.0014453674666583538,-0.00066266756039112806,0.0015214048326015472,0.0040475577116012573,0.0046795597299933434
USTPU,2006-12-31,-0.00085805694106966257,-0.00019354074902366847,0.0014389704447239637,0.0034910046961158514,0.0038108387961983681
USTPU,2007-01-31,-0.0017477055080235004,-0.0012451127404347062,0.0013016302837058902,0.0034246782306581736,0.0039452235214412212
USTPU,2007-02-28,-0.0016642813570797443,-0.00071716681122779846,0.0014706210931763053,0.0038398285396397114,0.0042170044034719467
USTPU,2007-03-31,-0.0014059491222724319,-0.00069607573095709085,0.0015908326022326946,0.0037711334880441427,0.0052201789803802967
USTPU,2007-04-30,-0.0014090768527239561,-0.0010020100744441152,0.0015598998870700598,0.0036735341418534517,0.0045116222463548183
USTRADE,2005-05-31,-0.00073268631240352988,-0.00034581468207761645,0.0017766482196748257,0.0042208433151245117,0.0047025475651025772
USTRADE,2005-06-30,-0.0012877533445134759,-0.00051911635091528296,0.001449542585760355,0.0036632094997912645,0.0048607774078845978
USTRADE,2005-07-31,-0.0017444816185161471,-0.0011640143347904086,0.001104861730709672,0.0034736068919301033,0.0042035463266074657
USTRADE,2005-08-31,-0.0015636866446584463,-0.0011000665836036205,0.001367226243019104,0.0039327414706349373,0.0045910687185823917
USTRADE,2005-09-30,-0.0015927546191960573,-0.00088115938706323504,0.0017358842305839062,0.0042966571636497974,0.0049713221378624439
USTRADE,2005-10-31,-0.0018150893738493323,-0.00099449674598872662,0.0015356419607996941,0.0040136957541108131,0.0050715766847133636
USTRADE,2005-11-30,-0.0018371060723438859,-0.00043335810187272727,0.0017164230812340975,0.0042381361126899719,0.0050504296086728573
USTRADE,2005-12-31,-0.0013661090051755309,-0.00089206959819421172,0.0016562163364142179,0.0042476220987737179,0.0046317609958350658
USTRADE,2006-01-31,-0.0021910655777901411,-0.0011837449856102467,0.0014965306036174297,0.0042830328457057476,0.004797640722244978
USTRADE,2006-02-28,-0.0018022550502792001,-0.0010074778692796826,0.0012897663982585073,0.0042608911171555519,0.005293319933116436
USTRADE,2006-03-31,-0.0021424891892820597,-0.0011150329373776913,0.0014143828302621841,0.0041190460324287415,0.0050966916605830193
USTRADE,2006-04-30,-0.0027232111897319555,-0.0014390773139894009,0.001502716913819313,0.0044175498187541962,0.0050369324162602425
USTRADE,2006-05-31,-0.0015993424458429217,-0.00064661423675715923,0.0015173193532973528,0.0039584734477102757,0.0049351430498063564
USTRADE,2006-06-30,-0.0020016911439597607,-0.0014863231917843223,0.0017445492558181286,0.0043494538404047489,0.0046516475267708302
USTRADE,2006-07-31,-0.001772535964846611,-0.0013285584282130003,0.0013868578244000673,0.0040077329613268375,0.0044936696067452431
USTRADE,2006-08-31,-0.0019169823499396443,-0.00077162816887721419,0.0014765984378755093,0.0041578426025807858,0.0047464878298342228
USTRADE,2006-09-30,-0.0016338342102244496,-0.00099420780315995216,0.001435241661965847,0.0044260541908442974,0.0049397232942283154
USTRADE,2006-10-31,-0.0020736707374453545,-0.0014923986745998263,0.0019982210360467434,0.0043344409205019474,0.0050976178608834743
USTRADE,2006-11-30,-0.0017561838030815125,-0.00099848932586610317,0.0018319438677281141,0.0043672346509993076,0.0048149460926651955
USTRADE,2006-12-31,-0.0025768799241632223,-0.00088180118473246694,0.0015948202926665545,0.0039301472716033459,0.0046869884245097637
USTRADE,2007-01-31,-0.0028028723318129778,-0.0018621539929881692,0.0017775336746126413,0.0044810702092945576,0.0055119204334914684
USTRADE,2007-02-28,-0.0017641703598201275,-0.00092769990442320704,0.0014290176331996918,0.0035425350069999695,0.005117819644510746
USTRADE,2007-03-31,-0.0023280216846615076,-0.0014998862752690911,0.00061970105161890388,0.0035726982168853283,0.0043783946894109249
USTRADE,2007-04-30,-0.0020096527878195047,-0.0014546705642715096,0.0015021370491012931,0.004084800835698843,0.0048155351541936398
USWTRADE,2005-05-31,-0.0010708145564422011,-0.00056738313287496567,0.0015988399973139167,0.0036977126728743315,0.0042993640527129173
USWTRADE,2005-06-30,-0.0010039267363026738,-0.00069517991505563259,0.0011996992398053408,0.0031294894870370626,0.0037709125317633152
USWTRADE,2005-07-31,-0.0017788939876481891,-0.00087402958888560534,0.001584704383276403,0.0035871716681867838,0.0039257663302123547
USWTRADE,2005-08-31,-0.0010107974521815777,-0.00064605771331116557,0.0014106835005804896,0.0034129356499761343,0.0042414180934429169
USWTRADE,2005-09-30,-0.0013557919301092625,-0.00053747335914522409,0.0018711478915065527,0.0040516634471714497,0.0046764947474002838
USWTRADE,2005-10-31,-0.0013319457648321986,-0.00091452361084520817,0.0014873349573463202,0.0034499363973736763,0.0038885013200342655
USWTRADE,2005-11-30,-0.0011433580657467246,-0.00056105386465787888,0.0016480038175359368,0.0040609068237245083,0.0045676133595407009
USWTRADE,2005-12-31,-0.0016361725283786654,-0.0011045380961149931,0.0011553035583347082,0.0036904525477439165,0.0044906404800713062
USWTRADE,2006-01-31,-0.0017466234276071191,-0.00085398106602951884,0.0012727587018162012,0.0035960921086370945,0.0041281562298536301
USWTRADE,2006-02-28,-0.0021887188777327538,-0.0013891977723687887,0.001092325197532773,0.0036370863672345877,0.0042836363427340984
USWTRADE,2006-03-31,-0.0014397172490134835,-0.00095642136875540018,0.0014324174262583256,0.0038693759124726057,0.0051028942689299583
USWTRADE,2006-04-30,-0.0018097134307026863,-0.00067789165768772364,0.0017198399873450398,0.0046008671633899212,0.0049228374846279621
USWTRADE,2006-05-31,-0.0019123438978567719,-0.0011609948705881834,0.001376111526042223,0.0043462850153446198,0.0047980844974517822
USWTRADE,2006-06-30,-0.0018616259330883622,-0.0012042404850944877,0.0013705739984288812,0.0035451552830636501,0.0045972336083650589
USWTRADE,2006-07-31,-0.0022177447099238634,-0.0013055361341685057,0.0012763681588694453,0.0038511615712195635,0.0045154755935072899
USWTRADE,2006-08-31,-0.0019979581702500582,-0.0013540837680920959,0.0018033814849331975,0.0045092920772731304,0.0049149473197758198
USWTRADE,2006-09-30,-0.0021745129488408566,-0.0011574829695746303,0.0014639607397839427,0.0039352648891508579,0.0046205357648432255
USWTRADE,2006-10-31,-0.0021856329403817654,-0.0018751474563032389,0.0013172505423426628,0.0037356717512011528,0.0041507929563522339
USWTRADE,2006-11-30,-0.0019695702940225601,-0.0012673292076215148,0.0014181985752657056,0.0039636846631765366,0.0048005147837102413
USWTRADE,2006-12-31,-0.0023874894250184298,-0.001408193726092577,0.00091965438332408667,0.004111176822334528,0.0046590524725615978
USWTRADE,2007-01-31,-0.0020833534654229879,-0.0018434379016980529,0.0011505477596074343,0.0034904398489743471,0.0043814145028591156
USWTRADE,2007-02-28,-0.0021948199719190598,-0.0012162321945652366,0.0012355201179161668,0.004102928563952446,0.0045856251381337643
USWTRADE,2007-03-31,-0.0022801852319389582,-0.0012438172707334161,0.0010634076315909624,0.003538304241374135,0.0039826254360377789
USWTRADE,2007-04-30,-0.002473069354891777,-0.0019610498566180468,0.0013721976429224014,0.0041253175586462021,0.0051009426824748516
VIXCLSx,2005-05-31,11.524753570556641,11.836105346679688,13.706081390380859,15.821999549865723,16.838190078735352
VIXCLSx,2005-06-30,11.276943206787109,11.84941291809082,13.628293991088867,17.475358963012695,18.372478485107422
VIXCLSx,2005-07-31,10.745198249816895,11.142745018005371,13.872617721557617,17.635540008544922,19.336032867431641
VIXCLSx,2005-08-31,11.151150703430176,11.621190071105957,13.587512969970703,18.508247375488281,21.640604019165039
VIXCLSx,2005-09-30,10.19969367980957,10.866437911987305,13.721378326416016,18.323246002197266,20.657979965209961
VIXCLSx,2005-10-31,10.53960132598877,11.317633628845215,13.744029998779297,16.980108261108398,18.840303421020508
VIXCLSx,2005-11-30,10.38642692565918,11.164599418640137,14.112476348876953,19.299291610717773,20.893657684326172
VIXCLSx,2005-12-31,10.074519157409668,11.108302116394043,13.98685359954834,18.986867904663086,20.638664245605469
VIXCLSx,2006-01-31,10.263916015625,11.150108337402344,14.75190258026123,21.534467697143555,24.905780792236328
VIXCLSx,2006-02-28,9.9060144424438477,10.700488090515137,14.352766036987305,18.997800827026367,21.734077453613281
VIXCLSx,2006-03-31,11.490397453308105,12.065488815307617,15.257256507873535,21.682167053222656,25.256052017211914
VIXCLSx,2006-04-30,10.168344497680664,11.110928535461426,14.712798118591309,20.374128341674805,22.256158828735352
VIXCLSx,2006-05-31,9.4278984069824219,10.462690353393555,14.530185699462891,22.195499420166016,25.565261840820312
VIXCLSx,2006-06-30,10.269495010375977,11.454379081726074,14.496657371520996,21.839107513427734,24.01593017578125
VIXCLSx,2006-07-31,10.110350608825684,11.483048439025879,14.494640350341797,20.452104568481445,23.171018600463867
VIXCLSx,2006-08-31,10.278008460998535,11.471330642700195,15.303506851196289,23.208379745483398,25.41316032409668
VIXCLSx,2006-09-30,10.643532752990723,12.192241668701172,15.871715545654297,23.84666633605957,25.465852737426758
VIXCLSx,2006-10-31,9.7056989669799805,10.815372467041016,16.031517028808594,24.595010757446289,26.342992782592773
VIXCLSx,2006-11-30,9.8041658401489258,11.293375015258789,15.874748229980469,26.008922576904297,30.052621841430664
VIXCLSx,2006-12-31,9.8814706802368164,10.629288673400879,14.659838676452637,23.054862976074219,27.365985870361328
VIXCLSx,2007-01-31,10.136040687561035,11.219217300415039,16.591188430786133,25.482145309448242,28.019760131835938
VIXCLSx,2007-02-28,10.381874084472656,11.648268699645996,16.113845825195312,25.247087478637695,29.283666610717773
VIXCLSx,2007-03-31,10.021550178527832,11.287203788757324,15.645940780639648,23.481672286987305,27.221704483032227
VIXCLSx,2007-04-30,11.05381965637207,11.939553260803223,16.677139282226562,25.486223220825195,28.415916442871094
W875RX1,2005-05-31,-0.0068376706913113594,-0.00077910232357680798,0.0027513029053807259,0.0059181833639740944,0.0062301098369061947
W875RX1,2005-06-30,-0.001685235183686018,-0.00097689847461879253,0.0024949756916612387,0.0073883379809558392,0.0095488615334033966
W875RX1,2005-07-31,-0.0036647510714828968,-0.0020078264642506838,0.0023869199212640524,0.0067435028031468391,0.010549298487603664
W875RX1,2005-08-31,-0.003685816889628768,-0.0027878182008862495,0.0021003414876759052,0.0067824912257492542,0.0074952607974410057
W875RX1,2005-09-30,-0.0066835409961640835,-0.0024344867561012506,0.0024931724183261395,0.006999102421104908,0.0087334904819726944
W875RX1,2005-10-31,-0.0030641055200248957,-0.0016509889392182231,0.0025443504564464092,0.0059123681858181953,0.0070338859222829342
W875RX1,2005-11-30,-0.0042306599207222462,-0.0017454042099416256,0.0027186097577214241,0.0076305251568555832,0.0093655791133642197
W875RX1,2005-12-31,-0.0019254568032920361,-0.00071509595727548003,0.0032972190529108047,0.0071157161146402359,0.0081951925531029701
W875RX1,2006-01-31,-0.0034325006417930126,-0.0019506622338667512,0.0029202699661254883,0.0075242482125759125,0.010963530279695988
W875RX1,2006-02-28,-0.0069937733933329582,-0.0030766206327825785,0.002933642128482461,0.0070460326969623566,0.0076648988761007786
W875RX1,2006-03-31,-0.0045316205359995365,-0.0017598882550373673,0.0032552247866988182,0.010670831426978111,0.012950832024216652
W875RX1,2006-04-30,-0.0020468137226998806,-0.0016418097075074911,0.0026811040006577969,0.0070915473625063896,0.0088648246601223946
W875RX1,2006-05-31,-0.0028076097369194031,-0.0018122934270650148,0.0026074796915054321,0.007170806173235178,0.0085946833714842796
W875RX1,2006-06-30,-0.0020062597468495369,-0.0017232870450243354,0.0020350264385342598,0.0065551712177693844,0.0080189546570181847
W875RX1,2006-07-31,-0.015639811754226685,-0.0046359174884855747,0.0023805617820471525,0.0069569302722811699,0.0089563252404332161
W875RX1,2006-08-31,-0.0063033741898834705,-0.002215149812400341,0.0025185572449117899,0.0070143486373126507,0.0091969529166817665
W875RX1,2006-09-30,-0.0075077293440699577,-0.0028204645495861769,0.0021674712188541889,0.0067323022522032261,0.0086031975224614143
W875RX1,2006-10-31,-0.0041871760040521622,-0.0024602930061519146,0.0022660312242805958,0.0070721139200031757,0.0080783478915691376
W875RX1,2006-11-30,-0.016689907759428024,-0.0025090486742556095,0.0026299934834241867,0.0066034584306180477,0.0087468661367893219
W875RX1,2006-12-31,-0.0027872791979461908,-0.0013712263898923993,0.0036791444290429354,0.0083603058010339737,0.010721399448812008
W875RX1,2007-01-31,-0.0038014170713722706,-0.0024045195896178484,0.0026673860847949982,0.0075215985998511314,0.0094484817236661911
W875RX1,2007-02-28,-0.0053131901659071445,-0.0030781407840549946,0.002711734501644969,0.007497148122638464,0.0086488677188754082
W875RX1,2007-03-31,-0.0065566697157919407,-0.002082903403788805,0.0018481083679944277,0.0072141014970839024,0.0090516796335577965
W875RX1,2007-04-30,-0.0051202895119786263,-0.0023224507458508015,0.0029213638044893742,0.0075703016482293606,0.0093163726851344109
WPSFD49207,2005-05-31,-0.0087424255907535553,-0.0054754787124693394,0.00039621474570594728,0.0058869523927569389,0.0073846406303346157
WPSFD49207,2005-06-30,-0.0072310743853449821,-0.0060072881169617176,0.0014790270943194628,0.0061426060274243355,0.0073278341442346573
WPSFD49207,2005-07-31,-0.011389667168259621,-0.0080306585878133774,-0.00015090228407643735,0.0053962250240147114,0.0071272403001785278
WPSFD49207,2005-08-31,-0.0072334893047809601,-0.0058709173463284969,-0.00018315479974262416,0.0063304565846920013,0.0085696754977107048
WPSFD49207,2005-09-30,-0.0076876594685018063,-0.0065053706057369709,0.0003350498154759407,0.0057581551373004913,0.0071032801643013954
WPSFD49207,2005-10-31,-0.011102492921054363,-0.0088487276807427406,-0.00065391685348004103,0.0052889552898705006,0.0069715999998152256
WPSFD49207,2005-11-30,-0.0075041563250124454,-0.0046508531086146832,0.00033071078360080719,0.0074212346225976944,0.0093011679127812386
WPSFD49207,2005-12-31,-0.010068534873425961,-0.0078073241747915745,-0.00036469608312472701,0.0061270329169929028,0.0088168913498520851
WPSFD49207,2006-01-31,-0.0087002534419298172,-0.0055549810640513897,0.0010093646124005318,0.0098688052967190742,0.011038492433726788
WPSFD49207,2006-02-28,-0.0092164203524589539,-0.0072220005095005035,-0.00049144262447953224,0.0054503805004060268,0.0082952901721000671
WPSFD49207,2006-03-31,-0.0086128627881407738,-0.0067954058758914471,-0.00047368800733238459,0.0057739852927625179,0.0081895859912037849
WPSFD49207,2006-04-30,-0.011357523500919342,-0.0065396814607083797,9.9573720945045352e-05,0.0067119672894477844,0.0078569408506155014
WPSFD49207,2006-05-31,-0.010035411454737186,-0.006907507311552763,-0.00029547774465754628,0.0055005145259201527,0.0068672359921038151
WPSFD49207,2006-06-30,-0.010324519127607346,-0.0069269174709916115,0.00097809883300215006,0.0065157231874763966,0.0079330066218972206
WPSFD49207,2006-07-31,-0.0092751756310462952,-0.0078303329646587372,-3.1063180358614773e-05,0.005548201035708189,0.0076169148087501526
WPSFD49207,2006-08-31,-0.011511541903018951,-0.0073985918425023556,-0.0012053642421960831,0.0036891468334943056,0.0059327017515897751
WPSFD49207,2006-09-30,-0.0076965326443314552,-0.0058954125270247459,1.0206247679889202e-05,0.0053075756877660751,0.0081116016954183578
WPSFD49207,2006-10-31,-0.0072365421801805496,-0.0065287640318274498,0.0005506143206730485,0.0066527118906378746,0.0088738491758704185
WPSFD49207,2006-11-30,-0.010025721974670887,-0.0082999160513281822,-0.00059777253773063421,0.0060455827042460442,0.0065738940611481667
WPSFD49207,2006-12-31,-0.010595603846013546,-0.0081572439521551132,0.0008085174486041069,0.0062036430463194847,0.0081519773229956627
WPSFD49207,2007-01-31,-0.010830715298652649,-0.0076451930217444897,-0.00068385608028620481,0.0058228364214301109,0.0078378617763519287
WPSFD49207,2007-02-28,-0.0072765727527439594,-0.0061840633861720562,-0.00081594125367701054,0.0049001132138073444,0.0066264709457755089
WPSFD49207,2007-03-31,-0.0091000776737928391,-0.0077140112407505512,-0.0010440724436193705,0.0069677582941949368,0.0082395011559128761
WPSFD49207,2007-04-30,-0.010058088228106499,-0.0070675695315003395,0.0020577188115566969,0.0084047159180045128,0.010471167974174023
WPSFD49502,2005-05-31,-0.011017418466508389,-0.0083817616105079651,-0.00090690230717882514,0.0057986732572317123,0.0083374427631497383
WPSFD49502,2005-06-30,-0.0074867866933345795,-0.0057113375514745712,0.0010705051245167851,0.0083405794575810432,0.010388684459030628
WPSFD49502,2005-07-31,-0.013585244305431843,-0.010273168794810772,-0.00054502615239471197,0.0071037746965885162,0.010931827127933502
WPSFD49502,2005-08-31,-0.0076928087510168552,-0.0055984091013669968,0.0025374572724103928,0.010556928813457489,0.012803967110812664
WPSFD49502,2005-09-30,-0.012580287642776966,-0.0088668270036578178,-0.00048909656470641494,0.006990860216319561,0.0083421673625707626
WPSFD49502,2005-10-31,-0.016580013558268547,-0.011989450082182884,-0.0018473195377737284,0.0047070439904928207,0.0066535542719066143
WPSFD49502,2005-11-30,-0.0094696851447224617,-0.0065407860092818737,7.6059317507315427e-05,0.0074694338254630566,0.0099289547652006149
WPSFD49502,2005-12-31,-0.011368971318006516,-0.0072163539007306099,0.00077605422120541334,0.0091637242585420609,0.012136292643845081
WPSFD49502,2006-01-31,-0.011825881898403168,-0.010769161395728588,-1.0222312994301319e-05,0.0074907662346959114,0.010111579671502113
WPSFD49502,2006-02-28,-0.012901326641440392,-0.0097869224846363068,-0.00087591569172218442,0.006452181376516819,0.0078720860183238983
WPSFD49502,2006-03-31,-0.012417019344866276,-0.0084866741672158241,-0.001374460756778717,0.0055549549870193005,0.0068014911375939846
WPSFD49502,2006-04-30,-0.011195589788258076,-0.0090899169445037842,-0.00041387235978618264,0.0075584766454994678,0.010079219006001949
WPSFD49502,2006-05-31,-0.013291060924530029,-0.0096088899299502373,0.00036062579602003098,0.0077674933709204197,0.010310288518667221
WPSFD49502,2006-06-30,-0.011440498754382133,-0.0086458791047334671,0.00032849074341356754,0.0097804982215166092,0.011587144806981087
WPSFD49502,2006-07-31,-0.011531895026564598,-0.0091837448999285698,0.00061431818176060915,0.0086033791303634644,0.010881887748837471
WPSFD49502,2006-08-31,-0.014511323533952236,-0.011798877269029617,-0.0019399755401536822,0.0056824353523552418,0.0082995854318141937
WPSFD49502,2006-09-30,-0.0077361017465591431,-0.0068596545606851578,0.0016468333778902888,0.0090403687208890915,0.014166397973895073
WPSFD49502,2006-10-31,-0.011076043359935284,-0.0073696160688996315,6.9795001763850451e-05,0.0076193604618310928,0.01121869683265686
WPSFD49502,2006-11-30,-0.012141728773713112,-0.0091363145038485527,0.00049784500151872635,0.0095667764544487,0.011770915240049362
WPSFD49502,2006-12-31,-0.010742056183516979,-0.0097074750810861588,-0.00025846419157460332,0.0063132378272712231,0.0077433413825929165
WPSFD49502,2007-01-31,-0.011305450461804867,-0.0071006161160767078,-0.0010893098078668118,0.0065332381054759026,0.0084631917998194695
WPSFD49502,2007-02-28,-0.013093645684421062,-0.009000125341117382,-0.00043821253348141909,0.0061609027907252312,0.0098312469199299812
WPSFD49502,2007-03-31,-0.012313831597566605,-0.0089624524116516113,-0.0003296197101008147,0.0053430586121976376,0.0095738926902413368
WPSFD49502,2007-04-30,-0.0091729797422885895,-0.0068645286373794079,7.6484910096041858e-05,0.0067991414107382298,0.011669695377349854
WPSID61,2005-05-31,-0.0076139247976243496,-0.0064346399158239365,-0.00029592495411634445,0.0046962201595306396,0.0069300848990678787
WPSID61,2005-06-30,-0.008401152677834034,-0.0048979832790791988,0.0025720954872667789,0.011326522566378117,0.013376498594880104
WPSID61,2005-07-31,-0.010316259227693081,-0.0068808253854513168,-0.00025540689239278436,0.0052976575680077076,0.0064605730585753918
WPSID61,2005-08-31,-0.0092128990218043327,-0.0061697345227003098,0.0010006316006183624,0.0089548956602811813,0.012029374018311501
WPSID61,2005-09-30,-0.012191884219646454,-0.0087374476715922356,-0.00028801546432077885,0.0063356319442391396,0.010395651683211327
WPSID61,2005-10-31,-0.0134778693318367,-0.010322503745555878,-0.0012350340839475393,0.0046190042048692703,0.0069349799305200577
WPSID61,2005-11-30,-0.0083566773682832718,-0.0055695907212793827,0.00025239723618142307,0.0074251624755561352,0.0093615297228097916
WPSID61,2005-12-31,-0.0093384096398949623,-0.0074117318727076054,0.00025140613433904946,0.0068146516568958759,0.010023253038525581
WPSID61,2006-01-31,-0.0083341794088482857,-0.0061663896776735783,0.00096963252872228622,0.0071653639897704124,0.0097912373021245003
WPSID61,2006-02-28,-0.0096767107024788857,-0.0075203590095043182,-0.0010498971678316593,0.0050916201435029507,0.0067899487912654877
WPSID61,2006-03-31,-0.010932799428701401,-0.0072322986088693142,-0.00037387665361166,0.0048175826668739319,0.0061224722303450108
WPSID61,2006-04-30,-0.010081276297569275,-0.0071364589966833591,-0.00012862920993939042,0.0057727866806089878,0.0066717732697725296
WPSID61,2006-05-31,-0.010140011087059975,-0.0057976087555289268,0.0001789262896636501,0.0093307662755250931,0.011698327027261257
WPSID61,2006-06-30,-0.0081312423571944237,-0.0063622607849538326,2.6935071218758821e-05,0.0072943451814353466,0.0093300351873040199
WPSID61,2006-07-31,-0.0082267289981245995,-0.0068548386916518211,3.0424125725403428e-05,0.0061397110112011433,0.0076665459200739861
WPSID61,2006-08-31,-0.0098062492907047272,-0.0074526634998619556,-0.0015186911914497614,0.0045106583274900913,0.0058242171071469784
WPSID61,2006-09-30,-0.0098639922216534615,-0.0066648190841078758,0.00024344207486137748,0.0062477365136146545,0.0090363277122378349
WPSID61,2006-10-31,-0.0090902755036950111,-0.0068158442154526711,-0.00063239410519599915,0.0066209333017468452,0.010480301454663277
WPSID61,2006-11-30,-0.010365547612309456,-0.0072586969472467899,-0.00022853395785205066,0.0071641728281974792,0.010905021801590919
WPSID61,2006-12-31,-0.014367769472301006,-0.0096763642504811287,-0.0012185343075543642,0.0064443117007613182,0.0092388791963458061
WPSID61,2007-01-31,-0.010838057845830917,-0.0090817641466856003,-0.00093189004110172391,0.0053264005109667778,0.0075318971648812294
WPSID61,2007-02-28,-0.0078434441238641739,-0.005874148104339838,-0.0010823695920407772,0.0060444772243499756,0.0092818057164549828
WPSID61,2007-03-31,-0.010229269042611122,-0.0086653735488653183,-0.00044964061817154288,0.0080217663198709488,0.010178741067647934
WPSID61,2007-04-30,-0.0076701045036315918,-0.0055723618716001511,0.00046168075641617179,0.0072597754187881947,0.011955323629081249
WPSID62,2005-05-31,-0.082240670919418335,-0.064294144511222839,-0.012166320346295834,0.022208038717508316,0.034117061644792557
WPSID62,2005-06-30,-0.057232856750488281,-0.04712376743555069,0.001678552245721221,0.048155713826417923,0.064842239022254944
WPSID62,2005-07-31,-0.075251273810863495,-0.052724499255418777,0.0044111683964729309,0.047268517315387726,0.071875445544719696
WPSID62,2005-08-31,-0.072330847382545471,-0.038869280368089676,0.016867619007825851,0.062405291944742203,0.078760653734207153
WPSID62,2005-09-30,-0.063563153147697449,-0.044825538992881775,0.0032347054220736027,0.051455099135637283,0.074094697833061218
WPSID62,2005-10-31,-0.059973832219839096,-0.045694686472415924,-0.0065201176330447197,0.036785751581192017,0.043739646673202515
WPSID62,2005-11-30,-0.08126436173915863,-0.058217901736497879,-0.0023933243937790394,0.037061441689729691,0.060552380979061127
WPSID62,2005-12-31,-0.05707128718495369,-0.046002358198165894,-0.0014522850979119539,0.042445115745067596,0.078084103763103485
WPSID62,2006-01-31,-0.050532285124063492,-0.037597455084323883,0.0077420575544238091,0.054936107248067856,0.079781517386436462
WPSID62,2006-02-28,-0.076673045754432678,-0.049210097640752792,-0.005134211853146553,0.035670984536409378,0.053669992834329605
WPSID62,2006-03-31,-0.09052470326423645,-0.066299118101596832,-0.0049564465880393982,0.033695712685585022,0.039867982268333435
WPSID62,2006-04-30,-0.042793639004230499,-0.030366228893399239,0.0041633858345448971,0.047348346561193466,0.059724651277065277
WPSID62,2006-05-31,-0.054197836667299271,-0.037234485149383545,0.0067487307824194431,0.060721110552549362,0.067503876984119415
WPSID62,2006-06-30,-0.060000211000442505,-0.042417094111442566,0.0011822811793535948,0.056414786726236343,0.069793440401554108
WPSID62,2006-07-31,-0.048297733068466187,-0.031649656593799591,0.0071882661432027817,0.048501219600439072,0.064584642648696899
WPSID62,2006-08-31,-0.065074332058429718,-0.045455947518348694,-0.0020512712653726339,0.039190243929624557,0.059200216084718704
WPSID62,2006-09-30,-0.067909538745880127,-0.049277056008577347,-0.0041356519795954227,0.048146039247512817,0.060492329299449921
WPSID62,2006-10-31,-0.050075560808181763,-0.039496015757322311,0.0057519339025020599,0.047512702643871307,0.068986296653747559
WPSID62,2006-11-30,-0.067384243011474609,-0.046621739864349365,-0.00087738235015422106,0.046334542334079742,0.062846705317497253
WPSID62,2006-12-31,-0.041210193186998367,-0.032439138740301132,0.0035177865065634251,0.047318562865257263,0.05933794379234314
WPSID62,2007-01-31,-0.056221194565296173,-0.042282026261091232,0.0018061762675642967,0.044748209416866302,0.062737174332141876
WPSID62,2007-02-28,-0.063415974378585815,-0.054316550493240356,-0.0088474880903959274,0.034430563449859619,0.043556153774261475
WPSID62,2007-03-31,-0.060113847255706787,-0.04384709894657135,0.004274195060133934,0.051477827131748199,0.070652671158313751
WPSID62,2007-04-30,-0.069102548062801361,-0.0483233742415905,0.0038725312333554029,0.051335200667381287,0.061870519071817398
