unique_id,ds,Toto-q-5,Toto-q-10,Toto-q-50,Toto-q-90,Toto-q-95
AAA,2014-10-31,-0.26960888504981995,-0.15919514000415802,0.001725735142827034,0.22853632271289825,0.26931020617485046
AAA,2014-11-30,-0.2199338972568512,-0.16221904754638672,0.0099767446517944336,0.22157961130142212,0.27037009596824646
AAA,2014-12-31,-0.27269047498703003,-0.23557150363922119,-0.027377855032682419,0.21365232765674591,0.3344496488571167
AAA,2015-01-31,-0.19057750701904297,-0.17048269510269165,-0.026729429140686989,0.12894810736179352,0.17959749698638916
AAA,2015-02-28,-0.32216364145278931,-0.2164154052734375,-0.032841071486473083,0.24341171979904175,0.29356288909912109
AAA,2015-03-31,-0.24709804356098175,-0.17501832544803619,0.0016114502213895321,0.19707806408405304,0.27407535910606384
AAA,2015-04-30,-0.28640934824943542,-0.22931893169879913,-0.020167745649814606,0.23614902794361115,0.29348543286323547
AAA,2015-05-31,-0.31039217114448547,-0.21045650541782379,-0.024106532335281372,0.19659638404846191,0.23132787644863129
AAA,2015-06-30,-0.46282514929771423,-0.21276606619358063,-0.022881723940372467,0.15813659131526947,0.21717774868011475
AAA,2015-07-31,-0.22723755240440369,-0.18303905427455902,-0.020070437341928482,0.14316964149475098,0.20132377743721008
AAA,2015-08-31,-0.26819115877151489,-0.21351815760135651,-0.022690057754516602,0.16866929829120636,0.21912477910518646
AAA,2015-09-30,-0.2230699360370636,-0.1810762882232666,-0.0095425862818956375,0.19023528695106506,0.26862823963165283
AAA,2015-10-31,-0.34168717265129089,-0.22241945564746857,-0.0021887258626520634,0.18526053428649902,0.28527179360389709
AAA,2015-11-30,-0.408479243516922,-0.28254055976867676,-0.032268460839986801,0.17656128108501434,0.24704001843929291
AAA,2015-12-31,-0.25407075881958008,-0.1644805371761322,0.015359585173428059,0.22962740063667297,0.27708941698074341
AAA,2016-01-31,-0.2444295734167099,-0.21217541396617889,0.022512234747409821,0.20805971324443817,0.27377215027809143
AAA,2016-02-29,-0.31278067827224731,-0.23214127123355865,0.018960133194923401,0.22079680860042572,0.27730709314346313
AAA,2016-03-31,-0.32386815547943115,-0.26252123713493347,-0.017010379582643509,0.20003977417945862,0.2524007260799408
AAA,2016-04-30,-0.23044015467166901,-0.19854240119457245,-0.035617128014564514,0.17256547510623932,0.25410366058349609
AAA,2016-05-31,-0.23659753799438477,-0.13471929728984833,-0.0090498728677630424,0.198199063539505,0.22594717144966125
AAA,2016-06-30,-0.35053360462188721,-0.23586076498031616,-0.014044489711523056,0.16554804146289825,0.21516959369182587
AAA,2016-07-31,-0.31540903449058533,-0.2184748649597168,0.0081314044073224068,0.22680449485778809,0.3154468834400177
AAA,2016-08-31,-0.28254333138465881,-0.19709360599517822,0.0086213620379567146,0.18839852511882782,0.24285909533500671
AAA,2016-09-30,-0.4499935507774353,-0.31948262453079224,-0.031565070152282715,0.17877614498138428,0.24509423971176147
AAAFFM,2014-10-31,3.7670130729675293,3.8907029628753662,4.0419015884399414,4.1882615089416504,4.2584543228149414
AAAFFM,2014-11-30,3.3709509372711182,3.5461001396179199,4.0128974914550781,4.2989873886108398,4.4017605781555176
AAAFFM,2014-12-31,3.3400635719299316,3.5069053173065186,4.0213470458984375,4.369147777557373,4.5633578300476074
AAAFFM,2015-01-31,3.2150089740753174,3.4677302837371826,4.0571479797363281,4.496739387512207,4.5843472480773926
AAAFFM,2015-02-28,2.9566450119018555,3.1230213642120361,3.9763083457946777,4.7755336761474609,4.9485630989074707
AAAFFM,2015-03-31,2.7835776805877686,3.2127599716186523,3.8565189838409424,4.6864871978759766,4.8110241889953613
AAAFFM,2015-04-30,2.7520420551300049,2.978255033493042,3.8884453773498535,4.5399751663208008,4.8004441261291504
AAAFFM,2015-05-31,2.7687969207763672,3.1988925933837891,3.8413209915161133,4.8010401725769043,5.0811882019042969
AAAFFM,2015-06-30,2.535900354385376,2.841984748840332,3.8775420188903809,4.6802215576171875,5.0272994041442871
AAAFFM,2015-07-31,2.340695858001709,2.8632340431213379,3.8366317749023438,4.6455221176147461,5.1512451171875
AAAFFM,2015-08-31,2.2708051204681396,2.6479713916778564,3.7200720310211182,4.8314785957336426,5.0410642623901367
AAAFFM,2015-09-30,2.5274174213409424,2.7626736164093018,3.7440593242645264,4.8621792793273926,5.159029483795166
AAAFFM,2015-10-31,2.2690830230712891,2.7964737415313721,3.6891453266143799,4.7503795623779297,5.1400327682495117
AAAFFM,2015-11-30,1.1893340349197388,2.2241365909576416,3.6553061008453369,4.6772007942199707,4.8360133171081543
AAAFFM,2015-12-31,0.99115252494812012,1.8252116441726685,3.6991522312164307,4.5268435478210449,4.9298133850097656
AAAFFM,2016-01-31,0.73401528596878052,1.5753858089447021,3.731276273727417,4.8819875717163086,5.381075382232666
AAAFFM,2016-02-29,1.9048401117324829,2.5039317607879639,3.7359375953674316,4.645655632019043,5.098975658416748
AAAFFM,2016-03-31,1.0258117914199829,1.8103208541870117,3.4918720722198486,4.897181510925293,5.1583852767944336
AAAFFM,2016-04-30,1.4163360595703125,1.8699727058410645,3.3484153747558594,4.6972594261169434,5.1480660438537598
AAAFFM,2016-05-31,1.3153982162475586,1.7238790988922119,3.6681485176086426,4.9504714012145996,5.2615513801574707
AAAFFM,2016-06-30,0.82750934362411499,1.3014096021652222,3.4425060749053955,4.9233989715576172,5.3027238845825195
AAAFFM,2016-07-31,1.0157907009124756,1.7532278299331665,3.4262843132019043,4.6800098419189453,4.9349145889282227
AAAFFM,2016-08-31,0.36923640966415405,1.406471848487854,3.5402464866638184,4.868412971496582,5.1396274566650391
AAAFFM,2016-09-30,1.0233054161071777,1.3093630075454712,3.3983089923858643,4.6554632186889648,5.0250372886657715
ACOGNO,2014-10-31,-0.021817641332745552,-0.011679632589221001,0.005226493813097477,0.025415824726223946,0.030073286965489388
ACOGNO,2014-11-30,-0.028355658054351807,-0.01850966177880764,0.0037402487359941006,0.019086949527263641,0.021831797435879707
ACOGNO,2014-12-31,-0.030387332662940025,-0.015008070506155491,0.0036940367426723242,0.020614497363567352,0.026463627815246582
ACOGNO,2015-01-31,-0.028623303398489952,-0.022455973550677299,0.00075083132833242416,0.026398973539471626,0.030870774760842323
ACOGNO,2015-02-28,-0.023924965411424637,-0.018339551985263824,0.0040780236013233662,0.028706410899758339,0.032611295580863953
ACOGNO,2015-03-31,-0.025277696549892426,-0.020736610516905785,0.0023907397408038378,0.024757836014032364,0.031078318133950233
ACOGNO,2015-04-30,-0.023375134915113449,-0.018931023776531219,0.0041420883499085903,0.023696623742580414,0.029778342694044113
ACOGNO,2015-05-31,-0.024314144626259804,-0.018953491002321243,0.0023225131444633007,0.022070959210395813,0.02681780606508255
ACOGNO,2015-06-30,-0.019503217190504074,-0.014868521131575108,0.0033369893208146095,0.025371484458446503,0.032404005527496338
ACOGNO,2015-07-31,-0.024928774684667587,-0.017991334199905396,0.0026285257190465927,0.027581851929426193,0.033353690057992935
ACOGNO,2015-08-31,-0.033874332904815674,-0.020919285714626312,0.0014905550051480532,0.019869739189743996,0.025471225380897522
ACOGNO,2015-09-30,-0.028372438624501228,-0.018029797822237015,0.0013601048849523067,0.024741876870393753,0.031525593250989914
ACOGNO,2015-10-31,-0.019127357751131058,-0.014029166661202908,0.0045306221581995487,0.031312309205532074,0.035889986902475357
ACOGNO,2015-11-30,-0.022387517616152763,-0.020728513598442078,0.0051465574651956558,0.023380875587463379,0.033938143402338028
ACOGNO,2015-12-31,-0.027958093211054802,-0.022102029994130135,0.0065100979991257191,0.027244701981544495,0.028937464579939842
ACOGNO,2016-01-31,-0.041957665234804153,-0.027213970199227333,0.0046051214449107647,0.022802840918302536,0.029241019859910011
ACOGNO,2016-02-29,-0.026834132149815559,-0.020893467590212822,0.0015680086798965931,0.024128144606947899,0.030821200460195541
ACOGNO,2016-03-31,-0.028237519785761833,-0.023317571729421616,0.0011655314592644572,0.021925864741206169,0.037832707166671753
ACOGNO,2016-04-30,-0.028078250586986542,-0.021509407088160515,0.003356946399435401,0.02223002165555954,0.028392596170306206
ACOGNO,2016-05-31,-0.029486685991287231,-0.020288575440645218,0.00045800348743796349,0.024609694257378578,0.033668693155050278
ACOGNO,2016-06-30,-0.035266328603029251,-0.021657232195138931,0.0017767592798918486,0.02206985279917717,0.032073024660348892
ACOGNO,2016-07-31,-0.029725708067417145,-0.015898067504167557,0.0055121034383773804,0.021320700645446777,0.03040921688079834
ACOGNO,2016-08-31,-0.026386838406324387,-0.021599214524030685,0.0014740875922143459,0.022934559732675552,0.028240451589226723
ACOGNO,2016-09-30,-0.024161102250218391,-0.018129877746105194,0.0039064353331923485,0.020553972572088242,0.026646237820386887
AMDMNOx,2014-10-31,-0.036418169736862183,-0.018881753087043762,0.014295776374638081,0.065277203917503357,0.089731737971305847
AMDMNOx,2014-11-30,-0.076757416129112244,-0.052389394491910934,0.0029919585213065147,0.04877045750617981,0.061561547219753265
AMDMNOx,2014-12-31,-0.076268002390861511,-0.056716069579124451,0.0084823817014694214,0.056966196745634079,0.067765370011329651
AMDMNOx,2015-01-31,-0.060297094285488129,-0.04920949786901474,0.011898194439709187,0.04489169642329216,0.057294756174087524
AMDMNOx,2015-02-28,-0.04498734325170517,-0.027582366019487381,0.0065800677984952927,0.05631464347243309,0.071989148855209351
AMDMNOx,2015-03-31,-0.063130058348178864,-0.04304957389831543,0.0012124509084969759,0.045587398111820221,0.053552418947219849
AMDMNOx,2015-04-30,-0.067540504038333893,-0.043993715196847916,0.0083685871213674545,0.048311792314052582,0.062890976667404175
AMDMNOx,2015-05-31,-0.04710504412651062,-0.038325831294059753,0.015028748661279678,0.059198066592216492,0.073193639516830444
AMDMNOx,2015-06-30,-0.062754333019256592,-0.04150034487247467,0.0041669183410704136,0.047613855451345444,0.062707923352718353
AMDMNOx,2015-07-31,-0.054309450089931488,-0.045423448085784912,0.002874953206628561,0.055731557309627533,0.065120719373226166
AMDMNOx,2015-08-31,-0.067033000290393829,-0.048321295529603958,0.0013918443582952023,0.043023690581321716,0.052779898047447205
AMDMNOx,2015-09-30,-0.064849667251110077,-0.041165791451931,0.0022586612030863762,0.050756808370351791,0.061109375208616257
AMDMNOx,2015-10-31,-0.07556692510843277,-0.048901375383138657,0.0032492163591086864,0.048602692782878876,0.071937277913093567
AMDMNOx,2015-11-30,-0.040052171796560287,-0.025950158014893532,0.0083237309008836746,0.050914593040943146,0.076657317578792572
AMDMNOx,2015-12-31,-0.042971089482307434,-0.031269636005163193,0.007657947950065136,0.050752922892570496,0.079249277710914612
AMDMNOx,2016-01-31,-0.075139716267585754,-0.048322279006242752,0.007996637374162674,0.048026431351900101,0.05655897781252861
AMDMNOx,2016-02-29,-0.066412299871444702,-0.046122871339321136,0.00093907362315803766,0.042098101228475571,0.054416265338659286
AMDMNOx,2016-03-31,-0.062527701258659363,-0.046878959983587265,0.0075382431969046593,0.057219520211219788,0.075598619878292084
AMDMNOx,2016-04-30,-0.04427013173699379,-0.030916478484869003,0.0075329942628741264,0.055417716503143311,0.064258001744747162
AMDMNOx,2016-05-31,-0.043878220021724701,-0.030031012371182442,0.011543436907231808,0.049252066761255264,0.076546363532543182
AMDMNOx,2016-06-30,-0.042258154600858688,-0.031080208718776703,0.0094083640724420547,0.055061794817447662,0.07629307359457016
AMDMNOx,2016-07-31,-0.077592171728610992,-0.051683962345123291,0.0051956009119749069,0.04835820198059082,0.06568630039691925
AMDMNOx,2016-08-31,-0.049900315701961517,-0.033577121794223785,0.00073825707659125328,0.048353236168622971,0.056045420467853546
AMDMNOx,2016-09-30,-0.048041965812444687,-0.030587352812290192,0.01307275053113699,0.058481954038143158,0.074331685900688171
AMDMUOx,2014-10-31,-0.0059955772012472153,-0.002107646781951189,0.0039104018360376358,0.01345863938331604,0.017074961215257645
AMDMUOx,2014-11-30,-0.0050699887797236443,-0.0023189985658973455,0.0072353528812527657,0.015981543809175491,0.019512854516506195
AMDMUOx,2014-12-31,-0.0054869032464921474,-0.0033036607783287764,0.0057729976251721382,0.013176605105400085,0.014725654385983944
AMDMUOx,2015-01-31,-0.005639304406940937,-0.0027201259508728981,0.0055639846250414848,0.014178882353007793,0.016688909381628036
AMDMUOx,2015-02-28,-0.0093105873093008995,-0.0046203462406992912,0.0039533600211143494,0.013574713841080666,0.015320765785872936
AMDMUOx,2015-03-31,-0.006719476543366909,-0.004599238745868206,0.0038669663481414318,0.015909474343061447,0.020881609991192818
AMDMUOx,2015-04-30,-0.0056718038395047188,-0.0042143599130213261,0.0066481214016675949,0.013714393600821495,0.017701296135783195
AMDMUOx,2015-05-31,-0.010761051438748837,-0.0052492339164018631,0.0050968145951628685,0.01540177408605814,0.019453955814242363
AMDMUOx,2015-06-30,-0.006726542953401804,-0.0036179961171001196,0.0067028002813458443,0.015097101218998432,0.017856186255812645
AMDMUOx,2015-07-31,-0.0083376271650195122,-0.004476458765566349,0.0040219640359282494,0.013092577457427979,0.015907043591141701
AMDMUOx,2015-08-31,-0.0058244946412742138,-0.0021423888392746449,0.0067941909655928612,0.014556905254721642,0.018622955307364464
AMDMUOx,2015-09-30,-0.0040593049488961697,-0.0027692716103047132,0.0074275396764278412,0.016614502295851707,0.021068474277853966
AMDMUOx,2015-10-31,-0.0067362864501774311,-0.004653015173971653,0.0058754719793796539,0.01749085821211338,0.020738398656249046
AMDMUOx,2015-11-30,-0.008104800246655941,-0.004382655955851078,0.0058166901580989361,0.0144604267552495,0.020900603383779526
AMDMUOx,2015-12-31,-0.011490879580378532,-0.0075164525769650936,0.0057086693122982979,0.016103053465485573,0.019879428669810295
AMDMUOx,2016-01-31,-0.010955599136650562,-0.0070866444148123264,0.0048222597688436508,0.016008991748094559,0.018560824915766716
AMDMUOx,2016-02-29,-0.0094281891360878944,-0.007160356268286705,0.0045770611613988876,0.017663354054093361,0.019977200776338577
AMDMUOx,2016-03-31,-0.0086785024031996727,-0.0050589228048920631,0.0061169937252998352,0.018385527655482292,0.024058690294623375
AMDMUOx,2016-04-30,-0.0069591766223311424,-0.0040552453137934208,0.0054956944659352303,0.015489501878619194,0.017080308869481087
AMDMUOx,2016-05-31,-0.0095312939956784248,-0.0051371059380471706,0.0065074092708528042,0.01592683233320713,0.019102003425359726
AMDMUOx,2016-06-30,-0.0097321541979908943,-0.0061478051356971264,0.0058811753988265991,0.020307978615164757,0.025492865592241287
AMDMUOx,2016-07-31,-0.01135919988155365,-0.0076998248696327209,0.0045218123123049736,0.015520887449383736,0.019456235691905022
AMDMUOx,2016-08-31,-0.0057687433436512947,-0.0035420733038336039,0.0048123253509402275,0.016623036935925484,0.01864289678633213
AMDMUOx,2016-09-30,-0.010806134901940823,-0.0070169046521186829,0.0053918156772851944,0.016603928059339523,0.022499220445752144
ANDENOx,2014-10-31,-0.097842253744602203,-0.073852308094501495,0.035492494702339172,0.12738718092441559,0.15398353338241577
ANDENOx,2014-11-30,-0.19389472901821136,-0.1022309735417366,-0.0045921024866402149,0.11491845548152924,0.18864037096500397
ANDENOx,2014-12-31,-0.12909556925296783,-0.095041625201702118,-0.0022483861539512873,0.10919216275215149,0.22432045638561249
ANDENOx,2015-01-31,-0.20968346297740936,-0.12442159652709961,0.0062681594863533974,0.14507950842380524,0.17665101587772369
ANDENOx,2015-02-28,-0.12527032196521759,-0.091300100088119507,0.0059680771082639694,0.10238830745220184,0.18325500190258026
ANDENOx,2015-03-31,-0.12602598965167999,-0.10223191976547241,-0.011289349757134914,0.11198985576629639,0.16235440969467163
ANDENOx,2015-04-30,-0.13054485619068146,-0.1071157306432724,0.0087128337472677231,0.11806605011224747,0.16548676788806915
ANDENOx,2015-05-31,-0.095797590911388397,-0.07004847377538681,0.020531585440039635,0.11021998524665833,0.18487507104873657
ANDENOx,2015-06-30,-0.17336823046207428,-0.11410451680421829,0.013050642795860767,0.1192016527056694,0.1771060973405838
ANDENOx,2015-07-31,-0.12897111475467682,-0.092748291790485382,0.0046550305560231209,0.11932852119207382,0.15525892376899719
ANDENOx,2015-08-31,-0.1095440611243248,-0.088176026940345764,0.02611161395907402,0.15354171395301819,0.27799040079116821
ANDENOx,2015-09-30,-0.13021913170814514,-0.10113639384508133,0.0084377257153391838,0.11075733602046967,0.14232742786407471
ANDENOx,2015-10-31,-0.10958332568407059,-0.084358178079128265,0.0052200146019458771,0.094041012227535248,0.15066556632518768
ANDENOx,2015-11-30,-0.15308450162410736,-0.10741651058197021,0.012374153360724449,0.1115342304110527,0.1849764883518219
ANDENOx,2015-12-31,-0.13740368187427521,-0.099232196807861328,0.0076250182464718819,0.12418244779109955,0.18313610553741455
ANDENOx,2016-01-31,-0.12987002730369568,-0.10331406444311142,0.0064733228646218777,0.12322437018156052,0.14552578330039978
ANDENOx,2016-02-29,-0.096230313181877136,-0.083245441317558289,0.0043710349127650261,0.14343903958797455,0.17408420145511627
ANDENOx,2016-03-31,-0.12761259078979492,-0.10280422121286392,0.0058342339470982552,0.11778397113084793,0.14358299970626831
ANDENOx,2016-04-30,-0.11680155247449875,-0.099019370973110199,0.0047098957002162933,0.11370810121297836,0.14822748303413391
ANDENOx,2016-05-31,-0.17838488519191742,-0.10363218933343887,-0.0076699014753103256,0.10539734363555908,0.12125658243894577
ANDENOx,2016-06-30,-0.11552564054727554,-0.091889373958110809,0.01275186613202095,0.12004145979881287,0.15393622219562531
ANDENOx,2016-07-31,-0.10586700588464737,-0.088651999831199646,0.012267936021089554,0.13018886744976044,0.18999661505222321
ANDENOx,2016-08-31,-0.13370156288146973,-0.085438594222068787,0.0032742931507527828,0.10545729845762253,0.17214547097682953
ANDENOx,2016-09-30,-0.13787631690502167,-0.10980629920959473,0.0098337726667523384,0.10734808444976807,0.12660835683345795
AWHMAN,2014-10-31,41.764350891113281,41.822650909423828,42.043678283691406,42.187446594238281,42.232624053955078
AWHMAN,2014-11-30,41.823055267333984,41.863624572753906,42.029029846191406,42.258945465087891,42.499340057373047
AWHMAN,2014-12-31,41.698257446289062,41.770973205566406,42.045768737792969,42.232437133789062,42.298294067382812
AWHMAN,2015-01-31,41.659549713134766,41.761741638183594,42.051139831542969,42.321460723876953,42.350181579589844
AWHMAN,2015-02-28,41.614784240722656,41.723655700683594,42.018547058105469,42.294788360595703,42.377765655517578
AWHMAN,2015-03-31,41.645725250244141,41.714694976806641,42.013362884521484,42.269294738769531,42.357093811035156
AWHMAN,2015-04-30,41.606391906738281,41.705848693847656,42.030029296875,42.293834686279297,42.394584655761719
AWHMAN,2015-05-31,41.491592407226562,41.650321960449219,42.017993927001953,42.318618774414062,42.465900421142578
AWHMAN,2015-06-30,41.401302337646484,41.576282501220703,41.987785339355469,42.414955139160156,42.576225280761719
AWHMAN,2015-07-31,41.47357177734375,41.659934997558594,41.964714050292969,42.298923492431641,42.408554077148438
AWHMAN,2015-08-31,41.376323699951172,41.503944396972656,41.937030792236328,42.306350708007812,42.374607086181641
AWHMAN,2015-09-30,41.390499114990234,41.565120697021484,41.979339599609375,42.318584442138672,42.392536163330078
AWHMAN,2015-10-31,41.162708282470703,41.397876739501953,41.919189453125,42.378940582275391,42.458660125732422
AWHMAN,2015-11-30,41.091304779052734,41.317741394042969,41.953788757324219,42.390895843505859,42.485984802246094
AWHMAN,2015-12-31,41.029937744140625,41.3438720703125,41.994110107421875,42.391143798828125,42.457794189453125
AWHMAN,2016-01-31,41.030506134033203,41.437103271484375,41.920692443847656,42.371902465820312,42.516361236572266
AWHMAN,2016-02-29,41.122230529785156,41.321022033691406,41.842735290527344,42.334537506103516,42.524745941162109
AWHMAN,2016-03-31,40.879070281982422,41.450122833251953,41.9781494140625,42.462787628173828,42.873401641845703
AWHMAN,2016-04-30,40.773876190185547,41.181564331054688,41.879592895507812,42.4749755859375,42.614990234375
AWHMAN,2016-05-31,41.121639251708984,41.272758483886719,41.929920196533203,42.544918060302734,42.720813751220703
AWHMAN,2016-06-30,40.405277252197266,41.221202850341797,41.917518615722656,42.566379547119141,42.696735382080078
AWHMAN,2016-07-31,40.92620849609375,41.238643646240234,41.892913818359375,42.372463226318359,42.686305999755859
AWHMAN,2016-08-31,40.422168731689453,41.134433746337891,41.884986877441406,42.576461791992188,42.679954528808594
AWHMAN,2016-09-30,41.083332061767578,41.348114013671875,41.900535583496094,42.393001556396484,42.476642608642578
AWOTMAN,2014-10-31,-0.16299869120121002,-0.10095097869634628,0.00022757996339350939,0.10039541125297546,0.19855155050754547
AWOTMAN,2014-11-30,-0.19996264576911926,-0.10130951553583145,0.00049533392302691936,0.10121661424636841,0.10219255834817886
AWOTMAN,2014-12-31,-0.2003546804189682,-0.10352876782417297,-8.6236861534416676e-05,0.10166610777378082,0.19706837832927704
AWOTMAN,2015-01-31,-0.2027207612991333,-0.13168148696422577,-0.00010040414053946733,0.10272073745727539,0.19970463216304779
AWOTMAN,2015-02-28,-0.19929035007953644,-0.10208329558372498,5.1096547394990921e-05,0.1007232666015625,0.1033129021525383
AWOTMAN,2015-03-31,-0.10374553501605988,-0.10120259970426559,0.00049409852363169193,0.10189751535654068,0.10403641313314438
AWOTMAN,2015-04-30,-0.19984894990921021,-0.10203765332698822,0.00034540332853794098,0.10213187336921692,0.20232796669006348
AWOTMAN,2015-05-31,-0.19912728667259216,-0.10169503092765808,0.00030881678685545921,0.10121726989746094,0.19768495857715607
AWOTMAN,2015-06-30,-0.20210796594619751,-0.19801057875156403,0.0014241568278521299,0.13133463263511658,0.20207673311233521
AWOTMAN,2015-07-31,-0.20052213966846466,-0.10221409797668457,0.00054103904403746128,0.19744758307933807,0.20049570500850677
AWOTMAN,2015-08-31,-0.19832964241504669,-0.10210863500833511,-8.5764797404408455e-05,0.10106571018695831,0.10350145399570465
AWOTMAN,2015-09-30,-0.19903603196144104,-0.10260412096977234,0.00017983000725507736,0.1020922064781189,0.1984899491071701
AWOTMAN,2015-10-31,-0.20058774948120117,-0.10148419439792633,0.00031357386615127325,0.19827990233898163,0.20260515809059143
AWOTMAN,2015-11-30,-0.20133718848228455,-0.10202706605195999,7.7316071838140488e-05,0.10064124315977097,0.10326151549816132
AWOTMAN,2015-12-31,-0.16501840949058533,-0.1008138433098793,0.00025057618040591478,0.10203292965888977,0.19898858666419983
AWOTMAN,2016-01-31,-0.19747629761695862,-0.10135022550821304,0.00041412224527448416,0.10157375782728195,0.20050133764743805
AWOTMAN,2016-02-29,-0.20052336156368256,-0.10254365205764771,0.00031093938741832972,0.10231948643922806,0.19781343638896942
AWOTMAN,2016-03-31,-0.2021612673997879,-0.10246780514717102,7.0593669079244137e-05,0.10288127511739731,0.20160432159900665
AWOTMAN,2016-04-30,-0.16430419683456421,-0.10083962231874466,0.0011217660503461957,0.19869472086429596,0.20025759935379028
AWOTMAN,2016-05-31,-0.20186719298362732,-0.10284967720508575,0.00017682614270597696,0.10128144919872284,0.19451694190502167
AWOTMAN,2016-06-30,-0.20168611407279968,-0.10076505690813065,0.00028932862915098667,0.10208459198474884,0.19629000127315521
AWOTMAN,2016-07-31,-0.20128034055233002,-0.13091672956943512,-0.00019601976964622736,0.1007375568151474,0.196690633893013
AWOTMAN,2016-08-31,-0.20024637877941132,-0.10171964019536972,0.001114267623052001,0.13124376535415649,0.19947429001331329
AWOTMAN,2016-09-30,-0.20217271149158478,-0.10314923524856567,-0.00086742546409368515,0.19677658379077911,0.20040661096572876
BAA,2014-10-31,-0.26305830478668213,-0.14705593883991241,0.013842642307281494,0.23508079349994659,0.35204425454139709
BAA,2014-11-30,-0.24494841694831848,-0.19239215552806854,-0.0016360045410692692,0.18801933526992798,0.21752478182315826
BAA,2014-12-31,-0.21959005296230316,-0.18837530910968781,-0.011585879139602184,0.17609851062297821,0.23307348787784576
BAA,2015-01-31,-0.28676289319992065,-0.21603956818580627,-0.011480655521154404,0.24304728209972382,0.28565326333045959
BAA,2015-02-28,-0.30541497468948364,-0.23339122533798218,-0.037153370678424835,0.25703263282775879,0.34816557168960571
BAA,2015-03-31,-0.23630607128143311,-0.18390180170536041,-0.026876486837863922,0.19339945912361145,0.25006145238876343
BAA,2015-04-30,-0.29956439137458801,-0.24342451989650726,-0.020815948024392128,0.20256662368774414,0.27573594450950623
BAA,2015-05-31,-0.32606998085975647,-0.23826113343238831,-0.013792360201478004,0.17342701554298401,0.25303426384925842
BAA,2015-06-30,-0.2422676682472229,-0.172653928399086,-0.0007760198786854744,0.20755545794963837,0.26768159866333008
BAA,2015-07-31,-0.22918885946273804,-0.18984872102737427,-0.0018814723007380962,0.2131175696849823,0.35739660263061523
BAA,2015-08-31,-0.40071576833724976,-0.23899129033088684,-0.011697636917233467,0.16742439568042755,0.23741520941257477
BAA,2015-09-30,-0.37401440739631653,-0.27133452892303467,-0.046875052154064178,0.1640266627073288,0.27429035305976868
BAA,2015-10-31,-0.22472323477268219,-0.18742628395557404,-0.026995737105607986,0.19255036115646362,0.28150177001953125
BAA,2015-11-30,-0.36044314503669739,-0.25547316670417786,-0.024416996166110039,0.20697769522666931,0.27460762858390808
BAA,2015-12-31,-0.24410592019557953,-0.19314846396446228,0.00090967887081205845,0.23604986071586609,0.32176324725151062
BAA,2016-01-31,-0.29412731528282166,-0.20471078157424927,-0.0025923612993210554,0.21490581333637238,0.32074519991874695
BAA,2016-02-29,-0.32993894815444946,-0.27265790104866028,-0.029094185680150986,0.22847805917263031,0.32446673512458801
BAA,2016-03-31,-0.22441022098064423,-0.17927694320678711,-5.6131277233362198e-05,0.16432146728038788,0.21137699484825134
BAA,2016-04-30,-0.26054039597511292,-0.2157740592956543,-0.027522856369614601,0.1816609799861908,0.29972416162490845
BAA,2016-05-31,-0.29237180948257446,-0.22616508603096008,-0.02878878265619278,0.19910389184951782,0.31658613681793213
BAA,2016-06-30,-0.25945103168487549,-0.19679734110832214,-0.0014657117426395416,0.22020012140274048,0.26161918044090271
BAA,2016-07-31,-0.35114029049873352,-0.25103989243507385,-0.042427178472280502,0.21205303072929382,0.27404835820198059
BAA,2016-08-31,-0.39914867281913757,-0.27338847517967224,-0.028039027005434036,0.14948074519634247,0.22034798562526703
BAA,2016-09-30,-0.34487304091453552,-0.25905346870422363,-0.016150783747434616,0.27215775847434998,0.35700029134750366
BAAFFM,2014-10-31,4.488863468170166,4.5443325042724609,4.7672147750854492,4.9819483757019043,5.0518455505371094
BAAFFM,2014-11-30,4.1986103057861328,4.302147388458252,4.7638301849365234,5.1784815788269043,5.2082371711730957
BAAFFM,2014-12-31,4.0096931457519531,4.2616457939147949,4.82623291015625,5.3307089805603027,5.4075651168823242
BAAFFM,2015-01-31,4.1700797080993652,4.327277660369873,4.8535685539245605,5.381218433380127,5.4817776679992676
BAAFFM,2015-02-28,4.1035418510437012,4.3346147537231445,4.8345074653625488,5.557075023651123,5.6700615882873535
BAAFFM,2015-03-31,3.6111390590667725,3.8004434108734131,4.7832951545715332,5.6567602157592773,6.0215311050415039
BAAFFM,2015-04-30,3.7008271217346191,4.0091509819030762,4.6517767906188965,5.5391392707824707,5.8300771713256836
BAAFFM,2015-05-31,3.4271788597106934,3.9206316471099854,4.6858601570129395,5.7449679374694824,6.0064907073974609
BAAFFM,2015-06-30,3.591386079788208,3.8393478393554688,4.741511344909668,5.7749309539794922,5.9789156913757324
BAAFFM,2015-07-31,3.1333179473876953,3.6020932197570801,4.6229925155639648,5.7240257263183594,6.0431900024414062
BAAFFM,2015-08-31,3.2503397464752197,3.6267828941345215,4.5432801246643066,5.8298659324645996,6.2741823196411133
BAAFFM,2015-09-30,2.7335641384124756,3.205998420715332,4.5185222625732422,5.6719522476196289,6.1224493980407715
BAAFFM,2015-10-31,2.4897575378417969,3.1525907516479492,4.6099357604980469,5.602849006652832,6.0317468643188477
BAAFFM,2015-11-30,2.4775810241699219,3.1627571582794189,4.608917236328125,5.6413750648498535,5.8813095092773438
BAAFFM,2015-12-31,1.7614454030990601,3.0079495906829834,4.6725664138793945,5.8186635971069336,6.4319400787353516
BAAFFM,2016-01-31,1.8311280012130737,2.2983267307281494,4.4436426162719727,5.8359718322753906,6.219090461730957
BAAFFM,2016-02-29,-0.065421797335147858,2.2554383277893066,4.3851981163024902,5.8495020866394043,6.4571456909179688
BAAFFM,2016-03-31,2.4387631416320801,2.721613883972168,4.3702507019042969,5.8247237205505371,6.3342819213867188
BAAFFM,2016-04-30,2.1155533790588379,2.7240948677062988,4.4876775741577148,6.1048874855041504,6.756779670715332
BAAFFM,2016-05-31,1.9436913728713989,2.8943178653717041,4.4516735076904297,6.0761213302612305,6.310152530670166
BAAFFM,2016-06-30,1.6283129453659058,2.8797225952148438,4.500673770904541,5.9934492111206055,6.5064692497253418
BAAFFM,2016-07-31,1.3101121187210083,2.1789283752441406,4.2887496948242188,6.004030704498291,6.5561618804931641
BAAFFM,2016-08-31,1.9396618604660034,2.6042470932006836,4.2110505104064941,5.8186321258544922,6.1614513397216797
BAAFFM,2016-09-30,1.516736626625061,2.219618558883667,4.2503433227539062,5.7988853454589844,6.2046017646789551
BOGMBASE,2014-10-31,-0.0081377429887652397,-0.0037241715472191572,0.009676588699221611,0.023310549557209015,0.030710134655237198
BOGMBASE,2014-11-30,-0.01023339107632637,-0.0051417937502264977,0.0037139719352126122,0.015669146552681923,0.022445425391197205
BOGMBASE,2014-12-31,-0.024842869490385056,-0.021041091531515121,-0.0049585262313485146,0.0048402282409369946,0.0077183903194963932
BOGMBASE,2015-01-31,-0.022490307688713074,-0.015489388257265091,-0.0015281613450497389,0.012735926546156406,0.017946451902389526
BOGMBASE,2015-02-28,-0.0020844254177063704,0.0017631552182137966,0.013369225896894932,0.026822693645954132,0.036349687725305557
BOGMBASE,2015-03-31,-0.02928377129137516,-0.023432165384292603,-0.0029746768996119499,0.0090024527162313461,0.014316587708890438
BOGMBASE,2015-04-30,-0.022618306800723076,-0.019359929487109184,-0.0053645754233002663,0.0083745606243610382,0.0098993740975856781
BOGMBASE,2015-05-31,-0.02629542350769043,-0.02315104566514492,-0.0076099047437310219,0.0057567385956645012,0.010061871260404587
BOGMBASE,2015-06-30,-0.0089822141453623772,-0.0074074557051062584,0.0063103153370320797,0.021300572901964188,0.026165371760725975
BOGMBASE,2015-07-31,-0.015698635950684547,-0.00629449263215065,0.005674346350133419,0.014847047626972198,0.022537620738148689
BOGMBASE,2015-08-31,-0.012866050936281681,-0.0084833474829792976,0.0044493051245808601,0.017347745597362518,0.022940250113606453
BOGMBASE,2015-09-30,-0.037026874721050262,-0.031209928914904594,-0.014877657406032085,-0.00050076923798769712,0.0029520373791456223
BOGMBASE,2015-10-31,-0.011295526288449764,-0.0074353115633130074,0.0067393910139799118,0.019027810543775558,0.025841401889920235
BOGMBASE,2015-11-30,-0.015367393381893635,-0.00978868268430233,0.0031113664153963327,0.019365563988685608,0.031197188422083855
BOGMBASE,2015-12-31,-0.02158699557185173,-0.017855223268270493,-0.0050569316372275352,0.0086016198620200157,0.015191550366580486
BOGMBASE,2016-01-31,-0.029949881136417389,-0.019912449643015862,-0.0038681598380208015,0.011517463251948357,0.01676805317401886
BOGMBASE,2016-02-29,-0.0072302999906241894,-0.0027935758698731661,0.011680232360959053,0.026877535507082939,0.031749855726957321
BOGMBASE,2016-03-31,-0.017684595659375191,-0.01544506847858429,-0.0023064045235514641,0.0099478000774979591,0.01374273095279932
BOGMBASE,2016-04-30,-0.02288365364074707,-0.016572369262576103,-0.0020539544057101011,0.011224032379686832,0.015423795208334923
BOGMBASE,2016-05-31,-0.022160625085234642,-0.01925649493932724,-0.0057068471796810627,0.01071472279727459,0.013772005215287209
BOGMBASE,2016-06-30,-0.01919819600880146,-0.0083717936649918556,0.0065890676341950893,0.021291423588991165,0.029884466901421547
BOGMBASE,2016-07-31,-0.0094641577452421188,-0.0073793847113847733,0.0054444577544927597,0.022957941517233849,0.027073543518781662
BOGMBASE,2016-08-31,-0.014321506954729557,-0.011233175173401833,0.0023741992190480232,0.017159588634967804,0.0223255455493927
BOGMBASE,2016-09-30,-0.05994744598865509,-0.040602017194032669,-0.015949226915836334,-0.00021542240574490279,0.0067896977998316288
BUSINVx,2014-10-31,-0.0017619238933548331,-0.00071000581374391913,0.0025457413867115974,0.005919422022998333,0.0073567670769989491
BUSINVx,2014-11-30,-0.0025839018635451794,-0.00075392273720353842,0.0025699876714497805,0.0057051009498536587,0.0068148146383464336
BUSINVx,2014-12-31,-0.0020446558482944965,-0.0010120904771611094,0.0025240937247872353,0.0061552021652460098,0.0071735084056854248
BUSINVx,2015-01-31,-0.0018630325794219971,-0.00036767666460946202,0.0031847248319536448,0.0072717908769845963,0.0083402423188090324
BUSINVx,2015-02-28,-0.0013990612933412194,-0.00042594983824528754,0.0035102153196930885,0.0072349063120782375,0.0092965736985206604
BUSINVx,2015-03-31,-0.0052380179986357689,-0.0026992026250809431,0.0028423967305570841,0.0071095256134867668,0.0081537654623389244
BUSINVx,2015-04-30,-0.0050944150425493717,-0.0023689316585659981,0.0022806157357990742,0.0069403699599206448,0.0076437098905444145
BUSINVx,2015-05-31,-0.003204399487003684,-0.0020276657305657864,0.0027082976885139942,0.0067976284772157669,0.0085875289514660835
BUSINVx,2015-06-30,-0.002587480004876852,-0.000485401222249493,0.0041932105086743832,0.007726576179265976,0.0090844696387648582
BUSINVx,2015-07-31,-0.0026412312872707844,-0.0017901264363899827,0.0031870347447693348,0.0081264134496450424,0.0096530541777610779
BUSINVx,2015-08-31,-0.0026522502303123474,-0.0011428834404796362,0.0035034152679145336,0.008054172620177269,0.0092339674010872841
BUSINVx,2015-09-30,-0.0059432368725538254,-0.0021067345514893532,0.0032425331883132458,0.0076220459304749966,0.0094838188961148262
BUSINVx,2015-10-31,-0.0030301965307444334,-0.0020821276120841503,0.0040845377370715141,0.0084829702973365784,0.0093113230541348457
BUSINVx,2015-11-30,-0.0025789386127144098,-0.0014207112835720181,0.0037088075187057257,0.0076569267548620701,0.0088614858686923981
BUSINVx,2015-12-31,-0.0056237662211060524,-0.0022792078088968992,0.0036048856563866138,0.0075966920703649521,0.0092116491869091988
BUSINVx,2016-01-31,-0.0036004032008349895,-0.0019698492251336575,0.0026512476615607738,0.0073397043161094189,0.0086448555812239647
BUSINVx,2016-02-29,-0.0059479610063135624,-0.0015168965328484774,0.0035403510555624962,0.0077205840498209,0.0089698750525712967
BUSINVx,2016-03-31,-0.0061100032180547714,-0.0017153079388663173,0.0031010622624307871,0.0075429868884384632,0.010592533275485039
BUSINVx,2016-04-30,-0.0047059576027095318,-0.00046494259731844068,0.0040114698931574821,0.0082884598523378372,0.010047443211078644
BUSINVx,2016-05-31,-0.0031693221535533667,-0.0016513591399416327,0.0033779621589928865,0.0071245529688894749,0.0089917434379458427
BUSINVx,2016-06-30,-0.0067887934856116772,-0.0030447682365775108,0.0036026798188686371,0.0078152269124984741,0.009275142103433609
BUSINVx,2016-07-31,-0.003470961470156908,-0.0017216244013980031,0.0040922649204730988,0.0083665261045098305,0.011040085926651955
BUSINVx,2016-08-31,-0.0030813619960099459,-0.0010532338637858629,0.0032197048421949148,0.0070103015750646591,0.0076857558451592922
BUSINVx,2016-09-30,-0.0055743716657161713,-0.0016404975904151797,0.0034883434418588877,0.0082349749282002449,0.0095642227679491043
BUSLOANS,2014-10-31,-0.010952023789286613,-0.0068124481476843357,0.00072794326115399599,0.0073126279748976231,0.0093523701652884483
BUSLOANS,2014-11-30,-0.0088300593197345734,-0.0059511410072445869,0.0002193175459979102,0.0056706112809479237,0.0070259831845760345
BUSLOANS,2014-12-31,-0.0077609834261238575,-0.0043751825578510761,0.00030284916283562779,0.0083730565384030342,0.010616865009069443
BUSLOANS,2015-01-31,-0.0073032774962484837,-0.0052668564021587372,0.00044634134974330664,0.0063181878067553043,0.0076666176319122314
BUSLOANS,2015-02-28,-0.01085417065769434,-0.0064022126607596874,-0.00030684148077853024,0.0057451506145298481,0.0068328077904880047
BUSLOANS,2015-03-31,-0.0084352791309356689,-0.0065956143662333488,0.00035757588921114802,0.0080171981826424599,0.011785892769694328
BUSLOANS,2015-04-30,-0.010874002240598202,-0.0072131361812353134,-0.0011221724562346935,0.0095676081255078316,0.012974008917808533
BUSLOANS,2015-05-31,-0.0087410695850849152,-0.0051162061281502247,0.0012201464269310236,0.0081243915483355522,0.01174923125654459
BUSLOANS,2015-06-30,-0.0086967125535011292,-0.0072405221872031689,0.0013606986030936241,0.0084674526005983353,0.010027657262980938
BUSLOANS,2015-07-31,-0.010529858060181141,-0.0070724878460168839,-9.3622031272388995e-05,0.006179202813655138,0.0091685475781559944
BUSLOANS,2015-08-31,-0.0069731660187244415,-0.0060830982401967049,-0.00026047998107969761,0.0078708278015255928,0.0096549950540065765
BUSLOANS,2015-09-30,-0.0079057812690734863,-0.0069332839921116829,-0.00099544483236968517,0.0073766238056123257,0.00920909084379673
BUSLOANS,2015-10-31,-0.010687120258808136,-0.0072965635918080807,-0.0015318896621465683,0.0073701795190572739,0.010006536729633808
BUSLOANS,2015-11-30,-0.0079783573746681213,-0.0064412304200232029,0.00046247514546848834,0.0074327285401523113,0.0091981925070285797
BUSLOANS,2015-12-31,-0.011102167889475822,-0.0075285243801772594,-0.00075388432014733553,0.0057922294363379478,0.0073995529673993587
BUSLOANS,2016-01-31,-0.010214707814157009,-0.0079916901886463165,-0.00016343381139449775,0.0080572478473186493,0.010480808094143867
BUSLOANS,2016-02-29,-0.0082860821858048439,-0.0066684256307780743,-0.0005884937709197402,0.006693495437502861,0.0081103118136525154
BUSLOANS,2016-03-31,-0.0088296430185437202,-0.0060175335966050625,-0.0002968114276882261,0.0081399800255894661,0.0089382771402597427
BUSLOANS,2016-04-30,-0.0088463509455323219,-0.007066747173666954,-0.00052696536295115948,0.0050793900154531002,0.0071127810515463352
BUSLOANS,2016-05-31,-0.009598955512046814,-0.0065165427513420582,0.00058365933364257216,0.0073322043754160404,0.0089388666674494743
BUSLOANS,2016-06-30,-0.0060980003327131271,-0.0048107686452567577,0.0017244336195290089,0.0076752370223402977,0.01274612732231617
BUSLOANS,2016-07-31,-0.0099702468141913414,-0.0069847442209720612,-0.00053580914391204715,0.0067486301995813847,0.0086671477183699608
BUSLOANS,2016-08-31,-0.010303393937647343,-0.0068408059887588024,-0.0006812865030951798,0.0079673128202557564,0.0093977628275752068
BUSLOANS,2016-09-30,-0.0094048921018838882,-0.0049000382423400879,-0.00016929621051531285,0.0070103481411933899,0.010640552267432213
CE16OV,2014-10-31,-0.0017869723960757256,-0.00089362129801884294,0.0013849344104528427,0.0037296251393854618,0.004506286233663559
CE16OV,2014-11-30,-0.0021024183370172977,-0.0013268778566271067,0.0012559645110741258,0.0033528918866068125,0.0038809454999864101
CE16OV,2014-12-31,-0.001920988317579031,-0.0013469808036461473,0.0010545901022851467,0.0034749777987599373,0.0040841363370418549
CE16OV,2015-01-31,-0.0027200826443731785,-0.0017515027429908514,0.0012339809909462929,0.0041852910071611404,0.005086344201117754
CE16OV,2015-02-28,-0.002581082982942462,-0.0014101200504228473,0.0010163952829316258,0.0038556160870939493,0.004390109796077013
CE16OV,2015-03-31,-0.0021783814299851656,-0.0015141865005716681,0.0014654831029474735,0.0035233194939792156,0.0044687115587294102
CE16OV,2015-04-30,-0.0016909742262214422,-0.00080976012395694852,0.0012909367214888334,0.0041686613112688065,0.0046941251493990421
CE16OV,2015-05-31,-0.0019119465723633766,-0.0010244208388030529,0.0013850805116817355,0.0037622142117470503,0.0050233816727995872
CE16OV,2015-06-30,-0.0027928396593779325,-0.0014542302815243602,0.0013171542668715119,0.0037830418441444635,0.0047224899753928185
CE16OV,2015-07-31,-0.0027191874105483294,-0.0014611334772780538,0.0009705257834866643,0.0034626149572432041,0.0047531649470329285
CE16OV,2015-08-31,-0.002580287167802453,-0.0016988931456580758,0.001098038163036108,0.0035643915180116892,0.004302468616515398
CE16OV,2015-09-30,-0.0017399931093677878,-0.00097254844149574637,0.0012517661089077592,0.0033899089321494102,0.0038223403971642256
CE16OV,2015-10-31,-0.0016321428120136261,-0.00092274887720122933,0.0011652606772258878,0.0040379040874540806,0.0050282957963645458
CE16OV,2015-11-30,-0.0018760025268420577,-0.0012660486390814185,0.0007336299167945981,0.0034482341725379229,0.0039070579223334789
CE16OV,2015-12-31,-0.0028229677118360996,-0.0021634090226143599,0.0006976214936003089,0.0037006251513957977,0.0041035464964807034
CE16OV,2016-01-31,-0.0024453066289424896,-0.0016378507716581225,0.0013512156438082457,0.0042712381109595299,0.0052547683008015156
CE16OV,2016-02-29,-0.0020841341465711594,-0.0016187857836484909,0.0011845773551613092,0.0036529696080833673,0.004038528073579073
CE16OV,2016-03-31,-0.0028495299629867077,-0.002043506596237421,0.00091687624808400869,0.003299349220469594,0.0047443555667996407
CE16OV,2016-04-30,-0.0028648469597101212,-0.0019706324674189091,0.00097076303791254759,0.0035429904237389565,0.0039292699657380581
CE16OV,2016-05-31,-0.0018487442284822464,-0.0014038592344149947,0.0013197154039517045,0.0036878040991723537,0.0041346712969243526
CE16OV,2016-06-30,-0.0025062037166208029,-0.0020228982903063297,0.00073910894570872188,0.0026556740049272776,0.0031868298538029194
CE16OV,2016-07-31,-0.0025087618269026279,-0.0016679188702255487,0.00069204566534608603,0.002725932514294982,0.0041463412344455719
CE16OV,2016-08-31,-0.0023813273292034864,-0.0013246877351775765,0.0010075990576297045,0.003710482269525528,0.0043519893661141396
CE16OV,2016-09-30,-0.0033161009196192026,-0.002762306947261095,0.0011496888473629951,0.0039826100692152977,0.0046134577132761478
CES0600000007,2014-10-31,41.179042816162109,41.275074005126953,41.499736785888672,41.695549011230469,41.762939453125
CES0600000007,2014-11-30,41.173759460449219,41.220596313476562,41.540328979492188,41.714473724365234,41.854846954345703
CES0600000007,2014-12-31,41.147129058837891,41.2169189453125,41.523872375488281,41.778907775878906,41.941215515136719
CES0600000007,2015-01-31,41.135921478271484,41.270439147949219,41.5428466796875,41.733993530273438,41.809314727783203
CES0600000007,2015-02-28,41.049533843994141,41.155017852783203,41.501567840576172,41.794475555419922,41.880931854248047
CES0600000007,2015-03-31,40.919696807861328,41.078487396240234,41.498634338378906,41.779556274414062,41.826309204101562
CES0600000007,2015-04-30,40.778236389160156,40.970748901367188,41.471477508544922,41.753963470458984,41.858055114746094
CES0600000007,2015-05-31,41.017910003662109,41.115596771240234,41.461441040039062,41.807815551757812,41.983264923095703
CES0600000007,2015-06-30,40.655952453613281,40.947696685791016,41.450210571289062,41.778617858886719,41.911201477050781
CES0600000007,2015-07-31,40.655590057373047,40.954742431640625,41.467842102050781,41.841423034667969,41.863544464111328
CES0600000007,2015-08-31,40.739261627197266,41.023933410644531,41.487846374511719,41.879493713378906,41.920871734619141
CES0600000007,2015-09-30,40.559616088867188,40.810474395751953,41.433761596679688,41.937629699707031,42.084930419921875
CES0600000007,2015-10-31,40.387424468994141,40.771041870117188,41.377304077148438,41.700820922851562,41.895900726318359
CES0600000007,2015-11-30,40.535194396972656,40.969356536865234,41.397743225097656,41.913291931152344,42.004493713378906
CES0600000007,2015-12-31,40.239448547363281,40.645496368408203,41.353328704833984,41.844562530517578,42.002388000488281
CES0600000007,2016-01-31,40.722076416015625,40.966732025146484,41.38275146484375,41.806678771972656,41.962100982666016
CES0600000007,2016-02-29,40.407436370849609,40.577659606933594,41.374332427978516,41.812290191650391,41.981662750244141
CES0600000007,2016-03-31,40.414825439453125,40.617042541503906,41.398838043212891,42.006095886230469,42.152534484863281
CES0600000007,2016-04-30,40.592903137207031,40.786476135253906,41.361549377441406,41.806182861328125,41.921913146972656
CES0600000007,2016-05-31,40.596813201904297,40.835224151611328,41.429573059082031,41.937515258789062,42.224620819091797
CES0600000007,2016-06-30,40.205650329589844,40.733482360839844,41.3494873046875,41.9068603515625,42.103626251220703
CES0600000007,2016-07-31,40.089767456054688,40.346748352050781,41.271064758300781,41.901111602783203,42.101226806640625
CES0600000007,2016-08-31,39.985149383544922,40.380653381347656,41.303485870361328,41.919284820556641,42.093994140625
CES0600000007,2016-09-30,40.396888732910156,40.586280822753906,41.213642120361328,41.819435119628906,42.012210845947266
CES0600000008,2014-10-31,-0.002908000024035573,-0.0018495196709409356,8.0285513831768185e-05,0.0023481999523937702,0.0033573070541024208
CES0600000008,2014-11-30,-0.0023940545506775379,-0.0018716726917773485,0.00010143074905499816,0.0026613555382937193,0.0034082876518368721
CES0600000008,2014-12-31,-0.0033842539414763451,-0.0021213500294834375,-0.00014371970610227436,0.002058189595118165,0.0026883287355303764
CES0600000008,2015-01-31,-0.0035496498458087444,-0.0026754948776215315,8.9161520008929074e-05,0.0023200609721243382,0.0029631054494529963
CES0600000008,2015-02-28,-0.0027540936134755611,-0.0023278039880096912,-0.00048626470379531384,0.0019065524684265256,0.0028794992249459028
CES0600000008,2015-03-31,-0.0028055717702955008,-0.0022993725724518299,7.1375696279574186e-05,0.0022524194791913033,0.0027158006560057402
CES0600000008,2015-04-30,-0.0035763925407081842,-0.0022866118233650923,0.00029292167164385319,0.0023412809241563082,0.0033069862984120846
CES0600000008,2015-05-31,-0.0029089408926665783,-0.0024352867621928453,-0.00012405097368173301,0.0027959833387285471,0.0038509375881403685
CES0600000008,2015-06-30,-0.0033546939957886934,-0.0022630742751061916,0.00035129644675180316,0.0029011585284024477,0.0035716244019567966
CES0600000008,2015-07-31,-0.0034981376957148314,-0.0025371755473315716,-0.00045220833271741867,0.0023011318407952785,0.0027438742108643055
CES0600000008,2015-08-31,-0.0030530854128301144,-0.0027697915211319923,-0.00029235967667773366,0.0018029154743999243,0.0029015876352787018
CES0600000008,2015-09-30,-0.0031260540708899498,-0.0022495812736451626,1.6947007679846138e-05,0.0025947205722332001,0.0028801264706999063
CES0600000008,2015-10-31,-0.0032471520826220512,-0.0023250563535839319,-0.00017416122136637568,0.0024304070975631475,0.0030873480718582869
CES0600000008,2015-11-30,-0.0034670650493353605,-0.0021397697273641825,0.00013099149509798735,0.0027905669994652271,0.003026117105036974
CES0600000008,2015-12-31,-0.0038038264028728008,-0.002517657121643424,-0.00021289919095579535,0.0022180865053087473,0.0030404636636376381
CES0600000008,2016-01-31,-0.0032151693012565374,-0.00272320955991745,-0.00012409445480443537,0.0026455956976860762,0.0030195470899343491
CES0600000008,2016-02-29,-0.0026967416051775217,-0.0020232931710779667,0.00028222077526152134,0.0021456689573824406,0.0028021440375596285
CES0600000008,2016-03-31,-0.0035092397592961788,-0.0025887906085699797,-0.00058718858053907752,0.0026045623235404491,0.0038032056763768196
CES0600000008,2016-04-30,-0.0030092077795416117,-0.0019987085834145546,-6.1550454120151699e-05,0.0020406723488122225,0.0030494458042085171
CES0600000008,2016-05-31,-0.002411459106951952,-0.0018801377154886723,0.00015333679039031267,0.0024179995525628328,0.0035394122824072838
CES0600000008,2016-06-30,-0.0036990076769143343,-0.0028441285248845816,-0.00025086678215302527,0.0020609963685274124,0.0025253258645534515
CES0600000008,2016-07-31,-0.0033571459352970123,-0.0026484411209821701,4.9431931984145194e-05,0.0027158684097230434,0.0032237598206847906
CES0600000008,2016-08-31,-0.0026581473648548126,-0.0019455647561699152,-0.00010095944890053943,0.002107835141941905,0.0033348659053444862
CES0600000008,2016-09-30,-0.0039536436088383198,-0.0032004390377551317,-0.00017792548169381917,0.0023068345617502928,0.0029099714010953903
CES1021000001,2014-10-31,0.00012842605065088719,0.0011403420940041542,0.004569497425109148,0.0080254655331373215,0.0087618082761764526
CES1021000001,2014-11-30,-0.0052862013690173626,-0.00058989401441067457,0.0036552753299474716,0.0074328328482806683,0.0086937611922621727
CES1021000001,2014-12-31,-0.0025916518643498421,-0.0010029812110587955,0.0040129590779542923,0.008363465778529644,0.0093086026608943939
CES1021000001,2015-01-31,-0.0067506521008908749,-0.003065063152462244,0.0029821866191923618,0.006928641814738512,0.0086052389815449715
CES1021000001,2015-02-28,-0.0058826343156397343,-0.0019798390567302704,0.0040358584374189377,0.0083544570952653885,0.011833853088319302
CES1021000001,2015-03-31,-0.0085366861894726753,-0.003855555783957243,0.0027932873927056789,0.007987665943801403,0.0092087192460894585
CES1021000001,2015-04-30,-0.012475072406232357,-0.0087328124791383743,0.0025217321235686541,0.0080932416021823883,0.011497777886688709
CES1021000001,2015-05-31,-0.015355656854808331,-0.0085427882149815559,0.0019178043585270643,0.0089536812156438828,0.01151653565466404
CES1021000001,2015-06-30,-0.016833754256367683,-0.01357575599104166,0.0016066650860011578,0.0080158570781350136,0.010976123623549938
CES1021000001,2015-07-31,-0.016116965562105179,-0.010227878578007221,0.0019469731487333775,0.0088894031941890717,0.011527681723237038
CES1021000001,2015-08-31,-0.012741413898766041,-0.0083346571773290634,0.0022255498915910721,0.0078531932085752487,0.010056939907371998
CES1021000001,2015-09-30,-0.01870279386639595,-0.011579038575291634,0.00022618490038439631,0.00824007298797369,0.010848428122699261
CES1021000001,2015-10-31,-0.013136857189238071,-0.0088796708732843399,0.0023649686481803656,0.0085429931059479713,0.0099462037906050682
CES1021000001,2015-11-30,-0.014027803204953671,-0.0097898654639720917,0.0015181381022557616,0.0078117763623595238,0.009184286929666996
CES1021000001,2015-12-31,-0.022415049374103546,-0.013288045302033424,7.7239994425326586e-05,0.0056645306758582592,0.0080220773816108704
CES1021000001,2016-01-31,-0.020468026399612427,-0.013984107412397861,0.0014609505888074636,0.0085316188633441925,0.010122726671397686
CES1021000001,2016-02-29,-0.012627820484340191,-0.0088430959731340408,0.0015680207870900631,0.0070547969080507755,0.0095945727080106735
CES1021000001,2016-03-31,-0.013665664941072464,-0.008853645995259285,0.0016232521738857031,0.0076290247961878777,0.0091726453974843025
CES1021000001,2016-04-30,-0.016529744490981102,-0.0091287828981876373,0.0016852959524840117,0.0079795485362410545,0.009115198627114296
CES1021000001,2016-05-31,-0.014605293981730938,-0.0086826421320438385,0.0013869625981897116,0.0078646726906299591,0.010055284947156906
CES1021000001,2016-06-30,-0.013355440460145473,-0.0097244903445243835,0.0019701190758496523,0.0096756955608725548,0.014265291392803192
CES1021000001,2016-07-31,-0.012483351863920689,-0.0085844546556472778,0.0021417676471173763,0.008298628032207489,0.0097801331430673599
CES1021000001,2016-08-31,-0.013784052804112434,-0.010565339587628841,0.00010901305358856916,0.0066573759540915489,0.0099110687151551247
CES1021000001,2016-09-30,-0.011739213019609451,-0.0085227014496922493,0.0020218177232891321,0.0068449210375547409,0.0083723198622465134
CES2000000008,2014-10-31,-0.013206771574914455,-0.0097436178475618362,-0.0012302608229219913,0.0035521595273166895,0.0045906007289886475
CES2000000008,2014-11-30,-0.0086083393543958664,-0.0048086182214319706,0.00061218393966555595,0.0070006870664656162,0.0085115684196352959
CES2000000008,2014-12-31,-0.0073412051424384117,-0.0047458494082093239,0.00055949960369616747,0.0059809619560837746,0.00839235819876194
CES2000000008,2015-01-31,-0.0113766985014081,-0.0085260402411222458,-0.00011305858060950413,0.0047864099033176899,0.006091307383030653
CES2000000008,2015-02-28,-0.0090388096868991852,-0.0067210765555500984,-0.00043533873395062983,0.0052258544601500034,0.0070335762575268745
CES2000000008,2015-03-31,-0.012497245334088802,-0.0077918730676174164,-0.00067030754871666431,0.0039606969803571701,0.0061339372768998146
CES2000000008,2015-04-30,-0.0091354427859187126,-0.0078141521662473679,0.00021049928909633309,0.0065991166047751904,0.008946320042014122
CES2000000008,2015-05-31,-0.0093567594885826111,-0.0077206343412399292,0.00010400598694104701,0.0047216047532856464,0.0095094656571745872
CES2000000008,2015-06-30,-0.0101220877841115,-0.0060245138593018055,0.00026772060664370656,0.0062944060191512108,0.0089190471917390823
CES2000000008,2015-07-31,-0.011932220309972763,-0.0065331282094120979,-0.0006751668406650424,0.0043537351302802563,0.0061940350569784641
CES2000000008,2015-08-31,-0.0096634663641452789,-0.0066492632031440735,-0.00027980544837191701,0.0041908444836735725,0.0056025260128080845
CES2000000008,2015-09-30,-0.007099927868694067,-0.004258367232978344,0.00026839051861315966,0.0052088885568082333,0.0066433148458600044
CES2000000008,2015-10-31,-0.010278941132128239,-0.0074212327599525452,-0.00016348977806046605,0.0050082397647202015,0.0070872213691473007
CES2000000008,2015-11-30,-0.010390784591436386,-0.0081653352826833725,0.00016188931476790458,0.005080126691609621,0.0079338941723108292
CES2000000008,2015-12-31,-0.0092676077038049698,-0.0067264079116284847,0.00014971663767937571,0.0050433198921382427,0.009021420031785965
CES2000000008,2016-01-31,-0.011554254218935966,-0.0093341236934065819,-0.00054595753317698836,0.0043316888622939587,0.0071103484369814396
CES2000000008,2016-02-29,-0.010674606077373028,-0.0068099834024906158,2.0669944206019863e-05,0.0063226385973393917,0.0095035815611481667
CES2000000008,2016-03-31,-0.012749752029776573,-0.0083361463621258736,-0.00040270958561450243,0.0040880045853555202,0.005565728060901165
CES2000000008,2016-04-30,-0.0075111202895641327,-0.0059410948306322098,0.00072708108928054571,0.0054896865040063858,0.0086402958258986473
CES2000000008,2016-05-31,-0.010518995113670826,-0.0073991441167891026,-0.00029761219047941267,0.0062705278396606445,0.0086604626849293709
CES2000000008,2016-06-30,-0.012771732173860073,-0.0091938469558954239,-0.00051759666530415416,0.0044493931345641613,0.0077950996346771717
CES2000000008,2016-07-31,-0.013976745307445526,-0.0069790752604603767,-0.00027769026928581297,0.0064873448573052883,0.010064411908388138
CES2000000008,2016-08-31,-0.01270273607224226,-0.0096546541899442673,-0.00025167511194013059,0.0054162084124982357,0.0071837231516838074
CES2000000008,2016-09-30,-0.010765951126813889,-0.0079246200621128082,-0.00011148460180265829,0.0045750942081212997,0.0063208276405930519
CES3000000008,2014-10-31,-0.0026987816672772169,-0.0017457314534112811,0.00052641722140833735,0.0048491563647985458,0.0061441594734787941
CES3000000008,2014-11-30,-0.0034622689709067345,-0.0026487414725124836,-0.00044401545892469585,0.0022414484992623329,0.0026658845599740744
CES3000000008,2014-12-31,-0.0039763599634170532,-0.0029003689996898174,9.1373425675556064e-05,0.0027782430406659842,0.0038682837039232254
CES3000000008,2015-01-31,-0.0033923741430044174,-0.0027037905529141426,0.0001816888980101794,0.0030563175678253174,0.0041787559166550636
CES3000000008,2015-02-28,-0.0043357051908969879,-0.002794330008327961,-9.3370144895743579e-05,0.0027932294178754091,0.0035043854732066393
CES3000000008,2015-03-31,-0.0037646922282874584,-0.0029912993777543306,-9.8288277513347566e-05,0.002824828727170825,0.0041656843386590481
CES3000000008,2015-04-30,-0.003317694878205657,-0.0023714913986623287,0.00010771730740088969,0.0029512003529816866,0.0037077486049383879
CES3000000008,2015-05-31,-0.0035691636148840189,-0.0024812184274196625,0.00025368231581524014,0.0032765145879238844,0.0054077156819403172
CES3000000008,2015-06-30,-0.0041304761543869972,-0.0034148278646171093,4.2999246943509206e-05,0.0031823141034692526,0.005032059270888567
CES3000000008,2015-07-31,-0.0035478814970701933,-0.0028615819755941629,-0.00024127858341671526,0.0033353797625750303,0.0038018131162971258
CES3000000008,2015-08-31,-0.0035280922893434763,-0.0028148305136710405,-2.8275520890019834e-05,0.00302284792996943,0.0044380626641213894
CES3000000008,2015-09-30,-0.0032449180725961924,-0.0027753557078540325,-0.00014975179510656744,0.0026263876352459192,0.0037005296908318996
CES3000000008,2015-10-31,-0.0037452138494700193,-0.0022678016684949398,-1.669142693572212e-05,0.0024974767584353685,0.0037914763670414686
CES3000000008,2015-11-30,-0.0028222149703651667,-0.0022377872373908758,9.0287299826741219e-05,0.0027151363901793957,0.0033421488478779793
CES3000000008,2015-12-31,-0.0047430000267922878,-0.0034647020511329174,-0.00048871274339035153,0.0028653214685618877,0.0040632672607898712
CES3000000008,2016-01-31,-0.0040237423963844776,-0.0030337471980601549,-0.000184672448085621,0.0026616917457431555,0.0032316495198756456
CES3000000008,2016-02-29,-0.0037291629705578089,-0.0031146330293267965,-0.00014007763820700347,0.003836166113615036,0.0060006021521985531
CES3000000008,2016-03-31,-0.0044128238223493099,-0.0034195079933851957,-0.00018708719289861619,0.0025539849884808064,0.0043650157749652863
CES3000000008,2016-04-30,-0.0035602799616754055,-0.0028335899114608765,0.00012558513844851404,0.0028350618667900562,0.0036791928578168154
CES3000000008,2016-05-31,-0.0038962604012340307,-0.0029425688553601503,0.00036411534529179335,0.0023717312142252922,0.0033198350574821234
CES3000000008,2016-06-30,-0.0034613767638802528,-0.0024967037606984377,0.00041550680180080235,0.0029703087639063597,0.0045338333584368229
CES3000000008,2016-07-31,-0.0043022935278713703,-0.0030822327826172113,0.0001600802643224597,0.0036964572500437498,0.0086310245096683502
CES3000000008,2016-08-31,-0.005127213429659605,-0.0032838408369570971,-0.00018404828733764589,0.0021130547393113375,0.0045308130793273449
CES3000000008,2016-09-30,-0.0034355702809989452,-0.0026233876124024391,-0.00018873935914598405,0.0034542884677648544,0.0048248996026813984
CLAIMSx,2014-10-31,-0.071681536734104156,-0.05048694834113121,0.00010670725896488875,0.041903737932443619,0.064991958439350128
CLAIMSx,2014-11-30,-0.05604582279920578,-0.04999089241027832,0.0022879983298480511,0.054536808282136917,0.061341129243373871
CLAIMSx,2014-12-31,-0.05681644007563591,-0.047078978270292282,-0.0057337461039423943,0.04486248642206192,0.061550326645374298
CLAIMSx,2015-01-31,-0.062112119048833847,-0.051278736442327499,-0.0070968940854072571,0.049290556460618973,0.074148274958133698
CLAIMSx,2015-02-28,-0.075196035206317902,-0.062853097915649414,-0.0076919142156839371,0.059474129229784012,0.080868169665336609
CLAIMSx,2015-03-31,-0.073103055357933044,-0.057708274573087692,-0.0069454610347747803,0.052911236882209778,0.062851622700691223
CLAIMSx,2015-04-30,-0.063526615500450134,-0.051743704825639725,-0.0087724281474947929,0.040153559297323227,0.053448993712663651
CLAIMSx,2015-05-31,-0.068523615598678589,-0.057729821652173996,-0.010118640959262848,0.043409813195466995,0.063831932842731476
CLAIMSx,2015-06-30,-0.067581996321678162,-0.051369257271289825,-0.0066251195967197418,0.038603350520133972,0.058453425765037537
CLAIMSx,2015-07-31,-0.075294554233551025,-0.059297665953636169,-0.0038739989977329969,0.043722007423639297,0.074679970741271973
CLAIMSx,2015-08-31,-0.061125162988901138,-0.044148106127977371,-0.004770972765982151,0.052281275391578674,0.060556739568710327
CLAIMSx,2015-09-30,-0.066072002053260803,-0.0552196204662323,-0.0089634787291288376,0.048915103077888489,0.062822021543979645
CLAIMSx,2015-10-31,-0.058023255318403244,-0.042352456599473953,-0.0025790426880121231,0.043642289936542511,0.059706557542085648
CLAIMSx,2015-11-30,-0.061301045119762421,-0.053871866315603256,-0.0049993447028100491,0.041021104902029037,0.078318133950233459
CLAIMSx,2015-12-31,-0.063726693391799927,-0.044654279947280884,0.00061885511968284845,0.052105296403169632,0.069059133529663086
CLAIMSx,2016-01-31,-0.05904683843255043,-0.045508742332458496,-0.0019584428519010544,0.047675479203462601,0.062676861882209778
CLAIMSx,2016-02-29,-0.071205176413059235,-0.055487178266048431,-0.0040315920487046242,0.059052914381027222,0.076626934111118317
CLAIMSx,2016-03-31,-0.082270815968513489,-0.065714985132217407,-0.0059306141920387745,0.049133073538541794,0.074566178023815155
CLAIMSx,2016-04-30,-0.05340324342250824,-0.041508417576551437,-0.0018134989077225327,0.048136580735445023,0.06306331604719162
CLAIMSx,2016-05-31,-0.072831064462661743,-0.055467292666435242,0.00032375822775065899,0.052702903747558594,0.064749732613563538
CLAIMSx,2016-06-30,-0.074867203831672668,-0.055377960205078125,-0.009242720901966095,0.044261552393436432,0.056530222296714783
CLAIMSx,2016-07-31,-0.074521973729133606,-0.058117654174566269,-0.013415127992630005,0.044110428541898727,0.063542470335960388
CLAIMSx,2016-08-31,-0.069333240389823914,-0.053060706704854965,0.0033853654749691486,0.04798227921128273,0.078638389706611633
CLAIMSx,2016-09-30,-0.071738213300704956,-0.058095034211874008,-0.0042939772829413414,0.059174071997404099,0.081002026796340942
CLF16OV,2014-10-31,-0.0022871335968375206,-0.0015009538037702441,0.00037057246663607657,0.0024794463533908129,0.0030484597664326429
CLF16OV,2014-11-30,-0.0020900559611618519,-0.001642721937969327,0.00030482621514238417,0.0023706967476755381,0.0029792455025017262
CLF16OV,2014-12-31,-0.0023111226037144661,-0.0013198410160839558,0.00030053823138587177,0.0025053746066987514,0.003146943636238575
CLF16OV,2015-01-31,-0.0023405253887176514,-0.0019321838626638055,0.00036048554466105998,0.0023938161320984364,0.0034234530758112669
CLF16OV,2015-02-28,-0.0018034821841865778,-0.0013659808319061995,0.00066210422664880753,0.0027932643424719572,0.0033263082150369883
CLF16OV,2015-03-31,-0.0021528725046664476,-0.0014989494811743498,0.00036899407859891653,0.0027113603428006172,0.003413220401853323
CLF16OV,2015-04-30,-0.0015916773118078709,-0.0014380419161170721,0.00051826919661834836,0.0025727811735123396,0.0028611521702259779
CLF16OV,2015-05-31,-0.0017402595840394497,-0.0016032776329666376,0.00038002114160917699,0.0027440579142421484,0.0029818674083799124
CLF16OV,2015-06-30,-0.0032130228355526924,-0.0018370470497757196,0.00018469020142219961,0.0022417895961552858,0.002812687074765563
CLF16OV,2015-07-31,-0.0023894109763205051,-0.0015514895785599947,0.00057346699759364128,0.0025833691470324993,0.0030219415202736855
CLF16OV,2015-08-31,-0.0020400404464453459,-0.0016791450325399637,0.00067460595164448023,0.0021287440322339535,0.0025123539380729198
CLF16OV,2015-09-30,-0.0030176080763339996,-0.0022494080476462841,0.00022646688739769161,0.0025239784736186266,0.0030817079823464155
CLF16OV,2015-10-31,-0.002389801200479269,-0.0019136392511427402,0.0004590352182276547,0.0025888138916343451,0.0030584731139242649
CLF16OV,2015-11-30,-0.0020627581980079412,-0.0015421584248542786,0.0006331736221909523,0.0025256259832531214,0.0026850500144064426
CLF16OV,2015-12-31,-0.0023581697605550289,-0.0017715414287522435,0.00016180792590603232,0.0022180026862770319,0.0034634564071893692
CLF16OV,2016-01-31,-0.0029497749637812376,-0.002602370223030448,6.2541919760406017e-05,0.0023667016066610813,0.0033467654138803482
CLF16OV,2016-02-29,-0.0025202156975865364,-0.0019816458225250244,0.00056258292170241475,0.0025914316065609455,0.0036018984392285347
CLF16OV,2016-03-31,-0.0023313087876886129,-0.0016721838619560003,0.0005626920610666275,0.0025724335573613644,0.0031659931410104036
CLF16OV,2016-04-30,-0.0028513523284345865,-0.00242572370916605,0.00027785843121819198,0.0025407550856471062,0.0036071836948394775
CLF16OV,2016-05-31,-0.0021014178637415171,-0.0014437290374189615,0.00066737551242113113,0.0033621792681515217,0.0038571525365114212
CLF16OV,2016-06-30,-0.0031090953852981329,-0.0020318864844739437,0.00040079664904624224,0.0026084973942488432,0.0031337563414126635
CLF16OV,2016-07-31,-0.0025407294742763042,-0.0020421538501977921,0.00064433191437274218,0.0023475328925997019,0.0026141961570829153
CLF16OV,2016-08-31,-0.0024192989803850651,-0.0014468739973381162,0.00058479869039729238,0.0028921733610332012,0.0035161736886948347
CLF16OV,2016-09-30,-0.0024403457064181566,-0.0017868018476292491,8.6711603216826916e-05,0.0023060392122715712,0.0030073933303356171
CMRMTSPLx,2014-10-31,-0.010015556588768959,-0.0062188981100916862,0.0019245659932494164,0.0093293190002441406,0.012004788033664227
CMRMTSPLx,2014-11-30,-0.0071407877840101719,-0.0051807123236358166,0.003670551348477602,0.010409701615571976,0.011289822869002819
CMRMTSPLx,2014-12-31,-0.008443283848464489,-0.0047838632017374039,0.0027003374416381121,0.0082230325788259506,0.010540871880948544
CMRMTSPLx,2015-01-31,-0.0090039493516087532,-0.0066349604167044163,0.0030978736467659473,0.0093467533588409424,0.014008849859237671
CMRMTSPLx,2015-02-28,-0.0085513042286038399,-0.0054633547551929951,0.0024426761083304882,0.010142059996724129,0.012941760942339897
CMRMTSPLx,2015-03-31,-0.011208450421690941,-0.0081299925222992897,0.00095082935877144337,0.0099145583808422089,0.012657713145017624
CMRMTSPLx,2015-04-30,-0.0084072230383753777,-0.0051681674085557461,0.0019320773426443338,0.0092979837208986282,0.015213911421597004
CMRMTSPLx,2015-05-31,-0.010396993719041348,-0.0054157497361302376,0.0022673073690384626,0.01151902973651886,0.015391156077384949
CMRMTSPLx,2015-06-30,-0.011409098282456398,-0.007439714390784502,0.0030255743768066168,0.011409238912165165,0.012905118055641651
CMRMTSPLx,2015-07-31,-0.0092927347868680954,-0.0080292252823710442,0.0019755642861127853,0.010216254740953445,0.014133789576590061
CMRMTSPLx,2015-08-31,-0.010872204788029194,-0.0077401851303875446,0.0032829756382852793,0.011991863138973713,0.013917057774960995
CMRMTSPLx,2015-09-30,-0.0095531279221177101,-0.0047464496456086636,0.0025098980404436588,0.010793320834636688,0.014763551764190197
CMRMTSPLx,2015-10-31,-0.010497086681425571,-0.0068273493088781834,0.0036043282598257065,0.01195049099624157,0.015088723972439766
CMRMTSPLx,2015-11-30,-0.0097488444298505783,-0.0076987636275589466,0.00087663769954815507,0.0099134780466556549,0.012698807753622532
CMRMTSPLx,2015-12-31,-0.0080855041742324829,-0.0067929364740848541,0.00030817586230114102,0.0088391266763210297,0.011364546604454517
CMRMTSPLx,2016-01-31,-0.012258685193955898,-0.0051995129324495792,0.0040839724242687225,0.011258909478783607,0.013586764223873615
CMRMTSPLx,2016-02-29,-0.0087551157921552658,-0.0062410184182226658,0.0027322974056005478,0.01048489473760128,0.014181407168507576
CMRMTSPLx,2016-03-31,-0.0087869465351104736,-0.0067934156395494938,0.0029396670870482922,0.010896960273385048,0.014603668823838234
CMRMTSPLx,2016-04-30,-0.011438378132879734,-0.0069684511981904507,0.0027891509234905243,0.011160005815327168,0.013609223999083042
CMRMTSPLx,2016-05-31,-0.011097426526248455,-0.008518449030816555,0.0031280410476028919,0.010551508516073227,0.013943687081336975
CMRMTSPLx,2016-06-30,-0.0089206686243414879,-0.0065054027363657951,0.0014173863455653191,0.0093361008912324905,0.0124445715919137
CMRMTSPLx,2016-07-31,-0.011295808479189873,-0.0065850415267050266,0.0023506795987486839,0.010913252830505371,0.015067091211676598
CMRMTSPLx,2016-08-31,-0.011442694813013077,-0.0066794869489967823,0.0030056308023631573,0.01183671411126852,0.014825098216533661
CMRMTSPLx,2016-09-30,-0.01048639789223671,-0.0077637713402509689,0.0019899734761565924,0.011024654842913151,0.013194259256124496
COMPAPFFx,2014-10-31,-0.0023518083617091179,0.0048926379531621933,0.038240224123001099,0.078490659594535828,0.11197155714035034
COMPAPFFx,2014-11-30,-0.0056412620469927788,0.011008086614310741,0.041663717478513718,0.089780285954475403,0.12172851711511612
COMPAPFFx,2014-12-31,-0.020187543705105782,-0.0014230802189558744,0.039433352649211884,0.0915842205286026,0.10709625482559204
COMPAPFFx,2015-01-31,-0.034532289952039719,-0.0045235278084874153,0.0412769615650177,0.13843549787998199,0.18893007934093475
COMPAPFFx,2015-02-28,-0.0068676709197461605,0.0048029250465333462,0.041765742003917694,0.11606486886739731,0.16677695512771606
COMPAPFFx,2015-03-31,-0.021790696308016777,-0.0052068717777729034,0.039068683981895447,0.10000580549240112,0.14398254454135895
COMPAPFFx,2015-04-30,-0.016552107408642769,0.00036623160121962428,0.047262303531169891,0.18295927345752716,0.31066256761550903
COMPAPFFx,2015-05-31,-0.022289009764790535,-0.0046917861327528954,0.045079801231622696,0.1482204794883728,0.24675686657428741
COMPAPFFx,2015-06-30,-0.1548309326171875,-0.060976244509220123,0.042802251875400543,0.13858109712600708,0.18694503605365753
COMPAPFFx,2015-07-31,-0.1285625696182251,-0.034768920391798019,0.044664792716503143,0.14403519034385681,0.23430836200714111
COMPAPFFx,2015-08-31,-0.077111989259719849,-0.036324940621852875,0.042388372123241425,0.15594376623630524,0.26046830415725708
COMPAPFFx,2015-09-30,-0.033665649592876434,-0.013772333972156048,0.042044077068567276,0.14508795738220215,0.27848440408706665
COMPAPFFx,2015-10-31,-0.062430780380964279,-0.041111074388027191,0.049426991492509842,0.1516866534948349,0.4409240186214447
COMPAPFFx,2015-11-30,-0.097472377121448517,-0.03342597559094429,0.056235555559396744,0.27452787756919861,0.40691038966178894
COMPAPFFx,2015-12-31,-0.33356022834777832,-0.073783561587333679,0.045646063983440399,0.16949515044689178,0.28317275643348694
COMPAPFFx,2016-01-31,-0.11709308624267578,-0.037877935916185379,0.042707867920398712,0.17820249497890472,0.33176949620246887
COMPAPFFx,2016-02-29,-0.21300695836544037,-0.10332119464874268,0.042021322995424271,0.1536218672990799,0.19865421950817108
COMPAPFFx,2016-03-31,-0.61586266756057739,-0.13148878514766693,0.032307475805282593,0.22139568626880646,0.31618165969848633
COMPAPFFx,2016-04-30,-0.21518430113792419,-0.045894879847764969,0.045863330364227295,0.18289011716842651,0.28604701161384583
COMPAPFFx,2016-05-31,-0.12179943919181824,-0.045835580676794052,0.047340184450149536,0.37844574451446533,0.47596412897109985
COMPAPFFx,2016-06-30,-0.11864045262336731,-0.048940744251012802,0.056390929967164993,0.30573630332946777,0.44090735912322998
COMPAPFFx,2016-07-31,-0.20686197280883789,-0.019506866112351418,0.056196682155132294,0.29104304313659668,0.44101575016975403
COMPAPFFx,2016-08-31,-0.35309582948684692,-0.13677158951759338,0.044984478503465652,0.19739538431167603,0.30298677086830139
COMPAPFFx,2016-09-30,-0.17455042898654938,-0.052463207393884659,0.053853318095207214,0.30100330710411072,0.47448447346687317
CONSPI,2014-10-31,-0.5042421817779541,-0.26487624645233154,0.38303524255752563,1.0042852163314819,1.1201452016830444
CONSPI,2014-11-30,-0.82441288232803345,-0.3873436450958252,0.26549121737480164,0.84939241409301758,1.0901192426681519
CONSPI,2014-12-31,-0.78259414434432983,-0.52168309688568115,0.21903084218502045,0.86183977127075195,1.0864756107330322
CONSPI,2015-01-31,-0.53195005655288696,-0.2563755214214325,0.40627992153167725,1.1080996990203857,1.3240294456481934
CONSPI,2015-02-28,-0.28112804889678955,-0.21643956005573273,0.33064806461334229,1.05311119556427,1.3286774158477783
CONSPI,2015-03-31,-0.77497434616088867,-0.56382954120635986,0.21323615312576294,1.0863994359970093,1.3517224788665771
CONSPI,2015-04-30,-0.57618045806884766,-0.40190711617469788,0.31040418148040771,1.0523943901062012,1.3918774127960205
CONSPI,2015-05-31,-0.87494003772735596,-0.60427647829055786,0.28260952234268188,0.92318880558013916,1.0947448015213013
CONSPI,2015-06-30,-0.93438756465911865,-0.75992971658706665,0.27541375160217285,1.0554404258728027,1.2804385423660278
CONSPI,2015-07-31,-1.1144522428512573,-0.73891425132751465,0.30788612365722656,1.2954132556915283,1.6469923257827759
CONSPI,2015-08-31,-1.380178689956665,-0.90997940301895142,0.014347906224429607,0.89429676532745361,1.2020061016082764
CONSPI,2015-09-30,-1.0450373888015747,-0.59858095645904541,0.24992311000823975,1.2218260765075684,1.4940078258514404
CONSPI,2015-10-31,-1.0740890502929688,-0.75983089208602905,0.21599236130714417,1.0785520076751709,1.357170581817627
CONSPI,2015-11-30,-1.2021770477294922,-0.88145464658737183,0.12765693664550781,1.1836378574371338,1.4533686637878418
CONSPI,2015-12-31,-1.3736457824707031,-0.7479245662689209,0.27515006065368652,1.159320592880249,1.7005854845046997
CONSPI,2016-01-31,-1.1002250909805298,-0.82181191444396973,0.12433119118213654,1.0426243543624878,1.2732576131820679
CONSPI,2016-02-29,-1.0002677440643311,-0.74477005004882812,0.18069750070571899,1.2262799739837646,1.5808603763580322
CONSPI,2016-03-31,-1.381793737411499,-0.88433587551116943,0.19258788228034973,1.1467969417572021,1.5528284311294556
CONSPI,2016-04-30,-1.2934914827346802,-0.88385128974914551,0.24516025185585022,1.0738703012466431,1.4145216941833496
CONSPI,2016-05-31,-1.3260238170623779,-0.84385597705841064,0.33757638931274414,1.270330548286438,1.7049497365951538
CONSPI,2016-06-30,-1.6460996866226196,-1.093611478805542,0.1142863929271698,1.3991332054138184,1.5632592439651489
CONSPI,2016-07-31,-1.0528621673583984,-0.68649327754974365,0.31563824415206909,1.4233260154724121,1.8094788789749146
CONSPI,2016-08-31,-0.94262140989303589,-0.69173866510391235,0.2539612352848053,1.2217751741409302,1.4534157514572144
CONSPI,2016-09-30,-1.3387137651443481,-0.81900960206985474,0.15453037619590759,1.115154504776001,1.5652362108230591
CP3Mx,2014-10-31,-0.089682005345821381,-0.042219087481498718,-0.0051743434742093086,0.024417364969849586,0.055937878787517548
CP3Mx,2014-11-30,-0.051489643752574921,-0.034304212778806686,-0.0037588761188089848,0.034313678741455078,0.08050873875617981
CP3Mx,2014-12-31,-0.060420762747526169,-0.033364597707986832,-0.0049669099971652031,0.038904011249542236,0.075387515127658844
CP3Mx,2015-01-31,-0.10778980702161789,-0.060404796153306961,-0.0022055085282772779,0.051366012543439865,0.17345333099365234
CP3Mx,2015-02-28,-0.082059890031814575,-0.044001210480928421,-0.0076111936941742897,0.061036046594381332,0.11019152402877808
CP3Mx,2015-03-31,-0.18052220344543457,-0.071456216275691986,-0.0062090903520584106,0.027113063260912895,0.05260138213634491
CP3Mx,2015-04-30,-0.13151358067989349,-0.063844881951808929,-0.0064210128039121628,0.025481697171926498,0.073562003672122955
CP3Mx,2015-05-31,-0.05542716383934021,-0.035656750202178955,-0.0028408314101397991,0.045205369591712952,0.11932909488677979
CP3Mx,2015-06-30,-0.22870261967182159,-0.11056051403284073,-0.004532904364168644,0.066682040691375732,0.11526408791542053
CP3Mx,2015-07-31,-0.12478997558355331,-0.080129601061344147,-0.0012759531382471323,0.1109696626663208,0.26141664385795593
CP3Mx,2015-08-31,-0.11820453405380249,-0.068585067987442017,-0.0070781135000288486,0.053036186844110489,0.11682641506195068
CP3Mx,2015-09-30,-0.25370681285858154,-0.11877817660570145,-0.0073159453459084034,0.04632207378745079,0.091486796736717224
CP3Mx,2015-10-31,-0.20932239294052124,-0.1328761875629425,-0.004023402463644743,0.093932703137397766,0.18582463264465332
CP3Mx,2015-11-30,-0.19442306458950043,-0.1094902828335762,-0.0029275375418365002,0.077294997870922089,0.15633963048458099
CP3Mx,2015-12-31,-0.12435737997293472,-0.058776859194040298,-0.0028163290116935968,0.11155039072036743,0.20620134472846985
CP3Mx,2016-01-31,-0.24079711735248566,-0.13174790143966675,-0.0067512514069676399,0.093475431203842163,0.15332522988319397
CP3Mx,2016-02-29,-0.2318168580532074,-0.1138116791844368,-0.0051754000596702099,0.10374075174331665,0.19584903120994568
CP3Mx,2016-03-31,-0.19081993401050568,-0.10305596888065338,-0.0042315511964261532,0.064611829817295074,0.13302309811115265
CP3Mx,2016-04-30,-0.27038353681564331,-0.13328389823436737,-0.0042709577828645706,0.11751688271760941,0.20472735166549683
CP3Mx,2016-05-31,-0.29967638850212097,-0.10975214093923569,-0.004984675906598568,0.14045053720474243,0.227338507771492
CP3Mx,2016-06-30,-0.18640954792499542,-0.13032072782516479,-0.0038639137055724859,0.11081193387508392,0.1983734518289566
CP3Mx,2016-07-31,-0.35651516914367676,-0.21320836246013641,-0.0054940814152359962,0.1416914165019989,0.23137319087982178
CP3Mx,2016-08-31,-0.30175939202308655,-0.22257281839847565,-0.0061802202835679054,0.097404338419437408,0.1501750648021698
CP3Mx,2016-09-30,-0.24795490503311157,-0.11376659572124481,-0.0041612237691879272,0.16471973061561584,0.31057435274124146
CPIAPPSL,2014-10-31,-0.0091436887159943581,-0.0065781800076365471,-0.0014781178906559944,0.002732003340497613,0.0039349128492176533
CPIAPPSL,2014-11-30,-0.011570323258638382,-0.0090302182361483574,-0.001270755659788847,0.0041738273575901985,0.0062663308344781399
CPIAPPSL,2014-12-31,-0.0095469541847705841,-0.0083898967131972313,-0.0013920189812779427,0.0054691862314939499,0.0075492803007364273
CPIAPPSL,2015-01-31,-0.0080157266929745674,-0.0046269870363175869,-0.00025055347941815853,0.0061494391411542892,0.0080789122730493546
CPIAPPSL,2015-02-28,-0.00877339206635952,-0.0064816591329872608,0.00061867013573646545,0.0086823059245944023,0.010298735462129116
CPIAPPSL,2015-03-31,-0.012070674449205399,-0.0082096895202994347,-0.0011528290342539549,0.0049418066628277302,0.0061826771125197411
CPIAPPSL,2015-04-30,-0.009764290414750576,-0.0066894935443997383,-0.00051183701725676656,0.0045360429212450981,0.0063015678897500038
CPIAPPSL,2015-05-31,-0.012288171797990799,-0.0088721420615911484,-0.00016251424676738679,0.0052819345146417618,0.0082657309249043465
CPIAPPSL,2015-06-30,-0.008837367407977581,-0.006866775918751955,-0.00080384383909404278,0.0045895148068666458,0.0069468780420720577
CPIAPPSL,2015-07-31,-0.0084144324064254761,-0.0057216533459722996,-0.00093231094069778919,0.0041709174402058125,0.0062731504440307617
CPIAPPSL,2015-08-31,-0.0084046795964241028,-0.0060925483703613281,-0.00024519785074517131,0.0058786096051335335,0.0075642126612365246
CPIAPPSL,2015-09-30,-0.0071875667199492455,-0.0064017069526016712,-0.00091116968542337418,0.0071605341508984566,0.010089361108839512
CPIAPPSL,2015-10-31,-0.010649261064827442,-0.0066720400936901569,-0.00039437582017853856,0.0052574067376554012,0.00647746492177248
CPIAPPSL,2015-11-30,-0.0084942542016506195,-0.0073348768055438995,0.00049451482482254505,0.0068910284899175167,0.0080002434551715851
CPIAPPSL,2015-12-31,-0.010242974385619164,-0.0071411156095564365,-0.0015884591266512871,0.0070072184316813946,0.0093583744019269943
CPIAPPSL,2016-01-31,-0.0067023332230746746,-0.0058515709824860096,-0.00019735551904886961,0.0055486364290118217,0.0070683257654309273
CPIAPPSL,2016-02-29,-0.0074625625275075436,-0.0061565707437694073,9.759759996086359e-05,0.0094961505383253098,0.012796273455023766
CPIAPPSL,2016-03-31,-0.0087966984137892723,-0.0060428297147154808,-0.00063865853007882833,0.0058270907029509544,0.0071962522342801094
CPIAPPSL,2016-04-30,-0.01012413389980793,-0.0066730394028127193,0.0001225099986186251,0.0054684765636920929,0.0062957359477877617
CPIAPPSL,2016-05-31,-0.0093195242807269096,-0.0078509096056222916,-0.00098954187706112862,0.0048699253238737583,0.0079403547570109367
CPIAPPSL,2016-06-30,-0.0073102321475744247,-0.0049874996766448021,-0.00028751775971613824,0.0055581922642886639,0.0075581613928079605
CPIAPPSL,2016-07-31,-0.0066989194601774216,-0.0054843723773956299,-0.00030672800494357944,0.0055951187387108803,0.0082795917987823486
CPIAPPSL,2016-08-31,-0.011534951627254486,-0.0092055043205618858,-0.00073749158764258027,0.0032142181880772114,0.0067768124863505363
CPIAPPSL,2016-09-30,-0.011030489578843117,-0.0078472262248396873,-0.0011224773479625583,0.0054425867274403572,0.0079412590712308884
CPIAUCSL,2014-10-31,-0.00093188590835779905,-0.00048202724428847432,0.001078668050467968,0.0029193086083978415,0.003365448210388422
CPIAUCSL,2014-11-30,-0.0015625582309439778,-0.00072937982622534037,0.001707395538687706,0.0039428602904081345,0.0047551258467137814
CPIAUCSL,2014-12-31,-0.0013963376404717565,-0.00071169494185596704,0.0015140412142500281,0.0032510720193386078,0.0037192015442997217
CPIAUCSL,2015-01-31,-0.0014842855744063854,-0.00080149498535320163,0.0012442083097994328,0.0036048649344593287,0.0044649583287537098
CPIAUCSL,2015-02-28,-0.00063977902755141258,-0.00022125433315522969,0.001557867624796927,0.0035331204999238253,0.0041276393458247185
CPIAUCSL,2015-03-31,-0.00084211898501962423,-9.8811358384409687e-07,0.0016598303336650133,0.0036650665570050478,0.0053410045802593231
CPIAUCSL,2015-04-30,-0.00082900025881826878,-0.00027161010075360537,0.0014213324757292867,0.0041068820282816887,0.0047159180976450443
CPIAUCSL,2015-05-31,-0.0012030508369207382,-0.00055590091506019235,0.0014647417701780796,0.003481399966403842,0.0039954897947609425
CPIAUCSL,2015-06-30,-0.0010832396801561117,7.7829448855482042e-05,0.0017400691285729408,0.0035844980739057064,0.0043321265839040279
CPIAUCSL,2015-07-31,-0.0010292440420016646,-0.00039533994277007878,0.0015231510624289513,0.0032059554941952229,0.003551956033334136
CPIAUCSL,2015-08-31,-0.0015370964538305998,-0.0008676344295963645,0.0013942656805738807,0.0036709599662572145,0.004310432355850935
CPIAUCSL,2015-09-30,-0.00097630312666296959,-0.00047814691788516939,0.0015241377986967564,0.0032317813020199537,0.0041595678776502609
CPIAUCSL,2015-10-31,-0.0010717418044805527,-0.00037957384483888745,0.0017728046514093876,0.0035573297645896673,0.0039662751369178295
CPIAUCSL,2015-11-30,-0.0011310232803225517,-0.00088744424283504486,0.0012631799327209592,0.0040669916197657585,0.0048459284007549286
CPIAUCSL,2015-12-31,-0.0016835419228300452,-0.00050784426275640726,0.0017892031464725733,0.0037637383211404085,0.0043181818909943104
CPIAUCSL,2016-01-31,-0.0014521793927997351,-0.00073501421138644218,0.0015315033961087465,0.0034800996072590351,0.0045837177895009518
CPIAUCSL,2016-02-29,-0.0015680899377912283,-0.0010824523633345962,0.0015569648239761591,0.0036541507579386234,0.0042624254710972309
CPIAUCSL,2016-03-31,-0.0020090790931135416,-0.00065865094074979424,0.0014523243298754096,0.0039600408636033535,0.0044404086656868458
CPIAUCSL,2016-04-30,-0.0016178274527192116,-0.00044263264862820506,0.0015622139908373356,0.0039362180978059769,0.0046552876010537148
CPIAUCSL,2016-05-31,-0.0014373693848028779,-0.0008748471736907959,0.0016068064142018557,0.0038751792162656784,0.0047786291688680649
CPIAUCSL,2016-06-30,-0.0012183062499389052,-0.00061324628768488765,0.0017953556962311268,0.0040637198835611343,0.0045977267436683178
CPIAUCSL,2016-07-31,-0.0014392518205568194,-0.00067963352194055915,0.0016045017400756478,0.0038912026211619377,0.0042617432773113251
CPIAUCSL,2016-08-31,-0.0013443231582641602,-0.00085313350427895784,0.00170366489328444,0.0040716943331062794,0.0049117375165224075
CPIAUCSL,2016-09-30,-0.0019726213067770004,-0.0010280455462634563,0.0012634331360459328,0.0034082613419741392,0.0041612782515585423
CPIMEDSL,2014-10-31,-0.0016043357318267226,-0.0013867266243323684,-0.00020819116616621614,0.0013407377991825342,0.0017416424816474319
CPIMEDSL,2014-11-30,-0.0017343835206702352,-0.0015022200532257557,-0.00015704130055382848,0.0010666422313079238,0.0013001151382923126
CPIMEDSL,2014-12-31,-0.0016965717077255249,-0.0011714069405570626,9.7924101282842457e-05,0.0013350130757316947,0.001717722974717617
CPIMEDSL,2015-01-31,-0.0022338624112308025,-0.0017306824447587132,-9.3615104560740292e-05,0.0015509608201682568,0.0019558265339583158
CPIMEDSL,2015-02-28,-0.0021194659639149904,-0.0017354835290461779,-0.00019826208881568164,0.0014624621253460646,0.0016134723555296659
CPIMEDSL,2015-03-31,-0.0016461990308016539,-0.0012411525240167975,-0.0001580956595716998,0.00143100181594491,0.0017255339771509171
CPIMEDSL,2015-04-30,-0.0022748848423361778,-0.0018178997561335564,-0.0002161949232686311,0.0013507984112948179,0.0019386116182431579
CPIMEDSL,2015-05-31,-0.002311082324013114,-0.0017028811853379011,-0.00019894490833394229,0.0013635233044624329,0.0016562726814299822
CPIMEDSL,2015-06-30,-0.0019032034324482083,-0.0015678199706599116,7.0769179728813469e-05,0.0015253853052854538,0.0018619631882756948
CPIMEDSL,2015-07-31,-0.0019825180061161518,-0.0016766587505117059,6.6206048359163105e-05,0.0017210056539624929,0.0021291631273925304
CPIMEDSL,2015-08-31,-0.0022952272556722164,-0.0015735100023448467,-0.00020745952497236431,0.0017024625558406115,0.0020437049679458141
CPIMEDSL,2015-09-30,-0.002009508665651083,-0.0016804976621642709,-0.00016320431313943118,0.0013182112015783787,0.0015642978250980377
CPIMEDSL,2015-10-31,-0.0019951723515987396,-0.0013466025702655315,2.4612179913674481e-05,0.0014071043115109205,0.0017285746289417148
CPIMEDSL,2015-11-30,-0.0021640569902956486,-0.0018764623673632741,-5.6671960919629782e-05,0.0013278108090162277,0.0017238580621778965
CPIMEDSL,2015-12-31,-0.0020982313435524702,-0.0019202530384063721,-0.00017332306015305221,0.0012047117343172431,0.0017006051493808627
CPIMEDSL,2016-01-31,-0.0021507989149540663,-0.0015354631468653679,-0.00010485920938663185,0.0015459423884749413,0.0020514689385890961
CPIMEDSL,2016-02-29,-0.002200789749622345,-0.0015515830600634217,2.9999398975633085e-05,0.0015837097307667136,0.0022621902171522379
CPIMEDSL,2016-03-31,-0.0021933626849204302,-0.0017175147077068686,0.00010890974954236299,0.0014923015842214227,0.0017700673779472709
CPIMEDSL,2016-04-30,-0.0018618713365867734,-0.0014656031271442771,-1.6616870198049583e-05,0.0017996031092479825,0.0019991784356534481
CPIMEDSL,2016-05-31,-0.0018290857551619411,-0.0013559450162574649,-2.0567305909935385e-05,0.0012034245301038027,0.0020283176563680172
CPIMEDSL,2016-06-30,-0.0022508073598146439,-0.0016398868756368756,-9.4149210781324655e-05,0.0016068106051534414,0.0020601409487426281
CPIMEDSL,2016-07-31,-0.0020649170037358999,-0.0016671657795086503,6.518122972920537e-05,0.0013741169823333621,0.0017168847844004631
CPIMEDSL,2016-08-31,-0.0020438369829207659,-0.0016989430878311396,-0.0002720148186199367,0.0013002598425373435,0.0014973292127251625
CPIMEDSL,2016-09-30,-0.0019905781373381615,-0.0014998698607087135,-0.00016690336633473635,0.0017444003606215119,0.0020606245379894972
CPITRNSL,2014-10-31,-0.0080839777365326881,-0.0045357118360698223,0.0059747756458818913,0.019464030861854553,0.023338258266448975
CPITRNSL,2014-11-30,-0.012881087139248848,-0.0093533312901854515,0.00070285331457853317,0.014399542473256588,0.017586981877684593
CPITRNSL,2014-12-31,-0.017058661207556725,-0.01163802295923233,-0.001286502811126411,0.012359660118818283,0.018062656745314598
CPITRNSL,2015-01-31,-0.020224053412675858,-0.014434506185352802,-0.0015127444639801979,0.011181644164025784,0.012830039486289024
CPITRNSL,2015-02-28,-0.019093673676252365,-0.015446213074028492,0.00061437516706064343,0.0098677258938550949,0.018515037372708321
CPITRNSL,2015-03-31,-0.020746683701872826,-0.015768967568874359,-6.2429782701656222e-05,0.012252972461283207,0.018149051815271378
CPITRNSL,2015-04-30,-0.018667325377464294,-0.014513530768454075,0.0012480629375204444,0.011964212171733379,0.019871270284056664
CPITRNSL,2015-05-31,-0.020659018307924271,-0.015792718157172203,-0.001389020006172359,0.010279678739607334,0.014693186618387699
CPITRNSL,2015-06-30,-0.015015199780464172,-0.011462271213531494,-0.00025629106676205993,0.0093078324571251869,0.01385775301605463
CPITRNSL,2015-07-31,-0.013255263678729534,-0.0092055415734648705,-0.00094191194511950016,0.010947944596409798,0.014428701251745224
CPITRNSL,2015-08-31,-0.018872035667300224,-0.0089985989034175873,0.00015058254939503968,0.010344101116061211,0.016416080296039581
CPITRNSL,2015-09-30,-0.018626606091856956,-0.013716206885874271,3.5682925954461098e-05,0.011076719500124454,0.013743853196501732
CPITRNSL,2015-10-31,-0.014520386233925819,-0.0098688555881381035,0.00016800363664515316,0.01168958842754364,0.013664053753018379
CPITRNSL,2015-11-30,-0.022074928507208824,-0.014436366967856884,-0.00066722201881930232,0.011527927592396736,0.014673362486064434
CPITRNSL,2015-12-31,-0.018691675737500191,-0.013282563537359238,-0.0005333258886821568,0.0096321413293480873,0.014990061521530151
CPITRNSL,2016-01-31,-0.016639167442917824,-0.011856889352202415,-0.00017848427523858845,0.010996283963322639,0.015203381888568401
CPITRNSL,2016-02-29,-0.01378451194614172,-0.010146298445761204,0.00056120625231415033,0.012827572412788868,0.019302111119031906
CPITRNSL,2016-03-31,-0.012048441916704178,-0.0084991287440061569,-0.00029650988290086389,0.0090458253398537636,0.014230972155928612
CPITRNSL,2016-04-30,-0.013710972853004932,-0.010788273066282272,-0.0013348829234018922,0.0081094037741422653,0.012151967734098434
CPITRNSL,2016-05-31,-0.017289157956838608,-0.014326754026114941,-0.0022974899038672447,0.0087996954098343849,0.014532564207911491
CPITRNSL,2016-06-30,-0.014898544177412987,-0.009847068227827549,-0.00055562122724950314,0.012894580140709877,0.015166905708611012
CPITRNSL,2016-07-31,-0.018815554678440094,-0.01261656079441309,-0.00043870892841368914,0.0093584740534424782,0.014474550262093544
CPITRNSL,2016-08-31,-0.018939409404993057,-0.012673656456172466,-0.00096306449268013239,0.012293748557567596,0.0145981814712286
CPITRNSL,2016-09-30,-0.016009455546736717,-0.012528535909950733,-0.0013799306470900774,0.010611154139041901,0.015163811855018139
CPIULFSL,2014-10-31,-0.0023685391061007977,-0.0018414544174447656,8.7145017459988594e-05,0.0025386556517332792,0.0031675612553954124
CPIULFSL,2014-11-30,-0.0037241179961711168,-0.0024417329113930464,-0.00015529802476521581,0.0018348000012338161,0.0026242481544613838
CPIULFSL,2014-12-31,-0.0030675432644784451,-0.0024754572659730911,-0.00017500932153780013,0.0024160770699381828,0.0028421164024621248
CPIULFSL,2015-01-31,-0.0033139784354716539,-0.0025894688442349434,-5.2835610404144973e-05,0.0021947815548628569,0.0032197721302509308
CPIULFSL,2015-02-28,-0.0040289955213665962,-0.0032104230485856533,-0.00039682991337031126,0.0017468670848757029,0.0026407600380480289
CPIULFSL,2015-03-31,-0.0024084118194878101,-0.0019863508641719818,-0.00020764260261785239,0.0022766850888729095,0.0033192685805261135
CPIULFSL,2015-04-30,-0.0032350353430956602,-0.0024597924202680588,-0.00017577127437107265,0.0018358157249167562,0.0023330461699515581
CPIULFSL,2015-05-31,-0.003121671499684453,-0.0026053339242935181,-5.1059374527540058e-05,0.0022878630552440882,0.0031210738234221935
CPIULFSL,2015-06-30,-0.0027673717122524977,-0.0023148148320615292,-7.4989962740801275e-05,0.0019257803214713931,0.0024244084488600492
CPIULFSL,2015-07-31,-0.0039827111177146435,-0.0031403684988617897,-0.00016804909682832658,0.0022673932835459709,0.0036576807033270597
CPIULFSL,2015-08-31,-0.0024119538720697165,-0.0017655206611379981,0.00020589804626069963,0.0024119419977068901,0.0027527364436537027
CPIULFSL,2015-09-30,-0.004029029980301857,-0.0030092764645814896,-0.00045984250027686357,0.0023133123759180307,0.0032974313944578171
CPIULFSL,2015-10-31,-0.0029676223639398813,-0.0023790060076862574,4.9059213779401034e-05,0.0023500414099544287,0.0027132285758852959
CPIULFSL,2015-11-30,-0.0032563686836510897,-0.0024960208684206009,-0.00012775935465469956,0.0024432579521089792,0.0030237084720283747
CPIULFSL,2015-12-31,-0.0039153946563601494,-0.0029115010984241962,-0.00025401802849955857,0.0025138917844742537,0.0030482599977403879
CPIULFSL,2016-01-31,-0.0029541333205997944,-0.0021717501804232597,-0.00038492778548970819,0.0016050946433097124,0.0022027858067303896
CPIULFSL,2016-02-29,-0.0026896537747234106,-0.0019016002770513296,0.00050843076314777136,0.0027936166152358055,0.0037906034849584103
CPIULFSL,2016-03-31,-0.006413566879928112,-0.0025294905062764883,-0.00016816332936286926,0.0017236812273040414,0.0018633418949320912
CPIULFSL,2016-04-30,-0.0032195844687521458,-0.0025917089078575373,0.00024979381123557687,0.002461771247908473,0.0033912023063749075
CPIULFSL,2016-05-31,-0.0030164183117449284,-0.0021686330437660217,0.00012503351899795234,0.0024185592774301767,0.00322496029548347
CPIULFSL,2016-06-30,-0.0034837611019611359,-0.0022667720913887024,-3.1163395760813728e-05,0.0026218090206384659,0.0033633997663855553
CPIULFSL,2016-07-31,-0.003230976639315486,-0.0025922073982656002,-0.00022653493215329945,0.0024786428548395634,0.0034968226682394743
CPIULFSL,2016-08-31,-0.0071160634979605675,-0.0032996512018144131,-0.00021707831183448434,0.0018402427667751908,0.0023038566578179598
CPIULFSL,2016-09-30,-0.0034554789308458567,-0.0023850966244935989,-0.00014279328752309084,0.0017717311857268214,0.0024644972290843725
CUMFNS,2014-10-31,-0.72245496511459351,-0.6115882396697998,0.027654170989990234,0.55524754524230957,0.69181197881698608
CUMFNS,2014-11-30,-0.86116874217987061,-0.66695749759674072,0.022473078221082687,0.59205657243728638,0.86047428846359253
CUMFNS,2014-12-31,-0.87393850088119507,-0.63416492938995361,-0.0318475142121315,0.64478772878646851,0.77078497409820557
CUMFNS,2015-01-31,-1.0159496068954468,-0.62969642877578735,0.04511188343167305,0.53782904148101807,0.8648611307144165
CUMFNS,2015-02-28,-0.89304095506668091,-0.51137536764144897,-0.00047149322926998138,0.68788319826126099,0.84236639738082886
CUMFNS,2015-03-31,-0.73003840446472168,-0.55712729692459106,0.10092790424823761,0.6632763147354126,0.76883655786514282
CUMFNS,2015-04-30,-0.72164297103881836,-0.57470732927322388,0.10097108781337738,0.69033199548721313,0.81812047958374023
CUMFNS,2015-05-31,-0.7419058084487915,-0.50234001874923706,0.1014305055141449,0.86122119426727295,1.0255448818206787
CUMFNS,2015-06-30,-0.94638979434967041,-0.66561663150787354,0.013186360709369183,0.82152050733566284,1.0224231481552124
CUMFNS,2015-07-31,-0.79204243421554565,-0.58571654558181763,0.037287522107362747,0.76014339923858643,0.84416735172271729
CUMFNS,2015-08-31,-1.0342743396759033,-0.79191339015960693,-0.082343369722366333,0.51229351758956909,0.75862884521484375
CUMFNS,2015-09-30,-0.7897334098815918,-0.64702415466308594,0.012926163151860237,0.73310869932174683,0.87725591659545898
CUMFNS,2015-10-31,-0.95851927995681763,-0.73711514472961426,0.079948931932449341,0.69481301307678223,0.88228172063827515
CUMFNS,2015-11-30,-0.96927028894424438,-0.59866422414779663,0.0037600807845592499,0.53713428974151611,0.99037742614746094
CUMFNS,2015-12-31,-1.0119315385818481,-0.75928294658660889,0.039395846426486969,0.63565170764923096,0.81659609079360962
CUMFNS,2016-01-31,-0.77527749538421631,-0.56996059417724609,-0.014795416034758091,0.58428651094436646,0.71304899454116821
CUMFNS,2016-02-29,-0.86066341400146484,-0.71299439668655396,0.041880529373884201,0.56551080942153931,0.74550634622573853
CUMFNS,2016-03-31,-0.99165278673171997,-0.62858575582504272,0.029416568577289581,0.68496853113174438,0.83816665410995483
CUMFNS,2016-04-30,-1.3235852718353271,-0.84122037887573242,-0.00571468286216259,0.65231412649154663,0.84603530168533325
CUMFNS,2016-05-31,-0.82713377475738525,-0.62564444541931152,0.033614575862884521,0.57354986667633057,0.84721994400024414
CUMFNS,2016-06-30,-0.92998838424682617,-0.72873950004577637,0.030427683144807816,0.53434169292449951,0.66668564081192017
CUMFNS,2016-07-31,-0.74673807621002197,-0.58281242847442627,-0.026170574128627777,0.52562397718429565,0.71952724456787109
CUMFNS,2016-08-31,-1.0391258001327515,-0.80841559171676636,-0.053848873823881149,0.70909833908081055,0.89058595895767212
CUMFNS,2016-09-30,-0.9203302264213562,-0.53182339668273926,0.11486867070198059,0.69571393728256226,0.87571513652801514
CUSR0000SA0L2,2014-10-31,-0.0034633066970854998,-0.0022573515307158232,0.00045092380605638027,0.0040476452559232712,0.0071234698407351971
CUSR0000SA0L2,2014-11-30,-0.0036691706627607346,-0.002805766649544239,-7.0324313128367066e-05,0.0025295179802924395,0.003153111319988966
CUSR0000SA0L2,2014-12-31,-0.0059437490999698639,-0.0040261698886752129,-0.00029720959719270468,0.002927261870354414,0.0038829420227557421
CUSR0000SA0L2,2015-01-31,-0.0034659383818507195,-0.0028110097628086805,-0.00013566837878897786,0.0030151030514389277,0.0037418007850646973
CUSR0000SA0L2,2015-02-28,-0.0039866617880761623,-0.0027907132171094418,0.00017831563309300691,0.0026314086280763149,0.0034865378402173519
CUSR0000SA0L2,2015-03-31,-0.0051124067977070808,-0.0035552026238292456,-4.30142745244666e-06,0.0029249228537082672,0.0037873503752052784
CUSR0000SA0L2,2015-04-30,-0.0039197248406708241,-0.0029608947224915028,0.00017153398948721588,0.0027979037258774042,0.0036005715373903513
CUSR0000SA0L2,2015-05-31,-0.0043579046614468098,-0.0032534678466618061,-0.00020712861442007124,0.003686932846903801,0.0055663115344941616
CUSR0000SA0L2,2015-06-30,-0.0034192227758467197,-0.0025476224254816771,7.2616516263224185e-05,0.002724899910390377,0.003488234244287014
CUSR0000SA0L2,2015-07-31,-0.0040516890585422516,-0.0028902515769004822,-0.0002070577465929091,0.0023409540299326181,0.0034169489517807961
CUSR0000SA0L2,2015-08-31,-0.0034332291688770056,-0.0027284100651741028,0.00021553394617512822,0.0028064665384590626,0.0034904610365629196
CUSR0000SA0L2,2015-09-30,-0.0042774206958711147,-0.0031129578128457069,-0.0002591675438452512,0.003404662013053894,0.0054436917416751385
CUSR0000SA0L2,2015-10-31,-0.0050167064182460308,-0.0036739974748343229,-7.0694004534743726e-05,0.0031841378659009933,0.003927688580006361
CUSR0000SA0L2,2015-11-30,-0.0048418892547488213,-0.0033024605363607407,0.00014393079618457705,0.0031051407568156719,0.0048867445439100266
CUSR0000SA0L2,2015-12-31,-0.0066378060728311539,-0.0034115766175091267,-0.00020640478760469705,0.0020771671552211046,0.0023411987349390984
CUSR0000SA0L2,2016-01-31,-0.004212547093629837,-0.0031243877019733191,-4.6474451664835215e-05,0.0028526799287647009,0.0039342567324638367
CUSR0000SA0L2,2016-02-29,-0.0076880911365151405,-0.0038783077616244555,-0.0002844499540515244,0.0027211792767047882,0.0032638018019497395
CUSR0000SA0L2,2016-03-31,-0.0048568821512162685,-0.0027701137587428093,-0.00047093036118894815,0.0023861953523010015,0.0025665992870926857
CUSR0000SA0L2,2016-04-30,-0.0034261394757777452,-0.0025868387892842293,-0.00025342812296003103,0.0022539605852216482,0.003730027936398983
CUSR0000SA0L2,2016-05-31,-0.0034924258943647146,-0.002609150018543005,0.00042482663411647081,0.0026474858168512583,0.0035197774413973093
CUSR0000SA0L2,2016-06-30,-0.0037402710877358913,-0.0026095658540725708,1.101465750252828e-05,0.0022864588536322117,0.0035098236985504627
CUSR0000SA0L2,2016-07-31,-0.0032896033953875303,-0.002623637905344367,0.00037392426747828722,0.0037856274284422398,0.0060080448165535927
CUSR0000SA0L2,2016-08-31,-0.0072458917275071144,-0.0043591763824224472,-0.00040227617137134075,0.0029834075830876827,0.0038663814775645733
CUSR0000SA0L2,2016-09-30,-0.0029921457171440125,-0.0021345643326640129,0.00031948089599609375,0.0030882158316671848,0.0043173553422093391
CUSR0000SA0L5,2014-10-31,-0.0029306225478649139,-0.0021447672042995691,-2.0425804905244149e-05,0.0024882429279386997,0.003464345820248127
CUSR0000SA0L5,2014-11-30,-0.0031677549704909325,-0.0025522904470562935,-0.00010096034384332597,0.0022851296234875917,0.0028816272970288992
CUSR0000SA0L5,2014-12-31,-0.0028298029210418463,-0.0021184065844863653,-4.8839865485206246e-07,0.002325225155800581,0.003044038312509656
CUSR0000SA0L5,2015-01-31,-0.0029454482719302177,-0.002422866877168417,2.5970131900976412e-05,0.0021531959064304829,0.0028777872212231159
CUSR0000SA0L5,2015-02-28,-0.0029345082584768534,-0.001937223831191659,-0.00018955676932819188,0.0028390325605869293,0.0032844606321305037
CUSR0000SA0L5,2015-03-31,-0.0033203479833900928,-0.0023549948818981647,-0.00019167028949595988,0.0022886926308274269,0.0028540927451103926
CUSR0000SA0L5,2015-04-30,-0.0025754754897207022,-0.0021785350982099771,-0.00013848951493855566,0.0020701535977423191,0.002639496698975563
CUSR0000SA0L5,2015-05-31,-0.0032116773072630167,-0.0024845371954143047,6.0078236856497824e-06,0.0024911565706133842,0.0040032621473073959
CUSR0000SA0L5,2015-06-30,-0.0027696953620761633,-0.0021037803962826729,-0.00044827954843640327,0.0021541381720453501,0.0029043776448816061
CUSR0000SA0L5,2015-07-31,-0.0029638006817549467,-0.0024929605424404144,-0.00025410210946574807,0.0021303216926753521,0.003532597329467535
CUSR0000SA0L5,2015-08-31,-0.0035536012146621943,-0.0026111854240298271,-0.00037305403384380043,0.002348615787923336,0.0030503121670335531
CUSR0000SA0L5,2015-09-30,-0.0030241769272834063,-0.0024252438452094793,0.000205644202651456,0.0027631749399006367,0.0034756108652800322
CUSR0000SA0L5,2015-10-31,-0.003693415317684412,-0.0025096738245338202,0.00013770634541288018,0.0024138009175658226,0.0028245598077774048
CUSR0000SA0L5,2015-11-30,-0.0034105468075722456,-0.0022584635298699141,0.00034482567571103573,0.0024958637077361345,0.0038405354134738445
CUSR0000SA0L5,2015-12-31,-0.0032310453243553638,-0.0023863289970904589,-0.00023820632486604154,0.0023916801437735558,0.0030549403745681047
CUSR0000SA0L5,2016-01-31,-0.0030468360055238008,-0.0023369402624666691,-0.00055586500093340874,0.0022107011172920465,0.0032153897918760777
CUSR0000SA0L5,2016-02-29,-0.0030365895945578814,-0.0024198314640671015,-0.00011174976680194959,0.0026996308006346226,0.0033500757999718189
CUSR0000SA0L5,2016-03-31,-0.0040201735682785511,-0.0023144527804106474,0.00023424960090778768,0.0026580251287668943,0.0033134887926280499
CUSR0000SA0L5,2016-04-30,-0.0034026168286800385,-0.0020949386525899172,-0.00038093418697826564,0.0025094612501561642,0.0038732215762138367
CUSR0000SA0L5,2016-05-31,-0.0024979670997709036,-0.0020103012211620808,0.0003910086234100163,0.0031195865012705326,0.0034974603913724422
CUSR0000SA0L5,2016-06-30,-0.0031038604211062193,-0.0019942799117416143,-0.00015981175238266587,0.0021291598677635193,0.0030707267578691244
CUSR0000SA0L5,2016-07-31,-0.0032954646740108728,-0.0025422247126698494,-3.3700918720569462e-05,0.0021950728259980679,0.0031227392610162497
CUSR0000SA0L5,2016-08-31,-0.0028870075475424528,-0.0024635824374854565,7.5829171692021191e-05,0.0026184690650552511,0.0029282795730978251
CUSR0000SA0L5,2016-09-30,-0.0041203228756785393,-0.0022224977146834135,0.00017309775284957141,0.0020496533252298832,0.0023534628562629223
CUSR0000SAC,2014-10-31,-0.0077983238734304905,-0.0043195267207920551,0.0011940959375351667,0.0077299340628087521,0.009261641651391983
CUSR0000SAC,2014-11-30,-0.012708437629044056,-0.0088724624365568161,-0.00025050228578038514,0.0066111646592617035,0.0083793280646204948
CUSR0000SAC,2014-12-31,-0.01027313619852066,-0.0078188562765717506,-0.0011979162227362394,0.0056912829168140888,0.0079158786684274673
CUSR0000SAC,2015-01-31,-0.0082575958222150803,-0.0060389963909983635,-0.00012217718176543713,0.0065471604466438293,0.0085673220455646515
CUSR0000SAC,2015-02-28,-0.0095554804429411888,-0.0075159943662583828,-0.00022106916003394872,0.0056204325519502163,0.0078361928462982178
CUSR0000SAC,2015-03-31,-0.010737547650933266,-0.007028364110738039,-0.00083145510870963335,0.0043154661543667316,0.0065915598534047604
CUSR0000SAC,2015-04-30,-0.0091179125010967255,-0.0055522997863590717,0.00095836853142827749,0.007045302540063858,0.0091942837461829185
CUSR0000SAC,2015-05-31,-0.009625622071325779,-0.0067892163060605526,-0.0002872822224162519,0.0093955043703317642,0.013744042254984379
CUSR0000SAC,2015-06-30,-0.011097947135567665,-0.0056069735437631607,-0.00024461527937091887,0.0066977972164750099,0.010097662918269634
CUSR0000SAC,2015-07-31,-0.010036813095211983,-0.0073329820297658443,-0.0008976394310593605,0.0047944430261850357,0.0065691657364368439
CUSR0000SAC,2015-08-31,-0.010771217755973339,-0.0082754343748092651,-0.00010402687621535733,0.0068509159609675407,0.00805697962641716
CUSR0000SAC,2015-09-30,-0.011672195978462696,-0.01032063364982605,-0.00054594315588474274,0.0068218475207686424,0.0106649249792099
CUSR0000SAC,2015-10-31,-0.0095803998410701752,-0.0079129617661237717,-0.00069317437009885907,0.0068597057834267616,0.0093416022136807442
CUSR0000SAC,2015-11-30,-0.0099461385980248451,-0.0076735229231417179,-0.00056799664162099361,0.0061032208614051342,0.0088237524032592773
CUSR0000SAC,2015-12-31,-0.011665378697216511,-0.0085297226905822754,-0.00082191586261615157,0.0073252227157354355,0.009051232598721981
CUSR0000SAC,2016-01-31,-0.012715470045804977,-0.0087981242686510086,-2.4640197807457298e-05,0.0056280456483364105,0.0063572083599865437
CUSR0000SAC,2016-02-29,-0.01012418232858181,-0.0085561256855726242,-0.00044763856567442417,0.0075305504724383354,0.0093444967642426491
CUSR0000SAC,2016-03-31,-0.012846482917666435,-0.0084904991090297699,0.00012700202933046967,0.0075438404455780983,0.0099215302616357803
CUSR0000SAC,2016-04-30,-0.0073847305029630661,-0.0059879007749259472,-6.3610044890083373e-05,0.0058408505283296108,0.0094845592975616455
CUSR0000SAC,2016-05-31,-0.0091774119064211845,-0.0069583435542881489,-9.4623173936270177e-05,0.0057680043391883373,0.0084005696699023247
CUSR0000SAC,2016-06-30,-0.010528385639190674,-0.0068583134561777115,0.0002032533084275201,0.0065788906067609787,0.010799637995660305
CUSR0000SAC,2016-07-31,-0.011334668844938278,-0.0076559418812394142,-0.00017360100173391402,0.0057530002668499947,0.007421763613820076
CUSR0000SAC,2016-08-31,-0.015474671497941017,-0.010261796414852142,-0.00023361571948044002,0.0051516457460820675,0.0068253446370363235
CUSR0000SAC,2016-09-30,-0.014877696521580219,-0.011900955811142921,-0.0003302090335637331,0.0045627942308783531,0.0056944121606647968
CUSR0000SAD,2014-10-31,-0.0023045113775879145,-0.0018239628989249468,-0.00026090763276442885,0.0014097745297476649,0.0017778760520741343
CUSR0000SAD,2014-11-30,-0.0020693289116024971,-0.001688000513240695,-0.00019129930296912789,0.0017665167106315494,0.0021128843072801828
CUSR0000SAD,2014-12-31,-0.0021697920747101307,-0.0015986040234565735,-0.00018850555352400988,0.0015526917995885015,0.001946047879755497
CUSR0000SAD,2015-01-31,-0.0020284918136894703,-0.0016480572521686554,-2.511869570298586e-05,0.001790264155715704,0.0022350344806909561
CUSR0000SAD,2015-02-28,-0.0021254674065858126,-0.0017752001294866204,-3.2730931707192212e-05,0.0017255563288927078,0.0020835287868976593
CUSR0000SAD,2015-03-31,-0.0017824043752625585,-0.0014660123270004988,-0.00019234835053794086,0.0015673498855903745,0.0020450509618967772
CUSR0000SAD,2015-04-30,-0.0021459977142512798,-0.0015285239787772298,-0.00011294039722997695,0.0017485967837274075,0.0020902035757899284
CUSR0000SAD,2015-05-31,-0.0023181848227977753,-0.0017820840002968907,-7.1681075496599078e-05,0.0016942213987931609,0.0021323245018720627
CUSR0000SAD,2015-06-30,-0.0024761890526860952,-0.0020349235273897648,-0.00023290584795176983,0.0018189287511631846,0.0022712831851094961
CUSR0000SAD,2015-07-31,-0.0027217899914830923,-0.001910765771754086,2.3754646463203244e-05,0.0015023672021925449,0.0018995859427377582
CUSR0000SAD,2015-08-31,-0.0020285062491893768,-0.0016507738037034869,0.00021033646771684289,0.0017063108971342444,0.0025866557843983173
CUSR0000SAD,2015-09-30,-0.0025792196393013,-0.0016265130834653974,-3.9625501813134179e-05,0.0017346368404105306,0.0021195011213421822
CUSR0000SAD,2015-10-31,-0.002019776962697506,-0.0016523054800927639,0.00015731925668660551,0.0019265467999503016,0.0023898149374872446
CUSR0000SAD,2015-11-30,-0.0023897651117295027,-0.0016330600483343005,-0.00022893882123753428,0.0020023670513182878,0.0023254174739122391
CUSR0000SAD,2015-12-31,-0.0025193383917212486,-0.0016779598081484437,2.9380189516814426e-05,0.002023778622969985,0.002297133207321167
CUSR0000SAD,2016-01-31,-0.0025654817000031471,-0.0021633345168083906,-0.00011531267955433577,0.0016111999284476042,0.0022989511489868164
CUSR0000SAD,2016-02-29,-0.0020798544865101576,-0.0015660765348002315,2.2286294552031904e-06,0.0017736360896378756,0.0019900570623576641
CUSR0000SAD,2016-03-31,-0.0023437719792127609,-0.001878452836535871,-0.00021615198056679219,0.0017383316298946738,0.0020718805026262999
CUSR0000SAD,2016-04-30,-0.0028885579667985439,-0.0022863801568746567,0.00011629513028310612,0.0016595841152593493,0.00200865906663239
CUSR0000SAD,2016-05-31,-0.0023456059861928225,-0.0017968128668144345,6.886155460961163e-05,0.0018961656605824828,0.0025835160631686449
CUSR0000SAD,2016-06-30,-0.0022535105235874653,-0.0018273144960403442,7.3604081990197301e-05,0.0016633340856060386,0.0024916790425777435
CUSR0000SAD,2016-07-31,-0.0023565306328237057,-0.0018411802593618631,0.00012770437751896679,0.0018584256758913398,0.0022170986048877239
CUSR0000SAD,2016-08-31,-0.002710745669901371,-0.0019952012225985527,6.8025561631657183e-05,0.0018706960836425424,0.0027983067557215691
CUSR0000SAD,2016-09-30,-0.0025758021511137486,-0.0020847036503255367,-0.00025349177303723991,0.0019624878186732531,0.0023843816015869379
CUSR0000SAS,2014-10-31,-0.0018429966876283288,-0.0014723145868629217,0.00012179229815956205,0.0016154811019077897,0.0020932776387780905
CUSR0000SAS,2014-11-30,-0.0019085662206634879,-0.0015795585932210088,5.9847745433216915e-05,0.0013909646077081561,0.00197816570289433
CUSR0000SAS,2014-12-31,-0.0017544676084071398,-0.0014816138427704573,-9.2917849542573094e-05,0.0014222635654732585,0.0018515043193474412
CUSR0000SAS,2015-01-31,-0.0020673840772360563,-0.001530452398583293,0.00016777758719399571,0.0015673917951062322,0.0021476184483617544
CUSR0000SAS,2015-02-28,-0.0023339733015745878,-0.0018013155786320567,2.0957053493475541e-05,0.0014062760164961219,0.0018435362726449966
CUSR0000SAS,2015-03-31,-0.0020222782623022795,-0.0016455189324915409,-0.00018436330719850957,0.0015554027631878853,0.001997306477278471
CUSR0000SAS,2015-04-30,-0.0017399094067513943,-0.0011918608797714114,4.985111445421353e-05,0.0019297928083688021,0.0026080254465341568
CUSR0000SAS,2015-05-31,-0.0020933430641889572,-0.0016076861647889018,-0.00020586309256032109,0.0014464198611676693,0.0018389764009043574
CUSR0000SAS,2015-06-30,-0.0019836763385683298,-0.0015761061804369092,-0.00012097532453481108,0.0015057091368362308,0.0018431426724418998
CUSR0000SAS,2015-07-31,-0.0020106292795389891,-0.0014795837923884392,-1.9509730918798596e-05,0.001559978467412293,0.0019301483407616615
CUSR0000SAS,2015-08-31,-0.002150160726159811,-0.0014351984718814492,-3.0092487577348948e-05,0.0013556539779528975,0.0018894629320129752
CUSR0000SAS,2015-09-30,-0.0016223775455728173,-0.001448621042072773,0.00016210804460570216,0.0016653579659759998,0.0020191052462905645
CUSR0000SAS,2015-10-31,-0.0020740192849189043,-0.0014607488410547376,2.3460943339159712e-05,0.0012613185681402683,0.0018597911112010479
CUSR0000SAS,2015-11-30,-0.0021678099874407053,-0.001657838118262589,-6.737616058671847e-05,0.0013445453951135278,0.0018790370086207986
CUSR0000SAS,2015-12-31,-0.0018323480617254972,-0.0013803368201479316,-6.6237655119039118e-05,0.0014673930127173662,0.0017466925783082843
CUSR0000SAS,2016-01-31,-0.0023949837777763605,-0.0019735251553356647,7.7050135587342083e-06,0.0015323215629905462,0.0018098742002621293
CUSR0000SAS,2016-02-29,-0.0021115790586918592,-0.0018672073492780328,-0.00016432054690085351,0.0016729445196688175,0.0023971546906977892
CUSR0000SAS,2016-03-31,-0.0024142684414982796,-0.001809995505027473,0.00020201961160637438,0.0018482183804735541,0.0021807046141475439
CUSR0000SAS,2016-04-30,-0.0025180492084473372,-0.0019784220494329929,3.9165483030956239e-05,0.001495322328992188,0.0017430637963116169
CUSR0000SAS,2016-05-31,-0.0022217046935111284,-0.0019002653425559402,0.00018918816931545734,0.0015887196641415358,0.0018682605586946011
CUSR0000SAS,2016-06-30,-0.0019724867306649685,-0.0014749622205272317,-2.9182669095462188e-05,0.001553118578158319,0.0019323506858199835
CUSR0000SAS,2016-07-31,-0.0020080821122974157,-0.0016034634318202734,3.6767843994311988e-05,0.0015371046029031277,0.0018363973358646035
CUSR0000SAS,2016-08-31,-0.001883540884591639,-0.0014973693760111928,0.00017989607295021415,0.0016947148833423853,0.0024341719690710306
CUSR0000SAS,2016-09-30,-0.0021519048605114222,-0.0015153588028624654,-7.8030941949691623e-05,0.0016567686107009649,0.0023107889574021101
DDURRG3M086SBEA,2014-10-31,-0.0021582616027444601,-0.0014079349348321557,0.00049933674745261669,0.0023070706520229578,0.0030950119253247976
DDURRG3M086SBEA,2014-11-30,-0.0034854633267968893,-0.00276910699903965,-0.00033129024086520076,0.0022241829428821802,0.0028447227086871862
DDURRG3M086SBEA,2014-12-31,-0.0030156297143548727,-0.0024335624184459448,3.4171898732893169e-07,0.0021314991172403097,0.0030337227508425713
DDURRG3M086SBEA,2015-01-31,-0.0024028245825320482,-0.0016213172348216176,0.00076277111656963825,0.0027196137234568596,0.0039243842475116253
DDURRG3M086SBEA,2015-02-28,-0.0033605778589844704,-0.0028110726270824671,-0.00083835376426577568,0.0019455722067505121,0.0022845582570880651
DDURRG3M086SBEA,2015-03-31,-0.0024112395476549864,-0.001972332363948226,0.0004747292841784656,0.0029239647556096315,0.0035331740509718657
DDURRG3M086SBEA,2015-04-30,-0.0027862507849931717,-0.0021176969166845083,0.00058131001424044371,0.003086381359025836,0.0036843719426542521
DDURRG3M086SBEA,2015-05-31,-0.0035870401188731194,-0.0026709141675382853,-0.00023457995848730206,0.0028356846887618303,0.003277498297393322
DDURRG3M086SBEA,2015-06-30,-0.0031375652179121971,-0.002563459100201726,9.1338457423262298e-05,0.0029026013799011707,0.0033680007327347994
DDURRG3M086SBEA,2015-07-31,-0.0027540053706616163,-0.0021825395524501801,0.00038474757457152009,0.0032608159817755222,0.0044600837863981724
DDURRG3M086SBEA,2015-08-31,-0.0038075728807598352,-0.0028087138198316097,-0.00014065147843211889,0.0025614968035370111,0.0031318031251430511
DDURRG3M086SBEA,2015-09-30,-0.0025609193835407495,-0.0020133731886744499,0.00050361332250759006,0.0026221498847007751,0.0032754221465438604
DDURRG3M086SBEA,2015-10-31,-0.0033124831970781088,-0.0023160686250776052,0.00015702849486842752,0.0026962682604789734,0.003659349400550127
DDURRG3M086SBEA,2015-11-30,-0.0045913858339190483,-0.0034208009019494057,-0.00057791208382695913,0.002148335799574852,0.0028918955940753222
DDURRG3M086SBEA,2015-12-31,-0.0030487726908177137,-0.0025102272629737854,-3.1600866350345314e-05,0.0028674183413386345,0.0037954349536448717
DDURRG3M086SBEA,2016-01-31,-0.0027161531616002321,-0.0020585840102285147,0.00025191297754645348,0.0026272896211594343,0.0038245832547545433
DDURRG3M086SBEA,2016-02-29,-0.0036208599340170622,-0.0030322326347231865,-0.00041709138895384967,0.0022528450936079025,0.0032120621763169765
DDURRG3M086SBEA,2016-03-31,-0.0025598783977329731,-0.001900887000374496,0.00041614152723923326,0.0028634942136704922,0.0033412121701985598
DDURRG3M086SBEA,2016-04-30,-0.0025989399291574955,-0.0020413831807672977,0.00036884000292047858,0.0031576910987496376,0.0042019546963274479
DDURRG3M086SBEA,2016-05-31,-0.0032953110057860613,-0.0024098788853734732,-0.00049858476268127561,0.0022377758286893368,0.0028987156692892313
DDURRG3M086SBEA,2016-06-30,-0.0027886452153325081,-0.0024886415340006351,0.00024106937053147703,0.0032682644668966532,0.0045736031606793404
DDURRG3M086SBEA,2016-07-31,-0.0024212663993239403,-0.0020115317311137915,0.00052143697394058108,0.0027628794778138399,0.0032848825212568045
DDURRG3M086SBEA,2016-08-31,-0.0040090973488986492,-0.0033400501124560833,-0.00049566652160137892,0.0020861504599452019,0.0025087874382734299
DDURRG3M086SBEA,2016-09-30,-0.0023227767087519169,-0.0019742324948310852,0.00010840021423064172,0.0021959058940410614,0.0030185992363840342
DMANEMP,2014-10-31,-0.0012603836366906762,-0.00058728974545374513,0.0014677850995212793,0.0037095625884830952,0.0041929027065634727
DMANEMP,2014-11-30,-0.001643029972910881,-0.0012351658660918474,0.0012053340906277299,0.0033286907710134983,0.0037992594297975302
DMANEMP,2014-12-31,-0.0014692239928990602,-0.0010657338425517082,0.00098221073858439922,0.0034235510975122452,0.0036631529219448566
DMANEMP,2015-01-31,-0.0059930249117314816,-0.0019691644702106714,0.0011935476213693619,0.0035847874823957682,0.0040580034255981445
DMANEMP,2015-02-28,-0.0020523886196315289,-0.001653473824262619,0.0010660178959369659,0.0037301196716725826,0.0040636663325130939
DMANEMP,2015-03-31,-0.0024597556330263615,-0.0014792385045439005,0.00099734088871628046,0.0029108121525496244,0.0040768473409116268
DMANEMP,2015-04-30,-0.0079420553520321846,-0.0022913154680281878,0.00082450552145019174,0.0033208271488547325,0.0040666745044291019
DMANEMP,2015-05-31,-0.0029676773119717836,-0.0019446066580712795,0.00090529298176988959,0.0034058240707963705,0.0044597433879971504
DMANEMP,2015-06-30,-0.002417784882709384,-0.0014307081000879407,0.0010319432476535439,0.003656524233520031,0.0043362006545066833
DMANEMP,2015-07-31,-0.0057827583514153957,-0.0026253829710185528,0.00064044282771646976,0.003263184567913413,0.0038684580940753222
DMANEMP,2015-08-31,-0.0030974887777119875,-0.0019272267818450928,0.0011833804892376065,0.0039931582286953926,0.005137354601174593
DMANEMP,2015-09-30,-0.0062443474307656288,-0.0034064413048326969,0.00063500343821942806,0.0038088362198323011,0.0043907030485570431
DMANEMP,2015-10-31,-0.0080391746014356613,-0.0038169429171830416,0.00046524207573384047,0.0041740844026207924,0.0046942019835114479
DMANEMP,2015-11-30,-0.005831307265907526,-0.0031900182366371155,0.0013257447862997651,0.0039795003831386566,0.0057022394612431526
DMANEMP,2015-12-31,-0.0081049762666225433,-0.0034823447931557894,0.00070293981116265059,0.0032332476694136858,0.0037910756655037403
DMANEMP,2016-01-31,-0.0099416961893439293,-0.0036747646518051624,0.00077886693179607391,0.0035030448343604803,0.0056819813326001167
DMANEMP,2016-02-29,-0.012258294969797134,-0.007478710263967514,0.00060046545695513487,0.0042460421100258827,0.005045176949352026
DMANEMP,2016-03-31,-0.0080101555213332176,-0.0046154465526342392,0.00083390512736514211,0.0035972252953797579,0.0043535279110074043
DMANEMP,2016-04-30,-0.0098877055570483208,-0.0035519669763743877,0.00034095143200829625,0.0029344647191464901,0.0037181992083787918
DMANEMP,2016-05-31,-0.0085717467591166496,-0.0052351853810250759,0.00073726370465010405,0.0040008360520005226,0.0054838694632053375
DMANEMP,2016-06-30,-0.010321145877242088,-0.0054587065242230892,0.0006470929947681725,0.0039797648787498474,0.0044021382927894592
DMANEMP,2016-07-31,-0.0098322322592139244,-0.0066836844198405743,0.00025350620853714645,0.0044966372661292553,0.005629225168377161
DMANEMP,2016-08-31,-0.01289005670696497,-0.0075541213154792786,0.00046420781291089952,0.0045072124339640141,0.005259878933429718
DMANEMP,2016-09-30,-0.010442596860229969,-0.0068364995531737804,0.00057697691954672337,0.003851394634693861,0.0051680463366210461
DNDGRG3M086SBEA,2014-10-31,-0.0084593780338764191,-0.0050682867877185345,0.00011972514039371163,0.008691348135471344,0.011530111543834209
DNDGRG3M086SBEA,2014-11-30,-0.00998731330037117,-0.008378930389881134,-0.001191028393805027,0.0049467813223600388,0.0080962125211954117
DNDGRG3M086SBEA,2014-12-31,-0.011780332773923874,-0.0084796762093901634,-0.00038869670243002474,0.0057308212853968143,0.0077378875575959682
DNDGRG3M086SBEA,2015-01-31,-0.012859458103775978,-0.0090472986921668053,-0.0001933044841280207,0.0074893627315759659,0.011150223203003407
DNDGRG3M086SBEA,2015-02-28,-0.0098604056984186172,-0.0052148238755762577,-0.00075924978591501713,0.0043926630169153214,0.0073815337382256985
DNDGRG3M086SBEA,2015-03-31,-0.009038497693836689,-0.0069384137168526649,-0.00044572155456990004,0.0047261533327400684,0.0082040503621101379
DNDGRG3M086SBEA,2015-04-30,-0.01147142332047224,-0.0078594759106636047,-0.00016651980695314705,0.0073190419934689999,0.0086817294359207153
DNDGRG3M086SBEA,2015-05-31,-0.009212062694132328,-0.0064461240544915199,-0.00085797160863876343,0.0072151543572545052,0.012015949934720993
DNDGRG3M086SBEA,2015-06-30,-0.0087675284594297409,-0.0057932278141379356,1.9111634173896164e-05,0.0074194204062223434,0.0093150725588202477
DNDGRG3M086SBEA,2015-07-31,-0.013780423440039158,-0.0099158436059951782,-0.0012369691394269466,0.0044414722360670567,0.0077101849019527435
DNDGRG3M086SBEA,2015-08-31,-0.010698891244828701,-0.0089887510985136032,-0.00051734811859205365,0.0074016223661601543,0.0087664537131786346
DNDGRG3M086SBEA,2015-09-30,-0.010106047615408897,-0.0061971708200871944,5.1942792197223753e-05,0.0057221073657274246,0.0075558158569037914
DNDGRG3M086SBEA,2015-10-31,-0.0086768092587590218,-0.0055606141686439514,-0.00043301802361384034,0.0044006132520735264,0.0064309840090572834
DNDGRG3M086SBEA,2015-11-30,-0.0098565425723791122,-0.0059754909016191959,-0.0010342302266508341,0.0041091293096542358,0.0059975208714604378
DNDGRG3M086SBEA,2015-12-31,-0.011669322848320007,-0.0073305149562656879,-0.0008097353857010603,0.0075022750534117222,0.0086169848218560219
DNDGRG3M086SBEA,2016-01-31,-0.010108518414199352,-0.0077109574340283871,2.0837891497649252e-05,0.0067467605695128441,0.0089873289689421654
DNDGRG3M086SBEA,2016-02-29,-0.010465000756084919,-0.0071775713004171848,0.00034982524812221527,0.008258904330432415,0.010143824853003025
DNDGRG3M086SBEA,2016-03-31,-0.012062421068549156,-0.008419916033744812,-0.00014438407379202545,0.0064644268713891506,0.010029391385614872
DNDGRG3M086SBEA,2016-04-30,-0.01002639252692461,-0.0073030642233788967,3.1330193451140076e-05,0.0074055693112313747,0.0098747052252292633
DNDGRG3M086SBEA,2016-05-31,-0.011538722552359104,-0.0061560091562569141,-0.00045767799019813538,0.0064980657771229744,0.0086924536153674126
DNDGRG3M086SBEA,2016-06-30,-0.012969805859029293,-0.011191518045961857,-0.00041817410965450108,0.0041639776900410652,0.0065827309153974056
DNDGRG3M086SBEA,2016-07-31,-0.012798414565622807,-0.0099252099171280861,-0.00052119971951469779,0.0070944945327937603,0.0094034262001514435
DNDGRG3M086SBEA,2016-08-31,-0.011303409934043884,-0.0068599185906350613,-0.0011459807865321636,0.0054434356279671192,0.0091325575485825539
DNDGRG3M086SBEA,2016-09-30,-0.010675166733562946,-0.0077744936570525169,-0.00061049824580550194,0.0067137214355170727,0.0089971702545881271
DPCERA3M086SBEA,2014-10-31,-0.0025767413899302483,-0.0015628291293978691,0.0021931207738816738,0.0054494035430252552,0.0073799891397356987
DPCERA3M086SBEA,2014-11-30,-0.0028185679111629725,-0.0012199475895613432,0.0028443729970604181,0.0065812612883746624,0.0067278807982802391
DPCERA3M086SBEA,2014-12-31,-0.0022171381860971451,-0.0011408551363274455,0.0023331341799348593,0.0055915988050401211,0.0069999354891479015
DPCERA3M086SBEA,2015-01-31,-0.0013557780766859651,-0.00083480845205485821,0.002520174253731966,0.0069517027586698532,0.0077919638715684414
DPCERA3M086SBEA,2015-02-28,-0.0016045403899624944,-0.0011886144056916237,0.0021907836198806763,0.0065843081101775169,0.0076136514544487
DPCERA3M086SBEA,2015-03-31,-0.0039045754820108414,-0.0016125338152050972,0.0024944660253822803,0.0063449623994529247,0.0072362180799245834
DPCERA3M086SBEA,2015-04-30,-0.002724390709772706,-0.0016849219100549817,0.0022762233857065439,0.0064874500967562199,0.0080821644514799118
DPCERA3M086SBEA,2015-05-31,-0.0022338072303682566,-0.00060732656856998801,0.0026115069631487131,0.0063797789625823498,0.0069888248108327389
DPCERA3M086SBEA,2015-06-30,-0.0024298275820910931,-0.00023467360006179661,0.002801771042868495,0.0071463384665548801,0.0082534942775964737
DPCERA3M086SBEA,2015-07-31,-0.00365605135448277,-0.00098970683757215738,0.0020195231772959232,0.0064934492111206055,0.0074228569865226746
DPCERA3M086SBEA,2015-08-31,-0.0032145667355507612,-0.0020112625788897276,0.0011877072975039482,0.0051908954046666622,0.0064843897707760334
DPCERA3M086SBEA,2015-09-30,-0.0037187754642218351,-0.0022605371195822954,0.00168083724565804,0.0053648483008146286,0.006239243783056736
DPCERA3M086SBEA,2015-10-31,-0.0028607968706637621,-0.0021110274828970432,0.0020515206269919872,0.0062520899809896946,0.0075186793692409992
DPCERA3M086SBEA,2015-11-30,-0.0031181410886347294,-0.0019779729191213846,0.0021783127449452877,0.0053824028000235558,0.0063308528624475002
DPCERA3M086SBEA,2015-12-31,-0.0030082892626523972,-0.0017972986679524183,0.0025269375182688236,0.0056072385050356388,0.0065871346741914749
DPCERA3M086SBEA,2016-01-31,-0.003430127864703536,-0.0027045831084251404,0.0013499846681952477,0.0066441111266613007,0.0073797642253339291
DPCERA3M086SBEA,2016-02-29,-0.0034167214762419462,-0.001782921957783401,0.0018164500361308455,0.0057428022846579552,0.0066543496213853359
DPCERA3M086SBEA,2016-03-31,-0.0023392173461616039,-0.001375258550979197,0.0017157441470772028,0.0057388828136026859,0.0072254892438650131
DPCERA3M086SBEA,2016-04-30,-0.0027244803495705128,-0.0016931217396631837,0.0025874758139252663,0.0062452508136630058,0.0074604358524084091
DPCERA3M086SBEA,2016-05-31,-0.0028797613922506571,-0.0017086926382035017,0.0021144431084394455,0.0063840248622000217,0.0077394950203597546
DPCERA3M086SBEA,2016-06-30,-0.0038401016499847174,-0.0017060536192730069,0.0018719107611104846,0.0062903300859034061,0.0078932438045740128
DPCERA3M086SBEA,2016-07-31,-0.0045447144657373428,-0.0034397006966173649,0.0014711248222738504,0.0063889441080391407,0.0081829940900206566
DPCERA3M086SBEA,2016-08-31,-0.0048878402449190617,-0.0024711978621780872,0.002049639355391264,0.0057163792662322521,0.0074466690421104431
DPCERA3M086SBEA,2016-09-30,-0.0035309968516230583,-0.0026282854378223419,0.0021594387944787741,0.0064948932267725468,0.0078819850459694862
DSERRG3M086SBEA,2014-10-31,-0.0017977211391553283,-0.0015230865683406591,-0.00018913505482487381,0.0014545749872922897,0.0018181989435106516
DSERRG3M086SBEA,2014-11-30,-0.0018422794528305531,-0.00158079550601542,-0.00010915658640442416,0.0014548227190971375,0.0017347227549180388
DSERRG3M086SBEA,2014-12-31,-0.0018867916660383344,-0.0015475230757147074,-0.00013973432942293584,0.0011637125862762332,0.0013138597132638097
DSERRG3M086SBEA,2015-01-31,-0.0015608895337209105,-0.0011975904926657677,-4.8176621930906549e-05,0.0016761545557528734,0.0022157379426062107
DSERRG3M086SBEA,2015-02-28,-0.0018934884574264288,-0.0012834863737225533,-0.00010176704381592572,0.0014028800651431084,0.0016021655173972249
DSERRG3M086SBEA,2015-03-31,-0.0018094624392688274,-0.0014691249234601855,2.6048088329844177e-05,0.0014895647764205933,0.0017401071963831782
DSERRG3M086SBEA,2015-04-30,-0.0016725955065339804,-0.0014012503670528531,1.8585189536679536e-05,0.0015720500377938151,0.0019468803657218814
DSERRG3M086SBEA,2015-05-31,-0.0018246454419568181,-0.0015936717391014099,-0.00022373840329237282,0.0011698028538376093,0.0014772326685488224
DSERRG3M086SBEA,2015-06-30,-0.0019723598379641771,-0.001562422257848084,-0.00013769700308330357,0.001376759260892868,0.0018448478076606989
DSERRG3M086SBEA,2015-07-31,-0.0019153628963977098,-0.0011990655912086368,-1.318333852395881e-05,0.0015252765733748674,0.0016744117019698024
DSERRG3M086SBEA,2015-08-31,-0.0022491225972771645,-0.0015975870192050934,-0.00030976190464571118,0.0010769793298095465,0.0016939659835770726
DSERRG3M086SBEA,2015-09-30,-0.0019437767332419753,-0.0017199518624693155,-0.00020206737099215388,0.0013770462246611714,0.0020618031267076731
DSERRG3M086SBEA,2015-10-31,-0.0021073110401630402,-0.0013451171107590199,7.6177529990673065e-05,0.0014987870818004012,0.0019136143382638693
DSERRG3M086SBEA,2015-11-30,-0.0022266539745032787,-0.0015270446892827749,-0.00017177272820845246,0.0012911885278299451,0.0015551868127658963
DSERRG3M086SBEA,2015-12-31,-0.0019975707400590181,-0.0015940824523568153,-0.000283191999187693,0.0013667651219293475,0.0018518762663006783
DSERRG3M086SBEA,2016-01-31,-0.0018634129082784057,-0.0010280626593157649,0.00027545809280127287,0.0014923763228580356,0.0017833734164014459
DSERRG3M086SBEA,2016-02-29,-0.0022742513101547956,-0.001721604960039258,-1.5626186723238789e-05,0.0013875444419682026,0.0017550026532262564
DSERRG3M086SBEA,2016-03-31,-0.0016303564189001918,-0.001231619855388999,-1.9252769561717287e-05,0.0012851824285462499,0.0018422188004478812
DSERRG3M086SBEA,2016-04-30,-0.0017268878873437643,-0.0014581979485228658,-0.0002022338449023664,0.0014589951606467366,0.0020329651888459921
DSERRG3M086SBEA,2016-05-31,-0.0017997724935412407,-0.0015219212509691715,-0.00017209086217917502,0.00099701678846031427,0.0014727686066180468
DSERRG3M086SBEA,2016-06-30,-0.0020258987788110971,-0.0017986074090003967,-0.00016193899500649422,0.001124716829508543,0.0014977734535932541
DSERRG3M086SBEA,2016-07-31,-0.0021671566646546125,-0.0017723138444125652,0.00013446460070554167,0.0014510920736938715,0.0019741097930818796
DSERRG3M086SBEA,2016-08-31,-0.0020538801327347755,-0.0015517743304371834,-0.00016771297669038177,0.0015408965991809964,0.002060075756162405
DSERRG3M086SBEA,2016-09-30,-0.0013700133422389627,-0.0011242270702496171,0.00012922554742544889,0.0012713689357042313,0.0019380315206944942
DTCOLNVHFNM,2014-10-31,-0.0033714992459863424,-0.0018064798787236214,0.00076424411963671446,0.0033909259364008904,0.0042458693496882915
DTCOLNVHFNM,2014-11-30,-0.0026642864104360342,-0.0016624779673293233,0.00062682927818968892,0.0025588225107640028,0.0032549002207815647
DTCOLNVHFNM,2014-12-31,-0.0063986023887991905,-0.0015881343279033899,0.0005102246068418026,0.0027879017870873213,0.0047231549397110939
DTCOLNVHFNM,2015-01-31,-0.012312100268900394,-0.0030169349629431963,0.00079318322241306305,0.003183768130838871,0.0042781522497534752
DTCOLNVHFNM,2015-02-28,-0.016665546223521233,-0.0030454411171376705,0.00058056769194081426,0.0028319414705038071,0.003967690747231245
DTCOLNVHFNM,2015-03-31,-0.010429319925606251,-0.0019990459550172091,0.0011913883499801159,0.0049564489163458347,0.017645196989178658
DTCOLNVHFNM,2015-04-30,-0.0028001409955322742,-0.0017639236757531762,0.00079649093095213175,0.0038907607086002827,0.010680287145078182
DTCOLNVHFNM,2015-05-31,-0.0041644102893769741,-0.002205799100920558,0.00063502334523946047,0.0035552219487726688,0.0060933195054531097
DTCOLNVHFNM,2015-06-30,-0.021995615214109421,-0.0019692559726536274,0.0010591687168926001,0.0036812899634242058,0.012593704275786877
DTCOLNVHFNM,2015-07-31,-0.0051439302042126656,-0.0022195219062268734,0.00068964681122452021,0.0031269933097064495,0.013412081636488438
DTCOLNVHFNM,2015-08-31,-0.015108690597116947,-0.0032217407133430243,0.0007680114358663559,0.0036413150373846292,0.020323608070611954
DTCOLNVHFNM,2015-09-30,-0.022886598482728004,-0.0080302990972995758,0.00046697776997461915,0.0032128703314810991,0.0057696797885000706
DTCOLNVHFNM,2015-10-31,-0.019819909706711769,-0.0056862351484596729,0.0007581259123980999,0.013273819349706173,0.024684159085154533
DTCOLNVHFNM,2015-11-30,-0.014849739149212837,-0.0028255344368517399,0.00061819492839276791,0.0039833644405007362,0.0093258451670408249
DTCOLNVHFNM,2015-12-31,-0.01629449799656868,-0.0024657147005200386,0.00079561432357877493,0.004152949433773756,0.014142856933176517
DTCOLNVHFNM,2016-01-31,-0.01077777985483408,-0.0027277278713881969,0.00054836069466546178,0.0064753396436572075,0.026351463049650192
DTCOLNVHFNM,2016-02-29,-0.034770183265209198,-0.011462720111012459,0.00090732797980308533,0.0048030088655650616,0.019440533593297005
DTCOLNVHFNM,2016-03-31,-0.013921458274126053,-0.0035160609986633062,0.00082920584827661514,0.003381531685590744,0.0069776503369212151
DTCOLNVHFNM,2016-04-30,-0.027286436408758163,-0.0095082987099885941,0.00044084555702283978,0.0032005140092223883,0.011779684573411942
DTCOLNVHFNM,2016-05-31,-0.046312272548675537,-0.012314323335886002,0.00040869458462111652,0.0045366990379989147,0.0088376598432660103
DTCOLNVHFNM,2016-06-30,-0.019695103168487549,-0.012961357831954956,0.0003556740703061223,0.0031421738676726818,0.02163967676460743
DTCOLNVHFNM,2016-07-31,-0.025971731171011925,-0.014945263974368572,0.000727436738088727,0.009060809388756752,0.027968168258666992
DTCOLNVHFNM,2016-08-31,-0.034645598381757736,-0.012283862568438053,0.00051329907728359103,0.0030812653712928295,0.010944918729364872
DTCOLNVHFNM,2016-09-30,-0.02599102258682251,-0.012898502871394157,0.00018449904746375978,0.011054873466491699,0.019497163593769073
DTCTHFNM,2014-10-31,-0.0074646673165261745,-0.0035442807711660862,-5.3134983318159357e-05,0.0044991928152740002,0.007199541199952364
DTCTHFNM,2014-11-30,-0.0088432412594556808,-0.0045675854198634624,-0.00015789075405336916,0.0043321074917912483,0.0075836791656911373
DTCTHFNM,2014-12-31,-0.0079139377921819687,-0.0048581729643046856,0.0002111905487254262,0.0041742222383618355,0.0084235323593020439
DTCTHFNM,2015-01-31,-0.009575285017490387,-0.0069371555000543594,-0.00013492963626049459,0.0038097535725682974,0.005255658645182848
DTCTHFNM,2015-02-28,-0.0073909894563257694,-0.0037779191043227911,-0.00026023067766800523,0.0053520058281719685,0.011260419152677059
DTCTHFNM,2015-03-31,-0.013228190131485462,-0.0051066689193248749,0.00095681013772264123,0.0073121665045619011,0.010720133781433105
DTCTHFNM,2015-04-30,-0.015713077038526535,-0.010394161567091942,0.00011536453530425206,0.0057908543385565281,0.0086720548570156097
DTCTHFNM,2015-05-31,-0.0073849200271070004,-0.003949369303882122,0.0007281689322553575,0.008055918850004673,0.011699555441737175
DTCTHFNM,2015-06-30,-0.010365366004407406,-0.0051189791411161423,0.00092754710931330919,0.0083869230002164841,0.011290496215224266
DTCTHFNM,2015-07-31,-0.020033480599522591,-0.0087199741974473,0.00041484361281618476,0.0050559681840240955,0.009534754790365696
DTCTHFNM,2015-08-31,-0.01104622520506382,-0.0046675484627485275,0.00032751189428381622,0.0038019188214093447,0.0091150999069213867
DTCTHFNM,2015-09-30,-0.012807261198759079,-0.0052278824150562286,-0.00069200713187456131,0.0062357941642403603,0.010413127951323986
DTCTHFNM,2015-10-31,-0.014068054966628551,-0.0068494942970573902,-0.00016438806778751314,0.005330176092684269,0.0075220880098640919
DTCTHFNM,2015-11-30,-0.0096480883657932281,-0.0040845545008778572,3.6314373573986813e-05,0.0039354553446173668,0.0071243401616811752
DTCTHFNM,2015-12-31,-0.012373916804790497,-0.0031724509317427874,0.0011646905913949013,0.009164273738861084,0.014967055991292
DTCTHFNM,2016-01-31,-0.018433060497045517,-0.012299451977014542,7.1582173404749483e-05,0.0048960698768496513,0.0076634646393358707
DTCTHFNM,2016-02-29,-0.014542148448526859,-0.0043962486088275909,8.1161932030227035e-05,0.0039895526133477688,0.0076459520496428013
DTCTHFNM,2016-03-31,-0.017052091658115387,-0.010132291354238987,0.00017685984494164586,0.0086928969249129295,0.010332798585295677
DTCTHFNM,2016-04-30,-0.012049957178533077,-0.0074761402793228626,2.9411967261694372e-06,0.0050800507888197899,0.007184336893260479
DTCTHFNM,2016-05-31,-0.014700809493660927,-0.0078756995499134064,0.00082095118705183268,0.0070971925742924213,0.011523204855620861
DTCTHFNM,2016-06-30,-0.0099512990564107895,-0.0057191341184079647,0.00028688280144706368,0.0055796541273593903,0.009645337238907814
DTCTHFNM,2016-07-31,-0.018128195777535439,-0.010320262983441353,0.00028113584266975522,0.0047911512665450573,0.012601160444319248
DTCTHFNM,2016-08-31,-0.0079509355127811432,-0.0044701271690428257,0.00043945451034232974,0.004306890070438385,0.0072887353599071503
DTCTHFNM,2016-09-30,-0.0094757918268442154,-0.0069774878211319447,0.000268790521658957,0.0093064233660697937,0.012880102731287479
EXCAUSx,2014-10-31,-0.013760686852037907,-0.011246237903833389,0.0031341663561761379,0.016442626714706421,0.02405211329460144
EXCAUSx,2014-11-30,-0.018012681975960732,-0.013105624355375767,0.0021065203472971916,0.018449340015649796,0.02565477229654789
EXCAUSx,2014-12-31,-0.015650870278477669,-0.010888148099184036,0.0011586910113692284,0.015427366830408573,0.018613673746585846
EXCAUSx,2015-01-31,-0.015115669928491116,-0.010494880378246307,0.0015863529406487942,0.01366984099149704,0.017739912495017052
EXCAUSx,2015-02-28,-0.016603946685791016,-0.013573757372796535,0.0032788480166345835,0.017018651589751244,0.023133931681513786
EXCAUSx,2015-03-31,-0.018736662343144417,-0.014139521867036819,0.0015940328594297171,0.020330170169472694,0.027502771466970444
EXCAUSx,2015-04-30,-0.0131392702460289,-0.0093708476051688194,0.0016623667906969786,0.018339244648814201,0.021517189219594002
EXCAUSx,2015-05-31,-0.013715610839426517,-0.010450500994920731,0.0034751186612993479,0.018217144533991814,0.021905906498432159
EXCAUSx,2015-06-30,-0.013890104368329048,-0.011071455664932728,0.0021470612846314907,0.015613538213074207,0.022040439769625664
EXCAUSx,2015-07-31,-0.012852353043854237,-0.011281227692961693,0.0020751277916133404,0.020600568503141403,0.023753730580210686
EXCAUSx,2015-08-31,-0.01817958801984787,-0.013030528090894222,0.0019448848906904459,0.018964212387800217,0.021387010812759399
EXCAUSx,2015-09-30,-0.013628857210278511,-0.011171966791152954,0.0013466170057654381,0.014267808757722378,0.020849747583270073
EXCAUSx,2015-10-31,-0.017753751948475838,-0.015230176039040089,0.0015662498772144318,0.017705032601952553,0.024061016738414764
EXCAUSx,2015-11-30,-0.013308086432516575,-0.01120695099234581,0.0023504984565079212,0.019978482276201248,0.024062909185886383
EXCAUSx,2015-12-31,-0.016201050952076912,-0.012503022328019142,0.0023241112940013409,0.016154486685991287,0.019266426563262939
EXCAUSx,2016-01-31,-0.023725146427750587,-0.015500799752771854,0.00058310653548687696,0.01723095215857029,0.020071584731340408
EXCAUSx,2016-02-29,-0.018587606027722359,-0.013322117738425732,0.0006341352709569037,0.017601978033781052,0.022642062976956367
EXCAUSx,2016-03-31,-0.02062494307756424,-0.012965882197022438,0.0021910651121288538,0.017740011215209961,0.020767724141478539
EXCAUSx,2016-04-30,-0.021180575713515282,-0.013556742109358311,0.00032323886989615858,0.016732184216380119,0.02311301976442337
EXCAUSx,2016-05-31,-0.024614250287413597,-0.01582888700067997,0.0012299633817747235,0.018446637317538261,0.025401638820767403
EXCAUSx,2016-06-30,-0.01792307011783123,-0.011390263214707375,0.0030338920187205076,0.016426315531134605,0.022239087149500847
EXCAUSx,2016-07-31,-0.023756684735417366,-0.01424154918640852,0.00023319989850278944,0.019761992618441582,0.025213109329342842
EXCAUSx,2016-08-31,-0.02716902457177639,-0.015716878697276115,0.0031510046683251858,0.019438805058598518,0.024296034127473831
EXCAUSx,2016-09-30,-0.014941475354135036,-0.011595861986279488,-5.5147822422441095e-05,0.012015922926366329,0.013323007151484489
EXJPUSx,2014-10-31,-0.036610614508390427,-0.024805178865790367,0.010147095657885075,0.039658237248659134,0.050127323716878891
EXJPUSx,2014-11-30,-0.039859481155872345,-0.031571291387081146,0.0030643439386039972,0.030030369758605957,0.040010504424571991
EXJPUSx,2014-12-31,-0.036206845194101334,-0.029196280986070633,0.0015196781605482101,0.029161173850297928,0.042240079492330551
EXJPUSx,2015-01-31,-0.040672559291124344,-0.034120649099349976,-6.2384176999330521e-05,0.024831661954522133,0.034376233816146851
EXJPUSx,2015-02-28,-0.045525837689638138,-0.037996880710124969,-0.0020695826970040798,0.030901543796062469,0.036715313792228699
EXJPUSx,2015-03-31,-0.056287325918674469,-0.045677486807107925,-0.007043076679110527,0.02348080649971962,0.030475430190563202
EXJPUSx,2015-04-30,-0.044307336211204529,-0.034531593322753906,-0.0011091716587543488,0.027671867981553078,0.036228615790605545
EXJPUSx,2015-05-31,-0.045603390783071518,-0.036486655473709106,0.00143905368167907,0.035716623067855835,0.040615525096654892
EXJPUSx,2015-06-30,-0.035995092242956161,-0.028443995863199234,0.0041764285415410995,0.030076349154114723,0.034882497042417526
EXJPUSx,2015-07-31,-0.049123756587505341,-0.03389948233962059,0.0040821526199579239,0.038827367126941681,0.044261854141950607
EXJPUSx,2015-08-31,-0.037765756249427795,-0.027253679931163788,0.0037832912057638168,0.032852165400981903,0.057957544922828674
EXJPUSx,2015-09-30,-0.045539774000644684,-0.038673620671033859,-0.0015448866179212928,0.030393222346901894,0.042349796742200851
EXJPUSx,2015-10-31,-0.054075554013252258,-0.037896368652582169,0.0014081205008551478,0.037268377840518951,0.050054505467414856
EXJPUSx,2015-11-30,-0.036950647830963135,-0.029540941119194031,-0.00070518924621865153,0.027994116768240929,0.037173394113779068
EXJPUSx,2015-12-31,-0.047405485063791275,-0.031270906329154968,0.0036425283178687096,0.03589586541056633,0.044262576848268509
EXJPUSx,2016-01-31,-0.045116640627384186,-0.034957803785800934,0.0029496315401047468,0.040419574826955795,0.045129269361495972
EXJPUSx,2016-02-29,-0.045765917748212814,-0.033233705908060074,0.0024971496313810349,0.03924260288476944,0.045405000448226929
EXJPUSx,2016-03-31,-0.041701458394527435,-0.028849119320511818,0.00033614609856158495,0.024463217705488205,0.036301910877227783
EXJPUSx,2016-04-30,-0.055452164262533188,-0.039427954703569412,-0.0040320190601050854,0.031146667897701263,0.036835487931966782
EXJPUSx,2016-05-31,-0.052612811326980591,-0.04440273717045784,-0.0026346761733293533,0.033807870000600815,0.044015008956193924
EXJPUSx,2016-06-30,-0.0461016446352005,-0.037025421857833862,-0.0013186399592086673,0.03568870946764946,0.044344421476125717
EXJPUSx,2016-07-31,-0.04551069438457489,-0.037656910717487335,-0.00085897534154355526,0.035452317446470261,0.042497016489505768
EXJPUSx,2016-08-31,-0.045821081846952438,-0.034436546266078949,-0.0032277232967317104,0.025497378781437874,0.037201423197984695
EXJPUSx,2016-09-30,-0.056289993226528168,-0.043658662587404251,-0.0041772951371967793,0.032110661268234253,0.040771819651126862
EXSZUSx,2014-10-31,-0.032841242849826813,-0.025916030630469322,0.0066063515841960907,0.040652044117450714,0.051495324820280075
EXSZUSx,2014-11-30,-0.042382132261991501,-0.033873796463012695,-0.0020456293132156134,0.036520179361104965,0.047093544155359268
EXSZUSx,2014-12-31,-0.043911390006542206,-0.034529805183410645,-0.0050087529234588146,0.032836604863405228,0.047306239604949951
EXSZUSx,2015-01-31,-0.045590896159410477,-0.034168872982263565,-0.00034492189297452569,0.025678222998976707,0.039907254278659821
EXSZUSx,2015-02-28,-0.045688562095165253,-0.036215703934431076,-0.0045096017420291901,0.028537005186080933,0.038641907274723053
EXSZUSx,2015-03-31,-0.046789839863777161,-0.033938199281692505,-0.0014704677741974592,0.034010767936706543,0.041602145880460739
EXSZUSx,2015-04-30,-0.044403713196516037,-0.033514983952045441,-0.0067906267940998077,0.040045719593763351,0.048460669815540314
EXSZUSx,2015-05-31,-0.045084502547979355,-0.0384056456387043,-0.0025274297222495079,0.032950781285762787,0.041175108402967453
EXSZUSx,2015-06-30,-0.053499523550271988,-0.041504651308059692,-0.0040351934731006622,0.031727313995361328,0.039276454597711563
EXSZUSx,2015-07-31,-0.046608820557594299,-0.03537803515791893,-0.0079785939306020737,0.0320158451795578,0.042152803391218185
EXSZUSx,2015-08-31,-0.037612143903970718,-0.030018415302038193,-0.0004915993195027113,0.030514154583215714,0.041069015860557556
EXSZUSx,2015-09-30,-0.055213537067174911,-0.037014946341514587,-0.0023982897400856018,0.03197687491774559,0.044178035110235214
EXSZUSx,2015-10-31,-0.040677588433027267,-0.032706987112760544,-0.0017077510710805655,0.03219074010848999,0.040974754840135574
EXSZUSx,2015-11-30,-0.047305088490247726,-0.037339627742767334,-0.0076752216555178165,0.023087536916136742,0.035572074353694916
EXSZUSx,2015-12-31,-0.052728064358234406,-0.036211516708135605,-0.005286714993417263,0.027173975482583046,0.037500716745853424
EXSZUSx,2016-01-31,-0.057509463280439377,-0.039301555603742599,-0.0019331875955685973,0.034012630581855774,0.03862188383936882
EXSZUSx,2016-02-29,-0.043329022824764252,-0.032995909452438354,-0.0026137889362871647,0.029175503179430962,0.038359399884939194
EXSZUSx,2016-03-31,-0.047298353165388107,-0.03228011354804039,0.0029179281555116177,0.028697576373815536,0.036982085555791855
EXSZUSx,2016-04-30,-0.056254729628562927,-0.041856646537780762,-0.00071991980075836182,0.030245993286371231,0.036823850125074387
EXSZUSx,2016-05-31,-0.040186211466789246,-0.031802095472812653,0.00077344372402876616,0.036179561167955399,0.048586361110210419
EXSZUSx,2016-06-30,-0.049581833183765411,-0.033980809152126312,-0.0034514251165091991,0.034295529127120972,0.043984487652778625
EXSZUSx,2016-07-31,-0.054967917501926422,-0.039159748703241348,-0.0017628849018365145,0.035219267010688782,0.04265420138835907
EXSZUSx,2016-08-31,-0.046983610838651657,-0.040924429893493652,0.0013921842910349369,0.023721320554614067,0.030169948935508728
EXSZUSx,2016-09-30,-0.038336992263793945,-0.033575627952814102,-0.0037995516322553158,0.022488895803689957,0.03577977791428566
EXUSUKx,2014-10-31,-0.030803050845861435,-0.025711009278893471,-0.0030934987589716911,0.022318700328469276,0.028889643028378487
EXUSUKx,2014-11-30,-0.032507862895727158,-0.026314228773117065,-0.0010002823546528816,0.016932554543018341,0.021512545645236969
EXUSUKx,2014-12-31,-0.032719355076551437,-0.023825008422136307,-0.00062141544185578823,0.024935279041528702,0.028244521468877792
EXUSUKx,2015-01-31,-0.03675871342420578,-0.022827113047242165,0.0015453738160431385,0.025249367579817772,0.036789417266845703
EXUSUKx,2015-02-28,-0.028826981782913208,-0.024693042039871216,-0.00049103330820798874,0.024352630600333214,0.030120760202407837
EXUSUKx,2015-03-31,-0.031230691820383072,-0.021813491359353065,0.0052696294151246548,0.032672964036464691,0.044349834322929382
EXUSUKx,2015-04-30,-0.034817669540643692,-0.028253884986042976,0.0012994505232200027,0.023639034479856491,0.031346388161182404
EXUSUKx,2015-05-31,-0.032047327607870102,-0.02136576734483242,0.0034549720585346222,0.024781271815299988,0.028167573735117912
EXUSUKx,2015-06-30,-0.034387841820716858,-0.026879701763391495,0.0017271185060963035,0.026827404275536537,0.048260938376188278
EXUSUKx,2015-07-31,-0.029829662293195724,-0.025676358491182327,0.0014533995417878032,0.025268005207180977,0.033016804605722427
EXUSUKx,2015-08-31,-0.032578572630882263,-0.026369333267211914,0.00055023835739120841,0.024363201111555099,0.033414650708436966
EXUSUKx,2015-09-30,-0.037746526300907135,-0.028322739526629448,-0.0024795928038656712,0.020903535187244415,0.026387935504317284
EXUSUKx,2015-10-31,-0.034576591104269028,-0.026902910321950912,-0.0026266258209943771,0.028171611949801445,0.035012178122997284
EXUSUKx,2015-11-30,-0.027314623817801476,-0.021383728832006454,0.00055236771004274487,0.031979929655790329,0.045112904161214828
EXUSUKx,2015-12-31,-0.035221733152866364,-0.027066908776760101,-0.003809457179158926,0.020550042390823364,0.029389506205916405
EXUSUKx,2016-01-31,-0.033465318381786346,-0.026389686390757561,0.0029706619679927826,0.0254178736358881,0.031600654125213623
EXUSUKx,2016-02-29,-0.0619533471763134,-0.031507857143878937,0.0012559555470943451,0.028333894908428192,0.034419018775224686
EXUSUKx,2016-03-31,-0.038182906806468964,-0.027284871786832809,-0.001064217765815556,0.027882453054189682,0.036367613822221756
EXUSUKx,2016-04-30,-0.029408087953925133,-0.02272600494325161,0.0030938177369534969,0.022668475285172462,0.034167822450399399
EXUSUKx,2016-05-31,-0.037256732583045959,-0.023333851248025894,0.00050810753600671887,0.023795422166585922,0.031279318034648895
EXUSUKx,2016-06-30,-0.044995635747909546,-0.035039909183979034,-0.005691905040293932,0.02643592469394207,0.032281331717967987
EXUSUKx,2016-07-31,-0.031579263508319855,-0.020410913974046707,-0.00058104877825826406,0.025838233530521393,0.035058159381151199
EXUSUKx,2016-08-31,-0.028286108747124672,-0.02126079797744751,0.0018727725837379694,0.024585073813796043,0.034194920212030411
EXUSUKx,2016-09-30,-0.042632434517145157,-0.029895566403865814,-0.0021189565304666758,0.021050477400422096,0.027758324518799782
FEDFUNDS,2014-10-31,-0.034637968987226486,-0.025042358785867691,-0.0016900352202355862,0.0083164265379309654,0.018499294295907021
FEDFUNDS,2014-11-30,-0.055747713893651962,-0.036683030426502228,-0.0018789439927786589,0.014435692690312862,0.023061195388436317
FEDFUNDS,2014-12-31,-0.02777555026113987,-0.014464289881289005,0.00010964437387883663,0.021430883556604385,0.031180862337350845
FEDFUNDS,2015-01-31,-0.067466631531715393,-0.031749140471220016,-0.0040280022658407688,0.013297091238200665,0.032890819013118744
FEDFUNDS,2015-02-28,-0.069744430482387543,-0.032377947121858597,-0.00066426536068320274,0.025234837085008621,0.051116231828927994
FEDFUNDS,2015-03-31,-0.045060884207487106,-0.029476191848516464,-0.00039851921610534191,0.025615015998482704,0.04498719796538353
FEDFUNDS,2015-04-30,-0.10133925080299377,-0.074294798076152802,-0.0013325042091310024,0.032450933009386063,0.051124624907970428
FEDFUNDS,2015-05-31,-0.061170134693384171,-0.034055124968290329,-0.0010954905301332474,0.050467237830162048,0.080859072506427765
FEDFUNDS,2015-06-30,-0.04867510125041008,-0.026583906263113022,-0.00054385699331760406,0.038230113685131073,0.08455292135477066
FEDFUNDS,2015-07-31,-0.12153091281652451,-0.067016258835792542,-0.0015695793554186821,0.058917030692100525,0.11207088083028793
FEDFUNDS,2015-08-31,-0.13108454644680023,-0.081859387457370758,-0.0015876311808824539,0.062834270298480988,0.12926235795021057
FEDFUNDS,2015-09-30,-0.20153155922889709,-0.10435539484024048,-0.00083478842861950397,0.050269681960344315,0.085390135645866394
FEDFUNDS,2015-10-31,-0.11141219735145569,-0.043921399861574173,-0.0006224033422768116,0.024979149922728539,0.068146385252475739
FEDFUNDS,2015-11-30,-0.079506747424602509,-0.050934743136167526,-0.0011701604817062616,0.051622126251459122,0.082435674965381622
FEDFUNDS,2015-12-31,-0.10987825691699982,-0.05480463057756424,-0.0021003859583288431,0.080258011817932129,0.11576471477746964
FEDFUNDS,2016-01-31,-0.14632396399974823,-0.078433014452457428,-0.002047194866463542,0.10858021676540375,0.17990680038928986
FEDFUNDS,2016-02-29,-0.22072714567184448,-0.1140107661485672,-0.0039951615035533905,0.062178440392017365,0.17650768160820007
FEDFUNDS,2016-03-31,-0.11039149761199951,-0.052910435944795609,0.0014336430467665195,0.11835693567991257,0.22210854291915894
FEDFUNDS,2016-04-30,-0.30146905779838562,-0.14523917436599731,-0.0015114753041416407,0.049320980906486511,0.10606647282838821
FEDFUNDS,2016-05-31,-0.29541552066802979,-0.11639221012592316,-0.0023763123899698257,0.096043795347213745,0.2355460524559021
FEDFUNDS,2016-06-30,-0.20740574598312378,-0.1041664257645607,-0.0019872968550771475,0.065095379948616028,0.1320260614156723
FEDFUNDS,2016-07-31,-0.28169441223144531,-0.11595615744590759,-0.0019788970239460468,0.11631835252046585,0.20936067402362823
FEDFUNDS,2016-08-31,-0.11276042461395264,-0.079199731349945068,0.0013172687031328678,0.11573924124240875,0.26015135645866394
FEDFUNDS,2016-09-30,-0.15341567993164062,-0.08762243390083313,-0.0010869186371564865,0.088165469467639923,0.1586398184299469
GS1,2014-10-31,-0.034340780228376389,-0.02278183214366436,-0.0020165583118796349,0.011689848266541958,0.017701828852295876
GS1,2014-11-30,-0.035241678357124329,-0.023328619077801704,-0.0024589935783296824,0.019163075834512711,0.023584945127367973
GS1,2014-12-31,-0.047208786010742188,-0.023231076076626778,-0.0020555881783366203,0.017028545960783958,0.028125844895839691
GS1,2015-01-31,-0.046433798968791962,-0.032392457127571106,-0.0033711311407387257,0.022241389378905296,0.039552014321088791
GS1,2015-02-28,-0.047287929803133011,-0.029870720580220222,-0.0010755935218185186,0.025564651936292648,0.045322239398956299
GS1,2015-03-31,-0.062008831650018692,-0.040102340281009674,-0.0030627059750258923,0.022950422018766403,0.075881607830524445
GS1,2015-04-30,-0.03947177529335022,-0.027496686205267906,0.00086904736235737801,0.036950498819351196,0.062424343079328537
GS1,2015-05-31,-0.050155341625213623,-0.042216625064611435,-0.0020451783202588558,0.029401468113064766,0.043327823281288147
GS1,2015-06-30,-0.044217720627784729,-0.029612153768539429,-0.001889027887955308,0.035231262445449829,0.074156887829303741
GS1,2015-07-31,-0.065931953489780426,-0.040998484939336777,-0.0045094778761267662,0.020554983988404274,0.024878423660993576
GS1,2015-08-31,-0.059960898011922836,-0.044028915464878082,-0.001503900159150362,0.023735934868454933,0.036344710737466812
GS1,2015-09-30,-0.046909090131521225,-0.035945173352956772,-0.0032038872595876455,0.038192465901374817,0.070924922823905945
GS1,2015-10-31,-0.062300253659486771,-0.040104985237121582,-0.0034818672575056553,0.031706422567367554,0.066129118204116821
GS1,2015-11-30,-0.066768892109394073,-0.041211094707250595,-0.0040255766361951828,0.041183028370141983,0.071063414216041565
GS1,2015-12-31,-0.10826302319765091,-0.051492735743522644,-0.0011714196298271418,0.051012042909860611,0.064959242939949036
GS1,2016-01-31,-0.080969594419002533,-0.055077515542507172,-0.0052351509220898151,0.031442355364561081,0.057913903146982193
GS1,2016-02-29,-0.077295809984207153,-0.048858080059289932,-0.00049781147390604019,0.057730671018362045,0.13054437935352325
GS1,2016-03-31,-0.07515406608581543,-0.052765645086765289,-0.0028065228834748268,0.051694713532924652,0.12837602198123932
GS1,2016-04-30,-0.074127346277236938,-0.048225831240415573,-0.00182699179276824,0.039147909730672836,0.07760070264339447
GS1,2016-05-31,-0.081445731222629547,-0.052016660571098328,-0.0053151617757976055,0.049281448125839233,0.086701862514019012
GS1,2016-06-30,-0.088604316115379333,-0.063042521476745605,-0.0024826640728861094,0.064331665635108948,0.11448140442371368
GS1,2016-07-31,-0.092459812760353088,-0.080505721271038055,-0.0046944576315581799,0.037505276501178741,0.073082141578197479
GS1,2016-08-31,-0.20078186690807343,-0.085633724927902222,-0.0050622569397091866,0.071018777787685394,0.11018073558807373
GS1,2016-09-30,-0.094829998910427094,-0.064687497913837433,-0.0035857823677361012,0.050168834626674652,0.12233171612024307
GS10,2014-10-31,-0.29457277059555054,-0.24428151547908783,0.0047546252608299255,0.25187626481056213,0.31227320432662964
GS10,2014-11-30,-0.40721240639686584,-0.29776433110237122,-0.030760478228330612,0.27654540538787842,0.40091648697853088
GS10,2014-12-31,-0.36999863386154175,-0.24943214654922485,-0.02700631320476532,0.31351104378700256,0.46852195262908936
GS10,2015-01-31,-0.37482243776321411,-0.30462101101875305,-0.0097877243533730507,0.31690853834152222,0.40265178680419922
GS10,2015-02-28,-0.37142357230186462,-0.25191262364387512,0.012508147396147251,0.27497109770774841,0.39112481474876404
GS10,2015-03-31,-0.3551287055015564,-0.30178093910217285,-0.030935658141970634,0.31749212741851807,0.42497596144676208
GS10,2015-04-30,-0.4488963782787323,-0.34053447842597961,-0.0010391687974333763,0.25136703252792358,0.29747441411018372
GS10,2015-05-31,-0.32657453417778015,-0.27118834853172302,-0.033414959907531738,0.29211309552192688,0.51188939809799194
GS10,2015-06-30,-0.35505691170692444,-0.24138316512107849,0.043955974280834198,0.36020037531852722,0.45755535364151001
GS10,2015-07-31,-0.37168464064598083,-0.31376031041145325,-0.018312253057956696,0.30228981375694275,0.34743821620941162
GS10,2015-08-31,-0.42383739352226257,-0.33438202738761902,0.010530504398047924,0.26600036025047302,0.3505961000919342
GS10,2015-09-30,-0.42158371210098267,-0.30469682812690735,0.030146069824695587,0.28170108795166016,0.32940876483917236
GS10,2015-10-31,-0.39822626113891602,-0.27715051174163818,-0.07079721987247467,0.24463315308094025,0.34050339460372925
GS10,2015-11-30,-0.35312268137931824,-0.25648927688598633,0.032610058784484863,0.3174896240234375,0.5037117600440979
GS10,2015-12-31,-0.30983230471611023,-0.22276146709918976,-0.006280495785176754,0.25818651914596558,0.32030379772186279
GS10,2016-01-31,-0.36295190453529358,-0.30212557315826416,-0.030208541080355644,0.22422158718109131,0.31020450592041016
GS10,2016-02-29,-0.42924755811691284,-0.29136154055595398,-0.016233596950769424,0.31555861234664917,0.40143528580665588
GS10,2016-03-31,-0.49791997671127319,-0.33819133043289185,-0.061755284667015076,0.27315500378608704,0.43820860981941223
GS10,2016-04-30,-0.33512303233146667,-0.26074710488319397,-0.0085026910528540611,0.26491212844848633,0.39516729116439819
GS10,2016-05-31,-0.39020490646362305,-0.29436951875686646,0.0063583264127373695,0.35256573557853699,0.507415771484375
GS10,2016-06-30,-0.4443228542804718,-0.32313543558120728,0.013710836879909039,0.25574177503585815,0.31265494227409363
GS10,2016-07-31,-0.42583504319190979,-0.3038729727268219,-0.017496462911367416,0.28549957275390625,0.3194766640663147
GS10,2016-08-31,-0.42042109370231628,-0.29794085025787354,-0.030537057667970657,0.25913500785827637,0.3439849317073822
GS10,2016-09-30,-0.33372226357460022,-0.28737166523933411,-0.043169848620891571,0.29203668236732483,0.36472028493881226
GS5,2014-10-31,-0.31388792395591736,-0.20978094637393951,0.034851543605327606,0.26295411586761475,0.36637794971466064
GS5,2014-11-30,-0.38785788416862488,-0.28519967198371887,0.030562320724129677,0.31241124868392944,0.37630066275596619
GS5,2014-12-31,-0.3275199830532074,-0.24400041997432709,0.017119225114583969,0.27605360746383667,0.37411853671073914
GS5,2015-01-31,-0.41127786040306091,-0.33604031801223755,-0.034186623990535736,0.2365657240152359,0.36707857251167297
GS5,2015-02-28,-0.43031808733940125,-0.29094704985618591,-0.027796600013971329,0.29133430123329163,0.40719759464263916
GS5,2015-03-31,-0.39294826984405518,-0.254935622215271,-0.042753681540489197,0.25238063931465149,0.37206077575683594
GS5,2015-04-30,-0.36471375823020935,-0.32233935594558716,-0.04072318971157074,0.23122166097164154,0.359659343957901
GS5,2015-05-31,-0.37209361791610718,-0.33423563838005066,-0.025474201887845993,0.26139861345291138,0.2968636155128479
GS5,2015-06-30,-0.39199727773666382,-0.2766527533531189,-0.021194715052843094,0.21670161187648773,0.30935877561569214
GS5,2015-07-31,-0.43391802906990051,-0.35522609949111938,-0.045675523579120636,0.21328248083591461,0.26406043767929077
GS5,2015-08-31,-0.38601458072662354,-0.27286627888679504,0.00093627814203500748,0.32729053497314453,0.41213873028755188
GS5,2015-09-30,-0.48073270916938782,-0.33590126037597656,-0.012764209881424904,0.23416502773761749,0.29213887453079224
GS5,2015-10-31,-0.34626343846321106,-0.2830980122089386,0.0018929718062281609,0.31126460433006287,0.415538489818573
GS5,2015-11-30,-0.37062963843345642,-0.30053448677062988,-0.0018757865764200687,0.29908141493797302,0.38322609663009644
GS5,2015-12-31,-0.47169944643974304,-0.31375926733016968,-0.004059813916683197,0.22936806082725525,0.32906416058540344
GS5,2016-01-31,-0.47127610445022583,-0.33587458729743958,-0.03102618083357811,0.37353798747062683,0.48481723666191101
GS5,2016-02-29,-0.47193947434425354,-0.31287083029747009,-0.070057988166809082,0.21101704239845276,0.3117671012878418
GS5,2016-03-31,-0.3995613157749176,-0.30729773640632629,-0.010709267109632492,0.31769192218780518,0.35921168327331543
GS5,2016-04-30,-0.36217793822288513,-0.29274088144302368,-0.021510429680347443,0.2538892924785614,0.33135002851486206
GS5,2016-05-31,-0.35460314154624939,-0.23491030931472778,0.011560649611055851,0.2535243034362793,0.37679073214530945
GS5,2016-06-30,-0.30283018946647644,-0.24062231183052063,0.01578235998749733,0.2619442343711853,0.37132054567337036
GS5,2016-07-31,-0.49362629652023315,-0.3788226842880249,-0.060902036726474762,0.20709487795829773,0.33255523443222046
GS5,2016-08-31,-0.38532513380050659,-0.3010978102684021,-0.0060061640106141567,0.29045659303665161,0.46054315567016602
GS5,2016-09-30,-0.4614560604095459,-0.34941500425338745,-0.0012724071275442839,0.37355184555053711,0.44686967134475708
HOUST,2014-10-31,6.790900707244873,6.8325567245483398,6.9265351295471191,6.9924030303955078,7.0102977752685547
HOUST,2014-11-30,6.8143329620361328,6.8468008041381836,6.9245166778564453,7.0285110473632812,7.0827045440673828
HOUST,2014-12-31,6.8159976005554199,6.8416886329650879,6.9380555152893066,7.0483131408691406,7.0930337905883789
HOUST,2015-01-31,6.7829256057739258,6.8264451026916504,6.9399566650390625,7.0506539344787598,7.0902237892150879
HOUST,2015-02-28,6.7656130790710449,6.8262238502502441,6.9489841461181641,7.0704050064086914,7.098717212677002
HOUST,2015-03-31,6.7796440124511719,6.8183650970458984,6.9666299819946289,7.0845894813537598,7.1200470924377441
HOUST,2015-04-30,6.7400064468383789,6.7928752899169922,6.9437637329101562,7.100433349609375,7.1423206329345703
HOUST,2015-05-31,6.7696032524108887,6.7994203567504883,6.969538688659668,7.1118173599243164,7.1582221984863281
HOUST,2015-06-30,6.7476034164428711,6.8270411491394043,6.9850873947143555,7.1429219245910645,7.2166204452514648
HOUST,2015-07-31,6.7124266624450684,6.8362054824829102,6.9814200401306152,7.1647229194641113,7.2294273376464844
HOUST,2015-08-31,6.721074104309082,6.7739901542663574,6.9723882675170898,7.1684069633483887,7.2295699119567871
HOUST,2015-09-30,6.7245602607727051,6.7571587562561035,6.986027717590332,7.1899304389953613,7.2354946136474609
HOUST,2015-10-31,6.6685705184936523,6.741426944732666,6.9852943420410156,7.1914186477661133,7.2228670120239258
HOUST,2015-11-30,6.6865396499633789,6.7603292465209961,7.0096206665039062,7.1885876655578613,7.2461471557617188
HOUST,2015-12-31,6.6330275535583496,6.7131834030151367,6.9922914505004883,7.2084956169128418,7.2690744400024414
HOUST,2016-01-31,6.7345786094665527,6.7952418327331543,6.9956626892089844,7.276336669921875,7.3612403869628906
HOUST,2016-02-29,6.627708911895752,6.7873220443725586,6.9820957183837891,7.2099609375,7.2802348136901855
HOUST,2016-03-31,6.6740479469299316,6.7778277397155762,7.0263833999633789,7.260246753692627,7.3108844757080078
HOUST,2016-04-30,6.6510605812072754,6.7504916191101074,7.0098066329956055,7.2640342712402344,7.3161201477050781
HOUST,2016-05-31,6.7179827690124512,6.7448878288269043,7.0282630920410156,7.340430736541748,7.3983893394470215
HOUST,2016-06-30,6.6725955009460449,6.7582674026489258,7.0382242202758789,7.2606773376464844,7.3300704956054688
HOUST,2016-07-31,6.6017818450927734,6.7020320892333984,7.0288519859313965,7.2851772308349609,7.342623233795166
HOUST,2016-08-31,6.7213258743286133,6.8201837539672852,7.0673551559448242,7.3070569038391113,7.3878860473632812
HOUST,2016-09-30,6.6584882736206055,6.7240638732910156,7.0384964942932129,7.3366513252258301,7.4228897094726562
HOUSTMW,2014-10-31,4.9472775459289551,4.9890718460083008,5.1642608642578125,5.3389267921447754,5.4691128730773926
HOUSTMW,2014-11-30,4.9495091438293457,5.0029296875,5.1699991226196289,5.3573341369628906,5.3809008598327637
HOUSTMW,2014-12-31,4.8998813629150391,4.9387712478637695,5.1629238128662109,5.3867282867431641,5.4652848243713379
HOUSTMW,2015-01-31,4.862328052520752,4.9010543823242188,5.164851188659668,5.3705329895019531,5.4335322380065918
HOUSTMW,2015-02-28,4.8771090507507324,4.9487662315368652,5.1956796646118164,5.4654874801635742,5.5344605445861816
HOUSTMW,2015-03-31,4.7954630851745605,4.9310603141784668,5.2261595726013184,5.4251255989074707,5.4699969291687012
HOUSTMW,2015-04-30,4.7966065406799316,4.8929858207702637,5.2219481468200684,5.4871640205383301,5.5786552429199219
HOUSTMW,2015-05-31,4.7819395065307617,4.9153008460998535,5.2122993469238281,5.4827456474304199,5.6207900047302246
HOUSTMW,2015-06-30,4.7519245147705078,4.9277839660644531,5.2393579483032227,5.5219550132751465,5.5870137214660645
HOUSTMW,2015-07-31,4.7984027862548828,4.9618172645568848,5.2238969802856445,5.5261163711547852,5.5859737396240234
HOUSTMW,2015-08-31,4.8223581314086914,4.8655037879943848,5.2181358337402344,5.5132279396057129,5.6206226348876953
HOUSTMW,2015-09-30,4.6933941841125488,4.8701605796813965,5.2369670867919922,5.5252590179443359,5.6298518180847168
HOUSTMW,2015-10-31,4.8929171562194824,4.9584865570068359,5.2811107635498047,5.5826907157897949,5.7214574813842773
HOUSTMW,2015-11-30,4.7544260025024414,4.8334298133850098,5.2249841690063477,5.5453968048095703,5.6486024856567383
HOUSTMW,2015-12-31,4.735626220703125,4.9143848419189453,5.35394287109375,5.6656532287597656,5.7734236717224121
HOUSTMW,2016-01-31,4.7115483283996582,4.8482365608215332,5.2858633995056152,5.6086249351501465,5.6842713356018066
HOUSTMW,2016-02-29,4.7260899543762207,4.7963299751281738,5.2248220443725586,5.6112556457519531,5.7938103675842285
HOUSTMW,2016-03-31,4.7379813194274902,4.8421106338500977,5.2525768280029297,5.6951217651367188,5.7898006439208984
HOUSTMW,2016-04-30,4.7107357978820801,4.8824648857116699,5.2948217391967773,5.7148251533508301,5.9383306503295898
HOUSTMW,2016-05-31,4.7549009323120117,4.8063573837280273,5.3169517517089844,5.6870598793029785,5.8732566833496094
HOUSTMW,2016-06-30,4.6482505798339844,4.798459529876709,5.2391843795776367,5.5846028327941895,5.6816115379333496
HOUSTMW,2016-07-31,4.6959762573242188,4.9131870269775391,5.2939348220825195,5.6724247932434082,5.7969059944152832
HOUSTMW,2016-08-31,4.6728119850158691,4.8200173377990723,5.3321852684020996,5.691746711730957,5.7951359748840332
HOUSTMW,2016-09-30,4.8008565902709961,4.9292993545532227,5.3077535629272461,5.7478103637695312,5.9586172103881836
HOUSTNE,2014-10-31,4.4631381034851074,4.5387983322143555,4.7188959121704102,4.876990795135498,4.9322271347045898
HOUSTNE,2014-11-30,4.4746007919311523,4.5280442237854004,4.7015085220336914,4.8715548515319824,4.967186450958252
HOUSTNE,2014-12-31,4.5205540657043457,4.5684919357299805,4.7456817626953125,4.9913578033447266,5.0586585998535156
HOUSTNE,2015-01-31,4.4275970458984375,4.5461711883544922,4.7385721206665039,4.947547435760498,5.0092673301696777
HOUSTNE,2015-02-28,4.3533186912536621,4.4609246253967285,4.7344651222229004,4.9859495162963867,5.0540060997009277
HOUSTNE,2015-03-31,4.4137787818908691,4.5375251770019531,4.7380275726318359,4.9825501441955566,5.0398168563842773
HOUSTNE,2015-04-30,4.4460020065307617,4.5320525169372559,4.7975568771362305,5.0084900856018066,5.1094136238098145
HOUSTNE,2015-05-31,4.509211540222168,4.5642838478088379,4.7611837387084961,5.0054793357849121,5.0806384086608887
HOUSTNE,2015-06-30,4.422767162322998,4.515559196472168,4.77691650390625,5.0260887145996094,5.1016278266906738
HOUSTNE,2015-07-31,4.4656567573547363,4.5360674858093262,4.7652931213378906,5.0607481002807617,5.1216773986816406
HOUSTNE,2015-08-31,4.387150764465332,4.4867458343505859,4.8154058456420898,5.0544686317443848,5.1509871482849121
HOUSTNE,2015-09-30,4.4722533226013184,4.5060911178588867,4.7906904220581055,4.9988799095153809,5.0853347778320312
HOUSTNE,2015-10-31,4.2746706008911133,4.473869800567627,4.7924456596374512,5.0671868324279785,5.2145633697509766
HOUSTNE,2015-11-30,4.373234748840332,4.4671311378479004,4.8007946014404297,5.1213569641113281,5.2767534255981445
HOUSTNE,2015-12-31,4.3710751533508301,4.470038890838623,4.7996406555175781,5.109865665435791,5.2194952964782715
HOUSTNE,2016-01-31,4.4201149940490723,4.491086483001709,4.7954893112182617,5.0887970924377441,5.1939373016357422
HOUSTNE,2016-02-29,4.4597792625427246,4.5134415626525879,4.8730001449584961,5.2021851539611816,5.2789688110351562
HOUSTNE,2016-03-31,4.3929343223571777,4.5483002662658691,4.864349365234375,5.2360224723815918,5.4574389457702637
HOUSTNE,2016-04-30,4.3237018585205078,4.5060110092163086,4.8239893913269043,5.1574106216430664,5.3061118125915527
HOUSTNE,2016-05-31,4.4068875312805176,4.498380184173584,4.8474006652832031,5.271151065826416,5.3399014472961426
HOUSTNE,2016-06-30,4.2947559356689453,4.4207057952880859,4.8175983428955078,5.187950611114502,5.2934741973876953
HOUSTNE,2016-07-31,4.3409318923950195,4.4933104515075684,4.8603849411010742,5.2491774559020996,5.4428977966308594
HOUSTNE,2016-08-31,4.2942943572998047,4.4518747329711914,4.8186688423156738,5.2020010948181152,5.376610279083252
HOUSTNE,2016-09-30,4.329988956451416,4.4478011131286621,4.7892332077026367,5.1774134635925293,5.3043169975280762
HOUSTS,2014-10-31,6.0628700256347656,6.0908393859863281,6.2076587677001953,6.3008866310119629,6.3298454284667969
HOUSTS,2014-11-30,6.0717182159423828,6.1038413047790527,6.2248783111572266,6.3352928161621094,6.3435888290405273
HOUSTS,2014-12-31,6.0414638519287109,6.0676474571228027,6.2058229446411133,6.3262677192687988,6.3707032203674316
HOUSTS,2015-01-31,5.9973840713500977,6.0797410011291504,6.2308893203735352,6.3738608360290527,6.4286575317382812
HOUSTS,2015-02-28,5.9825215339660645,6.0843420028686523,6.2312097549438477,6.3710503578186035,6.4199352264404297
HOUSTS,2015-03-31,6.036320686340332,6.065610408782959,6.2197666168212891,6.3925437927246094,6.4394121170043945
HOUSTS,2015-04-30,5.9606032371520996,6.049504280090332,6.2337722778320312,6.4185986518859863,6.4675874710083008
HOUSTS,2015-05-31,5.9899497032165527,6.0489068031311035,6.2533254623413086,6.4300312995910645,6.5006275177001953
HOUSTS,2015-06-30,5.8992486000061035,6.0336418151855469,6.2405691146850586,6.4401392936706543,6.541508674621582
HOUSTS,2015-07-31,5.9786777496337891,6.0901494026184082,6.2853837013244629,6.4944343566894531,6.5787549018859863
HOUSTS,2015-08-31,6.0359516143798828,6.0688714981079102,6.277824878692627,6.4611287117004395,6.4958534240722656
HOUSTS,2015-09-30,5.9673380851745605,6.0290036201477051,6.2147617340087891,6.4616761207580566,6.5463333129882812
HOUSTS,2015-10-31,5.9221429824829102,5.9955673217773438,6.2506341934204102,6.5045914649963379,6.5925445556640625
HOUSTS,2015-11-30,5.9030656814575195,5.9789094924926758,6.2794857025146484,6.5390329360961914,6.6065177917480469
HOUSTS,2015-12-31,5.7928462028503418,5.9461870193481445,6.2690982818603516,6.5456609725952148,6.6323728561401367
HOUSTS,2016-01-31,5.9506397247314453,5.9894852638244629,6.3091444969177246,6.5800771713256836,6.6449203491210938
HOUSTS,2016-02-29,6.0346741676330566,6.0873589515686035,6.2981610298156738,6.5551638603210449,6.6060528755187988
HOUSTS,2016-03-31,5.8926863670349121,5.9752874374389648,6.2775487899780273,6.5743484497070312,6.6830487251281738
HOUSTS,2016-04-30,5.8211460113525391,5.9068002700805664,6.2760467529296875,6.5559887886047363,6.6206541061401367
HOUSTS,2016-05-31,5.8239932060241699,5.972315788269043,6.2893490791320801,6.6147079467773438,6.7145590782165527
HOUSTS,2016-06-30,5.8155145645141602,5.9683685302734375,6.2943048477172852,6.6166796684265137,6.7468457221984863
HOUSTS,2016-07-31,5.8064370155334473,5.9673738479614258,6.309199333190918,6.644474983215332,6.717857837677002
HOUSTS,2016-08-31,5.8223237991333008,5.9447460174560547,6.2741603851318359,6.6311306953430176,6.6958255767822266
HOUSTS,2016-09-30,5.8661603927612305,5.9704785346984863,6.3307056427001953,6.6884236335754395,6.7660036087036133
HOUSTW,2014-10-31,5.2928133010864258,5.3237648010253906,5.447749137878418,5.5995802879333496,5.6459460258483887
HOUSTW,2014-11-30,5.3111629486083984,5.349522590637207,5.4636764526367188,5.6017680168151855,5.6389155387878418
HOUSTW,2014-12-31,5.1463589668273926,5.2539467811584473,5.4701528549194336,5.663787841796875,5.6858720779418945
HOUSTW,2015-01-31,5.2908048629760742,5.3512635231018066,5.5022487640380859,5.6784977912902832,5.7071404457092285
HOUSTW,2015-02-28,5.1954388618469238,5.3197064399719238,5.4761252403259277,5.6383233070373535,5.738316535949707
HOUSTW,2015-03-31,5.2177128791809082,5.2757344245910645,5.4983758926391602,5.677396297454834,5.7120041847229004
HOUSTW,2015-04-30,5.1947135925292969,5.2952971458435059,5.4848051071166992,5.6953606605529785,5.796442985534668
HOUSTW,2015-05-31,5.2277822494506836,5.2729463577270508,5.4908008575439453,5.7057008743286133,5.8253540992736816
HOUSTW,2015-06-30,5.2488012313842773,5.3140354156494141,5.5481472015380859,5.7647676467895508,5.8726391792297363
HOUSTW,2015-07-31,5.1691398620605469,5.2548418045043945,5.5105648040771484,5.7188258171081543,5.7649374008178711
HOUSTW,2015-08-31,5.2279038429260254,5.290870189666748,5.5586075782775879,5.7790031433105469,5.8335766792297363
HOUSTW,2015-09-30,5.1529369354248047,5.2563295364379883,5.5282182693481445,5.8133912086486816,5.9309139251708984
HOUSTW,2015-10-31,5.1792631149291992,5.2738280296325684,5.5705795288085938,5.791989803314209,5.8537206649780273
HOUSTW,2015-11-30,5.1528878211975098,5.2256608009338379,5.5394806861877441,5.8126263618469238,5.8763284683227539
HOUSTW,2015-12-31,5.1888618469238281,5.2628579139709473,5.6113796234130859,5.8832378387451172,5.939201831817627
HOUSTW,2016-01-31,5.0867233276367188,5.2172927856445312,5.5446977615356445,5.8550000190734863,5.8973245620727539
HOUSTW,2016-02-29,5.1120266914367676,5.2599554061889648,5.601801872253418,5.9202933311462402,6.0068931579589844
HOUSTW,2016-03-31,5.1205887794494629,5.3172163963317871,5.6238999366760254,5.9042563438415527,6.0035171508789062
HOUSTW,2016-04-30,5.0015573501586914,5.1947426795959473,5.6350808143615723,5.8729476928710938,5.9833641052246094
HOUSTW,2016-05-31,5.0958037376403809,5.1799702644348145,5.645449161529541,5.9532465934753418,6.0281314849853516
HOUSTW,2016-06-30,4.9404268264770508,5.1898040771484375,5.5731344223022461,5.9862489700317383,6.0555424690246582
HOUSTW,2016-07-31,5.00732421875,5.1662073135375977,5.5813183784484863,5.971956729888916,6.0746984481811523
HOUSTW,2016-08-31,4.9784793853759766,5.299370288848877,5.594212532043457,5.9333419799804688,6.0226707458496094
HOUSTW,2016-09-30,5.0514678955078125,5.2111620903015137,5.6103935241699219,5.9541478157043457,6.0270195007324219
HWI,2014-10-31,-121.55919647216797,-15.183221817016602,231.21076965332031,506.10049438476562,566.63470458984375
HWI,2014-11-30,-201.6162109375,-140.01930236816406,123.74114990234375,426.20233154296875,470.69781494140625
HWI,2014-12-31,-415.5010986328125,-330.80975341796875,-70.375320434570312,193.72700500488281,278.49398803710938
HWI,2015-01-31,-300.67343139648438,-230.02723693847656,56.207771301269531,324.37115478515625,404.7484130859375
HWI,2015-02-28,-238.30874633789062,-153.40489196777344,82.20281982421875,443.87887573242188,552.2305908203125
HWI,2015-03-31,-322.93893432617188,-267.6036376953125,6.6249637603759766,279.64328002929688,363.045654296875
HWI,2015-04-30,-289.95919799804688,-258.4591064453125,-22.340919494628906,287.1282958984375,362.03131103515625
HWI,2015-05-31,-227.16520690917969,-168.363525390625,89.165802001953125,391.95840454101562,437.02813720703125
HWI,2015-06-30,-364.819091796875,-300.19232177734375,-29.272056579589844,196.72509765625,307.8028564453125
HWI,2015-07-31,-359.40740966796875,-218.49105834960938,26.190860748291016,375.72171020507812,409.15802001953125
HWI,2015-08-31,-379.51080322265625,-333.27117919921875,41.844894409179688,309.85736083984375,349.29586791992188
HWI,2015-09-30,-250.64813232421875,-192.01304626464844,44.91497802734375,262.66336059570312,340.44561767578125
HWI,2015-10-31,-270.37136840820312,-208.27180480957031,30.157196044921875,301.7939453125,388.88519287109375
HWI,2015-11-30,-341.06259155273438,-251.11656188964844,32.772884368896484,246.94502258300781,312.53732299804688
HWI,2015-12-31,-370.92156982421875,-300.381103515625,-14.088883399963379,263.04150390625,305.08810424804688
HWI,2016-01-31,-241.97285461425781,-228.54833984375,49.541221618652344,258.62701416015625,314.15396118164062
HWI,2016-02-29,-377.56732177734375,-251.20564270019531,0.68498551845550537,220.67257690429688,297.478271484375
HWI,2016-03-31,-282.99710083007812,-206.48783874511719,13.910282135009766,244.81632995605469,341.25048828125
HWI,2016-04-30,-367.18582153320312,-240.69328308105469,6.2969589233398438,259.58193969726562,350.07217407226562
HWI,2016-05-31,-381.12356567382812,-241.95277404785156,-4.2423639297485352,277.48782348632812,321.50933837890625
HWI,2016-06-30,-302.62542724609375,-235.28855895996094,8.9751338958740234,296.111328125,354.05966186523438
HWI,2016-07-31,-237.95487976074219,-191.56172180175781,34.032722473144531,266.045166015625,297.34039306640625
HWI,2016-08-31,-261.40875244140625,-195.74746704101562,7.7556676864624023,260.666748046875,338.35177612304688
HWI,2016-09-30,-283.21881103515625,-208.34483337402344,19.064851760864258,281.70587158203125,383.42608642578125
HWIURATIO,2014-10-31,-0.023908438161015511,-0.019850151613354683,0.020975921303033829,0.050647132098674774,0.059681300073862076
HWIURATIO,2014-11-30,-0.033255245536565781,-0.023519149050116539,0.016629718244075775,0.04298299178481102,0.055877108126878738
HWIURATIO,2014-12-31,-0.031861152499914169,-0.025595312938094139,0.00676009152084589,0.057360343635082245,0.07716803252696991
HWIURATIO,2015-01-31,-0.037139039486646652,-0.026507522910833359,0.010140755213797092,0.04327099397778511,0.056320708245038986
HWIURATIO,2015-02-28,-0.041973147541284561,-0.022517705336213112,0.015223868191242218,0.047196086496114731,0.053743336349725723
HWIURATIO,2015-03-31,-0.045821361243724823,-0.028839536011219025,0.0063647264614701271,0.042212072759866714,0.047521624714136124
HWIURATIO,2015-04-30,-0.032473176717758179,-0.026927279308438301,0.0092740189284086227,0.045604035258293152,0.052614089101552963
HWIURATIO,2015-05-31,-0.043050769716501236,-0.031739622354507446,0.0066481046378612518,0.039854478091001511,0.051170561462640762
HWIURATIO,2015-06-30,-0.046863026916980743,-0.030488945543766022,0.0029377290047705173,0.03946010023355484,0.052758645266294479
HWIURATIO,2015-07-31,-0.042562093585729599,-0.027283130213618279,0.001921621966175735,0.033176954835653305,0.047007184475660324
HWIURATIO,2015-08-31,-0.058212697505950928,-0.039329469203948975,0.0074326517060399055,0.041093643754720688,0.050830651074647903
HWIURATIO,2015-09-30,-0.054011434316635132,-0.037056475877761841,0.011380716226994991,0.038903940469026566,0.054238826036453247
HWIURATIO,2015-10-31,-0.038585871458053589,-0.025739356875419617,0.0055213198065757751,0.051076754927635193,0.067715547978878021
HWIURATIO,2015-11-30,-0.038070805370807648,-0.030403032898902893,0.0011642767349258065,0.041266828775405884,0.048680834472179413
HWIURATIO,2015-12-31,-0.056776363402605057,-0.040697686374187469,0.006462933961302042,0.034596286714076996,0.042626596987247467
HWIURATIO,2016-01-31,-0.049777049571275711,-0.042267024517059326,-0.00043273880146443844,0.036432087421417236,0.046996727585792542
HWIURATIO,2016-02-29,-0.036458715796470642,-0.024350272491574287,0.0026216001715511084,0.037296965718269348,0.0489671491086483
HWIURATIO,2016-03-31,-0.084800876677036285,-0.057338237762451172,-0.0032600853592157364,0.030269492417573929,0.043672345578670502
HWIURATIO,2016-04-30,-0.056786958128213882,-0.031310122460126877,0.0034155333414673805,0.03564414381980896,0.050911575555801392
HWIURATIO,2016-05-31,-0.066743865609169006,-0.035665787756443024,0.00072343397187069058,0.04209301620721817,0.053659826517105103
HWIURATIO,2016-06-30,-0.053932387381792068,-0.037137050181627274,0.001221909187734127,0.03476424515247345,0.042587239295244217
HWIURATIO,2016-07-31,-0.047881577163934708,-0.035623598843812943,0.00028259670943953097,0.033098526298999786,0.045542214065790176
HWIURATIO,2016-08-31,-0.055555693805217743,-0.037099771201610565,0.0010179644450545311,0.040606867522001266,0.068702377378940582
HWIURATIO,2016-09-30,-0.055654473602771759,-0.03501531109213829,1.3323704479262233e-05,0.0296001136302948,0.039856743067502975
INDPRO,2014-10-31,-0.007698901928961277,-0.0043000211007893085,0.001635898370295763,0.0065806536003947258,0.0087210703641176224
INDPRO,2014-11-30,-0.0075024687685072422,-0.0052196765318512917,0.0022919191978871822,0.0072326110675930977,0.0081832185387611389
INDPRO,2014-12-31,-0.0082892980426549911,-0.0054420335218310356,0.0013825611677020788,0.0070701264776289463,0.0080788834020495415
INDPRO,2015-01-31,-0.007771780714392662,-0.0051322584040462971,0.0014309962280094624,0.0067556602880358696,0.008144906722009182
INDPRO,2015-02-28,-0.0082991840317845345,-0.0053939572535455227,0.0025344393216073513,0.0076032038778066635,0.0081609562039375305
INDPRO,2015-03-31,-0.0071726208552718163,-0.0051703751087188721,0.0029814573936164379,0.0073756016790866852,0.009542231447994709
INDPRO,2015-04-30,-0.0069975242950022221,-0.0050721759907901287,0.0024459250271320343,0.00869003776460886,0.009914846159517765
INDPRO,2015-05-31,-0.0066724838688969612,-0.004389837384223938,0.002056201221421361,0.0079472064971923828,0.0096717989072203636
INDPRO,2015-06-30,-0.0079772509634494781,-0.0050381277687847614,0.0019380440935492516,0.0077757071703672409,0.0095254164189100266
INDPRO,2015-07-31,-0.0092838732525706291,-0.0059473565779626369,0.001636195695027709,0.0072520873509347439,0.0088543407618999481
INDPRO,2015-08-31,-0.0051705115474760532,-0.0030235177837312222,0.0021282038651406765,0.007432637270539999,0.010317719541490078
INDPRO,2015-09-30,-0.0082430234178900719,-0.0051780529320240021,0.0027019367553293705,0.0080276736989617348,0.0090416008606553078
INDPRO,2015-10-31,-0.0088419001549482346,-0.0047025610692799091,0.0031886501237750053,0.0087884031236171722,0.010473808273673058
INDPRO,2015-11-30,-0.005776780191808939,-0.0036909556947648525,0.0022906498052179813,0.007564186118543148,0.010464955121278763
INDPRO,2015-12-31,-0.0066582532599568367,-0.0054386337287724018,0.0016817396972328424,0.0081605007871985435,0.0092351101338863373
INDPRO,2016-01-31,-0.0051294127479195595,-0.0039505599997937679,0.0020484630949795246,0.0076116337440907955,0.0091948593035340309
INDPRO,2016-02-29,-0.0091454824432730675,-0.0072379810735583305,0.0015857131220400333,0.008593875914812088,0.010698691010475159
INDPRO,2016-03-31,-0.0046291975304484367,-0.0030991449020802975,0.0028100432828068733,0.0075377612374722958,0.0094006247818470001
INDPRO,2016-04-30,-0.0096827661618590355,-0.0070141912437975407,0.0016859886236488819,0.0093017956241965294,0.0099512031301856041
INDPRO,2016-05-31,-0.0096425144001841545,-0.0065275989472866058,0.0021997338626533747,0.0071701728738844395,0.008507508784532547
INDPRO,2016-06-30,-0.0080249710008502007,-0.0048862611874938011,0.0012608373071998358,0.0076767937280237675,0.010431095026433468
INDPRO,2016-07-31,-0.010163519531488419,-0.0068414970301091671,0.0022320025600492954,0.0089414054527878761,0.010376901365816593
INDPRO,2016-08-31,-0.0068266089074313641,-0.0050443499349057674,0.0029695664998143911,0.0078262565657496452,0.0097120301797986031
INDPRO,2016-09-30,-0.0089921141043305397,-0.0061065433546900749,0.0018095206469297409,0.0079908212646842003,0.0095096845179796219
INVEST,2014-10-31,-0.017048316076397896,-0.012522529810667038,-0.00060811650473624468,0.0068381060846149921,0.0095188543200492859
INVEST,2014-11-30,-0.013399336487054825,-0.010050016455352306,-0.00046450080117210746,0.0063766306266188622,0.010547857731580734
INVEST,2014-12-31,-0.0099118268117308617,-0.0071479030884802341,7.6179974712431431e-05,0.0056579862721264362,0.0081906579434871674
INVEST,2015-01-31,-0.013458318077027798,-0.010659928433597088,-0.0010395755525678396,0.0086989114060997963,0.012908710166811943
INVEST,2015-02-28,-0.017217379063367844,-0.010503007099032402,0.00088381592649966478,0.0087766619399189949,0.0126619478687644
INVEST,2015-03-31,-0.011854752898216248,-0.0087391771376132965,-0.00070374307688325644,0.0080184880644083023,0.011212630197405815
INVEST,2015-04-30,-0.015441874973475933,-0.010976532474160194,-0.0011106544407084584,0.0056284405291080475,0.0069483821280300617
INVEST,2015-05-31,-0.012633566744625568,-0.011275149881839752,-0.00072059070225805044,0.0076418020762503147,0.010117920115590096
INVEST,2015-06-30,-0.009881412610411644,-0.0077315736562013626,0.00062274711672216654,0.010807080194354057,0.012876380234956741
INVEST,2015-07-31,-0.012564001604914665,-0.010370003059506416,-0.0021788072772324085,0.0066801137290894985,0.0083725526928901672
INVEST,2015-08-31,-0.013853452168405056,-0.010282790288329124,0.00034522957867011428,0.0098635880276560783,0.014308460056781769
INVEST,2015-09-30,-0.01163992565125227,-0.0085164466872811317,-0.0012068622745573521,0.007900177501142025,0.0096235442906618118
INVEST,2015-10-31,-0.013453341089189053,-0.01044389046728611,1.6718564438633621e-05,0.0066798054613173008,0.0091734016314148903
INVEST,2015-11-30,-0.011686281301081181,-0.0079433713108301163,-0.0013171324972063303,0.0072265816852450371,0.0092138210311532021
INVEST,2015-12-31,-0.012486185878515244,-0.0076042511500418186,0.0013078536139801145,0.0077845086343586445,0.01046336442232132
INVEST,2016-01-31,-0.013594762422144413,-0.011716911569237709,-0.0015075155533850193,0.005189085379242897,0.0064595937728881836
INVEST,2016-02-29,-0.013026554137468338,-0.010789293795824051,5.1514209189917892e-05,0.0077699553221464157,0.010126101784408092
INVEST,2016-03-31,-0.013137944974005222,-0.0091444142162799835,-0.00036200726754032075,0.0069711324758827686,0.011440438218414783
INVEST,2016-04-30,-0.011605698615312576,-0.0081224227324128151,0.00063362630316987634,0.0071909381076693535,0.0097333109006285667
INVEST,2016-05-31,-0.013410739600658417,-0.010332607664167881,0.00028773857047781348,0.0082630682736635208,0.011690842919051647
INVEST,2016-06-30,-0.012682445347309113,-0.010094226337969303,-0.00091813493054360151,0.0074891350232064724,0.010412496514618397
INVEST,2016-07-31,-0.014246017672121525,-0.011367787607014179,-0.00037944337236694992,0.0093335527926683426,0.01266125962138176
INVEST,2016-08-31,-0.012832477688789368,-0.010087821632623672,0.00020342075731605291,0.010863733477890491,0.014350789599120617
INVEST,2016-09-30,-0.010064567439258099,-0.0075125154107809067,0.00012351393525023013,0.0092754978686571121,0.01232585497200489
IPB51222S,2014-10-31,-0.035999603569507599,-0.031259704381227493,0.010103784501552582,0.050163093954324722,0.061615433543920517
IPB51222S,2014-11-30,-0.05256941169500351,-0.039806067943572998,0.0032931093592196703,0.032072219997644424,0.046664413064718246
IPB51222S,2014-12-31,-0.065880879759788513,-0.054136663675308228,-0.00097774411551654339,0.04803096130490303,0.06199289858341217
IPB51222S,2015-01-31,-0.063185609877109528,-0.045725848525762558,0.0090855006128549576,0.052026860415935516,0.054300412535667419
IPB51222S,2015-02-28,-0.046670220792293549,-0.037901423871517181,9.5124414656311274e-05,0.04537394642829895,0.063044264912605286
IPB51222S,2015-03-31,-0.06367696076631546,-0.042644653469324112,0.00020299456082284451,0.029496636241674423,0.041058436036109924
IPB51222S,2015-04-30,-0.062688976526260376,-0.048224452883005142,-0.0014216488925740123,0.033792722970247269,0.043496083468198776
IPB51222S,2015-05-31,-0.052234236150979996,-0.041549216955900192,-0.0011779202613979578,0.034489944577217102,0.045684248208999634
IPB51222S,2015-06-30,-0.055383559316396713,-0.039417706429958344,0.0048183165490627289,0.052148781716823578,0.073740400373935699
IPB51222S,2015-07-31,-0.064554661512374878,-0.052461668848991394,0.0044419700279831886,0.04845510795712471,0.057330399751663208
IPB51222S,2015-08-31,-0.053794898092746735,-0.038325432687997818,-0.0036619291640818119,0.03863198310136795,0.055869840085506439
IPB51222S,2015-09-30,-0.046663496643304825,-0.040175154805183411,0.002247038995847106,0.049879062920808792,0.063448935747146606
IPB51222S,2015-10-31,-0.045745573937892914,-0.036504879593849182,0.0025154356844723225,0.042073503136634827,0.050183914601802826
IPB51222S,2015-11-30,-0.056905385106801987,-0.04684637114405632,0.0047320201992988586,0.045404829084873199,0.067991219460964203
IPB51222S,2015-12-31,-0.060723952949047089,-0.041902821511030197,0.00010707508772611618,0.042181462049484253,0.049250602722167969
IPB51222S,2016-01-31,-0.05769411101937294,-0.041722901165485382,0.0045218756422400475,0.044557575136423111,0.05541672557592392
IPB51222S,2016-02-29,-0.063867218792438507,-0.05247986689209938,-0.0022026512306183577,0.03766443207859993,0.054300200194120407
IPB51222S,2016-03-31,-0.062407299876213074,-0.042208235710859299,0.002386641688644886,0.04547484964132309,0.056691054254770279
IPB51222S,2016-04-30,-0.046642385423183441,-0.038682751357555389,0.0047739269211888313,0.042402036488056183,0.05136452242732048
IPB51222S,2016-05-31,-0.05291299894452095,-0.03793860599398613,0.010044354014098644,0.060047298669815063,0.084820427000522614
IPB51222S,2016-06-30,-0.045866258442401886,-0.029050970450043678,0.0097945807501673698,0.04431489109992981,0.05810265988111496
IPB51222S,2016-07-31,-0.039863623678684235,-0.028289377689361572,0.0071573890745639801,0.051448509097099304,0.065777190029621124
IPB51222S,2016-08-31,-0.039901293814182281,-0.025568801909685135,0.010210727341473103,0.047134771943092346,0.053494658321142197
IPB51222S,2016-09-30,-0.041432704776525497,-0.036360852420330048,-0.0022685246076434851,0.030476169660687447,0.037087820470333099
IPBUSEQ,2014-10-31,-0.013588466681540012,-0.0077571384608745575,0.0025421164464205503,0.013345520943403244,0.017021520063281059
IPBUSEQ,2014-11-30,-0.020239176228642464,-0.012390355579555035,0.00062975822947919369,0.012628603726625443,0.014692202210426331
IPBUSEQ,2014-12-31,-0.012292542494833469,-0.0097535289824008942,0.0020711887627840042,0.014481537044048309,0.017324529588222504
IPBUSEQ,2015-01-31,-0.011861003004014492,-0.0097401561215519905,0.0013391806278377771,0.012508893385529518,0.014485047198832035
IPBUSEQ,2015-02-28,-0.017700066789984703,-0.010217716917395592,0.0018890660721808672,0.015329441986978054,0.018696967512369156
IPBUSEQ,2015-03-31,-0.013520902022719383,-0.012152343988418579,0.0018869899213314056,0.013346290215849876,0.017002705484628677
IPBUSEQ,2015-04-30,-0.023528652265667915,-0.01379538606852293,0.0013081167126074433,0.012660871259868145,0.017275266349315643
IPBUSEQ,2015-05-31,-0.013913671486079693,-0.010176819749176502,0.0029481558594852686,0.015713473781943321,0.018936548382043839
IPBUSEQ,2015-06-30,-0.01701589860022068,-0.01017885934561491,0.0040027555078268051,0.015068735927343369,0.021160362288355827
IPBUSEQ,2015-07-31,-0.011664872989058495,-0.0084637729451060295,0.0025877924636006355,0.015377120114862919,0.019512264057993889
IPBUSEQ,2015-08-31,-0.012255820445716381,-0.0080086104571819305,0.0027904952876269817,0.013804346323013306,0.016599956899881363
IPBUSEQ,2015-09-30,-0.016372730955481529,-0.011129702441394329,0.0035754360724240541,0.014073273167014122,0.015685945749282837
IPBUSEQ,2015-10-31,-0.017758242785930634,-0.0107725840061903,0.0031563416123390198,0.018047545105218887,0.020535450428724289
IPBUSEQ,2015-11-30,-0.013586003333330154,-0.0088087515905499458,0.004964304156601429,0.016191499307751656,0.019601641222834587
IPBUSEQ,2015-12-31,-0.014926653355360031,-0.010380348190665245,0.0031053372658789158,0.01539421733468771,0.018625715747475624
IPBUSEQ,2016-01-31,-0.010256347246468067,-0.0072386018000543118,0.0040818993002176285,0.016334233805537224,0.020718470215797424
IPBUSEQ,2016-02-29,-0.019058803096413612,-0.013375371694564819,0.0036076914984732866,0.017166202887892723,0.019983327016234398
IPBUSEQ,2016-03-31,-0.016040690243244171,-0.01279075350612402,0.0048422198742628098,0.014715732075273991,0.020182276144623756
IPBUSEQ,2016-04-30,-0.015503012575209141,-0.010347732342779636,0.002885069465264678,0.015154687687754631,0.017813047394156456
IPBUSEQ,2016-05-31,-0.011318850331008434,-0.008679448626935482,0.0015399225521832705,0.015586645342409611,0.021276239305734634
IPBUSEQ,2016-06-30,-0.012601131573319435,-0.0066200150176882744,0.0052526500076055527,0.017060494050383568,0.0185051579028368
IPBUSEQ,2016-07-31,-0.013193760067224503,-0.0099119851365685463,0.0062564108520746231,0.015943367034196854,0.018059097230434418
IPBUSEQ,2016-08-31,-0.010624566115438938,-0.0080101434141397476,0.0056552663445472717,0.016584243625402451,0.022428641095757484
IPBUSEQ,2016-09-30,-0.015949742868542671,-0.010332809761166573,0.0030961083248257637,0.015772661194205284,0.017757773399353027
IPCONGD,2014-10-31,-0.0099082570523023605,-0.0078606437891721725,0.00042674830183386803,0.0088692707940936089,0.012454628013074398
IPCONGD,2014-11-30,-0.01159036997705698,-0.0085405101999640465,0.00013059584307484329,0.0072280112653970718,0.0086081437766551971
IPCONGD,2014-12-31,-0.010406864807009697,-0.0074982983060181141,0.00038075633347034454,0.0092465206980705261,0.010552177205681801
IPCONGD,2015-01-31,-0.010463198646903038,-0.0067374380305409431,0.001266681938432157,0.0079309679567813873,0.01143277995288372
IPCONGD,2015-02-28,-0.011649872176349163,-0.0095315165817737579,0.0014739142498001456,0.0093441670760512352,0.010585295967757702
IPCONGD,2015-03-31,-0.0092353159561753273,-0.0075089056044816971,0.00056140648666769266,0.0071277986280620098,0.0102955661714077
IPCONGD,2015-04-30,-0.01238046120852232,-0.0085018882527947426,0.00088179321028292179,0.0078546265140175819,0.011261025443673134
IPCONGD,2015-05-31,-0.0122225321829319,-0.0078949779272079468,-0.0001769568189047277,0.008524775505065918,0.01184267271310091
IPCONGD,2015-06-30,-0.0093213524669408798,-0.0067448238842189312,0.0011255817953497171,0.0070097106508910656,0.0086867725476622581
IPCONGD,2015-07-31,-0.011371476575732231,-0.0079140067100524902,0.00032397470204159617,0.0065521951764822006,0.008721567690372467
IPCONGD,2015-08-31,-0.011801650747656822,-0.0064120986498892307,0.00055420631542801857,0.0087958192452788353,0.014118519611656666
IPCONGD,2015-09-30,-0.011169787496328354,-0.0074094072915613651,0.00057974638184532523,0.0077277547679841518,0.0091055864468216896
IPCONGD,2015-10-31,-0.010566260665655136,-0.0074470993131399155,-0.00050673645455390215,0.0078816302120685577,0.010797548107802868
IPCONGD,2015-11-30,-0.012661976739764214,-0.009700295515358448,-0.00042546656914055347,0.0081617264077067375,0.010693134739995003
IPCONGD,2015-12-31,-0.012277252972126007,-0.0080757569521665573,0.00037176554906181991,0.0072725145146250725,0.011388787068426609
IPCONGD,2016-01-31,-0.012090270407497883,-0.010616840794682503,2.3374013835564256e-05,0.008122248575091362,0.0096804676577448845
IPCONGD,2016-02-29,-0.015547518618404865,-0.0098928837105631828,3.7436955608427525e-05,0.0062451791018247604,0.0089271795004606247
IPCONGD,2016-03-31,-0.010828715749084949,-0.0090962499380111694,0.00045922317076474428,0.0083279246464371681,0.011638707481324673
IPCONGD,2016-04-30,-0.010998763144016266,-0.0082609951496124268,0.00015076607814989984,0.0084006832912564278,0.010778686031699181
IPCONGD,2016-05-31,-0.010420672595500946,-0.007593163289129734,0.00041437632171437144,0.0087166000157594681,0.010445614345371723
IPCONGD,2016-06-30,-0.0094595039263367653,-0.0066238567233085632,0.00033280040952377021,0.0099531756713986397,0.013673199340701103
IPCONGD,2016-07-31,-0.011141103692352772,-0.0086696837097406387,0.00093725568149238825,0.0086605660617351532,0.013430158607661724
IPCONGD,2016-08-31,-0.010411863215267658,-0.0092806434258818626,-0.00011049408931285143,0.0078701348975300789,0.010908319614827633
IPCONGD,2016-09-30,-0.012895010411739349,-0.010071596130728722,0.00026281594182364643,0.0072530996985733509,0.0088280476629734039
IPDCONGD,2014-10-31,-0.029036331921815872,-0.021786097437143326,0.00290068075992167,0.024650046601891518,0.029370531439781189
IPDCONGD,2014-11-30,-0.036066103726625443,-0.022201033309102058,0.00097970548085868359,0.017457524314522743,0.020011935383081436
IPDCONGD,2014-12-31,-0.020426740869879723,-0.015241888351738453,0.0044552101753652096,0.02613157220184803,0.039434615522623062
IPDCONGD,2015-01-31,-0.030173497274518013,-0.020343158394098282,0.0034024571068584919,0.022474959492683411,0.027271613478660583
IPDCONGD,2015-02-28,-0.024180645123124123,-0.015339107252657413,0.0034228202421218157,0.024315992370247841,0.030055224895477295
IPDCONGD,2015-03-31,-0.019167261198163033,-0.014021323062479496,0.0023527429439127445,0.022566195577383041,0.02679305337369442
IPDCONGD,2015-04-30,-0.024344231933355331,-0.020767709240317345,0.0036792915780097246,0.020346306264400482,0.02668084017932415
IPDCONGD,2015-05-31,-0.028158973902463913,-0.017667816951870918,0.0044317906722426414,0.022271821275353432,0.028759673237800598
IPDCONGD,2015-06-30,-0.025410173460841179,-0.020917149260640144,0.0043847588822245598,0.022753505036234856,0.02751191146671772
IPDCONGD,2015-07-31,-0.015560759231448174,-0.012030166573822498,0.0042018224485218525,0.021488329395651817,0.027620257809758186
IPDCONGD,2015-08-31,-0.037107829004526138,-0.019020412117242813,0.003918403759598732,0.021803734824061394,0.029554309323430061
IPDCONGD,2015-09-30,-0.027907451614737511,-0.020679578185081482,0.0021433543879538774,0.019504481926560402,0.024417828768491745
IPDCONGD,2015-10-31,-0.021631235256791115,-0.014943737536668777,0.0036263016518205404,0.024419795721769333,0.031307797878980637
IPDCONGD,2015-11-30,-0.023129886016249657,-0.015788920223712921,0.0030809622257947922,0.021493468433618546,0.028475744649767876
IPDCONGD,2015-12-31,-0.029909990727901459,-0.016644272953271866,0.0019074530573561788,0.017008766531944275,0.022183692082762718
IPDCONGD,2016-01-31,-0.02809445932507515,-0.024473721161484718,0.002408196683973074,0.018640367314219475,0.022450603544712067
IPDCONGD,2016-02-29,-0.030828488990664482,-0.02151181735098362,0.0023004699032753706,0.019381994381546974,0.02428058534860611
IPDCONGD,2016-03-31,-0.028188610449433327,-0.021568484604358673,0.0037087239325046539,0.02202204242348671,0.029237546026706696
IPDCONGD,2016-04-30,-0.029295939952135086,-0.018137088045477867,0.0026383677031844854,0.017326796427369118,0.020546237006783485
IPDCONGD,2016-05-31,-0.031948648393154144,-0.020703617483377457,0.0027018070686608553,0.021400999277830124,0.028498729690909386
IPDCONGD,2016-06-30,-0.017978362739086151,-0.012360601685941219,0.0054355552420020103,0.018295185640454292,0.026494266465306282
IPDCONGD,2016-07-31,-0.036963056772947311,-0.019545556977391243,0.0017987464088946581,0.021714618429541588,0.028856182470917702
IPDCONGD,2016-08-31,-0.016262365505099297,-0.01086856983602047,0.0040438431315124035,0.021532062441110611,0.034328918904066086
IPDCONGD,2016-09-30,-0.024789085611701012,-0.015804890543222427,0.0034887671936303377,0.024840675294399261,0.035103358328342438
IPDMAT,2014-10-31,-0.01273699477314949,-0.0086664929986000061,0.0038098741788417101,0.015850458294153214,0.019372027367353439
IPDMAT,2014-11-30,-0.0146804079413414,-0.011246693320572376,0.0010414583375677466,0.012300086207687855,0.014129267074167728
IPDMAT,2014-12-31,-0.013975027948617935,-0.010338172316551208,0.0011123672593384981,0.013216334395110607,0.015941197052598
IPDMAT,2015-01-31,-0.018624149262905121,-0.010659554041922092,0.0039777569472789764,0.014829995110630989,0.01659870520234108
IPDMAT,2015-02-28,-0.013066095300018787,-0.0085011357441544533,0.0043856436386704445,0.013004377484321594,0.017758645117282867
IPDMAT,2015-03-31,-0.015541939064860344,-0.012407740578055382,0.0022838262375444174,0.013320203870534897,0.016792507842183113
IPDMAT,2015-04-30,-0.018885660916566849,-0.01364007405936718,0.003682407084852457,0.016741093248128891,0.018946096301078796
IPDMAT,2015-05-31,-0.013357016257941723,-0.008398544043302536,0.0042939614504575729,0.013760990463197231,0.016964389011263847
IPDMAT,2015-06-30,-0.017036743462085724,-0.0089081041514873505,0.0058339862152934074,0.015077093616127968,0.019103549420833588
IPDMAT,2015-07-31,-0.015709562227129936,-0.010356430895626545,0.004367658868432045,0.014383192174136639,0.016121977940201759
IPDMAT,2015-08-31,-0.016052426770329475,-0.0094533301889896393,0.0041393367573618889,0.016408337280154228,0.020030982792377472
IPDMAT,2015-09-30,-0.015063106082379818,-0.0089223477989435196,0.0037242299877107143,0.014149539172649384,0.01668943464756012
IPDMAT,2015-10-31,-0.014669280499219894,-0.011716593988239765,0.0041393199935555458,0.014252349734306335,0.016748638823628426
IPDMAT,2015-11-30,-0.018727721646428108,-0.0092955222353339195,0.0039618033915758133,0.014642646536231041,0.020443998277187347
IPDMAT,2015-12-31,-0.012543417513370514,-0.0082076042890548706,0.00408969447016716,0.015217652544379234,0.016717884689569473
IPDMAT,2016-01-31,-0.012304002419114113,-0.0092866243794560432,0.0046368120238184929,0.014653467573225498,0.018963130190968513
IPDMAT,2016-02-29,-0.021550703793764114,-0.011168815195560455,0.0037458194419741631,0.016534293070435524,0.018926899880170822
IPDMAT,2016-03-31,-0.0099997250363230705,-0.0081489654257893562,0.0025780373252928257,0.014845263212919235,0.017700200900435448
IPDMAT,2016-04-30,-0.018254095688462257,-0.012038820423185825,0.0056936955079436302,0.015287810936570168,0.019355123862624168
IPDMAT,2016-05-31,-0.018800601363182068,-0.011938925832509995,0.0037173670716583729,0.013586175628006458,0.015266744419932365
IPDMAT,2016-06-30,-0.017528751865029335,-0.011419952847063541,0.0050385035574436188,0.015449978411197662,0.019609754905104637
IPDMAT,2016-07-31,-0.017001919448375702,-0.0062892562709748745,0.0052671567536890507,0.01679915189743042,0.022849798202514648
IPDMAT,2016-08-31,-0.010967814363539219,-0.0062770317308604717,0.004435831680893898,0.016670297831296921,0.019955804571509361
IPDMAT,2016-09-30,-0.020261837169528008,-0.014721609652042389,0.0022241175174713135,0.015658043324947357,0.018052514642477036
IPFINAL,2014-10-31,-0.0076823914423584938,-0.0066259130835533142,0.0015429796185344458,0.0074618784710764885,0.010567842982709408
IPFINAL,2014-11-30,-0.0051491968333721161,-0.0035972674377262592,0.0021119746379554272,0.0082417707890272141,0.009540315717458725
IPFINAL,2014-12-31,-0.0064750793389976025,-0.0042993114329874516,0.0012454752577468753,0.008281659334897995,0.010566432029008865
IPFINAL,2015-01-31,-0.0068482761271297932,-0.0046784128062427044,0.0016986776608973742,0.007305709645152092,0.0084660602733492851
IPFINAL,2015-02-28,-0.0090445550158619881,-0.0064889015629887581,0.00074601342203095555,0.0078099011443555355,0.0094900093972682953
IPFINAL,2015-03-31,-0.01022016629576683,-0.0068670320324599743,0.00051714060828089714,0.0075487489812076092,0.0089907543733716011
IPFINAL,2015-04-30,-0.0068164877593517303,-0.0051809879951179028,0.0018665322568267584,0.0089238602668046951,0.011530042625963688
IPFINAL,2015-05-31,-0.0080050937831401825,-0.0062812361866235733,0.001758138183504343,0.0097275916486978531,0.011880164034664631
IPFINAL,2015-06-30,-0.0093788998201489449,-0.0065462100319564342,0.001870900159701705,0.0084521109238266945,0.0099538424983620644
IPFINAL,2015-07-31,-0.010217594914138317,-0.0075898300856351852,0.00047722458839416504,0.0096887834370136261,0.011489718221127987
IPFINAL,2015-08-31,-0.0088851815089583397,-0.0071052778512239456,0.0011421006638556719,0.0077396458946168423,0.0093626389279961586
IPFINAL,2015-09-30,-0.009918922558426857,-0.0052226516418159008,0.0024262170772999525,0.0089365029707551003,0.011970926076173782
IPFINAL,2015-10-31,-0.0093418136239051819,-0.0057782456278800964,0.0016340690199285746,0.0083529762923717499,0.012576909735798836
IPFINAL,2015-11-30,-0.01015838235616684,-0.0059929965063929558,0.0022437651641666889,0.007783916313201189,0.0091030336916446686
IPFINAL,2015-12-31,-0.0095952404662966728,-0.0064828828908503056,0.00064924464095383883,0.0075969821773469448,0.0099570071324706078
IPFINAL,2016-01-31,-0.0071597234345972538,-0.0039786053821444511,0.0020847213454544544,0.009016585536301136,0.010869837366044521
IPFINAL,2016-02-29,-0.0076327067799866199,-0.0068596638739109039,0.00073122122557833791,0.0085258418694138527,0.011551583185791969
IPFINAL,2016-03-31,-0.0090188495814800262,-0.0061099580489099026,0.0012104401830583811,0.0088703101500868797,0.011798501946032047
IPFINAL,2016-04-30,-0.0091439513489603996,-0.0074984608218073845,0.0016997689381241798,0.011143791489303112,0.013543970882892609
IPFINAL,2016-05-31,-0.0079286815598607063,-0.0062779225409030914,0.0016792480600997806,0.0095706293359398842,0.013252204284071922
IPFINAL,2016-06-30,-0.010543612763285637,-0.0071484670042991638,0.0014598590787500143,0.0083530191332101822,0.01096653938293457
IPFINAL,2016-07-31,-0.0096954675391316414,-0.0069851940497756004,0.0010174205526709557,0.0097339842468500137,0.010448753833770752
IPFINAL,2016-08-31,-0.010798459872603416,-0.0058998102322220802,0.0020618035923689604,0.008623981848359108,0.011754768900573254
IPFINAL,2016-09-30,-0.0081629231572151184,-0.0065183793194591999,0.0015674540773034096,0.0078710336238145828,0.010465070605278015
IPFPNSS,2014-10-31,-0.0085178865119814873,-0.0065888152457773685,0.0013495143502950668,0.0078648114576935768,0.0092531871050596237
IPFPNSS,2014-11-30,-0.0057072332128882408,-0.0049190493300557137,0.0011028008302673697,0.0066506573930382729,0.0083111505955457687
IPFPNSS,2014-12-31,-0.0065394053235650063,-0.0051201540045440197,0.001446153037250042,0.0069409874267876148,0.0080762142315506935
IPFPNSS,2015-01-31,-0.0062617594376206398,-0.0039478517137467861,0.0023264940828084946,0.0092250918969511986,0.010431875474750996
IPFPNSS,2015-02-28,-0.0081553487107157707,-0.0062179281376302242,0.0012616822496056557,0.0078968740999698639,0.0091127781197428703
IPFPNSS,2015-03-31,-0.010058257728815079,-0.006825852207839489,0.0012527741491794586,0.0070259510539472103,0.0078096156939864159
IPFPNSS,2015-04-30,-0.0097114145755767822,-0.0065662078559398651,0.002116939052939415,0.0078091989271342754,0.010296773165464401
IPFPNSS,2015-05-31,-0.0097867939621210098,-0.0066963862627744675,0.00052648945711553097,0.0078183934092521667,0.0099815083667635918
IPFPNSS,2015-06-30,-0.0069816457107663155,-0.0052905385382473469,0.0026538828387856483,0.0095968395471572876,0.010864843614399433
IPFPNSS,2015-07-31,-0.0082388585433363914,-0.0055929897353053093,0.00060705776559188962,0.008057866245508194,0.010060328058898449
IPFPNSS,2015-08-31,-0.0072508929297327995,-0.0050084651447832584,0.0020894058980047703,0.0083850361406803131,0.0099654365330934525
IPFPNSS,2015-09-30,-0.008867872878909111,-0.0052739642560482025,0.0011827506823465228,0.0075675067491829395,0.010057222098112106
IPFPNSS,2015-10-31,-0.010501733981072903,-0.0073919608257710934,0.00087439047638326883,0.0085785174742341042,0.0096267703920602798
IPFPNSS,2015-11-30,-0.0078368354588747025,-0.0062768906354904175,0.0012126233195886016,0.0080470461398363113,0.0100603848695755
IPFPNSS,2015-12-31,-0.010077548213303089,-0.0077509447000920773,0.0011532111093401909,0.0085517195984721184,0.01143534854054451
IPFPNSS,2016-01-31,-0.0067882114090025425,-0.0054224226623773575,0.0016785741318017244,0.0083193574100732803,0.01057598739862442
IPFPNSS,2016-02-29,-0.0095902560278773308,-0.0081338658928871155,0.00041619152761995792,0.0073456657119095325,0.0083219660446047783
IPFPNSS,2016-03-31,-0.0062295780517160892,-0.004910116083920002,0.0010062268702313304,0.007158712949603796,0.009495285339653492
IPFPNSS,2016-04-30,-0.0077981241047382355,-0.0054901330731809139,0.0017083644634112716,0.007052605040371418,0.0086235357448458672
IPFPNSS,2016-05-31,-0.0092647932469844818,-0.0060390005819499493,0.0015962712932378054,0.007779393345117569,0.0093491841107606888
IPFPNSS,2016-06-30,-0.008152596652507782,-0.0060963253490626812,0.00047472224105149508,0.0073917587287724018,0.0094127785414457321
IPFPNSS,2016-07-31,-0.008784119039773941,-0.0068170432932674885,5.2414136007428169e-05,0.0072101014666259289,0.0086344256997108459
IPFPNSS,2016-08-31,-0.006973552517592907,-0.0057302066124975681,0.0014748594257980585,0.0069135925732553005,0.010165688581764698
IPFPNSS,2016-09-30,-0.010470004752278328,-0.0079099228605628014,0.0009033100213855505,0.0096902437508106232,0.010366725735366344
IPFUELS,2014-10-31,-0.01107952743768692,-0.0077963150106370449,0.0059381173923611641,0.027367917820811272,0.029630910605192184
IPFUELS,2014-11-30,-0.017094859853386879,-0.014131275005638599,0.0047471988946199417,0.025718862190842628,0.035062108188867569
IPFUELS,2014-12-31,-0.025326009839773178,-0.019485374912619591,0.002400645986199379,0.016933755949139595,0.019832693040370941
IPFUELS,2015-01-31,-0.017528725787997246,-0.01341443695127964,0.00091052392963320017,0.016711447387933731,0.018910342827439308
IPFUELS,2015-02-28,-0.027386495843529701,-0.015371556393802166,0.0033726401161402464,0.023360654711723328,0.026309801265597343
IPFUELS,2015-03-31,-0.02557477168738842,-0.021300232037901878,0.0015283679822459817,0.019077382981777191,0.024758771061897278
IPFUELS,2015-04-30,-0.029010811820626259,-0.017966311424970627,-0.00075169344199821353,0.016028007492423058,0.024933671578764915
IPFUELS,2015-05-31,-0.017225770279765129,-0.012298954650759697,0.003597811795771122,0.021024312824010849,0.027654191479086876
IPFUELS,2015-06-30,-0.029994450509548187,-0.022624917328357697,0.0025259102694690228,0.019740596413612366,0.025754403322935104
IPFUELS,2015-07-31,-0.021702596917748451,-0.016905404627323151,0.00015759878442622721,0.018368633463978767,0.023964343592524529
IPFUELS,2015-08-31,-0.026611465960741043,-0.018534507602453232,0.002846516203135252,0.021725647151470184,0.032184671610593796
IPFUELS,2015-09-30,-0.027161464095115662,-0.017544446513056755,0.00058202299987897277,0.02042684331536293,0.025739511474967003
IPFUELS,2015-10-31,-0.021157631650567055,-0.0184028260409832,0.0029071785975247622,0.016697954386472702,0.023805400356650352
IPFUELS,2015-11-30,-0.023998325690627098,-0.018637696281075478,-3.0921248253434896e-05,0.016548976302146912,0.02293701097369194
IPFUELS,2015-12-31,-0.020854922011494637,-0.01486711110919714,0.0023523489944636822,0.017096228897571564,0.023336298763751984
IPFUELS,2016-01-31,-0.020315917208790779,-0.011112039908766747,0.0045055076479911804,0.018740072846412659,0.022767627611756325
IPFUELS,2016-02-29,-0.019302504137158394,-0.011650764383375645,0.0020664653275161982,0.020352300256490707,0.026719134300947189
IPFUELS,2016-03-31,-0.023282790556550026,-0.018473753705620766,0.00019891507690772414,0.015891866758465767,0.023125192150473595
IPFUELS,2016-04-30,-0.019481774419546127,-0.014079499058425426,0.00049475021660327911,0.019542280584573746,0.025308901444077492
IPFUELS,2016-05-31,-0.021523650735616684,-0.018949771299958229,0.00079847511369735003,0.021402604877948761,0.023871125653386116
IPFUELS,2016-06-30,-0.02461794950067997,-0.017117097973823547,0.0012796293012797832,0.01694118045270443,0.023397849872708321
IPFUELS,2016-07-31,-0.024510728195309639,-0.017572313547134399,0.0029666058253496885,0.01645408570766449,0.022720865905284882
IPFUELS,2016-08-31,-0.027257990092039108,-0.019213831052184105,0.00044201448326930404,0.01656792126595974,0.021584413945674896
IPFUELS,2016-09-30,-0.026484500616788864,-0.022385571151971817,0.00074489152757450938,0.017654227092862129,0.023234212771058083
IPMANSICS,2014-10-31,-0.0085799805819988251,-0.0060931723564863205,0.001407069037668407,0.0090853068977594376,0.012145861983299255
IPMANSICS,2014-11-30,-0.0096952570602297783,-0.0068925353698432446,0.00064431334612891078,0.0068813012912869453,0.0086298668757081032
IPMANSICS,2014-12-31,-0.0085838688537478447,-0.0048322891816496849,0.0016373328398913145,0.008052297867834568,0.010485290549695492
IPMANSICS,2015-01-31,-0.0093158688396215439,-0.005585747305303812,0.0012565967626869678,0.007500962819904089,0.0087531348690390587
IPMANSICS,2015-02-28,-0.011099586263298988,-0.0075224144384264946,0.0015626300591975451,0.0090633966028690338,0.01058407686650753
IPMANSICS,2015-03-31,-0.011795364320278168,-0.0070261345244944096,0.001871846616268158,0.0086239492520689964,0.0100749172270298
IPMANSICS,2015-04-30,-0.0093063460662961006,-0.0070015657693147659,0.00045195152051746845,0.008710615336894989,0.010854196734726429
IPMANSICS,2015-05-31,-0.0086156558245420456,-0.0069005941040813923,0.0017450219020247459,0.0077699464745819569,0.010268864221870899
IPMANSICS,2015-06-30,-0.0099527472630143166,-0.0057526649907231331,0.0020977347157895565,0.010447501204907894,0.012303195893764496
IPMANSICS,2015-07-31,-0.010747909545898438,-0.0069980514235794544,0.0016576454509049654,0.0084467995911836624,0.01150907576084137
IPMANSICS,2015-08-31,-0.011207242496311665,-0.0062132319435477257,0.0026436224579811096,0.0092124519869685173,0.011881408281624317
IPMANSICS,2015-09-30,-0.01029660739004612,-0.007852247916162014,0.0011337946634739637,0.009856867603957653,0.012321583926677704
IPMANSICS,2015-10-31,-0.0095899514853954315,-0.0055948100052773952,0.0022013145498931408,0.009348536841571331,0.010540733113884926
IPMANSICS,2015-11-30,-0.0099688880145549774,-0.0068019595928490162,0.0017999035771936178,0.0095414444804191589,0.010772469453513622
IPMANSICS,2015-12-31,-0.015150812454521656,-0.011301306076347828,0.0016537175979465246,0.0098577607423067093,0.012033154256641865
IPMANSICS,2016-01-31,-0.01394832506775856,-0.0081023061648011208,0.0020514293573796749,0.0090736979618668556,0.010809030383825302
IPMANSICS,2016-02-29,-0.012658550404012203,-0.0084078386425971985,0.0028373659588396549,0.0093212174251675606,0.0109090656042099
IPMANSICS,2016-03-31,-0.012913715094327927,-0.0078439544886350632,0.0023469310253858566,0.0091437883675098419,0.012095748446881771
IPMANSICS,2016-04-30,-0.010520019568502903,-0.0065273302607238293,0.00062966765835881233,0.0086304955184459686,0.0092720268294215202
IPMANSICS,2016-05-31,-0.01145654171705246,-0.00818625558167696,0.0014478282537311316,0.0079724779352545738,0.008693622425198555
IPMANSICS,2016-06-30,-0.010425087995827198,-0.0078286435455083847,0.0022668624296784401,0.010012319311499596,0.01376410573720932
IPMANSICS,2016-07-31,-0.012156018055975437,-0.0078177917748689651,0.0028705992735922337,0.0086578661575913429,0.012804090976715088
IPMANSICS,2016-08-31,-0.0097576528787612915,-0.0071821818128228188,0.0016493005678057671,0.0091887358576059341,0.011154012754559517
IPMANSICS,2016-09-30,-0.010435966774821281,-0.006953483447432518,0.0023970429319888353,0.010689330287277699,0.014682217501103878
IPMAT,2014-10-31,-0.0044958260841667652,-0.0015978921437636018,0.003966139629483223,0.0082530518993735313,0.0096236858516931534
IPMAT,2014-11-30,-0.0047748703509569168,-0.0023021679371595383,0.0038545485585927963,0.0083533311262726784,0.0099232019856572151
IPMAT,2014-12-31,-0.0064962925389409065,-0.0030604416970163584,0.002897708211094141,0.0079363901168107986,0.0098452446982264519
IPMAT,2015-01-31,-0.0069880327209830284,-0.004496467299759388,0.0028517183382064104,0.0080364393070340157,0.0097800847142934799
IPMAT,2015-02-28,-0.003883374622091651,-0.002096869982779026,0.0028675803914666176,0.0098013123497366905,0.011395491659641266
IPMAT,2015-03-31,-0.0046664192341268063,-0.0029781481716781855,0.0032833090517669916,0.0087493341416120529,0.0092782126739621162
IPMAT,2015-04-30,-0.0052790814079344273,-0.0025768312625586987,0.0037648715078830719,0.0088584786280989647,0.01019901130348444
IPMAT,2015-05-31,-0.010412516072392464,-0.00470303138718009,0.0023136385716497898,0.0079199476167559624,0.0099493153393268585
IPMAT,2015-06-30,-0.0071635320782661438,-0.0044000521302223206,0.0030971281230449677,0.010135711170732975,0.011532776057720184
IPMAT,2015-07-31,-0.0073423427529633045,-0.0035549076274037361,0.0022049341350793839,0.007923428900539875,0.0095758643001317978
IPMAT,2015-08-31,-0.0060450681485235691,-0.0034749121405184269,0.0041722999885678291,0.010778346098959446,0.012614397332072258
IPMAT,2015-09-30,-0.0066122496500611305,-0.0041228658519685268,0.0025291582569479942,0.0083210757002234459,0.010221298784017563
IPMAT,2015-10-31,-0.0090880729258060455,-0.0055643976666033268,0.0041113449260592461,0.0099927680566906929,0.01147802360355854
IPMAT,2015-11-30,-0.010981055907905102,-0.005950327031314373,0.0033812711481004953,0.0088294306769967079,0.010252675972878933
IPMAT,2015-12-31,-0.0051917112432420254,-0.0026071944739669561,0.003802926279604435,0.0077381106093525887,0.010523778386414051
IPMAT,2016-01-31,-0.010621943511068821,-0.0066953892819583416,0.0022297319956123829,0.0089468564838171005,0.0097494004294276237
IPMAT,2016-02-29,-0.0085705723613500595,-0.0053996504284441471,0.0029145651496946812,0.0094836391508579254,0.012467707507312298
IPMAT,2016-03-31,-0.01122797466814518,-0.0035433541052043438,0.00314287468791008,0.0085257850587368011,0.010915433056652546
IPMAT,2016-04-30,-0.011153444647789001,-0.0067320005036890507,0.0027543827891349792,0.011157268658280373,0.01353808306157589
IPMAT,2016-05-31,-0.0076202224008738995,-0.004931451752781868,0.0033210716210305691,0.008902817964553833,0.011093352921307087
IPMAT,2016-06-30,-0.0066585405729711056,-0.0040436931885778904,0.0023696399293839931,0.0087076770141720772,0.010145288892090321
IPMAT,2016-07-31,-0.0087188174948096275,-0.0073504489846527576,0.0020423191599547863,0.0080012101680040359,0.010361413471400738
IPMAT,2016-08-31,-0.0085322586819529533,-0.0046657449565827847,0.0036763516254723072,0.0090520419180393219,0.011786073446273804
IPMAT,2016-09-30,-0.0093761999160051346,-0.0039995522238314152,0.0024384637363255024,0.0086106564849615097,0.010512183420360088
IPNCONGD,2014-10-31,-0.012406275607645512,-0.0086578885093331337,0.00027508992934599519,0.0060621518641710281,0.0075483773835003376
IPNCONGD,2014-11-30,-0.0099608562886714935,-0.0069946441799402237,-0.00018249184358865023,0.0063987649045884609,0.008801756426692009
IPNCONGD,2014-12-31,-0.01162694301456213,-0.0080987866967916489,0.00011883923434652388,0.0066644712351262569,0.008508029393851757
IPNCONGD,2015-01-31,-0.009446263313293457,-0.0081394156441092491,0.00093111558817327023,0.0082685081288218498,0.010439833626151085
IPNCONGD,2015-02-28,-0.0069641307927668095,-0.0045333774760365486,0.0018136086873710155,0.0075019439682364464,0.011189777404069901
IPNCONGD,2015-03-31,-0.01141352578997612,-0.0088048391044139862,-0.0016232909401878715,0.0051592076197266579,0.0071151419542729855
IPNCONGD,2015-04-30,-0.0097719989717006683,-0.0072650006040930748,-0.00010172324255108833,0.0085442652925848961,0.010788352228701115
IPNCONGD,2015-05-31,-0.0091840261593461037,-0.0069131664931774139,-0.00010810510138981044,0.0070419819094240665,0.0088080139830708504
IPNCONGD,2015-06-30,-0.010161779820919037,-0.0064414413645863533,0.0015589040704071522,0.0078541804105043411,0.00945277139544487
IPNCONGD,2015-07-31,-0.0090907169505953789,-0.0067506842315196991,-0.00014896958600729704,0.0084278536960482597,0.0091643156483769417
IPNCONGD,2015-08-31,-0.007791019044816494,-0.0058700605295598507,0.001154146040789783,0.007058742456138134,0.0091759897768497467
IPNCONGD,2015-09-30,-0.0090670371428132057,-0.00773191312327981,0.00025928101968020201,0.0063401232473552227,0.0087125254794955254
IPNCONGD,2015-10-31,-0.0085433758795261383,-0.0068720267154276371,-0.00029249518411234021,0.0084596266970038414,0.01082023698836565
IPNCONGD,2015-11-30,-0.011314136907458305,-0.0079902978613972664,0.0006274036131799221,0.0080811651423573494,0.0088872108608484268
IPNCONGD,2015-12-31,-0.0099605750292539597,-0.0074722832068800926,0.0002680968027561903,0.0074868546798825264,0.0086864298209547997
IPNCONGD,2016-01-31,-0.010705188848078251,-0.0073451516218483448,0.00083716295193880796,0.0089574912562966347,0.011095537804067135
IPNCONGD,2016-02-29,-0.0089979199692606926,-0.0071668899618089199,-0.00084416841855272651,0.007365246769040823,0.010119114071130753
IPNCONGD,2016-03-31,-0.010128851048648357,-0.007935558445751667,-0.00058749475283548236,0.0059591634199023247,0.0072832806035876274
IPNCONGD,2016-04-30,-0.0088944844901561737,-0.0060267532244324684,0.00079497933620586991,0.0088934972882270813,0.010262493044137955
IPNCONGD,2016-05-31,-0.0077281040139496326,-0.0057154279202222824,0.00017612226656638086,0.0076386737637221813,0.0095324255526065826
IPNCONGD,2016-06-30,-0.0079462230205535889,-0.0057325619272887707,0.00029752208502031863,0.0071502430364489555,0.0084264101460576057
IPNCONGD,2016-07-31,-0.010274117812514305,-0.0075786784291267395,0.00078128691529855132,0.0084351236000657082,0.01008197758346796
IPNCONGD,2016-08-31,-0.011013700626790524,-0.0073865740559995174,-0.00011514796642586589,0.0059967176057398319,0.0085729323327541351
IPNCONGD,2016-09-30,-0.010902287438511848,-0.0085832122713327408,-0.0002841664245352149,0.0073565519414842129,0.009056728333234787
IPNMAT,2014-10-31,-0.014065307565033436,-0.010040420107543468,9.2907634098082781e-05,0.0083892149850726128,0.011032541282474995
IPNMAT,2014-11-30,-0.012104694731533527,-0.0093439118936657906,0.0011162220034748316,0.0097045619040727615,0.012157116085290909
IPNMAT,2014-12-31,-0.0081527763977646828,-0.006783332210034132,0.0021197423338890076,0.0097140809521079063,0.012518038041889668
IPNMAT,2015-01-31,-0.009172491729259491,-0.0074172606691718102,0.001579664065502584,0.0092959217727184296,0.016214722767472267
IPNMAT,2015-02-28,-0.011968115344643593,-0.0075079044327139854,0.0002914595534093678,0.0097964014858007431,0.011210088618099689
IPNMAT,2015-03-31,-0.0088008493185043335,-0.0059593445621430874,0.0016518209595233202,0.0084323417395353317,0.010332457721233368
IPNMAT,2015-04-30,-0.011551409959793091,-0.0071223648265004158,0.0017228717915713787,0.0096645113080739975,0.011221631430089474
IPNMAT,2015-05-31,-0.012062225490808487,-0.0082293767482042313,0.00015200547932181507,0.0092214429751038551,0.011663856916129589
IPNMAT,2015-06-30,-0.0099236993119120598,-0.0074429349042475224,0.00077547517139464617,0.0087336665019392967,0.011364463716745377
IPNMAT,2015-07-31,-0.0099478792399168015,-0.008518759161233902,-0.00028903444763273001,0.0091926716268062592,0.011439305730164051
IPNMAT,2015-08-31,-0.010580074973404408,-0.0079802293330430984,0.00033252520370297134,0.010116865858435631,0.012272200547158718
IPNMAT,2015-09-30,-0.011947944760322571,-0.008489362895488739,0.00022839159646537155,0.0083390744403004646,0.011261862702667713
IPNMAT,2015-10-31,-0.010262847878038883,-0.0072248573414981365,0.0004640253318939358,0.0092868953943252563,0.012365167960524559
IPNMAT,2015-11-30,-0.0092750107869505882,-0.0066759409382939339,0.00057160831056535244,0.008875635452568531,0.011564558371901512
IPNMAT,2015-12-31,-0.010824456810951233,-0.008627663366496563,0.00021388084860518575,0.0099124684929847717,0.013578520156443119
IPNMAT,2016-01-31,-0.013902438804507256,-0.010959368199110031,-0.00033639196772128344,0.008123619481921196,0.011354465037584305
IPNMAT,2016-02-29,-0.01505899615585804,-0.0098121259361505508,0.0005600400036200881,0.0090965414419770241,0.012123230844736099
IPNMAT,2016-03-31,-0.01368008553981781,-0.011565805412828922,0.0016054525040090084,0.0098887979984283447,0.011129438877105713
IPNMAT,2016-04-30,-0.011804752983152866,-0.008923935703933239,-0.00073410995537415147,0.0086167603731155396,0.01354250218719244
IPNMAT,2016-05-31,-0.0090224342420697212,-0.0071638408116996288,0.0014091465855017304,0.0099370824173092842,0.016857320442795753
IPNMAT,2016-06-30,-0.0080880513414740562,-0.0058083171024918556,0.0016453613061457872,0.010615481063723564,0.013288656249642372
IPNMAT,2016-07-31,-0.0097473124042153358,-0.0075715952552855015,0.0015621259808540344,0.0088572725653648376,0.011867405846714973
IPNMAT,2016-08-31,-0.010313259437680244,-0.006516545545309782,0.0017136614769697189,0.0094875665381550789,0.012436346150934696
IPNMAT,2016-09-30,-0.012292071245610714,-0.0097495680674910545,0.00051122118020430207,0.0080483527854084969,0.010205471888184547
ISRATIOx,2014-10-31,-0.022250449284911156,-0.017798781394958496,0.00020609624334610999,0.013214657083153725,0.018727781251072884
ISRATIOx,2014-11-30,-0.017138579860329628,-0.01148571539670229,0.00040293479105457664,0.012870420701801777,0.018707236275076866
ISRATIOx,2014-12-31,-0.030556237325072289,-0.017819039523601532,0.00023195092217065394,0.011750347912311554,0.015322747640311718
ISRATIOx,2015-01-31,-0.01492667943239212,-0.010929333046078682,0.00076093169627711177,0.015222729183733463,0.018584907054901123
ISRATIOx,2015-02-28,-0.030509106814861298,-0.016333546489477158,-7.1971910074353218e-05,0.012910465709865093,0.020152471959590912
ISRATIOx,2015-03-31,-0.023818358778953552,-0.013840239495038986,-0.00040459109004586935,0.012574934400618076,0.016968810930848122
ISRATIOx,2015-04-30,-0.023162186145782471,-0.017301751300692558,4.9394846428185701e-05,0.01378033310174942,0.018031874671578407
ISRATIOx,2015-05-31,-0.017393434420228004,-0.011892181821167469,0.0001811698020901531,0.011662199161946774,0.021224942058324814
ISRATIOx,2015-06-30,-0.022748313844203949,-0.012685150839388371,0.00064077629940584302,0.019636450335383415,0.02193579263985157
ISRATIOx,2015-07-31,-0.021131677553057671,-0.016578026115894318,0.000808488461188972,0.016044706106185913,0.022295540198683739
ISRATIOx,2015-08-31,-0.027927087619900703,-0.017624570056796074,-0.00086000346345826983,0.011229151859879494,0.01682724803686142
ISRATIOx,2015-09-30,-0.020671755075454712,-0.019756458699703217,2.3093991330824792e-05,0.01514531672000885,0.019041851162910461
ISRATIOx,2015-10-31,-0.030101271346211433,-0.019635310396552086,-0.00021795927023049444,0.012858509086072445,0.021587057039141655
ISRATIOx,2015-11-30,-0.020522171631455421,-0.012058650143444538,0.00026535405777394772,0.016804670915007591,0.020786546170711517
ISRATIOx,2015-12-31,-0.018560569733381271,-0.010198504664003849,0.0014433272881433368,0.012960162945091724,0.017782032489776611
ISRATIOx,2016-01-31,-0.026987075805664062,-0.015486827120184898,-0.0001857767638284713,0.014841890893876553,0.019066797569394112
ISRATIOx,2016-02-29,-0.024855161085724831,-0.018946923315525055,0.00023453254834748805,0.012953869998455048,0.019963426515460014
ISRATIOx,2016-03-31,-0.025880478322505951,-0.016960212960839272,-0.00023965982836671174,0.011692529544234276,0.015749957412481308
ISRATIOx,2016-04-30,-0.018638908863067627,-0.014309839345514774,0.00089119712356477976,0.017566755414009094,0.020899141207337379
ISRATIOx,2016-05-31,-0.026916602626442909,-0.020255649462342262,-2.2451742552220821e-05,0.011876701377332211,0.014633111655712128
ISRATIOx,2016-06-30,-0.02422327920794487,-0.014821517281234264,0.0013163052499294281,0.0136286411434412,0.018236607313156128
ISRATIOx,2016-07-31,-0.021131034940481186,-0.016956167295575142,0.00039611570537090302,0.018480286002159119,0.025847082957625389
ISRATIOx,2016-08-31,-0.024778930470347404,-0.013072699308395386,0.00023734610294923186,0.016377199441194534,0.025472370907664299
ISRATIOx,2016-09-30,-0.025369748473167419,-0.018512694165110588,-0.00054628675570711493,0.011020520702004433,0.018825631588697433
M1SL,2014-10-31,-0.037263445556163788,-0.026144597679376602,-0.0099205067381262779,0.0010142462560907006,0.0048520537093281746
M1SL,2014-11-30,-0.017086027190089226,-0.010286198928952217,0.0021229544654488564,0.014310624450445175,0.018413519486784935
M1SL,2014-12-31,-0.017012676224112511,-0.010058844462037086,0.00093194819055497646,0.013357843272387981,0.016942793503403664
M1SL,2015-01-31,-0.024634106084704399,-0.015294499695301056,-0.00056773005053400993,0.01551145501434803,0.023121552541851997
M1SL,2015-02-28,-0.023375283926725388,-0.017280591651797295,0.0026907187420874834,0.01958463154733181,0.029529949650168419
M1SL,2015-03-31,-0.025699276477098465,-0.022116078063845634,-0.0022453428246080875,0.011493470519781113,0.016613131389021873
M1SL,2015-04-30,-0.022911103442311287,-0.014734962023794651,0.0011806742986664176,0.014212683774530888,0.021850856021046638
M1SL,2015-05-31,-0.02022593654692173,-0.018154900521039963,-0.00062309112399816513,0.011558554135262966,0.018581287935376167
M1SL,2015-06-30,-0.016356294974684715,-0.014057992957532406,-0.00039629323873668909,0.010791415348649025,0.017256844788789749
M1SL,2015-07-31,-0.023302393034100533,-0.01465412974357605,-0.00063186546321958303,0.01260432880371809,0.020756663754582405
M1SL,2015-08-31,-0.021454924717545509,-0.014460602775216103,0.00094077945686876774,0.013384942896664143,0.018633041530847549
M1SL,2015-09-30,-0.021685076877474785,-0.012095408514142036,0.0002666772052180022,0.010861417278647423,0.014353320933878422
M1SL,2015-10-31,-0.019708637148141861,-0.015841484069824219,0.00016215536743402481,0.014167500659823418,0.019868539646267891
M1SL,2015-11-30,-0.019659964367747307,-0.012433734722435474,-0.0006676805205643177,0.011963799595832825,0.017971869558095932
M1SL,2015-12-31,-0.022863930091261864,-0.016605323180556297,-0.00065335340332239866,0.009793856181204319,0.013847648166120052
M1SL,2016-01-31,-0.016897169873118401,-0.012545832432806492,-1.6165420674951747e-05,0.01482638344168663,0.017848407849669456
M1SL,2016-02-29,-0.021343469619750977,-0.01462971419095993,-0.00043425007606856525,0.013836216181516647,0.01589055173099041
M1SL,2016-03-31,-0.022159554064273834,-0.015118139795958996,-0.00062051101122051477,0.010520739480853081,0.012947565875947475
M1SL,2016-04-30,-0.019753968343138695,-0.010975533165037632,0.00043767632450908422,0.013525080867111683,0.018826933577656746
M1SL,2016-05-31,-0.013881837949156761,-0.010968316346406937,0.00026937550865113735,0.013748249970376492,0.023308573290705681
M1SL,2016-06-30,-0.01830998994410038,-0.012894980609416962,0.00052909500664100051,0.013360305689275265,0.018293701112270355
M1SL,2016-07-31,-0.023323602974414825,-0.017901277169585228,1.6195905118365772e-05,0.010169204324483871,0.015472820959985256
M1SL,2016-08-31,-0.016346553340554237,-0.012991288676857948,-0.00016388185031246394,0.0085065532475709915,0.012476962991058826
M1SL,2016-09-30,-0.019882921129465103,-0.014723164029419422,0.00097858114168047905,0.013167732395231724,0.01612703874707222
M2REAL,2014-10-31,-0.00058747106231749058,7.1930480771698058e-06,0.0029728212393820286,0.0058214706368744373,0.0061600091867148876
M2REAL,2014-11-30,-0.0026072552427649498,-0.001243200502358377,0.0029492573812603951,0.0063742217607796192,0.0071999724023044109
M2REAL,2014-12-31,-0.001428976422175765,-1.7151338397525251e-05,0.0030796616338193417,0.0073237009346485138,0.0085493363440036774
M2REAL,2015-01-31,-0.0025105464737862349,-0.0017072487389668822,0.0026927366852760315,0.0064368201419711113,0.0072398260235786438
M2REAL,2015-02-28,-0.0018455764511600137,-0.00074117572512477636,0.002647769171744585,0.0066845309920608997,0.0082708979025483131
M2REAL,2015-03-31,-0.0027490351349115372,-0.001331280218437314,0.0034287646412849426,0.0071180053055286407,0.010714449919760227
M2REAL,2015-04-30,-0.003142546396702528,-0.0014505787985399365,0.002576188649982214,0.0067245764657855034,0.007977600209414959
M2REAL,2015-05-31,-0.0019948631525039673,-0.00062053673900663853,0.0029865354299545288,0.0074538234621286392,0.0088771171867847443
M2REAL,2015-06-30,-0.0029969182796776295,-0.0011703385971486568,0.0032318707089871168,0.0065089380368590355,0.0080831004306674004
M2REAL,2015-07-31,-0.0029064016416668892,-0.0016052981372922659,0.0030097824055701494,0.0074188187718391418,0.0077149020507931709
M2REAL,2015-08-31,-0.0035474146716296673,-0.0021499155554920435,0.0027795210480690002,0.0068249721080064774,0.0082658929750323296
M2REAL,2015-09-30,-0.0024970353115350008,-0.0016418461455032229,0.0029394542798399925,0.0076682441867887974,0.0087153855711221695
M2REAL,2015-10-31,-0.0035068970173597336,-0.001942080445587635,0.0029411055147647858,0.0068458132445812225,0.0083087105304002762
M2REAL,2015-11-30,-0.0033970857039093971,-0.0016407809453085065,0.0020846882835030556,0.0067997840233147144,0.0084573617205023766
M2REAL,2015-12-31,-0.0039313477464020252,-0.0021126875653862953,0.0023819999769330025,0.0071354792453348637,0.0083996336907148361
M2REAL,2016-01-31,-0.002986283740028739,-0.0023637651465833187,0.0029197670519351959,0.0079311802983283997,0.0088152438402175903
M2REAL,2016-02-29,-0.0039558354765176773,-0.0020805029198527336,0.0035811206325888634,0.0090307276695966721,0.010453091934323311
M2REAL,2016-03-31,-0.0045538353733718395,-0.0029945189598947763,0.0027616405859589577,0.0086469724774360657,0.0097105931490659714
M2REAL,2016-04-30,-0.0027845867443829775,-0.001566810067743063,0.0028930476401001215,0.0080115152522921562,0.0093423137441277504
M2REAL,2016-05-31,-0.0035483380779623985,-0.0022653632331639528,0.0029260837472975254,0.0079502416774630547,0.0094075482338666916
M2REAL,2016-06-30,-0.0049455324187874794,-0.0026084312703460455,0.0027018762193620205,0.0070254174061119556,0.0076939305290579796
M2REAL,2016-07-31,-0.0023939420934766531,-0.0011159011628478765,0.0025591347366571426,0.0073765525594353676,0.0091049047186970711
M2REAL,2016-08-31,-0.0046221227385103703,-0.0032774454448372126,0.0027589965611696243,0.0078535508364439011,0.0101008340716362
M2REAL,2016-09-30,-0.0024595384020358324,-0.0011817741906270385,0.0023073623888194561,0.00709200045093894,0.0090091172605752945
M2SL,2014-10-31,-0.0034356210380792618,-0.0027327653951942921,0.00062539044301956892,0.0043828184716403484,0.0062836864963173866
M2SL,2014-11-30,-0.004490705206990242,-0.0036378582008183002,-7.3825736762955785e-05,0.0036515502724796534,0.0057309987023472786
M2SL,2014-12-31,-0.0056283497251570225,-0.004053452517837286,-0.00011830181756522506,0.0042337598279118538,0.0052508548833429813
M2SL,2015-01-31,-0.0058214766904711723,-0.0043735364452004433,-0.0004723935853689909,0.0033273298759013414,0.0048860381357371807
M2SL,2015-02-28,-0.0076777650974690914,-0.0055877575650811195,-0.00019226290169171989,0.0040877372957766056,0.005699903704226017
M2SL,2015-03-31,-0.0071693914942443371,-0.0045387181453406811,-0.00012964506458956748,0.0034176649060100317,0.0052288686856627464
M2SL,2015-04-30,-0.006272751372307539,-0.0046652965247631073,0.00019556480401661247,0.0047666346654295921,0.0069908532314002514
M2SL,2015-05-31,-0.0066427495330572128,-0.0052725533023476601,-0.00061481178272515535,0.0032832266297191381,0.0046666511334478855
M2SL,2015-06-30,-0.0065252422355115414,-0.0047696069814264774,-6.0841888625873253e-05,0.0037909375969320536,0.0051438640803098679
M2SL,2015-07-31,-0.005286551546305418,-0.0040747867897152901,-8.5685838712379336e-05,0.0040281065739691257,0.0054126759059727192
M2SL,2015-08-31,-0.0052255978807806969,-0.0037907308433204889,-0.00053494586609303951,0.003023842815309763,0.0040751085616648197
M2SL,2015-09-30,-0.0093238921836018562,-0.0058887684717774391,-0.0001886954705696553,0.0045104851014912128,0.0058706225827336311
M2SL,2015-10-31,-0.0066441437229514122,-0.0040300893597304821,-0.00010807244689203799,0.0040131905116140842,0.0047910623252391815
M2SL,2015-11-30,-0.0083298375830054283,-0.005950320977717638,-0.00072056043427437544,0.0030084946192800999,0.0044283880852162838
M2SL,2015-12-31,-0.006079147569835186,-0.0044035757891833782,9.0770590759348124e-05,0.0052817859686911106,0.0059323566965758801
M2SL,2016-01-31,-0.0076110782101750374,-0.0049191582947969437,-0.00025584027753211558,0.0039503192529082298,0.005055141169577837
M2SL,2016-02-29,-0.0055353720672428608,-0.0037514136638492346,0.00041659624548628926,0.0049707172438502312,0.0060781119391322136
M2SL,2016-03-31,-0.0064882682636380196,-0.005217050202190876,-0.00011395187902962789,0.0035531956236809492,0.0048607573844492435
M2SL,2016-04-30,-0.0051153847016394138,-0.0031670772004872561,0.00032840954372659326,0.0047089084982872009,0.0069773183204233646
M2SL,2016-05-31,-0.0091620469465851784,-0.0067056864500045776,-0.00015909952344372869,0.004735882394015789,0.0054848110303282738
M2SL,2016-06-30,-0.0060495948418974876,-0.0041894461028277874,-0.00060196552658453584,0.0036362332757562399,0.0042611779645085335
M2SL,2016-07-31,-0.0039828079752624035,-0.0031804421450942755,0.00037991121644154191,0.0053839860484004021,0.0077471891418099403
M2SL,2016-08-31,-0.0089816898107528687,-0.0060835890471935272,-0.00029570137849077582,0.0041522015817463398,0.0052975774742662907
M2SL,2016-09-30,-0.0074167503044009209,-0.0042160581797361374,-0.00035331840626895428,0.0033075858373194933,0.0049116518348455429
MANEMP,2014-10-31,-0.0019395065028220415,-0.0010395250283181667,0.0010425129439681768,0.002816071268171072,0.0031249437015503645
MANEMP,2014-11-30,-0.001427451497875154,-0.00097103096777573228,0.00092847878113389015,0.0030496490653604269,0.003266787389293313
MANEMP,2014-12-31,-0.0018114246195182204,-0.0016068147961050272,0.00062725512543693185,0.0027232717256993055,0.0038213820662349463
MANEMP,2015-01-31,-0.0026360566262155771,-0.0015432235086336732,0.00099075085017830133,0.0026924153789877892,0.0033535552211105824
MANEMP,2015-02-28,-0.0019544458482414484,-0.0011980325216427445,0.0011071930639445782,0.00328301009722054,0.0036465367302298546
MANEMP,2015-03-31,-0.0023723458871245384,-0.0015777123626321554,0.00048558972775936127,0.0026875897310674191,0.0031423540785908699
MANEMP,2015-04-30,-0.0022205917630344629,-0.0015636892057955265,0.00075276120333001018,0.0034169359132647514,0.0040101171471178532
MANEMP,2015-05-31,-0.0084416670724749565,-0.0021386081352829933,0.00081543839769437909,0.0033269606065005064,0.003638396505266428
MANEMP,2015-06-30,-0.0032781213521957397,-0.0021412852220237255,0.00044120266102254391,0.0026664836332201958,0.0034854176919907331
MANEMP,2015-07-31,-0.0040130415000021458,-0.0021411112975329161,0.00040300132241100073,0.0031313120853155851,0.004184396006166935
MANEMP,2015-08-31,-0.0045081251300871372,-0.0035638452973216772,0.00029338017338886857,0.0031962208449840546,0.0036925617605447769
MANEMP,2015-09-30,-0.0043504196219146252,-0.0023357027675956488,0.0005329131381586194,0.0029234683606773615,0.0035110346507281065
MANEMP,2015-10-31,-0.0075590056367218494,-0.0026242888998240232,0.00037095346488058567,0.0024366891011595726,0.0029904239345341921
MANEMP,2015-11-30,-0.0058776005171239376,-0.0026942186523228884,0.00061271974118426442,0.002862909808754921,0.0041201426647603512
MANEMP,2015-12-31,-0.002627088688313961,-0.001844142796471715,0.00079947389895096421,0.0030793633777648211,0.0035200952552258968
MANEMP,2016-01-31,-0.0052916114218533039,-0.0032386279199272394,0.00032075127819553018,0.0035212053917348385,0.004055890254676342
MANEMP,2016-02-29,-0.0043343240395188332,-0.0030237550381571054,0.00047027191612869501,0.0027207767125219107,0.0040720109827816486
MANEMP,2016-03-31,-0.0046832370571792126,-0.0029295419808477163,0.00030078552663326263,0.0029358898755162954,0.003903921926394105
MANEMP,2016-04-30,-0.008066265843808651,-0.0056401239708065987,-0.0001078511995729059,0.0030783913098275661,0.0040238853543996811
MANEMP,2016-05-31,-0.0064664511010050774,-0.0032717580907046795,0.00021235254826024175,0.002504400908946991,0.0031112220603972673
MANEMP,2016-06-30,-0.0093322927132248878,-0.0036357082426548004,0.00010430763359181583,0.002962007187306881,0.0038589045871049166
MANEMP,2016-07-31,-0.0078584896400570869,-0.0039186007343232632,-0.00010799386654980481,0.0024734730832278728,0.0032049647998064756
MANEMP,2016-08-31,-0.0056490576826035976,-0.0022158194333314896,0.00057742145145311952,0.002989467466250062,0.0037167805712670088
MANEMP,2016-09-30,-0.0090342704206705093,-0.005156555213034153,-0.0002061367267742753,0.0022780373692512512,0.0028903069905936718
NDMANEMP,2014-10-31,-0.0024711643345654011,-0.0015869491035118699,0.00046564533840864897,0.0022218420635908842,0.0028174875769764185
NDMANEMP,2014-11-30,-0.0022539773490279913,-0.0016749586211517453,0.00025478808674961329,0.001775948447175324,0.0023106720764189959
NDMANEMP,2014-12-31,-0.0022402380127459764,-0.001425050082616508,0.00016279798001050949,0.0020004590041935444,0.0022305957973003387
NDMANEMP,2015-01-31,-0.0021055284887552261,-0.0015783440321683884,0.00043785554589703679,0.0021700523793697357,0.002510586753487587
NDMANEMP,2015-02-28,-0.0021845458541065454,-0.0018573002889752388,0.00015413836808875203,0.0022311292123049498,0.0025653103366494179
NDMANEMP,2015-03-31,-0.0024662185460329056,-0.0017012038733810186,-0.00018029697821475565,0.0022944940719753504,0.0026412976440042257
NDMANEMP,2015-04-30,-0.0026808467227965593,-0.0020774167496711016,9.5137627795338631e-05,0.0021050986833870411,0.0025263121351599693
NDMANEMP,2015-05-31,-0.0024383650161325932,-0.0019121314398944378,1.7462531104683876e-05,0.0018562485929578543,0.0023657942656427622
NDMANEMP,2015-06-30,-0.0025926276575773954,-0.0019243529532104731,-2.5666842702776194e-05,0.0021116032730787992,0.0031113168224692345
NDMANEMP,2015-07-31,-0.0022698855027556419,-0.001844017650000751,0.00011153411469422281,0.0022098792251199484,0.0032418852206319571
NDMANEMP,2015-08-31,-0.003256556810811162,-0.0026329495012760162,-0.00015537903527729213,0.0017167982878163457,0.0022988375276327133
NDMANEMP,2015-09-30,-0.0039263125509023666,-0.0024194503203034401,-0.000284750567516312,0.0018562453333288431,0.0021672570146620274
NDMANEMP,2015-10-31,-0.0036578297149389982,-0.0023565932642668486,5.4547243053093553e-05,0.0016057930188253522,0.0024757583159953356
NDMANEMP,2015-11-30,-0.0030114694964140654,-0.0022611012682318687,9.1420515673235059e-05,0.0019768106285482645,0.0021950062364339828
NDMANEMP,2015-12-31,-0.003473890945315361,-0.0024417827371507883,-0.00045350706204771996,0.002162036020308733,0.0029152208007872105
NDMANEMP,2016-01-31,-0.0034636794589459896,-0.0025477565359324217,-0.00023799491464160383,0.0017398849595338106,0.0024497315753251314
NDMANEMP,2016-02-29,-0.0046205287799239159,-0.0028868860099464655,-8.9086825028061867e-08,0.0024518044665455818,0.0027990071102976799
NDMANEMP,2016-03-31,-0.0028937584720551968,-0.0024829853791743517,-0.00014424201799556613,0.0017392368754372001,0.002439853036776185
NDMANEMP,2016-04-30,-0.0032066165003925562,-0.002617906779050827,-0.00043830362847074866,0.0018384173745289445,0.0025486338417977095
NDMANEMP,2016-05-31,-0.0034145941026508808,-0.0027307628188282251,-0.00029585525044240057,0.0018572357948869467,0.0022577112540602684
NDMANEMP,2016-06-30,-0.0040864567272365093,-0.0031473585404455662,-0.00024443439906463027,0.0021310523152351379,0.0027367833536118269
NDMANEMP,2016-07-31,-0.004278598353266716,-0.0028966742102056742,-0.00024611331173218787,0.002713487483561039,0.0033991241361945868
NDMANEMP,2016-08-31,-0.0029449122957885265,-0.0023813929874449968,-0.0002347285917494446,0.001790930051356554,0.0021994179114699364
NDMANEMP,2016-09-30,-0.0029044747352600098,-0.002419052179902792,-0.00033272907603532076,0.0023883373942226171,0.0028627826832234859
NONBORRES,2014-10-31,-0.046111699193716049,-0.034510020166635513,-0.00010619929526001215,0.030836265534162521,0.035901743918657303
NONBORRES,2014-11-30,-0.051349487155675888,-0.040217574685811996,-0.0021688302513211966,0.02876795269548893,0.038278307765722275
NONBORRES,2014-12-31,-0.054173689335584641,-0.041712023317813873,-0.0059345541521906853,0.026867324486374855,0.038632754236459732
NONBORRES,2015-01-31,-0.067398257553577423,-0.04362015426158905,0.0062015354633331299,0.043923795223236084,0.050674907863140106
NONBORRES,2015-02-28,-0.0262913778424263,-0.016527645289897919,0.011423723772168159,0.043335162103176117,0.063042096793651581
NONBORRES,2015-03-31,-0.053665835410356522,-0.044894300401210785,-0.009776044636964798,0.026679560542106628,0.03266553208231926
NONBORRES,2015-04-30,-0.049033381044864655,-0.033068280667066574,0.0028374167159199715,0.036813516169786453,0.051197335124015808
NONBORRES,2015-05-31,-0.052746597677469254,-0.045885436236858368,-0.0118394885212183,0.034595813602209091,0.04386192187666893
NONBORRES,2015-06-30,-0.046962741762399673,-0.041581578552722931,-0.0049579339101910591,0.027522819116711617,0.042491365224123001
NONBORRES,2015-07-31,-0.048666588962078094,-0.03472592681646347,0.0021117134019732475,0.037689052522182465,0.044237490743398666
NONBORRES,2015-08-31,-0.047936908900737762,-0.02872631698846817,0.0071691940538585186,0.044365432113409042,0.058697987347841263
NONBORRES,2015-09-30,-0.078628174960613251,-0.061224818229675293,-0.022247001528739929,0.013593360781669617,0.02058824710547924
NONBORRES,2015-10-31,-0.039946172386407852,-0.03126109391450882,0.0048175835981965065,0.042973455041646957,0.057871002703905106
NONBORRES,2015-11-30,-0.04691111296415329,-0.036231778562068939,-0.0064300643280148506,0.026711536571383476,0.035510845482349396
NONBORRES,2015-12-31,-0.047860771417617798,-0.039857696741819382,-0.0043322993442416191,0.040105756372213364,0.055406134575605392
NONBORRES,2016-01-31,-0.057780206203460693,-0.027923693880438805,0.0058117862790822983,0.041162963956594467,0.054516367614269257
NONBORRES,2016-02-29,-0.048082925379276276,-0.030928976833820343,0.0093909613788127899,0.046267427504062653,0.062076862901449203
NONBORRES,2016-03-31,-0.060301050543785095,-0.05110158771276474,-0.019803326576948166,0.027670357376337051,0.04998435452580452
NONBORRES,2016-04-30,-0.039288554340600967,-0.025075899437069893,0.0070336461067199707,0.043792326003313065,0.055653471499681473
NONBORRES,2016-05-31,-0.04993327334523201,-0.043744534254074097,-0.01042073592543602,0.022998427972197533,0.040455721318721771
NONBORRES,2016-06-30,-0.054559461772441864,-0.042271129786968231,-0.00273909792304039,0.033109530806541443,0.042250614613294601
NONBORRES,2016-07-31,-0.033674523234367371,-0.025296838954091072,0.0034073551651090384,0.050892695784568787,0.060473456978797913
NONBORRES,2016-08-31,-0.04239199310541153,-0.025608731433749199,0.010717548429965973,0.048728451132774353,0.059917192906141281
NONBORRES,2016-09-30,-0.071534104645252228,-0.062697708606719971,-0.019752508029341698,0.015705905854701996,0.028884194791316986
NONREVSL,2014-10-31,-0.002887993585318327,-0.0023900533560663462,-0.00014481385005638003,0.0017589830094948411,0.0026043269317597151
NONREVSL,2014-11-30,-0.0032140042167156935,-0.0026480413507670164,0.0001525238185422495,0.0025067548267543316,0.0031771271023899317
NONREVSL,2014-12-31,-0.0037010249216109514,-0.0027970517985522747,-0.00017395042232237756,0.0030443812720477581,0.0070630596019327641
NONREVSL,2015-01-31,-0.0081667583435773849,-0.0040025794878602028,-0.00012268539285287261,0.0016492146532982588,0.0023156995885074139
NONREVSL,2015-02-28,-0.0072348243556916714,-0.002999577671289444,1.4284315511758905e-05,0.0026750697288662195,0.0044331438839435577
NONREVSL,2015-03-31,-0.0029016989283263683,-0.0024643873330205679,-0.00022096504108048975,0.0024770263116806746,0.0029400796629488468
NONREVSL,2015-04-30,-0.0073912786319851875,-0.0033194331917911768,-0.00030831113690510392,0.0038513920735567808,0.0049595204181969166
NONREVSL,2015-05-31,-0.0069679217413067818,-0.0032707490026950836,-0.00029941237880848348,0.0030750914011150599,0.0035137366503477097
NONREVSL,2015-06-30,-0.0032688239589333534,-0.0022708731703460217,-2.7324991606292315e-05,0.0023481640964746475,0.0040267589502036572
NONREVSL,2015-07-31,-0.0044630048796534538,-0.0023424685932695866,-3.7357298424467444e-05,0.0031564743258059025,0.0045934929512441158
NONREVSL,2015-08-31,-0.0037777572870254517,-0.0023598838597536087,0.00010690025374060497,0.0028026541694998741,0.0040077152661979198
NONREVSL,2015-09-30,-0.0036841628607362509,-0.0030203000642359257,-0.00031201064120978117,0.0024537944700568914,0.0034677404910326004
NONREVSL,2015-10-31,-0.0056963479146361351,-0.0031379882711917162,-0.00010352948447689414,0.0024690642021596432,0.0036987413186579943
NONREVSL,2015-11-30,-0.0031619351357221603,-0.0023297984153032303,-0.00013166782446205616,0.0025217083748430014,0.0029038162901997566
NONREVSL,2015-12-31,-0.0059676254168152809,-0.0029997187666594982,1.0932681107078679e-06,0.0021165988873690367,0.0040621664375066757
NONREVSL,2016-01-31,-0.003702221903949976,-0.0023916503414511681,7.3292085289722309e-06,0.0030863364227116108,0.0060854479670524597
NONREVSL,2016-02-29,-0.008077036589384079,-0.0030443260911852121,-9.0328379883430898e-05,0.0028819001745432615,0.0067435344681143761
NONREVSL,2016-03-31,-0.0032967603765428066,-0.0023694799747318029,-0.00010695903620216995,0.0023056282661855221,0.0028369263745844364
NONREVSL,2016-04-30,-0.007955990731716156,-0.0035629661288112402,-0.00013735066750086844,0.0038748153019696474,0.0064038210548460484
NONREVSL,2016-05-31,-0.004599893931299448,-0.0024385091383010149,5.0494625611463562e-05,0.0028627130668610334,0.0043184100650250912
NONREVSL,2016-06-30,-0.0029375017620623112,-0.0020137091632932425,0.00055470492225140333,0.0033222776837646961,0.0063239950686693192
NONREVSL,2016-07-31,-0.004426151979714632,-0.0027726513799279928,0.00019254670769441873,0.0033260481432080269,0.0091000329703092575
NONREVSL,2016-08-31,-0.0057575907558202744,-0.0033850772306323051,0.00014724148786626756,0.0032811707351356745,0.006410649511963129
NONREVSL,2016-09-30,-0.0046153105795383453,-0.002756874542683363,4.6930388634791598e-05,0.0030375532805919647,0.0043923323974013329
OILPRICEx,2014-10-31,-0.073155663907527924,-0.059264972805976868,0.0045992359519004822,0.10978372395038605,0.12770836055278778
OILPRICEx,2014-11-30,-0.13466072082519531,-0.10274040699005127,-0.012694278731942177,0.10664687305688858,0.13966739177703857
OILPRICEx,2014-12-31,-0.15345749258995056,-0.11465293169021606,-0.0086196698248386383,0.1005750298500061,0.14362801611423492
OILPRICEx,2015-01-31,-0.1138356626033783,-0.082075692713260651,0.006346345879137516,0.096657790243625641,0.12941765785217285
OILPRICEx,2015-02-28,-0.11521822959184647,-0.092259794473648071,-0.010291889309883118,0.079938195645809174,0.10417049378156662
OILPRICEx,2015-03-31,-0.10143204033374786,-0.080012649297714233,0.005831543356180191,0.10706721246242523,0.13055343925952911
OILPRICEx,2015-04-30,-0.11459096521139145,-0.084659360349178314,-0.0031843120232224464,0.11788535118103027,0.13436228036880493
OILPRICEx,2015-05-31,-0.12918931245803833,-0.095560312271118164,-0.015429086983203888,0.090792208909988403,0.10377081483602524
OILPRICEx,2015-06-30,-0.12136141210794449,-0.10680010914802551,0.0066955727525055408,0.10405704379081726,0.12018383294343948
OILPRICEx,2015-07-31,-0.16210088133811951,-0.10309258848428726,-0.014935104176402092,0.071558184921741486,0.13587673008441925
OILPRICEx,2015-08-31,-0.16028434038162231,-0.10216683894395828,-0.013717144727706909,0.085248537361621857,0.1509687751531601
OILPRICEx,2015-09-30,-0.10474077612161636,-0.080749154090881348,0.0022613957989960909,0.085791751742362976,0.12041202187538147
OILPRICEx,2015-10-31,-0.16706740856170654,-0.14224997162818909,-0.011871589347720146,0.097984164953231812,0.11836041510105133
OILPRICEx,2015-11-30,-0.13112862408161163,-0.10775768756866455,-0.0075638564303517342,0.07792595773935318,0.1129220575094223
OILPRICEx,2015-12-31,-0.1437959223985672,-0.09007764607667923,0.0039877123199403286,0.091374285519123077,0.13822494447231293
OILPRICEx,2016-01-31,-0.16211545467376709,-0.11070775240659714,-0.0078889317810535431,0.10746477544307709,0.13654716312885284
OILPRICEx,2016-02-29,-0.13061662018299103,-0.085602723062038422,0.0041254051029682159,0.094241201877593994,0.12230625748634338
OILPRICEx,2016-03-31,-0.13042356073856354,-0.10643456876277924,0.0050851916894316673,0.10574522614479065,0.16937217116355896
OILPRICEx,2016-04-30,-0.11864612996578217,-0.10085541009902954,-0.0028104446828365326,0.10900162905454636,0.12618255615234375
OILPRICEx,2016-05-31,-0.14955499768257141,-0.095320582389831543,-0.0079432381317019463,0.099195957183837891,0.13216935098171234
OILPRICEx,2016-06-30,-0.12905114889144897,-0.099616922438144684,0.0051920711994171143,0.099888011813163757,0.12334138154983521
OILPRICEx,2016-07-31,-0.15403571724891663,-0.077419593930244446,0.0029268930666148663,0.094569317996501923,0.11221808940172195
OILPRICEx,2016-08-31,-0.15422357618808746,-0.10690242797136307,-0.013592791743576527,0.097987644374370575,0.12262935936450958
OILPRICEx,2016-09-30,-0.11890898644924164,-0.086555644869804382,-0.0039068711921572685,0.10482236742973328,0.19461457431316376
PAYEMS,2014-10-31,-0.00050062860827893019,0.00014873631880618632,0.0016965523827821016,0.0034360021818429232,0.0039909612387418747
PAYEMS,2014-11-30,-0.00064134475542232394,-0.00014584009477403015,0.0013731413055211306,0.0031478332821279764,0.003550299908965826
PAYEMS,2014-12-31,-0.00038418738404288888,0.00010176142677664757,0.0015558550367131829,0.00318728550337255,0.0035530037712305784
PAYEMS,2015-01-31,-0.00070793769555166364,-8.9304056018590927e-05,0.0017547316383570433,0.003571374574676156,0.0038416271563619375
PAYEMS,2015-02-28,-0.00068693276261910796,-0.00024085977929644287,0.0015441193245351315,0.0030401365365833044,0.00345380580984056
PAYEMS,2015-03-31,-0.00071864866185933352,-0.00022263277787715197,0.0013148912694305182,0.0028361349832266569,0.0033951883669942617
PAYEMS,2015-04-30,-0.0010213295463472605,-0.00051187234930694103,0.0015317541547119617,0.003469858318567276,0.0040557757019996643
PAYEMS,2015-05-31,-0.00070609443355351686,-0.00026232708478346467,0.0012364786816760898,0.0034292032942175865,0.0039205863140523434
PAYEMS,2015-06-30,-0.0010977905476465821,-0.00054016697686165571,0.0015451281797140837,0.0032849390991032124,0.0037895736750215292
PAYEMS,2015-07-31,-0.0014134041266515851,-0.00034132518339902163,0.0013137842761352658,0.0028875689022243023,0.0035620136186480522
PAYEMS,2015-08-31,-0.00093387369997799397,-0.00056927552213892341,0.0013121562078595161,0.0030576437711715698,0.0033201952464878559
PAYEMS,2015-09-30,-0.0010604538256302476,-0.00038566999137401581,0.0012642634101212025,0.0031075868755578995,0.0037804197054356337
PAYEMS,2015-10-31,-0.00098076183348894119,-0.00063767179381102324,0.0012680336367338896,0.0029379392508417368,0.0036461574491113424
PAYEMS,2015-11-30,-0.0012238691560924053,-0.00030219397740438581,0.0013985754922032356,0.0030931597575545311,0.0036628376692533493
PAYEMS,2015-12-31,-0.00085245550144463778,-0.00039944957825355232,0.0011385552352294326,0.0032912215683609247,0.0038119843229651451
PAYEMS,2016-01-31,-0.001208240631967783,-0.00042861737892962992,0.0010927717667073011,0.003292060224339366,0.0038530526217073202
PAYEMS,2016-02-29,-0.0013076968025416136,-0.00079626584192737937,0.001262398436665535,0.0031984376255422831,0.0043210205622017384
PAYEMS,2016-03-31,-0.0013297143159434199,-0.00098433543462306261,0.0012280892115086317,0.0034873702097684145,0.0041771642863750458
PAYEMS,2016-04-30,-0.0017228733049705625,-0.0010224828729405999,0.001229697372764349,0.0035692104138433933,0.0039718467742204666
PAYEMS,2016-05-31,-0.0016576709458604455,-0.0012067836942151189,0.00093912705779075623,0.0031334704253822565,0.0036816205829381943
PAYEMS,2016-06-30,-0.0011261660838499665,-0.00069297879235818982,0.00084805756341665983,0.0035393612924963236,0.0044938521459698677
PAYEMS,2016-07-31,-0.0019219948444515467,-0.0010322449961677194,0.0010388358496129513,0.0033105916809290648,0.0038479357026517391
PAYEMS,2016-08-31,-0.0015936387935653329,-0.0010618190281093121,0.0013882205821573734,0.0034036766737699509,0.0038745778147131205
PAYEMS,2016-09-30,-0.0016970781143754721,-0.0013625063002109528,0.0011625392362475395,0.0031328997574746609,0.0041522509418427944
PCEPI,2014-10-31,-0.0011738798348233104,-0.00056636129738762975,0.0011476562358438969,0.0026382193900644779,0.0029268541838973761
PCEPI,2014-11-30,-0.00062444520881399512,-0.00032755674328655005,0.0012724080588668585,0.0027367584407329559,0.0033397355582565069
PCEPI,2014-12-31,-0.00088727375259622931,-0.00052236753981560469,0.0011520080734044313,0.0029214073438197374,0.0033797817304730415
PCEPI,2015-01-31,-0.00091173150576651096,-0.00021039947750978172,0.0015521741006523371,0.0031759294215589762,0.0035181089770048857
PCEPI,2015-02-28,-0.0010886654490604997,-0.00055184290977194905,0.001171833835542202,0.0029862669762223959,0.0033127770293504
PCEPI,2015-03-31,-0.00099438591860234737,-0.00024842820130288601,0.0013670045882463455,0.0029166685417294502,0.0033088384661823511
PCEPI,2015-04-30,-0.0010385722853243351,-0.00073096388950943947,0.0011332472786307335,0.0031998287886381149,0.0038183119613677263
PCEPI,2015-05-31,-0.0010049828561022878,-0.00073884334415197372,0.0012774459319189191,0.0026121733244508505,0.0032141455449163914
PCEPI,2015-06-30,-0.0016953161684796214,-0.001121421460993588,0.0012747447472065687,0.0027726932894438505,0.0029744009952992201
PCEPI,2015-07-31,-0.0012035741237923503,-0.00051120744319632649,0.0011485150316730142,0.002792976563796401,0.0033731844741851091
PCEPI,2015-08-31,-0.00083844957407563925,-0.00018339401867706329,0.0014070600736886263,0.002989181550219655,0.0037382191512733698
PCEPI,2015-09-30,-0.00081992638297379017,-0.00046088601811788976,0.0011155363172292709,0.0024762183893471956,0.0031087181996554136
PCEPI,2015-10-31,-0.00079307530540972948,-0.00025318274856545031,0.0012897830456495285,0.0028716502711176872,0.0035428591072559357
PCEPI,2015-11-30,-0.00097538752015680075,-0.00077927479287609458,0.00090970064047724009,0.0031150609720498323,0.0034957833122462034
PCEPI,2015-12-31,-0.001030517159961164,-0.00068192119942978024,0.0011729819234460592,0.0029195819515734911,0.0033870888873934746
PCEPI,2016-01-31,-0.0010857024462893605,-0.00051913713105022907,0.0015067539643496275,0.0029780878685414791,0.0038733142428100109
PCEPI,2016-02-29,-0.0014571326319128275,-0.00053161632968112826,0.0015685366233810782,0.0032882734667509794,0.003689036937430501
PCEPI,2016-03-31,-0.00096992793260142207,-0.00049026100896298885,0.0012934468686580658,0.0027896463871002197,0.003103320486843586
PCEPI,2016-04-30,-0.0015570693649351597,-0.0010510050924494863,0.0011013096664100885,0.0032051969319581985,0.0037429160438477993
PCEPI,2016-05-31,-0.001612483523786068,-0.0011518474202603102,0.001209647860378027,0.0031765096355229616,0.0034806039184331894
PCEPI,2016-06-30,-0.0019690736662596464,-0.0013513463782146573,0.0011904435232281685,0.0028444030322134495,0.0033083970192819834
PCEPI,2016-07-31,-0.0011187123600393534,-0.00024771926109679043,0.0016956042964011431,0.0034824488684535027,0.004039018414914608
PCEPI,2016-08-31,-0.0014483454870060086,-0.00064262183150276542,0.0011206555645912886,0.0028600993100553751,0.0043527772650122643
PCEPI,2016-09-30,-0.0011293611023575068,-0.00072600680869072676,0.0010693351505324244,0.0032334511633962393,0.0035913991741836071
PERMIT,2014-10-31,6.8838810920715332,6.9234628677368164,6.9713544845581055,7.0225553512573242,7.0589070320129395
PERMIT,2014-11-30,6.8943338394165039,6.9265727996826172,6.9827404022216797,7.0510778427124023,7.0772790908813477
PERMIT,2014-12-31,6.8825445175170898,6.9044780731201172,6.9791679382324219,7.0623970031738281,7.08050537109375
PERMIT,2015-01-31,6.8879175186157227,6.9226436614990234,7.0022015571594238,7.0940852165222168,7.1393804550170898
PERMIT,2015-02-28,6.857353687286377,6.8785519599914551,6.9967989921569824,7.0949320793151855,7.144536018371582
PERMIT,2015-03-31,6.8724546432495117,6.9020652770996094,7.009793758392334,7.1210551261901855,7.2167816162109375
PERMIT,2015-04-30,6.8615813255310059,6.8965363502502441,7.0106582641601562,7.1009950637817383,7.1663360595703125
PERMIT,2015-05-31,6.8762660026550293,6.9167847633361816,7.0005712509155273,7.146550178527832,7.1795601844787598
PERMIT,2015-06-30,6.6951627731323242,6.8222899436950684,7.0063266754150391,7.1787419319152832,7.2092962265014648
PERMIT,2015-07-31,6.8146696090698242,6.8604469299316406,7.0275993347167969,7.1907958984375,7.2529506683349609
PERMIT,2015-08-31,6.6774964332580566,6.7838640213012695,7.0255289077758789,7.2142481803894043,7.2891268730163574
PERMIT,2015-09-30,6.8248357772827148,6.8690500259399414,7.0211915969848633,7.2119278907775879,7.2791180610656738
PERMIT,2015-10-31,6.7161588668823242,6.7933492660522461,7.037358283996582,7.2637243270874023,7.3197569847106934
PERMIT,2015-11-30,6.5954556465148926,6.762883186340332,7.0222339630126953,7.2345685958862305,7.2715511322021484
PERMIT,2015-12-31,6.6399359703063965,6.8652286529541016,7.0570650100708008,7.2423205375671387,7.3218398094177246
PERMIT,2016-01-31,6.7059879302978516,6.8157424926757812,7.0360517501831055,7.2195968627929688,7.2687859535217285
PERMIT,2016-02-29,6.6891803741455078,6.8195080757141113,7.048741340637207,7.2894315719604492,7.3960833549499512
PERMIT,2016-03-31,6.6796798706054688,6.8194599151611328,7.0403594970703125,7.2924261093139648,7.3565268516540527
PERMIT,2016-04-30,6.5946488380432129,6.7837958335876465,7.0475711822509766,7.2689690589904785,7.3479390144348145
PERMIT,2016-05-31,6.6732034683227539,6.771397590637207,7.0268168449401855,7.3046283721923828,7.3651819229125977
PERMIT,2016-06-30,6.7038226127624512,6.840489387512207,7.0495204925537109,7.304595947265625,7.3503432273864746
PERMIT,2016-07-31,6.6912860870361328,6.8193221092224121,7.0533924102783203,7.3835659027099609,7.4832639694213867
PERMIT,2016-08-31,6.6341757774353027,6.7764678001403809,7.1209573745727539,7.3726239204406738,7.4203004837036133
PERMIT,2016-09-30,6.637822151184082,6.7144637107849121,7.0478277206420898,7.363196849822998,7.4788422584533691
PERMITMW,2014-10-31,5.032376766204834,5.0576138496398926,5.1573100090026855,5.2433652877807617,5.2717480659484863
PERMITMW,2014-11-30,4.9558711051940918,5.0318546295166016,5.1508407592773438,5.2802658081054688,5.3204636573791504
PERMITMW,2014-12-31,4.9519834518432617,5.0071992874145508,5.1617136001586914,5.3019833564758301,5.3820438385009766
PERMITMW,2015-01-31,5.0354633331298828,5.0821676254272461,5.1937599182128906,5.3330378532409668,5.3911242485046387
PERMITMW,2015-02-28,4.991889476776123,5.0282058715820312,5.2032260894775391,5.3863039016723633,5.4120888710021973
PERMITMW,2015-03-31,4.9156250953674316,4.9895853996276855,5.1707086563110352,5.3336682319641113,5.3972654342651367
PERMITMW,2015-04-30,4.8664155006408691,4.9842219352722168,5.1604204177856445,5.3550271987915039,5.4943203926086426
PERMITMW,2015-05-31,4.8498897552490234,4.9584393501281738,5.1674213409423828,5.3431854248046875,5.3752026557922363
PERMITMW,2015-06-30,4.880620002746582,4.9890899658203125,5.2172760963439941,5.442497730255127,5.5013575553894043
PERMITMW,2015-07-31,4.9872708320617676,5.0571966171264648,5.2338399887084961,5.450098991394043,5.5460686683654785
PERMITMW,2015-08-31,4.8942122459411621,4.9977917671203613,5.2357645034790039,5.5436482429504395,5.6306748390197754
PERMITMW,2015-09-30,4.8897671699523926,5.0157814025878906,5.2456932067871094,5.5240283012390137,5.6247391700744629
PERMITMW,2015-10-31,4.8277125358581543,4.930605411529541,5.2381715774536133,5.5236897468566895,5.6008257865905762
PERMITMW,2015-11-30,4.8958220481872559,4.9648947715759277,5.2655849456787109,5.5015387535095215,5.6765012741088867
PERMITMW,2015-12-31,4.7904953956604004,4.8767905235290527,5.2196154594421387,5.4354243278503418,5.5340566635131836
PERMITMW,2016-01-31,4.9320902824401855,5.0112214088439941,5.2416524887084961,5.5592484474182129,5.7257733345031738
PERMITMW,2016-02-29,4.8648233413696289,4.9402542114257812,5.2552585601806641,5.598388671875,5.7290863990783691
PERMITMW,2016-03-31,4.8400740623474121,4.9526314735412598,5.2947998046875,5.716972827911377,5.8255190849304199
PERMITMW,2016-04-30,4.7412905693054199,4.892634391784668,5.2712283134460449,5.6037960052490234,5.6777234077453613
PERMITMW,2016-05-31,4.8101530075073242,4.9303503036499023,5.3125715255737305,5.6588010787963867,5.7703742980957031
PERMITMW,2016-06-30,4.7238192558288574,4.9032979011535645,5.2534036636352539,5.5319242477416992,5.634739875793457
PERMITMW,2016-07-31,4.8276896476745605,4.8954405784606934,5.2676043510437012,5.6030879020690918,5.7165398597717285
PERMITMW,2016-08-31,4.7749342918395996,4.8883934020996094,5.2977924346923828,5.6593918800354004,5.7618546485900879
PERMITMW,2016-09-30,4.6926054954528809,4.8455667495727539,5.2707805633544922,5.5783710479736328,5.6739349365234375
PERMITNE,2014-10-31,4.6999588012695312,4.7282767295837402,4.8303632736206055,4.9356813430786133,4.9789810180664062
PERMITNE,2014-11-30,4.683295726776123,4.7396020889282227,4.8532156944274902,4.9732599258422852,4.9989633560180664
PERMITNE,2014-12-31,4.633659839630127,4.7002420425415039,4.8696746826171875,4.9757394790649414,5.0164804458618164
PERMITNE,2015-01-31,4.6841621398925781,4.7331857681274414,4.8811445236206055,5.0309062004089355,5.0945205688476562
PERMITNE,2015-02-28,4.6216259002685547,4.6716094017028809,4.8685455322265625,5.0487494468688965,5.0722298622131348
PERMITNE,2015-03-31,4.7102265357971191,4.735870361328125,4.874485969543457,5.0065469741821289,5.0592503547668457
PERMITNE,2015-04-30,4.5210680961608887,4.648831844329834,4.8718061447143555,5.0408844947814941,5.1649837493896484
PERMITNE,2015-05-31,4.606961727142334,4.6761512756347656,4.861356258392334,5.0600166320800781,5.1732277870178223
PERMITNE,2015-06-30,4.4673624038696289,4.6498146057128906,4.8924541473388672,5.1042475700378418,5.179563045501709
PERMITNE,2015-07-31,4.6396465301513672,4.6797561645507812,4.8938541412353516,5.1416449546813965,5.2493300437927246
PERMITNE,2015-08-31,4.500220775604248,4.6337289810180664,4.9005885124206543,5.1286892890930176,5.230959415435791
PERMITNE,2015-09-30,4.5578465461730957,4.6698942184448242,4.9282803535461426,5.1846189498901367,5.2266826629638672
PERMITNE,2015-10-31,4.6097712516784668,4.6659255027770996,4.8904051780700684,5.1447181701660156,5.2277555465698242
PERMITNE,2015-11-30,4.5114703178405762,4.6302580833435059,4.9119863510131836,5.2648744583129883,5.412050724029541
PERMITNE,2015-12-31,4.6655669212341309,4.6856522560119629,4.9320054054260254,5.2978153228759766,5.384131908416748
PERMITNE,2016-01-31,4.565821647644043,4.6611242294311523,4.9406013488769531,5.3330793380737305,5.5555963516235352
PERMITNE,2016-02-29,4.4195036888122559,4.5181584358215332,4.8976173400878906,5.189384937286377,5.297752857208252
PERMITNE,2016-03-31,4.4913620948791504,4.6333389282226562,4.899167537689209,5.1569809913635254,5.2434878349304199
PERMITNE,2016-04-30,4.4439630508422852,4.5754766464233398,4.9072909355163574,5.246528148651123,5.3121848106384277
PERMITNE,2016-05-31,4.5142545700073242,4.594306468963623,4.9437541961669922,5.1902284622192383,5.3506708145141602
PERMITNE,2016-06-30,4.4259805679321289,4.5050854682922363,4.9093227386474609,5.259495735168457,5.3846035003662109
PERMITNE,2016-07-31,4.4953961372375488,4.6165919303894043,4.9373407363891602,5.2962956428527832,5.4268283843994141
PERMITNE,2016-08-31,4.4740443229675293,4.6170711517333984,4.9573574066162109,5.3876471519470215,5.6021528244018555
PERMITNE,2016-09-30,4.3263988494873047,4.4828219413757324,4.9275808334350586,5.3441920280456543,5.4240574836730957
PERMITS,2014-10-31,6.1739559173583984,6.201347827911377,6.2773580551147461,6.3400325775146484,6.3731451034545898
PERMITS,2014-11-30,6.1925339698791504,6.2200241088867188,6.2827177047729492,6.3497185707092285,6.3783807754516602
PERMITS,2014-12-31,6.1697587966918945,6.2022695541381836,6.2831363677978516,6.3525090217590332,6.3765764236450195
PERMITS,2015-01-31,6.1279845237731934,6.1618785858154297,6.281886100769043,6.369537353515625,6.4078903198242188
PERMITS,2015-02-28,6.1766386032104492,6.2018537521362305,6.2858438491821289,6.4048728942871094,6.4318914413452148
PERMITS,2015-03-31,6.1201033592224121,6.166405200958252,6.2942380905151367,6.3897147178649902,6.4443545341491699
PERMITS,2015-04-30,6.1369705200195312,6.1694297790527344,6.2995758056640625,6.4238200187683105,6.4529104232788086
PERMITS,2015-05-31,6.1136660575866699,6.158470630645752,6.2988500595092773,6.4174633026123047,6.4660177230834961
PERMITS,2015-06-30,6.0909256935119629,6.1718802452087402,6.311671257019043,6.4893884658813477,6.5292987823486328
PERMITS,2015-07-31,6.1019539833068848,6.1394720077514648,6.3348140716552734,6.5017046928405762,6.5620460510253906
PERMITS,2015-08-31,6.0373649597167969,6.1309299468994141,6.3078107833862305,6.4895052909851074,6.5520429611206055
PERMITS,2015-09-30,5.9860472679138184,6.0852923393249512,6.2929773330688477,6.4842391014099121,6.5228872299194336
PERMITS,2015-10-31,6.0204381942749023,6.0877394676208496,6.3210639953613281,6.5068812370300293,6.5674557685852051
PERMITS,2015-11-30,5.9365382194519043,6.0717535018920898,6.3234519958496094,6.5349998474121094,6.5886902809143066
PERMITS,2015-12-31,6.0189318656921387,6.093360424041748,6.3249311447143555,6.5578460693359375,6.6445460319519043
PERMITS,2016-01-31,5.9358272552490234,5.9974513053894043,6.2876667976379395,6.5113568305969238,6.6066603660583496
PERMITS,2016-02-29,6.0233254432678223,6.1151828765869141,6.3273868560791016,6.5544404983520508,6.5866208076477051
PERMITS,2016-03-31,5.9676146507263184,6.0938220024108887,6.3203325271606445,6.5722150802612305,6.6424860954284668
PERMITS,2016-04-30,5.9077610969543457,6.0704803466796875,6.3678297996520996,6.5426607131958008,6.6322708129882812
PERMITS,2016-05-31,5.9500865936279297,6.0544853210449219,6.3404750823974609,6.5466241836547852,6.5903463363647461
PERMITS,2016-06-30,5.9334101676940918,6.0770726203918457,6.336216926574707,6.5554232597351074,6.6976180076599121
PERMITS,2016-07-31,5.8868956565856934,6.0606746673583984,6.310999870300293,6.5505647659301758,6.6510882377624512
PERMITS,2016-08-31,5.7721524238586426,5.895930290222168,6.3482027053833008,6.6062169075012207,6.71173095703125
PERMITS,2016-09-30,5.9208059310913086,6.0014247894287109,6.3788800239562988,6.6936535835266113,6.8367667198181152
PERMITW,2014-10-31,5.3474507331848145,5.3922677040100098,5.4748620986938477,5.582115650177002,5.6076269149780273
PERMITW,2014-11-30,5.3413805961608887,5.3709068298339844,5.4641404151916504,5.5804986953735352,5.6048874855041504
PERMITW,2014-12-31,5.2992386817932129,5.3367762565612793,5.4618206024169922,5.6038503646850586,5.6561665534973145
PERMITW,2015-01-31,5.2857027053833008,5.3618431091308594,5.4972410202026367,5.628486156463623,5.6766238212585449
PERMITW,2015-02-28,5.298647403717041,5.3397054672241211,5.4904747009277344,5.6547436714172363,5.7178354263305664
PERMITW,2015-03-31,5.2305755615234375,5.3181829452514648,5.4913930892944336,5.7001237869262695,5.7689504623413086
PERMITW,2015-04-30,5.1481461524963379,5.2184443473815918,5.4717392921447754,5.6784276962280273,5.7626228332519531
PERMITW,2015-05-31,5.2512388229370117,5.3149800300598145,5.5085105895996094,5.6656069755554199,5.7409472465515137
PERMITW,2015-06-30,5.2240939140319824,5.2905678749084473,5.4798808097839355,5.7356891632080078,5.8322963714599609
PERMITW,2015-07-31,5.1983065605163574,5.3190574645996094,5.5618619918823242,5.7969241142272949,5.8769216537475586
PERMITW,2015-08-31,5.0931668281555176,5.2108955383300781,5.5453901290893555,5.7642030715942383,5.8368692398071289
PERMITW,2015-09-30,5.1786394119262695,5.2575974464416504,5.5070590972900391,5.7745828628540039,5.8524990081787109
PERMITW,2015-10-31,5.1633310317993164,5.2834835052490234,5.5561108589172363,5.8318724632263184,5.9339380264282227
PERMITW,2015-11-30,5.087984561920166,5.2704324722290039,5.5601158142089844,5.8237695693969727,5.9601244926452637
PERMITW,2015-12-31,5.2092986106872559,5.2851486206054688,5.601646900177002,5.8756942749023438,5.9008421897888184
PERMITW,2016-01-31,5.1692066192626953,5.2424411773681641,5.5645809173583984,5.8435797691345215,5.9262499809265137
PERMITW,2016-02-29,5.0985584259033203,5.1946802139282227,5.5302267074584961,5.8850040435791016,6.0110211372375488
PERMITW,2016-03-31,5.1001715660095215,5.199033260345459,5.514495849609375,5.8980741500854492,5.9372992515563965
PERMITW,2016-04-30,5.2221918106079102,5.3637290000915527,5.6352558135986328,5.9639949798583984,6.1353096961975098
PERMITW,2016-05-31,5.0570192337036133,5.1980366706848145,5.5481729507446289,5.8724446296691895,5.9987702369689941
PERMITW,2016-06-30,5.0629730224609375,5.2475476264953613,5.5793571472167969,5.9564576148986816,6.1359653472900391
PERMITW,2016-07-31,5.159477710723877,5.2531700134277344,5.6062169075012207,5.8623147010803223,5.9311122894287109
PERMITW,2016-08-31,5.0806703567504883,5.218137264251709,5.5627932548522949,5.9889507293701172,6.0626363754272461
PERMITW,2016-09-30,4.9890365600585938,5.1018705368041992,5.599329948425293,5.9261770248413086,6.0227985382080078
PPICMM,2014-10-31,-0.023737577721476555,-0.016262982040643692,0.010452307760715485,0.037505451589822769,0.054068192839622498
PPICMM,2014-11-30,-0.060926750302314758,-0.042174257338047028,-0.0065735997632145882,0.037641379982233047,0.054655645042657852
PPICMM,2014-12-31,-0.04452919214963913,-0.031418211758136749,0.001521706348285079,0.03017897717654705,0.042636651545763016
PPICMM,2015-01-31,-0.048523895442485809,-0.038557358086109161,0.0023049223236739635,0.026413893327116966,0.047842018306255341
PPICMM,2015-02-28,-0.042034167796373367,-0.030257303267717361,-0.00085709430277347565,0.041438255459070206,0.049919124692678452
PPICMM,2015-03-31,-0.051687143743038177,-0.044320307672023773,-0.00082124507753178477,0.031739611178636551,0.035872437059879303
PPICMM,2015-04-30,-0.034710470587015152,-0.02867443673312664,0.0036077983677387238,0.04195738211274147,0.050303798168897629
PPICMM,2015-05-31,-0.050718385726213455,-0.040890626609325409,0.00039437785744667053,0.03453325480222702,0.045520875602960587
PPICMM,2015-06-30,-0.059421326965093613,-0.049696244299411774,-0.0019963136874139309,0.038827322423458099,0.046805944293737411
PPICMM,2015-07-31,-0.057594813406467438,-0.040813926607370377,-0.0018640855560079217,0.035367481410503387,0.04568936675786972
PPICMM,2015-08-31,-0.069999329745769501,-0.041694704443216324,0.00099679152481257915,0.032622046768665314,0.04074607789516449
PPICMM,2015-09-30,-0.064410537481307983,-0.045652098953723907,0.00052111630793660879,0.03525124117732048,0.063367746770381927
PPICMM,2015-10-31,-0.072492912411689758,-0.053645413368940353,-0.0063632717356085777,0.03616689145565033,0.048365432769060135
PPICMM,2015-11-30,-0.081858918070793152,-0.044207263737916946,-0.00011393637396395206,0.043129812926054001,0.056012339890003204
PPICMM,2015-12-31,-0.06692582368850708,-0.042425870895385742,0.0054126158356666565,0.043130300939083099,0.054052833467721939
PPICMM,2016-01-31,-0.084364935755729675,-0.0552712082862854,-0.0019499529153108597,0.028426770120859146,0.038399785757064819
PPICMM,2016-02-29,-0.067210927605628967,-0.044306162744760513,0.0031825127080082893,0.044496811926364899,0.052957329899072647
PPICMM,2016-03-31,-0.044493492692708969,-0.03525557741522789,0.0027748267166316509,0.041253235191106796,0.052948050200939178
PPICMM,2016-04-30,-0.052109036594629288,-0.038821917027235031,-0.0032150107435882092,0.034185297787189484,0.054541647434234619
PPICMM,2016-05-31,-0.062094122171401978,-0.041546493768692017,-0.0011820050422102213,0.033579226583242416,0.043534357100725174
PPICMM,2016-06-30,-0.068456292152404785,-0.040444672107696533,-0.00146837392821908,0.034236215054988861,0.051023323088884354
PPICMM,2016-07-31,-0.050108350813388824,-0.035187695175409317,0.0026836199685931206,0.037110999226570129,0.054915841668844223
PPICMM,2016-08-31,-0.068159833550453186,-0.039347764104604721,-0.00053778942674398422,0.03757023811340332,0.049829743802547455
PPICMM,2016-09-30,-0.040064375847578049,-0.028612587600946426,0.0069710742682218552,0.036490835249423981,0.042135853320360184
REALLN,2014-10-31,-0.0039889407344162464,-0.0027784560807049274,0.00012298978981561959,0.004310977179557085,0.0073600574396550655
REALLN,2014-11-30,-0.010285673663020134,-0.0052469801157712936,-0.00022917101159691811,0.0027227692771703005,0.004157225601375103
REALLN,2014-12-31,-0.0040980484336614609,-0.0025111716240644455,0.00037117613828741014,0.0031979584600776434,0.0060123088769614697
REALLN,2015-01-31,-0.0050306324847042561,-0.0031897954177111387,0.00020475183555390686,0.0030901383142918348,0.0063518662936985493
REALLN,2015-02-28,-0.0065893563441932201,-0.0044766953215003014,4.9962225602939725e-05,0.0031415512785315514,0.004902224987745285
REALLN,2015-03-31,-0.0041177142411470413,-0.0026258944999426603,0.00019341315783094615,0.0038953274488449097,0.0055200881324708462
REALLN,2015-04-30,-0.0075644748285412788,-0.0035124674905091524,0.00011035926581826061,0.0023037323262542486,0.0040495628491044044
REALLN,2015-05-31,-0.0036638518795371056,-0.0024591549299657345,0.00057005678536370397,0.0042925979942083359,0.0074619143269956112
REALLN,2015-06-30,-0.0050166561268270016,-0.0030805841088294983,0.00012532353866845369,0.0036776657216250896,0.0052233785390853882
REALLN,2015-07-31,-0.0068873888812959194,-0.0035582338459789753,0.00015144218923524022,0.0033250825945287943,0.0050161387771368027
REALLN,2015-08-31,-0.0086586764082312584,-0.003328065387904644,0.00035199729609303176,0.0027444653678685427,0.0037376238033175468
REALLN,2015-09-30,-0.0080443462356925011,-0.0046172747388482094,-0.00030575040727853775,0.0026744503993541002,0.0042772791348397732
REALLN,2015-10-31,-0.0069990172050893307,-0.0035115042701363564,0.00032738293521106243,0.0025542909279465675,0.0035418584011495113
REALLN,2015-11-30,-0.0085144750773906708,-0.0044007664546370506,-0.00012841673742514104,0.0024683296214789152,0.0042171347886323929
REALLN,2015-12-31,-0.0073105636984109879,-0.0031138514168560505,6.4646104874555022e-05,0.0032549649477005005,0.0088155884295701981
REALLN,2016-01-31,-0.010155811905860901,-0.0046624992974102497,-0.00057027617003768682,0.0032422640360891819,0.0048588248901069164
REALLN,2016-02-29,-0.0053210877813398838,-0.0029989760369062424,0.00021311320597305894,0.0033353867474943399,0.0038591970223933458
REALLN,2016-03-31,-0.0090216407552361488,-0.0046965470537543297,-0.00033077149419113994,0.0030470697674900293,0.0047726919874548912
REALLN,2016-04-30,-0.0045923618599772453,-0.003250819630920887,8.6770131019875407e-05,0.0026508078444749117,0.0041590300388634205
REALLN,2016-05-31,-0.006771361455321312,-0.0036397473886609077,0.00054467667359858751,0.0034203056711703539,0.0046587199904024601
REALLN,2016-06-30,-0.0074995802715420723,-0.0038272836245596409,0.00023582589346915483,0.0048889149911701679,0.0069524818100035191
REALLN,2016-07-31,-0.0053762034513056278,-0.0029971336480230093,0.00027619011234492064,0.0033916747197508812,0.0047661792486906052
REALLN,2016-08-31,-0.007340665441006422,-0.0031731671188026667,0.0003527160151861608,0.0037040479946881533,0.0097522232681512833
REALLN,2016-09-30,-0.0082902712747454643,-0.0041560172103345394,-0.00053469906561076641,0.0032888259738683701,0.0046885092742741108
RETAILx,2014-10-31,-0.0041997632943093777,-0.0028190591838210821,0.0065109962597489357,0.016351500526070595,0.018068006262183189
RETAILx,2014-11-30,-0.0070316311903297901,-0.0042991349473595619,0.0046995822340250015,0.013305889442563057,0.016676813364028931
RETAILx,2014-12-31,-0.0087529662996530533,-0.0058461762964725494,0.0038307777140289545,0.01523866131901741,0.017134178429841995
RETAILx,2015-01-31,-0.0063494709320366383,-0.0042147380299866199,0.0055374549701809883,0.015094432048499584,0.0193305853754282
RETAILx,2015-02-28,-0.0079037835821509361,-0.0035387552343308926,0.0043558552861213684,0.015008991584181786,0.01733480766415596
RETAILx,2015-03-31,-0.010162384249269962,-0.0069974153302609921,0.0034946887753903866,0.012456772848963737,0.013414601795375347
RETAILx,2015-04-30,-0.0091315973550081253,-0.0064052501693367958,0.0038590498734265566,0.013000798411667347,0.015548008494079113
RETAILx,2015-05-31,-0.01075410470366478,-0.0071565881371498108,0.0040909303352236748,0.012529171071946621,0.017371345311403275
RETAILx,2015-06-30,-0.0093710115179419518,-0.0062563293613493443,0.004944714717566967,0.013216175138950348,0.017352044582366943
RETAILx,2015-07-31,-0.0085776476189494133,-0.0051524387672543526,0.0042418683879077435,0.013709602877497673,0.016209816560149193
RETAILx,2015-08-31,-0.014172625727951527,-0.0063137682154774666,0.0041720266453921795,0.012373912148177624,0.020261632278561592
RETAILx,2015-09-30,-0.0065701832063496113,-0.0052242940291762352,0.0043022725731134415,0.013482163660228252,0.015273847617208958
RETAILx,2015-10-31,-0.008829047903418541,-0.0058366046287119389,0.0039312159642577171,0.014901838265359402,0.019120810553431511
RETAILx,2015-11-30,-0.010817298665642738,-0.0064316969364881516,0.0031815019901841879,0.011663676239550114,0.013177450746297836
RETAILx,2015-12-31,-0.0096550406888127327,-0.0069161304272711277,0.0041157882660627365,0.01152912899851799,0.017115810886025429
RETAILx,2016-01-31,-0.01602603867650032,-0.008960232138633728,0.0027458076365292072,0.01401234045624733,0.019713342189788818
RETAILx,2016-02-29,-0.0097220968455076218,-0.0042256317101418972,0.0046057561412453651,0.012481564655900002,0.017187979072332382
RETAILx,2016-03-31,-0.011495235376060009,-0.0060473540797829628,0.0041008945554494858,0.016649382188916206,0.020571386441588402
RETAILx,2016-04-30,-0.012199639342725277,-0.0089309010654687881,0.0045948922634124756,0.014169396832585335,0.017959369346499443
RETAILx,2016-05-31,-0.0095604304224252701,-0.0062377532012760639,0.0042743198573589325,0.012321219779551029,0.016539653763175011
RETAILx,2016-06-30,-0.012179257348179817,-0.006190144456923008,0.0044603748247027397,0.010852917097508907,0.013496128842234612
RETAILx,2016-07-31,-0.011733027175068855,-0.0073268194682896137,0.0034186658449470997,0.013330106623470783,0.016859497874975204
RETAILx,2016-08-31,-0.008442949503660202,-0.006360100582242012,0.0045012375339865685,0.019511129707098007,0.025478474795818329
RETAILx,2016-09-30,-0.0082483440637588501,-0.0057908934541046619,0.0032082009129226208,0.010117472149431705,0.013108212500810623
RPI,2014-10-31,-0.0016055976739153266,-0.00011420178634580225,0.0032245998736470938,0.0067659672349691391,0.0082396874204277992
RPI,2014-11-30,-0.0032550357282161713,-0.00057746260426938534,0.0026664566248655319,0.005171667318791151,0.0059983679093420506
RPI,2014-12-31,-0.0037292654160410166,-2.7489002604852431e-05,0.0028782570734620094,0.0060367775149643421,0.0065605980344116688
RPI,2015-01-31,-0.00403603445738554,-0.0011130142956972122,0.002691750880330801,0.0062945871613919735,0.0069152652285993099
RPI,2015-02-28,-0.013434344902634621,-0.001401631161570549,0.0025797835551202297,0.0064036734402179718,0.0074274563230574131
RPI,2015-03-31,-0.0039746146649122238,-0.00064396514790132642,0.0031560133211314678,0.0056180399842560291,0.0066530271433293819
RPI,2015-04-30,-0.0061946343630552292,-0.00035802953061647713,0.0027466339524835348,0.0072896364144980907,0.010090811178088188
RPI,2015-05-31,-0.0025021666660904884,-0.00072439172072336078,0.0029194427188485861,0.0057031973265111446,0.0071917744353413582
RPI,2015-06-30,-0.00070697203045710921,-5.0477751756261569e-06,0.0031336881220340729,0.0066861249506473541,0.0080087892711162567
RPI,2015-07-31,-0.006025560200214386,-0.0018879440613090992,0.0027441796846687794,0.0058946050703525543,0.0065520787611603737
RPI,2015-08-31,-0.0061938958242535591,-0.0013184776762500405,0.0027317185886204243,0.005613863468170166,0.0066535570658743382
RPI,2015-09-30,-0.0045066778548061848,-0.0016033903229981661,0.0027593020349740982,0.0059585790149867535,0.007268090732395649
RPI,2015-10-31,-0.0065552610903978348,-0.0027178386226296425,0.0024659594055265188,0.0058754193596541882,0.0079397875815629959
RPI,2015-11-30,-0.0068006804212927818,-0.00099080649670213461,0.0025459825992584229,0.0075041013769805431,0.010237039998173714
RPI,2015-12-31,-0.0032125315628945827,-0.00041579225216992199,0.0025639468804001808,0.0070205368101596832,0.012324717827141285
RPI,2016-01-31,-0.001999670872464776,-0.0012194951996207237,0.0030222642235457897,0.0060260351747274399,0.007613827008754015
RPI,2016-02-29,-0.0037476932629942894,-0.0012684948742389679,0.0023497948423027992,0.0058438968844711781,0.0064868987537920475
RPI,2016-03-31,-0.0046745906583964825,-0.001274008653126657,0.0027839783579111099,0.0070440489798784256,0.0080710845068097115
RPI,2016-04-30,-0.0066613145172595978,-0.0017158585833385587,0.0033844797872006893,0.0080099683254957199,0.010702504776418209
RPI,2016-05-31,-0.0051540136337280273,-0.00290497369132936,0.0025961475912481546,0.0059397914446890354,0.0073584951460361481
RPI,2016-06-30,-0.0054546799510717392,-0.0004489891289267689,0.0029273019172251225,0.0062322085723280907,0.0077906316146254539
RPI,2016-07-31,-0.0036959776189178228,-0.00091648614034056664,0.0028016520664095879,0.0065797967836260796,0.0093728331848978996
RPI,2016-08-31,-0.0033015378285199404,-0.00055495917331427336,0.0028361713048070669,0.005289105698466301,0.0067924056202173233
RPI,2016-09-30,-0.0021134901326149702,-0.00043834358802996576,0.0026953804772347212,0.0056668291799724102,0.0065872659906744957
S&P 500,2014-10-31,-0.03064214251935482,-0.021219229325652122,0.0064104185439646244,0.038797963410615921,0.046641752123832703
S&P 500,2014-11-30,-0.0510433129966259,-0.03514561802148819,0.0045830407179892063,0.035308726131916046,0.055041506886482239
S&P 500,2014-12-31,-0.058186478912830353,-0.038049947470426559,0.0083177089691162109,0.03818148747086525,0.043842297047376633
S&P 500,2015-01-31,-0.04030001163482666,-0.031308457255363464,0.0064958734437823296,0.043866567313671112,0.071230992674827576
S&P 500,2015-02-28,-0.044286999851465225,-0.025936271995306015,0.0079004550352692604,0.035132952034473419,0.048068653792142868
S&P 500,2015-03-31,-0.047615084797143936,-0.026684461161494255,0.0091186836361885071,0.040937278419733047,0.051802106201648712
S&P 500,2015-04-30,-0.052849788218736649,-0.035452507436275482,0.0072200419381260872,0.048740878701210022,0.061061348766088486
S&P 500,2015-05-31,-0.036307491362094879,-0.02336248941719532,0.0070044361054897308,0.041726231575012207,0.047448892146348953
S&P 500,2015-06-30,-0.040362026542425156,-0.031956378370523453,0.0074669555760920048,0.044456616044044495,0.056949082762002945
S&P 500,2015-07-31,-0.042978264391422272,-0.025084543973207474,0.0047348081134259701,0.037792813032865524,0.041319001466035843
S&P 500,2015-08-31,-0.047315053641796112,-0.035740617662668228,0.0092175118625164032,0.041112545877695084,0.054101709276437759
S&P 500,2015-09-30,-0.044323794543743134,-0.037328317761421204,0.010740410536527634,0.055218875408172607,0.078331887722015381
S&P 500,2015-10-31,-0.043800454586744308,-0.025112520903348923,0.0052977725863456726,0.046490956097841263,0.064536973834037781
S&P 500,2015-11-30,-0.054259225726127625,-0.026377959176898003,0.0075064254924654961,0.034628916531801224,0.048770025372505188
S&P 500,2015-12-31,-0.04292818158864975,-0.025220619514584541,0.0083678197115659714,0.038637164980173111,0.051098838448524475
S&P 500,2016-01-31,-0.05440424382686615,-0.033310543745756149,0.007950151339173317,0.040792282670736313,0.056830998510122299
S&P 500,2016-02-29,-0.053485393524169922,-0.040296051651239395,0.0060941856354475021,0.045240521430969238,0.062403120100498199
S&P 500,2016-03-31,-0.052293471992015839,-0.040524233132600784,0.0069316485896706581,0.041366733610630035,0.071476109325885773
S&P 500,2016-04-30,-0.041637685149908066,-0.032289832830429077,0.0063123777508735657,0.043790124356746674,0.070361591875553131
S&P 500,2016-05-31,-0.049941021949052811,-0.039952550083398819,0.0078245364129543304,0.060996782034635544,0.078762516379356384
S&P 500,2016-06-30,-0.037062205374240875,-0.026962235569953918,0.0061277477070689201,0.034533087164163589,0.057075925171375275
S&P 500,2016-07-31,-0.050608769059181213,-0.034721270203590393,0.0051294779404997826,0.031829845160245895,0.054675325751304626
S&P 500,2016-08-31,-0.054131530225276947,-0.029433799907565117,0.0082861930131912231,0.051612090319395065,0.078955933451652527
S&P 500,2016-09-30,-0.08912242203950882,-0.058289844542741776,0.0058044316247105598,0.041728001087903976,0.059558186680078506
S&P PE ratio,2014-10-31,-0.027289468795061111,-0.01979047991335392,0.0023227205965667963,0.024218251928687096,0.034131240099668503
S&P PE ratio,2014-11-30,-0.031618542969226837,-0.024842709302902222,0.0020118993707001209,0.027491947636008263,0.037072069942951202
S&P PE ratio,2014-12-31,-0.033622253686189651,-0.024114277213811874,-0.001496798126026988,0.023182602599263191,0.026161057874560356
S&P PE ratio,2015-01-31,-0.032850652933120728,-0.02679426409304142,0.001536480849608779,0.025930285453796387,0.042011797428131104
S&P PE ratio,2015-02-28,-0.029176518321037292,-0.023995973169803619,0.0017252983525395393,0.026285329833626747,0.03967713937163353
S&P PE ratio,2015-03-31,-0.03690439835190773,-0.024332199245691299,0.0043853297829627991,0.031832896173000336,0.039924658834934235
S&P PE ratio,2015-04-30,-0.0425371453166008,-0.033924225717782974,0.00065910158446058631,0.038314703851938248,0.062629915773868561
S&P PE ratio,2015-05-31,-0.060295805335044861,-0.045167453587055206,0.002495048101991415,0.036111284047365189,0.047873876988887787
S&P PE ratio,2015-06-30,-0.055631078779697418,-0.039870858192443848,-0.0021439099218696356,0.027487073093652725,0.044233419001102448
S&P PE ratio,2015-07-31,-0.051251772791147232,-0.033764753490686417,-0.00013550277799367905,0.031240185722708702,0.044361419975757599
S&P PE ratio,2015-08-31,-0.04501613974571228,-0.031727053225040436,0.00034264655550941825,0.02805105596780777,0.044034507125616074
S&P PE ratio,2015-09-30,-0.044852469116449356,-0.024505000561475754,0.0036467073950916529,0.052689544856548309,0.089973650872707367
S&P PE ratio,2015-10-31,-0.047531027346849442,-0.024979811161756516,-0.00011617822019616142,0.040215812623500824,0.056321457028388977
S&P PE ratio,2015-11-30,-0.064698480069637299,-0.035456616431474686,0.0005506363813765347,0.032447401434183121,0.044885642826557159
S&P PE ratio,2015-12-31,-0.053411319851875305,-0.03001825325191021,0.0060346024110913277,0.04271215945482254,0.060696318745613098
S&P PE ratio,2016-01-31,-0.049545247107744217,-0.037062738090753555,-0.0047397734597325325,0.037384018301963806,0.062048401683568954
S&P PE ratio,2016-02-29,-0.083851829171180725,-0.04225333034992218,0.0020407428964972496,0.052755989134311676,0.075038231909275055
S&P PE ratio,2016-03-31,-0.049210980534553528,-0.041557531803846359,0.0011593676172196865,0.04831496998667717,0.074819162487983704
S&P PE ratio,2016-04-30,-0.060297820717096329,-0.046748276799917221,0.0015964342746883631,0.039604585617780685,0.059754468500614166
S&P PE ratio,2016-05-31,-0.061374880373477936,-0.036855529993772507,0.0060459626838564873,0.057993028312921524,0.079534322023391724
S&P PE ratio,2016-06-30,-0.076811417937278748,-0.036357473582029343,0.0032531144097447395,0.06106717512011528,0.092722214758396149
S&P PE ratio,2016-07-31,-0.043527521193027496,-0.032625172287225723,0.0060156332328915596,0.054254695773124695,0.0940670445561409
S&P PE ratio,2016-08-31,-0.063088491559028625,-0.038760438561439514,0.0022181789390742779,0.040933944284915924,0.066684707999229431
S&P PE ratio,2016-09-30,-0.045911315828561783,-0.032860886305570602,0.00090267736231908202,0.038193408399820328,0.051087692379951477
S&P div yield,2014-10-31,-0.10772667080163956,-0.076037794351577759,-0.0036514687817543745,0.072183951735496521,0.13025474548339844
S&P div yield,2014-11-30,-0.091009519994258881,-0.063963137567043304,-0.0056708971969783306,0.067443154752254486,0.10175550729036331
S&P div yield,2014-12-31,-0.099330924451351166,-0.063335210084915161,-0.004151931032538414,0.054513514041900635,0.085091009736061096
S&P div yield,2015-01-31,-0.079006083309650421,-0.055318456143140793,-8.833716856315732e-05,0.074278213083744049,0.095980577170848846
S&P div yield,2015-02-28,-0.082059860229492188,-0.061371225863695145,-0.0042481524869799614,0.049274761229753494,0.062087461352348328
S&P div yield,2015-03-31,-0.097078539431095123,-0.070663154125213623,-0.0096192052587866783,0.050076592713594437,0.069085828959941864
S&P div yield,2015-04-30,-0.096937179565429688,-0.069108270108699799,-0.0077893296256661415,0.065805248916149139,0.11884400993585587
S&P div yield,2015-05-31,-0.070397809147834778,-0.062338933348655701,-0.003536534495651722,0.054566651582717896,0.072874635457992554
S&P div yield,2015-06-30,-0.10521301627159119,-0.073695182800292969,-0.0056475196033716202,0.059305455535650253,0.071273766458034515
S&P div yield,2015-07-31,-0.13827614486217499,-0.089747145771980286,-0.0045442301779985428,0.068678677082061768,0.093653909862041473
S&P div yield,2015-08-31,-0.092273212969303131,-0.079442583024501801,-0.0046362639404833317,0.050750643014907837,0.08481048047542572
S&P div yield,2015-09-30,-0.15523943305015564,-0.091794855892658234,-0.0082150865346193314,0.053928028792142868,0.09381992369890213
S&P div yield,2015-10-31,-0.099931143224239349,-0.074621014297008514,-0.0017684294143691659,0.081068284809589386,0.11203564703464508
S&P div yield,2015-11-30,-0.099439963698387146,-0.061904985457658768,-0.0026545363944023848,0.085071295499801636,0.10848900675773621
S&P div yield,2015-12-31,-0.084406182169914246,-0.062489014118909836,-0.0077204927802085876,0.04768700897693634,0.076958075165748596
S&P div yield,2016-01-31,-0.11221779882907867,-0.071365080773830414,-0.01022412721067667,0.049255643039941788,0.081465862691402435
S&P div yield,2016-02-29,-0.098445519804954529,-0.079856604337692261,-0.011882214806973934,0.054165445268154144,0.078856512904167175
S&P div yield,2016-03-31,-0.092789240181446075,-0.067750096321105957,0.0022042628843337297,0.075922310352325439,0.12006097286939621
S&P div yield,2016-04-30,-0.099004440009593964,-0.064972318708896637,-0.0060115912929177284,0.059900067746639252,0.074856936931610107
S&P div yield,2016-05-31,-0.14712795615196228,-0.099038295447826385,-0.0076804989948868752,0.045647360384464264,0.078724384307861328
S&P div yield,2016-06-30,-0.10119035094976425,-0.063938625156879425,-0.0058859102427959442,0.056981183588504791,0.075669348239898682
S&P div yield,2016-07-31,-0.10349629074335098,-0.06573370099067688,-0.0044798101298511028,0.07930079847574234,0.15943281352519989
S&P div yield,2016-08-31,-0.12586060166358948,-0.083424143493175507,-0.0054828398860991001,0.064913585782051086,0.084524616599082947
S&P div yield,2016-09-30,-0.091446094214916229,-0.061005532741546631,-0.0013058657059445977,0.084068290889263153,0.10172101110219955
SRVPRD,2014-10-31,-0.00025932697462849319,5.4770953283878043e-06,0.0013608094304800034,0.003136929590255022,0.0033941152505576611
SRVPRD,2014-11-30,-0.00019249921024311334,0.00011471340258140117,0.0015872935764491558,0.0029188713524490595,0.0033393264748156071
SRVPRD,2014-12-31,-0.00016744963068049401,0.00022441580949816853,0.0016748103080317378,0.0033072361256927252,0.0035011966247111559
SRVPRD,2015-01-31,-0.00050348677905276418,-0.00011513175559230149,0.0016407576622441411,0.0028745548333972692,0.0032770535908639431
SRVPRD,2015-02-28,-0.00064498104620724916,-0.0001082446615328081,0.0016220666002482176,0.0029565980657935143,0.0032954474445432425
SRVPRD,2015-03-31,-0.00071988231502473354,-0.00019136657647322863,0.0016027463134378195,0.0029794180300086737,0.0035387291572988033
SRVPRD,2015-04-30,-0.00053058675257489085,-0.00017598934937268496,0.0016100566135719419,0.0031651558820158243,0.0039201830513775349
SRVPRD,2015-05-31,-0.00048846006393432617,0.00012865239114034921,0.0015996292931959033,0.0032425988465547562,0.0035912070889025927
SRVPRD,2015-06-30,-0.00051199604058638215,1.4498999917123001e-05,0.0015810235636308789,0.0030837717931717634,0.0036484459415078163
SRVPRD,2015-07-31,-0.00047433594590984285,-0.00021354704222176224,0.0012764603598043323,0.0027430341579020023,0.0033708855044096708
SRVPRD,2015-08-31,-0.00091875146608799696,-0.00028746825410053134,0.001538323238492012,0.003083209041506052,0.0035995473153889179
SRVPRD,2015-09-30,-0.00099497998598963022,-0.00031557810143567622,0.0014478426892310381,0.0031707461457699537,0.003479834645986557
SRVPRD,2015-10-31,-0.0012205770472064614,-0.00029692935640923679,0.0014927637530490756,0.0032081329263746738,0.0037161910440772772
SRVPRD,2015-11-30,-0.00068070687120780349,-0.00027557805879041553,0.0015161964111030102,0.0031262154225260019,0.0038010161370038986
SRVPRD,2015-12-31,-0.0010694663506001234,-0.00051390496082603931,0.0012905695475637913,0.0030861282721161842,0.0035378301981836557
SRVPRD,2016-01-31,-0.0011408238206058741,-0.00050693150842562318,0.0013530210126191378,0.0032475979533046484,0.0039930413477122784
SRVPRD,2016-02-29,-0.0011736315209418535,-0.00087020598584786057,0.0012303539551794529,0.0030850626062601805,0.0034545669332146645
SRVPRD,2016-03-31,-0.00051921000704169273,-0.0002395336632616818,0.0012779701501131058,0.00292629050090909,0.003112205071374774
SRVPRD,2016-04-30,-0.00066782865906134248,-0.00021256567561067641,0.0012831622734665871,0.0032394942827522755,0.0036812855396419764
SRVPRD,2016-05-31,-0.00047525615082122386,-0.0001796413998818025,0.0011052591726183891,0.0030540050938725471,0.0034255527425557375
SRVPRD,2016-06-30,-0.0013355308910831809,-0.00047265278408303857,0.0012755249626934528,0.0031997414771467447,0.0035915251355618238
SRVPRD,2016-07-31,-0.0006996861775405705,-0.00029179814737290144,0.0015405665617436171,0.0032310753595083952,0.003600389463827014
SRVPRD,2016-08-31,-0.00012837380927521735,2.2961337890592404e-05,0.0013754463288933039,0.0030935897957533598,0.003533609677106142
SRVPRD,2016-09-30,-0.0013396824942901731,-0.0005200142040848732,0.0013570513110607862,0.0029893508180975914,0.0033792073372751474
T10YFFM,2014-10-31,2.0313160419464111,2.2050802707672119,2.4488098621368408,2.6567709445953369,2.7516152858734131
T10YFFM,2014-11-30,2.0015320777893066,2.0462217330932617,2.5118608474731445,2.8010776042938232,2.9011073112487793
T10YFFM,2014-12-31,1.6827492713928223,1.9208016395568848,2.4768989086151123,2.966120719909668,3.1059377193450928
T10YFFM,2015-01-31,1.7103210687637329,1.9059257507324219,2.4973788261413574,2.9618055820465088,3.07308030128479
T10YFFM,2015-02-28,1.4537451267242432,1.6408381462097168,2.4304182529449463,3.0425674915313721,3.300966739654541
T10YFFM,2015-03-31,1.109106183052063,1.6443506479263306,2.4342257976531982,3.1589457988739014,3.2710907459259033
T10YFFM,2015-04-30,0.57130187749862671,1.2340620756149292,2.279522180557251,3.2571229934692383,3.6267848014831543
T10YFFM,2015-05-31,1.1304396390914917,1.5096784830093384,2.3743960857391357,3.287501335144043,3.4589700698852539
T10YFFM,2015-06-30,1.2989163398742676,1.4725933074951172,2.2752580642700195,3.0030913352966309,3.2078211307525635
T10YFFM,2015-07-31,0.71960932016372681,1.2716991901397705,2.1173093318939209,3.0473322868347168,3.2709457874298096
T10YFFM,2015-08-31,0.71186178922653198,1.246119499206543,2.2835392951965332,3.2189426422119141,3.4028675556182861
T10YFFM,2015-09-30,0.28247484564781189,0.67582899332046509,2.1681671142578125,3.2651526927947998,3.5688083171844482
T10YFFM,2015-10-31,0.552864670753479,0.8558465838432312,2.0993056297302246,3.6709315776824951,3.8400676250457764
T10YFFM,2015-11-30,0.29373636841773987,0.76608741283416748,2.1774358749389648,3.0149576663970947,3.3063552379608154
T10YFFM,2015-12-31,0.12632559239864349,0.55620259046554565,2.202631950378418,3.0913398265838623,3.5527737140655518
T10YFFM,2016-01-31,0.13350282609462738,0.65331703424453735,2.2913877964019775,3.4977495670318604,3.8175745010375977
T10YFFM,2016-02-29,0.61114108562469482,1.0950924158096313,2.282515287399292,3.5735094547271729,4.0027470588684082
T10YFFM,2016-03-31,0.1813189685344696,0.57704323530197144,2.2460155487060547,3.4068446159362793,3.8272674083709717
T10YFFM,2016-04-30,-0.2279016524553299,0.53265327215194702,2.1322903633117676,3.2787742614746094,3.6505293846130371
T10YFFM,2016-05-31,-0.83071726560592651,-0.018403675407171249,1.9474177360534668,3.5188632011413574,3.9635622501373291
T10YFFM,2016-06-30,-0.57003474235534668,0.1336602121591568,1.8390135765075684,3.3580539226531982,3.7218844890594482
T10YFFM,2016-07-31,-1.1420414447784424,0.51764100790023804,2.0321536064147949,3.3651525974273682,3.7547867298126221
T10YFFM,2016-08-31,-0.22518688440322876,0.18230272829532623,1.8749351501464844,3.074784517288208,3.2958171367645264
T10YFFM,2016-09-30,0.21047115325927734,0.39380550384521484,1.6552600860595703,3.3155615329742432,3.6135933399200439
T1YFFM,2014-10-31,-0.010593479499220848,-0.0012131286785006523,0.018336346372961998,0.047437131404876709,0.054027918726205826
T1YFFM,2014-11-30,-0.049557458609342575,-0.014759359881281853,0.024228433147072792,0.057764288038015366,0.072054237127304077
T1YFFM,2014-12-31,-0.094422407448291779,-0.022543396800756454,0.019471470266580582,0.070570580661296844,0.10034901648759842
T1YFFM,2015-01-31,-0.036291375756263733,-0.02173176221549511,0.021775741130113602,0.088199727237224579,0.1206221729516983
T1YFFM,2015-02-28,-0.087950058281421661,-0.027872750535607338,0.024452904239296913,0.082772627472877502,0.12297812104225159
T1YFFM,2015-03-31,-0.27902302145957947,-0.093978777527809143,0.02349373884499073,0.11231887340545654,0.13711300492286682
T1YFFM,2015-04-30,-0.1412956565618515,-0.083457008004188538,0.03085288405418396,0.12328784167766571,0.18563111126422882
T1YFFM,2015-05-31,-0.21468114852905273,-0.051644559949636459,0.034674376249313354,0.17472313344478607,0.23081807792186737
T1YFFM,2015-06-30,-0.25854384899139404,-0.15668462216854095,0.022207427769899368,0.099086843430995941,0.15163485705852509
T1YFFM,2015-07-31,-0.1396552175283432,-0.045188061892986298,0.031623870134353638,0.15191616117954254,0.26714599132537842
T1YFFM,2015-08-31,-0.47171267867088318,-0.15975950658321381,0.020406749099493027,0.13049376010894775,0.23205019533634186
T1YFFM,2015-09-30,-0.15117946267127991,-0.079136878252029419,0.024411924183368683,0.14148285984992981,0.22127167880535126
T1YFFM,2015-10-31,-0.19842012226581573,-0.095176123082637787,0.024232383817434311,0.16744802892208099,0.24529598653316498
T1YFFM,2015-11-30,-0.14810436964035034,-0.071960873901844025,0.030447725206613541,0.16581597924232483,0.24764874577522278
T1YFFM,2015-12-31,-0.76877838373184204,-0.09127633273601532,0.013474688865244389,0.13749144971370697,0.21596281230449677
T1YFFM,2016-01-31,-0.59626120328903198,-0.19507570564746857,0.011427429504692554,0.10228844732046127,0.15431296825408936
T1YFFM,2016-02-29,-0.26752537488937378,-0.1201869323849678,0.016905924305319786,0.1705460399389267,0.30180591344833374
T1YFFM,2016-03-31,-0.2982361912727356,-0.15459835529327393,0.01934950053691864,0.22426919639110565,0.46860361099243164
T1YFFM,2016-04-30,-1.090762734413147,-0.18305131793022156,0.021163105964660645,0.22628302872180939,0.43407920002937317
T1YFFM,2016-05-31,-0.47577100992202759,-0.19728778302669525,0.037299133837223053,0.29362478852272034,0.47684484720230103
T1YFFM,2016-06-30,-0.28992030024528503,-0.17709918320178986,0.025439759716391563,0.288575679063797,0.43582612276077271
T1YFFM,2016-07-31,-0.46923840045928955,-0.25168418884277344,0.015242781490087509,0.21883970499038696,0.36040064692497253
T1YFFM,2016-08-31,-1.4403126239776611,-0.32106608152389526,0.020978670567274094,0.240825355052948,0.55916464328765869
T1YFFM,2016-09-30,-0.48822641372680664,-0.24466672539710999,0.019219269976019859,0.24676397442817688,0.35482639074325562
T5YFFM,2014-10-31,1.2189465761184692,1.4210022687911987,1.7183177471160889,1.9223258495330811,1.9694987535476685
T5YFFM,2014-11-30,1.1384807825088501,1.2448341846466064,1.6288988590240479,2.0312974452972412,2.1395323276519775
T5YFFM,2014-12-31,1.0138729810714722,1.2114588022232056,1.6602349281311035,2.0546808242797852,2.1446301937103271
T5YFFM,2015-01-31,0.9575992226600647,1.1680017709732056,1.6470789909362793,2.2029891014099121,2.365933895111084
T5YFFM,2015-02-28,0.90645682811737061,1.2024897336959839,1.6705101728439331,2.2334423065185547,2.384859561920166
T5YFFM,2015-03-31,0.58640778064727783,0.93498152494430542,1.6171181201934814,2.2355606555938721,2.33428955078125
T5YFFM,2015-04-30,0.72490322589874268,1.0024001598358154,1.73783278465271,2.4181609153747559,2.5696065425872803
T5YFFM,2015-05-31,0.28710857033729553,0.75485223531723022,1.5575888156890869,2.2982687950134277,2.5052590370178223
T5YFFM,2015-06-30,0.46982592344284058,0.78060245513916016,1.5639171600341797,2.236253023147583,2.5105421543121338
T5YFFM,2015-07-31,0.32266414165496826,0.56159430742263794,1.4249238967895508,2.2285010814666748,2.536175012588501
T5YFFM,2015-08-31,0.28343132138252258,0.62255877256393433,1.4706234931945801,2.1979429721832275,2.3792481422424316
T5YFFM,2015-09-30,0.17452102899551392,0.4056563675403595,1.3603718280792236,2.3106052875518799,2.5349555015563965
T5YFFM,2015-10-31,-0.35207211971282959,0.12363967299461365,1.4740369319915771,2.3646242618560791,2.4990277290344238
T5YFFM,2015-11-30,-0.22263546288013458,0.028938891366124153,1.3269243240356445,2.4087405204772949,2.7344284057617188
T5YFFM,2015-12-31,-0.33139285445213318,0.36060917377471924,1.4786039590835571,2.483320951461792,2.6276967525482178
T5YFFM,2016-01-31,-0.66978365182876587,0.00090751604875549674,1.2251265048980713,2.2344813346862793,2.3973593711853027
T5YFFM,2016-02-29,-0.66210520267486572,0.025099841877818108,1.3759927749633789,2.2616918087005615,2.5189127922058105
T5YFFM,2016-03-31,-1.2095708847045898,-0.17895793914794922,1.3021619319915771,2.4796905517578125,2.6761701107025146
T5YFFM,2016-04-30,-0.52442902326583862,-0.21312163770198822,1.3472044467926025,2.2784125804901123,2.5638775825500488
T5YFFM,2016-05-31,-1.1141433715820312,-0.38887572288513184,1.3765524625778198,2.3915755748748779,2.6552207469940186
T5YFFM,2016-06-30,-0.59760260581970215,0.01176096685230732,1.315021276473999,2.5534393787384033,2.7713973522186279
T5YFFM,2016-07-31,-0.88956296443939209,-0.23311722278594971,1.334821343421936,2.4391448497772217,2.6817052364349365
T5YFFM,2016-08-31,-1.4001243114471436,-0.2758924663066864,1.2295588254928589,2.5805952548980713,3.0529274940490723
T5YFFM,2016-09-30,-1.5074928998947144,-0.24564401805400848,0.95777291059494019,2.1595301628112793,2.4720337390899658
TB3MS,2014-10-31,-0.051704145967960358,-0.039872106164693832,-0.0094145741313695908,0.013940539211034775,0.022397281602025032
TB3MS,2014-11-30,-0.044735759496688843,-0.022712947800755501,0.0030388985760509968,0.050081014633178711,0.079121537506580353
TB3MS,2014-12-31,-0.061046276241540909,-0.037564065307378769,-0.0079123862087726593,0.023145666345953941,0.050721332430839539
TB3MS,2015-01-31,-0.051701650023460388,-0.036593720316886902,-0.0046965181827545166,0.021498426795005798,0.037562213838100433
TB3MS,2015-02-28,-0.047715116292238235,-0.025080280378460884,0.0036746030673384666,0.030576713383197784,0.042485520243644714
TB3MS,2015-03-31,-0.082986071705818176,-0.040017064660787582,-0.0045192474499344826,0.037199147045612335,0.057871293276548386
TB3MS,2015-04-30,-0.076876901090145111,-0.047631725668907166,-0.0061320275999605656,0.01466804463416338,0.039527911692857742
TB3MS,2015-05-31,-0.066050641238689423,-0.034277506172657013,0.0012499256990849972,0.036414377391338348,0.084020897746086121
TB3MS,2015-06-30,-0.098212704062461853,-0.064448021352291107,-0.0071365758776664734,0.049581747502088547,0.1213214322924614
TB3MS,2015-07-31,-0.066215470433235168,-0.04097941517829895,-0.0055632079020142555,0.029368944466114044,0.033603452146053314
TB3MS,2015-08-31,-0.14348782598972321,-0.031953811645507812,-0.00027429475449025631,0.061161570250988007,0.088857986032962799
TB3MS,2015-09-30,-0.076226353645324707,-0.059234913438558578,-0.0091146640479564667,0.033377669751644135,0.061989046633243561
TB3MS,2015-10-31,-0.064835689961910248,-0.040954064577817917,-0.0072527229785919189,0.018054984509944916,0.049764636904001236
TB3MS,2015-11-30,-0.13342069089412689,-0.074767395853996277,-0.0030846730805933475,0.046333763748407364,0.083403438329696655
TB3MS,2015-12-31,-0.082611210644245148,-0.056229513138532639,-0.0021631966810673475,0.055443551391363144,0.096270032227039337
TB3MS,2016-01-31,-0.17840144038200378,-0.05302053689956665,-0.0055060232989490032,0.05081535130739212,0.09778856486082077
TB3MS,2016-02-29,-0.10629397630691528,-0.053133010864257812,0.0011411870364099741,0.046797741204500198,0.1190163791179657
TB3MS,2016-03-31,-0.16878391802310944,-0.07018686830997467,-0.0060026952996850014,0.061453860253095627,0.12105481326580048
TB3MS,2016-04-30,-0.099419325590133667,-0.063946515321731567,-0.010715950280427933,0.044052254408597946,0.10166888684034348
TB3MS,2016-05-31,-0.10423236340284348,-0.079586848616600037,-0.00047495262697339058,0.055610422044992447,0.079827494919300079
TB3MS,2016-06-30,-0.099480152130126953,-0.06885182112455368,-0.0057892249897122383,0.08504621684551239,0.11995624005794525
TB3MS,2016-07-31,-0.19204464554786682,-0.088998854160308838,-0.0025253547355532646,0.082454666495323181,0.15070733428001404
TB3MS,2016-08-31,-0.1562245786190033,-0.067075096070766449,0.0073511833325028419,0.096819542348384857,0.20521198213100433
TB3MS,2016-09-30,-0.26844257116317749,-0.10534557700157166,-0.0047861095517873764,0.056998182088136673,0.091673687100410461
TB3SMFFM,2014-10-31,-0.11004727333784103,-0.10086903721094131,-0.066405206918716431,-0.040450610220432281,-0.029887279495596886
TB3SMFFM,2014-11-30,-0.11878589540719986,-0.096175260841846466,-0.066020607948303223,-0.037253119051456451,-0.029422307386994362
TB3SMFFM,2014-12-31,-0.14680659770965576,-0.10386937856674194,-0.06206628680229187,-0.026777392253279686,-0.0042197657749056816
TB3SMFFM,2015-01-31,-0.16845758259296417,-0.12738791108131409,-0.062057346105575562,-0.019151737913489342,-0.0062622330151498318
TB3SMFFM,2015-02-28,-0.24791020154953003,-0.13394723832607269,-0.057131499052047729,-0.0040790215134620667,0.014036922715604305
TB3SMFFM,2015-03-31,-0.26212230324745178,-0.18043346703052521,-0.066979780793190002,-0.022728288546204567,-0.015246756374835968
TB3SMFFM,2015-04-30,-0.38581404089927673,-0.22481235861778259,-0.073284640908241272,-0.020722214132547379,-0.0020573921501636505
TB3SMFFM,2015-05-31,-0.20564407110214233,-0.16906334459781647,-0.064596801996231079,-0.013533541932702065,0.0060196309350430965
TB3SMFFM,2015-06-30,-0.41477915644645691,-0.19912604987621307,-0.076582327485084534,-0.025513682514429092,-0.007887023501098156
TB3SMFFM,2015-07-31,-0.40263688564300537,-0.30073836445808411,-0.080759882926940918,-0.031236806884407997,-0.01735420897603035
TB3SMFFM,2015-08-31,-0.48044034838676453,-0.25408980250358582,-0.077745690941810608,-0.028474047780036926,-0.010386345908045769
TB3SMFFM,2015-09-30,-0.414589524269104,-0.25370579957962036,-0.073618233203887939,-0.021339703351259232,0.018006995320320129
TB3SMFFM,2015-10-31,-0.81078809499740601,-0.22648048400878906,-0.076568543910980225,-0.024063641205430031,-0.0108615942299366
TB3SMFFM,2015-11-30,-0.80047708749771118,-0.47036626935005188,-0.086333930492401123,-0.031104814261198044,-0.012982262298464775
TB3SMFFM,2015-12-31,-0.55763530731201172,-0.34842357039451599,-0.083770707249641418,-0.019579872488975525,0.0016253584763035178
TB3SMFFM,2016-01-31,-0.5516127347946167,-0.31315773725509644,-0.073206588625907898,-0.014021843671798706,0.00094778276979923248
TB3SMFFM,2016-02-29,-0.79191315174102783,-0.30687171220779419,-0.071559637784957886,-0.024872960522770882,-0.014227475039660931
TB3SMFFM,2016-03-31,-0.60045731067657471,-0.41622677445411682,-0.079838484525680542,-0.018762331455945969,0.0047299801371991634
TB3SMFFM,2016-04-30,-1.0483028888702393,-0.55472838878631592,-0.08324730396270752,-0.013978789560496807,-0.00024427840253338218
TB3SMFFM,2016-05-31,-0.49701917171478271,-0.35916513204574585,-0.078630298376083374,-0.021214434877038002,0.011008731089532375
TB3SMFFM,2016-06-30,-0.66352075338363647,-0.42408829927444458,-0.079352125525474548,-0.01622430793941021,-0.0031521855853497982
TB3SMFFM,2016-07-31,-1.0494910478591919,-0.62641602754592896,-0.073289468884468079,-0.0056428420357406139,0.020227948203682899
TB3SMFFM,2016-08-31,-1.1229153871536255,-0.82395637035369873,-0.073923647403717041,-0.0099877165630459785,-0.0056431815028190613
TB3SMFFM,2016-09-30,-0.58826488256454468,-0.40099471807479858,-0.079944491386413574,-0.01458636112511158,0.0029266527853906155
TB6MS,2014-10-31,-0.082963824272155762,-0.046309646219015121,-0.0083730155602097511,0.019375311210751534,0.04414701834321022
TB6MS,2014-11-30,-0.06886020302772522,-0.045853067189455032,-0.0046447864733636379,0.026470592245459557,0.035882845520973206
TB6MS,2014-12-31,-0.083879232406616211,-0.046019278466701508,-0.0058861044235527515,0.017125789076089859,0.030173152685165405
TB6MS,2015-01-31,-0.084924668073654175,-0.055736050009727478,-0.0077657606452703476,0.011982224881649017,0.020549820736050606
TB6MS,2015-02-28,-0.055501412600278854,-0.041062869131565094,-0.0013636816293001175,0.037336032837629318,0.054211784154176712
TB6MS,2015-03-31,-0.098188608884811401,-0.057872168719768524,-0.0054475227370858192,0.031992577016353607,0.043165039271116257
TB6MS,2015-04-30,-0.072073116898536682,-0.047717303037643433,-0.0040216404013335705,0.019933298230171204,0.029859377071261406
TB6MS,2015-05-31,-0.078766569495201111,-0.054815869778394699,-0.0056172991171479225,0.033426146954298019,0.050117257982492447
TB6MS,2015-06-30,-0.068023860454559326,-0.049507606774568558,-0.0042852889746427536,0.026879400014877319,0.0398414246737957
TB6MS,2015-07-31,-0.079271554946899414,-0.040914710611104965,-0.0063212718814611435,0.031946275383234024,0.069197326898574829
TB6MS,2015-08-31,-0.062215343117713928,-0.042102470993995667,-0.00020881695672869682,0.047368288040161133,0.11528607457876205
TB6MS,2015-09-30,-0.079047508537769318,-0.047374263405799866,-0.0024370015598833561,0.041463550180196762,0.080953210592269897
TB6MS,2015-10-31,-0.073379889130592346,-0.044398143887519836,-0.0067039174027740955,0.025476699694991112,0.03340766578912735
TB6MS,2015-11-30,-0.089485853910446167,-0.04151863232254982,-0.0031984234228730202,0.035959750413894653,0.071793131530284882
TB6MS,2015-12-31,-0.10923039168119431,-0.05778985470533371,-0.002941192127764225,0.036377634853124619,0.085203886032104492
TB6MS,2016-01-31,-0.27273648977279663,-0.071360640227794647,-0.0069982646964490414,0.03148944303393364,0.064682424068450928
TB6MS,2016-02-29,-0.065788857638835907,-0.051551386713981628,-0.00030153058469295502,0.053878508508205414,0.1148766502737999
TB6MS,2016-03-31,-0.073525622487068176,-0.048894330859184265,-0.0073277391493320465,0.062376391142606735,0.20378284156322479
TB6MS,2016-04-30,-0.082126468420028687,-0.052818529307842255,-0.0061636557802557945,0.032739613205194473,0.054159265011548996
TB6MS,2016-05-31,-0.10398365557193756,-0.059435933828353882,-0.0013386670034378767,0.044906333088874817,0.090447805821895599
TB6MS,2016-06-30,-0.22376935184001923,-0.10372112691402435,-0.0083158016204833984,0.038612972944974899,0.092430859804153442
TB6MS,2016-07-31,-0.14696803689002991,-0.065735995769500732,-0.0051408931612968445,0.061970684677362442,0.12309037894010544
TB6MS,2016-08-31,-0.11442232131958008,-0.050688236951828003,-0.0033500699792057276,0.05527646467089653,0.15246346592903137
TB6MS,2016-09-30,-0.10184897482395172,-0.058411609381437302,-0.0077086286619305611,0.041459210216999054,0.14210912585258484
TB6SMFFM,2014-10-31,-0.085878513753414154,-0.070289768278598785,-0.043505027890205383,-0.011045511811971664,-0.0032409296836704016
TB6SMFFM,2014-11-30,-0.12148306518793106,-0.080642044544219971,-0.042565032839775085,0.00036153040127828717,0.017507085576653481
TB6SMFFM,2014-12-31,-0.14582431316375732,-0.09129883348941803,-0.038886889815330505,-0.0038425233215093613,0.0089784031733870506
TB6SMFFM,2015-01-31,-0.1943855881690979,-0.11386252194643021,-0.03733082115650177,0.0053776595741510391,0.032104842364788055
TB6SMFFM,2015-02-28,-0.17332841455936432,-0.11438453197479248,-0.035979166626930237,0.0033276111353188753,0.019007844850420952
TB6SMFFM,2015-03-31,-0.34855270385742188,-0.12237594276666641,-0.03862801194190979,0.017230909317731857,0.032165739685297012
TB6SMFFM,2015-04-30,-0.24041303992271423,-0.17472662031650543,-0.047052696347236633,0.031033424660563469,0.05520997941493988
TB6SMFFM,2015-05-31,-0.29450958967208862,-0.14451032876968384,-0.043832302093505859,0.0079249823465943336,0.025929585099220276
TB6SMFFM,2015-06-30,-0.2125580906867981,-0.1536322683095932,-0.054868593811988831,0.016924070194363594,0.031734500080347061
TB6SMFFM,2015-07-31,-0.72541522979736328,-0.24809543788433075,-0.037622377276420593,0.034350380301475525,0.065769121050834656
TB6SMFFM,2015-08-31,-0.78824275732040405,-0.25136378407478333,-0.039414674043655396,0.025954021140933037,0.091666221618652344
TB6SMFFM,2015-09-30,-0.62882941961288452,-0.27821138501167297,-0.039015069603919983,0.038665305823087692,0.092898420989513397
TB6SMFFM,2015-10-31,-0.48066765069961548,-0.26510381698608398,-0.041184023022651672,0.026130745187401772,0.058311372995376587
TB6SMFFM,2015-11-30,-0.3305855393409729,-0.15155787765979767,-0.030702099204063416,0.023487044498324394,0.065257899463176727
TB6SMFFM,2015-12-31,-0.18028511106967926,-0.12297279387712479,-0.037645772099494934,0.037253815680742264,0.075586080551147461
TB6SMFFM,2016-01-31,-0.79704904556274414,-0.42521834373474121,-0.041884928941726685,0.041461195796728134,0.06351739913225174
TB6SMFFM,2016-02-29,-1.3961844444274902,-0.66715842485427856,-0.043162554502487183,0.028394686058163643,0.079837217926979065
TB6SMFFM,2016-03-31,-0.36541429162025452,-0.20214700698852539,-0.051712647080421448,0.018967555835843086,0.048845961689949036
TB6SMFFM,2016-04-30,-0.70659488439559937,-0.425681471824646,-0.047745063900947571,0.026794608682394028,0.053600728511810303
TB6SMFFM,2016-05-31,-1.0434129238128662,-0.55428487062454224,-0.055658102035522461,0.010040842927992344,0.039455380290746689
TB6SMFFM,2016-06-30,-0.48667079210281372,-0.31786268949508667,-0.054476752877235413,0.019847957417368889,0.033075187355279922
TB6SMFFM,2016-07-31,-0.60858583450317383,-0.29690799117088318,-0.050150021910667419,0.025518599897623062,0.066483080387115479
TB6SMFFM,2016-08-31,-0.52499616146087646,-0.29994747042655945,-0.039862900972366333,0.035504616796970367,0.076101914048194885
TB6SMFFM,2016-09-30,-1.3692771196365356,-0.79963666200637817,-0.049002110958099365,0.051483478397130966,0.15067164599895477
TOTRESNS,2014-10-31,-0.019452271983027458,-0.0069766975939273834,0.016897786408662796,0.036329999566078186,0.039774980396032333
TOTRESNS,2014-11-30,-0.036800798028707504,-0.030172595754265785,-0.0085459966212511063,0.018525337800383568,0.026968343183398247
TOTRESNS,2014-12-31,-0.034379508346319199,-0.026935897767543793,-0.0040791565552353859,0.02298087440431118,0.030409727245569229
TOTRESNS,2015-01-31,-0.043553244322538376,-0.029095973819494247,0.0011270891409367323,0.030316174030303955,0.039817608892917633
TOTRESNS,2015-02-28,-0.017907751724123955,-0.0063929739408195019,0.017843395471572876,0.041406232863664627,0.05613987147808075
TOTRESNS,2015-03-31,-0.051913261413574219,-0.039630021899938583,-0.017536800354719162,0.0011600983561947942,0.018981771543622017
TOTRESNS,2015-04-30,-0.040637385100126266,-0.032272785902023315,-0.0060268575325608253,0.021601255983114243,0.036631107330322266
TOTRESNS,2015-05-31,-0.041776895523071289,-0.028783122077584267,-0.005434318445622921,0.022740757092833519,0.028811214491724968
TOTRESNS,2015-06-30,-0.036206826567649841,-0.026569664478302002,0.0060036703944206238,0.033305127173662186,0.047334596514701843
TOTRESNS,2015-07-31,-0.035695306956768036,-0.024160156026482582,0.00098551297560334206,0.027184996753931046,0.03397713229060173
TOTRESNS,2015-08-31,-0.026161657646298409,-0.021125931292772293,0.0062401928007602692,0.03379247710108757,0.039545994251966476
TOTRESNS,2015-09-30,-0.059163279831409454,-0.049618829041719437,-0.02096877247095108,0.010663442313671112,0.021298754960298538
TOTRESNS,2015-10-31,-0.01660262793302536,-0.0082093700766563416,0.01881895400583744,0.04574478417634964,0.057033710181713104
TOTRESNS,2015-11-30,-0.044505782425403595,-0.032727275043725967,-0.0048533356748521328,0.029285410419106483,0.043827392160892487
TOTRESNS,2015-12-31,-0.047185398638248444,-0.032924607396125793,-0.0067848977632820606,0.015972720459103584,0.022212624549865723
TOTRESNS,2016-01-31,-0.038402434438467026,-0.026177648454904556,0.0014656046405434608,0.024040060117840767,0.035452321171760559
TOTRESNS,2016-02-29,-0.026340736076235771,-0.010661694221198559,0.018359113484621048,0.042723231017589569,0.045503921806812286
TOTRESNS,2016-03-31,-0.062061086297035217,-0.05135243758559227,-0.019001971930265427,0.0088686710223555565,0.017056744545698166
TOTRESNS,2016-04-30,-0.043004702776670456,-0.034259550273418427,-0.0028401655144989491,0.024864988401532173,0.032865524291992188
TOTRESNS,2016-05-31,-0.039885111153125763,-0.027965953573584557,0.00080597784835845232,0.026047313585877419,0.03610764816403389
TOTRESNS,2016-06-30,-0.030823666602373123,-0.024018505588173866,0.0050184130668640137,0.037862855941057205,0.04805317148566246
TOTRESNS,2016-07-31,-0.038215525448322296,-0.02663668617606163,0.0050585777498781681,0.035297412425279617,0.039694163948297501
TOTRESNS,2016-08-31,-0.028802908957004547,-0.022951509803533554,0.0036028791218996048,0.032001059502363205,0.04131452739238739
TOTRESNS,2016-09-30,-0.0556778684258461,-0.050548769533634186,-0.021724354475736618,0.017222108319401741,0.032087679952383041
TWEXAFEGSMTHx,2014-10-31,-0.015555625781416893,-0.01108194887638092,0.0071402443572878838,0.025787770748138428,0.029789794236421585
TWEXAFEGSMTHx,2014-11-30,-0.021886050701141357,-0.017666321247816086,0.0018562572076916695,0.024781247600913048,0.030306084081530571
TWEXAFEGSMTHx,2014-12-31,-0.023264972493052483,-0.019148122519254684,0.0018093843245878816,0.019260823726654053,0.025398839265108109
TWEXAFEGSMTHx,2015-01-31,-0.024771399796009064,-0.018016314134001732,-0.0009242874220944941,0.016153490170836449,0.02450883761048317
TWEXAFEGSMTHx,2015-02-28,-0.023544315248727798,-0.017011411488056183,0.0038667211774736643,0.028735876083374023,0.034330986440181732
TWEXAFEGSMTHx,2015-03-31,-0.022223001345992088,-0.018122343346476555,0.00049528817180544138,0.020079698413610458,0.025580856949090958
TWEXAFEGSMTHx,2015-04-30,-0.024317367002367973,-0.019513869658112526,0.001343683572486043,0.021414820104837418,0.027248112484812737
TWEXAFEGSMTHx,2015-05-31,-0.023960908874869347,-0.019052393734455109,8.8032538769766688e-05,0.028798358514904976,0.037344168871641159
TWEXAFEGSMTHx,2015-06-30,-0.021704975515604019,-0.017914136871695518,0.0012427764013409615,0.024345336481928825,0.030989868566393852
TWEXAFEGSMTHx,2015-07-31,-0.033646278083324432,-0.021430240944027901,-0.0010696763638406992,0.018595369532704353,0.021345412358641624
TWEXAFEGSMTHx,2015-08-31,-0.030847858637571335,-0.022058870643377304,-0.001573959132656455,0.017631866037845612,0.021394101902842522
TWEXAFEGSMTHx,2015-09-30,-0.027767397463321686,-0.019611077383160591,-0.00051316199824213982,0.02267373725771904,0.028008777648210526
TWEXAFEGSMTHx,2015-10-31,-0.026518231257796288,-0.019924130290746689,0.00055447634076699615,0.020928239449858665,0.031205855309963226
TWEXAFEGSMTHx,2015-11-30,-0.020864224061369896,-0.015263862907886505,0.0023231441155076027,0.022744696587324142,0.029917232692241669
TWEXAFEGSMTHx,2015-12-31,-0.023943854495882988,-0.019145051017403603,-0.00035175270750187337,0.019161803647875786,0.023841815069317818
TWEXAFEGSMTHx,2016-01-31,-0.025410076603293419,-0.019292272627353668,-0.0010772825917229056,0.016787389293313026,0.024110496044158936
TWEXAFEGSMTHx,2016-02-29,-0.025019410997629166,-0.015268424525856972,0.0015631559072062373,0.01850271038711071,0.02480299212038517
TWEXAFEGSMTHx,2016-03-31,-0.020640455186367035,-0.015823099762201309,0.0032774012070149183,0.017636645585298538,0.026940654963254929
TWEXAFEGSMTHx,2016-04-30,-0.028937067836523056,-0.020200954750180244,-0.0017035112250596285,0.021093757823109627,0.025795198976993561
TWEXAFEGSMTHx,2016-05-31,-0.026163354516029358,-0.020880168303847313,0.0005510318442247808,0.020268866792321205,0.027124837040901184
TWEXAFEGSMTHx,2016-06-30,-0.02101227268576622,-0.015961304306983948,0.0017749039689078927,0.019847042858600616,0.02671302855014801
TWEXAFEGSMTHx,2016-07-31,-0.029159083962440491,-0.021542461588978767,-0.00047674551024101675,0.02118237130343914,0.026676790788769722
TWEXAFEGSMTHx,2016-08-31,-0.028139654546976089,-0.019125970080494881,0.00073511071968823671,0.022763827815651894,0.030066659674048424
TWEXAFEGSMTHx,2016-09-30,-0.020942110568284988,-0.015547010116279125,0.00081032933667302132,0.021028215065598488,0.026336619630455971
UEMP15OV,2014-10-31,-0.070953145623207092,-0.063945703208446503,-0.021359533071517944,0.011884533800184727,0.021395141258835793
UEMP15OV,2014-11-30,-0.073161669075489044,-0.057463798671960831,-0.022173749282956123,0.0088103190064430237,0.020773153752088547
UEMP15OV,2014-12-31,-0.065047234296798706,-0.051581747829914093,-0.015486831776797771,0.020973989740014076,0.03400159627199173
UEMP15OV,2015-01-31,-0.061386249959468842,-0.054817385971546173,-0.011544078588485718,0.025934163480997086,0.045455511659383774
UEMP15OV,2015-02-28,-0.077132143080234528,-0.063216090202331543,-0.015966881066560745,0.023319743573665619,0.044476717710494995
UEMP15OV,2015-03-31,-0.061867933720350266,-0.045072875916957855,-0.0115505401045084,0.030933652073144913,0.047505646944046021
UEMP15OV,2015-04-30,-0.083509556949138641,-0.061996549367904663,-0.01292877271771431,0.043959707021713257,0.0575222447514534
UEMP15OV,2015-05-31,-0.079250387847423553,-0.058598969131708145,-0.011980952695012093,0.042601827532052994,0.067815504968166351
UEMP15OV,2015-06-30,-0.077011600136756897,-0.052194096148014069,-0.010644186288118362,0.046622663736343384,0.076183833181858063
UEMP15OV,2015-07-31,-0.092841871082782745,-0.067696794867515564,-0.0098436204716563225,0.053119596093893051,0.074965134263038635
UEMP15OV,2015-08-31,-0.072700873017311096,-0.06241607666015625,-0.011202014982700348,0.044937063008546829,0.069289162755012512
UEMP15OV,2015-09-30,-0.077295206487178802,-0.060997534543275833,-0.014277911745011806,0.039351720362901688,0.059720944613218307
UEMP15OV,2015-10-31,-0.081278063356876373,-0.053537260740995407,-0.0077192345634102821,0.047892201691865921,0.076859831809997559
UEMP15OV,2015-11-30,-0.06771492213010788,-0.052120137959718704,-0.0055376449599862099,0.056161623448133469,0.067832633852958679
UEMP15OV,2015-12-31,-0.06532210111618042,-0.046626631170511246,-0.0058214780874550343,0.067759864032268524,0.075902268290519714
UEMP15OV,2016-01-31,-0.075457006692886353,-0.060512792319059372,-0.0024003405123949051,0.070258699357509613,0.10352728515863419
UEMP15OV,2016-02-29,-0.049078170210123062,-0.041410632431507111,-0.0015882982406765223,0.066580310463905334,0.10534553974866867
UEMP15OV,2016-03-31,-0.077801764011383057,-0.049865629523992538,-0.011398641392588615,0.027514925226569176,0.067896455526351929
UEMP15OV,2016-04-30,-0.061154641211032867,-0.048182737082242966,-0.0017261680914089084,0.067048773169517517,0.097769759595394135
UEMP15OV,2016-05-31,-0.066047996282577515,-0.055391427129507065,-0.0039922459982335567,0.073838986456394196,0.083142727613449097
UEMP15OV,2016-06-30,-0.063446499407291412,-0.048607662320137024,-0.0050504878163337708,0.074741579592227936,0.086719445884227753
UEMP15OV,2016-07-31,-0.078970015048980713,-0.066557988524436951,-0.010647285729646683,0.053092710673809052,0.0678853839635849
UEMP15OV,2016-08-31,-0.05817180871963501,-0.046773366630077362,-0.0015180637128651142,0.063598394393920898,0.097346164286136627
UEMP15OV,2016-09-30,-0.0640062615275383,-0.055131513625383377,-0.0014293984277173877,0.070365406572818756,0.079438053071498871
UEMP15T26,2014-10-31,-0.13369771838188171,-0.098263837397098541,-0.0020083663985133171,0.065451659262180328,0.099249944090843201
UEMP15T26,2014-11-30,-0.11016521602869034,-0.092358686029911041,-0.0044971094466745853,0.087805233895778656,0.11406875401735306
UEMP15T26,2014-12-31,-0.10196144878864288,-0.089961014688014984,-0.001203515799716115,0.070222049951553345,0.10406015068292618
UEMP15T26,2015-01-31,-0.15763725340366364,-0.10063363611698151,0.015651790425181389,0.090325526893138885,0.12220562994480133
UEMP15T26,2015-02-28,-0.12014138698577881,-0.084764726459980011,0.0038153468631207943,0.078040033578872681,0.12023349106311798
UEMP15T26,2015-03-31,-0.085310719907283783,-0.073468081653118134,0.0014206953346729279,0.084534280002117157,0.11237960308790207
UEMP15T26,2015-04-30,-0.11863420903682709,-0.080116011202335358,0.010035722516477108,0.066879734396934509,0.074605830013751984
UEMP15T26,2015-05-31,-0.1217903271317482,-0.08884555846452713,0.010315057821571827,0.080095551908016205,0.11051300913095474
UEMP15T26,2015-06-30,-0.1280992180109024,-0.09946431964635849,-0.0073813260532915592,0.095768742263317108,0.12620930373668671
UEMP15T26,2015-07-31,-0.11124712973833084,-0.080646723508834839,0.010033031925559044,0.08747640997171402,0.10314489156007767
UEMP15T26,2015-08-31,-0.11886667460203171,-0.10750390589237213,-0.0059452191926538944,0.080082140862941742,0.10631424933671951
UEMP15T26,2015-09-30,-0.1005842536687851,-0.072358325123786926,-0.0016415269346907735,0.08857051283121109,0.11539077758789062
UEMP15T26,2015-10-31,-0.096613615751266479,-0.08303457498550415,0.011325579136610031,0.093572698533535004,0.10334159433841705
UEMP15T26,2015-11-30,-0.14918152987957001,-0.084669239819049835,0.0030835950747132301,0.096385367214679718,0.10856050252914429
UEMP15T26,2015-12-31,-0.099137723445892334,-0.077014058828353882,0.0021026781760156155,0.084868676960468292,0.14200660586357117
UEMP15T26,2016-01-31,-0.11237094551324844,-0.098850168287754059,0.0060865897685289383,0.084755569696426392,0.11295081675052643
UEMP15T26,2016-02-29,-0.1571291983127594,-0.10810930281877518,-0.0039302259683609009,0.093975186347961426,0.11045102030038834
UEMP15T26,2016-03-31,-0.094590075314044952,-0.078743621706962585,-0.0086199082434177399,0.072062656283378601,0.088389888405799866
UEMP15T26,2016-04-30,-0.090723752975463867,-0.070027939975261688,-0.0032020364888012409,0.080266878008842468,0.1074640303850174
UEMP15T26,2016-05-31,-0.12712667882442474,-0.080017268657684326,0.010607166215777397,0.081867307424545288,0.10714053362607956
UEMP15T26,2016-06-30,-0.09354836493730545,-0.067420169711112976,-0.0080312136560678482,0.076690211892127991,0.090312831103801727
UEMP15T26,2016-07-31,-0.11043063551187515,-0.081577956676483154,0.0078402133658528328,0.075880371034145355,0.095239005982875824
UEMP15T26,2016-08-31,-0.1628185510635376,-0.089353971183300018,-0.002178071066737175,0.062575206160545349,0.10001112520694733
UEMP15T26,2016-09-30,-0.10832136124372482,-0.093479573726654053,-0.0056036231108009815,0.080107688903808594,0.10412774980068207
UEMP27OV,2014-10-31,-0.081946685910224915,-0.071955695748329163,-0.028874248266220093,0.039675552397966385,0.057032972574234009
UEMP27OV,2014-11-30,-0.11104843020439148,-0.092430286109447479,-0.041519306600093842,0.018782183527946472,0.047802142798900604
UEMP27OV,2014-12-31,-0.077462829649448395,-0.059461925178766251,-0.018635949119925499,0.048816479742527008,0.060328882187604904
UEMP27OV,2015-01-31,-0.10296734422445297,-0.087103523313999176,-0.026080256327986717,0.040992874652147293,0.054537780582904816
UEMP27OV,2015-02-28,-0.10442214459180832,-0.093555353581905365,-0.031672939658164978,0.039865247905254364,0.065087601542472839
UEMP27OV,2015-03-31,-0.090909473598003387,-0.082234412431716919,-0.0052411798387765884,0.064038291573524475,0.086414769291877747
UEMP27OV,2015-04-30,-0.093664966523647308,-0.082159392535686493,-0.0139502864331007,0.060805425047874451,0.077708117663860321
UEMP27OV,2015-05-31,-0.10675351321697235,-0.092653952538967133,-0.020161189138889313,0.04123905673623085,0.072124026715755463
UEMP27OV,2015-06-30,-0.081934280693531036,-0.071084976196289062,-0.016489762812852859,0.048659056425094604,0.064449973404407501
UEMP27OV,2015-07-31,-0.074648328125476837,-0.067849703133106232,-0.0078641418367624283,0.058934412896633148,0.11287179589271545
UEMP27OV,2015-08-31,-0.093117259442806244,-0.068147674202919006,-0.013275452889502048,0.069723367691040039,0.083057299256324768
UEMP27OV,2015-09-30,-0.11543892323970795,-0.064926169812679291,-0.0087509984150528908,0.086617924273014069,0.12355190515518188
UEMP27OV,2015-10-31,-0.11320483684539795,-0.09228380024433136,-0.024927368387579918,0.054559335112571716,0.074552766978740692
UEMP27OV,2015-11-30,-0.081208251416683197,-0.066957391798496246,-0.0047789337113499641,0.073212340474128723,0.099677816033363342
UEMP27OV,2015-12-31,-0.087635964155197144,-0.077784426510334015,-0.0094754770398139954,0.071654863655567169,0.1002698689699173
UEMP27OV,2016-01-31,-0.083510920405387878,-0.069844625890254974,-0.013225303962826729,0.074282519519329071,0.091880060732364655
UEMP27OV,2016-02-29,-0.10294891893863678,-0.073113948106765747,-0.0029623995069414377,0.068714581429958344,0.11329618096351624
UEMP27OV,2016-03-31,-0.10078109055757523,-0.075309783220291138,0.0018062854651361704,0.073952630162239075,0.11207769811153412
UEMP27OV,2016-04-30,-0.12268535047769547,-0.09107411652803421,-0.007919633761048317,0.056317713111639023,0.085113897919654846
UEMP27OV,2016-05-31,-0.075161859393119812,-0.069350771605968475,-0.0095513556152582169,0.083466358482837677,0.108778215944767
UEMP27OV,2016-06-30,-0.079012289643287659,-0.062409162521362305,-0.0069264061748981476,0.084636270999908447,0.10300282388925552
UEMP27OV,2016-07-31,-0.10716737806797028,-0.090429030358791351,-0.012572893872857094,0.071442827582359314,0.094821333885192871
UEMP27OV,2016-08-31,-0.085431970655918121,-0.061042778193950653,-0.0010809239465743303,0.091400332748889923,0.11252797394990921
UEMP27OV,2016-09-30,-0.077402956783771515,-0.065996162593364716,0.00057619652943685651,0.076895691454410553,0.092398971319198608
UEMP5TO14,2014-10-31,-0.085294298827648163,-0.074714086949825287,-0.024031396955251694,0.039003144949674606,0.058361131697893143
UEMP5TO14,2014-11-30,-0.085584469139575958,-0.061159368604421616,-0.002841264009475708,0.060552574694156647,0.079889886081218719
UEMP5TO14,2014-12-31,-0.078927330672740936,-0.065029196441173553,-0.0027022175490856171,0.05446312204003334,0.089795991778373718
UEMP5TO14,2015-01-31,-0.077486209571361542,-0.047217626124620438,0.0041618356481194496,0.059667579829692841,0.081807024776935577
UEMP5TO14,2015-02-28,-0.074075609445571899,-0.053492292761802673,0.0082247965037822723,0.067926637828350067,0.087433315813541412
UEMP5TO14,2015-03-31,-0.071098171174526215,-0.056471262127161026,0.0011580195277929306,0.061036311089992523,0.080760635435581207
UEMP5TO14,2015-04-30,-0.071333080530166626,-0.060370974242687225,-8.0268713645637035e-05,0.082365475594997406,0.097951695322990417
UEMP5TO14,2015-05-31,-0.08842960000038147,-0.060100782662630081,0.0022175342310220003,0.070794560015201569,0.093544982373714447
UEMP5TO14,2015-06-30,-0.080213248729705811,-0.060944158583879471,0.0073875868692994118,0.075205974280834198,0.10298573970794678
UEMP5TO14,2015-07-31,-0.079928368330001831,-0.062666453421115875,0.0021209851838648319,0.064676620066165924,0.087687700986862183
UEMP5TO14,2015-08-31,-0.078445993363857269,-0.06469426304101944,0.0050838221795856953,0.066729173064231873,0.079384967684745789
UEMP5TO14,2015-09-30,-0.085892125964164734,-0.06860671192407608,-0.0060377819463610649,0.054640334099531174,0.069425866007804871
UEMP5TO14,2015-10-31,-0.071113802492618561,-0.056774832308292389,0.00921657495200634,0.06669241189956665,0.079474113881587982
UEMP5TO14,2015-11-30,-0.078732304275035858,-0.059840776026248932,0.00095259514637291431,0.077395029366016388,0.11023420095443726
UEMP5TO14,2015-12-31,-0.074682682752609253,-0.063390590250492096,0.0054019014351069927,0.077412940561771393,0.092154338955879211
UEMP5TO14,2016-01-31,-0.087630122900009155,-0.072508662939071655,0.0082165133208036423,0.054576721042394638,0.073186039924621582
UEMP5TO14,2016-02-29,-0.079269871115684509,-0.059308324009180069,-0.0050604073330760002,0.064500369131565094,0.079823337495326996
UEMP5TO14,2016-03-31,-0.071801126003265381,-0.054867491126060486,-0.00077400705777108669,0.060303136706352234,0.081392638385295868
UEMP5TO14,2016-04-30,-0.078100547194480896,-0.064489848911762238,0.00034718576353043318,0.058767940849065781,0.074420928955078125
UEMP5TO14,2016-05-31,-0.083828352391719818,-0.0658421590924263,0.0081757856532931328,0.071409493684768677,0.10728537291288376
UEMP5TO14,2016-06-30,-0.08919341117143631,-0.072128772735595703,-0.0048706009984016418,0.069012850522994995,0.088912516832351685
UEMP5TO14,2016-07-31,-0.074471689760684967,-0.061838187277317047,0.0021133818663656712,0.068842843174934387,0.091104932129383087
UEMP5TO14,2016-08-31,-0.087596915662288666,-0.06418202817440033,0.00049535982543602586,0.065391875803470612,0.09620378166437149
UEMP5TO14,2016-09-30,-0.084486335515975952,-0.06126558780670166,-0.002760646864771843,0.063746914267539978,0.10220205783843994
UEMPLT5,2014-10-31,-0.033279091119766235,-0.019375650212168694,0.042580358684062958,0.089876346290111542,0.10054805874824524
UEMPLT5,2014-11-30,-0.1067507192492485,-0.088752895593643188,-0.0091572199016809464,0.055987834930419922,0.083256565034389496
UEMPLT5,2014-12-31,-0.076611429452896118,-0.051683593541383743,0.0027703172527253628,0.080926917493343353,0.096096061170101166
UEMPLT5,2015-01-31,-0.086648747324943542,-0.055756881833076477,0.0045747319236397743,0.065482549369335175,0.091930724680423737
UEMPLT5,2015-02-28,-0.12143039703369141,-0.079790651798248291,-0.0075313616544008255,0.065065689384937286,0.084274575114250183
UEMPLT5,2015-03-31,-0.083135999739170074,-0.055539269000291824,0.010745584033429623,0.075585596263408661,0.090346395969390869
UEMPLT5,2015-04-30,-0.11609115451574326,-0.096928834915161133,-0.022859316319227219,0.046541508287191391,0.060375172644853592
UEMPLT5,2015-05-31,-0.091330327093601227,-0.073359027504920959,0.0037269406020641327,0.061621259897947311,0.090916812419891357
UEMPLT5,2015-06-30,-0.083302438259124756,-0.055877827107906342,0.0018686132971197367,0.06592298299074173,0.12266000360250473
UEMPLT5,2015-07-31,-0.075958095490932465,-0.067151248455047607,-0.0062227789312601089,0.05637652799487114,0.083615116775035858
UEMPLT5,2015-08-31,-0.069497361779212952,-0.051648922264575958,0.009366227313876152,0.076945893466472626,0.10386106371879578
UEMPLT5,2015-09-30,-0.089536257088184357,-0.08019440621137619,-0.020427245646715164,0.044156625866889954,0.058046113699674606
UEMPLT5,2015-10-31,-0.083916492760181427,-0.06135345995426178,0.0088265296071767807,0.066955290734767914,0.083769872784614563
UEMPLT5,2015-11-30,-0.10739733278751373,-0.091257713735103607,-0.0022943168878555298,0.058586675673723221,0.096794001758098602
UEMPLT5,2015-12-31,-0.070752941071987152,-0.059339374303817749,0.012375637888908386,0.0767340287566185,0.10178037732839584
UEMPLT5,2016-01-31,-0.079574927687644958,-0.053373202681541443,0.0029804294463247061,0.069812186062335968,0.079701393842697144
UEMPLT5,2016-02-29,-0.086483538150787354,-0.065326154232025146,-0.0061281239613890648,0.053184438496828079,0.075845994055271149
UEMPLT5,2016-03-31,-0.08050159364938736,-0.059948328882455826,0.0054333116859197617,0.06205497682094574,0.083387516438961029
UEMPLT5,2016-04-30,-0.086701244115829468,-0.071605578064918518,-0.0091969873756170273,0.070037573575973511,0.10366564244031906
UEMPLT5,2016-05-31,-0.069347307085990906,-0.050442840903997421,0.011124373413622379,0.069992035627365112,0.095692850649356842
UEMPLT5,2016-06-30,-0.094059795141220093,-0.074979484081268311,-0.011212156154215336,0.062891483306884766,0.080626711249351501
UEMPLT5,2016-07-31,-0.10013993084430695,-0.079600907862186432,-0.0079528838396072388,0.073615036904811859,0.082929231226444244
UEMPLT5,2016-08-31,-0.10828077048063278,-0.074197210371494293,0.0050334548577666283,0.082340218126773834,0.10532298684120178
UEMPLT5,2016-09-30,-0.086921155452728271,-0.070193424820899963,-0.010957730934023857,0.040702443569898605,0.060267701745033264
UEMPMEAN,2014-10-31,-1.3828796148300171,-1.2340157032012939,-0.29822248220443726,0.59336197376251221,1.0599526166915894
UEMPMEAN,2014-11-30,-1.7263854742050171,-1.3916518688201904,-0.30734989047050476,0.84480881690979004,1.089375376701355
UEMPMEAN,2014-12-31,-1.4294869899749756,-1.1396067142486572,-0.19851486384868622,1.0070569515228271,1.2763694524765015
UEMPMEAN,2015-01-31,-1.4009912014007568,-0.98301488161087036,-0.20555515587329865,1.0212175846099854,1.2717142105102539
UEMPMEAN,2015-02-28,-1.1973069906234741,-1.0351778268814087,-0.029535252600908279,1.0537363290786743,1.444250226020813
UEMPMEAN,2015-03-31,-1.3592687845230103,-1.0134603977203369,-0.15526854991912842,0.8002132773399353,1.2899148464202881
UEMPMEAN,2015-04-30,-1.077118992805481,-0.83305978775024414,0.034869559109210968,0.99977344274520874,1.2716927528381348
UEMPMEAN,2015-05-31,-1.515500545501709,-1.2413629293441772,-0.20837041735649109,0.86346405744552612,1.1847993135452271
UEMPMEAN,2015-06-30,-1.367138147354126,-1.1429198980331421,-0.0042775385081768036,1.1026811599731445,1.3494322299957275
UEMPMEAN,2015-07-31,-1.5719565153121948,-1.1410433053970337,-0.10363548994064331,0.80244714021682739,1.078835129737854
UEMPMEAN,2015-08-31,-1.3877043724060059,-1.0186153650283813,-0.18046756088733673,0.98216211795806885,1.2599185705184937
UEMPMEAN,2015-09-30,-1.1455518007278442,-0.8099370002746582,0.096676915884017944,1.1945651769638062,1.5461443662643433
UEMPMEAN,2015-10-31,-1.3665269613265991,-1.0498344898223877,0.0021308586001396179,0.93897742033004761,1.1012630462646484
UEMPMEAN,2015-11-30,-1.1880348920822144,-0.96155631542205811,0.050092756748199463,0.93989497423171997,1.1698085069656372
UEMPMEAN,2015-12-31,-0.95074087381362915,-0.82575082778930664,-0.0043038967996835709,0.9621124267578125,1.3026655912399292
UEMPMEAN,2016-01-31,-1.4113608598709106,-1.162822961807251,0.09463905543088913,1.0827972888946533,1.2095334529876709
UEMPMEAN,2016-02-29,-1.3874948024749756,-1.1678618192672729,0.099279686808586121,0.99572736024856567,1.2273232936859131
UEMPMEAN,2016-03-31,-1.2939159870147705,-0.82128089666366577,0.0024967081844806671,1.1224346160888672,1.3963004350662231
UEMPMEAN,2016-04-30,-1.4191594123840332,-1.1291848421096802,-0.0073151383548974991,1.1469330787658691,1.3749039173126221
UEMPMEAN,2016-05-31,-1.1274185180664062,-0.98046416044235229,0.099026381969451904,1.2419881820678711,1.6046212911605835
UEMPMEAN,2016-06-30,-1.3955185413360596,-1.0378568172454834,-0.031516365706920624,1.3010532855987549,1.6591349840164185
UEMPMEAN,2016-07-31,-1.3108429908752441,-0.84525471925735474,0.11791478842496872,1.0779346227645874,1.469667911529541
UEMPMEAN,2016-08-31,-1.4913299083709717,-1.0725915431976318,-0.040600217878818512,1.1698446273803711,1.4929567575454712
UEMPMEAN,2016-09-30,-1.1933932304382324,-1.1225539445877075,-0.099966265261173248,1.0731345415115356,1.5431021451950073
UMCSENTx,2014-10-31,-5.6432685852050781,-4.840888500213623,-0.42207890748977661,3.3076441287994385,5.1219453811645508
UMCSENTx,2014-11-30,-5.0578875541687012,-4.5716843605041504,0.61694401502609253,5.3978304862976074,6.3320770263671875
UMCSENTx,2014-12-31,-5.5781435966491699,-4.8347516059875488,-0.54897880554199219,3.621206521987915,4.6236791610717773
UMCSENTx,2015-01-31,-5.418067455291748,-3.9127078056335449,0.45922648906707764,5.6495146751403809,6.4854555130004883
UMCSENTx,2015-02-28,-5.1506810188293457,-3.9982962608337402,-0.16623315215110779,3.558762788772583,5.1808981895446777
UMCSENTx,2015-03-31,-6.1945137977600098,-4.6175975799560547,0.081405714154243469,4.9428157806396484,6.6952047348022461
UMCSENTx,2015-04-30,-5.255678653717041,-4.0597152709960938,0.053834214806556702,4.2820286750793457,4.9515771865844727
UMCSENTx,2015-05-31,-6.029815673828125,-4.5295810699462891,0.30184406042098999,4.8786230087280273,6.5656886100769043
UMCSENTx,2015-06-30,-5.5750155448913574,-4.0402908325195312,-0.11215190589427948,5.6501860618591309,6.7464966773986816
UMCSENTx,2015-07-31,-5.2214756011962891,-4.4380135536193848,-0.41525453329086304,3.4747521877288818,4.7192864418029785
UMCSENTx,2015-08-31,-4.8623857498168945,-4.1070809364318848,-0.016324367374181747,4.7497396469116211,5.7275495529174805
UMCSENTx,2015-09-30,-4.9550375938415527,-4.0913248062133789,-0.23265273869037628,3.8985245227813721,5.7988758087158203
UMCSENTx,2015-10-31,-5.079249382019043,-4.3359851837158203,-0.11290653049945831,3.7085864543914795,5.6332674026489258
UMCSENTx,2015-11-30,-6.5151886940002441,-3.1253654956817627,0.43984699249267578,4.2454028129577637,5.2283248901367188
UMCSENTx,2015-12-31,-5.4882512092590332,-4.3269248008728027,-0.10276129096746445,4.3089919090270996,5.1104412078857422
UMCSENTx,2016-01-31,-6.1898503303527832,-4.5158863067626953,0.40731048583984375,4.7184286117553711,6.2267360687255859
UMCSENTx,2016-02-29,-4.4619717597961426,-3.8505218029022217,-0.36243981122970581,3.4160988330841064,3.9554345607757568
UMCSENTx,2016-03-31,-7.7904191017150879,-6.4091153144836426,0.17006230354309082,4.6088628768920898,6.6056785583496094
UMCSENTx,2016-04-30,-5.8797688484191895,-4.8584084510803223,0.67958235740661621,4.2943716049194336,6.7311563491821289
UMCSENTx,2016-05-31,-6.0588321685791016,-4.1650185585021973,0.20803225040435791,4.677635669708252,5.8949432373046875
UMCSENTx,2016-06-30,-5.7270188331604004,-4.3396153450012207,0.41161483526229858,4.1863751411437988,6.0987529754638672
UMCSENTx,2016-07-31,-5.8253827095031738,-4.2704401016235352,0.18504932522773743,4.5305218696594238,5.7926445007324219
UMCSENTx,2016-08-31,-6.3128037452697754,-4.3670244216918945,0.59826385974884033,4.6189107894897461,6.7111191749572754
UMCSENTx,2016-09-30,-6.3159217834472656,-4.2674827575683594,-0.55623114109039307,3.5891728401184082,6.0341582298278809
UNRATE,2014-10-31,-0.30390164256095886,-0.20046576857566833,-0.00083321076817810535,0.19605033099651337,0.20079082250595093
UNRATE,2014-11-30,-0.29627811908721924,-0.20308834314346313,-0.0031443536281585693,0.19748488068580627,0.24435271322727203
UNRATE,2014-12-31,-0.30182695388793945,-0.20346470177173615,-0.0032876878976821899,0.19310283660888672,0.20234464108943939
UNRATE,2015-01-31,-0.30310657620429993,-0.28853124380111694,-0.0049682268872857094,0.11084125936031342,0.19623047113418579
UNRATE,2015-02-28,-0.29802033305168152,-0.22795271873474121,-0.0005806642584502697,0.19483932852745056,0.20197910070419312
UNRATE,2015-03-31,-0.30537596344947815,-0.29369482398033142,-0.0013197023654356599,0.20013423264026642,0.29527187347412109
UNRATE,2015-04-30,-0.30170491337776184,-0.20340552926063538,-0.0016286511672660708,0.19553740322589874,0.20027036964893341
UNRATE,2015-05-31,-0.32033270597457886,-0.20442661643028259,-0.0020942054688930511,0.19589228928089142,0.29686486721038818
UNRATE,2015-06-30,-0.30812332034111023,-0.29914873838424683,-0.0031693933997303247,0.19733750820159912,0.29385900497436523
UNRATE,2015-07-31,-0.30332678556442261,-0.29938462376594543,-0.0035629263147711754,0.19533707201480865,0.29490017890930176
UNRATE,2015-08-31,-0.35061845183372498,-0.30013296008110046,-0.0015769223682582378,0.19396933913230896,0.20364050567150116
UNRATE,2015-09-30,-0.2960430383682251,-0.2031092494726181,-0.0013992154272273183,0.29885897040367126,0.40064248442649841
UNRATE,2015-10-31,-0.30119401216506958,-0.2454448938369751,-0.0016298994887620211,0.20166151225566864,0.29495280981063843
UNRATE,2015-11-30,-0.2995980978012085,-0.20270729064941406,-0.0025648842565715313,0.19273914396762848,0.2599312961101532
UNRATE,2015-12-31,-0.30025020241737366,-0.20042026042938232,-0.0020869439467787743,0.29185965657234192,0.34743231534957886
UNRATE,2016-01-31,-0.303068608045578,-0.24792273342609406,-0.030131138861179352,0.1982208788394928,0.2595570981502533
UNRATE,2016-02-29,-0.3002132773399353,-0.20752331614494324,-0.0035697696730494499,0.19569364190101624,0.2085004597902298
UNRATE,2016-03-31,-0.29793766140937805,-0.20125682651996613,0.0011042073601856828,0.20879350602626801,0.32513025403022766
UNRATE,2016-04-30,-0.29533550143241882,-0.20072788000106812,-0.00028022253536619246,0.20295093953609467,0.30272328853607178
UNRATE,2016-05-31,-0.30224543809890747,-0.29545044898986816,-0.00057650345843285322,0.19803547859191895,0.20108187198638916
UNRATE,2016-06-30,-0.30086764693260193,-0.1991635262966156,-0.0010059534106403589,0.20083929598331451,0.29177838563919067
UNRATE,2016-07-31,-0.30074229836463928,-0.19912703335285187,7.748205098323524e-05,0.19980011880397797,0.30069085955619812
UNRATE,2016-08-31,-0.29990488290786743,-0.20210529863834381,-0.00077892944682389498,0.20235081017017365,0.29692408442497253
UNRATE,2016-09-30,-0.36886587738990784,-0.23316472768783569,-0.0014046500436961651,0.19726783037185669,0.29721468687057495
USCONS,2014-10-31,0.0012072043027728796,0.0017902133986353874,0.0049507925286889076,0.0077601498924195766,0.0084292907267808914
USCONS,2014-11-30,0.0010599478846415877,0.0017067021690309048,0.0043142028152942657,0.0075218020938336849,0.00830108392983675
USCONS,2014-12-31,-0.0025449984241276979,0.00077020382741466165,0.0039959070272743702,0.006645851768553257,0.0071996175684034824
USCONS,2015-01-31,-0.0019190722377970815,-0.00029914133483543992,0.0041871676221489906,0.0076844845898449421,0.0087411357089877129
USCONS,2015-02-28,-0.0040702288970351219,-0.0018108692020177841,0.0038547334261238575,0.0069329976104199886,0.0076644816435873508
USCONS,2015-03-31,-0.0026498287916183472,-0.00026454791077412665,0.00439497921615839,0.0074376566335558891,0.0089631648734211922
USCONS,2015-04-30,-0.0047530741430819035,-0.0011256943689659238,0.0038457443006336689,0.0069734323769807816,0.0085580619052052498
USCONS,2015-05-31,-0.0034049444366246462,-0.0018022186122834682,0.0036916946992278099,0.007638140581548214,0.0088791223242878914
USCONS,2015-06-30,-0.0037802935112267733,-0.00083755375817418098,0.0041602826677262783,0.0078554600477218628,0.009500834159553051
USCONS,2015-07-31,-0.00235899374820292,-0.00066636077826842666,0.0037182401865720749,0.0075661283917725086,0.0094391768798232079
USCONS,2015-08-31,-0.0026633304078131914,-0.00063946377485990524,0.0044125979766249657,0.0081532355397939682,0.0092104543000459671
USCONS,2015-09-30,-0.0045426273718476295,-0.0011418720241636038,0.0032956027425825596,0.0074553070589900017,0.0080142123624682426
USCONS,2015-10-31,-0.0043231737799942493,-0.0017582284053787589,0.003172469325363636,0.006787426769733429,0.0075408294796943665
USCONS,2015-11-30,-0.010066191665828228,-0.00558081129565835,0.0031218742951750755,0.0071026408113539219,0.0097673917189240456
USCONS,2015-12-31,-0.0057412046007812023,-0.0035141829866915941,0.0033731076400727034,0.0081711886450648308,0.0088772885501384735
USCONS,2016-01-31,-0.0091128265485167503,-0.0047579556703567505,0.0025684635620564222,0.0080147469416260719,0.0091393915936350822
USCONS,2016-02-29,-0.0067383120767772198,-0.0024634783621877432,0.0035584610886871815,0.0071614929474890232,0.0080904504284262657
USCONS,2016-03-31,-0.0072079976089298725,-0.0030206695664674044,0.0035809674300253391,0.0072221774607896805,0.009241604246199131
USCONS,2016-04-30,-0.0043167429976165295,-0.0013586792629212141,0.0032326509244740009,0.0080426977947354317,0.0094106234610080719
USCONS,2016-05-31,-0.0052455933764576912,-0.0023642766755074263,0.0037712818011641502,0.0085628079250454903,0.010451211594045162
USCONS,2016-06-30,-0.0084192743524909019,-0.0057583958841860294,0.0028658355586230755,0.0078450087457895279,0.0093786660581827164
USCONS,2016-07-31,-0.0087789241224527359,-0.0065026832744479179,0.0029296122957020998,0.0074132722802460194,0.0099863018840551376
USCONS,2016-08-31,-0.0080767497420310974,-0.0050714141689240932,0.0030138534493744373,0.0075396522879600525,0.0083279944956302643
USCONS,2016-09-30,-0.0081670964136719704,-0.0059009040705859661,0.0022436531726270914,0.0078142806887626648,0.0087932031601667404
USFIRE,2014-10-31,-0.001009910018183291,-0.00048624080955050886,0.0016274020308628678,0.0029339503962546587,0.0033067509066313505
USFIRE,2014-11-30,-0.00086308503523468971,-0.00055322528351098299,0.0015108480583876371,0.0029770212713629007,0.0038656147662550211
USFIRE,2014-12-31,-0.0012092143297195435,-0.00097966054454445839,0.0013878557365387678,0.0029751409310847521,0.0035634271334856749
USFIRE,2015-01-31,-0.00097869732417166233,-1.091954891307978e-05,0.0015045785112306476,0.0035689545329660177,0.0039992318488657475
USFIRE,2015-02-28,-0.0010871117701753974,-0.00067486253101378679,0.0012323299888521433,0.0029841784853488207,0.003507101209834218
USFIRE,2015-03-31,-0.00096816022414714098,-0.00065545144025236368,0.0014979072147980332,0.0032365634106099606,0.0038533315528184175
USFIRE,2015-04-30,-0.0013027482200413942,-0.00059785065241158009,0.0014193776296451688,0.0039034460205584764,0.0041295196861028671
USFIRE,2015-05-31,-0.0011157665867358446,-0.00050806062063202262,0.0013701256830245256,0.0034529613330960274,0.0039302506484091282
USFIRE,2015-06-30,-0.0016219505341723561,-0.00065029476536437869,0.001332324231043458,0.0035570797044783831,0.0039578708820044994
USFIRE,2015-07-31,-0.0014766952954232693,-0.00075964001007378101,0.0013496530009433627,0.0037259806413203478,0.0042166616767644882
USFIRE,2015-08-31,-0.0018136434955522418,-0.00096350233070552349,0.0011681790929287672,0.0033324367832392454,0.0037545638624578714
USFIRE,2015-09-30,-0.0019257937092334032,-0.0014748128596693277,0.00094507366884499788,0.0029517237562686205,0.0034958350006490946
USFIRE,2015-10-31,-0.0014322784263640642,-0.00093080697115510702,0.001377434004098177,0.0034722958225756884,0.0040878714062273502
USFIRE,2015-11-30,-0.0016565609257668257,-0.00074190931627526879,0.0012701970990747213,0.0032376961316913366,0.0036978437565267086
USFIRE,2015-12-31,-0.0014835279434919357,-0.0010262624127790332,0.0010260208509862423,0.0034453216940164566,0.0038755859714001417
USFIRE,2016-01-31,-0.0015595685690641403,-0.0012985595967620611,0.001399116707034409,0.0041050896979868412,0.0045715817250311375
USFIRE,2016-02-29,-0.001722133019939065,-0.00094492913922294974,0.0011736336164176464,0.0035670055076479912,0.0040075569413602352
USFIRE,2016-03-31,-0.0018895526882261038,-0.0010990999871864915,0.0009460194269195199,0.0029549540486186743,0.00358986621722579
USFIRE,2016-04-30,-0.0018785578431561589,-0.0012752220500260592,0.0012645770329982042,0.0036708144471049309,0.0043063671328127384
USFIRE,2016-05-31,-0.0015992150874808431,-0.0011054736096411943,0.0011424508411437273,0.0035687454510480165,0.0043299421668052673
USFIRE,2016-06-30,-0.0023936270736157894,-0.0018927449127659202,0.0012839054688811302,0.0035890501458197832,0.0045728837139904499
USFIRE,2016-07-31,-0.0014611496590077877,-0.0010343187022954226,0.0011558826081454754,0.0034384275786578655,0.0037505815271288157
USFIRE,2016-08-31,-0.0014164302265271544,-0.0010908880503848195,0.0012089445954188704,0.0033739381469786167,0.0040306532755494118
USFIRE,2016-09-30,-0.0013147250283509493,-0.00097913353238254786,0.0011658364674076438,0.0032036127522587776,0.0045088259503245354
USGOOD,2014-10-31,-0.00053116446360945702,0.0003804108127951622,0.0022262786515057087,0.0041412319988012314,0.0049091833643615246
USGOOD,2014-11-30,-0.0005538762197829783,0.00010653908248059452,0.002306484617292881,0.003844675375148654,0.0041059576906263828
USGOOD,2014-12-31,-0.00022547945263795555,0.00071827467763796449,0.0023193631786853075,0.0046715433709323406,0.0053516100160777569
USGOOD,2015-01-31,-0.00066657213028520346,-3.3115013593487674e-06,0.0019692389760166407,0.0044011231511831284,0.0049635972827672958
USGOOD,2015-02-28,-0.0014825691469013691,-0.0004300303990021348,0.0020405459217727184,0.0039356658235192299,0.0043687163852155209
USGOOD,2015-03-31,-0.0011028660228475928,-0.00035713284160010517,0.0019000162137672305,0.0039894371293485165,0.0042867106385529041
USGOOD,2015-04-30,-0.0034336564131081104,-0.0016057936009019613,0.0016356094274669886,0.0039686495438218117,0.0044289557263255119
USGOOD,2015-05-31,-0.0027272701263427734,-0.0010470073902979493,0.0019031356787309051,0.0036843752022832632,0.0042165275663137436
USGOOD,2015-06-30,-0.0033592425752431154,-0.0010623488342389464,0.0018159426981583238,0.0040098964236676693,0.0045625925995409489
USGOOD,2015-07-31,-0.0017385861137881875,-0.0008889109012670815,0.0015774804633110762,0.0043397801928222179,0.0047828368842601776
USGOOD,2015-08-31,-0.0045517957769334316,-0.0015928944339975715,0.001294709974899888,0.0039382511749863625,0.0046074003912508488
USGOOD,2015-09-30,-0.0047823279164731503,-0.0022776906844228506,0.0018478259444236755,0.0038239262066781521,0.0044885440729558468
USGOOD,2015-10-31,-0.0031637535430490971,-0.0013343135360628366,0.0019423859193921089,0.0041792881675064564,0.0052861846052110195
USGOOD,2015-11-30,-0.0057586603797972202,-0.0017173717496916652,0.0015763321425765753,0.0036662747152149677,0.004608015064150095
USGOOD,2015-12-31,-0.005123356357216835,-0.0023121628910303116,0.0011878639925271273,0.0040448340587317944,0.0043178321793675423
USGOOD,2016-01-31,-0.006292424164712429,-0.0021286793053150177,0.0012037473497912288,0.0038427086547017097,0.0046783587895333767
USGOOD,2016-02-29,-0.0055677942000329494,-0.0023387602996081114,0.0014150213683024049,0.0038971039466559887,0.0048838136717677116
USGOOD,2016-03-31,-0.0052636871114373207,-0.0020570168271660805,0.0014223086182028055,0.0042025968432426453,0.0046536740846931934
USGOOD,2016-04-30,-0.007157275453209877,-0.0043886909261345863,0.0010100326035171747,0.0045665223151445389,0.0056753107346594334
USGOOD,2016-05-31,-0.007930501364171505,-0.0042500495910644531,0.00095833063824102283,0.00397852947935462,0.0048746545799076557
USGOOD,2016-06-30,-0.0086104171350598335,-0.0066618947312235832,0.0011858099605888128,0.0039963144809007645,0.0046878033317625523
USGOOD,2016-07-31,-0.00827744510024786,-0.0050841956399381161,0.0013331752270460129,0.0039864303544163704,0.0058531505055725574
USGOOD,2016-08-31,-0.007777203805744648,-0.0052077164873480797,0.00089439650764688849,0.0040811584331095219,0.0049395398236811161
USGOOD,2016-09-30,-0.0076704067178070545,-0.0036138608120381832,0.0013246908783912659,0.0041710603982210159,0.005516179371625185
USGOVT,2014-10-31,-0.0014307711971923709,-0.0012212374713271856,0.00079278281191363931,0.0027531608939170837,0.0033237366005778313
USGOVT,2014-11-30,-0.0020534575451165438,-0.0012904064496979117,0.00065228162566199899,0.0025422598700970411,0.0033204413484781981
USGOVT,2014-12-31,-0.001762378728017211,-0.0014052469050511718,0.00040123166400007904,0.0022651746403425932,0.0029015336185693741
USGOVT,2015-01-31,-0.0024596787989139557,-0.0015257187187671661,0.00049758347449824214,0.0024486677721142769,0.003098413348197937
USGOVT,2015-02-28,-0.0023964408319443464,-0.0014716344885528088,0.00060884287813678384,0.0029255957342684269,0.00335730891674757
USGOVT,2015-03-31,-0.0018830744083970785,-0.0014036163920536637,0.0005510945338755846,0.0026675520930439234,0.003081717062741518
USGOVT,2015-04-30,-0.0017465734854340553,-0.0010720544960349798,0.00090248341439291835,0.0031403647735714912,0.0036537402775138617
USGOVT,2015-05-31,-0.0018705263501033187,-0.001448945258744061,0.00073381734546273947,0.0023044261615723372,0.0029689804650843143
USGOVT,2015-06-30,-0.0024148193188011646,-0.0018906354671344161,0.00084285251796245575,0.0028697510715574026,0.0032659375574439764
USGOVT,2015-07-31,-0.0019750164356082678,-0.001629504025913775,0.00048182861064560711,0.0021905119065195322,0.0025793127715587616
USGOVT,2015-08-31,-0.0028331144712865353,-0.0020909537561237812,4.2744213715195656e-05,0.0024826640728861094,0.0033192823175340891
USGOVT,2015-09-30,-0.0023644180037081242,-0.0018399078398942947,5.1621929742395878e-05,0.002159676281735301,0.0030512034427374601
USGOVT,2015-10-31,-0.0020614136010408401,-0.0014705872163176537,0.0008882647380232811,0.0031305104494094849,0.0034115221351385117
USGOVT,2015-11-30,-0.0028073356952518225,-0.0019594323821365833,0.00038176553789526224,0.0021847102325409651,0.0029553011991083622
USGOVT,2015-12-31,-0.0022664892021566629,-0.001728843548335135,0.00018780271057039499,0.0022693488281220198,0.0028845872730016708
USGOVT,2016-01-31,-0.0024739576037973166,-0.0015743335243314505,0.00063696398865431547,0.0023431400768458843,0.0034292691852897406
USGOVT,2016-02-29,-0.0029204282909631729,-0.0022062682546675205,1.216208329424262e-05,0.0023056319914758205,0.0031837860587984324
USGOVT,2016-03-31,-0.0027230153791606426,-0.0021549828816205263,-7.9843448475003242e-05,0.0017653368413448334,0.0028528028633445501
USGOVT,2016-04-30,-0.0020739673636853695,-0.0014076621737331152,0.00075175205711275339,0.0034601043444126844,0.0036640246398746967
USGOVT,2016-05-31,-0.0022231827024370432,-0.0018615716835483909,0.00050699553685262799,0.0021266716066747904,0.0029432422015815973
USGOVT,2016-06-30,-0.0029492953326553106,-0.0025055045261979103,-9.0126413851976395e-06,0.002257899846881628,0.0027143440674990416
USGOVT,2016-07-31,-0.0029263137839734554,-0.0021318676881492138,0.00038843238144181669,0.0028374837711453438,0.0032086977735161781
USGOVT,2016-08-31,-0.0017784292576834559,-0.0015205830568447709,0.00038618771941401064,0.00258791190572083,0.003144062589854002
USGOVT,2016-09-30,-0.0027054341044276953,-0.0021604103967547417,-0.00010237464448437095,0.0023421766236424446,0.0028970371931791306
USTPU,2014-10-31,-0.00051836762577295303,-0.00029280607122927904,0.0015252813464030623,0.0031344012822955847,0.0036997080314904451
USTPU,2014-11-30,-0.00053881749045103788,-5.9869686083402485e-05,0.0013919309712946415,0.0033939131535589695,0.0037111518904566765
USTPU,2014-12-31,-0.0008804412791505456,-0.00021984872000757605,0.0016447150846943259,0.0032228440977632999,0.0035839222837239504
USTPU,2015-01-31,-0.0014063955750316381,-0.00026306914514862001,0.0013730302453041077,0.0030145775526762009,0.003538250457495451
USTPU,2015-02-28,-0.00089222739916294813,-0.00058407505275681615,0.001111350953578949,0.0031782486476004124,0.0036312383599579334
USTPU,2015-03-31,-0.0010984032414853573,-0.00038376805605366826,0.0015501099405810237,0.0031990408897399902,0.0036150510422885418
USTPU,2015-04-30,-0.00096996244974434376,-0.00044769997475668788,0.0011949334293603897,0.0033120543230324984,0.0038078695069998503
USTPU,2015-05-31,-0.0011123124277219176,-0.00050901819486171007,0.0013261211570352316,0.0029810902196913958,0.0033533482346683741
USTPU,2015-06-30,-0.00126733782235533,-0.0008386823465116322,0.0013069754932075739,0.0030731188599020243,0.0036044057924300432
USTPU,2015-07-31,-0.0011084415018558502,-0.00073107361095026135,0.0011947888415306807,0.0034934962168335915,0.0039661587215960026
USTPU,2015-08-31,-0.0013487263349816203,-0.00069062039256095886,0.0014443000545725226,0.0033561063464730978,0.0039977692067623138
USTPU,2015-09-30,-0.0012537232832983136,-0.00096035317983478308,0.0012867660261690617,0.0030008803587406874,0.0036425725556910038
USTPU,2015-10-31,-0.0016022376948967576,-0.0010257122339680791,0.0012883031740784645,0.0031348345801234245,0.0036495514214038849
USTPU,2015-11-30,-0.0017298597376793623,-0.0010898887412622571,0.00089403492165729403,0.003034170251339674,0.0035039433278143406
USTPU,2015-12-31,-0.0011389587307348847,-0.00087709416402503848,0.0013202819973230362,0.0036846974398940802,0.0040653795003890991
USTPU,2016-01-31,-0.0018081809394061565,-0.0011565196327865124,0.0011056913062930107,0.0033711844589561224,0.0036460359115153551
USTPU,2016-02-29,-0.0018854893278330564,-0.0012601963244378567,0.0010134979384019971,0.0029803586658090353,0.0041361278854310513
USTPU,2016-03-31,-0.0015717706410214305,-0.00081079284427687526,0.001305687241256237,0.0035748851951211691,0.0039385943673551083
USTPU,2016-04-30,-0.0018109058728441596,-0.0010728713823482394,0.0011803063098341227,0.0036833556368947029,0.0043497746810317039
USTPU,2016-05-31,-0.0011949475156143308,-0.00052376807434484363,0.0010949575807899237,0.0030949600040912628,0.0034633616451174021
USTPU,2016-06-30,-0.0019793666433542967,-0.0016273475484922528,0.00098450109362602234,0.0029170406050980091,0.0034704059362411499
USTPU,2016-07-31,-0.0019542302470654249,-0.0011471974430605769,0.0010581566020846367,0.0034101151395589113,0.0038353833369910717
USTPU,2016-08-31,-0.0017380088102072477,-0.0011288024252280593,0.0012176150921732187,0.0034448765218257904,0.0048084617592394352
USTPU,2016-09-30,-0.0017228033393621445,-0.0013079087948426604,0.0012137324083596468,0.0032537442166358232,0.0040052188560366631
USTRADE,2014-10-31,-0.00087020272621884942,-0.00036669202381744981,0.0014330585254356265,0.0034655630588531494,0.0040889880619943142
USTRADE,2014-11-30,-0.001221773331053555,-0.00046556221786886454,0.0011930475011467934,0.0030306829139590263,0.00386410066857934
USTRADE,2014-12-31,-0.0014701277250424027,-0.00094357127090916038,0.00089641392696648836,0.0030343409162014723,0.0036316562909632921
USTRADE,2015-01-31,-0.0013874969445168972,-0.00097981200087815523,0.0011206557974219322,0.0032469502184540033,0.0037966608069837093
USTRADE,2015-02-28,-0.0012623221846297383,-0.00076754332985728979,0.0014191654045134783,0.0034841392189264297,0.0040939510799944401
USTRADE,2015-03-31,-0.0015206832904368639,-0.00073477445403113961,0.0013185946736484766,0.0032546906732022762,0.0042736348696053028
USTRADE,2015-04-30,-0.0016165444394573569,-0.00049178063636645675,0.0014303694479167461,0.0035249730572104454,0.0042600934393703938
USTRADE,2015-05-31,-0.0013101717922836542,-0.00071764201857149601,0.0013491003774106503,0.003474564990028739,0.0037978312466293573
USTRADE,2015-06-30,-0.0018633307190611959,-0.00095080112805590034,0.001197356847114861,0.003573540598154068,0.0039587602950632572
USTRADE,2015-07-31,-0.0016937882173806429,-0.00092356774257495999,0.00094620464369654655,0.0033544986508786678,0.0043007005006074905
USTRADE,2015-08-31,-0.0018772670300677419,-0.0012390622869133949,0.0010711919749155641,0.0034811303485184908,0.0042614815756678581
USTRADE,2015-09-30,-0.0022347958292812109,-0.001328084385022521,0.0011718689929693937,0.00360529450699687,0.0043304194696247578
USTRADE,2015-10-31,-0.0015642091166228056,-0.00075769086834043264,0.0011560453567653894,0.0032863642554730177,0.0040904502384364605
USTRADE,2015-11-30,-0.0019012099364772439,-0.0016226209700107574,0.0013545636320486665,0.0035915453918278217,0.0038687346968799829
USTRADE,2015-12-31,-0.0017411567969247699,-0.0013458773028105497,0.0010135665070265532,0.0031656133942306042,0.0037639883812516928
USTRADE,2016-01-31,-0.0019038859754800797,-0.00094588706269860268,0.0010116435587406158,0.0033220404293388128,0.0038454991299659014
USTRADE,2016-02-29,-0.0017024568514898419,-0.0010787742212414742,0.0010932560544461012,0.0037256304640322924,0.0044356598518788815
USTRADE,2016-03-31,-0.0020612254738807678,-0.0012782282428815961,0.0015983872581273317,0.0036755509208887815,0.0042862165719270706
USTRADE,2016-04-30,-0.0018373458879068494,-0.0011774173472076654,0.0014146007597446442,0.0037130224518477917,0.0040316698141396046
USTRADE,2016-05-31,-0.002286041621118784,-0.00094391993479803205,0.0012468628119677305,0.0032383122015744448,0.0039774314500391483
USTRADE,2016-06-30,-0.0025336833205074072,-0.0017822865629568696,0.0012673669261857867,0.0036266730166971684,0.0044762194156646729
USTRADE,2016-07-31,-0.0019748292397707701,-0.0010869860416278243,0.00098791939672082663,0.0029570967890322208,0.0037409721408039331
USTRADE,2016-08-31,-0.0023706690408289433,-0.0015980643220245838,0.0002662514743860811,0.0029953066259622574,0.0040029808878898621
USTRADE,2016-09-30,-0.0018771793693304062,-0.001350714941509068,0.0010931728174909949,0.0033445970620959997,0.003972301259636879
USWTRADE,2014-10-31,-0.0014904718846082687,-0.00099390849936753511,0.00091215444263070822,0.002836206229403615,0.0033239223994314671
USWTRADE,2014-11-30,-0.0015405629528686404,-0.0011955046793445945,0.00056109833531081676,0.0024248789995908737,0.003111531026661396
USWTRADE,2014-12-31,-0.0022909240797162056,-0.0015012073563411832,0.00081768946256488562,0.0027061973232775927,0.0029942926485091448
USWTRADE,2015-01-31,-0.0016709056217223406,-0.001309262472204864,0.00064376310911029577,0.0025279801338911057,0.0033461523707956076
USWTRADE,2015-02-28,-0.0018212371505796909,-0.0010798563016578555,0.0011780384229496121,0.003187674330547452,0.0037797014228999615
USWTRADE,2015-03-31,-0.0018529093358665705,-0.0014485686551779509,0.00079061242286115885,0.0025776103138923645,0.0031724432483315468
USWTRADE,2015-04-30,-0.0016031928826123476,-0.0011755273444578052,0.00093208946054801345,0.0032127283047884703,0.0036280460190027952
USWTRADE,2015-05-31,-0.0019759989809244871,-0.0015360872494056821,0.00056549871806055307,0.0030360845848917961,0.003708279225975275
USWTRADE,2015-06-30,-0.0020796123426407576,-0.0013159435475245118,0.00064078299328684807,0.0027439594268798828,0.0033436301164329052
USWTRADE,2015-07-31,-0.0023763494100421667,-0.0018698552157729864,0.00043366113095544279,0.0028944711666554213,0.0035666355397552252
USWTRADE,2015-08-31,-0.0018884008750319481,-0.0014573882799595594,0.00082798069342970848,0.003213315038010478,0.0041462844237685204
USWTRADE,2015-09-30,-0.0019713076762855053,-0.001177573692984879,0.0010951876174658537,0.0036361508537083864,0.0041365618817508221
USWTRADE,2015-10-31,-0.0023697270080447197,-0.0016977495979517698,0.0007378685986623168,0.0036110533401370049,0.0039851614274084568
USWTRADE,2015-11-30,-0.0023265171330422163,-0.0013785188784822822,0.00085425563156604767,0.0031860773451626301,0.0041604302823543549
USWTRADE,2015-12-31,-0.0027721067890524864,-0.0016391335520893335,0.00064849702175706625,0.002981443190947175,0.0039296839386224747
USWTRADE,2016-01-31,-0.0025167185813188553,-0.0019461854826658964,0.0011561557184904814,0.0037504793144762516,0.004210552666336298
USWTRADE,2016-02-29,-0.0033748387359082699,-0.0018700591754168272,0.00091030576732009649,0.0033909231424331665,0.0042746355757117271
USWTRADE,2016-03-31,-0.0027075295802205801,-0.0024292482994496822,0.000732487125787884,0.0030671416316181421,0.0034886407665908337
USWTRADE,2016-04-30,-0.0025228667072951794,-0.0020017081405967474,0.00083681050455197692,0.0033367869909852743,0.0042272242717444897
USWTRADE,2016-05-31,-0.0028349645435810089,-0.0019775796681642532,0.00042278875480405986,0.003446830902248621,0.0044177016243338585
USWTRADE,2016-06-30,-0.0028962765354663134,-0.0023791207931935787,0.00056863133795559406,0.0029484438709914684,0.0039755543693900108
USWTRADE,2016-07-31,-0.0025763704907149076,-0.0016838046722114086,0.00073979631997644901,0.0033531906083226204,0.0043865176849067211
USWTRADE,2016-08-31,-0.0027578771114349365,-0.0018577640876173973,0.00053334323456510901,0.0029689569491893053,0.0034542079083621502
USWTRADE,2016-09-30,-0.0031587888952344656,-0.0024959782604128122,0.00078609108459204435,0.0034654927439987659,0.0043781697750091553
VIXCLSx,2014-10-31,11.897343635559082,12.249176979064941,13.562679290771484,15.513223648071289,16.245063781738281
VIXCLSx,2014-11-30,11.765597343444824,11.998476982116699,13.501522064208984,16.423179626464844,17.796932220458984
VIXCLSx,2014-12-31,11.134922027587891,11.72960090637207,13.921170234680176,18.103561401367188,20.513309478759766
VIXCLSx,2015-01-31,11.538698196411133,11.845647811889648,13.736653327941895,19.262714385986328,22.532009124755859
VIXCLSx,2015-02-28,10.403302192687988,11.080713272094727,13.647587776184082,18.355432510375977,21.110193252563477
VIXCLSx,2015-03-31,10.690062522888184,11.359563827514648,13.398197174072266,16.919315338134766,19.879875183105469
VIXCLSx,2015-04-30,10.263337135314941,10.969882011413574,13.829667091369629,19.060895919799805,20.266635894775391
VIXCLSx,2015-05-31,10.995335578918457,11.274452209472656,13.976974487304688,20.202049255371094,23.690135955810547
VIXCLSx,2015-06-30,10.203029632568359,11.08049488067627,14.093908309936523,21.241716384887695,22.936576843261719
VIXCLSx,2015-07-31,10.218974113464355,10.862340927124023,14.557458877563477,20.739105224609375,22.913385391235352
VIXCLSx,2015-08-31,10.866256713867188,11.680877685546875,14.472572326660156,21.255458831787109,23.363910675048828
VIXCLSx,2015-09-30,10.511932373046875,11.000131607055664,14.873082160949707,23.243795394897461,29.226890563964844
VIXCLSx,2015-10-31,10.59925365447998,11.289447784423828,14.427078247070312,22.57542610168457,26.37470817565918
VIXCLSx,2015-11-30,11.208028793334961,11.770464897155762,14.738888740539551,22.478628158569336,25.910116195678711
VIXCLSx,2015-12-31,11.305177688598633,11.765567779541016,14.767011642456055,21.565895080566406,23.61213493347168
VIXCLSx,2016-01-31,11.41344165802002,11.75221061706543,15.683609962463379,25.949331283569336,33.064281463623047
VIXCLSx,2016-02-29,11.002875328063965,11.585166931152344,14.782663345336914,23.526397705078125,27.016574859619141
VIXCLSx,2016-03-31,10.442001342773438,11.396732330322266,14.883928298950195,24.853286743164062,27.428112030029297
VIXCLSx,2016-04-30,10.480878829956055,11.576273918151855,15.086429595947266,26.221940994262695,31.28605842590332
VIXCLSx,2016-05-31,10.698101043701172,11.543815612792969,15.702598571777344,25.008405685424805,34.994308471679688
VIXCLSx,2016-06-30,10.748346328735352,11.307775497436523,16.148115158081055,28.496095657348633,33.295009613037109
VIXCLSx,2016-07-31,9.9990139007568359,11.210873603820801,14.929243087768555,26.173540115356445,30.476112365722656
VIXCLSx,2016-08-31,10.349233627319336,11.029382705688477,15.370698928833008,23.615945816040039,27.901519775390625
VIXCLSx,2016-09-30,11.522321701049805,12.184269905090332,16.712272644042969,25.882974624633789,27.919897079467773
W875RX1,2014-10-31,-0.0010115954792127013,0.00058290554443374276,0.0032038278877735138,0.0057848407886922359,0.0072780097834765911
W875RX1,2014-11-30,-0.00041194853838533163,0.00030555867124348879,0.0028981482610106468,0.0062174075283110142,0.0071775792166590691
W875RX1,2014-12-31,-0.0018002785509452224,-0.00035208062035962939,0.002876942977309227,0.0060839438810944557,0.0066467132419347763
W875RX1,2015-01-31,-0.0034418858122080564,-0.0015557979932054877,0.0022752378135919571,0.0053946152329444885,0.0066235992126166821
W875RX1,2015-02-28,-0.0017354949377477169,-0.00046364602167159319,0.0030035367235541344,0.0065738274715840816,0.0076235388405621052
W875RX1,2015-03-31,-0.0011890033492818475,0.00019265997980255634,0.0027675579767674208,0.0057975444942712784,0.0064585139043629169
W875RX1,2015-04-30,-0.0036996726412326097,-0.0019266741583123803,0.0025614365004003048,0.0065336981788277626,0.0072049829177558422
W875RX1,2015-05-31,-0.00092883070465177298,-3.1094328733161092e-05,0.003393933642655611,0.0066338600590825081,0.0077098091132938862
W875RX1,2015-06-30,-0.0024913286324590445,-0.0013634322676807642,0.0029174697119742632,0.0063171661458909512,0.0074215237982571125
W875RX1,2015-07-31,-0.0078958636149764061,-0.0062562590464949608,0.0029296875,0.006901557557284832,0.007534845732152462
W875RX1,2015-08-31,-0.0046999035403132439,-0.0011364350793883204,0.0031615612097084522,0.0079996529966592789,0.0094895632937550545
W875RX1,2015-09-30,-0.0021357908844947815,-0.0014326627133414149,0.0027428241446614265,0.0068620839156210423,0.0088230520486831665
W875RX1,2015-10-31,-0.0029945811256766319,-0.0019978545606136322,0.0027464565355330706,0.0065265647135674953,0.0072801406495273113
W875RX1,2015-11-30,-0.0013710358180105686,-0.00076989008812233806,0.0023438776843249798,0.005872407928109169,0.0067374277859926224
W875RX1,2015-12-31,-0.0041570337489247322,-0.001770617556758225,0.0028802482411265373,0.0067047537304461002,0.008343924768269062
W875RX1,2016-01-31,-0.007340429350733757,-0.0031961621716618538,0.0019401784520596266,0.0056837438605725765,0.0070122387260198593
W875RX1,2016-02-29,-0.0011211254168301821,-9.6364427008666098e-05,0.0026749137323349714,0.0059549873694777489,0.0075566465966403484
W875RX1,2016-03-31,-0.0021432025823742151,-0.0016498297918587923,0.0023264843039214611,0.0058272955939173698,0.0073194848373532295
W875RX1,2016-04-30,-0.0096158925443887711,-0.002493605948984623,0.0024696951732039452,0.005865147802978754,0.0068996520712971687
W875RX1,2016-05-31,-0.0028202913235872984,-0.0017068842425942421,0.0030956030823290348,0.0067300796508789062,0.0079925721511244774
W875RX1,2016-06-30,-0.0034850735682994127,-0.0016685883747413754,0.0024946792982518673,0.0071090543642640114,0.0084866872057318687
W875RX1,2016-07-31,-0.0034852363169193268,-0.0022703981958329678,0.003139774315059185,0.0085755409672856331,0.010085675865411758
W875RX1,2016-08-31,-0.0031810326036065817,-0.0011072148336097598,0.0024959170259535313,0.0068199532106518745,0.0089078415185213089
W875RX1,2016-09-30,-0.0087947016581892967,-0.0020016252528876066,0.0029094195924699306,0.0067740487866103649,0.008716171607375145
WPSFD49207,2014-10-31,-0.0063393069431185722,-0.0030782555695623159,0.0022666577715426683,0.008335089311003685,0.010176753625273705
WPSFD49207,2014-11-30,-0.0082605807110667229,-0.0071039465256035328,0.00018854357767850161,0.0065021095797419548,0.0069026551209390163
WPSFD49207,2014-12-31,-0.012089819647371769,-0.0094350650906562805,-0.0013989061117172241,0.0053309756331145763,0.0063627595081925392
WPSFD49207,2015-01-31,-0.012026086449623108,-0.0065986975096166134,0.00077442440669983625,0.0066721797920763493,0.0075563043355941772
WPSFD49207,2015-02-28,-0.0097417114302515984,-0.0063213915564119816,0.0011573380324989557,0.0070582483895123005,0.012415791861712933
WPSFD49207,2015-03-31,-0.011736664921045303,-0.0092836739495396614,-0.00023235715343616903,0.0076164817437529564,0.0092632696032524109
WPSFD49207,2015-04-30,-0.0091056637465953827,-0.0061775846406817436,-0.00026305310893803835,0.0067738979123532772,0.0086698699742555618
WPSFD49207,2015-05-31,-0.011028976179659367,-0.0085090361535549164,0.00012369389878585935,0.0065007000230252743,0.0084269614890217781
WPSFD49207,2015-06-30,-0.010102343745529652,-0.0078351516276597977,0.00041277776472270489,0.0075484374538064003,0.0096229948103427887
WPSFD49207,2015-07-31,-0.0083045391365885735,-0.0064337365329265594,1.3579514416051097e-05,0.0058528436347842216,0.0070888558402657509
WPSFD49207,2015-08-31,-0.0097161168232560158,-0.0068841180764138699,-0.00065632857149466872,0.0056959455832839012,0.0075848349370062351
WPSFD49207,2015-09-30,-0.010855782777070999,-0.0062508918344974518,0.00048331345897167921,0.0072072786279022694,0.0087224077433347702
WPSFD49207,2015-10-31,-0.011168817058205605,-0.0091526778414845467,2.3973412680788897e-05,0.0072540505789220333,0.0079133212566375732
WPSFD49207,2015-11-30,-0.010333947837352753,-0.0072189508937299252,0.00042892448254860938,0.00707259401679039,0.010481520555913448
WPSFD49207,2015-12-31,-0.0078900428488850594,-0.0061517693102359772,0.00063656852580606937,0.0079862354323267937,0.0092751346528530121
WPSFD49207,2016-01-31,-0.010717760771512985,-0.0083755943924188614,-0.0015197891043499112,0.0045394999906420708,0.0051300530321896076
WPSFD49207,2016-02-29,-0.0084508908912539482,-0.0055790478363633156,0.00062497094040736556,0.0086104562506079674,0.010475806891918182
WPSFD49207,2016-03-31,-0.010453624650835991,-0.0079102050513029099,0.00020710115495603532,0.0066303559578955173,0.0073947971686720848
WPSFD49207,2016-04-30,-0.013692585751414299,-0.0082969563081860542,-0.00012164321378804743,0.0068290820345282555,0.0092436689883470535
WPSFD49207,2016-05-31,-0.0072652990929782391,-0.0054430738091468811,0.0017603505402803421,0.0072390101850032806,0.0087469089776277542
WPSFD49207,2016-06-30,-0.012370740994811058,-0.010857820510864258,-0.0020451797172427177,0.0041245059110224247,0.0068483403883874416
WPSFD49207,2016-07-31,-0.0085352985188364983,-0.0054143019951879978,0.00013520734501071274,0.0072088507004082203,0.0086033213883638382
WPSFD49207,2016-08-31,-0.012148239649832249,-0.0092310989275574684,-0.00058357685338705778,0.0069898231886327267,0.0091594606637954712
WPSFD49207,2016-09-30,-0.014251735992729664,-0.0079405186697840691,0.0010956379119306803,0.0067601781338453293,0.0086540002375841141
WPSFD49502,2014-10-31,-0.0084820669144392014,-0.005062454380095005,0.0020623714663088322,0.0094368439167737961,0.010310609824955463
WPSFD49502,2014-11-30,-0.010459745302796364,-0.0078813144937157631,-0.00066362437792122364,0.0078867506235837936,0.010426774621009827
WPSFD49502,2014-12-31,-0.014053059741854668,-0.011992511339485645,-0.00086886220378801227,0.0085703972727060318,0.010331683792173862
WPSFD49502,2015-01-31,-0.01018190011382103,-0.0073057729750871658,0.0017237383872270584,0.0090551162138581276,0.014183744788169861
WPSFD49502,2015-02-28,-0.010418685153126717,-0.0083532501012086868,0.0010521875228732824,0.0094114029780030251,0.011511730961501598
WPSFD49502,2015-03-31,-0.017666572704911232,-0.014164559543132782,-0.0014415773330256343,0.0055649131536483765,0.0093241995200514793
WPSFD49502,2015-04-30,-0.009824216365814209,-0.0068495078012347221,-5.3792577091371641e-05,0.010075206868350506,0.012226182036101818
WPSFD49502,2015-05-31,-0.013048575259745121,-0.010257926769554615,0.00023673949181102216,0.0092782601714134216,0.012412410229444504
WPSFD49502,2015-06-30,-0.013232052326202393,-0.0095487134531140327,-0.00030065781902521849,0.0070173577405512333,0.010061874054372311
WPSFD49502,2015-07-31,-0.012824797071516514,-0.010177514515817165,0.00010164284321945161,0.01117211114615202,0.013930195011198521
WPSFD49502,2015-08-31,-0.013170354999601841,-0.0093227149918675423,9.0347195509821177e-05,0.0076591586694121361,0.011397333815693855
WPSFD49502,2015-09-30,-0.0092360991984605789,-0.0070348251610994339,0.0016507133841514587,0.010135220363736153,0.014458851888775826
WPSFD49502,2015-10-31,-0.013550509698688984,-0.0093653704971075058,0.0011330862762406468,0.010740926489233971,0.014189568348228931
WPSFD49502,2015-11-30,-0.014523692429065704,-0.01187022402882576,-0.0007782989414408803,0.0085175242274999619,0.011735175736248493
WPSFD49502,2015-12-31,-0.013843283988535404,-0.0090870326384902,0.001067308709025383,0.0097753191366791725,0.012068819254636765
WPSFD49502,2016-01-31,-0.015965288504958153,-0.011617749929428101,-0.0017943333368748426,0.0063029215671122074,0.0098913256078958511
WPSFD49502,2016-02-29,-0.013692707754671574,-0.009024384431540966,0.0012799161486327648,0.0092933112755417824,0.012740964069962502
WPSFD49502,2016-03-31,-0.014679283834993839,-0.01268355268985033,-0.00042863865382969379,0.0072010941803455353,0.013508794829249382
WPSFD49502,2016-04-30,-0.013745217584073544,-0.0095797637477517128,3.3949057979043573e-05,0.0095005976036190987,0.011558919213712215
WPSFD49502,2016-05-31,-0.01186075247824192,-0.0095367580652236938,0.00060350366402417421,0.010935695841908455,0.016466332599520683
WPSFD49502,2016-06-30,-0.014800954610109329,-0.01191261038184166,-0.0021918935235589743,0.0057047544978559017,0.0076931361109018326
WPSFD49502,2016-07-31,-0.010009095072746277,-0.0074316239915788174,0.00064736255444586277,0.010165627114474773,0.012935832142829895
WPSFD49502,2016-08-31,-0.013578453101217747,-0.0089597143232822418,0.00013068673433735967,0.008132479153573513,0.011474958620965481
WPSFD49502,2016-09-30,-0.013071676716208458,-0.0096047632396221161,-0.0013326703337952495,0.0060632778331637383,0.0090669300407171249
WPSID61,2014-10-31,-0.0059684440493583679,-0.0038369195535778999,0.0012276116758584976,0.009432794526219368,0.011089969426393509
WPSID61,2014-11-30,-0.012334052473306656,-0.0095046339556574821,0.00021951420058030635,0.007413138635456562,0.010245172306895256
WPSID61,2014-12-31,-0.011186030693352222,-0.007749785203486681,0.00049937510630115867,0.0078275483101606369,0.010636881925165653
WPSID61,2015-01-31,-0.015972927212715149,-0.011421842500567436,-0.00044314743718132377,0.0071964850649237633,0.0087873293086886406
WPSID61,2015-02-28,-0.015679804608225822,-0.011657095514237881,-0.00021741286036558449,0.0083621470257639885,0.011650832369923592
WPSID61,2015-03-31,-0.011621378362178802,-0.0071537327021360397,0.00011121348507003859,0.0060010547749698162,0.0090114492923021317
WPSID61,2015-04-30,-0.013762785121798515,-0.0064841816201806068,0.00044802905176766217,0.0064796451479196548,0.0092672714963555336
WPSID61,2015-05-31,-0.013582505285739899,-0.0082506164908409119,0.00047742069000378251,0.0070406841114163399,0.010833438485860825
WPSID61,2015-06-30,-0.011679626069962978,-0.0088363680988550186,-6.7023123847320676e-05,0.0067978375591337681,0.010461870580911636
WPSID61,2015-07-31,-0.010808748193085194,-0.0073495251126587391,9.4527233159169555e-05,0.0058818748220801353,0.0099013345316052437
WPSID61,2015-08-31,-0.011100090108811855,-0.0061352238990366459,5.47902709513437e-05,0.0059218197129666805,0.010169419459998608
WPSID61,2015-09-30,-0.0086315665394067764,-0.0046363621950149536,0.00041656685061752796,0.0062137218192219734,0.0082405786961317062
WPSID61,2015-10-31,-0.011707587167620659,-0.0073666577227413654,-0.000604966189712286,0.0056810644455254078,0.011307356879115105
WPSID61,2015-11-30,-0.018363308161497116,-0.013412668369710445,-0.00038919138023629785,0.0050819632597267628,0.010693714022636414
WPSID61,2015-12-31,-0.0081991106271743774,-0.0042901849374175072,0.00059784948825836182,0.0072437901981174946,0.0095851663500070572
WPSID61,2016-01-31,-0.012616708874702454,-0.0055684801191091537,0.0001805528299883008,0.0048154843971133232,0.0094017023220658302
WPSID61,2016-02-29,-0.011879114434123039,-0.0074941394850611687,-0.00012993169366382062,0.0056137759238481522,0.0099859209731221199
WPSID61,2016-03-31,-0.0093270661309361458,-0.0060430895537137985,0.00018681024084798992,0.0067995348945260048,0.012117385864257812
WPSID61,2016-04-30,-0.012069757096469402,-0.0091042015701532364,0.00023750582477077842,0.0086619267240166664,0.014353809878230095
WPSID61,2016-05-31,-0.01292269304394722,-0.0084622986614704132,-0.00049611920258030295,0.0041949376463890076,0.0064673642627894878
WPSID61,2016-06-30,-0.01413312554359436,-0.0083691850304603577,-0.00048919633263722062,0.0041699125431478024,0.0080838138237595558
WPSID61,2016-07-31,-0.014427606947720051,-0.0089235641062259674,-0.00044096479541622102,0.0081281084567308426,0.011925820261240005
WPSID61,2016-08-31,-0.013536470010876656,-0.0098657207563519478,0.00031319257686845958,0.0063031716272234917,0.010245991870760918
WPSID61,2016-09-30,-0.012387994676828384,-0.005357034970074892,-0.00015982348122633994,0.0049797534011304379,0.0076207020319998264
WPSID62,2014-10-31,-0.055646605789661407,-0.045085906982421875,-0.016704518347978592,0.0057555367238819599,0.014832500368356705
WPSID62,2014-11-30,-0.0400107242166996,-0.03068164736032486,0.0011021762620657682,0.034727975726127625,0.044143803417682648
WPSID62,2014-12-31,-0.037074662744998932,-0.026207469403743744,-0.0040598046034574509,0.024071590974926949,0.03619612380862236
WPSID62,2015-01-31,-0.033754706382751465,-0.022947698831558228,0.0042309504933655262,0.028743451461195946,0.033897820860147476
WPSID62,2015-02-28,-0.033960152417421341,-0.029499277472496033,0.006606509443372488,0.034244410693645477,0.04134085401892662
WPSID62,2015-03-31,-0.040803287178277969,-0.034239277243614197,-0.0052783959545195103,0.020811973139643669,0.026857413351535797
WPSID62,2015-04-30,-0.031273268163204193,-0.02022688090801239,0.0083982273936271667,0.032032303512096405,0.040276754647493362
WPSID62,2015-05-31,-0.055677786469459534,-0.037146594375371933,-0.0056261364370584488,0.022918909788131714,0.029278218746185303
WPSID62,2015-06-30,-0.047287199646234512,-0.026031441986560822,0.0016907784156501293,0.027623707428574562,0.046564172953367233
WPSID62,2015-07-31,-0.027694310992956161,-0.023368911817669868,0.0071483775973320007,0.036164261400699615,0.047766268253326416
WPSID62,2015-08-31,-0.039965365082025528,-0.027483358979225159,-0.0049221585504710674,0.017122706398367882,0.032439421862363815
WPSID62,2015-09-30,-0.037668179720640182,-0.023284487426280975,0.0079116690903902054,0.030776340514421463,0.042235363274812698
WPSID62,2015-10-31,-0.036934275180101395,-0.028616603463888168,-0.0032972600311040878,0.025161629542708397,0.039783354848623276
WPSID62,2015-11-30,-0.03151315450668335,-0.02456180565059185,0.00059218559181317687,0.030066225677728653,0.034897215664386749
WPSID62,2015-12-31,-0.02573774941265583,-0.019447188824415207,0.0032560974359512329,0.02371809259057045,0.040642902255058289
WPSID62,2016-01-31,-0.0468599833548069,-0.029640378430485725,-0.0054152649827301502,0.027119478210806847,0.036408282816410065
WPSID62,2016-02-29,-0.03085864894092083,-0.021603735163807869,-0.00052220263751223683,0.028045788407325745,0.035484135150909424
WPSID62,2016-03-31,-0.041790451854467392,-0.031783327460289001,-0.0027167531661689281,0.021770594641566277,0.031097887083888054
WPSID62,2016-04-30,-0.035882048308849335,-0.029977826401591301,0.00017765013035386801,0.025604924187064171,0.034237589687108994
WPSID62,2016-05-31,-0.025512656196951866,-0.020728660747408867,0.0032749397214502096,0.02776632271707058,0.036210875958204269
WPSID62,2016-06-30,-0.047952745109796524,-0.032409768551588058,-0.0065819895826280117,0.018232373520731926,0.02863144688308239
WPSID62,2016-07-31,-0.030519835650920868,-0.022429412230849266,0.004128885455429554,0.027289681136608124,0.034846138209104538
WPSID62,2016-08-31,-0.044429570436477661,-0.031534846872091293,-0.0043279021047055721,0.020801734179258347,0.032204154878854752
WPSID62,2016-09-30,-0.036726683378219604,-0.021404970437288284,-0.00091009365860372782,0.0332154780626297,0.043476816266775131
